yard_record_id,coil_id,slab_id,storage_area,bay,position,received_at_utc,shipped_at_utc
Y-700001,C-0040001,SLAB-500001,AREA-01,B6,2,2026-05-03T11:06:00Z,2026-05-21T10:06:00Z
Y-700002,C-0040002,SLAB-500002,AREA-02,B7,3,2026-05-02T16:01:00Z,2026-05-09T15:01:00Z
Y-700003,C-0040003,SLAB-500003,AREA-03,B8,4,2026-05-03T01:04:00Z,2026-05-10T00:04:00Z
Y-700004,C-0040004,SLAB-500004,AREA-04,B9,5,2026-05-02T21:01:00Z,2026-05-10T20:01:00Z
Y-700005,C-0040005,SLAB-500005,AREA-05,B1,6,2026-05-04T02:00:00Z,2026-05-17T01:00:00Z
Y-700006,C-0040006,SLAB-500006,AREA-06,B2,7,2026-05-03T17:02:00Z,2026-05-17T16:02:00Z
Y-700007,C-0040007,SLAB-500007,AREA-07,B3,8,2026-05-03T06:05:00Z,2026-05-20T05:05:00Z
Y-700008,C-0040008,SLAB-500008,AREA-08,B4,9,2026-05-03T16:30:00Z,2026-05-14T15:30:00Z
Y-700009,C-0040009,SLAB-500009,AREA-09,B5,10,2026-05-02T20:27:00Z,2026-05-06T19:27:00Z
Y-700010,C-0040010,SLAB-500010,AREA-10,B6,11,2026-05-03T06:28:00Z,2026-05-07T05:28:00Z
Y-700011,C-0040011,SLAB-500011,AREA-11,B7,12,2026-05-02T00:28:00Z,2026-05-19T23:28:00Z
Y-700012,C-0040012,SLAB-500012,AREA-12,B8,13,2026-05-01T23:35:00Z,2026-05-08T22:35:00Z
Y-700013,C-0040013,SLAB-500013,AREA-13,B9,14,2026-05-03T12:26:00Z,2026-05-20T11:26:00Z
Y-700014,C-0040014,SLAB-500014,AREA-01,B1,15,2026-05-03T10:37:00Z,2026-05-15T09:37:00Z
Y-700015,C-0040015,SLAB-500015,AREA-02,B2,16,2026-05-02T22:31:00Z,2026-05-08T21:31:00Z
Y-700016,C-0040016,SLAB-500016,AREA-03,B3,17,2026-05-02T17:34:00Z,2026-05-19T16:34:00Z
Y-700017,C-0040017,SLAB-500017,AREA-04,B4,18,2026-05-03T23:33:00Z,2026-05-06T22:33:00Z
Y-700018,C-0040018,SLAB-500018,AREA-05,B5,19,2026-05-01T19:28:00Z,2026-05-10T18:28:00Z
Y-700019,C-0040019,SLAB-500019,AREA-06,B6,20,2026-05-01T22:26:00Z,2026-05-04T21:26:00Z
Y-700020,C-0040020,SLAB-500020,AREA-07,B7,21,2026-05-02T22:32:00Z,2026-05-07T21:32:00Z
Y-700021,C-0040021,SLAB-500021,AREA-08,B8,22,2026-05-04T10:31:00Z,2026-05-24T09:31:00Z
Y-700022,C-0040022,SLAB-500022,AREA-09,B9,23,2026-05-02T20:27:00Z,2026-05-14T19:27:00Z
Y-700023,C-0040023,SLAB-500023,AREA-10,B1,24,2026-05-03T17:27:00Z,2026-05-09T16:27:00Z
Y-700024,C-0040024,SLAB-500024,AREA-11,B2,25,2026-05-02T18:32:00Z,2026-05-21T17:32:00Z
Y-700025,C-0040025,SLAB-500025,AREA-12,B3,26,2026-05-02T13:58:00Z,2026-05-04T12:58:00Z
Y-700026,C-0040026,SLAB-500026,AREA-13,B4,27,2026-05-03T14:56:00Z,2026-05-10T13:56:00Z
Y-700027,C-0040027,SLAB-500027,AREA-01,B5,28,2026-05-03T00:02:00Z,2026-05-10T23:02:00Z
Y-700028,C-0040028,SLAB-500028,AREA-02,B6,29,2026-05-03T19:57:00Z,2026-05-08T18:57:00Z
Y-700029,C-0040029,SLAB-500029,AREA-03,B7,30,2026-05-03T16:03:00Z,2026-05-13T15:03:00Z
Y-700030,C-0040030,SLAB-500030,AREA-04,B8,31,2026-05-03T02:02:00Z,2026-05-17T01:02:00Z
Y-700031,C-0040031,SLAB-500031,AREA-05,B9,32,2026-05-02T22:57:00Z,2026-05-07T21:57:00Z
Y-700032,C-0040032,SLAB-500032,AREA-06,B1,33,2026-05-02T22:08:00Z,2026-05-04T21:08:00Z
Y-700033,C-0040033,SLAB-500033,AREA-07,B2,34,2026-05-03T05:22:00Z,2026-05-18T04:22:00Z
Y-700034,C-0040034,SLAB-500034,AREA-08,B3,35,2026-05-03T07:20:00Z,2026-05-18T06:20:00Z
Y-700035,C-0040035,SLAB-500035,AREA-09,B4,36,2026-05-02T20:22:00Z,2026-05-10T19:22:00Z
Y-700036,C-0040036,SLAB-500036,AREA-10,B5,37,2026-05-02T08:19:00Z,2026-05-15T07:19:00Z
Y-700037,C-0040037,SLAB-500037,AREA-11,B6,38,2026-05-02T20:27:00Z,2026-05-10T19:27:00Z
Y-700038,C-0040038,SLAB-500038,AREA-12,B7,39,2026-05-02T21:20:00Z,2026-05-20T20:20:00Z
Y-700039,C-0040039,SLAB-500039,AREA-13,B8,40,2026-05-03T16:22:00Z,2026-05-20T15:22:00Z
Y-700040,C-0040040,SLAB-500040,AREA-01,B9,1,2026-05-01T16:23:00Z,2026-05-10T15:23:00Z
Y-700041,C-0040041,SLAB-500041,AREA-02,B1,2,2026-05-03T10:21:00Z,2026-05-13T09:21:00Z
Y-700042,C-0040042,SLAB-500042,AREA-03,B2,3,2026-05-02T03:26:00Z,2026-05-10T02:26:00Z
Y-700043,C-0040043,SLAB-500043,AREA-04,B3,4,2026-05-03T06:25:00Z,2026-05-22T05:25:00Z
Y-700044,C-0040044,SLAB-500044,AREA-05,B4,5,2026-05-02T12:26:00Z,2026-05-17T11:26:00Z
Y-700045,C-0040045,SLAB-500045,AREA-06,B5,6,2026-05-03T21:25:00Z,2026-05-08T20:25:00Z
Y-700046,C-0040046,SLAB-500046,AREA-07,B6,7,2026-05-02T19:22:00Z,2026-05-17T18:22:00Z
Y-700047,C-0040047,SLAB-500047,AREA-08,B7,8,2026-05-02T10:27:00Z,2026-05-08T09:27:00Z
Y-700048,C-0040048,SLAB-500048,AREA-09,B8,9,2026-05-02T12:22:00Z,2026-05-22T11:22:00Z
Y-700049,C-0040049,SLAB-500049,AREA-10,B9,10,2026-05-02T19:28:00Z,2026-05-15T18:28:00Z
Y-700050,C-0040050,SLAB-500050,AREA-11,B1,11,2026-05-03T15:19:00Z,2026-05-23T14:19:00Z
Y-700051,C-0040051,SLAB-500051,AREA-12,B2,12,2026-05-03T08:53:00Z,2026-05-16T07:53:00Z
Y-700052,C-0040052,SLAB-500052,AREA-13,B3,13,2026-05-02T15:55:00Z,2026-05-15T14:55:00Z
Y-700053,C-0040053,SLAB-500053,AREA-01,B4,14,2026-05-03T17:56:00Z,2026-05-19T16:56:00Z
Y-700054,C-0040054,SLAB-500054,AREA-02,B5,15,2026-05-01T22:54:00Z,2026-05-05T21:54:00Z
Y-700055,C-0040055,SLAB-500055,AREA-03,B6,16,2026-05-02T06:54:00Z,2026-05-09T05:54:00Z
Y-700056,C-0040056,SLAB-500056,AREA-04,B7,17,2026-05-04T02:52:00Z,2026-05-24T01:52:00Z
Y-700057,C-0040057,SLAB-500057,AREA-05,B8,18,2026-05-01T17:57:00Z,2026-05-18T16:57:00Z
Y-700058,C-0040058,SLAB-500058,AREA-06,B9,19,2026-05-04T01:00:00Z,2026-05-16T00:00:00Z
Y-700059,C-0040059,SLAB-500059,AREA-07,B1,20,2026-05-03T13:53:00Z,2026-05-06T12:53:00Z
Y-700060,C-0040060,SLAB-500060,AREA-08,B2,21,2026-05-02T03:57:00Z,2026-05-18T02:57:00Z
Y-700061,C-0040061,SLAB-500061,AREA-09,B3,22,2026-05-03T10:41:00Z,2026-05-09T09:41:00Z
Y-700062,C-0040062,SLAB-500062,AREA-10,B4,23,2026-05-03T02:41:00Z,2026-05-10T01:41:00Z
Y-700063,C-0040063,SLAB-500063,AREA-11,B5,24,2026-05-03T10:39:00Z,2026-05-14T09:39:00Z
Y-700064,C-0040064,SLAB-500064,AREA-12,B6,25,2026-05-03T02:42:00Z,2026-05-16T01:42:00Z
Y-700065,C-0040065,SLAB-500065,AREA-13,B7,26,2026-05-02T08:40:00Z,2026-05-22T07:40:00Z
Y-700066,C-0040066,SLAB-500066,AREA-01,B8,27,2026-05-03T07:38:00Z,2026-05-05T06:38:00Z
Y-700067,C-0040067,SLAB-500067,AREA-02,B9,28,2026-05-03T22:40:00Z,2026-05-17T21:40:00Z
Y-700068,C-0040068,SLAB-500068,AREA-03,B1,29,2026-05-01T18:38:00Z,2026-05-12T17:38:00Z
Y-700069,C-0040069,SLAB-500069,AREA-04,B2,30,2026-05-02T12:44:00Z,2026-05-05T11:44:00Z
Y-700070,C-0040070,SLAB-500070,AREA-05,B3,31,2026-05-02T22:44:00Z,2026-05-09T21:44:00Z
Y-700071,C-0040071,SLAB-500071,AREA-06,B4,32,2026-05-04T03:39:00Z,2026-05-24T02:39:00Z
Y-700072,C-0040072,SLAB-500072,AREA-07,B5,33,2026-05-04T00:16:00Z,2026-05-22T23:16:00Z
Y-700073,C-0040073,SLAB-500073,AREA-08,B6,34,2026-05-03T01:19:00Z,2026-05-09T00:19:00Z
Y-700074,C-0040074,SLAB-500074,AREA-09,B7,35,2026-05-03T08:17:00Z,2026-05-07T07:17:00Z
Y-700075,C-0040075,SLAB-500075,AREA-10,B8,36,2026-05-03T22:15:00Z,2026-05-16T21:15:00Z
Y-700076,C-0040076,SLAB-500076,AREA-11,B9,37,2026-05-04T04:22:00Z,2026-05-08T03:22:00Z
Y-700077,C-0040077,SLAB-500077,AREA-12,B1,38,2026-05-02T19:18:00Z,2026-05-05T18:18:00Z
Y-700078,C-0040078,SLAB-500078,AREA-13,B2,39,2026-05-02T19:19:00Z,2026-05-18T18:19:00Z
Y-700079,C-0040079,SLAB-500079,AREA-01,B3,40,2026-05-03T10:17:00Z,2026-05-11T09:17:00Z
Y-700080,C-0040080,SLAB-500080,AREA-02,B4,1,2026-05-02T20:19:00Z,2026-05-13T19:19:00Z
Y-700081,C-0040081,SLAB-500081,AREA-03,B5,2,2026-05-02T02:10:00Z,2026-05-16T01:10:00Z
Y-700082,C-0040082,SLAB-500082,AREA-04,B6,3,2026-05-03T10:19:00Z,2026-05-09T09:19:00Z
Y-700083,C-0040083,SLAB-500083,AREA-05,B7,4,2026-05-02T15:15:00Z,2026-05-04T14:15:00Z
Y-700084,C-0040084,SLAB-500084,AREA-06,B8,5,2026-05-02T08:17:00Z,2026-05-08T07:17:00Z
Y-700085,C-0040085,SLAB-500085,AREA-07,B9,6,2026-05-04T01:20:00Z,2026-05-09T00:20:00Z
Y-700086,C-0040086,SLAB-500086,AREA-08,B1,7,2026-05-03T20:06:00Z,2026-05-17T19:06:00Z
Y-700087,C-0040087,SLAB-500087,AREA-09,B2,8,2026-05-03T09:11:00Z,2026-05-15T08:11:00Z
Y-700088,C-0040088,SLAB-500088,AREA-10,B3,9,2026-05-04T13:13:00Z,2026-05-09T12:13:00Z
Y-700089,C-0040089,SLAB-500089,AREA-11,B4,10,2026-05-04T00:12:00Z,2026-05-17T23:12:00Z
Y-700090,C-0040090,SLAB-500090,AREA-12,B5,11,2026-05-03T01:53:00Z,2026-05-11T00:53:00Z
Y-700091,C-0040091,SLAB-500091,AREA-13,B6,12,2026-05-03T17:52:00Z,2026-05-18T16:52:00Z
Y-700092,C-0040092,SLAB-500092,AREA-01,B7,13,2026-05-03T02:58:00Z,2026-05-18T01:58:00Z
Y-700093,C-0040093,SLAB-500093,AREA-02,B8,14,2026-05-02T20:46:00Z,2026-05-10T19:46:00Z
Y-700094,C-0040094,SLAB-500094,AREA-03,B9,15,2026-05-03T07:50:00Z,2026-05-12T06:50:00Z
Y-700095,C-0040095,SLAB-500095,AREA-04,B1,16,2026-05-01T22:51:00Z,2026-05-05T21:51:00Z
Y-700096,C-0040096,SLAB-500096,AREA-05,B2,17,2026-05-03T16:46:00Z,2026-05-23T15:46:00Z
Y-700097,C-0040097,SLAB-500097,AREA-06,B3,18,2026-05-04T02:52:00Z,2026-05-15T01:52:00Z
Y-700098,C-0040098,SLAB-500098,AREA-07,B4,19,2026-05-03T06:46:00Z,2026-05-20T05:46:00Z
Y-700099,C-0040099,SLAB-500099,AREA-08,B5,20,2026-05-02T04:48:00Z,2026-05-17T03:48:00Z
Y-700100,C-0040100,SLAB-500100,AREA-09,B6,21,2026-05-04T12:49:00Z,2026-05-11T11:49:00Z
Y-700101,C-0040101,SLAB-500101,AREA-10,B7,22,2026-05-02T07:36:00Z,2026-05-12T06:36:00Z
Y-700102,C-0040102,SLAB-500102,AREA-11,B8,23,2026-05-03T13:37:00Z,2026-05-11T12:37:00Z
Y-700103,C-0040103,SLAB-500103,AREA-12,B9,24,2026-05-03T09:40:00Z,2026-05-19T08:40:00Z
Y-700104,C-0040104,SLAB-500104,AREA-13,B1,25,2026-05-04T11:41:00Z,2026-05-13T10:41:00Z
Y-700105,C-0040105,SLAB-500105,AREA-01,B2,26,2026-05-03T16:36:00Z,2026-05-07T15:36:00Z
Y-700106,C-0040106,SLAB-500106,AREA-02,B3,27,2026-05-04T05:33:00Z,2026-05-12T04:33:00Z
Y-700107,C-0040107,SLAB-500107,AREA-03,B4,28,2026-05-04T00:40:00Z,2026-05-19T23:40:00Z
Y-700108,C-0040108,SLAB-500108,AREA-04,B5,29,2026-05-03T05:39:00Z,2026-05-17T04:39:00Z
Y-700109,C-0040109,SLAB-500109,AREA-05,B6,30,2026-05-02T07:40:00Z,2026-05-05T06:40:00Z
Y-700110,C-0040110,SLAB-500110,AREA-06,B7,31,2026-05-03T05:38:00Z,2026-05-16T04:38:00Z
Y-700111,C-0040111,SLAB-500111,AREA-07,B8,32,2026-05-02T23:08:00Z,2026-05-17T22:08:00Z
Y-700112,C-0040112,SLAB-500112,AREA-08,B9,33,2026-05-03T00:12:00Z,2026-05-18T23:12:00Z
Y-700113,C-0040113,SLAB-500113,AREA-09,B1,34,2026-05-03T13:03:00Z,2026-05-13T12:03:00Z
Y-700114,C-0040114,SLAB-500114,AREA-10,B2,35,2026-05-03T12:06:00Z,2026-05-07T11:06:00Z
Y-700115,C-0040115,SLAB-500115,AREA-11,B3,36,2026-05-03T20:59:00Z,2026-05-14T19:59:00Z
Y-700116,C-0040116,SLAB-500116,AREA-12,B4,37,2026-05-03T07:05:00Z,2026-05-17T06:05:00Z
Y-700117,C-0040117,SLAB-500117,AREA-13,B5,38,2026-05-04T16:04:00Z,2026-05-06T15:04:00Z
Y-700118,C-0040118,SLAB-500118,AREA-01,B6,39,2026-05-01T23:59:00Z,2026-05-10T22:59:00Z
Y-700119,C-0040119,SLAB-500119,AREA-02,B7,40,2026-05-03T16:50:00Z,2026-05-17T15:50:00Z
Y-700120,C-0040120,SLAB-500120,AREA-03,B8,1,2026-05-03T02:47:00Z,2026-05-23T01:47:00Z
Y-700121,C-0040121,SLAB-500121,AREA-04,B9,2,2026-05-02T11:44:00Z,2026-05-06T10:44:00Z
Y-700122,C-0040122,SLAB-500122,AREA-05,B1,3,2026-05-03T06:44:00Z,2026-05-06T05:44:00Z
Y-700123,C-0040123,SLAB-500123,AREA-06,B2,4,2026-05-03T05:47:00Z,2026-05-15T04:47:00Z
Y-700124,C-0040124,SLAB-500124,AREA-07,B3,5,2026-05-03T06:42:00Z,2026-05-09T05:42:00Z
Y-700125,C-0040125,SLAB-500125,AREA-08,B4,6,2026-05-03T06:48:00Z,2026-05-08T05:48:00Z
Y-700126,C-0040126,SLAB-500126,AREA-09,B5,7,2026-05-03T16:43:00Z,2026-05-20T15:43:00Z
Y-700127,C-0040127,SLAB-500127,AREA-10,B6,8,2026-05-03T08:42:00Z,2026-05-06T07:42:00Z
Y-700128,C-0040128,SLAB-500128,AREA-11,B7,9,2026-05-02T14:44:00Z,2026-05-19T13:44:00Z
Y-700129,C-0040129,SLAB-500129,AREA-12,B8,10,2026-05-04T00:13:00Z,2026-05-12T23:13:00Z
Y-700130,C-0040130,SLAB-500130,AREA-13,B9,11,2026-05-03T06:17:00Z,2026-05-17T05:17:00Z
Y-700131,C-0040131,SLAB-500131,AREA-01,B1,12,2026-05-04T10:15:00Z,2026-05-23T09:15:00Z
Y-700132,C-0040132,SLAB-500132,AREA-02,B2,13,2026-05-04T07:11:00Z,2026-05-14T06:11:00Z
Y-700133,C-0040133,SLAB-500133,AREA-03,B3,14,2026-05-02T15:18:00Z,2026-05-04T14:18:00Z
Y-700134,C-0040134,SLAB-500134,AREA-04,B4,15,2026-05-03T20:11:00Z,2026-05-18T19:11:00Z
Y-700135,C-0040135,SLAB-500135,AREA-05,B5,16,2026-05-04T03:10:00Z,2026-05-22T02:10:00Z
Y-700136,C-0040136,SLAB-500136,AREA-06,B6,17,2026-05-03T05:14:00Z,2026-05-15T04:14:00Z
Y-700137,C-0040137,SLAB-500137,AREA-07,B7,18,2026-05-02T17:16:00Z,2026-05-18T16:16:00Z
Y-700138,C-0040138,SLAB-500138,AREA-08,B8,19,2026-05-03T05:15:00Z,2026-05-18T04:15:00Z
Y-700139,C-0040139,SLAB-500139,AREA-09,B9,20,2026-05-03T05:08:00Z,2026-05-16T04:08:00Z
Y-700140,C-0040140,SLAB-500140,AREA-10,B1,21,2026-05-03T10:07:00Z,2026-05-07T09:07:00Z
Y-700141,C-0040141,SLAB-500141,AREA-11,B2,22,2026-05-02T13:11:00Z,2026-05-13T12:11:00Z
Y-700142,C-0040142,SLAB-500142,AREA-12,B3,23,2026-05-03T03:10:00Z,2026-05-17T02:10:00Z
Y-700143,C-0040143,SLAB-500143,AREA-13,B4,24,2026-05-04T14:13:00Z,2026-05-07T13:13:00Z
Y-700144,C-0040144,SLAB-500144,AREA-01,B5,25,2026-05-02T21:06:00Z,2026-05-11T20:06:00Z
Y-700145,C-0040145,SLAB-500145,AREA-02,B6,26,2026-05-02T14:12:00Z,2026-05-14T13:12:00Z
Y-700146,C-0040146,SLAB-500146,AREA-03,B7,27,2026-05-03T05:49:00Z,2026-05-11T04:49:00Z
Y-700147,C-0040147,SLAB-500147,AREA-04,B8,28,2026-05-03T09:44:00Z,2026-05-11T08:44:00Z
Y-700148,C-0040148,SLAB-500148,AREA-05,B9,29,2026-05-02T23:51:00Z,2026-05-17T22:51:00Z
Y-700149,C-0040149,SLAB-500149,AREA-06,B1,30,2026-05-03T05:47:00Z,2026-05-06T04:47:00Z
Y-700150,C-0040150,SLAB-500150,AREA-07,B2,31,2026-05-03T04:47:00Z,2026-05-07T03:47:00Z
Y-700151,C-0040151,SLAB-500151,AREA-08,B3,32,2026-05-02T12:49:00Z,2026-05-16T11:49:00Z
Y-700152,C-0040152,SLAB-500152,AREA-09,B4,33,2026-05-02T22:50:00Z,2026-05-17T21:50:00Z
Y-700153,C-0040153,SLAB-500153,AREA-10,B5,34,2026-05-03T16:41:00Z,2026-05-21T15:41:00Z
Y-700154,C-0040154,SLAB-500154,AREA-11,B6,35,2026-05-04T00:45:00Z,2026-05-22T23:45:00Z
Y-700155,C-0040155,SLAB-500155,AREA-12,B7,36,2026-05-03T06:48:00Z,2026-05-13T05:48:00Z
Y-700156,C-0040156,SLAB-500156,AREA-13,B8,37,2026-05-03T23:48:00Z,2026-05-14T22:48:00Z
Y-700157,C-0040157,SLAB-500157,AREA-01,B9,38,2026-05-04T08:44:00Z,2026-05-17T07:44:00Z
Y-700158,C-0040158,SLAB-500158,AREA-02,B1,39,2026-05-03T10:48:00Z,2026-05-09T09:48:00Z
Y-700159,C-0040159,SLAB-500159,AREA-03,B2,40,2026-05-03T00:42:00Z,2026-05-15T23:42:00Z
Y-700160,C-0040160,SLAB-500160,AREA-04,B3,1,2026-05-03T04:47:00Z,2026-05-19T03:47:00Z
Y-700161,C-0040161,SLAB-500161,AREA-05,B4,2,2026-05-03T22:45:00Z,2026-05-19T21:45:00Z
Y-700162,C-0040162,SLAB-500162,AREA-06,B5,3,2026-05-03T16:47:00Z,2026-05-09T15:47:00Z
Y-700163,C-0040163,SLAB-500163,AREA-07,B6,4,2026-05-04T03:50:00Z,2026-05-24T02:50:00Z
Y-700164,C-0040164,SLAB-500164,AREA-08,B7,5,2026-05-03T08:45:00Z,2026-05-08T07:45:00Z
Y-700165,C-0040165,SLAB-500165,AREA-09,B8,6,2026-05-02T12:45:00Z,2026-05-17T11:45:00Z
Y-700166,C-0040166,SLAB-500166,AREA-10,B9,7,2026-05-04T09:48:00Z,2026-05-06T08:48:00Z
Y-700167,C-0040167,SLAB-500167,AREA-11,B1,8,2026-05-02T15:56:00Z,2026-05-07T14:56:00Z
Y-700168,C-0040168,SLAB-500168,AREA-12,B2,9,2026-05-03T11:02:00Z,2026-05-08T10:02:00Z
Y-700169,C-0040169,SLAB-500169,AREA-13,B3,10,2026-05-04T15:55:00Z,2026-05-20T14:55:00Z
Y-700170,C-0040170,SLAB-500170,AREA-01,B4,11,2026-05-03T15:52:00Z,2026-05-21T14:52:00Z
Y-700171,C-0040171,SLAB-500171,AREA-02,B5,12,2026-05-03T04:58:00Z,2026-05-09T03:58:00Z
Y-700172,C-0040172,SLAB-500172,AREA-03,B6,13,2026-05-03T02:02:00Z,2026-05-23T01:02:00Z
Y-700173,C-0040173,SLAB-500173,AREA-04,B7,14,2026-05-03T01:03:00Z,2026-05-23T00:03:00Z
Y-700174,C-0040174,SLAB-500174,AREA-05,B8,15,2026-05-02T22:53:00Z,2026-05-20T21:53:00Z
Y-700175,C-0040175,SLAB-500175,AREA-06,B9,16,2026-05-02T14:57:00Z,2026-05-12T13:57:00Z
Y-700176,C-0040176,SLAB-500176,AREA-07,B1,17,2026-05-03T01:57:00Z,2026-05-07T00:57:00Z
Y-700177,C-0040177,SLAB-500177,AREA-08,B2,18,2026-05-04T08:53:00Z,2026-05-22T07:53:00Z
Y-700178,C-0040178,SLAB-500178,AREA-09,B3,19,2026-05-03T17:01:00Z,2026-05-18T16:01:00Z
Y-700179,C-0040179,SLAB-500179,AREA-10,B4,20,2026-05-04T05:57:00Z,2026-05-16T04:57:00Z
Y-700180,C-0040180,SLAB-500180,AREA-11,B5,21,2026-05-03T07:56:00Z,2026-05-23T06:56:00Z
Y-700181,C-0040181,SLAB-500181,AREA-12,B6,22,2026-05-03T19:03:00Z,2026-05-11T18:03:00Z
Y-700182,C-0040182,SLAB-500182,AREA-13,B7,23,2026-05-03T04:55:00Z,2026-05-09T03:55:00Z
Y-700183,C-0040183,SLAB-500183,AREA-01,B8,24,2026-05-02T12:51:00Z,2026-05-22T11:51:00Z
Y-700184,C-0040184,SLAB-500184,AREA-02,B9,25,2026-05-03T13:26:00Z,2026-05-07T12:26:00Z
Y-700185,C-0040185,SLAB-500185,AREA-03,B1,26,2026-05-02T23:20:00Z,2026-05-17T22:20:00Z
Y-700186,C-0040186,SLAB-500186,AREA-04,B2,27,2026-05-03T23:28:00Z,2026-05-16T22:28:00Z
Y-700187,C-0040187,SLAB-500187,AREA-05,B3,28,2026-05-03T03:21:00Z,2026-05-23T02:21:00Z
Y-700188,C-0040188,SLAB-500188,AREA-06,B4,29,2026-05-03T04:25:00Z,2026-05-22T03:25:00Z
Y-700189,C-0040189,SLAB-500189,AREA-07,B5,30,2026-05-03T21:19:00Z,2026-05-23T20:19:00Z
Y-700190,C-0040190,SLAB-500190,AREA-08,B6,31,2026-05-03T02:26:00Z,2026-05-22T01:26:00Z
Y-700191,C-0040191,SLAB-500191,AREA-09,B7,32,2026-05-03T04:27:00Z,2026-05-22T03:27:00Z
Y-700192,C-0040192,SLAB-500192,AREA-10,B8,33,2026-05-03T01:22:00Z,2026-05-12T00:22:00Z
Y-700193,C-0040193,SLAB-500193,AREA-11,B9,34,2026-05-02T15:20:00Z,2026-05-12T14:20:00Z
Y-700194,C-0040194,SLAB-500194,AREA-12,B1,35,2026-05-03T22:21:00Z,2026-05-14T21:21:00Z
Y-700195,C-0040195,SLAB-500195,AREA-13,B2,36,2026-05-04T14:27:00Z,2026-05-14T13:27:00Z
Y-700196,C-0040196,SLAB-500196,AREA-01,B3,37,2026-05-04T01:30:00Z,2026-05-22T00:30:00Z
Y-700197,C-0040197,SLAB-500197,AREA-02,B4,38,2026-05-04T00:21:00Z,2026-05-15T23:21:00Z
Y-700198,C-0040198,SLAB-500198,AREA-03,B5,39,2026-05-03T09:29:00Z,2026-05-11T08:29:00Z
Y-700199,C-0040199,SLAB-500199,AREA-04,B6,40,2026-05-03T00:25:00Z,2026-05-11T23:25:00Z
Y-700200,C-0040200,SLAB-500200,AREA-05,B7,1,2026-05-03T17:21:00Z,2026-05-05T16:21:00Z
Y-700201,C-0040201,SLAB-500201,AREA-06,B8,2,2026-05-03T19:21:00Z,2026-05-06T18:21:00Z
Y-700202,C-0040202,SLAB-500202,AREA-07,B9,3,2026-05-03T18:03:00Z,2026-05-21T17:03:00Z
Y-700203,C-0040203,SLAB-500203,AREA-08,B1,4,2026-05-03T20:58:00Z,2026-05-17T19:58:00Z
Y-700204,C-0040204,SLAB-500204,AREA-09,B2,5,2026-05-03T10:53:00Z,2026-05-19T09:53:00Z
Y-700205,C-0040205,SLAB-500205,AREA-10,B3,6,2026-05-03T17:59:00Z,2026-05-05T16:59:00Z
Y-700206,C-0040206,SLAB-500206,AREA-11,B4,7,2026-05-04T20:54:00Z,2026-05-08T19:54:00Z
Y-700207,C-0040207,SLAB-500207,AREA-12,B5,8,2026-05-04T09:02:00Z,2026-05-21T08:02:00Z
Y-700208,C-0040208,SLAB-500208,AREA-13,B6,9,2026-05-03T23:05:00Z,2026-05-06T22:05:00Z
Y-700209,C-0040209,SLAB-500209,AREA-01,B7,10,2026-05-02T09:03:00Z,2026-05-14T08:03:00Z
Y-700210,C-0040210,SLAB-500210,AREA-02,B8,11,2026-05-04T10:26:00Z,2026-05-20T09:26:00Z
Y-700211,C-0040211,SLAB-500211,AREA-03,B9,12,2026-05-02T17:33:00Z,2026-05-10T16:33:00Z
Y-700212,C-0040212,SLAB-500212,AREA-04,B1,13,2026-05-03T23:29:00Z,2026-05-20T22:29:00Z
Y-700213,C-0040213,SLAB-500213,AREA-05,B2,14,2026-05-03T10:29:00Z,2026-05-18T09:29:00Z
Y-700214,C-0040214,SLAB-500214,AREA-06,B3,15,2026-05-03T22:31:00Z,2026-05-16T21:31:00Z
Y-700215,C-0040215,SLAB-500215,AREA-07,B4,16,2026-05-03T21:28:00Z,2026-05-07T20:28:00Z
Y-700216,C-0040216,SLAB-500216,AREA-08,B5,17,2026-05-02T06:29:00Z,2026-05-12T05:29:00Z
Y-700217,C-0040217,SLAB-500217,AREA-09,B6,18,2026-05-02T16:33:00Z,2026-05-08T15:33:00Z
Y-700218,C-0040218,SLAB-500218,AREA-10,B7,19,2026-05-02T18:33:00Z,2026-05-21T17:33:00Z
Y-700219,C-0040219,SLAB-500219,AREA-11,B8,20,2026-05-03T09:30:00Z,2026-05-23T08:30:00Z
Y-700220,C-0040220,SLAB-500220,AREA-12,B9,21,2026-05-03T03:32:00Z,2026-05-16T02:32:00Z
Y-700221,C-0040221,SLAB-500221,AREA-13,B1,22,2026-05-03T02:28:00Z,2026-05-22T01:28:00Z
Y-700222,C-0040222,SLAB-500222,AREA-01,B2,23,2026-05-03T10:34:00Z,2026-05-09T09:34:00Z
Y-700223,C-0040223,SLAB-500223,AREA-02,B3,24,2026-05-03T18:30:00Z,2026-05-17T17:30:00Z
Y-700224,C-0040224,SLAB-500224,AREA-03,B4,25,2026-05-03T19:33:00Z,2026-05-21T18:33:00Z
Y-700225,C-0040225,SLAB-500225,AREA-04,B5,26,2026-05-03T10:37:00Z,2026-05-15T09:37:00Z
Y-700226,C-0040226,SLAB-500226,AREA-05,B6,27,2026-05-03T07:35:00Z,2026-05-15T06:35:00Z
Y-700227,C-0040227,SLAB-500227,AREA-06,B7,28,2026-05-03T22:34:00Z,2026-05-08T21:34:00Z
Y-700228,C-0040228,SLAB-500228,AREA-07,B8,29,2026-05-04T10:38:00Z,2026-05-19T09:38:00Z
Y-700229,C-0040229,SLAB-500229,AREA-08,B9,30,2026-05-03T20:34:00Z,2026-05-21T19:34:00Z
Y-700230,C-0040230,SLAB-500230,AREA-09,B1,31,2026-05-02T10:39:00Z,2026-05-08T09:39:00Z
Y-700231,C-0040231,SLAB-500231,AREA-10,B2,32,2026-05-03T07:38:00Z,2026-05-10T06:38:00Z
Y-700232,C-0040232,SLAB-500232,AREA-11,B3,33,2026-05-04T01:34:00Z,2026-05-18T00:34:00Z
Y-700233,C-0040233,SLAB-500233,AREA-12,B4,34,2026-05-04T13:35:00Z,2026-05-11T12:35:00Z
Y-700234,C-0040234,SLAB-500234,AREA-13,B5,35,2026-05-02T17:18:00Z,2026-05-09T16:18:00Z
Y-700235,C-0040235,SLAB-500235,AREA-01,B6,36,2026-05-03T09:24:00Z,2026-05-09T08:24:00Z
Y-700236,C-0040236,SLAB-500236,AREA-02,B7,37,2026-05-04T14:17:00Z,2026-05-14T13:17:00Z
Y-700237,C-0040237,SLAB-500237,AREA-03,B8,38,2026-05-03T16:19:00Z,2026-05-22T15:19:00Z
Y-700238,C-0040238,SLAB-500238,AREA-04,B9,39,2026-05-04T07:15:00Z,2026-05-06T06:15:00Z
Y-700239,C-0040239,SLAB-500239,AREA-05,B1,40,2026-05-04T19:18:00Z,2026-05-11T18:18:00Z
Y-700240,C-0040240,SLAB-500240,AREA-06,B2,1,2026-05-03T10:21:00Z,2026-05-17T09:21:00Z
Y-700241,C-0040241,SLAB-500241,AREA-07,B3,2,2026-05-03T16:26:00Z,2026-05-07T15:26:00Z
Y-700242,C-0040242,SLAB-500242,AREA-08,B4,3,2026-05-03T05:15:00Z,2026-05-17T04:15:00Z
Y-700243,C-0040243,SLAB-500243,AREA-09,B5,4,2026-05-04T09:18:00Z,2026-05-13T08:18:00Z
Y-700244,C-0040244,SLAB-500244,AREA-10,B6,5,2026-05-03T02:21:00Z,2026-05-11T01:21:00Z
Y-700245,C-0040245,SLAB-500245,AREA-11,B7,6,2026-05-03T05:28:00Z,2026-05-09T04:28:00Z
Y-700246,C-0040246,SLAB-500246,AREA-12,B8,7,2026-05-04T00:39:00Z,2026-05-06T23:39:00Z
Y-700247,C-0040247,SLAB-500247,AREA-13,B9,8,2026-05-04T23:35:00Z,2026-05-16T22:35:00Z
Y-700248,C-0040248,SLAB-500248,AREA-01,B1,9,2026-05-04T15:29:00Z,2026-05-19T14:29:00Z
Y-700249,C-0040249,SLAB-500249,AREA-02,B2,10,2026-05-04T05:31:00Z,2026-05-21T04:31:00Z
Y-700250,C-0040250,SLAB-500250,AREA-03,B3,11,2026-05-03T19:35:00Z,2026-05-14T18:35:00Z
Y-700251,C-0040251,SLAB-500251,AREA-04,B4,12,2026-05-04T03:37:00Z,2026-05-18T02:37:00Z
Y-700252,C-0040252,SLAB-500252,AREA-05,B5,13,2026-05-03T04:31:00Z,2026-05-14T03:31:00Z
Y-700253,C-0040253,SLAB-500253,AREA-06,B6,14,2026-05-04T03:36:00Z,2026-05-08T02:36:00Z
Y-700254,C-0040254,SLAB-500254,AREA-07,B7,15,2026-05-03T20:01:00Z,2026-05-10T19:01:00Z
Y-700255,C-0040255,SLAB-500255,AREA-08,B8,16,2026-05-03T10:09:00Z,2026-05-12T09:09:00Z
Y-700256,C-0040256,SLAB-500256,AREA-09,B9,17,2026-05-03T22:00:00Z,2026-05-15T21:00:00Z
Y-700257,C-0040257,SLAB-500257,AREA-10,B1,18,2026-05-02T23:05:00Z,2026-05-12T22:05:00Z
Y-700258,C-0040258,SLAB-500258,AREA-11,B2,19,2026-05-02T16:08:00Z,2026-05-06T15:08:00Z
Y-700259,C-0040259,SLAB-500259,AREA-12,B3,20,2026-05-03T13:03:00Z,2026-05-08T12:03:00Z
Y-700260,C-0040260,SLAB-500260,AREA-13,B4,21,2026-05-04T10:02:00Z,2026-05-06T09:02:00Z
Y-700261,C-0040261,SLAB-500261,AREA-01,B5,22,2026-05-04T00:01:00Z,2026-05-13T23:01:00Z
Y-700262,C-0040262,SLAB-500262,AREA-02,B6,23,2026-05-04T00:06:00Z,2026-05-06T23:06:00Z
Y-700263,C-0040263,SLAB-500263,AREA-03,B7,24,2026-05-03T18:06:00Z,2026-05-10T17:06:00Z
Y-700264,C-0040264,SLAB-500264,AREA-04,B8,25,2026-05-03T13:52:00Z,2026-05-08T12:52:00Z
Y-700265,C-0040265,SLAB-500265,AREA-05,B9,26,2026-05-02T08:43:00Z,2026-05-22T07:43:00Z
Y-700266,C-0040266,SLAB-500266,AREA-06,B1,27,2026-05-04T02:48:00Z,2026-05-15T01:48:00Z
Y-700267,C-0040267,SLAB-500267,AREA-07,B2,28,2026-05-03T07:46:00Z,2026-05-09T06:46:00Z
Y-700268,C-0040268,SLAB-500268,AREA-08,B3,29,2026-05-04T16:44:00Z,2026-05-13T15:44:00Z
Y-700269,C-0040269,SLAB-500269,AREA-09,B4,30,2026-05-04T06:52:00Z,2026-05-18T05:52:00Z
Y-700270,C-0040270,SLAB-500270,AREA-10,B5,31,2026-05-04T15:47:00Z,2026-05-17T14:47:00Z
Y-700271,C-0040271,SLAB-500271,AREA-11,B6,32,2026-05-03T18:49:00Z,2026-05-17T17:49:00Z
Y-700272,C-0040272,SLAB-500272,AREA-12,B7,33,2026-05-03T21:45:00Z,2026-05-12T20:45:00Z
Y-700273,C-0040273,SLAB-500273,AREA-13,B8,34,2026-05-03T13:07:00Z,2026-05-17T12:07:00Z
Y-700274,C-0040274,SLAB-500274,AREA-01,B9,35,2026-05-03T11:16:00Z,2026-05-20T10:16:00Z
Y-700275,C-0040275,SLAB-500275,AREA-02,B1,36,2026-05-03T07:11:00Z,2026-05-08T06:11:00Z
Y-700276,C-0040276,SLAB-500276,AREA-03,B2,37,2026-05-03T21:10:00Z,2026-05-11T20:10:00Z
Y-700277,C-0040277,SLAB-500277,AREA-04,B3,38,2026-05-04T03:08:00Z,2026-05-23T02:08:00Z
Y-700278,C-0040278,SLAB-500278,AREA-05,B4,39,2026-05-02T06:11:00Z,2026-05-21T05:11:00Z
Y-700279,C-0040279,SLAB-500279,AREA-06,B5,40,2026-05-04T11:13:00Z,2026-05-21T10:13:00Z
Y-700280,C-0040280,SLAB-500280,AREA-07,B6,1,2026-05-04T00:10:00Z,2026-05-11T23:10:00Z
Y-700281,C-0040281,SLAB-500281,AREA-08,B7,2,2026-05-03T09:16:00Z,2026-05-18T08:16:00Z
Y-700282,C-0040282,SLAB-500282,AREA-09,B8,3,2026-05-04T10:10:00Z,2026-05-12T09:10:00Z
Y-700283,C-0040283,SLAB-500283,AREA-10,B9,4,2026-05-03T12:10:00Z,2026-05-08T11:10:00Z
Y-700284,C-0040284,SLAB-500284,AREA-11,B1,5,2026-05-03T22:11:00Z,2026-05-21T21:11:00Z
Y-700285,C-0040285,SLAB-500285,AREA-12,B2,6,2026-05-04T20:11:00Z,2026-05-23T19:11:00Z
Y-700286,C-0040286,SLAB-500286,AREA-13,B3,7,2026-05-03T14:09:00Z,2026-05-10T13:09:00Z
Y-700287,C-0040287,SLAB-500287,AREA-01,B4,8,2026-05-04T03:11:00Z,2026-05-24T02:11:00Z
Y-700288,C-0040288,SLAB-500288,AREA-02,B5,9,2026-05-03T03:14:00Z,2026-05-12T02:14:00Z
Y-700289,C-0040289,SLAB-500289,AREA-03,B6,10,2026-05-02T17:10:00Z,2026-05-08T16:10:00Z
Y-700290,C-0040290,SLAB-500290,AREA-04,B7,11,2026-05-04T08:06:00Z,2026-05-16T07:06:00Z
Y-700291,C-0040291,SLAB-500291,AREA-05,B8,12,2026-05-04T10:08:00Z,2026-05-17T09:08:00Z
Y-700292,C-0040292,SLAB-500292,AREA-06,B9,13,2026-05-03T13:27:00Z,2026-05-18T12:27:00Z
Y-700293,C-0040293,SLAB-500293,AREA-07,B1,14,2026-05-04T07:31:00Z,2026-05-13T06:31:00Z
Y-700294,C-0040294,SLAB-500294,AREA-08,B2,15,2026-05-04T17:38:00Z,2026-05-06T16:38:00Z
Y-700295,C-0040295,SLAB-500295,AREA-09,B3,16,2026-05-03T16:31:00Z,2026-05-15T15:31:00Z
Y-700296,C-0040296,SLAB-500296,AREA-10,B4,17,2026-05-02T09:27:00Z,2026-05-16T08:27:00Z
Y-700297,C-0040297,SLAB-500297,AREA-11,B5,18,2026-05-02T13:26:00Z,2026-05-16T12:26:00Z
Y-700298,C-0040298,SLAB-500298,AREA-12,B6,19,2026-05-03T12:35:00Z,2026-05-13T11:35:00Z
Y-700299,C-0040299,SLAB-500299,AREA-13,B7,20,2026-05-03T05:36:00Z,2026-05-07T04:36:00Z
Y-700300,C-0040300,SLAB-500300,AREA-01,B8,21,2026-05-03T10:30:00Z,2026-05-07T09:30:00Z
Y-700301,C-0040301,SLAB-500301,AREA-02,B9,22,2026-05-03T20:30:00Z,2026-05-06T19:30:00Z
Y-700302,C-0040302,SLAB-500302,AREA-03,B1,23,2026-05-04T02:32:00Z,2026-05-10T01:32:00Z
Y-700303,C-0040303,SLAB-500303,AREA-04,B2,24,2026-05-03T22:18:00Z,2026-05-07T21:18:00Z
Y-700304,C-0040304,SLAB-500304,AREA-05,B3,25,2026-05-04T22:23:00Z,2026-05-06T21:23:00Z
Y-700305,C-0040305,SLAB-500305,AREA-06,B4,26,2026-05-02T18:22:00Z,2026-05-04T17:22:00Z
Y-700306,C-0040306,SLAB-500306,AREA-07,B5,27,2026-05-04T07:18:00Z,2026-05-21T06:18:00Z
Y-700307,C-0040307,SLAB-500307,AREA-08,B6,28,2026-05-02T22:21:00Z,2026-05-04T21:21:00Z
Y-700308,C-0040308,SLAB-500308,AREA-09,B7,29,2026-05-04T03:17:00Z,2026-05-06T02:17:00Z
Y-700309,C-0040309,SLAB-500309,AREA-10,B8,30,2026-05-04T02:20:00Z,2026-05-20T01:20:00Z
Y-700310,C-0040310,SLAB-500310,AREA-11,B9,31,2026-05-03T18:03:00Z,2026-05-06T17:03:00Z
Y-700311,C-0040311,SLAB-500311,AREA-12,B1,32,2026-05-03T18:59:00Z,2026-05-07T17:59:00Z
Y-700312,C-0040312,SLAB-500312,AREA-13,B2,33,2026-05-02T19:57:00Z,2026-05-08T18:57:00Z
Y-700313,C-0040313,SLAB-500313,AREA-01,B3,34,2026-05-02T14:57:00Z,2026-05-11T13:57:00Z
Y-700314,C-0040314,SLAB-500314,AREA-02,B4,35,2026-05-04T00:03:00Z,2026-05-09T23:03:00Z
Y-700315,C-0040315,SLAB-500315,AREA-03,B5,36,2026-05-03T16:03:00Z,2026-05-23T15:03:00Z
Y-700316,C-0040316,SLAB-500316,AREA-04,B6,37,2026-05-04T00:05:00Z,2026-05-19T23:05:00Z
Y-700317,C-0040317,SLAB-500317,AREA-05,B7,38,2026-05-04T18:03:00Z,2026-05-11T17:03:00Z
Y-700318,C-0040318,SLAB-500318,AREA-06,B8,39,2026-05-03T10:59:00Z,2026-05-08T09:59:00Z
Y-700319,C-0040319,SLAB-500319,AREA-07,B9,40,2026-05-03T13:45:00Z,2026-05-12T12:45:00Z
Y-700320,C-0040320,SLAB-500320,AREA-08,B1,1,2026-05-02T09:43:00Z,2026-05-18T08:43:00Z
Y-700321,C-0040321,SLAB-500321,AREA-09,B2,2,2026-05-03T05:47:00Z,2026-05-17T04:47:00Z
Y-700322,C-0040322,SLAB-500322,AREA-10,B3,3,2026-05-04T09:49:00Z,2026-05-06T08:49:00Z
Y-700323,C-0040323,SLAB-500323,AREA-11,B4,4,2026-05-03T10:40:00Z,2026-05-15T09:40:00Z
Y-700324,C-0040324,SLAB-500324,AREA-12,B5,5,2026-05-04T01:46:00Z,2026-05-14T00:46:00Z
Y-700325,C-0040325,SLAB-500325,AREA-13,B6,6,2026-05-04T09:41:00Z,2026-05-18T08:41:00Z
Y-700326,C-0040326,SLAB-500326,AREA-01,B7,7,2026-05-04T12:39:00Z,2026-05-15T11:39:00Z
Y-700327,C-0040327,SLAB-500327,AREA-02,B8,8,2026-05-03T03:43:00Z,2026-05-13T02:43:00Z
Y-700328,C-0040328,SLAB-500328,AREA-03,B9,9,2026-05-03T14:44:00Z,2026-05-16T13:44:00Z
Y-700329,C-0040329,SLAB-500329,AREA-04,B1,10,2026-05-03T02:43:00Z,2026-05-15T01:43:00Z
Y-700330,C-0040330,SLAB-500330,AREA-05,B2,11,2026-05-02T17:43:00Z,2026-05-05T16:43:00Z
Y-700331,C-0040331,SLAB-500331,AREA-06,B3,12,2026-05-03T21:43:00Z,2026-05-21T20:43:00Z
Y-700332,C-0040332,SLAB-500332,AREA-07,B4,13,2026-05-04T13:43:00Z,2026-05-13T12:43:00Z
Y-700333,C-0040333,SLAB-500333,AREA-08,B5,14,2026-05-03T23:39:00Z,2026-05-23T22:39:00Z
Y-700334,C-0040334,SLAB-500334,AREA-09,B6,15,2026-05-04T09:42:00Z,2026-05-22T08:42:00Z
Y-700335,C-0040335,SLAB-500335,AREA-10,B7,16,2026-05-04T05:38:00Z,2026-05-07T04:38:00Z
Y-700336,C-0040336,SLAB-500336,AREA-11,B8,17,2026-05-03T23:41:00Z,2026-05-05T22:41:00Z
Y-700337,C-0040337,SLAB-500337,AREA-12,B9,18,2026-05-03T12:09:00Z,2026-05-10T11:09:00Z
Y-700338,C-0040338,SLAB-500338,AREA-13,B1,19,2026-05-03T22:13:00Z,2026-05-14T21:13:00Z
Y-700339,C-0040339,SLAB-500339,AREA-01,B2,20,2026-05-04T06:15:00Z,2026-05-18T05:15:00Z
Y-700340,C-0040340,SLAB-500340,AREA-02,B3,21,2026-05-04T17:07:00Z,2026-05-11T16:07:00Z
Y-700341,C-0040341,SLAB-500341,AREA-03,B4,22,2026-05-03T16:13:00Z,2026-05-18T15:13:00Z
Y-700342,C-0040342,SLAB-500342,AREA-04,B5,23,2026-05-03T14:11:00Z,2026-05-05T13:11:00Z
Y-700343,C-0040343,SLAB-500343,AREA-05,B6,24,2026-05-03T16:07:00Z,2026-05-05T15:07:00Z
Y-700344,C-0040344,SLAB-500344,AREA-06,B7,25,2026-05-03T22:03:00Z,2026-05-10T21:03:00Z
Y-700345,C-0040345,SLAB-500345,AREA-07,B8,26,2026-05-04T19:14:00Z,2026-05-18T18:14:00Z
Y-700346,C-0040346,SLAB-500346,AREA-08,B9,27,2026-05-05T03:12:00Z,2026-05-14T02:12:00Z
Y-700347,C-0040347,SLAB-500347,AREA-09,B1,28,2026-05-04T22:11:00Z,2026-05-17T21:11:00Z
Y-700348,C-0040348,SLAB-500348,AREA-10,B2,29,2026-05-02T22:59:00Z,2026-05-17T21:59:00Z
Y-700349,C-0040349,SLAB-500349,AREA-11,B3,30,2026-05-04T06:52:00Z,2026-05-11T05:52:00Z
Y-700350,C-0040350,SLAB-500350,AREA-12,B4,31,2026-05-04T13:51:00Z,2026-05-14T12:51:00Z
Y-700351,C-0040351,SLAB-500351,AREA-13,B5,32,2026-05-04T00:54:00Z,2026-05-21T23:54:00Z
Y-700352,C-0040352,SLAB-500352,AREA-01,B6,33,2026-05-04T05:52:00Z,2026-05-11T04:52:00Z
Y-700353,C-0040353,SLAB-500353,AREA-02,B7,34,2026-05-03T13:58:00Z,2026-05-21T12:58:00Z
Y-700354,C-0040354,SLAB-500354,AREA-03,B8,35,2026-05-03T11:58:00Z,2026-05-06T10:58:00Z
Y-700355,C-0040355,SLAB-500355,AREA-04,B9,36,2026-05-05T07:54:00Z,2026-05-18T06:54:00Z
Y-700356,C-0040356,SLAB-500356,AREA-05,B1,37,2026-05-05T04:52:00Z,2026-05-24T03:52:00Z
Y-700357,C-0040357,SLAB-500357,AREA-06,B2,38,2026-05-03T14:40:00Z,2026-05-23T13:40:00Z
Y-700358,C-0040358,SLAB-500358,AREA-07,B3,39,2026-05-04T16:33:00Z,2026-05-09T15:33:00Z
Y-700359,C-0040359,SLAB-500359,AREA-08,B4,40,2026-05-03T05:43:00Z,2026-05-21T04:43:00Z
Y-700360,C-0040360,SLAB-500360,AREA-09,B5,1,2026-05-04T13:39:00Z,2026-05-11T12:39:00Z
Y-700361,C-0040361,SLAB-500361,AREA-10,B6,2,2026-05-03T13:38:00Z,2026-05-21T12:38:00Z
Y-700362,C-0040362,SLAB-500362,AREA-11,B7,3,2026-05-03T01:33:00Z,2026-05-19T00:33:00Z
Y-700363,C-0040363,SLAB-500363,AREA-12,B8,4,2026-05-03T08:31:00Z,2026-05-06T07:31:00Z
Y-700364,C-0040364,SLAB-500364,AREA-13,B9,5,2026-05-03T17:34:00Z,2026-05-23T16:34:00Z
Y-700365,C-0040365,SLAB-500365,AREA-01,B1,6,2026-05-04T14:39:00Z,2026-05-16T13:39:00Z
Y-700366,C-0040366,SLAB-500366,AREA-02,B2,7,2026-05-03T16:08:00Z,2026-05-22T15:08:00Z
Y-700367,C-0040367,SLAB-500367,AREA-03,B3,8,2026-05-02T22:05:00Z,2026-05-14T21:05:00Z
Y-700368,C-0040368,SLAB-500368,AREA-04,B4,9,2026-05-04T16:09:00Z,2026-05-16T15:09:00Z
Y-700369,C-0040369,SLAB-500369,AREA-05,B5,10,2026-05-03T20:07:00Z,2026-05-07T19:07:00Z
Y-700370,C-0040370,SLAB-500370,AREA-06,B6,11,2026-05-04T08:07:00Z,2026-05-16T07:07:00Z
Y-700371,C-0040371,SLAB-500371,AREA-07,B7,12,2026-05-04T10:05:00Z,2026-05-08T09:05:00Z
Y-700372,C-0040372,SLAB-500372,AREA-08,B8,13,2026-05-03T06:11:00Z,2026-05-20T05:11:00Z
Y-700373,C-0040373,SLAB-500373,AREA-09,B9,14,2026-05-04T13:11:00Z,2026-05-18T12:11:00Z
Y-700374,C-0040374,SLAB-500374,AREA-10,B1,15,2026-05-04T07:05:00Z,2026-05-10T06:05:00Z
Y-700375,C-0040375,SLAB-500375,AREA-11,B2,16,2026-05-04T05:13:00Z,2026-05-06T04:13:00Z
Y-700376,C-0040376,SLAB-500376,AREA-12,B3,17,2026-05-03T08:49:00Z,2026-05-07T07:49:00Z
Y-700377,C-0040377,SLAB-500377,AREA-13,B4,18,2026-05-03T15:42:00Z,2026-05-14T14:42:00Z
Y-700378,C-0040378,SLAB-500378,AREA-01,B5,19,2026-05-03T12:48:00Z,2026-05-09T11:48:00Z
Y-700379,C-0040379,SLAB-500379,AREA-02,B6,20,2026-05-03T14:44:00Z,2026-05-21T13:44:00Z
Y-700380,C-0040380,SLAB-500380,AREA-03,B7,21,2026-05-04T08:49:00Z,2026-05-19T07:49:00Z
Y-700381,C-0040381,SLAB-500381,AREA-04,B8,22,2026-05-03T14:43:00Z,2026-05-15T13:43:00Z
Y-700382,C-0040382,SLAB-500382,AREA-05,B9,23,2026-05-03T14:46:00Z,2026-05-22T13:46:00Z
Y-700383,C-0040383,SLAB-500383,AREA-06,B1,24,2026-05-03T08:48:00Z,2026-05-08T07:48:00Z
Y-700384,C-0040384,SLAB-500384,AREA-07,B2,25,2026-05-04T09:48:00Z,2026-05-22T08:48:00Z
Y-700385,C-0040385,SLAB-500385,AREA-08,B3,26,2026-05-03T05:55:00Z,2026-05-19T04:55:00Z
Y-700386,C-0040386,SLAB-500386,AREA-09,B4,27,2026-05-04T10:55:00Z,2026-05-20T09:55:00Z
Y-700387,C-0040387,SLAB-500387,AREA-10,B5,28,2026-05-04T15:52:00Z,2026-05-07T14:52:00Z
Y-700388,C-0040388,SLAB-500388,AREA-11,B6,29,2026-05-03T16:57:00Z,2026-05-23T15:57:00Z
Y-700389,C-0040389,SLAB-500389,AREA-12,B7,30,2026-05-04T01:51:00Z,2026-05-06T00:51:00Z
Y-700390,C-0040390,SLAB-500390,AREA-13,B8,31,2026-05-04T17:54:00Z,2026-05-07T16:54:00Z
Y-700391,C-0040391,SLAB-500391,AREA-01,B9,32,2026-05-04T16:50:00Z,2026-05-07T15:50:00Z
Y-700392,C-0040392,SLAB-500392,AREA-02,B1,33,2026-05-04T05:40:00Z,2026-05-17T04:40:00Z
Y-700393,C-0040393,SLAB-500393,AREA-03,B2,34,2026-05-04T04:41:00Z,2026-05-10T03:41:00Z
Y-700394,C-0040394,SLAB-500394,AREA-04,B3,35,2026-05-04T13:36:00Z,2026-05-22T12:36:00Z
Y-700395,C-0040395,SLAB-500395,AREA-05,B4,36,2026-05-04T16:33:00Z,2026-05-09T15:33:00Z
Y-700396,C-0040396,SLAB-500396,AREA-06,B5,37,2026-05-03T11:37:00Z,2026-05-10T10:37:00Z
Y-700397,C-0040397,SLAB-500397,AREA-07,B6,38,2026-05-05T02:35:00Z,2026-05-14T01:35:00Z
Y-700398,C-0040398,SLAB-500398,AREA-08,B7,39,2026-05-04T15:37:00Z,2026-05-19T14:37:00Z
Y-700399,C-0040399,SLAB-500399,AREA-09,B8,40,2026-05-03T23:37:00Z,2026-05-17T22:37:00Z
Y-700400,C-0040400,SLAB-500400,AREA-10,B9,1,2026-05-04T18:37:00Z,2026-05-19T17:37:00Z
Y-700401,C-0040401,SLAB-500401,AREA-11,B1,2,2026-05-04T13:37:00Z,2026-05-20T12:37:00Z
Y-700402,C-0040402,SLAB-500402,AREA-12,B2,3,2026-05-03T23:03:00Z,2026-05-19T22:03:00Z
Y-700403,C-0040403,SLAB-500403,AREA-13,B3,4,2026-05-03T14:05:00Z,2026-05-05T13:05:00Z
Y-700404,C-0040404,SLAB-500404,AREA-01,B4,5,2026-05-04T15:07:00Z,2026-05-11T14:07:00Z
Y-700405,C-0040405,SLAB-500405,AREA-02,B5,6,2026-05-05T10:06:00Z,2026-05-21T09:06:00Z
Y-700406,C-0040406,SLAB-500406,AREA-03,B6,7,2026-05-03T21:01:00Z,2026-05-13T20:01:00Z
Y-700407,C-0040407,SLAB-500407,AREA-04,B7,8,2026-05-03T11:13:00Z,2026-05-20T10:13:00Z
Y-700408,C-0040408,SLAB-500408,AREA-05,B8,9,2026-05-05T03:04:00Z,2026-05-21T02:04:00Z
Y-700409,C-0040409,SLAB-500409,AREA-06,B9,10,2026-05-03T08:08:00Z,2026-05-19T07:08:00Z
Y-700410,C-0040410,SLAB-500410,AREA-07,B1,11,2026-05-03T07:01:00Z,2026-05-11T06:01:00Z
Y-700411,C-0040411,SLAB-500411,AREA-08,B2,12,2026-05-04T18:39:00Z,2026-05-18T17:39:00Z
Y-700412,C-0040412,SLAB-500412,AREA-09,B3,13,2026-05-03T14:37:00Z,2026-05-19T13:37:00Z
Y-700413,C-0040413,SLAB-500413,AREA-10,B4,14,2026-05-03T23:32:00Z,2026-05-21T22:32:00Z
Y-700414,C-0040414,SLAB-500414,AREA-11,B5,15,2026-05-02T23:28:00Z,2026-05-20T22:28:00Z
Y-700415,C-0040415,SLAB-500415,AREA-12,B6,16,2026-05-05T03:39:00Z,2026-05-16T02:39:00Z
Y-700416,C-0040416,SLAB-500416,AREA-13,B7,17,2026-05-03T13:33:00Z,2026-05-07T12:33:00Z
Y-700417,C-0040417,SLAB-500417,AREA-01,B8,18,2026-05-04T21:35:00Z,2026-05-18T20:35:00Z
Y-700418,C-0040418,SLAB-500418,AREA-02,B9,19,2026-05-04T02:29:00Z,2026-05-24T01:29:00Z
Y-700419,C-0040419,SLAB-500419,AREA-03,B1,20,2026-05-05T12:38:00Z,2026-05-12T11:38:00Z
Y-700420,C-0040420,SLAB-500420,AREA-04,B2,21,2026-05-04T06:32:00Z,2026-05-17T05:32:00Z
Y-700421,C-0040421,SLAB-500421,AREA-05,B3,22,2026-05-04T09:37:00Z,2026-05-24T08:37:00Z
Y-700422,C-0040422,SLAB-500422,AREA-06,B4,23,2026-05-03T19:12:00Z,2026-05-09T18:12:00Z
Y-700423,C-0040423,SLAB-500423,AREA-07,B5,24,2026-05-04T20:12:00Z,2026-05-18T19:12:00Z
Y-700424,C-0040424,SLAB-500424,AREA-08,B6,25,2026-05-03T16:10:00Z,2026-05-13T15:10:00Z
Y-700425,C-0040425,SLAB-500425,AREA-09,B7,26,2026-05-04T05:15:00Z,2026-05-12T04:15:00Z
Y-700426,C-0040426,SLAB-500426,AREA-10,B8,27,2026-05-04T02:09:00Z,2026-05-13T01:09:00Z
Y-700427,C-0040427,SLAB-500427,AREA-11,B9,28,2026-05-05T11:16:00Z,2026-05-19T10:16:00Z
Y-700428,C-0040428,SLAB-500428,AREA-12,B1,29,2026-05-03T21:09:00Z,2026-05-14T20:09:00Z
Y-700429,C-0040429,SLAB-500429,AREA-13,B2,30,2026-05-04T01:15:00Z,2026-05-12T00:15:00Z
Y-700430,C-0040430,SLAB-500430,AREA-01,B3,31,2026-05-03T10:12:00Z,2026-05-14T09:12:00Z
Y-700431,C-0040431,SLAB-500431,AREA-02,B4,32,2026-05-03T08:06:00Z,2026-05-05T07:06:00Z
Y-700432,C-0040432,SLAB-500432,AREA-03,B5,33,2026-05-03T21:17:00Z,2026-05-13T20:17:00Z
Y-700433,C-0040433,SLAB-500433,AREA-04,B6,34,2026-05-04T14:11:00Z,2026-05-11T13:11:00Z
Y-700434,C-0040434,SLAB-500434,AREA-05,B7,35,2026-05-05T15:14:00Z,2026-05-08T14:14:00Z
Y-700435,C-0040435,SLAB-500435,AREA-06,B8,36,2026-05-04T05:14:00Z,2026-05-19T04:14:00Z
Y-700436,C-0040436,SLAB-500436,AREA-07,B9,37,2026-05-03T21:09:00Z,2026-05-11T20:09:00Z
Y-700437,C-0040437,SLAB-500437,AREA-08,B1,38,2026-05-03T05:10:00Z,2026-05-18T04:10:00Z
Y-700438,C-0040438,SLAB-500438,AREA-09,B2,39,2026-05-03T21:09:00Z,2026-05-07T20:09:00Z
Y-700439,C-0040439,SLAB-500439,AREA-10,B3,40,2026-05-04T07:09:00Z,2026-05-12T06:09:00Z
Y-700440,C-0040440,SLAB-500440,AREA-11,B4,1,2026-05-04T08:05:00Z,2026-05-07T07:05:00Z
Y-700441,C-0040441,SLAB-500441,AREA-12,B5,2,2026-05-04T11:01:00Z,2026-05-15T10:01:00Z
Y-700442,C-0040442,SLAB-500442,AREA-13,B6,3,2026-05-04T18:01:00Z,2026-05-18T17:01:00Z
Y-700443,C-0040443,SLAB-500443,AREA-01,B7,4,2026-05-03T22:05:00Z,2026-05-13T21:05:00Z
Y-700444,C-0040444,SLAB-500444,AREA-02,B8,5,2026-05-05T12:04:00Z,2026-05-08T11:04:00Z
Y-700445,C-0040445,SLAB-500445,AREA-03,B9,6,2026-05-05T06:59:00Z,2026-05-20T05:59:00Z
Y-700446,C-0040446,SLAB-500446,AREA-04,B1,7,2026-05-04T20:57:00Z,2026-05-10T19:57:00Z
Y-700447,C-0040447,SLAB-500447,AREA-05,B2,8,2026-05-05T03:05:00Z,2026-05-24T02:05:00Z
Y-700448,C-0040448,SLAB-500448,AREA-06,B3,9,2026-05-04T05:18:00Z,2026-05-17T04:18:00Z
Y-700449,C-0040449,SLAB-500449,AREA-07,B4,10,2026-05-02T22:12:00Z,2026-05-12T21:12:00Z
Y-700450,C-0040450,SLAB-500450,AREA-08,B5,11,2026-05-04T00:23:00Z,2026-05-10T23:23:00Z
Y-700451,C-0040451,SLAB-500451,AREA-09,B6,12,2026-05-03T19:24:00Z,2026-05-20T18:24:00Z
Y-700452,C-0040452,SLAB-500452,AREA-10,B7,13,2026-05-03T04:19:00Z,2026-05-06T03:19:00Z
Y-700453,C-0040453,SLAB-500453,AREA-11,B8,14,2026-05-05T11:12:00Z,2026-05-25T10:12:00Z
Y-700454,C-0040454,SLAB-500454,AREA-12,B9,15,2026-05-05T01:14:00Z,2026-05-17T00:14:00Z
Y-700455,C-0040455,SLAB-500455,AREA-13,B1,16,2026-05-04T14:18:00Z,2026-05-08T13:18:00Z
Y-700456,C-0040456,SLAB-500456,AREA-01,B2,17,2026-05-04T06:19:00Z,2026-05-17T05:19:00Z
Y-700457,C-0040457,SLAB-500457,AREA-02,B3,18,2026-05-03T20:18:00Z,2026-05-05T19:18:00Z
Y-700458,C-0040458,SLAB-500458,AREA-03,B4,19,2026-05-03T11:19:00Z,2026-05-22T10:19:00Z
Y-700459,C-0040459,SLAB-500459,AREA-04,B5,20,2026-05-04T06:06:00Z,2026-05-11T05:06:00Z
Y-700460,C-0040460,SLAB-500460,AREA-05,B6,21,2026-05-04T12:06:00Z,2026-05-20T11:06:00Z
Y-700461,C-0040461,SLAB-500461,AREA-06,B7,22,2026-05-04T17:07:00Z,2026-05-12T16:07:00Z
Y-700462,C-0040462,SLAB-500462,AREA-07,B8,23,2026-05-04T02:01:00Z,2026-05-14T01:01:00Z
Y-700463,C-0040463,SLAB-500463,AREA-08,B9,24,2026-05-04T06:05:00Z,2026-05-10T05:05:00Z
Y-700464,C-0040464,SLAB-500464,AREA-09,B1,25,2026-05-03T21:06:00Z,2026-05-05T20:06:00Z
Y-700465,C-0040465,SLAB-500465,AREA-10,B2,26,2026-05-05T12:57:00Z,2026-05-13T11:57:00Z
Y-700466,C-0040466,SLAB-500466,AREA-11,B3,27,2026-05-04T16:03:00Z,2026-05-16T15:03:00Z
Y-700467,C-0040467,SLAB-500467,AREA-12,B4,28,2026-05-04T01:56:00Z,2026-05-22T00:56:00Z
Y-700468,C-0040468,SLAB-500468,AREA-13,B5,29,2026-05-04T13:36:00Z,2026-05-09T12:36:00Z
Y-700469,C-0040469,SLAB-500469,AREA-01,B6,30,2026-05-03T02:32:00Z,2026-05-18T01:32:00Z
Y-700470,C-0040470,SLAB-500470,AREA-02,B7,31,2026-05-03T17:29:00Z,2026-05-17T16:29:00Z
Y-700471,C-0040471,SLAB-500471,AREA-03,B8,32,2026-05-05T11:34:00Z,2026-05-19T10:34:00Z
Y-700472,C-0040472,SLAB-500472,AREA-04,B9,33,2026-05-04T01:32:00Z,2026-05-16T00:32:00Z
Y-700473,C-0040473,SLAB-500473,AREA-05,B1,34,2026-05-04T08:34:00Z,2026-05-06T07:34:00Z
Y-700474,C-0040474,SLAB-500474,AREA-06,B2,35,2026-05-05T04:32:00Z,2026-05-12T03:32:00Z
Y-700475,C-0040475,SLAB-500475,AREA-07,B3,36,2026-05-04T07:30:00Z,2026-05-17T06:30:00Z
Y-700476,C-0040476,SLAB-500476,AREA-08,B4,37,2026-05-03T07:32:00Z,2026-05-07T06:32:00Z
Y-700477,C-0040477,SLAB-500477,AREA-09,B5,38,2026-05-03T22:28:00Z,2026-05-09T21:28:00Z
Y-700478,C-0040478,SLAB-500478,AREA-10,B6,39,2026-05-05T08:27:00Z,2026-05-11T07:27:00Z
Y-700479,C-0040479,SLAB-500479,AREA-11,B7,40,2026-05-04T01:25:00Z,2026-05-12T00:25:00Z
Y-700480,C-0040480,SLAB-500480,AREA-12,B8,1,2026-05-03T17:36:00Z,2026-05-20T16:36:00Z
Y-700481,C-0040481,SLAB-500481,AREA-13,B9,2,2026-05-05T09:29:00Z,2026-05-19T08:29:00Z
Y-700482,C-0040482,SLAB-500482,AREA-01,B1,3,2026-05-05T11:33:00Z,2026-05-10T10:33:00Z
Y-700483,C-0040483,SLAB-500483,AREA-02,B2,4,2026-05-05T04:30:00Z,2026-05-14T03:30:00Z
Y-700484,C-0040484,SLAB-500484,AREA-03,B3,5,2026-05-03T14:58:00Z,2026-05-23T13:58:00Z
Y-700485,C-0040485,SLAB-500485,AREA-04,B4,6,2026-05-03T18:57:00Z,2026-05-17T17:57:00Z
Y-700486,C-0040486,SLAB-500486,AREA-05,B5,7,2026-05-03T10:03:00Z,2026-05-19T09:03:00Z
Y-700487,C-0040487,SLAB-500487,AREA-06,B6,8,2026-05-04T16:00:00Z,2026-05-12T15:00:00Z
Y-700488,C-0040488,SLAB-500488,AREA-07,B7,9,2026-05-04T05:57:00Z,2026-05-14T04:57:00Z
Y-700489,C-0040489,SLAB-500489,AREA-08,B8,10,2026-05-03T16:02:00Z,2026-05-22T15:02:00Z
Y-700490,C-0040490,SLAB-500490,AREA-09,B9,11,2026-05-05T06:05:00Z,2026-05-20T05:05:00Z
Y-700491,C-0040491,SLAB-500491,AREA-10,B1,12,2026-05-05T01:54:00Z,2026-05-15T00:54:00Z
Y-700492,C-0040492,SLAB-500492,AREA-11,B2,13,2026-05-04T08:01:00Z,2026-05-10T07:01:00Z
Y-700493,C-0040493,SLAB-500493,AREA-12,B3,14,2026-05-03T11:55:00Z,2026-05-21T10:55:00Z
Y-700494,C-0040494,SLAB-500494,AREA-13,B4,15,2026-05-04T04:01:00Z,2026-05-07T03:01:00Z
Y-700495,C-0040495,SLAB-500495,AREA-01,B5,16,2026-05-03T19:59:00Z,2026-05-18T18:59:00Z
Y-700496,C-0040496,SLAB-500496,AREA-02,B6,17,2026-05-05T01:54:00Z,2026-05-15T00:54:00Z
Y-700497,C-0040497,SLAB-500497,AREA-03,B7,18,2026-05-04T19:55:00Z,2026-05-11T18:55:00Z
Y-700498,C-0040498,SLAB-500498,AREA-04,B8,19,2026-05-04T04:05:00Z,2026-05-22T03:05:00Z
Y-700499,C-0040499,SLAB-500499,AREA-05,B9,20,2026-05-05T04:59:00Z,2026-05-25T03:59:00Z
Y-700500,C-0040500,SLAB-500500,AREA-06,B1,21,2026-05-05T19:58:00Z,2026-05-21T18:58:00Z
Y-700501,C-0040501,SLAB-500501,AREA-07,B2,22,2026-05-03T09:57:00Z,2026-05-05T08:57:00Z
Y-700502,C-0040502,SLAB-500502,AREA-08,B3,23,2026-05-04T16:55:00Z,2026-05-08T15:55:00Z
Y-700503,C-0040503,SLAB-500503,AREA-09,B4,24,2026-05-04T10:24:00Z,2026-05-22T09:24:00Z
Y-700504,C-0040504,SLAB-500504,AREA-10,B5,25,2026-05-03T19:27:00Z,2026-05-10T18:27:00Z
Y-700505,C-0040505,SLAB-500505,AREA-11,B6,26,2026-05-04T11:27:00Z,2026-05-20T10:27:00Z
Y-700506,C-0040506,SLAB-500506,AREA-12,B7,27,2026-05-05T05:29:00Z,2026-05-19T04:29:00Z
Y-700507,C-0040507,SLAB-500507,AREA-13,B8,28,2026-05-05T03:29:00Z,2026-05-07T02:29:00Z
Y-700508,C-0040508,SLAB-500508,AREA-01,B9,29,2026-05-04T13:30:00Z,2026-05-14T12:30:00Z
Y-700509,C-0040509,SLAB-500509,AREA-02,B1,30,2026-05-04T16:26:00Z,2026-05-20T15:26:00Z
Y-700510,C-0040510,SLAB-500510,AREA-03,B2,31,2026-05-05T05:23:00Z,2026-05-08T04:23:00Z
Y-700511,C-0040511,SLAB-500511,AREA-04,B3,32,2026-05-05T00:26:00Z,2026-05-14T23:26:00Z
Y-700512,C-0040512,SLAB-500512,AREA-05,B4,33,2026-05-05T16:22:00Z,2026-05-24T15:22:00Z
Y-700513,C-0040513,SLAB-500513,AREA-06,B5,34,2026-05-03T08:19:00Z,2026-05-07T07:19:00Z
Y-700514,C-0040514,SLAB-500514,AREA-07,B6,35,2026-05-03T15:22:00Z,2026-05-23T14:22:00Z
Y-700515,C-0040515,SLAB-500515,AREA-08,B7,36,2026-05-04T04:25:00Z,2026-05-23T03:25:00Z
Y-700516,C-0040516,SLAB-500516,AREA-09,B8,37,2026-05-04T00:28:00Z,2026-05-05T23:28:00Z
Y-700517,C-0040517,SLAB-500517,AREA-10,B9,38,2026-05-03T23:19:00Z,2026-05-21T22:19:00Z
Y-700518,C-0040518,SLAB-500518,AREA-11,B1,39,2026-05-03T14:22:00Z,2026-05-05T13:22:00Z
Y-700519,C-0040519,SLAB-500519,AREA-12,B2,40,2026-05-04T21:11:00Z,2026-05-13T20:11:00Z
Y-700520,C-0040520,SLAB-500520,AREA-13,B3,1,2026-05-05T08:09:00Z,2026-05-17T07:09:00Z
Y-700521,C-0040521,SLAB-500521,AREA-01,B4,2,2026-05-04T02:04:00Z,2026-05-12T01:04:00Z
Y-700522,C-0040522,SLAB-500522,AREA-02,B5,3,2026-05-04T18:06:00Z,2026-05-17T17:06:00Z
Y-700523,C-0040523,SLAB-500523,AREA-03,B6,4,2026-05-05T10:05:00Z,2026-05-19T09:05:00Z
Y-700524,C-0040524,SLAB-500524,AREA-04,B7,5,2026-05-04T17:05:00Z,2026-05-11T16:05:00Z
Y-700525,C-0040525,SLAB-500525,AREA-05,B8,6,2026-05-04T21:02:00Z,2026-05-16T20:02:00Z
Y-700526,C-0040526,SLAB-500526,AREA-06,B9,7,2026-05-03T07:43:00Z,2026-05-22T06:43:00Z
Y-700527,C-0040527,SLAB-500527,AREA-07,B1,8,2026-05-03T03:36:00Z,2026-05-08T02:36:00Z
Y-700528,C-0040528,SLAB-500528,AREA-08,B2,9,2026-05-04T17:36:00Z,2026-05-23T16:36:00Z
Y-700529,C-0040529,SLAB-500529,AREA-09,B3,10,2026-05-05T01:42:00Z,2026-05-23T00:42:00Z
Y-700530,C-0040530,SLAB-500530,AREA-10,B4,11,2026-05-05T07:35:00Z,2026-05-22T06:35:00Z
Y-700531,C-0040531,SLAB-500531,AREA-11,B5,12,2026-05-04T22:35:00Z,2026-05-23T21:35:00Z
Y-700532,C-0040532,SLAB-500532,AREA-12,B6,13,2026-05-05T13:41:00Z,2026-05-25T12:41:00Z
Y-700533,C-0040533,SLAB-500533,AREA-13,B7,14,2026-05-03T18:33:00Z,2026-05-09T17:33:00Z
Y-700534,C-0040534,SLAB-500534,AREA-01,B8,15,2026-05-03T13:31:00Z,2026-05-13T12:31:00Z
Y-700535,C-0040535,SLAB-500535,AREA-02,B9,16,2026-05-04T22:11:00Z,2026-05-16T21:11:00Z
Y-700536,C-0040536,SLAB-500536,AREA-03,B1,17,2026-05-04T07:09:00Z,2026-05-06T06:09:00Z
Y-700537,C-0040537,SLAB-500537,AREA-04,B2,18,2026-05-03T14:09:00Z,2026-05-20T13:09:00Z
Y-700538,C-0040538,SLAB-500538,AREA-05,B3,19,2026-05-05T06:13:00Z,2026-05-11T05:13:00Z
Y-700539,C-0040539,SLAB-500539,AREA-06,B4,20,2026-05-04T10:09:00Z,2026-05-20T09:09:00Z
Y-700540,C-0040540,SLAB-500540,AREA-07,B5,21,2026-05-04T20:13:00Z,2026-05-20T19:13:00Z
Y-700541,C-0040541,SLAB-500541,AREA-08,B6,22,2026-05-04T09:10:00Z,2026-05-08T08:10:00Z
Y-700542,C-0040542,SLAB-500542,AREA-09,B7,23,2026-05-04T13:14:00Z,2026-05-17T12:14:00Z
Y-700543,C-0040543,SLAB-500543,AREA-10,B8,24,2026-05-04T12:11:00Z,2026-05-22T11:11:00Z
Y-700544,C-0040544,SLAB-500544,AREA-11,B9,25,2026-05-05T18:17:00Z,2026-05-20T17:17:00Z
Y-700545,C-0040545,SLAB-500545,AREA-12,B1,26,2026-05-04T16:10:00Z,2026-05-08T15:10:00Z
Y-700546,C-0040546,SLAB-500546,AREA-13,B2,27,2026-05-04T23:39:00Z,2026-05-12T22:39:00Z
Y-700547,C-0040547,SLAB-500547,AREA-01,B3,28,2026-05-04T06:40:00Z,2026-05-14T05:40:00Z
Y-700548,C-0040548,SLAB-500548,AREA-02,B4,29,2026-05-04T05:41:00Z,2026-05-06T04:41:00Z
Y-700549,C-0040549,SLAB-500549,AREA-03,B5,30,2026-05-04T17:36:00Z,2026-05-13T16:36:00Z
Y-700550,C-0040550,SLAB-500550,AREA-04,B6,31,2026-05-03T19:39:00Z,2026-05-05T18:39:00Z
Y-700551,C-0040551,SLAB-500551,AREA-05,B7,32,2026-05-03T21:34:00Z,2026-05-14T20:34:00Z
Y-700552,C-0040552,SLAB-500552,AREA-06,B8,33,2026-05-04T06:43:00Z,2026-05-12T05:43:00Z
Y-700553,C-0040553,SLAB-500553,AREA-07,B9,34,2026-05-03T15:37:00Z,2026-05-12T14:37:00Z
Y-700554,C-0040554,SLAB-500554,AREA-08,B1,35,2026-05-05T07:33:00Z,2026-05-11T06:33:00Z
Y-700555,C-0040555,SLAB-500555,AREA-09,B2,36,2026-05-05T07:42:00Z,2026-05-12T06:42:00Z
Y-700556,C-0040556,SLAB-500556,AREA-10,B3,37,2026-05-05T09:17:00Z,2026-05-16T08:17:00Z
Y-700557,C-0040557,SLAB-500557,AREA-11,B4,38,2026-05-03T13:16:00Z,2026-05-13T12:16:00Z
Y-700558,C-0040558,SLAB-500558,AREA-12,B5,39,2026-05-04T22:21:00Z,2026-05-14T21:21:00Z
Y-700559,C-0040559,SLAB-500559,AREA-13,B6,40,2026-05-05T01:16:00Z,2026-05-15T00:16:00Z
Y-700560,C-0040560,SLAB-500560,AREA-01,B7,1,2026-05-04T08:19:00Z,2026-05-14T07:19:00Z
Y-700561,C-0040561,SLAB-500561,AREA-02,B8,2,2026-05-04T19:20:00Z,2026-05-22T18:20:00Z
Y-700562,C-0040562,SLAB-500562,AREA-03,B9,3,2026-05-04T21:17:00Z,2026-05-14T20:17:00Z
Y-700563,C-0040563,SLAB-500563,AREA-04,B1,4,2026-05-05T08:17:00Z,2026-05-09T07:17:00Z
Y-700564,C-0040564,SLAB-500564,AREA-05,B2,5,2026-05-03T06:18:00Z,2026-05-21T05:18:00Z
Y-700565,C-0040565,SLAB-500565,AREA-06,B3,6,2026-05-05T14:18:00Z,2026-05-08T13:18:00Z
Y-700566,C-0040566,SLAB-500566,AREA-07,B4,7,2026-05-04T04:23:00Z,2026-05-13T03:23:00Z
Y-700567,C-0040567,SLAB-500567,AREA-08,B5,8,2026-05-05T07:12:00Z,2026-05-18T06:12:00Z
Y-700568,C-0040568,SLAB-500568,AREA-09,B6,9,2026-05-04T13:13:00Z,2026-05-22T12:13:00Z
Y-700569,C-0040569,SLAB-500569,AREA-10,B7,10,2026-05-04T23:12:00Z,2026-05-09T22:12:00Z
Y-700570,C-0040570,SLAB-500570,AREA-11,B8,11,2026-05-04T20:18:00Z,2026-05-06T19:18:00Z
Y-700571,C-0040571,SLAB-500571,AREA-12,B9,12,2026-05-04T14:13:00Z,2026-05-10T13:13:00Z
Y-700572,C-0040572,SLAB-500572,AREA-13,B1,13,2026-05-04T06:14:00Z,2026-05-23T05:14:00Z
Y-700573,C-0040573,SLAB-500573,AREA-01,B2,14,2026-05-05T21:17:00Z,2026-05-22T20:17:00Z
Y-700574,C-0040574,SLAB-500574,AREA-02,B3,15,2026-05-05T04:13:00Z,2026-05-14T03:13:00Z
Y-700575,C-0040575,SLAB-500575,AREA-03,B4,16,2026-05-04T17:11:00Z,2026-05-22T16:11:00Z
Y-700576,C-0040576,SLAB-500576,AREA-04,B5,17,2026-05-04T17:58:00Z,2026-05-21T16:58:00Z
Y-700577,C-0040577,SLAB-500577,AREA-05,B6,18,2026-05-04T11:51:00Z,2026-05-14T10:51:00Z
Y-700578,C-0040578,SLAB-500578,AREA-06,B7,19,2026-05-04T11:51:00Z,2026-05-08T10:51:00Z
Y-700579,C-0040579,SLAB-500579,AREA-07,B8,20,2026-05-04T04:50:00Z,2026-05-18T03:50:00Z
Y-700580,C-0040580,SLAB-500580,AREA-08,B9,21,2026-05-05T00:55:00Z,2026-05-23T23:55:00Z
Y-700581,C-0040581,SLAB-500581,AREA-09,B1,22,2026-05-05T16:58:00Z,2026-05-22T15:58:00Z
Y-700582,C-0040582,SLAB-500582,AREA-10,B2,23,2026-05-05T16:51:00Z,2026-05-08T15:51:00Z
Y-700583,C-0040583,SLAB-500583,AREA-11,B3,24,2026-05-03T11:54:00Z,2026-05-16T10:54:00Z
Y-700584,C-0040584,SLAB-500584,AREA-12,B4,25,2026-05-04T13:47:00Z,2026-05-17T12:47:00Z
Y-700585,C-0040585,SLAB-500585,AREA-13,B5,26,2026-05-04T08:59:00Z,2026-05-22T07:59:00Z
Y-700586,C-0040586,SLAB-500586,AREA-01,B6,27,2026-05-03T15:00:00Z,2026-05-09T14:00:00Z
Y-700587,C-0040587,SLAB-500587,AREA-02,B7,28,2026-05-05T08:49:00Z,2026-05-23T07:49:00Z
Y-700588,C-0040588,SLAB-500588,AREA-03,B8,29,2026-05-04T03:48:00Z,2026-05-08T02:48:00Z
Y-700589,C-0040589,SLAB-500589,AREA-04,B9,30,2026-05-04T04:46:00Z,2026-05-18T03:46:00Z
Y-700590,C-0040590,SLAB-500590,AREA-05,B1,31,2026-05-04T11:45:00Z,2026-05-21T10:45:00Z
Y-700591,C-0040591,SLAB-500591,AREA-06,B2,32,2026-05-05T03:48:00Z,2026-05-25T02:48:00Z
Y-700592,C-0040592,SLAB-500592,AREA-07,B3,33,2026-05-04T03:42:00Z,2026-05-13T02:42:00Z
Y-700593,C-0040593,SLAB-500593,AREA-08,B4,34,2026-05-04T04:40:00Z,2026-05-17T03:40:00Z
Y-700594,C-0040594,SLAB-500594,AREA-09,B5,35,2026-05-04T12:44:00Z,2026-05-20T11:44:00Z
Y-700595,C-0040595,SLAB-500595,AREA-10,B6,36,2026-05-05T02:41:00Z,2026-05-13T01:41:00Z
Y-700596,C-0040596,SLAB-500596,AREA-11,B7,37,2026-05-05T12:46:00Z,2026-05-07T11:46:00Z
Y-700597,C-0040597,SLAB-500597,AREA-12,B8,38,2026-05-04T22:18:00Z,2026-05-11T21:18:00Z
Y-700598,C-0040598,SLAB-500598,AREA-13,B9,39,2026-05-03T18:25:00Z,2026-05-13T17:25:00Z
Y-700599,C-0040599,SLAB-500599,AREA-01,B1,40,2026-05-05T20:18:00Z,2026-05-10T19:18:00Z
Y-700600,C-0040600,SLAB-500600,AREA-02,B2,1,2026-05-05T00:28:00Z,2026-05-12T23:28:00Z
Y-700601,C-0040601,SLAB-500601,AREA-03,B3,2,2026-05-04T05:15:00Z,2026-05-13T04:15:00Z
Y-700602,C-0040602,SLAB-500602,AREA-04,B4,3,2026-05-03T13:23:00Z,2026-05-15T12:23:00Z
Y-700603,C-0040603,SLAB-500603,AREA-05,B5,4,2026-05-04T13:21:00Z,2026-05-13T12:21:00Z
Y-700604,C-0040604,SLAB-500604,AREA-06,B6,5,2026-05-04T04:21:00Z,2026-05-08T03:21:00Z
Y-700605,C-0040605,SLAB-500605,AREA-07,B7,6,2026-05-05T08:23:00Z,2026-05-15T07:23:00Z
Y-700606,C-0040606,SLAB-500606,AREA-08,B8,7,2026-05-04T07:21:00Z,2026-05-22T06:21:00Z
Y-700607,C-0040607,SLAB-500607,AREA-09,B9,8,2026-05-04T06:21:00Z,2026-05-07T05:21:00Z
Y-700608,C-0040608,SLAB-500608,AREA-10,B1,9,2026-05-05T04:17:00Z,2026-05-21T03:17:00Z
Y-700609,C-0040609,SLAB-500609,AREA-11,B2,10,2026-05-04T23:13:00Z,2026-05-06T22:13:00Z
Y-700610,C-0040610,SLAB-500610,AREA-12,B3,11,2026-05-05T07:09:00Z,2026-05-10T06:09:00Z
Y-700611,C-0040611,SLAB-500611,AREA-13,B4,12,2026-05-03T16:14:00Z,2026-05-09T15:14:00Z
Y-700612,C-0040612,SLAB-500612,AREA-01,B5,13,2026-05-05T02:15:00Z,2026-05-10T01:15:00Z
Y-700613,C-0040613,SLAB-500613,AREA-02,B6,14,2026-05-04T14:18:00Z,2026-05-24T13:18:00Z
Y-700614,C-0040614,SLAB-500614,AREA-03,B7,15,2026-05-04T16:17:00Z,2026-05-19T15:17:00Z
Y-700615,C-0040615,SLAB-500615,AREA-04,B8,16,2026-05-04T06:10:00Z,2026-05-16T05:10:00Z
Y-700616,C-0040616,SLAB-500616,AREA-05,B9,17,2026-05-03T20:14:00Z,2026-05-12T19:14:00Z
Y-700617,C-0040617,SLAB-500617,AREA-06,B1,18,2026-05-04T14:24:00Z,2026-05-14T13:24:00Z
Y-700618,C-0040618,SLAB-500618,AREA-07,B2,19,2026-05-03T21:27:00Z,2026-05-12T20:27:00Z
Y-700619,C-0040619,SLAB-500619,AREA-08,B3,20,2026-05-04T10:26:00Z,2026-05-11T09:26:00Z
Y-700620,C-0040620,SLAB-500620,AREA-09,B4,21,2026-05-03T22:27:00Z,2026-05-09T21:27:00Z
Y-700621,C-0040621,SLAB-500621,AREA-10,B5,22,2026-05-04T21:26:00Z,2026-05-12T20:26:00Z
Y-700622,C-0040622,SLAB-500622,AREA-11,B6,23,2026-05-05T05:30:00Z,2026-05-09T04:30:00Z
Y-700623,C-0040623,SLAB-500623,AREA-12,B7,24,2026-05-05T21:21:00Z,2026-05-14T20:21:00Z
Y-700624,C-0040624,SLAB-500624,AREA-13,B8,25,2026-05-05T04:31:00Z,2026-05-08T03:31:00Z
Y-700625,C-0040625,SLAB-500625,AREA-01,B9,26,2026-05-05T03:31:00Z,2026-05-22T02:31:00Z
Y-700626,C-0040626,SLAB-500626,AREA-02,B1,27,2026-05-04T16:34:00Z,2026-05-18T15:34:00Z
Y-700627,C-0040627,SLAB-500627,AREA-03,B2,28,2026-05-04T11:29:00Z,2026-05-19T10:29:00Z
Y-700628,C-0040628,SLAB-500628,AREA-04,B3,29,2026-05-05T03:33:00Z,2026-05-14T02:33:00Z
Y-700629,C-0040629,SLAB-500629,AREA-05,B4,30,2026-05-04T18:31:00Z,2026-05-09T17:31:00Z
Y-700630,C-0040630,SLAB-500630,AREA-06,B5,31,2026-05-05T06:34:00Z,2026-05-22T05:34:00Z
Y-700631,C-0040631,SLAB-500631,AREA-07,B6,32,2026-05-05T07:02:00Z,2026-05-08T06:02:00Z
Y-700632,C-0040632,SLAB-500632,AREA-08,B7,33,2026-05-04T21:52:00Z,2026-05-08T20:52:00Z
Y-700633,C-0040633,SLAB-500633,AREA-09,B8,34,2026-05-04T05:50:00Z,2026-05-18T04:50:00Z
Y-700634,C-0040634,SLAB-500634,AREA-10,B9,35,2026-05-05T06:56:00Z,2026-05-24T05:56:00Z
Y-700635,C-0040635,SLAB-500635,AREA-11,B1,36,2026-05-04T19:01:00Z,2026-05-14T18:01:00Z
Y-700636,C-0040636,SLAB-500636,AREA-12,B2,37,2026-05-04T11:56:00Z,2026-05-24T10:56:00Z
Y-700637,C-0040637,SLAB-500637,AREA-13,B3,38,2026-05-04T21:55:00Z,2026-05-10T20:55:00Z
Y-700638,C-0040638,SLAB-500638,AREA-01,B4,39,2026-05-05T05:44:00Z,2026-05-13T04:44:00Z
Y-700639,C-0040639,SLAB-500639,AREA-02,B5,40,2026-05-05T12:46:00Z,2026-05-18T11:46:00Z
Y-700640,C-0040640,SLAB-500640,AREA-03,B6,1,2026-05-05T00:47:00Z,2026-05-24T23:47:00Z
Y-700641,C-0040641,SLAB-500641,AREA-04,B7,2,2026-05-04T22:43:00Z,2026-05-14T21:43:00Z
Y-700642,C-0040642,SLAB-500642,AREA-05,B8,3,2026-05-05T08:44:00Z,2026-05-24T07:44:00Z
Y-700643,C-0040643,SLAB-500643,AREA-06,B9,4,2026-05-04T20:43:00Z,2026-05-20T19:43:00Z
Y-700644,C-0040644,SLAB-500644,AREA-07,B1,5,2026-05-04T00:46:00Z,2026-05-22T23:46:00Z
Y-700645,C-0040645,SLAB-500645,AREA-08,B2,6,2026-05-04T06:46:00Z,2026-05-10T05:46:00Z
Y-700646,C-0040646,SLAB-500646,AREA-09,B3,7,2026-05-04T06:45:00Z,2026-05-19T05:45:00Z
Y-700647,C-0040647,SLAB-500647,AREA-10,B4,8,2026-05-05T13:47:00Z,2026-05-21T12:47:00Z
Y-700648,C-0040648,SLAB-500648,AREA-11,B5,9,2026-05-04T17:44:00Z,2026-05-14T16:44:00Z
Y-700649,C-0040649,SLAB-500649,AREA-12,B6,10,2026-05-05T12:34:00Z,2026-05-10T11:34:00Z
Y-700650,C-0040650,SLAB-500650,AREA-13,B7,11,2026-05-03T22:38:00Z,2026-05-11T21:38:00Z
Y-700651,C-0040651,SLAB-500651,AREA-01,B8,12,2026-05-04T23:40:00Z,2026-05-20T22:40:00Z
Y-700652,C-0040652,SLAB-500652,AREA-02,B9,13,2026-05-04T19:31:00Z,2026-05-23T18:31:00Z
Y-700653,C-0040653,SLAB-500653,AREA-03,B1,14,2026-05-05T03:39:00Z,2026-05-20T02:39:00Z
Y-700654,C-0040654,SLAB-500654,AREA-04,B2,15,2026-05-05T10:33:00Z,2026-05-16T09:33:00Z
Y-700655,C-0040655,SLAB-500655,AREA-05,B3,16,2026-05-04T21:34:00Z,2026-05-09T20:34:00Z
Y-700656,C-0040656,SLAB-500656,AREA-06,B4,17,2026-05-04T14:40:00Z,2026-05-22T13:40:00Z
Y-700657,C-0040657,SLAB-500657,AREA-07,B5,18,2026-05-05T22:35:00Z,2026-05-10T21:35:00Z
Y-700658,C-0040658,SLAB-500658,AREA-08,B6,19,2026-05-04T03:47:00Z,2026-05-12T02:47:00Z
Y-700659,C-0040659,SLAB-500659,AREA-09,B7,20,2026-05-04T15:49:00Z,2026-05-21T14:49:00Z
Y-700660,C-0040660,SLAB-500660,AREA-10,B8,21,2026-05-04T13:46:00Z,2026-05-14T12:46:00Z
Y-700661,C-0040661,SLAB-500661,AREA-11,B9,22,2026-05-04T11:47:00Z,2026-05-15T10:47:00Z
Y-700662,C-0040662,SLAB-500662,AREA-12,B1,23,2026-05-04T17:50:00Z,2026-05-09T16:50:00Z
Y-700663,C-0040663,SLAB-500663,AREA-13,B2,24,2026-05-05T01:50:00Z,2026-05-22T00:50:00Z
Y-700664,C-0040664,SLAB-500664,AREA-01,B3,25,2026-05-05T11:53:00Z,2026-05-19T10:53:00Z
Y-700665,C-0040665,SLAB-500665,AREA-02,B4,26,2026-05-03T21:46:00Z,2026-05-16T20:46:00Z
Y-700666,C-0040666,SLAB-500666,AREA-03,B5,27,2026-05-04T15:51:00Z,2026-05-15T14:51:00Z
Y-700667,C-0040667,SLAB-500667,AREA-04,B6,28,2026-05-04T07:51:00Z,2026-05-06T06:51:00Z
Y-700668,C-0040668,SLAB-500668,AREA-05,B7,29,2026-05-05T07:57:00Z,2026-05-09T06:57:00Z
Y-700669,C-0040669,SLAB-500669,AREA-06,B8,30,2026-05-05T19:50:00Z,2026-05-19T18:50:00Z
Y-700670,C-0040670,SLAB-500670,AREA-07,B9,31,2026-05-05T05:54:00Z,2026-05-10T04:54:00Z
Y-700671,C-0040671,SLAB-500671,AREA-08,B1,32,2026-05-04T12:57:00Z,2026-05-16T11:57:00Z
Y-700672,C-0040672,SLAB-500672,AREA-09,B2,33,2026-05-05T19:51:00Z,2026-05-18T18:51:00Z
Y-700673,C-0040673,SLAB-500673,AREA-10,B3,34,2026-05-04T16:56:00Z,2026-05-17T15:56:00Z
Y-700674,C-0040674,SLAB-500674,AREA-11,B4,35,2026-05-03T15:53:00Z,2026-05-13T14:53:00Z
Y-700675,C-0040675,SLAB-500675,AREA-12,B5,36,2026-05-05T22:48:00Z,2026-05-09T21:48:00Z
Y-700676,C-0040676,SLAB-500676,AREA-13,B6,37,2026-05-05T03:48:00Z,2026-05-25T02:48:00Z
Y-700677,C-0040677,SLAB-500677,AREA-01,B7,38,2026-05-05T06:48:00Z,2026-05-21T05:48:00Z
Y-700678,C-0040678,SLAB-500678,AREA-02,B8,39,2026-05-05T00:37:00Z,2026-05-24T23:37:00Z
Y-700679,C-0040679,SLAB-500679,AREA-03,B9,40,2026-05-04T12:25:00Z,2026-05-11T11:25:00Z
Y-700680,C-0040680,SLAB-500680,AREA-04,B1,1,2026-05-04T19:30:00Z,2026-05-09T18:30:00Z
Y-700681,C-0040681,SLAB-500681,AREA-05,B2,2,2026-05-05T10:33:00Z,2026-05-15T09:33:00Z
Y-700682,C-0040682,SLAB-500682,AREA-06,B3,3,2026-05-04T00:33:00Z,2026-05-14T23:33:00Z
Y-700683,C-0040683,SLAB-500683,AREA-07,B4,4,2026-05-03T23:25:00Z,2026-05-20T22:25:00Z
Y-700684,C-0040684,SLAB-500684,AREA-08,B5,5,2026-05-05T20:28:00Z,2026-05-07T19:28:00Z
Y-700685,C-0040685,SLAB-500685,AREA-09,B6,6,2026-05-06T01:31:00Z,2026-05-13T00:31:00Z
Y-700686,C-0040686,SLAB-500686,AREA-10,B7,7,2026-05-05T17:26:00Z,2026-05-15T16:26:00Z
Y-700687,C-0040687,SLAB-500687,AREA-11,B8,8,2026-05-04T16:34:00Z,2026-05-15T15:34:00Z
Y-700688,C-0040688,SLAB-500688,AREA-12,B9,9,2026-05-04T19:28:00Z,2026-05-15T18:28:00Z
Y-700689,C-0040689,SLAB-500689,AREA-13,B1,10,2026-05-04T22:26:00Z,2026-05-11T21:26:00Z
Y-700690,C-0040690,SLAB-500690,AREA-01,B2,11,2026-05-04T01:27:00Z,2026-05-06T00:27:00Z
Y-700691,C-0040691,SLAB-500691,AREA-02,B3,12,2026-05-05T22:27:00Z,2026-05-18T21:27:00Z
Y-700692,C-0040692,SLAB-500692,AREA-03,B4,13,2026-05-05T01:23:00Z,2026-05-07T00:23:00Z
Y-700693,C-0040693,SLAB-500693,AREA-04,B5,14,2026-05-05T17:22:00Z,2026-05-23T16:22:00Z
Y-700694,C-0040694,SLAB-500694,AREA-05,B6,15,2026-05-03T23:22:00Z,2026-05-09T22:22:00Z
Y-700695,C-0040695,SLAB-500695,AREA-06,B7,16,2026-05-05T01:22:00Z,2026-05-10T00:22:00Z
Y-700696,C-0040696,SLAB-500696,AREA-07,B8,17,2026-05-06T04:28:00Z,2026-05-16T03:28:00Z
Y-700697,C-0040697,SLAB-500697,AREA-08,B9,18,2026-05-04T01:20:00Z,2026-05-06T00:20:00Z
Y-700698,C-0040698,SLAB-500698,AREA-09,B1,19,2026-05-06T11:07:00Z,2026-05-11T10:07:00Z
Y-700699,C-0040699,SLAB-500699,AREA-10,B2,20,2026-05-05T01:00:00Z,2026-05-23T00:00:00Z
Y-700700,C-0040700,SLAB-500700,AREA-11,B3,21,2026-05-05T16:05:00Z,2026-05-25T15:05:00Z
Y-700701,C-0040701,SLAB-500701,AREA-12,B4,22,2026-05-04T22:59:00Z,2026-05-11T21:59:00Z
Y-700702,C-0040702,SLAB-500702,AREA-13,B5,23,2026-05-04T10:03:00Z,2026-05-17T09:03:00Z
Y-700703,C-0040703,SLAB-500703,AREA-01,B6,24,2026-05-05T06:03:00Z,2026-05-07T05:03:00Z
Y-700704,C-0040704,SLAB-500704,AREA-02,B7,25,2026-05-05T01:01:00Z,2026-05-17T00:01:00Z
Y-700705,C-0040705,SLAB-500705,AREA-03,B8,26,2026-05-04T15:06:00Z,2026-05-15T14:06:00Z
Y-700706,C-0040706,SLAB-500706,AREA-04,B9,27,2026-05-04T13:43:00Z,2026-05-24T12:43:00Z
Y-700707,C-0040707,SLAB-500707,AREA-05,B1,28,2026-05-05T11:40:00Z,2026-05-10T10:40:00Z
Y-700708,C-0040708,SLAB-500708,AREA-06,B2,29,2026-05-05T01:33:00Z,2026-05-11T00:33:00Z
Y-700709,C-0040709,SLAB-500709,AREA-07,B3,30,2026-05-05T01:36:00Z,2026-05-21T00:36:00Z
Y-700710,C-0040710,SLAB-500710,AREA-08,B4,31,2026-05-04T17:42:00Z,2026-05-13T16:42:00Z
Y-700711,C-0040711,SLAB-500711,AREA-09,B5,32,2026-05-05T02:34:00Z,2026-05-09T01:34:00Z
Y-700712,C-0040712,SLAB-500712,AREA-10,B6,33,2026-05-04T07:41:00Z,2026-05-24T06:41:00Z
Y-700713,C-0040713,SLAB-500713,AREA-11,B7,34,2026-05-04T07:35:00Z,2026-05-19T06:35:00Z
Y-700714,C-0040714,SLAB-500714,AREA-12,B8,35,2026-05-05T02:59:00Z,2026-05-23T01:59:00Z
Y-700715,C-0040715,SLAB-500715,AREA-13,B9,36,2026-05-05T19:04:00Z,2026-05-19T18:04:00Z
Y-700716,C-0040716,SLAB-500716,AREA-01,B1,37,2026-05-04T21:08:00Z,2026-05-11T20:08:00Z
Y-700717,C-0040717,SLAB-500717,AREA-02,B2,38,2026-05-06T06:03:00Z,2026-05-23T05:03:00Z
Y-700718,C-0040718,SLAB-500718,AREA-03,B3,39,2026-05-04T21:03:00Z,2026-05-08T20:03:00Z
Y-700719,C-0040719,SLAB-500719,AREA-04,B4,40,2026-05-05T14:03:00Z,2026-05-22T13:03:00Z
Y-700720,C-0040720,SLAB-500720,AREA-05,B5,1,2026-05-04T13:01:00Z,2026-05-14T12:01:00Z
Y-700721,C-0040721,SLAB-500721,AREA-06,B6,2,2026-05-05T07:02:00Z,2026-05-24T06:02:00Z
Y-700722,C-0040722,SLAB-500722,AREA-07,B7,3,2026-05-05T12:02:00Z,2026-05-22T11:02:00Z
Y-700723,C-0040723,SLAB-500723,AREA-08,B8,4,2026-05-04T11:01:00Z,2026-05-16T10:01:00Z
Y-700724,C-0040724,SLAB-500724,AREA-09,B9,5,2026-05-04T09:00:00Z,2026-05-07T08:00:00Z
Y-700725,C-0040725,SLAB-500725,AREA-10,B1,6,2026-05-05T10:05:00Z,2026-05-15T09:05:00Z
Y-700726,C-0040726,SLAB-500726,AREA-11,B2,7,2026-05-04T12:04:00Z,2026-05-08T11:04:00Z
Y-700727,C-0040727,SLAB-500727,AREA-12,B3,8,2026-05-05T13:01:00Z,2026-05-23T12:01:00Z
Y-700728,C-0040728,SLAB-500728,AREA-13,B4,9,2026-05-05T06:57:00Z,2026-05-22T05:57:00Z
Y-700729,C-0040729,SLAB-500729,AREA-01,B5,10,2026-05-05T14:57:00Z,2026-05-17T13:57:00Z
Y-700730,C-0040730,SLAB-500730,AREA-02,B6,11,2026-05-05T17:57:00Z,2026-05-24T16:57:00Z
Y-700731,C-0040731,SLAB-500731,AREA-03,B7,12,2026-05-04T14:02:00Z,2026-05-18T13:02:00Z
Y-700732,C-0040732,SLAB-500732,AREA-04,B8,13,2026-05-05T06:44:00Z,2026-05-16T05:44:00Z
Y-700733,C-0040733,SLAB-500733,AREA-05,B9,14,2026-05-04T17:44:00Z,2026-05-20T16:44:00Z
Y-700734,C-0040734,SLAB-500734,AREA-06,B1,15,2026-05-05T14:43:00Z,2026-05-17T13:43:00Z
Y-700735,C-0040735,SLAB-500735,AREA-07,B2,16,2026-05-06T01:46:00Z,2026-05-26T00:46:00Z
Y-700736,C-0040736,SLAB-500736,AREA-08,B3,17,2026-05-05T08:46:00Z,2026-05-18T07:46:00Z
Y-700737,C-0040737,SLAB-500737,AREA-09,B4,18,2026-05-04T04:46:00Z,2026-05-08T03:46:00Z
Y-700738,C-0040738,SLAB-500738,AREA-10,B5,19,2026-05-05T03:40:00Z,2026-05-09T02:40:00Z
Y-700739,C-0040739,SLAB-500739,AREA-11,B6,20,2026-05-05T12:09:00Z,2026-05-17T11:09:00Z
Y-700740,C-0040740,SLAB-500740,AREA-12,B7,21,2026-05-05T11:06:00Z,2026-05-17T10:06:00Z
Y-700741,C-0040741,SLAB-500741,AREA-13,B8,22,2026-05-05T19:06:00Z,2026-05-24T18:06:00Z
Y-700742,C-0040742,SLAB-500742,AREA-01,B9,23,2026-05-05T17:05:00Z,2026-05-21T16:05:00Z
Y-700743,C-0040743,SLAB-500743,AREA-02,B1,24,2026-05-04T13:02:00Z,2026-05-22T12:02:00Z
Y-700744,C-0040744,SLAB-500744,AREA-03,B2,25,2026-05-05T04:08:00Z,2026-05-16T03:08:00Z
Y-700745,C-0040745,SLAB-500745,AREA-04,B3,26,2026-05-04T21:06:00Z,2026-05-12T20:06:00Z
Y-700746,C-0040746,SLAB-500746,AREA-05,B4,27,2026-05-06T14:05:00Z,2026-05-10T13:05:00Z
Y-700747,C-0040747,SLAB-500747,AREA-06,B5,28,2026-05-04T15:05:00Z,2026-05-15T14:05:00Z
Y-700748,C-0040748,SLAB-500748,AREA-07,B6,29,2026-05-05T08:39:00Z,2026-05-23T07:39:00Z
Y-700749,C-0040749,SLAB-500749,AREA-08,B7,30,2026-05-04T12:38:00Z,2026-05-12T11:38:00Z
Y-700750,C-0040750,SLAB-500750,AREA-09,B8,31,2026-05-05T01:37:00Z,2026-05-15T00:37:00Z
Y-700751,C-0040751,SLAB-500751,AREA-10,B9,32,2026-05-05T22:40:00Z,2026-05-13T21:40:00Z
Y-700752,C-0040752,SLAB-500752,AREA-11,B1,33,2026-05-04T08:43:00Z,2026-05-14T07:43:00Z
Y-700753,C-0040753,SLAB-500753,AREA-12,B2,34,2026-05-04T18:44:00Z,2026-05-15T17:44:00Z
Y-700754,C-0040754,SLAB-500754,AREA-13,B3,35,2026-05-04T19:36:00Z,2026-05-15T18:36:00Z
Y-700755,C-0040755,SLAB-500755,AREA-01,B4,36,2026-05-04T10:53:00Z,2026-05-12T09:53:00Z
Y-700756,C-0040756,SLAB-500756,AREA-02,B5,37,2026-05-03T22:50:00Z,2026-05-21T21:50:00Z
Y-700757,C-0040757,SLAB-500757,AREA-03,B6,38,2026-05-03T20:54:00Z,2026-05-09T19:54:00Z
Y-700758,C-0040758,SLAB-500758,AREA-04,B7,39,2026-05-05T10:59:00Z,2026-05-15T09:59:00Z
Y-700759,C-0040759,SLAB-500759,AREA-05,B8,40,2026-05-04T23:53:00Z,2026-05-24T22:53:00Z
Y-700760,C-0040760,SLAB-500760,AREA-06,B9,1,2026-05-04T23:54:00Z,2026-05-06T22:54:00Z
Y-700761,C-0040761,SLAB-500761,AREA-07,B1,2,2026-05-05T18:51:00Z,2026-05-12T17:51:00Z
Y-700762,C-0040762,SLAB-500762,AREA-08,B2,3,2026-05-06T03:55:00Z,2026-05-18T02:55:00Z
Y-700763,C-0040763,SLAB-500763,AREA-09,B3,4,2026-05-04T13:55:00Z,2026-05-09T12:55:00Z
Y-700764,C-0040764,SLAB-500764,AREA-10,B4,5,2026-05-06T00:13:00Z,2026-05-19T23:13:00Z
Y-700765,C-0040765,SLAB-500765,AREA-11,B5,6,2026-05-05T16:23:00Z,2026-05-19T15:23:00Z
Y-700766,C-0040766,SLAB-500766,AREA-12,B6,7,2026-05-05T12:23:00Z,2026-05-15T11:23:00Z
Y-700767,C-0040767,SLAB-500767,AREA-13,B7,8,2026-05-04T19:19:00Z,2026-05-17T18:19:00Z
Y-700768,C-0040768,SLAB-500768,AREA-01,B8,9,2026-05-04T16:23:00Z,2026-05-06T15:23:00Z
Y-700769,C-0040769,SLAB-500769,AREA-02,B9,10,2026-05-06T04:21:00Z,2026-05-11T03:21:00Z
Y-700770,C-0040770,SLAB-500770,AREA-03,B1,11,2026-05-04T15:21:00Z,2026-05-07T14:21:00Z
Y-700771,C-0040771,SLAB-500771,AREA-04,B2,12,2026-05-04T14:19:00Z,2026-05-13T13:19:00Z
Y-700772,C-0040772,SLAB-500772,AREA-05,B3,13,2026-05-05T22:21:00Z,2026-05-25T21:21:00Z
Y-700773,C-0040773,SLAB-500773,AREA-06,B4,14,2026-05-04T22:22:00Z,2026-05-06T21:22:00Z
Y-700774,C-0040774,SLAB-500774,AREA-07,B5,15,2026-05-05T19:31:00Z,2026-05-16T18:31:00Z
Y-700775,C-0040775,SLAB-500775,AREA-08,B6,16,2026-05-06T03:25:00Z,2026-05-15T02:25:00Z
Y-700776,C-0040776,SLAB-500776,AREA-09,B7,17,2026-05-05T10:28:00Z,2026-05-08T09:28:00Z
Y-700777,C-0040777,SLAB-500777,AREA-10,B8,18,2026-05-05T10:28:00Z,2026-05-23T09:28:00Z
Y-700778,C-0040778,SLAB-500778,AREA-11,B9,19,2026-05-06T04:30:00Z,2026-05-14T03:30:00Z
Y-700779,C-0040779,SLAB-500779,AREA-12,B1,20,2026-05-04T09:28:00Z,2026-05-08T08:28:00Z
Y-700780,C-0040780,SLAB-500780,AREA-13,B2,21,2026-05-05T02:24:00Z,2026-05-16T01:24:00Z
Y-700781,C-0040781,SLAB-500781,AREA-01,B3,22,2026-05-05T07:24:00Z,2026-05-25T06:24:00Z
Y-700782,C-0040782,SLAB-500782,AREA-02,B4,23,2026-05-04T08:32:00Z,2026-05-13T07:32:00Z
Y-700783,C-0040783,SLAB-500783,AREA-03,B5,24,2026-05-04T10:29:00Z,2026-05-06T09:29:00Z
Y-700784,C-0040784,SLAB-500784,AREA-04,B6,25,2026-05-05T01:27:00Z,2026-05-22T00:27:00Z
Y-700785,C-0040785,SLAB-500785,AREA-05,B7,26,2026-05-04T18:31:00Z,2026-05-12T17:31:00Z
Y-700786,C-0040786,SLAB-500786,AREA-06,B8,27,2026-05-05T04:37:00Z,2026-05-11T03:37:00Z
Y-700787,C-0040787,SLAB-500787,AREA-07,B9,28,2026-05-04T23:39:00Z,2026-05-24T22:39:00Z
Y-700788,C-0040788,SLAB-500788,AREA-08,B1,29,2026-05-06T02:30:00Z,2026-05-26T01:30:00Z
Y-700789,C-0040789,SLAB-500789,AREA-09,B2,30,2026-05-05T13:30:00Z,2026-05-15T12:30:00Z
Y-700790,C-0040790,SLAB-500790,AREA-10,B3,31,2026-05-05T03:33:00Z,2026-05-08T02:33:00Z
Y-700791,C-0040791,SLAB-500791,AREA-11,B4,32,2026-05-05T04:35:00Z,2026-05-17T03:35:00Z
Y-700792,C-0040792,SLAB-500792,AREA-12,B5,33,2026-05-04T02:37:00Z,2026-05-11T01:37:00Z
Y-700793,C-0040793,SLAB-500793,AREA-13,B6,34,2026-05-05T22:42:00Z,2026-05-12T21:42:00Z
Y-700794,C-0040794,SLAB-500794,AREA-01,B7,35,2026-05-05T03:38:00Z,2026-05-17T02:38:00Z
Y-700795,C-0040795,SLAB-500795,AREA-02,B8,36,2026-05-06T03:37:00Z,2026-05-13T02:37:00Z
Y-700796,C-0040796,SLAB-500796,AREA-03,B9,37,2026-05-06T04:22:00Z,2026-05-14T03:22:00Z
Y-700797,C-0040797,SLAB-500797,AREA-04,B1,38,2026-05-05T14:27:00Z,2026-05-14T13:27:00Z
Y-700798,C-0040798,SLAB-500798,AREA-05,B2,39,2026-05-06T18:26:00Z,2026-05-16T17:26:00Z
Y-700799,C-0040799,SLAB-500799,AREA-06,B3,40,2026-05-04T19:23:00Z,2026-05-23T18:23:00Z
Y-700800,C-0040800,SLAB-500800,AREA-07,B4,1,2026-05-05T11:31:00Z,2026-05-21T10:31:00Z
Y-700801,C-0040801,SLAB-500801,AREA-08,B5,2,2026-05-04T12:29:00Z,2026-05-24T11:29:00Z
Y-700802,C-0040802,SLAB-500802,AREA-09,B6,3,2026-05-05T05:32:00Z,2026-05-16T04:32:00Z
Y-700803,C-0040803,SLAB-500803,AREA-10,B7,4,2026-05-05T07:25:00Z,2026-05-25T06:25:00Z
Y-700804,C-0040804,SLAB-500804,AREA-11,B8,5,2026-05-05T21:30:00Z,2026-05-10T20:30:00Z
Y-700805,C-0040805,SLAB-500805,AREA-12,B9,6,2026-05-05T07:28:00Z,2026-05-21T06:28:00Z
Y-700806,C-0040806,SLAB-500806,AREA-13,B1,7,2026-05-05T18:57:00Z,2026-05-20T17:57:00Z
Y-700807,C-0040807,SLAB-500807,AREA-01,B2,8,2026-05-06T06:59:00Z,2026-05-10T05:59:00Z
Y-700808,C-0040808,SLAB-500808,AREA-02,B3,9,2026-05-06T05:59:00Z,2026-05-11T04:59:00Z
Y-700809,C-0040809,SLAB-500809,AREA-03,B4,10,2026-05-05T13:02:00Z,2026-05-17T12:02:00Z
Y-700810,C-0040810,SLAB-500810,AREA-04,B5,11,2026-05-05T12:52:00Z,2026-05-22T11:52:00Z
Y-700811,C-0040811,SLAB-500811,AREA-05,B6,12,2026-05-05T05:51:00Z,2026-05-18T04:51:00Z
Y-700812,C-0040812,SLAB-500812,AREA-06,B7,13,2026-05-05T05:02:00Z,2026-05-14T04:02:00Z
Y-700813,C-0040813,SLAB-500813,AREA-07,B8,14,2026-05-05T22:38:00Z,2026-05-24T21:38:00Z
Y-700814,C-0040814,SLAB-500814,AREA-08,B9,15,2026-05-05T09:28:00Z,2026-05-21T08:28:00Z
Y-700815,C-0040815,SLAB-500815,AREA-09,B1,16,2026-05-06T03:30:00Z,2026-05-14T02:30:00Z
Y-700816,C-0040816,SLAB-500816,AREA-10,B2,17,2026-05-06T12:38:00Z,2026-05-18T11:38:00Z
Y-700817,C-0040817,SLAB-500817,AREA-11,B3,18,2026-05-06T07:34:00Z,2026-05-23T06:34:00Z
Y-700818,C-0040818,SLAB-500818,AREA-12,B4,19,2026-05-04T07:31:00Z,2026-05-21T06:31:00Z
Y-700819,C-0040819,SLAB-500819,AREA-13,B5,20,2026-05-05T02:35:00Z,2026-05-11T01:35:00Z
Y-700820,C-0040820,SLAB-500820,AREA-01,B6,21,2026-05-06T14:32:00Z,2026-05-14T13:32:00Z
Y-700821,C-0040821,SLAB-500821,AREA-02,B7,22,2026-05-05T20:30:00Z,2026-05-19T19:30:00Z
Y-700822,C-0040822,SLAB-500822,AREA-03,B8,23,2026-05-06T12:34:00Z,2026-05-24T11:34:00Z
Y-700823,C-0040823,SLAB-500823,AREA-04,B9,24,2026-05-06T04:38:00Z,2026-05-15T03:38:00Z
Y-700824,C-0040824,SLAB-500824,AREA-05,B1,25,2026-05-04T05:38:00Z,2026-05-09T04:38:00Z
Y-700825,C-0040825,SLAB-500825,AREA-06,B2,26,2026-05-06T01:39:00Z,2026-05-08T00:39:00Z
Y-700826,C-0040826,SLAB-500826,AREA-07,B3,27,2026-05-05T05:35:00Z,2026-05-24T04:35:00Z
Y-700827,C-0040827,SLAB-500827,AREA-08,B4,28,2026-05-05T18:42:00Z,2026-05-13T17:42:00Z
Y-700828,C-0040828,SLAB-500828,AREA-09,B5,29,2026-05-04T07:39:00Z,2026-05-22T06:39:00Z
Y-700829,C-0040829,SLAB-500829,AREA-10,B6,30,2026-05-05T02:33:00Z,2026-05-09T01:33:00Z
Y-700830,C-0040830,SLAB-500830,AREA-11,B7,31,2026-05-06T15:36:00Z,2026-05-16T14:36:00Z
Y-700831,C-0040831,SLAB-500831,AREA-12,B8,32,2026-05-05T20:37:00Z,2026-05-20T19:37:00Z
Y-700832,C-0040832,SLAB-500832,AREA-13,B9,33,2026-05-04T20:24:00Z,2026-05-14T19:24:00Z
Y-700833,C-0040833,SLAB-500833,AREA-01,B1,34,2026-05-06T10:20:00Z,2026-05-13T09:20:00Z
Y-700834,C-0040834,SLAB-500834,AREA-02,B2,35,2026-05-06T01:27:00Z,2026-05-13T00:27:00Z
Y-700835,C-0040835,SLAB-500835,AREA-03,B3,36,2026-05-04T10:19:00Z,2026-05-12T09:19:00Z
Y-700836,C-0040836,SLAB-500836,AREA-04,B4,37,2026-05-05T02:24:00Z,2026-05-09T01:24:00Z
Y-700837,C-0040837,SLAB-500837,AREA-05,B5,38,2026-05-05T05:28:00Z,2026-05-22T04:28:00Z
Y-700838,C-0040838,SLAB-500838,AREA-06,B6,39,2026-05-04T19:28:00Z,2026-05-20T18:28:00Z
Y-700839,C-0040839,SLAB-500839,AREA-07,B7,40,2026-05-05T19:21:00Z,2026-05-08T18:21:00Z
Y-700840,C-0040840,SLAB-500840,AREA-08,B8,1,2026-05-04T14:50:00Z,2026-05-20T13:50:00Z
Y-700841,C-0040841,SLAB-500841,AREA-09,B9,2,2026-05-05T21:48:00Z,2026-05-12T20:48:00Z
Y-700842,C-0040842,SLAB-500842,AREA-10,B1,3,2026-05-05T14:51:00Z,2026-05-17T13:51:00Z
Y-700843,C-0040843,SLAB-500843,AREA-11,B2,4,2026-05-05T16:57:00Z,2026-05-14T15:57:00Z
Y-700844,C-0040844,SLAB-500844,AREA-12,B3,5,2026-05-06T11:54:00Z,2026-05-23T10:54:00Z
Y-700845,C-0040845,SLAB-500845,AREA-13,B4,6,2026-05-06T09:47:00Z,2026-05-18T08:47:00Z
Y-700846,C-0040846,SLAB-500846,AREA-01,B5,7,2026-05-06T06:46:00Z,2026-05-21T05:46:00Z
Y-700847,C-0040847,SLAB-500847,AREA-02,B6,8,2026-05-06T06:40:00Z,2026-05-09T05:40:00Z
Y-700848,C-0040848,SLAB-500848,AREA-03,B7,9,2026-05-06T17:45:00Z,2026-05-21T16:45:00Z
Y-700849,C-0040849,SLAB-500849,AREA-04,B8,10,2026-05-05T07:49:00Z,2026-05-14T06:49:00Z
Y-700850,C-0040850,SLAB-500850,AREA-05,B9,11,2026-05-05T10:47:00Z,2026-05-25T09:47:00Z
Y-700851,C-0040851,SLAB-500851,AREA-06,B1,12,2026-05-05T00:40:00Z,2026-05-11T23:40:00Z
Y-700852,C-0040852,SLAB-500852,AREA-07,B2,13,2026-05-05T04:41:00Z,2026-05-25T03:41:00Z
Y-700853,C-0040853,SLAB-500853,AREA-08,B3,14,2026-05-06T07:43:00Z,2026-05-15T06:43:00Z
Y-700854,C-0040854,SLAB-500854,AREA-09,B4,15,2026-05-04T14:46:00Z,2026-05-17T13:46:00Z
Y-700855,C-0040855,SLAB-500855,AREA-10,B5,16,2026-05-06T16:43:00Z,2026-05-25T15:43:00Z
Y-700856,C-0040856,SLAB-500856,AREA-11,B6,17,2026-05-05T15:48:00Z,2026-05-23T14:48:00Z
Y-700857,C-0040857,SLAB-500857,AREA-12,B7,18,2026-05-04T13:45:00Z,2026-05-12T12:45:00Z
Y-700858,C-0040858,SLAB-500858,AREA-13,B8,19,2026-05-04T15:21:00Z,2026-05-24T14:21:00Z
Y-700859,C-0040859,SLAB-500859,AREA-01,B9,20,2026-05-05T21:24:00Z,2026-05-07T20:24:00Z
Y-700860,C-0040860,SLAB-500860,AREA-02,B1,21,2026-05-05T04:27:00Z,2026-05-24T03:27:00Z
Y-700861,C-0040861,SLAB-500861,AREA-03,B2,22,2026-05-06T09:22:00Z,2026-05-20T08:22:00Z
Y-700862,C-0040862,SLAB-500862,AREA-04,B3,23,2026-05-05T16:27:00Z,2026-05-23T15:27:00Z
Y-700863,C-0040863,SLAB-500863,AREA-05,B4,24,2026-05-04T11:22:00Z,2026-05-21T10:22:00Z
Y-700864,C-0040864,SLAB-500864,AREA-06,B5,25,2026-05-05T08:23:00Z,2026-05-08T07:23:00Z
Y-700865,C-0040865,SLAB-500865,AREA-07,B6,26,2026-05-04T22:16:00Z,2026-05-18T21:16:00Z
Y-700866,C-0040866,SLAB-500866,AREA-08,B7,27,2026-05-04T16:02:00Z,2026-05-06T15:02:00Z
Y-700867,C-0040867,SLAB-500867,AREA-09,B8,28,2026-05-04T19:06:00Z,2026-05-12T18:06:00Z
Y-700868,C-0040868,SLAB-500868,AREA-10,B9,29,2026-05-04T18:04:00Z,2026-05-12T17:04:00Z
Y-700869,C-0040869,SLAB-500869,AREA-11,B1,30,2026-05-05T02:07:00Z,2026-05-15T01:07:00Z
Y-700870,C-0040870,SLAB-500870,AREA-12,B2,31,2026-05-05T13:08:00Z,2026-05-11T12:08:00Z
Y-700871,C-0040871,SLAB-500871,AREA-13,B3,32,2026-05-05T03:03:00Z,2026-05-10T02:03:00Z
Y-700872,C-0040872,SLAB-500872,AREA-01,B4,33,2026-05-05T08:01:00Z,2026-05-10T07:01:00Z
Y-700873,C-0040873,SLAB-500873,AREA-02,B5,34,2026-05-04T19:02:00Z,2026-05-07T18:02:00Z
Y-700874,C-0040874,SLAB-500874,AREA-03,B6,35,2026-05-04T22:44:00Z,2026-05-06T21:44:00Z
Y-700875,C-0040875,SLAB-500875,AREA-04,B7,36,2026-05-05T16:45:00Z,2026-05-14T15:45:00Z
Y-700876,C-0040876,SLAB-500876,AREA-05,B8,37,2026-05-06T17:49:00Z,2026-05-25T16:49:00Z
Y-700877,C-0040877,SLAB-500877,AREA-06,B9,38,2026-05-06T21:54:00Z,2026-05-15T20:54:00Z
Y-700878,C-0040878,SLAB-500878,AREA-07,B1,39,2026-05-06T01:42:00Z,2026-05-26T00:42:00Z
Y-700879,C-0040879,SLAB-500879,AREA-08,B2,40,2026-05-06T01:47:00Z,2026-05-14T00:47:00Z
Y-700880,C-0040880,SLAB-500880,AREA-09,B3,1,2026-05-06T10:46:00Z,2026-05-17T09:46:00Z
Y-700881,C-0040881,SLAB-500881,AREA-10,B4,2,2026-05-04T22:54:00Z,2026-05-15T21:54:00Z
Y-700882,C-0040882,SLAB-500882,AREA-11,B5,3,2026-05-05T22:49:00Z,2026-05-10T21:49:00Z
Y-700883,C-0040883,SLAB-500883,AREA-12,B6,4,2026-05-05T23:23:00Z,2026-05-24T22:23:00Z
Y-700884,C-0040884,SLAB-500884,AREA-13,B7,5,2026-05-06T10:18:00Z,2026-05-08T09:18:00Z
Y-700885,C-0040885,SLAB-500885,AREA-01,B8,6,2026-05-06T06:24:00Z,2026-05-09T05:24:00Z
Y-700886,C-0040886,SLAB-500886,AREA-02,B9,7,2026-05-05T05:25:00Z,2026-05-11T04:25:00Z
Y-700887,C-0040887,SLAB-500887,AREA-03,B1,8,2026-05-06T02:17:00Z,2026-05-12T01:17:00Z
Y-700888,C-0040888,SLAB-500888,AREA-04,B2,9,2026-05-05T15:21:00Z,2026-05-09T14:21:00Z
Y-700889,C-0040889,SLAB-500889,AREA-05,B3,10,2026-05-05T20:18:00Z,2026-05-10T19:18:00Z
Y-700890,C-0040890,SLAB-500890,AREA-06,B4,11,2026-05-06T01:18:00Z,2026-05-12T00:18:00Z
Y-700891,C-0040891,SLAB-500891,AREA-07,B5,12,2026-05-06T11:20:00Z,2026-05-18T10:20:00Z
Y-700892,C-0040892,SLAB-500892,AREA-08,B6,13,2026-05-06T09:23:00Z,2026-05-19T08:23:00Z
Y-700893,C-0040893,SLAB-500893,AREA-09,B7,14,2026-05-06T08:24:00Z,2026-05-15T07:24:00Z
Y-700894,C-0040894,SLAB-500894,AREA-10,B8,15,2026-05-05T21:19:00Z,2026-05-11T20:19:00Z
Y-700895,C-0040895,SLAB-500895,AREA-11,B9,16,2026-05-06T07:18:00Z,2026-05-14T06:18:00Z
Y-700896,C-0040896,SLAB-500896,AREA-12,B1,17,2026-05-04T18:24:00Z,2026-05-12T17:24:00Z
Y-700897,C-0040897,SLAB-500897,AREA-13,B2,18,2026-05-05T02:19:00Z,2026-05-08T01:19:00Z
Y-700898,C-0040898,SLAB-500898,AREA-01,B3,19,2026-05-05T20:21:00Z,2026-05-08T19:21:00Z
Y-700899,C-0040899,SLAB-500899,AREA-02,B4,20,2026-05-05T16:21:00Z,2026-05-11T15:21:00Z
Y-700900,C-0040900,SLAB-500900,AREA-03,B5,21,2026-05-05T18:37:00Z,2026-05-12T17:37:00Z
Y-700901,C-0040901,SLAB-500901,AREA-04,B6,22,2026-05-05T16:37:00Z,2026-05-19T15:37:00Z
Y-700902,C-0040902,SLAB-500902,AREA-05,B7,23,2026-05-06T18:36:00Z,2026-05-11T17:36:00Z
Y-700903,C-0040903,SLAB-500903,AREA-06,B8,24,2026-05-06T03:44:00Z,2026-05-19T02:44:00Z
Y-700904,C-0040904,SLAB-500904,AREA-07,B9,25,2026-05-04T23:42:00Z,2026-05-24T22:42:00Z
Y-700905,C-0040905,SLAB-500905,AREA-08,B1,26,2026-05-05T18:42:00Z,2026-05-15T17:42:00Z
Y-700906,C-0040906,SLAB-500906,AREA-09,B2,27,2026-05-06T03:42:00Z,2026-05-22T02:42:00Z
Y-700907,C-0040907,SLAB-500907,AREA-10,B3,28,2026-05-05T14:44:00Z,2026-05-08T13:44:00Z
Y-700908,C-0040908,SLAB-500908,AREA-11,B4,29,2026-05-06T17:43:00Z,2026-05-12T16:43:00Z
Y-700909,C-0040909,SLAB-500909,AREA-12,B5,30,2026-05-05T17:37:00Z,2026-05-24T16:37:00Z
Y-700910,C-0040910,SLAB-500910,AREA-13,B6,31,2026-05-05T10:35:00Z,2026-05-19T09:35:00Z
Y-700911,C-0040911,SLAB-500911,AREA-01,B7,32,2026-05-04T09:23:00Z,2026-05-10T08:23:00Z
Y-700912,C-0040912,SLAB-500912,AREA-02,B8,33,2026-05-06T02:28:00Z,2026-05-10T01:28:00Z
Y-700913,C-0040913,SLAB-500913,AREA-03,B9,34,2026-05-06T13:31:00Z,2026-05-14T12:31:00Z
Y-700914,C-0040914,SLAB-500914,AREA-04,B1,35,2026-05-05T23:34:00Z,2026-05-13T22:34:00Z
Y-700915,C-0040915,SLAB-500915,AREA-05,B2,36,2026-05-06T18:26:00Z,2026-05-15T17:26:00Z
Y-700916,C-0040916,SLAB-500916,AREA-06,B3,37,2026-05-04T23:33:00Z,2026-05-14T22:33:00Z
Y-700917,C-0040917,SLAB-500917,AREA-07,B4,38,2026-05-06T04:26:00Z,2026-05-21T03:26:00Z
Y-700918,C-0040918,SLAB-500918,AREA-08,B5,39,2026-05-05T10:46:00Z,2026-05-12T09:46:00Z
Y-700919,C-0040919,SLAB-500919,AREA-09,B6,40,2026-05-06T06:45:00Z,2026-05-17T05:45:00Z
Y-700920,C-0040920,SLAB-500920,AREA-10,B7,1,2026-05-05T07:47:00Z,2026-05-21T06:47:00Z
Y-700921,C-0040921,SLAB-500921,AREA-11,B8,2,2026-05-05T20:50:00Z,2026-05-13T19:50:00Z
Y-700922,C-0040922,SLAB-500922,AREA-12,B9,3,2026-05-05T12:54:00Z,2026-05-25T11:54:00Z
Y-700923,C-0040923,SLAB-500923,AREA-13,B1,4,2026-05-06T12:48:00Z,2026-05-23T11:48:00Z
Y-700924,C-0040924,SLAB-500924,AREA-01,B2,5,2026-05-06T10:47:00Z,2026-05-22T09:47:00Z
Y-700925,C-0040925,SLAB-500925,AREA-02,B3,6,2026-05-04T17:49:00Z,2026-05-20T16:49:00Z
Y-700926,C-0040926,SLAB-500926,AREA-03,B4,7,2026-05-06T08:45:00Z,2026-05-10T07:45:00Z
Y-700927,C-0040927,SLAB-500927,AREA-04,B5,8,2026-05-05T21:49:00Z,2026-05-21T20:49:00Z
Y-700928,C-0040928,SLAB-500928,AREA-05,B6,9,2026-05-06T16:48:00Z,2026-05-21T15:48:00Z
Y-700929,C-0040929,SLAB-500929,AREA-06,B7,10,2026-05-06T15:49:00Z,2026-05-08T14:49:00Z
Y-700930,C-0040930,SLAB-500930,AREA-07,B8,11,2026-05-06T16:50:00Z,2026-05-13T15:50:00Z
Y-700931,C-0040931,SLAB-500931,AREA-08,B9,12,2026-05-07T04:50:00Z,2026-05-18T03:50:00Z
Y-700932,C-0040932,SLAB-500932,AREA-09,B1,13,2026-05-05T15:48:00Z,2026-05-18T14:48:00Z
Y-700933,C-0040933,SLAB-500933,AREA-10,B2,14,2026-05-05T17:44:00Z,2026-05-10T16:44:00Z
Y-700934,C-0040934,SLAB-500934,AREA-11,B3,15,2026-05-05T14:42:00Z,2026-05-14T13:42:00Z
Y-700935,C-0040935,SLAB-500935,AREA-12,B4,16,2026-05-05T07:09:00Z,2026-05-10T06:09:00Z
Y-700936,C-0040936,SLAB-500936,AREA-13,B5,17,2026-05-06T16:03:00Z,2026-05-11T15:03:00Z
Y-700937,C-0040937,SLAB-500937,AREA-01,B6,18,2026-05-06T05:07:00Z,2026-05-20T04:07:00Z
Y-700938,C-0040938,SLAB-500938,AREA-02,B7,19,2026-05-05T08:11:00Z,2026-05-07T07:11:00Z
Y-700939,C-0040939,SLAB-500939,AREA-03,B8,20,2026-05-05T20:10:00Z,2026-05-14T19:10:00Z
Y-700940,C-0040940,SLAB-500940,AREA-04,B9,21,2026-05-05T10:13:00Z,2026-05-25T09:13:00Z
Y-700941,C-0040941,SLAB-500941,AREA-05,B1,22,2026-05-06T18:10:00Z,2026-05-10T17:10:00Z
Y-700942,C-0040942,SLAB-500942,AREA-06,B2,23,2026-05-05T14:07:00Z,2026-05-22T13:07:00Z
Y-700943,C-0040943,SLAB-500943,AREA-07,B3,24,2026-05-05T16:04:00Z,2026-05-10T15:04:00Z
Y-700944,C-0040944,SLAB-500944,AREA-08,B4,25,2026-05-06T10:09:00Z,2026-05-17T09:09:00Z
Y-700945,C-0040945,SLAB-500945,AREA-09,B5,26,2026-05-06T02:07:00Z,2026-05-10T01:07:00Z
Y-700946,C-0040946,SLAB-500946,AREA-10,B6,27,2026-05-06T04:11:00Z,2026-05-10T03:11:00Z
Y-700947,C-0040947,SLAB-500947,AREA-11,B7,28,2026-05-05T20:13:00Z,2026-05-13T19:13:00Z
Y-700948,C-0040948,SLAB-500948,AREA-12,B8,29,2026-05-07T01:14:00Z,2026-05-18T00:14:00Z
Y-700949,C-0040949,SLAB-500949,AREA-13,B9,30,2026-05-06T06:10:00Z,2026-05-14T05:10:00Z
Y-700950,C-0040950,SLAB-500950,AREA-01,B1,31,2026-05-05T14:17:00Z,2026-05-07T13:17:00Z
Y-700951,C-0040951,SLAB-500951,AREA-02,B2,32,2026-05-04T19:08:00Z,2026-05-22T18:08:00Z
Y-700952,C-0040952,SLAB-500952,AREA-03,B3,33,2026-05-06T03:13:00Z,2026-05-10T02:13:00Z
Y-700953,C-0040953,SLAB-500953,AREA-04,B4,34,2026-05-05T19:14:00Z,2026-05-10T18:14:00Z
Y-700954,C-0040954,SLAB-500954,AREA-05,B5,35,2026-05-06T07:25:00Z,2026-05-20T06:25:00Z
Y-700955,C-0040955,SLAB-500955,AREA-06,B6,36,2026-05-04T18:28:00Z,2026-05-07T17:28:00Z
Y-700956,C-0040956,SLAB-500956,AREA-07,B7,37,2026-05-05T09:31:00Z,2026-05-19T08:31:00Z
Y-700957,C-0040957,SLAB-500957,AREA-08,B8,38,2026-05-04T23:34:00Z,2026-05-07T22:34:00Z
Y-700958,C-0040958,SLAB-500958,AREA-09,B9,39,2026-05-06T09:25:00Z,2026-05-26T08:25:00Z
Y-700959,C-0040959,SLAB-500959,AREA-10,B1,40,2026-05-06T17:32:00Z,2026-05-09T16:32:00Z
Y-700960,C-0040960,SLAB-500960,AREA-11,B2,1,2026-05-06T09:26:00Z,2026-05-23T08:26:00Z
Y-700961,C-0040961,SLAB-500961,AREA-12,B3,2,2026-05-06T10:32:00Z,2026-05-12T09:32:00Z
Y-700962,C-0040962,SLAB-500962,AREA-13,B4,3,2026-05-06T21:22:00Z,2026-05-08T20:22:00Z
Y-700963,C-0040963,SLAB-500963,AREA-01,B5,4,2026-05-06T03:24:00Z,2026-05-20T02:24:00Z
Y-700964,C-0040964,SLAB-500964,AREA-02,B6,5,2026-05-05T06:17:00Z,2026-05-08T05:17:00Z
Y-700965,C-0040965,SLAB-500965,AREA-03,B7,6,2026-05-07T05:29:00Z,2026-05-16T04:29:00Z
Y-700966,C-0040966,SLAB-500966,AREA-04,B8,7,2026-05-06T01:23:00Z,2026-05-15T00:23:00Z
Y-700967,C-0040967,SLAB-500967,AREA-05,B9,8,2026-05-05T03:28:00Z,2026-05-17T02:28:00Z
Y-700968,C-0040968,SLAB-500968,AREA-06,B1,9,2026-05-07T02:19:00Z,2026-05-10T01:19:00Z
Y-700969,C-0040969,SLAB-500969,AREA-07,B2,10,2026-05-07T02:23:00Z,2026-05-20T01:23:00Z
Y-700970,C-0040970,SLAB-500970,AREA-08,B3,11,2026-05-05T00:19:00Z,2026-05-17T23:19:00Z
Y-700971,C-0040971,SLAB-500971,AREA-09,B4,12,2026-05-06T02:21:00Z,2026-05-26T01:21:00Z
Y-700972,C-0040972,SLAB-500972,AREA-10,B5,13,2026-05-06T18:53:00Z,2026-05-08T17:53:00Z
Y-700973,C-0040973,SLAB-500973,AREA-11,B6,14,2026-05-06T22:58:00Z,2026-05-11T21:58:00Z
Y-700974,C-0040974,SLAB-500974,AREA-12,B7,15,2026-05-06T09:57:00Z,2026-05-20T08:57:00Z
Y-700975,C-0040975,SLAB-500975,AREA-13,B8,16,2026-05-06T10:02:00Z,2026-05-26T09:02:00Z
Y-700976,C-0040976,SLAB-500976,AREA-01,B9,17,2026-05-06T08:00:00Z,2026-05-08T07:00:00Z
Y-700977,C-0040977,SLAB-500977,AREA-02,B1,18,2026-05-05T14:02:00Z,2026-05-21T13:02:00Z
Y-700978,C-0040978,SLAB-500978,AREA-03,B2,19,2026-05-06T07:51:00Z,2026-05-13T06:51:00Z
Y-700979,C-0040979,SLAB-500979,AREA-04,B3,20,2026-05-04T20:59:00Z,2026-05-11T19:59:00Z
Y-700980,C-0040980,SLAB-500980,AREA-05,B4,21,2026-05-06T00:56:00Z,2026-05-13T23:56:00Z
Y-700981,C-0040981,SLAB-500981,AREA-06,B5,22,2026-05-05T09:58:00Z,2026-05-07T08:58:00Z
Y-700982,C-0040982,SLAB-500982,AREA-07,B6,23,2026-05-05T10:56:00Z,2026-05-09T09:56:00Z
Y-700983,C-0040983,SLAB-500983,AREA-08,B7,24,2026-05-06T03:56:00Z,2026-05-12T02:56:00Z
Y-700984,C-0040984,SLAB-500984,AREA-09,B8,25,2026-05-06T18:57:00Z,2026-05-12T17:57:00Z
Y-700985,C-0040985,SLAB-500985,AREA-10,B9,26,2026-05-05T11:58:00Z,2026-05-08T10:58:00Z
Y-700986,C-0040986,SLAB-500986,AREA-11,B1,27,2026-05-05T13:53:00Z,2026-05-14T12:53:00Z
Y-700987,C-0040987,SLAB-500987,AREA-12,B2,28,2026-05-06T10:51:00Z,2026-05-21T09:51:00Z
Y-700988,C-0040988,SLAB-500988,AREA-13,B3,29,2026-05-06T00:59:00Z,2026-05-07T23:59:00Z
Y-700989,C-0040989,SLAB-500989,AREA-01,B4,30,2026-05-06T18:54:00Z,2026-05-20T17:54:00Z
Y-700990,C-0040990,SLAB-500990,AREA-02,B5,31,2026-05-05T10:23:00Z,2026-05-10T09:23:00Z
Y-700991,C-0040991,SLAB-500991,AREA-03,B6,32,2026-05-05T21:24:00Z,2026-05-21T20:24:00Z
Y-700992,C-0040992,SLAB-500992,AREA-04,B7,33,2026-05-05T18:24:00Z,2026-05-23T17:24:00Z
Y-700993,C-0040993,SLAB-500993,AREA-05,B8,34,2026-05-05T19:17:00Z,2026-05-21T18:17:00Z
Y-700994,C-0040994,SLAB-500994,AREA-06,B9,35,2026-05-06T11:24:00Z,2026-05-26T10:24:00Z
Y-700995,C-0040995,SLAB-500995,AREA-07,B1,36,2026-05-06T03:26:00Z,2026-05-11T02:26:00Z
Y-700996,C-0040996,SLAB-500996,AREA-08,B2,37,2026-05-05T07:22:00Z,2026-05-21T06:22:00Z
Y-700997,C-0040997,SLAB-500997,AREA-09,B3,38,2026-05-06T10:20:00Z,2026-05-18T09:20:00Z
Y-700998,C-0040998,SLAB-500998,AREA-10,B4,39,2026-05-06T08:20:00Z,2026-05-25T07:20:00Z
Y-700999,C-0040999,SLAB-500999,AREA-11,B5,40,2026-05-06T09:20:00Z,2026-05-19T08:20:00Z
Y-701000,C-0041000,SLAB-501000,AREA-12,B6,1,2026-05-06T05:54:00Z,2026-05-14T04:54:00Z
Y-701001,C-0041001,SLAB-501001,AREA-13,B7,2,2026-05-06T19:54:00Z,2026-05-14T18:54:00Z
Y-701002,C-0041002,SLAB-501002,AREA-01,B8,3,2026-05-06T22:49:00Z,2026-05-22T21:49:00Z
Y-701003,C-0041003,SLAB-501003,AREA-02,B9,4,2026-05-06T05:51:00Z,2026-05-12T04:51:00Z
Y-701004,C-0041004,SLAB-501004,AREA-03,B1,5,2026-05-05T22:57:00Z,2026-05-14T21:57:00Z
Y-701005,C-0041005,SLAB-501005,AREA-04,B2,6,2026-05-06T12:54:00Z,2026-05-11T11:54:00Z
Y-701006,C-0041006,SLAB-501006,AREA-05,B3,7,2026-05-07T06:56:00Z,2026-05-18T05:56:00Z
Y-701007,C-0041007,SLAB-501007,AREA-06,B4,8,2026-05-06T08:53:00Z,2026-05-26T07:53:00Z
Y-701008,C-0041008,SLAB-501008,AREA-07,B5,9,2026-05-07T02:52:00Z,2026-05-09T01:52:00Z
Y-701009,C-0041009,SLAB-501009,AREA-08,B6,10,2026-05-06T06:55:00Z,2026-05-17T05:55:00Z
Y-701010,C-0041010,SLAB-501010,AREA-09,B7,11,2026-05-06T06:55:00Z,2026-05-25T05:55:00Z
Y-701011,C-0041011,SLAB-501011,AREA-10,B8,12,2026-05-07T09:57:00Z,2026-05-12T08:57:00Z
Y-701012,C-0041012,SLAB-501012,AREA-11,B9,13,2026-05-06T21:54:00Z,2026-05-12T20:54:00Z
Y-701013,C-0041013,SLAB-501013,AREA-12,B1,14,2026-05-05T20:49:00Z,2026-05-12T19:49:00Z
Y-701014,C-0041014,SLAB-501014,AREA-13,B2,15,2026-05-06T10:52:00Z,2026-05-09T09:52:00Z
Y-701015,C-0041015,SLAB-501015,AREA-01,B3,16,2026-05-05T02:57:00Z,2026-05-07T01:57:00Z
Y-701016,C-0041016,SLAB-501016,AREA-02,B4,17,2026-05-06T03:00:00Z,2026-05-14T02:00:00Z
Y-701017,C-0041017,SLAB-501017,AREA-03,B5,18,2026-05-04T17:55:00Z,2026-05-17T16:55:00Z
Y-701018,C-0041018,SLAB-501018,AREA-04,B6,19,2026-05-05T02:51:00Z,2026-05-08T01:51:00Z
Y-701019,C-0041019,SLAB-501019,AREA-05,B7,20,2026-05-05T15:54:00Z,2026-05-18T14:54:00Z
Y-701020,C-0041020,SLAB-501020,AREA-06,B8,21,2026-05-06T04:57:00Z,2026-05-25T03:57:00Z
Y-701021,C-0041021,SLAB-501021,AREA-07,B9,22,2026-05-07T04:10:00Z,2026-05-13T03:10:00Z
Y-701022,C-0041022,SLAB-501022,AREA-08,B1,23,2026-05-06T05:13:00Z,2026-05-24T04:13:00Z
Y-701023,C-0041023,SLAB-501023,AREA-09,B2,24,2026-05-06T02:14:00Z,2026-05-17T01:14:00Z
Y-701024,C-0041024,SLAB-501024,AREA-10,B3,25,2026-05-06T00:11:00Z,2026-05-22T23:11:00Z
Y-701025,C-0041025,SLAB-501025,AREA-11,B4,26,2026-05-06T13:09:00Z,2026-05-16T12:09:00Z
Y-701026,C-0041026,SLAB-501026,AREA-12,B5,27,2026-05-07T10:11:00Z,2026-05-24T09:11:00Z
Y-701027,C-0041027,SLAB-501027,AREA-13,B6,28,2026-05-07T04:11:00Z,2026-05-26T03:11:00Z
Y-701028,C-0041028,SLAB-501028,AREA-01,B7,29,2026-05-05T03:16:00Z,2026-05-14T02:16:00Z
Y-701029,C-0041029,SLAB-501029,AREA-02,B8,30,2026-05-05T12:06:00Z,2026-05-24T11:06:00Z
Y-701030,C-0041030,SLAB-501030,AREA-03,B9,31,2026-05-06T21:10:00Z,2026-05-20T20:10:00Z
Y-701031,C-0041031,SLAB-501031,AREA-04,B1,32,2026-05-06T11:15:00Z,2026-05-11T10:15:00Z
Y-701032,C-0041032,SLAB-501032,AREA-05,B2,33,2026-05-06T10:13:00Z,2026-05-14T09:13:00Z
Y-701033,C-0041033,SLAB-501033,AREA-06,B3,34,2026-05-07T01:10:00Z,2026-05-16T00:10:00Z
Y-701034,C-0041034,SLAB-501034,AREA-07,B4,35,2026-05-06T00:09:00Z,2026-05-10T23:09:00Z
Y-701035,C-0041035,SLAB-501035,AREA-08,B5,36,2026-05-06T10:09:00Z,2026-05-25T09:09:00Z
Y-701036,C-0041036,SLAB-501036,AREA-09,B6,37,2026-05-05T16:11:00Z,2026-05-21T15:11:00Z
Y-701037,C-0041037,SLAB-501037,AREA-10,B7,38,2026-05-06T11:06:00Z,2026-05-11T10:06:00Z
Y-701038,C-0041038,SLAB-501038,AREA-11,B8,39,2026-05-05T11:58:00Z,2026-05-08T10:58:00Z
Y-701039,C-0041039,SLAB-501039,AREA-12,B9,40,2026-05-06T11:51:00Z,2026-05-19T10:51:00Z
Y-701040,C-0041040,SLAB-501040,AREA-13,B1,1,2026-05-06T18:58:00Z,2026-05-22T17:58:00Z
Y-701041,C-0041041,SLAB-501041,AREA-01,B2,2,2026-05-06T11:48:00Z,2026-05-24T10:48:00Z
Y-701042,C-0041042,SLAB-501042,AREA-02,B3,3,2026-05-07T00:53:00Z,2026-05-16T23:53:00Z
Y-701043,C-0041043,SLAB-501043,AREA-03,B4,4,2026-05-07T14:59:00Z,2026-05-13T13:59:00Z
Y-701044,C-0041044,SLAB-501044,AREA-04,B5,5,2026-05-05T13:59:00Z,2026-05-25T12:59:00Z
Y-701045,C-0041045,SLAB-501045,AREA-05,B6,6,2026-05-06T07:49:00Z,2026-05-08T06:49:00Z
Y-701046,C-0041046,SLAB-501046,AREA-06,B7,7,2026-05-05T01:50:00Z,2026-05-15T00:50:00Z
Y-701047,C-0041047,SLAB-501047,AREA-07,B8,8,2026-05-06T12:57:00Z,2026-05-12T11:57:00Z
Y-701048,C-0041048,SLAB-501048,AREA-08,B9,9,2026-05-05T14:56:00Z,2026-05-19T13:56:00Z
Y-701049,C-0041049,SLAB-501049,AREA-09,B1,10,2026-05-05T10:22:00Z,2026-05-16T09:22:00Z
Y-701050,C-0041050,SLAB-501050,AREA-10,B2,11,2026-05-05T19:26:00Z,2026-05-21T18:26:00Z
Y-701051,C-0041051,SLAB-501051,AREA-11,B3,12,2026-05-05T19:31:00Z,2026-05-18T18:31:00Z
Y-701052,C-0041052,SLAB-501052,AREA-12,B4,13,2026-05-05T07:25:00Z,2026-05-10T06:25:00Z
Y-701053,C-0041053,SLAB-501053,AREA-13,B5,14,2026-05-06T17:29:00Z,2026-05-23T16:29:00Z
Y-701054,C-0041054,SLAB-501054,AREA-01,B6,15,2026-05-05T23:21:00Z,2026-05-15T22:21:00Z
Y-701055,C-0041055,SLAB-501055,AREA-02,B7,16,2026-05-05T14:29:00Z,2026-05-17T13:29:00Z
Y-701056,C-0041056,SLAB-501056,AREA-03,B8,17,2026-05-06T04:22:00Z,2026-05-18T03:22:00Z
Y-701057,C-0041057,SLAB-501057,AREA-04,B9,18,2026-05-05T21:31:00Z,2026-05-08T20:31:00Z
Y-701058,C-0041058,SLAB-501058,AREA-05,B1,19,2026-05-07T14:31:00Z,2026-05-17T13:31:00Z
Y-701059,C-0041059,SLAB-501059,AREA-06,B2,20,2026-05-06T21:01:00Z,2026-05-19T20:01:00Z
Y-701060,C-0041060,SLAB-501060,AREA-07,B3,21,2026-05-06T18:07:00Z,2026-05-20T17:07:00Z
Y-701061,C-0041061,SLAB-501061,AREA-08,B4,22,2026-05-05T11:05:00Z,2026-05-08T10:05:00Z
Y-701062,C-0041062,SLAB-501062,AREA-09,B5,23,2026-05-07T01:00:00Z,2026-05-24T00:00:00Z
Y-701063,C-0041063,SLAB-501063,AREA-10,B6,24,2026-05-05T06:01:00Z,2026-05-11T05:01:00Z
Y-701064,C-0041064,SLAB-501064,AREA-11,B7,25,2026-05-05T05:59:00Z,2026-05-21T04:59:00Z
Y-701065,C-0041065,SLAB-501065,AREA-12,B8,26,2026-05-06T07:03:00Z,2026-05-14T06:03:00Z
Y-701066,C-0041066,SLAB-501066,AREA-13,B9,27,2026-05-04T17:58:00Z,2026-05-11T16:58:00Z
Y-701067,C-0041067,SLAB-501067,AREA-01,B1,28,2026-05-06T08:57:00Z,2026-05-09T07:57:00Z
Y-701068,C-0041068,SLAB-501068,AREA-02,B2,29,2026-05-06T03:03:00Z,2026-05-14T02:03:00Z
Y-701069,C-0041069,SLAB-501069,AREA-03,B3,30,2026-05-07T02:05:00Z,2026-05-19T01:05:00Z
Y-701070,C-0041070,SLAB-501070,AREA-04,B4,31,2026-05-06T12:56:00Z,2026-05-22T11:56:00Z
Y-701071,C-0041071,SLAB-501071,AREA-05,B5,32,2026-05-05T16:59:00Z,2026-05-24T15:59:00Z
Y-701072,C-0041072,SLAB-501072,AREA-06,B6,33,2026-05-05T02:06:00Z,2026-05-13T01:06:00Z
Y-701073,C-0041073,SLAB-501073,AREA-07,B7,34,2026-05-05T16:59:00Z,2026-05-18T15:59:00Z
Y-701074,C-0041074,SLAB-501074,AREA-08,B8,35,2026-05-06T16:59:00Z,2026-05-09T15:59:00Z
Y-701075,C-0041075,SLAB-501075,AREA-09,B9,36,2026-05-05T21:06:00Z,2026-05-19T20:06:00Z
Y-701076,C-0041076,SLAB-501076,AREA-10,B1,37,2026-05-06T06:01:00Z,2026-05-17T05:01:00Z
Y-701077,C-0041077,SLAB-501077,AREA-11,B2,38,2026-05-07T10:58:00Z,2026-05-24T09:58:00Z
Y-701078,C-0041078,SLAB-501078,AREA-12,B3,39,2026-05-05T06:04:00Z,2026-05-09T05:04:00Z
Y-701079,C-0041079,SLAB-501079,AREA-13,B4,40,2026-05-06T04:56:00Z,2026-05-20T03:56:00Z
Y-701080,C-0041080,SLAB-501080,AREA-01,B5,1,2026-05-07T04:45:00Z,2026-05-18T03:45:00Z
Y-701081,C-0041081,SLAB-501081,AREA-02,B6,2,2026-05-06T02:45:00Z,2026-05-19T01:45:00Z
Y-701082,C-0041082,SLAB-501082,AREA-03,B7,3,2026-05-06T11:47:00Z,2026-05-23T10:47:00Z
Y-701083,C-0041083,SLAB-501083,AREA-04,B8,4,2026-05-05T11:47:00Z,2026-05-17T10:47:00Z
Y-701084,C-0041084,SLAB-501084,AREA-05,B9,5,2026-05-06T13:48:00Z,2026-05-11T12:48:00Z
Y-701085,C-0041085,SLAB-501085,AREA-06,B1,6,2026-05-05T19:42:00Z,2026-05-23T18:42:00Z
Y-701086,C-0041086,SLAB-501086,AREA-07,B2,7,2026-05-05T22:45:00Z,2026-05-10T21:45:00Z
Y-701087,C-0041087,SLAB-501087,AREA-08,B3,8,2026-05-06T01:47:00Z,2026-05-13T00:47:00Z
Y-701088,C-0041088,SLAB-501088,AREA-09,B4,9,2026-05-07T06:46:00Z,2026-05-18T05:46:00Z
Y-701089,C-0041089,SLAB-501089,AREA-10,B5,10,2026-05-06T06:48:00Z,2026-05-10T05:48:00Z
Y-701090,C-0041090,SLAB-501090,AREA-11,B6,11,2026-05-06T02:43:00Z,2026-05-08T01:43:00Z
Y-701091,C-0041091,SLAB-501091,AREA-12,B7,12,2026-05-05T21:01:00Z,2026-05-10T20:01:00Z
Y-701092,C-0041092,SLAB-501092,AREA-13,B8,13,2026-05-05T18:56:00Z,2026-05-13T17:56:00Z
Y-701093,C-0041093,SLAB-501093,AREA-01,B9,14,2026-05-05T06:59:00Z,2026-05-25T05:59:00Z
Y-701094,C-0041094,SLAB-501094,AREA-02,B1,15,2026-05-06T08:59:00Z,2026-05-21T07:59:00Z
Y-701095,C-0041095,SLAB-501095,AREA-03,B2,16,2026-05-06T21:02:00Z,2026-05-14T20:02:00Z
Y-701096,C-0041096,SLAB-501096,AREA-04,B3,17,2026-05-06T13:02:00Z,2026-05-26T12:02:00Z
Y-701097,C-0041097,SLAB-501097,AREA-05,B4,18,2026-05-05T23:03:00Z,2026-05-08T22:03:00Z
Y-701098,C-0041098,SLAB-501098,AREA-06,B5,19,2026-05-06T19:01:00Z,2026-05-22T18:01:00Z
Y-701099,C-0041099,SLAB-501099,AREA-07,B6,20,2026-05-06T12:04:00Z,2026-05-26T11:04:00Z
Y-701100,C-0041100,SLAB-501100,AREA-08,B7,21,2026-05-06T12:03:00Z,2026-05-14T11:03:00Z
Y-701101,C-0041101,SLAB-501101,AREA-09,B8,22,2026-05-06T09:01:00Z,2026-05-24T08:01:00Z
Y-701102,C-0041102,SLAB-501102,AREA-10,B9,23,2026-05-05T20:51:00Z,2026-05-15T19:51:00Z
Y-701103,C-0041103,SLAB-501103,AREA-11,B1,24,2026-05-06T07:47:00Z,2026-05-26T06:47:00Z
Y-701104,C-0041104,SLAB-501104,AREA-12,B2,25,2026-05-05T04:45:00Z,2026-05-07T03:45:00Z
Y-701105,C-0041105,SLAB-501105,AREA-13,B3,26,2026-05-05T20:53:00Z,2026-05-25T19:53:00Z
Y-701106,C-0041106,SLAB-501106,AREA-01,B4,27,2026-05-06T01:52:00Z,2026-05-25T00:52:00Z
Y-701107,C-0041107,SLAB-501107,AREA-02,B5,28,2026-05-05T13:52:00Z,2026-05-18T12:52:00Z
Y-701108,C-0041108,SLAB-501108,AREA-03,B6,29,2026-05-06T06:55:00Z,2026-05-12T05:55:00Z
Y-701109,C-0041109,SLAB-501109,AREA-04,B7,30,2026-05-06T21:48:00Z,2026-05-11T20:48:00Z
Y-701110,C-0041110,SLAB-501110,AREA-05,B8,31,2026-05-06T02:50:00Z,2026-05-16T01:50:00Z
Y-701111,C-0041111,SLAB-501111,AREA-06,B9,32,2026-05-06T08:49:00Z,2026-05-26T07:49:00Z
Y-701112,C-0041112,SLAB-501112,AREA-07,B1,33,2026-05-05T18:39:00Z,2026-05-19T17:39:00Z
Y-701113,C-0041113,SLAB-501113,AREA-08,B2,34,2026-05-07T05:38:00Z,2026-05-15T04:38:00Z
Y-701114,C-0041114,SLAB-501114,AREA-09,B3,35,2026-05-07T11:31:00Z,2026-05-13T10:31:00Z
Y-701115,C-0041115,SLAB-501115,AREA-10,B4,36,2026-05-06T20:38:00Z,2026-05-16T19:38:00Z
Y-701116,C-0041116,SLAB-501116,AREA-11,B5,37,2026-05-07T04:39:00Z,2026-05-13T03:39:00Z
Y-701117,C-0041117,SLAB-501117,AREA-12,B6,38,2026-05-05T22:30:00Z,2026-05-09T21:30:00Z
Y-701118,C-0041118,SLAB-501118,AREA-13,B7,39,2026-05-06T00:39:00Z,2026-05-20T23:39:00Z
Y-701119,C-0041119,SLAB-501119,AREA-01,B8,40,2026-05-06T22:33:00Z,2026-05-14T21:33:00Z
Y-701120,C-0041120,SLAB-501120,AREA-02,B9,1,2026-05-06T06:13:00Z,2026-05-09T05:13:00Z
Y-701121,C-0041121,SLAB-501121,AREA-03,B1,2,2026-05-06T03:11:00Z,2026-05-14T02:11:00Z
Y-701122,C-0041122,SLAB-501122,AREA-04,B2,3,2026-05-07T14:14:00Z,2026-05-13T13:14:00Z
Y-701123,C-0041123,SLAB-501123,AREA-05,B3,4,2026-05-07T08:11:00Z,2026-05-15T07:11:00Z
Y-701124,C-0041124,SLAB-501124,AREA-06,B4,5,2026-05-06T17:17:00Z,2026-05-24T16:17:00Z
Y-701125,C-0041125,SLAB-501125,AREA-07,B5,6,2026-05-06T07:13:00Z,2026-05-17T06:13:00Z
Y-701126,C-0041126,SLAB-501126,AREA-08,B6,7,2026-05-06T20:12:00Z,2026-05-11T19:12:00Z
Y-701127,C-0041127,SLAB-501127,AREA-09,B7,8,2026-05-05T23:09:00Z,2026-05-23T22:09:00Z
Y-701128,C-0041128,SLAB-501128,AREA-10,B8,9,2026-05-06T13:18:00Z,2026-05-16T12:18:00Z
Y-701129,C-0041129,SLAB-501129,AREA-11,B9,10,2026-05-07T08:16:00Z,2026-05-11T07:16:00Z
Y-701130,C-0041130,SLAB-501130,AREA-12,B1,11,2026-05-06T21:14:00Z,2026-05-09T20:14:00Z
Y-701131,C-0041131,SLAB-501131,AREA-13,B2,12,2026-05-05T08:55:00Z,2026-05-15T07:55:00Z
Y-701132,C-0041132,SLAB-501132,AREA-01,B3,13,2026-05-07T17:59:00Z,2026-05-24T16:59:00Z
Y-701133,C-0041133,SLAB-501133,AREA-02,B4,14,2026-05-07T08:03:00Z,2026-05-15T07:03:00Z
Y-701134,C-0041134,SLAB-501134,AREA-03,B5,15,2026-05-06T17:01:00Z,2026-05-26T16:01:00Z
Y-701135,C-0041135,SLAB-501135,AREA-04,B6,16,2026-05-07T07:57:00Z,2026-05-18T06:57:00Z
Y-701136,C-0041136,SLAB-501136,AREA-05,B7,17,2026-05-06T11:00:00Z,2026-05-16T10:00:00Z
Y-701137,C-0041137,SLAB-501137,AREA-06,B8,18,2026-05-07T05:00:00Z,2026-05-19T04:00:00Z
Y-701138,C-0041138,SLAB-501138,AREA-07,B9,19,2026-05-05T21:58:00Z,2026-05-23T20:58:00Z
Y-701139,C-0041139,SLAB-501139,AREA-08,B1,20,2026-05-07T10:58:00Z,2026-05-10T09:58:00Z
Y-701140,C-0041140,SLAB-501140,AREA-09,B2,21,2026-05-06T19:52:00Z,2026-05-19T18:52:00Z
Y-701141,C-0041141,SLAB-501141,AREA-10,B3,22,2026-05-06T09:57:00Z,2026-05-14T08:57:00Z
Y-701142,C-0041142,SLAB-501142,AREA-11,B4,23,2026-05-05T23:34:00Z,2026-05-16T22:34:00Z
Y-701143,C-0041143,SLAB-501143,AREA-12,B5,24,2026-05-06T21:36:00Z,2026-05-14T20:36:00Z
Y-701144,C-0041144,SLAB-501144,AREA-13,B6,25,2026-05-06T03:34:00Z,2026-05-09T02:34:00Z
Y-701145,C-0041145,SLAB-501145,AREA-01,B7,26,2026-05-06T20:38:00Z,2026-05-08T19:38:00Z
Y-701146,C-0041146,SLAB-501146,AREA-02,B8,27,2026-05-06T15:30:00Z,2026-05-15T14:30:00Z
Y-701147,C-0041147,SLAB-501147,AREA-03,B9,28,2026-05-06T10:32:00Z,2026-05-23T09:32:00Z
Y-701148,C-0041148,SLAB-501148,AREA-04,B1,29,2026-05-07T18:38:00Z,2026-05-19T17:38:00Z
Y-701149,C-0041149,SLAB-501149,AREA-05,B2,30,2026-05-05T15:33:00Z,2026-05-10T14:33:00Z
Y-701150,C-0041150,SLAB-501150,AREA-06,B3,31,2026-05-06T11:23:00Z,2026-05-19T10:23:00Z
Y-701151,C-0041151,SLAB-501151,AREA-07,B4,32,2026-05-06T16:21:00Z,2026-05-14T15:21:00Z
Y-701152,C-0041152,SLAB-501152,AREA-08,B5,33,2026-05-06T09:21:00Z,2026-05-25T08:21:00Z
Y-701153,C-0041153,SLAB-501153,AREA-09,B6,34,2026-05-06T20:22:00Z,2026-05-22T19:22:00Z
Y-701154,C-0041154,SLAB-501154,AREA-10,B7,35,2026-05-06T10:26:00Z,2026-05-10T09:26:00Z
Y-701155,C-0041155,SLAB-501155,AREA-11,B8,36,2026-05-06T11:26:00Z,2026-05-20T10:26:00Z
Y-701156,C-0041156,SLAB-501156,AREA-12,B9,37,2026-05-06T21:20:00Z,2026-05-19T20:20:00Z
Y-701157,C-0041157,SLAB-501157,AREA-13,B1,38,2026-05-06T22:25:00Z,2026-05-17T21:25:00Z
Y-701158,C-0041158,SLAB-501158,AREA-01,B2,39,2026-05-06T15:26:00Z,2026-05-25T14:26:00Z
Y-701159,C-0041159,SLAB-501159,AREA-02,B3,40,2026-05-05T05:18:00Z,2026-05-19T04:18:00Z
Y-701160,C-0041160,SLAB-501160,AREA-03,B4,1,2026-05-06T14:18:00Z,2026-05-13T13:18:00Z
Y-701161,C-0041161,SLAB-501161,AREA-04,B5,2,2026-05-06T03:16:00Z,2026-05-24T02:16:00Z
Y-701162,C-0041162,SLAB-501162,AREA-05,B6,3,2026-05-06T07:11:00Z,2026-05-09T06:11:00Z
Y-701163,C-0041163,SLAB-501163,AREA-06,B7,4,2026-05-07T04:19:00Z,2026-05-16T03:19:00Z
Y-701164,C-0041164,SLAB-501164,AREA-07,B8,5,2026-05-07T01:16:00Z,2026-05-22T00:16:00Z
Y-701165,C-0041165,SLAB-501165,AREA-08,B9,6,2026-05-07T02:15:00Z,2026-05-22T01:15:00Z
Y-701166,C-0041166,SLAB-501166,AREA-09,B1,7,2026-05-07T18:47:00Z,2026-05-21T17:47:00Z
Y-701167,C-0041167,SLAB-501167,AREA-10,B2,8,2026-05-06T11:51:00Z,2026-05-25T10:51:00Z
Y-701168,C-0041168,SLAB-501168,AREA-11,B3,9,2026-05-06T09:44:00Z,2026-05-16T08:44:00Z
Y-701169,C-0041169,SLAB-501169,AREA-12,B4,10,2026-05-06T09:44:00Z,2026-05-26T08:44:00Z
Y-701170,C-0041170,SLAB-501170,AREA-13,B5,11,2026-05-06T22:42:00Z,2026-05-17T21:42:00Z
Y-701171,C-0041171,SLAB-501171,AREA-01,B6,12,2026-05-05T19:51:00Z,2026-05-08T18:51:00Z
Y-701172,C-0041172,SLAB-501172,AREA-02,B7,13,2026-05-06T08:47:00Z,2026-05-20T07:47:00Z
Y-701173,C-0041173,SLAB-501173,AREA-03,B8,14,2026-05-06T10:53:00Z,2026-05-11T09:53:00Z
Y-701174,C-0041174,SLAB-501174,AREA-04,B9,15,2026-05-06T18:47:00Z,2026-05-22T17:47:00Z
Y-701175,C-0041175,SLAB-501175,AREA-05,B1,16,2026-05-06T17:48:00Z,2026-05-26T16:48:00Z
Y-701176,C-0041176,SLAB-501176,AREA-06,B2,17,2026-05-05T18:38:00Z,2026-05-22T17:38:00Z
Y-701177,C-0041177,SLAB-501177,AREA-07,B3,18,2026-05-06T21:38:00Z,2026-05-08T20:38:00Z
Y-701178,C-0041178,SLAB-501178,AREA-08,B4,19,2026-05-06T19:33:00Z,2026-05-13T18:33:00Z
Y-701179,C-0041179,SLAB-501179,AREA-09,B5,20,2026-05-06T05:43:00Z,2026-05-25T04:43:00Z
Y-701180,C-0041180,SLAB-501180,AREA-10,B6,21,2026-05-06T04:39:00Z,2026-05-12T03:39:00Z
Y-701181,C-0041181,SLAB-501181,AREA-11,B7,22,2026-05-06T14:33:00Z,2026-05-15T13:33:00Z
Y-701182,C-0041182,SLAB-501182,AREA-12,B8,23,2026-05-06T22:30:00Z,2026-05-21T21:30:00Z
Y-701183,C-0041183,SLAB-501183,AREA-13,B9,24,2026-05-06T06:42:00Z,2026-05-18T05:42:00Z
Y-701184,C-0041184,SLAB-501184,AREA-01,B1,25,2026-05-06T18:35:00Z,2026-05-18T17:35:00Z
Y-701185,C-0041185,SLAB-501185,AREA-02,B2,26,2026-05-06T19:30:00Z,2026-05-22T18:30:00Z
Y-701186,C-0041186,SLAB-501186,AREA-03,B3,27,2026-05-07T11:38:00Z,2026-05-23T10:38:00Z
Y-701187,C-0041187,SLAB-501187,AREA-04,B4,28,2026-05-07T02:58:00Z,2026-05-22T01:58:00Z
Y-701188,C-0041188,SLAB-501188,AREA-05,B5,29,2026-05-06T06:53:00Z,2026-05-24T05:53:00Z
Y-701189,C-0041189,SLAB-501189,AREA-06,B6,30,2026-05-07T14:54:00Z,2026-05-15T13:54:00Z
Y-701190,C-0041190,SLAB-501190,AREA-07,B7,31,2026-05-06T00:00:00Z,2026-05-19T23:00:00Z
Y-701191,C-0041191,SLAB-501191,AREA-08,B8,32,2026-05-06T23:03:00Z,2026-05-24T22:03:00Z
Y-701192,C-0041192,SLAB-501192,AREA-09,B9,33,2026-05-06T22:51:00Z,2026-05-13T21:51:00Z
Y-701193,C-0041193,SLAB-501193,AREA-10,B1,34,2026-05-06T11:56:00Z,2026-05-08T10:56:00Z
Y-701194,C-0041194,SLAB-501194,AREA-11,B2,35,2026-05-06T10:02:00Z,2026-05-19T09:02:00Z
Y-701195,C-0041195,SLAB-501195,AREA-12,B3,36,2026-05-06T17:56:00Z,2026-05-08T16:56:00Z
Y-701196,C-0041196,SLAB-501196,AREA-13,B4,37,2026-05-07T21:54:00Z,2026-05-12T20:54:00Z
Y-701197,C-0041197,SLAB-501197,AREA-01,B5,38,2026-05-06T14:53:00Z,2026-05-10T13:53:00Z
Y-701198,C-0041198,SLAB-501198,AREA-02,B6,39,2026-05-05T23:42:00Z,2026-05-24T22:42:00Z
Y-701199,C-0041199,SLAB-501199,AREA-03,B7,40,2026-05-07T00:36:00Z,2026-05-26T23:36:00Z
Y-701200,C-0041200,SLAB-501200,AREA-04,B8,1,2026-05-07T16:33:00Z,2026-05-23T15:33:00Z
Y-701201,C-0041201,SLAB-501201,AREA-05,B9,2,2026-05-05T22:33:00Z,2026-05-22T21:33:00Z
Y-701202,C-0041202,SLAB-501202,AREA-06,B1,3,2026-05-06T20:35:00Z,2026-05-21T19:35:00Z
Y-701203,C-0041203,SLAB-501203,AREA-07,B2,4,2026-05-07T02:35:00Z,2026-05-12T01:35:00Z
Y-701204,C-0041204,SLAB-501204,AREA-08,B3,5,2026-05-05T15:38:00Z,2026-05-15T14:38:00Z
Y-701205,C-0041205,SLAB-501205,AREA-09,B4,6,2026-05-07T11:36:00Z,2026-05-11T10:36:00Z
Y-701206,C-0041206,SLAB-501206,AREA-10,B5,7,2026-05-05T08:39:00Z,2026-05-23T07:39:00Z
Y-701207,C-0041207,SLAB-501207,AREA-11,B6,8,2026-05-07T09:39:00Z,2026-05-27T08:39:00Z
Y-701208,C-0041208,SLAB-501208,AREA-12,B7,9,2026-05-06T04:36:00Z,2026-05-16T03:36:00Z
Y-701209,C-0041209,SLAB-501209,AREA-13,B8,10,2026-05-07T08:38:00Z,2026-05-19T07:38:00Z
Y-701210,C-0041210,SLAB-501210,AREA-01,B9,11,2026-05-07T11:39:00Z,2026-05-19T10:39:00Z
Y-701211,C-0041211,SLAB-501211,AREA-02,B1,12,2026-05-07T06:40:00Z,2026-05-25T05:40:00Z
Y-701212,C-0041212,SLAB-501212,AREA-03,B2,13,2026-05-07T03:33:00Z,2026-05-13T02:33:00Z
Y-701213,C-0041213,SLAB-501213,AREA-04,B3,14,2026-05-05T08:36:00Z,2026-05-11T07:36:00Z
Y-701214,C-0041214,SLAB-501214,AREA-05,B4,15,2026-05-06T22:38:00Z,2026-05-09T21:38:00Z
Y-701215,C-0041215,SLAB-501215,AREA-06,B5,16,2026-05-07T18:41:00Z,2026-05-18T17:41:00Z
Y-701216,C-0041216,SLAB-501216,AREA-07,B6,17,2026-05-06T11:37:00Z,2026-05-12T10:37:00Z
Y-701217,C-0041217,SLAB-501217,AREA-08,B7,18,2026-05-06T00:43:00Z,2026-05-21T23:43:00Z
Y-701218,C-0041218,SLAB-501218,AREA-09,B8,19,2026-05-07T15:11:00Z,2026-05-27T14:11:00Z
Y-701219,C-0041219,SLAB-501219,AREA-10,B9,20,2026-05-07T10:18:00Z,2026-05-14T09:18:00Z
Y-701220,C-0041220,SLAB-501220,AREA-11,B1,21,2026-05-07T15:14:00Z,2026-05-24T14:14:00Z
Y-701221,C-0041221,SLAB-501221,AREA-12,B2,22,2026-05-06T14:14:00Z,2026-05-17T13:14:00Z
Y-701222,C-0041222,SLAB-501222,AREA-13,B3,23,2026-05-07T00:15:00Z,2026-05-26T23:15:00Z
Y-701223,C-0041223,SLAB-501223,AREA-01,B4,24,2026-05-06T02:20:00Z,2026-05-23T01:20:00Z
Y-701224,C-0041224,SLAB-501224,AREA-02,B5,25,2026-05-07T02:17:00Z,2026-05-14T01:17:00Z
Y-701225,C-0041225,SLAB-501225,AREA-03,B6,26,2026-05-06T13:20:00Z,2026-05-11T12:20:00Z
Y-701226,C-0041226,SLAB-501226,AREA-04,B7,27,2026-05-05T20:19:00Z,2026-05-21T19:19:00Z
Y-701227,C-0041227,SLAB-501227,AREA-05,B8,28,2026-05-07T05:17:00Z,2026-05-20T04:17:00Z
Y-701228,C-0041228,SLAB-501228,AREA-06,B9,29,2026-05-07T01:44:00Z,2026-05-26T00:44:00Z
Y-701229,C-0041229,SLAB-501229,AREA-07,B1,30,2026-05-07T04:45:00Z,2026-05-12T03:45:00Z
Y-701230,C-0041230,SLAB-501230,AREA-08,B2,31,2026-05-06T02:43:00Z,2026-05-16T01:43:00Z
Y-701231,C-0041231,SLAB-501231,AREA-09,B3,32,2026-05-06T08:44:00Z,2026-05-11T07:44:00Z
Y-701232,C-0041232,SLAB-501232,AREA-10,B4,33,2026-05-05T18:50:00Z,2026-05-13T17:50:00Z
Y-701233,C-0041233,SLAB-501233,AREA-11,B5,34,2026-05-06T06:46:00Z,2026-05-17T05:46:00Z
Y-701234,C-0041234,SLAB-501234,AREA-12,B6,35,2026-05-06T10:45:00Z,2026-05-17T09:45:00Z
Y-701235,C-0041235,SLAB-501235,AREA-13,B7,36,2026-05-07T05:18:00Z,2026-05-27T04:18:00Z
Y-701236,C-0041236,SLAB-501236,AREA-01,B8,37,2026-05-06T04:13:00Z,2026-05-14T03:13:00Z
Y-701237,C-0041237,SLAB-501237,AREA-02,B9,38,2026-05-07T06:21:00Z,2026-05-12T05:21:00Z
Y-701238,C-0041238,SLAB-501238,AREA-03,B1,39,2026-05-07T00:21:00Z,2026-05-23T23:21:00Z
Y-701239,C-0041239,SLAB-501239,AREA-04,B2,40,2026-05-06T20:22:00Z,2026-05-18T19:22:00Z
Y-701240,C-0041240,SLAB-501240,AREA-05,B3,1,2026-05-07T14:20:00Z,2026-05-26T13:20:00Z
Y-701241,C-0041241,SLAB-501241,AREA-06,B4,2,2026-05-07T05:22:00Z,2026-05-25T04:22:00Z
Y-701242,C-0041242,SLAB-501242,AREA-07,B5,3,2026-05-05T19:05:00Z,2026-05-21T18:05:00Z
Y-701243,C-0041243,SLAB-501243,AREA-08,B6,4,2026-05-06T03:04:00Z,2026-05-14T02:04:00Z
Y-701244,C-0041244,SLAB-501244,AREA-09,B7,5,2026-05-06T05:03:00Z,2026-05-20T04:03:00Z
Y-701245,C-0041245,SLAB-501245,AREA-10,B8,6,2026-05-06T13:09:00Z,2026-05-21T12:09:00Z
Y-701246,C-0041246,SLAB-501246,AREA-11,B9,7,2026-05-05T15:05:00Z,2026-05-17T14:05:00Z
Y-701247,C-0041247,SLAB-501247,AREA-12,B1,8,2026-05-06T10:09:00Z,2026-05-25T09:09:00Z
Y-701248,C-0041248,SLAB-501248,AREA-13,B2,9,2026-05-05T15:07:00Z,2026-05-08T14:07:00Z
Y-701249,C-0041249,SLAB-501249,AREA-01,B3,10,2026-05-07T11:07:00Z,2026-05-10T10:07:00Z
Y-701250,C-0041250,SLAB-501250,AREA-02,B4,11,2026-05-05T23:07:00Z,2026-05-14T22:07:00Z
Y-701251,C-0041251,SLAB-501251,AREA-03,B5,12,2026-05-06T20:01:00Z,2026-05-09T19:01:00Z
Y-701252,C-0041252,SLAB-501252,AREA-04,B6,13,2026-05-07T13:30:00Z,2026-05-13T12:30:00Z
Y-701253,C-0041253,SLAB-501253,AREA-05,B7,14,2026-05-06T03:26:00Z,2026-05-21T02:26:00Z
Y-701254,C-0041254,SLAB-501254,AREA-06,B8,15,2026-05-06T23:32:00Z,2026-05-22T22:32:00Z
Y-701255,C-0041255,SLAB-501255,AREA-07,B9,16,2026-05-07T09:34:00Z,2026-05-11T08:34:00Z
Y-701256,C-0041256,SLAB-501256,AREA-08,B1,17,2026-05-06T22:34:00Z,2026-05-19T21:34:00Z
Y-701257,C-0041257,SLAB-501257,AREA-09,B2,18,2026-05-06T16:36:00Z,2026-05-26T15:36:00Z
Y-701258,C-0041258,SLAB-501258,AREA-10,B3,19,2026-05-06T02:29:00Z,2026-05-22T01:29:00Z
Y-701259,C-0041259,SLAB-501259,AREA-11,B4,20,2026-05-07T01:41:00Z,2026-05-23T00:41:00Z
Y-701260,C-0041260,SLAB-501260,AREA-12,B5,21,2026-05-07T14:52:00Z,2026-05-16T13:52:00Z
Y-701261,C-0041261,SLAB-501261,AREA-13,B6,22,2026-05-08T01:42:00Z,2026-05-18T00:42:00Z
Y-701262,C-0041262,SLAB-501262,AREA-01,B7,23,2026-05-07T02:43:00Z,2026-05-12T01:43:00Z
Y-701263,C-0041263,SLAB-501263,AREA-02,B8,24,2026-05-07T09:45:00Z,2026-05-11T08:45:00Z
Y-701264,C-0041264,SLAB-501264,AREA-03,B9,25,2026-05-05T13:41:00Z,2026-05-10T12:41:00Z
Y-701265,C-0041265,SLAB-501265,AREA-04,B1,26,2026-05-06T00:51:00Z,2026-05-07T23:51:00Z
Y-701266,C-0041266,SLAB-501266,AREA-05,B2,27,2026-05-05T12:45:00Z,2026-05-23T11:45:00Z
Y-701267,C-0041267,SLAB-501267,AREA-06,B3,28,2026-05-07T01:43:00Z,2026-05-22T00:43:00Z
Y-701268,C-0041268,SLAB-501268,AREA-07,B4,29,2026-05-06T14:44:00Z,2026-05-26T13:44:00Z
Y-701269,C-0041269,SLAB-501269,AREA-08,B5,30,2026-05-07T05:19:00Z,2026-05-27T04:19:00Z
Y-701270,C-0041270,SLAB-501270,AREA-09,B6,31,2026-05-06T19:17:00Z,2026-05-24T18:17:00Z
Y-701271,C-0041271,SLAB-501271,AREA-10,B7,32,2026-05-07T02:16:00Z,2026-05-09T01:16:00Z
Y-701272,C-0041272,SLAB-501272,AREA-11,B8,33,2026-05-06T14:15:00Z,2026-05-14T13:15:00Z
Y-701273,C-0041273,SLAB-501273,AREA-12,B9,34,2026-05-06T06:17:00Z,2026-05-19T05:17:00Z
Y-701274,C-0041274,SLAB-501274,AREA-13,B1,35,2026-05-05T16:21:00Z,2026-05-19T15:21:00Z
Y-701275,C-0041275,SLAB-501275,AREA-01,B2,36,2026-05-06T16:22:00Z,2026-05-08T15:22:00Z
Y-701276,C-0041276,SLAB-501276,AREA-02,B3,37,2026-05-06T23:18:00Z,2026-05-22T22:18:00Z
Y-701277,C-0041277,SLAB-501277,AREA-03,B4,38,2026-05-07T00:16:00Z,2026-05-26T23:16:00Z
Y-701278,C-0041278,SLAB-501278,AREA-04,B5,39,2026-05-07T07:13:00Z,2026-05-20T06:13:00Z
Y-701279,C-0041279,SLAB-501279,AREA-05,B6,40,2026-05-06T22:21:00Z,2026-05-17T21:21:00Z
Y-701280,C-0041280,SLAB-501280,AREA-06,B7,1,2026-05-05T21:44:00Z,2026-05-25T20:44:00Z
Y-701281,C-0041281,SLAB-501281,AREA-07,B8,2,2026-05-06T04:51:00Z,2026-05-12T03:51:00Z
Y-701282,C-0041282,SLAB-501282,AREA-08,B9,3,2026-05-05T22:50:00Z,2026-05-07T21:50:00Z
Y-701283,C-0041283,SLAB-501283,AREA-09,B1,4,2026-05-07T07:52:00Z,2026-05-10T06:52:00Z
Y-701284,C-0041284,SLAB-501284,AREA-10,B2,5,2026-05-05T10:47:00Z,2026-05-09T09:47:00Z
Y-701285,C-0041285,SLAB-501285,AREA-11,B3,6,2026-05-06T20:48:00Z,2026-05-26T19:48:00Z
Y-701286,C-0041286,SLAB-501286,AREA-12,B4,7,2026-05-06T21:44:00Z,2026-05-09T20:44:00Z
Y-701287,C-0041287,SLAB-501287,AREA-13,B5,8,2026-05-06T23:50:00Z,2026-05-20T22:50:00Z
Y-701288,C-0041288,SLAB-501288,AREA-01,B6,9,2026-05-07T17:50:00Z,2026-05-19T16:50:00Z
Y-701289,C-0041289,SLAB-501289,AREA-02,B7,10,2026-05-06T15:49:00Z,2026-05-26T14:49:00Z
Y-701290,C-0041290,SLAB-501290,AREA-03,B8,11,2026-05-06T17:03:00Z,2026-05-10T16:03:00Z
Y-701291,C-0041291,SLAB-501291,AREA-04,B9,12,2026-05-06T10:04:00Z,2026-05-18T09:04:00Z
Y-701292,C-0041292,SLAB-501292,AREA-05,B1,13,2026-05-08T06:02:00Z,2026-05-22T05:02:00Z
Y-701293,C-0041293,SLAB-501293,AREA-06,B2,14,2026-05-06T21:56:00Z,2026-05-20T20:56:00Z
Y-701294,C-0041294,SLAB-501294,AREA-07,B3,15,2026-05-07T06:57:00Z,2026-05-25T05:57:00Z
Y-701295,C-0041295,SLAB-501295,AREA-08,B4,16,2026-05-06T10:57:00Z,2026-05-24T09:57:00Z
Y-701296,C-0041296,SLAB-501296,AREA-09,B5,17,2026-05-06T20:55:00Z,2026-05-17T19:55:00Z
Y-701297,C-0041297,SLAB-501297,AREA-10,B6,18,2026-05-08T02:06:00Z,2026-05-13T01:06:00Z
Y-701298,C-0041298,SLAB-501298,AREA-11,B7,19,2026-05-06T16:03:00Z,2026-05-20T15:03:00Z
Y-701299,C-0041299,SLAB-501299,AREA-12,B8,20,2026-05-07T11:27:00Z,2026-05-16T10:27:00Z
Y-701300,C-0041300,SLAB-501300,AREA-13,B9,21,2026-05-07T17:23:00Z,2026-05-23T16:23:00Z
Y-701301,C-0041301,SLAB-501301,AREA-01,B1,22,2026-05-07T03:23:00Z,2026-05-25T02:23:00Z
Y-701302,C-0041302,SLAB-501302,AREA-02,B2,23,2026-05-07T06:30:00Z,2026-05-26T05:30:00Z
Y-701303,C-0041303,SLAB-501303,AREA-03,B3,24,2026-05-06T21:31:00Z,2026-05-23T20:31:00Z
Y-701304,C-0041304,SLAB-501304,AREA-04,B4,25,2026-05-07T09:31:00Z,2026-05-20T08:31:00Z
Y-701305,C-0041305,SLAB-501305,AREA-05,B5,26,2026-05-07T16:25:00Z,2026-05-19T15:25:00Z
Y-701306,C-0041306,SLAB-501306,AREA-06,B6,27,2026-05-08T09:30:00Z,2026-05-26T08:30:00Z
Y-701307,C-0041307,SLAB-501307,AREA-07,B7,28,2026-05-08T01:27:00Z,2026-05-15T00:27:00Z
Y-701308,C-0041308,SLAB-501308,AREA-08,B8,29,2026-05-06T15:26:00Z,2026-05-09T14:26:00Z
Y-701309,C-0041309,SLAB-501309,AREA-09,B9,30,2026-05-07T08:31:00Z,2026-05-10T07:31:00Z
Y-701310,C-0041310,SLAB-501310,AREA-10,B1,31,2026-05-07T12:42:00Z,2026-05-24T11:42:00Z
Y-701311,C-0041311,SLAB-501311,AREA-11,B2,32,2026-05-05T15:38:00Z,2026-05-14T14:38:00Z
Y-701312,C-0041312,SLAB-501312,AREA-12,B3,33,2026-05-06T23:43:00Z,2026-05-21T22:43:00Z
Y-701313,C-0041313,SLAB-501313,AREA-13,B4,34,2026-05-06T12:40:00Z,2026-05-25T11:40:00Z
Y-701314,C-0041314,SLAB-501314,AREA-01,B5,35,2026-05-05T20:47:00Z,2026-05-11T19:47:00Z
Y-701315,C-0041315,SLAB-501315,AREA-02,B6,36,2026-05-07T10:45:00Z,2026-05-16T09:45:00Z
Y-701316,C-0041316,SLAB-501316,AREA-03,B7,37,2026-05-06T22:40:00Z,2026-05-25T21:40:00Z
Y-701317,C-0041317,SLAB-501317,AREA-04,B8,38,2026-05-07T17:44:00Z,2026-05-23T16:44:00Z
Y-701318,C-0041318,SLAB-501318,AREA-05,B9,39,2026-05-07T23:38:00Z,2026-05-26T22:38:00Z
Y-701319,C-0041319,SLAB-501319,AREA-06,B1,40,2026-05-07T04:27:00Z,2026-05-17T03:27:00Z
Y-701320,C-0041320,SLAB-501320,AREA-07,B2,1,2026-05-05T20:22:00Z,2026-05-09T19:22:00Z
Y-701321,C-0041321,SLAB-501321,AREA-08,B3,2,2026-05-08T05:23:00Z,2026-05-10T04:23:00Z
Y-701322,C-0041322,SLAB-501322,AREA-09,B4,3,2026-05-06T13:17:00Z,2026-05-16T12:17:00Z
Y-701323,C-0041323,SLAB-501323,AREA-10,B5,4,2026-05-06T15:24:00Z,2026-05-15T14:24:00Z
Y-701324,C-0041324,SLAB-501324,AREA-11,B6,5,2026-05-06T11:21:00Z,2026-05-08T10:21:00Z
Y-701325,C-0041325,SLAB-501325,AREA-12,B7,6,2026-05-06T12:20:00Z,2026-05-17T11:20:00Z
Y-701326,C-0041326,SLAB-501326,AREA-13,B8,7,2026-05-06T12:19:00Z,2026-05-13T11:19:00Z
Y-701327,C-0041327,SLAB-501327,AREA-01,B9,8,2026-05-07T14:27:00Z,2026-05-11T13:27:00Z
Y-701328,C-0041328,SLAB-501328,AREA-02,B1,9,2026-05-06T15:22:00Z,2026-05-08T14:22:00Z
Y-701329,C-0041329,SLAB-501329,AREA-03,B2,10,2026-05-07T01:36:00Z,2026-05-23T00:36:00Z
Y-701330,C-0041330,SLAB-501330,AREA-04,B3,11,2026-05-07T14:36:00Z,2026-05-10T13:36:00Z
Y-701331,C-0041331,SLAB-501331,AREA-05,B4,12,2026-05-06T04:36:00Z,2026-05-19T03:36:00Z
Y-701332,C-0041332,SLAB-501332,AREA-06,B5,13,2026-05-07T13:32:00Z,2026-05-17T12:32:00Z
Y-701333,C-0041333,SLAB-501333,AREA-07,B6,14,2026-05-06T10:34:00Z,2026-05-10T09:34:00Z
Y-701334,C-0041334,SLAB-501334,AREA-08,B7,15,2026-05-07T10:31:00Z,2026-05-23T09:31:00Z
Y-701335,C-0041335,SLAB-501335,AREA-09,B8,16,2026-05-06T20:32:00Z,2026-05-14T19:32:00Z
Y-701336,C-0041336,SLAB-501336,AREA-10,B9,17,2026-05-06T17:37:00Z,2026-05-14T16:37:00Z
Y-701337,C-0041337,SLAB-501337,AREA-11,B1,18,2026-05-07T16:32:00Z,2026-05-21T15:32:00Z
Y-701338,C-0041338,SLAB-501338,AREA-12,B2,19,2026-05-07T09:39:00Z,2026-05-24T08:39:00Z
Y-701339,C-0041339,SLAB-501339,AREA-13,B3,20,2026-05-06T20:30:00Z,2026-05-19T19:30:00Z
Y-701340,C-0041340,SLAB-501340,AREA-01,B4,21,2026-05-05T16:44:00Z,2026-05-16T15:44:00Z
Y-701341,C-0041341,SLAB-501341,AREA-02,B5,22,2026-05-06T17:45:00Z,2026-05-14T16:45:00Z
Y-701342,C-0041342,SLAB-501342,AREA-03,B6,23,2026-05-07T04:37:00Z,2026-05-17T03:37:00Z
Y-701343,C-0041343,SLAB-501343,AREA-04,B7,24,2026-05-06T22:36:00Z,2026-05-09T21:36:00Z
Y-701344,C-0041344,SLAB-501344,AREA-05,B8,25,2026-05-06T06:42:00Z,2026-05-17T05:42:00Z
Y-701345,C-0041345,SLAB-501345,AREA-06,B9,26,2026-05-07T23:36:00Z,2026-05-20T22:36:00Z
Y-701346,C-0041346,SLAB-501346,AREA-07,B1,27,2026-05-07T16:38:00Z,2026-05-12T15:38:00Z
Y-701347,C-0041347,SLAB-501347,AREA-08,B2,28,2026-05-06T12:33:00Z,2026-05-20T11:33:00Z
Y-701348,C-0041348,SLAB-501348,AREA-09,B3,29,2026-05-07T20:38:00Z,2026-05-22T19:38:00Z
Y-701349,C-0041349,SLAB-501349,AREA-10,B4,30,2026-05-06T12:37:00Z,2026-05-12T11:37:00Z
Y-701350,C-0041350,SLAB-501350,AREA-11,B5,31,2026-05-07T08:54:00Z,2026-05-18T07:54:00Z
Y-701351,C-0041351,SLAB-501351,AREA-12,B6,32,2026-05-06T04:54:00Z,2026-05-22T03:54:00Z
Y-701352,C-0041352,SLAB-501352,AREA-13,B7,33,2026-05-06T05:58:00Z,2026-05-13T04:58:00Z
Y-701353,C-0041353,SLAB-501353,AREA-01,B8,34,2026-05-07T11:59:00Z,2026-05-23T10:59:00Z
Y-701354,C-0041354,SLAB-501354,AREA-02,B9,35,2026-05-06T14:52:00Z,2026-05-13T13:52:00Z
Y-701355,C-0041355,SLAB-501355,AREA-03,B1,36,2026-05-06T19:57:00Z,2026-05-23T18:57:00Z
Y-701356,C-0041356,SLAB-501356,AREA-04,B2,37,2026-05-06T21:49:00Z,2026-05-25T20:49:00Z
Y-701357,C-0041357,SLAB-501357,AREA-05,B3,38,2026-05-06T17:16:00Z,2026-05-18T16:16:00Z
Y-701358,C-0041358,SLAB-501358,AREA-06,B4,39,2026-05-06T13:21:00Z,2026-05-11T12:21:00Z
Y-701359,C-0041359,SLAB-501359,AREA-07,B5,40,2026-05-07T10:11:00Z,2026-05-11T09:11:00Z
Y-701360,C-0041360,SLAB-501360,AREA-08,B6,1,2026-05-07T18:15:00Z,2026-05-14T17:15:00Z
Y-701361,C-0041361,SLAB-501361,AREA-09,B7,2,2026-05-07T19:12:00Z,2026-05-25T18:12:00Z
Y-701362,C-0041362,SLAB-501362,AREA-10,B8,3,2026-05-06T22:13:00Z,2026-05-23T21:13:00Z
Y-701363,C-0041363,SLAB-501363,AREA-11,B9,4,2026-05-05T18:14:00Z,2026-05-19T17:14:00Z
Y-701364,C-0041364,SLAB-501364,AREA-12,B1,5,2026-05-06T06:16:00Z,2026-05-16T05:16:00Z
Y-701365,C-0041365,SLAB-501365,AREA-13,B2,6,2026-05-07T09:13:00Z,2026-05-16T08:13:00Z
Y-701366,C-0041366,SLAB-501366,AREA-01,B3,7,2026-05-07T23:10:00Z,2026-05-25T22:10:00Z
Y-701367,C-0041367,SLAB-501367,AREA-02,B4,8,2026-05-07T21:13:00Z,2026-05-27T20:13:00Z
Y-701368,C-0041368,SLAB-501368,AREA-03,B5,9,2026-05-07T07:14:00Z,2026-05-13T06:14:00Z
Y-701369,C-0041369,SLAB-501369,AREA-04,B6,10,2026-05-05T21:09:00Z,2026-05-15T20:09:00Z
Y-701370,C-0041370,SLAB-501370,AREA-05,B7,11,2026-05-07T14:13:00Z,2026-05-18T13:13:00Z
Y-701371,C-0041371,SLAB-501371,AREA-06,B8,12,2026-05-07T21:09:00Z,2026-05-19T20:09:00Z
Y-701372,C-0041372,SLAB-501372,AREA-07,B9,13,2026-05-07T01:15:00Z,2026-05-15T00:15:00Z
Y-701373,C-0041373,SLAB-501373,AREA-08,B1,14,2026-05-07T04:15:00Z,2026-05-24T03:15:00Z
Y-701374,C-0041374,SLAB-501374,AREA-09,B2,15,2026-05-07T04:11:00Z,2026-05-12T03:11:00Z
Y-701375,C-0041375,SLAB-501375,AREA-10,B3,16,2026-05-07T11:10:00Z,2026-05-18T10:10:00Z
Y-701376,C-0041376,SLAB-501376,AREA-11,B4,17,2026-05-06T22:35:00Z,2026-05-15T21:35:00Z
Y-701377,C-0041377,SLAB-501377,AREA-12,B5,18,2026-05-08T05:32:00Z,2026-05-13T04:32:00Z
Y-701378,C-0041378,SLAB-501378,AREA-13,B6,19,2026-05-07T23:30:00Z,2026-05-09T22:30:00Z
Y-701379,C-0041379,SLAB-501379,AREA-01,B7,20,2026-05-05T18:34:00Z,2026-05-23T17:34:00Z
Y-701380,C-0041380,SLAB-501380,AREA-02,B8,21,2026-05-07T07:35:00Z,2026-05-13T06:35:00Z
Y-701381,C-0041381,SLAB-501381,AREA-03,B9,22,2026-05-07T03:30:00Z,2026-05-10T02:30:00Z
Y-701382,C-0041382,SLAB-501382,AREA-04,B1,23,2026-05-06T04:33:00Z,2026-05-15T03:33:00Z
Y-701383,C-0041383,SLAB-501383,AREA-05,B2,24,2026-05-06T11:35:00Z,2026-05-11T10:35:00Z
Y-701384,C-0041384,SLAB-501384,AREA-06,B3,25,2026-05-07T06:41:00Z,2026-05-17T05:41:00Z
Y-701385,C-0041385,SLAB-501385,AREA-07,B4,26,2026-05-06T07:43:00Z,2026-05-08T06:43:00Z
Y-701386,C-0041386,SLAB-501386,AREA-08,B5,27,2026-05-07T12:40:00Z,2026-05-20T11:40:00Z
Y-701387,C-0041387,SLAB-501387,AREA-09,B6,28,2026-05-05T19:31:00Z,2026-05-20T18:31:00Z
Y-701388,C-0041388,SLAB-501388,AREA-10,B7,29,2026-05-08T07:36:00Z,2026-05-16T06:36:00Z
Y-701389,C-0041389,SLAB-501389,AREA-11,B8,30,2026-05-07T22:39:00Z,2026-05-27T21:39:00Z
Y-701390,C-0041390,SLAB-501390,AREA-12,B9,31,2026-05-07T08:36:00Z,2026-05-22T07:36:00Z
Y-701391,C-0041391,SLAB-501391,AREA-13,B1,32,2026-05-06T16:34:00Z,2026-05-11T15:34:00Z
Y-701392,C-0041392,SLAB-501392,AREA-01,B2,33,2026-05-06T01:36:00Z,2026-05-17T00:36:00Z
Y-701393,C-0041393,SLAB-501393,AREA-02,B3,34,2026-05-07T08:39:00Z,2026-05-14T07:39:00Z
Y-701394,C-0041394,SLAB-501394,AREA-03,B4,35,2026-05-06T10:36:00Z,2026-05-09T09:36:00Z
Y-701395,C-0041395,SLAB-501395,AREA-04,B5,36,2026-05-06T16:31:00Z,2026-05-16T15:31:00Z
Y-701396,C-0041396,SLAB-501396,AREA-05,B6,37,2026-05-08T09:42:00Z,2026-05-21T08:42:00Z
Y-701397,C-0041397,SLAB-501397,AREA-06,B7,38,2026-05-07T22:27:00Z,2026-05-21T21:27:00Z
Y-701398,C-0041398,SLAB-501398,AREA-07,B8,39,2026-05-07T02:26:00Z,2026-05-24T01:26:00Z
Y-701399,C-0041399,SLAB-501399,AREA-08,B9,40,2026-05-05T23:31:00Z,2026-05-17T22:31:00Z
Y-701400,C-0041400,SLAB-501400,AREA-09,B1,1,2026-05-07T12:32:00Z,2026-05-14T11:32:00Z
Y-701401,C-0041401,SLAB-501401,AREA-10,B2,2,2026-05-07T17:30:00Z,2026-05-22T16:30:00Z
Y-701402,C-0041402,SLAB-501402,AREA-11,B3,3,2026-05-08T02:33:00Z,2026-05-21T01:33:00Z
Y-701403,C-0041403,SLAB-501403,AREA-12,B4,4,2026-05-07T08:25:00Z,2026-05-15T07:25:00Z
Y-701404,C-0041404,SLAB-501404,AREA-13,B5,5,2026-05-06T15:29:00Z,2026-05-22T14:29:00Z
Y-701405,C-0041405,SLAB-501405,AREA-01,B6,6,2026-05-07T12:29:00Z,2026-05-20T11:29:00Z
Y-701406,C-0041406,SLAB-501406,AREA-02,B7,7,2026-05-07T23:57:00Z,2026-05-21T22:57:00Z
Y-701407,C-0041407,SLAB-501407,AREA-03,B8,8,2026-05-07T04:53:00Z,2026-05-12T03:53:00Z
Y-701408,C-0041408,SLAB-501408,AREA-04,B9,9,2026-05-06T01:54:00Z,2026-05-26T00:54:00Z
Y-701409,C-0041409,SLAB-501409,AREA-05,B1,10,2026-05-07T08:59:00Z,2026-05-27T07:59:00Z
Y-701410,C-0041410,SLAB-501410,AREA-06,B2,11,2026-05-07T11:57:00Z,2026-05-10T10:57:00Z
Y-701411,C-0041411,SLAB-501411,AREA-07,B3,12,2026-05-07T02:59:00Z,2026-05-26T01:59:00Z
Y-701412,C-0041412,SLAB-501412,AREA-08,B4,13,2026-05-07T13:50:00Z,2026-05-25T12:50:00Z
Y-701413,C-0041413,SLAB-501413,AREA-09,B5,14,2026-05-07T16:55:00Z,2026-05-25T15:55:00Z
Y-701414,C-0041414,SLAB-501414,AREA-10,B6,15,2026-05-08T14:16:00Z,2026-05-25T13:16:00Z
Y-701415,C-0041415,SLAB-501415,AREA-11,B7,16,2026-05-07T18:16:00Z,2026-05-18T17:16:00Z
Y-701416,C-0041416,SLAB-501416,AREA-12,B8,17,2026-05-07T13:23:00Z,2026-05-12T12:23:00Z
Y-701417,C-0041417,SLAB-501417,AREA-13,B9,18,2026-05-06T13:21:00Z,2026-05-12T12:21:00Z
Y-701418,C-0041418,SLAB-501418,AREA-01,B1,19,2026-05-08T00:15:00Z,2026-05-16T23:15:00Z
Y-701419,C-0041419,SLAB-501419,AREA-02,B2,20,2026-05-07T05:19:00Z,2026-05-13T04:19:00Z
Y-701420,C-0041420,SLAB-501420,AREA-03,B3,21,2026-05-06T13:26:00Z,2026-05-15T12:26:00Z
Y-701421,C-0041421,SLAB-501421,AREA-04,B4,22,2026-05-06T13:16:00Z,2026-05-22T12:16:00Z
Y-701422,C-0041422,SLAB-501422,AREA-05,B5,23,2026-05-07T07:22:00Z,2026-05-10T06:22:00Z
Y-701423,C-0041423,SLAB-501423,AREA-06,B6,24,2026-05-08T04:22:00Z,2026-05-15T03:22:00Z
Y-701424,C-0041424,SLAB-501424,AREA-07,B7,25,2026-05-07T03:23:00Z,2026-05-25T02:23:00Z
Y-701425,C-0041425,SLAB-501425,AREA-08,B8,26,2026-05-08T03:05:00Z,2026-05-25T02:05:00Z
Y-701426,C-0041426,SLAB-501426,AREA-09,B9,27,2026-05-08T10:00:00Z,2026-05-22T09:00:00Z
Y-701427,C-0041427,SLAB-501427,AREA-10,B1,28,2026-05-07T07:58:00Z,2026-05-22T06:58:00Z
Y-701428,C-0041428,SLAB-501428,AREA-11,B2,29,2026-05-06T22:02:00Z,2026-05-21T21:02:00Z
Y-701429,C-0041429,SLAB-501429,AREA-12,B3,30,2026-05-06T23:58:00Z,2026-05-09T22:58:00Z
Y-701430,C-0041430,SLAB-501430,AREA-13,B4,31,2026-05-06T20:58:00Z,2026-05-08T19:58:00Z
Y-701431,C-0041431,SLAB-501431,AREA-01,B5,32,2026-05-06T20:02:00Z,2026-05-18T19:02:00Z
Y-701432,C-0041432,SLAB-501432,AREA-02,B6,33,2026-05-07T02:59:00Z,2026-05-15T01:59:00Z
Y-701433,C-0041433,SLAB-501433,AREA-03,B7,34,2026-05-07T22:58:00Z,2026-05-09T21:58:00Z
Y-701434,C-0041434,SLAB-501434,AREA-04,B8,35,2026-05-07T20:06:00Z,2026-05-14T19:06:00Z
Y-701435,C-0041435,SLAB-501435,AREA-05,B9,36,2026-05-07T13:00:00Z,2026-05-16T12:00:00Z
Y-701436,C-0041436,SLAB-501436,AREA-06,B1,37,2026-05-07T07:52:00Z,2026-05-26T06:52:00Z
Y-701437,C-0041437,SLAB-501437,AREA-07,B2,38,2026-05-06T16:47:00Z,2026-05-25T15:47:00Z
Y-701438,C-0041438,SLAB-501438,AREA-08,B3,39,2026-05-07T08:54:00Z,2026-05-26T07:54:00Z
Y-701439,C-0041439,SLAB-501439,AREA-09,B4,40,2026-05-06T17:59:00Z,2026-05-22T16:59:00Z
Y-701440,C-0041440,SLAB-501440,AREA-10,B5,1,2026-05-07T06:51:00Z,2026-05-23T05:51:00Z
Y-701441,C-0041441,SLAB-501441,AREA-11,B6,2,2026-05-08T13:53:00Z,2026-05-16T12:53:00Z
Y-701442,C-0041442,SLAB-501442,AREA-12,B7,3,2026-05-06T07:46:00Z,2026-05-23T06:46:00Z
Y-701443,C-0041443,SLAB-501443,AREA-13,B8,4,2026-05-07T12:52:00Z,2026-05-18T11:52:00Z
Y-701444,C-0041444,SLAB-501444,AREA-01,B9,5,2026-05-07T23:52:00Z,2026-05-26T22:52:00Z
Y-701445,C-0041445,SLAB-501445,AREA-02,B1,6,2026-05-07T22:50:00Z,2026-05-13T21:50:00Z
Y-701446,C-0041446,SLAB-501446,AREA-03,B2,7,2026-05-07T05:51:00Z,2026-05-13T04:51:00Z
Y-701447,C-0041447,SLAB-501447,AREA-04,B3,8,2026-05-07T06:25:00Z,2026-05-20T05:25:00Z
Y-701448,C-0041448,SLAB-501448,AREA-05,B4,9,2026-05-08T07:24:00Z,2026-05-25T06:24:00Z
Y-701449,C-0041449,SLAB-501449,AREA-06,B5,10,2026-05-07T03:24:00Z,2026-05-15T02:24:00Z
Y-701450,C-0041450,SLAB-501450,AREA-07,B6,11,2026-05-08T14:27:00Z,2026-05-12T13:27:00Z
Y-701451,C-0041451,SLAB-501451,AREA-08,B7,12,2026-05-08T04:25:00Z,2026-05-14T03:25:00Z
Y-701452,C-0041452,SLAB-501452,AREA-09,B8,13,2026-05-08T04:27:00Z,2026-05-28T03:27:00Z
Y-701453,C-0041453,SLAB-501453,AREA-10,B9,14,2026-05-08T01:25:00Z,2026-05-28T00:25:00Z
Y-701454,C-0041454,SLAB-501454,AREA-11,B1,15,2026-05-08T03:25:00Z,2026-05-23T02:25:00Z
Y-701455,C-0041455,SLAB-501455,AREA-12,B2,16,2026-05-06T15:19:00Z,2026-05-13T14:19:00Z
Y-701456,C-0041456,SLAB-501456,AREA-13,B3,17,2026-05-06T11:19:00Z,2026-05-13T10:19:00Z
Y-701457,C-0041457,SLAB-501457,AREA-01,B4,18,2026-05-08T01:15:00Z,2026-05-17T00:15:00Z
Y-701458,C-0041458,SLAB-501458,AREA-02,B5,19,2026-05-07T15:19:00Z,2026-05-12T14:19:00Z
Y-701459,C-0041459,SLAB-501459,AREA-03,B6,20,2026-05-07T23:19:00Z,2026-05-15T22:19:00Z
Y-701460,C-0041460,SLAB-501460,AREA-04,B7,21,2026-05-07T10:19:00Z,2026-05-23T09:19:00Z
Y-701461,C-0041461,SLAB-501461,AREA-05,B8,22,2026-05-08T03:19:00Z,2026-05-23T02:19:00Z
Y-701462,C-0041462,SLAB-501462,AREA-06,B9,23,2026-05-07T08:17:00Z,2026-05-13T07:17:00Z
Y-701463,C-0041463,SLAB-501463,AREA-07,B1,24,2026-05-07T12:51:00Z,2026-05-21T11:51:00Z
Y-701464,C-0041464,SLAB-501464,AREA-08,B2,25,2026-05-07T12:50:00Z,2026-05-10T11:50:00Z
Y-701465,C-0041465,SLAB-501465,AREA-09,B3,26,2026-05-06T11:51:00Z,2026-05-16T10:51:00Z
Y-701466,C-0041466,SLAB-501466,AREA-10,B4,27,2026-05-07T02:49:00Z,2026-05-25T01:49:00Z
Y-701467,C-0041467,SLAB-501467,AREA-11,B5,28,2026-05-06T02:51:00Z,2026-05-10T01:51:00Z
Y-701468,C-0041468,SLAB-501468,AREA-12,B6,29,2026-05-06T22:54:00Z,2026-05-16T21:54:00Z
Y-701469,C-0041469,SLAB-501469,AREA-13,B7,30,2026-05-07T05:42:00Z,2026-05-21T04:42:00Z
Y-701470,C-0041470,SLAB-501470,AREA-01,B8,31,2026-05-07T01:47:00Z,2026-05-26T00:47:00Z
Y-701471,C-0041471,SLAB-501471,AREA-02,B9,32,2026-05-07T18:47:00Z,2026-05-13T17:47:00Z
Y-701472,C-0041472,SLAB-501472,AREA-03,B1,33,2026-05-07T09:31:00Z,2026-05-11T08:31:00Z
Y-701473,C-0041473,SLAB-501473,AREA-04,B2,34,2026-05-07T02:31:00Z,2026-05-20T01:31:00Z
Y-701474,C-0041474,SLAB-501474,AREA-05,B3,35,2026-05-07T12:33:00Z,2026-05-22T11:33:00Z
Y-701475,C-0041475,SLAB-501475,AREA-06,B4,36,2026-05-07T21:26:00Z,2026-05-19T20:26:00Z
Y-701476,C-0041476,SLAB-501476,AREA-07,B5,37,2026-05-06T15:26:00Z,2026-05-24T14:26:00Z
Y-701477,C-0041477,SLAB-501477,AREA-08,B6,38,2026-05-08T06:26:00Z,2026-05-20T05:26:00Z
Y-701478,C-0041478,SLAB-501478,AREA-09,B7,39,2026-05-07T14:29:00Z,2026-05-11T13:29:00Z
Y-701479,C-0041479,SLAB-501479,AREA-10,B8,40,2026-05-08T03:10:00Z,2026-05-27T02:10:00Z
Y-701480,C-0041480,SLAB-501480,AREA-11,B9,1,2026-05-07T11:09:00Z,2026-05-27T10:09:00Z
Y-701481,C-0041481,SLAB-501481,AREA-12,B1,2,2026-05-06T21:08:00Z,2026-05-09T20:08:00Z
Y-701482,C-0041482,SLAB-501482,AREA-13,B2,3,2026-05-08T04:10:00Z,2026-05-16T03:10:00Z
Y-701483,C-0041483,SLAB-501483,AREA-01,B3,4,2026-05-08T09:13:00Z,2026-05-26T08:13:00Z
Y-701484,C-0041484,SLAB-501484,AREA-02,B4,5,2026-05-07T09:10:00Z,2026-05-15T08:10:00Z
Y-701485,C-0041485,SLAB-501485,AREA-03,B5,6,2026-05-06T21:12:00Z,2026-05-13T20:12:00Z
Y-701486,C-0041486,SLAB-501486,AREA-04,B6,7,2026-05-06T19:18:00Z,2026-05-19T18:18:00Z
Y-701487,C-0041487,SLAB-501487,AREA-05,B7,8,2026-05-08T11:10:00Z,2026-05-16T10:10:00Z
Y-701488,C-0041488,SLAB-501488,AREA-06,B8,9,2026-05-07T04:05:00Z,2026-05-21T03:05:00Z
Y-701489,C-0041489,SLAB-501489,AREA-07,B9,10,2026-05-08T06:11:00Z,2026-05-16T05:11:00Z
Y-701490,C-0041490,SLAB-501490,AREA-08,B1,11,2026-05-07T23:14:00Z,2026-05-11T22:14:00Z
Y-701491,C-0041491,SLAB-501491,AREA-09,B2,12,2026-05-08T09:18:00Z,2026-05-19T08:18:00Z
Y-701492,C-0041492,SLAB-501492,AREA-10,B3,13,2026-05-07T15:10:00Z,2026-05-21T14:10:00Z
Y-701493,C-0041493,SLAB-501493,AREA-11,B4,14,2026-05-07T13:11:00Z,2026-05-27T12:11:00Z
Y-701494,C-0041494,SLAB-501494,AREA-12,B5,15,2026-05-07T13:14:00Z,2026-05-22T12:14:00Z
Y-701495,C-0041495,SLAB-501495,AREA-13,B6,16,2026-05-08T16:12:00Z,2026-05-28T15:12:00Z
Y-701496,C-0041496,SLAB-501496,AREA-01,B7,17,2026-05-07T08:13:00Z,2026-05-14T07:13:00Z
Y-701497,C-0041497,SLAB-501497,AREA-02,B8,18,2026-05-07T08:14:00Z,2026-05-18T07:14:00Z
Y-701498,C-0041498,SLAB-501498,AREA-03,B9,19,2026-05-07T04:14:00Z,2026-05-11T03:14:00Z
Y-701499,C-0041499,SLAB-501499,AREA-04,B1,20,2026-05-07T19:40:00Z,2026-05-12T18:40:00Z
Y-701500,C-0041500,SLAB-501500,AREA-05,B2,21,2026-05-07T01:39:00Z,2026-05-10T00:39:00Z
Y-701501,C-0041501,SLAB-501501,AREA-06,B3,22,2026-05-07T20:39:00Z,2026-05-27T19:39:00Z
Y-701502,C-0041502,SLAB-501502,AREA-07,B4,23,2026-05-07T12:37:00Z,2026-05-13T11:37:00Z
Y-701503,C-0041503,SLAB-501503,AREA-08,B5,24,2026-05-07T01:40:00Z,2026-05-18T00:40:00Z
Y-701504,C-0041504,SLAB-501504,AREA-09,B6,25,2026-05-06T20:41:00Z,2026-05-26T19:41:00Z
Y-701505,C-0041505,SLAB-501505,AREA-10,B7,26,2026-05-08T00:44:00Z,2026-05-09T23:44:00Z
Y-701506,C-0041506,SLAB-501506,AREA-11,B8,27,2026-05-07T03:28:00Z,2026-05-15T02:28:00Z
Y-701507,C-0041507,SLAB-501507,AREA-12,B9,28,2026-05-07T17:28:00Z,2026-05-13T16:28:00Z
Y-701508,C-0041508,SLAB-501508,AREA-13,B1,29,2026-05-06T02:22:00Z,2026-05-12T01:22:00Z
Y-701509,C-0041509,SLAB-501509,AREA-01,B2,30,2026-05-08T01:24:00Z,2026-05-11T00:24:00Z
Y-701510,C-0041510,SLAB-501510,AREA-02,B3,31,2026-05-07T22:27:00Z,2026-05-17T21:27:00Z
Y-701511,C-0041511,SLAB-501511,AREA-03,B4,32,2026-05-06T22:22:00Z,2026-05-17T21:22:00Z
Y-701512,C-0041512,SLAB-501512,AREA-04,B5,33,2026-05-07T14:25:00Z,2026-05-10T13:25:00Z
Y-701513,C-0041513,SLAB-501513,AREA-05,B6,34,2026-05-06T16:29:00Z,2026-05-10T15:29:00Z
Y-701514,C-0041514,SLAB-501514,AREA-06,B7,35,2026-05-07T01:29:00Z,2026-05-22T00:29:00Z
Y-701515,C-0041515,SLAB-501515,AREA-07,B8,36,2026-05-07T11:25:00Z,2026-05-14T10:25:00Z
Y-701516,C-0041516,SLAB-501516,AREA-08,B9,37,2026-05-07T04:06:00Z,2026-05-23T03:06:00Z
Y-701517,C-0041517,SLAB-501517,AREA-09,B1,38,2026-05-08T09:05:00Z,2026-05-17T08:05:00Z
Y-701518,C-0041518,SLAB-501518,AREA-10,B2,39,2026-05-07T16:10:00Z,2026-05-16T15:10:00Z
Y-701519,C-0041519,SLAB-501519,AREA-11,B3,40,2026-05-08T01:04:00Z,2026-05-13T00:04:00Z
Y-701520,C-0041520,SLAB-501520,AREA-12,B4,1,2026-05-08T00:58:00Z,2026-05-18T23:58:00Z
Y-701521,C-0041521,SLAB-501521,AREA-13,B5,2,2026-05-07T09:09:00Z,2026-05-13T08:09:00Z
Y-701522,C-0041522,SLAB-501522,AREA-01,B6,3,2026-05-07T20:01:00Z,2026-05-21T19:01:00Z
Y-701523,C-0041523,SLAB-501523,AREA-02,B7,4,2026-05-08T16:04:00Z,2026-05-23T15:04:00Z
Y-701524,C-0041524,SLAB-501524,AREA-03,B8,5,2026-05-08T02:03:00Z,2026-05-19T01:03:00Z
Y-701525,C-0041525,SLAB-501525,AREA-04,B9,6,2026-05-06T17:52:00Z,2026-05-22T16:52:00Z
Y-701526,C-0041526,SLAB-501526,AREA-05,B1,7,2026-05-07T17:52:00Z,2026-05-13T16:52:00Z
Y-701527,C-0041527,SLAB-501527,AREA-06,B2,8,2026-05-07T04:50:00Z,2026-05-15T03:50:00Z
Y-701528,C-0041528,SLAB-501528,AREA-07,B3,9,2026-05-06T08:53:00Z,2026-05-08T07:53:00Z
Y-701529,C-0041529,SLAB-501529,AREA-08,B4,10,2026-05-08T18:47:00Z,2026-05-17T17:47:00Z
Y-701530,C-0041530,SLAB-501530,AREA-09,B5,11,2026-05-07T11:51:00Z,2026-05-18T10:51:00Z
Y-701531,C-0041531,SLAB-501531,AREA-10,B6,12,2026-05-09T00:48:00Z,2026-05-18T23:48:00Z
Y-701532,C-0041532,SLAB-501532,AREA-11,B7,13,2026-05-08T00:43:00Z,2026-05-21T23:43:00Z
Y-701533,C-0041533,SLAB-501533,AREA-12,B8,14,2026-05-06T07:46:00Z,2026-05-10T06:46:00Z
Y-701534,C-0041534,SLAB-501534,AREA-13,B9,15,2026-05-06T20:51:00Z,2026-05-23T19:51:00Z
Y-701535,C-0041535,SLAB-501535,AREA-01,B1,16,2026-05-08T12:49:00Z,2026-05-15T11:49:00Z
Y-701536,C-0041536,SLAB-501536,AREA-02,B2,17,2026-05-07T05:22:00Z,2026-05-21T04:22:00Z
Y-701537,C-0041537,SLAB-501537,AREA-03,B3,18,2026-05-07T05:16:00Z,2026-05-12T04:16:00Z
Y-701538,C-0041538,SLAB-501538,AREA-04,B4,19,2026-05-06T21:23:00Z,2026-05-23T20:23:00Z
Y-701539,C-0041539,SLAB-501539,AREA-05,B5,20,2026-05-08T13:17:00Z,2026-05-14T12:17:00Z
Y-701540,C-0041540,SLAB-501540,AREA-06,B6,21,2026-05-07T14:17:00Z,2026-05-19T13:17:00Z
Y-701541,C-0041541,SLAB-501541,AREA-07,B7,22,2026-05-07T23:24:00Z,2026-05-12T22:24:00Z
Y-701542,C-0041542,SLAB-501542,AREA-08,B8,23,2026-05-06T13:24:00Z,2026-05-26T12:24:00Z
Y-701543,C-0041543,SLAB-501543,AREA-09,B9,24,2026-05-07T10:13:00Z,2026-05-21T09:13:00Z
Y-701544,C-0041544,SLAB-501544,AREA-10,B1,25,2026-05-07T00:25:00Z,2026-05-09T23:25:00Z
Y-701545,C-0041545,SLAB-501545,AREA-11,B2,26,2026-05-08T03:12:00Z,2026-05-16T02:12:00Z
Y-701546,C-0041546,SLAB-501546,AREA-12,B3,27,2026-05-07T23:52:00Z,2026-05-24T22:52:00Z
Y-701547,C-0041547,SLAB-501547,AREA-13,B4,28,2026-05-07T11:52:00Z,2026-05-19T10:52:00Z
Y-701548,C-0041548,SLAB-501548,AREA-01,B5,29,2026-05-06T16:47:00Z,2026-05-08T15:47:00Z
Y-701549,C-0041549,SLAB-501549,AREA-02,B6,30,2026-05-08T02:55:00Z,2026-05-18T01:55:00Z
Y-701550,C-0041550,SLAB-501550,AREA-03,B7,31,2026-05-06T13:48:00Z,2026-05-19T12:48:00Z
Y-701551,C-0041551,SLAB-501551,AREA-04,B8,32,2026-05-07T06:47:00Z,2026-05-15T05:47:00Z
Y-701552,C-0041552,SLAB-501552,AREA-05,B9,33,2026-05-07T20:46:00Z,2026-05-09T19:46:00Z
Y-701553,C-0041553,SLAB-501553,AREA-06,B1,34,2026-05-07T22:56:00Z,2026-05-19T21:56:00Z
Y-701554,C-0041554,SLAB-501554,AREA-07,B2,35,2026-05-07T03:49:00Z,2026-05-15T02:49:00Z
Y-701555,C-0041555,SLAB-501555,AREA-08,B3,36,2026-05-07T06:31:00Z,2026-05-10T05:31:00Z
Y-701556,C-0041556,SLAB-501556,AREA-09,B4,37,2026-05-08T11:31:00Z,2026-05-28T10:31:00Z
Y-701557,C-0041557,SLAB-501557,AREA-10,B5,38,2026-05-08T01:35:00Z,2026-05-24T00:35:00Z
Y-701558,C-0041558,SLAB-501558,AREA-11,B6,39,2026-05-07T20:31:00Z,2026-05-16T19:31:00Z
Y-701559,C-0041559,SLAB-501559,AREA-12,B7,40,2026-05-07T08:39:00Z,2026-05-26T07:39:00Z
Y-701560,C-0041560,SLAB-501560,AREA-13,B8,1,2026-05-07T03:31:00Z,2026-05-19T02:31:00Z
Y-701561,C-0041561,SLAB-501561,AREA-01,B9,2,2026-05-06T09:34:00Z,2026-05-13T08:34:00Z
Y-701562,C-0041562,SLAB-501562,AREA-02,B1,3,2026-05-08T07:37:00Z,2026-05-17T06:37:00Z
Y-701563,C-0041563,SLAB-501563,AREA-03,B2,4,2026-05-06T23:29:00Z,2026-05-11T22:29:00Z
Y-701564,C-0041564,SLAB-501564,AREA-04,B3,5,2026-05-06T16:29:00Z,2026-05-18T15:29:00Z
Y-701565,C-0041565,SLAB-501565,AREA-05,B4,6,2026-05-08T13:31:00Z,2026-05-10T12:31:00Z
Y-701566,C-0041566,SLAB-501566,AREA-06,B5,7,2026-05-08T05:30:00Z,2026-05-12T04:30:00Z
Y-701567,C-0041567,SLAB-501567,AREA-07,B6,8,2026-05-06T17:28:00Z,2026-05-16T16:28:00Z
Y-701568,C-0041568,SLAB-501568,AREA-08,B7,9,2026-05-07T13:28:00Z,2026-05-14T12:28:00Z
Y-701569,C-0041569,SLAB-501569,AREA-09,B8,10,2026-05-07T20:30:00Z,2026-05-13T19:30:00Z
Y-701570,C-0041570,SLAB-501570,AREA-10,B9,11,2026-05-07T17:35:00Z,2026-05-27T16:35:00Z
Y-701571,C-0041571,SLAB-501571,AREA-11,B1,12,2026-05-08T00:26:00Z,2026-05-14T23:26:00Z
Y-701572,C-0041572,SLAB-501572,AREA-12,B2,13,2026-05-06T22:29:00Z,2026-05-16T21:29:00Z
Y-701573,C-0041573,SLAB-501573,AREA-13,B3,14,2026-05-07T07:31:00Z,2026-05-10T06:31:00Z
Y-701574,C-0041574,SLAB-501574,AREA-01,B4,15,2026-05-07T12:32:00Z,2026-05-24T11:32:00Z
Y-701575,C-0041575,SLAB-501575,AREA-02,B5,16,2026-05-07T16:30:00Z,2026-05-22T15:30:00Z
Y-701576,C-0041576,SLAB-501576,AREA-03,B6,17,2026-05-07T03:59:00Z,2026-05-15T02:59:00Z
Y-701577,C-0041577,SLAB-501577,AREA-04,B7,18,2026-05-07T01:54:00Z,2026-05-21T00:54:00Z
Y-701578,C-0041578,SLAB-501578,AREA-05,B8,19,2026-05-08T19:58:00Z,2026-05-11T18:58:00Z
Y-701579,C-0041579,SLAB-501579,AREA-06,B9,20,2026-05-06T17:54:00Z,2026-05-17T16:54:00Z
Y-701580,C-0041580,SLAB-501580,AREA-07,B1,21,2026-05-07T15:04:00Z,2026-05-12T14:04:00Z
Y-701581,C-0041581,SLAB-501581,AREA-08,B2,22,2026-05-06T19:59:00Z,2026-05-18T18:59:00Z
Y-701582,C-0041582,SLAB-501582,AREA-09,B3,23,2026-05-07T19:03:00Z,2026-05-10T18:03:00Z
Y-701583,C-0041583,SLAB-501583,AREA-10,B4,24,2026-05-07T21:00:00Z,2026-05-13T20:00:00Z
Y-701584,C-0041584,SLAB-501584,AREA-11,B5,25,2026-05-07T14:54:00Z,2026-05-11T13:54:00Z
Y-701585,C-0041585,SLAB-501585,AREA-12,B6,26,2026-05-08T02:58:00Z,2026-05-13T01:58:00Z
Y-701586,C-0041586,SLAB-501586,AREA-13,B7,27,2026-05-07T12:00:00Z,2026-05-19T11:00:00Z
Y-701587,C-0041587,SLAB-501587,AREA-01,B8,28,2026-05-07T20:41:00Z,2026-05-20T19:41:00Z
Y-701588,C-0041588,SLAB-501588,AREA-02,B9,29,2026-05-07T18:46:00Z,2026-05-15T17:46:00Z
Y-701589,C-0041589,SLAB-501589,AREA-03,B1,30,2026-05-07T09:49:00Z,2026-05-26T08:49:00Z
Y-701590,C-0041590,SLAB-501590,AREA-04,B2,31,2026-05-07T12:47:00Z,2026-05-14T11:47:00Z
Y-701591,C-0041591,SLAB-501591,AREA-05,B3,32,2026-05-08T14:48:00Z,2026-05-17T13:48:00Z
Y-701592,C-0041592,SLAB-501592,AREA-06,B4,33,2026-05-07T09:47:00Z,2026-05-26T08:47:00Z
Y-701593,C-0041593,SLAB-501593,AREA-07,B5,34,2026-05-07T23:40:00Z,2026-05-15T22:40:00Z
Y-701594,C-0041594,SLAB-501594,AREA-08,B6,35,2026-05-08T11:56:00Z,2026-05-18T10:56:00Z
Y-701595,C-0041595,SLAB-501595,AREA-09,B7,36,2026-05-07T03:50:00Z,2026-05-24T02:50:00Z
Y-701596,C-0041596,SLAB-501596,AREA-10,B8,37,2026-05-08T03:52:00Z,2026-05-18T02:52:00Z
Y-701597,C-0041597,SLAB-501597,AREA-11,B9,38,2026-05-07T12:54:00Z,2026-05-16T11:54:00Z
Y-701598,C-0041598,SLAB-501598,AREA-12,B1,39,2026-05-08T04:45:00Z,2026-05-12T03:45:00Z
Y-701599,C-0041599,SLAB-501599,AREA-13,B2,40,2026-05-08T01:53:00Z,2026-05-12T00:53:00Z
Y-701600,C-0041600,SLAB-501600,AREA-01,B3,1,2026-05-08T13:50:00Z,2026-05-25T12:50:00Z
Y-701601,C-0041601,SLAB-501601,AREA-02,B4,2,2026-05-06T11:48:00Z,2026-05-25T10:48:00Z
Y-701602,C-0041602,SLAB-501602,AREA-03,B5,3,2026-05-07T14:47:00Z,2026-05-12T13:47:00Z
Y-701603,C-0041603,SLAB-501603,AREA-04,B6,4,2026-05-07T07:49:00Z,2026-05-09T06:49:00Z
Y-701604,C-0041604,SLAB-501604,AREA-05,B7,5,2026-05-08T09:18:00Z,2026-05-20T08:18:00Z
Y-701605,C-0041605,SLAB-501605,AREA-06,B8,6,2026-05-08T05:14:00Z,2026-05-28T04:14:00Z
Y-701606,C-0041606,SLAB-501606,AREA-07,B9,7,2026-05-08T01:14:00Z,2026-05-12T00:14:00Z
Y-701607,C-0041607,SLAB-501607,AREA-08,B1,8,2026-05-07T11:23:00Z,2026-05-26T10:23:00Z
Y-701608,C-0041608,SLAB-501608,AREA-09,B2,9,2026-05-07T08:18:00Z,2026-05-14T07:18:00Z
Y-701609,C-0041609,SLAB-501609,AREA-10,B3,10,2026-05-07T11:17:00Z,2026-05-09T10:17:00Z
Y-701610,C-0041610,SLAB-501610,AREA-11,B4,11,2026-05-08T20:17:00Z,2026-05-17T19:17:00Z
Y-701611,C-0041611,SLAB-501611,AREA-12,B5,12,2026-05-08T15:32:00Z,2026-05-21T14:32:00Z
Y-701612,C-0041612,SLAB-501612,AREA-13,B6,13,2026-05-08T08:38:00Z,2026-05-17T07:38:00Z
Y-701613,C-0041613,SLAB-501613,AREA-01,B7,14,2026-05-06T18:33:00Z,2026-05-24T17:33:00Z
Y-701614,C-0041614,SLAB-501614,AREA-02,B8,15,2026-05-08T01:38:00Z,2026-05-14T00:38:00Z
Y-701615,C-0041615,SLAB-501615,AREA-03,B9,16,2026-05-06T23:39:00Z,2026-05-11T22:39:00Z
Y-701616,C-0041616,SLAB-501616,AREA-04,B1,17,2026-05-08T00:44:00Z,2026-05-21T23:44:00Z
Y-701617,C-0041617,SLAB-501617,AREA-05,B2,18,2026-05-07T08:35:00Z,2026-05-23T07:35:00Z
Y-701618,C-0041618,SLAB-501618,AREA-06,B3,19,2026-05-06T13:35:00Z,2026-05-15T12:35:00Z
Y-701619,C-0041619,SLAB-501619,AREA-07,B4,20,2026-05-07T20:40:00Z,2026-05-12T19:40:00Z
Y-701620,C-0041620,SLAB-501620,AREA-08,B5,21,2026-05-08T05:37:00Z,2026-05-12T04:37:00Z
Y-701621,C-0041621,SLAB-501621,AREA-09,B6,22,2026-05-06T17:16:00Z,2026-05-11T16:16:00Z
Y-701622,C-0041622,SLAB-501622,AREA-10,B7,23,2026-05-07T08:18:00Z,2026-05-09T07:18:00Z
Y-701623,C-0041623,SLAB-501623,AREA-11,B8,24,2026-05-08T01:23:00Z,2026-05-12T00:23:00Z
Y-701624,C-0041624,SLAB-501624,AREA-12,B9,25,2026-05-06T18:21:00Z,2026-05-25T17:21:00Z
Y-701625,C-0041625,SLAB-501625,AREA-13,B1,26,2026-05-08T10:23:00Z,2026-05-19T09:23:00Z
Y-701626,C-0041626,SLAB-501626,AREA-01,B2,27,2026-05-08T07:12:00Z,2026-05-26T06:12:00Z
Y-701627,C-0041627,SLAB-501627,AREA-02,B3,28,2026-05-07T09:26:00Z,2026-05-09T08:26:00Z
Y-701628,C-0041628,SLAB-501628,AREA-03,B4,29,2026-05-08T12:14:00Z,2026-05-12T11:14:00Z
Y-701629,C-0041629,SLAB-501629,AREA-04,B5,30,2026-05-07T21:16:00Z,2026-05-12T20:16:00Z
Y-701630,C-0041630,SLAB-501630,AREA-05,B6,31,2026-05-06T21:17:00Z,2026-05-15T20:17:00Z
Y-701631,C-0041631,SLAB-501631,AREA-06,B7,32,2026-05-08T21:22:00Z,2026-05-17T20:22:00Z
Y-701632,C-0041632,SLAB-501632,AREA-07,B8,33,2026-05-07T00:24:00Z,2026-05-14T23:24:00Z
Y-701633,C-0041633,SLAB-501633,AREA-08,B9,34,2026-05-07T18:31:00Z,2026-05-17T17:31:00Z
Y-701634,C-0041634,SLAB-501634,AREA-09,B1,35,2026-05-08T12:20:00Z,2026-05-20T11:20:00Z
Y-701635,C-0041635,SLAB-501635,AREA-10,B2,36,2026-05-08T03:25:00Z,2026-05-26T02:25:00Z
Y-701636,C-0041636,SLAB-501636,AREA-11,B3,37,2026-05-08T05:28:00Z,2026-05-24T04:28:00Z
Y-701637,C-0041637,SLAB-501637,AREA-12,B4,38,2026-05-07T10:23:00Z,2026-05-13T09:23:00Z
Y-701638,C-0041638,SLAB-501638,AREA-13,B5,39,2026-05-08T09:28:00Z,2026-05-15T08:28:00Z
Y-701639,C-0041639,SLAB-501639,AREA-01,B6,40,2026-05-08T06:53:00Z,2026-05-27T05:53:00Z
Y-701640,C-0041640,SLAB-501640,AREA-02,B7,1,2026-05-08T20:51:00Z,2026-05-16T19:51:00Z
Y-701641,C-0041641,SLAB-501641,AREA-03,B8,2,2026-05-08T20:45:00Z,2026-05-22T19:45:00Z
Y-701642,C-0041642,SLAB-501642,AREA-04,B9,3,2026-05-08T11:47:00Z,2026-05-24T10:47:00Z
Y-701643,C-0041643,SLAB-501643,AREA-05,B1,4,2026-05-08T05:50:00Z,2026-05-26T04:50:00Z
Y-701644,C-0041644,SLAB-501644,AREA-06,B2,5,2026-05-08T03:55:00Z,2026-05-20T02:55:00Z
Y-701645,C-0041645,SLAB-501645,AREA-07,B3,6,2026-05-07T05:49:00Z,2026-05-26T04:49:00Z
Y-701646,C-0041646,SLAB-501646,AREA-08,B4,7,2026-05-08T01:50:00Z,2026-05-14T00:50:00Z
Y-701647,C-0041647,SLAB-501647,AREA-09,B5,8,2026-05-07T18:47:00Z,2026-05-14T17:47:00Z
Y-701648,C-0041648,SLAB-501648,AREA-10,B6,9,2026-05-07T19:48:00Z,2026-05-13T18:48:00Z
Y-701649,C-0041649,SLAB-501649,AREA-11,B7,10,2026-05-08T10:48:00Z,2026-05-23T09:48:00Z
Y-701650,C-0041650,SLAB-501650,AREA-12,B8,11,2026-05-07T03:46:00Z,2026-05-16T02:46:00Z
Y-701651,C-0041651,SLAB-501651,AREA-13,B9,12,2026-05-09T05:49:00Z,2026-05-18T04:49:00Z
Y-701652,C-0041652,SLAB-501652,AREA-01,B1,13,2026-05-07T22:54:00Z,2026-05-18T21:54:00Z
Y-701653,C-0041653,SLAB-501653,AREA-02,B2,14,2026-05-08T05:49:00Z,2026-05-21T04:49:00Z
Y-701654,C-0041654,SLAB-501654,AREA-03,B3,15,2026-05-07T17:44:00Z,2026-05-26T16:44:00Z
Y-701655,C-0041655,SLAB-501655,AREA-04,B4,16,2026-05-07T09:51:00Z,2026-05-24T08:51:00Z
Y-701656,C-0041656,SLAB-501656,AREA-05,B5,17,2026-05-07T14:49:00Z,2026-05-20T13:49:00Z
Y-701657,C-0041657,SLAB-501657,AREA-06,B6,18,2026-05-07T13:01:00Z,2026-05-21T12:01:00Z
Y-701658,C-0041658,SLAB-501658,AREA-07,B7,19,2026-05-08T13:02:00Z,2026-05-10T12:02:00Z
Y-701659,C-0041659,SLAB-501659,AREA-08,B8,20,2026-05-07T10:02:00Z,2026-05-27T09:02:00Z
Y-701660,C-0041660,SLAB-501660,AREA-09,B9,21,2026-05-06T16:04:00Z,2026-05-14T15:04:00Z
Y-701661,C-0041661,SLAB-501661,AREA-10,B1,22,2026-05-08T11:00:00Z,2026-05-16T10:00:00Z
Y-701662,C-0041662,SLAB-501662,AREA-11,B2,23,2026-05-08T13:56:00Z,2026-05-11T12:56:00Z
Y-701663,C-0041663,SLAB-501663,AREA-12,B3,24,2026-05-07T17:02:00Z,2026-05-13T16:02:00Z
Y-701664,C-0041664,SLAB-501664,AREA-13,B4,25,2026-05-08T02:05:00Z,2026-05-22T01:05:00Z
Y-701665,C-0041665,SLAB-501665,AREA-01,B5,26,2026-05-08T02:05:00Z,2026-05-11T01:05:00Z
Y-701666,C-0041666,SLAB-501666,AREA-02,B6,27,2026-05-08T16:01:00Z,2026-05-11T15:01:00Z
Y-701667,C-0041667,SLAB-501667,AREA-03,B7,28,2026-05-08T07:58:00Z,2026-05-12T06:58:00Z
Y-701668,C-0041668,SLAB-501668,AREA-04,B8,29,2026-05-07T20:55:00Z,2026-05-21T19:55:00Z
Y-701669,C-0041669,SLAB-501669,AREA-05,B9,30,2026-05-06T22:48:00Z,2026-05-21T21:48:00Z
Y-701670,C-0041670,SLAB-501670,AREA-06,B1,31,2026-05-06T21:54:00Z,2026-05-15T20:54:00Z
Y-701671,C-0041671,SLAB-501671,AREA-07,B2,32,2026-05-08T12:56:00Z,2026-05-12T11:56:00Z
Y-701672,C-0041672,SLAB-501672,AREA-08,B3,33,2026-05-08T17:01:00Z,2026-05-21T16:01:00Z
Y-701673,C-0041673,SLAB-501673,AREA-09,B4,34,2026-05-08T10:54:00Z,2026-05-18T09:54:00Z
Y-701674,C-0041674,SLAB-501674,AREA-10,B5,35,2026-05-07T04:55:00Z,2026-05-26T03:55:00Z
Y-701675,C-0041675,SLAB-501675,AREA-11,B6,36,2026-05-07T18:17:00Z,2026-05-22T17:17:00Z
Y-701676,C-0041676,SLAB-501676,AREA-12,B7,37,2026-05-08T00:21:00Z,2026-05-12T23:21:00Z
Y-701677,C-0041677,SLAB-501677,AREA-13,B8,38,2026-05-09T12:19:00Z,2026-05-29T11:19:00Z
Y-701678,C-0041678,SLAB-501678,AREA-01,B9,39,2026-05-07T02:18:00Z,2026-05-19T01:18:00Z
Y-701679,C-0041679,SLAB-501679,AREA-02,B1,40,2026-05-07T23:16:00Z,2026-05-11T22:16:00Z
Y-701680,C-0041680,SLAB-501680,AREA-03,B2,1,2026-05-07T03:17:00Z,2026-05-23T02:17:00Z
Y-701681,C-0041681,SLAB-501681,AREA-04,B3,2,2026-05-06T20:16:00Z,2026-05-25T19:16:00Z
Y-701682,C-0041682,SLAB-501682,AREA-05,B4,3,2026-05-07T20:23:00Z,2026-05-26T19:23:00Z
Y-701683,C-0041683,SLAB-501683,AREA-06,B5,4,2026-05-08T14:19:00Z,2026-05-22T13:19:00Z
Y-701684,C-0041684,SLAB-501684,AREA-07,B6,5,2026-05-08T15:21:00Z,2026-05-11T14:21:00Z
Y-701685,C-0041685,SLAB-501685,AREA-08,B7,6,2026-05-08T04:18:00Z,2026-05-28T03:18:00Z
Y-701686,C-0041686,SLAB-501686,AREA-09,B8,7,2026-05-07T19:26:00Z,2026-05-16T18:26:00Z
Y-701687,C-0041687,SLAB-501687,AREA-10,B9,8,2026-05-07T15:25:00Z,2026-05-26T14:25:00Z
Y-701688,C-0041688,SLAB-501688,AREA-11,B1,9,2026-05-08T10:26:00Z,2026-05-13T09:26:00Z
Y-701689,C-0041689,SLAB-501689,AREA-12,B2,10,2026-05-09T10:21:00Z,2026-05-23T09:21:00Z
Y-701690,C-0041690,SLAB-501690,AREA-13,B3,11,2026-05-08T19:23:00Z,2026-05-27T18:23:00Z
Y-701691,C-0041691,SLAB-501691,AREA-01,B4,12,2026-05-08T20:17:00Z,2026-05-23T19:17:00Z
Y-701692,C-0041692,SLAB-501692,AREA-02,B5,13,2026-05-07T18:21:00Z,2026-05-09T17:21:00Z
Y-701693,C-0041693,SLAB-501693,AREA-03,B6,14,2026-05-07T15:04:00Z,2026-05-23T14:04:00Z
Y-701694,C-0041694,SLAB-501694,AREA-04,B7,15,2026-05-07T08:00:00Z,2026-05-23T07:00:00Z
Y-701695,C-0041695,SLAB-501695,AREA-05,B8,16,2026-05-08T05:04:00Z,2026-05-27T04:04:00Z
Y-701696,C-0041696,SLAB-501696,AREA-06,B9,17,2026-05-07T10:02:00Z,2026-05-26T09:02:00Z
Y-701697,C-0041697,SLAB-501697,AREA-07,B1,18,2026-05-08T07:04:00Z,2026-05-20T06:04:00Z
Y-701698,C-0041698,SLAB-501698,AREA-08,B2,19,2026-05-08T03:03:00Z,2026-05-15T02:03:00Z
Y-701699,C-0041699,SLAB-501699,AREA-09,B3,20,2026-05-08T07:59:00Z,2026-05-19T06:59:00Z
Y-701700,C-0041700,SLAB-501700,AREA-10,B4,21,2026-05-09T08:52:00Z,2026-05-22T07:52:00Z
Y-701701,C-0041701,SLAB-501701,AREA-11,B5,22,2026-05-07T14:51:00Z,2026-05-09T13:51:00Z
Y-701702,C-0041702,SLAB-501702,AREA-12,B6,23,2026-05-08T15:52:00Z,2026-05-17T14:52:00Z
Y-701703,C-0041703,SLAB-501703,AREA-13,B7,24,2026-05-08T04:42:00Z,2026-05-10T03:42:00Z
Y-701704,C-0041704,SLAB-501704,AREA-01,B8,25,2026-05-07T16:50:00Z,2026-05-19T15:50:00Z
Y-701705,C-0041705,SLAB-501705,AREA-02,B9,26,2026-05-09T11:48:00Z,2026-05-12T10:48:00Z
Y-701706,C-0041706,SLAB-501706,AREA-03,B1,27,2026-05-08T08:48:00Z,2026-05-27T07:48:00Z
Y-701707,C-0041707,SLAB-501707,AREA-04,B2,28,2026-05-07T11:53:00Z,2026-05-09T10:53:00Z
Y-701708,C-0041708,SLAB-501708,AREA-05,B3,29,2026-05-08T00:53:00Z,2026-05-15T23:53:00Z
Y-701709,C-0041709,SLAB-501709,AREA-06,B4,30,2026-05-07T18:44:00Z,2026-05-25T17:44:00Z
Y-701710,C-0041710,SLAB-501710,AREA-07,B5,31,2026-05-07T18:52:00Z,2026-05-17T17:52:00Z
Y-701711,C-0041711,SLAB-501711,AREA-08,B6,32,2026-05-07T12:22:00Z,2026-05-20T11:22:00Z
Y-701712,C-0041712,SLAB-501712,AREA-09,B7,33,2026-05-08T21:27:00Z,2026-05-22T20:27:00Z
Y-701713,C-0041713,SLAB-501713,AREA-10,B8,34,2026-05-07T20:23:00Z,2026-05-20T19:23:00Z
Y-701714,C-0041714,SLAB-501714,AREA-11,B9,35,2026-05-07T21:28:00Z,2026-05-19T20:28:00Z
Y-701715,C-0041715,SLAB-501715,AREA-12,B1,36,2026-05-08T22:27:00Z,2026-05-28T21:27:00Z
Y-701716,C-0041716,SLAB-501716,AREA-13,B2,37,2026-05-09T00:22:00Z,2026-05-16T23:22:00Z
Y-701717,C-0041717,SLAB-501717,AREA-01,B3,38,2026-05-06T18:24:00Z,2026-05-22T17:24:00Z
Y-701718,C-0041718,SLAB-501718,AREA-02,B4,39,2026-05-08T17:25:00Z,2026-05-14T16:25:00Z
Y-701719,C-0041719,SLAB-501719,AREA-03,B5,40,2026-05-08T13:20:00Z,2026-05-19T12:20:00Z
Y-701720,C-0041720,SLAB-501720,AREA-04,B6,1,2026-05-08T06:47:00Z,2026-05-27T05:47:00Z
Y-701721,C-0041721,SLAB-501721,AREA-05,B7,2,2026-05-06T22:39:00Z,2026-05-12T21:39:00Z
Y-701722,C-0041722,SLAB-501722,AREA-06,B8,3,2026-05-07T04:42:00Z,2026-05-11T03:42:00Z
Y-701723,C-0041723,SLAB-501723,AREA-07,B9,4,2026-05-08T03:47:00Z,2026-05-16T02:47:00Z
Y-701724,C-0041724,SLAB-501724,AREA-08,B1,5,2026-05-09T03:52:00Z,2026-05-22T02:52:00Z
Y-701725,C-0041725,SLAB-501725,AREA-09,B2,6,2026-05-08T05:43:00Z,2026-05-27T04:43:00Z
Y-701726,C-0041726,SLAB-501726,AREA-10,B3,7,2026-05-08T01:50:00Z,2026-05-18T00:50:00Z
Y-701727,C-0041727,SLAB-501727,AREA-11,B4,8,2026-05-07T07:45:00Z,2026-05-10T06:45:00Z
Y-701728,C-0041728,SLAB-501728,AREA-12,B5,9,2026-05-07T14:45:00Z,2026-05-26T13:45:00Z
Y-701729,C-0041729,SLAB-501729,AREA-13,B6,10,2026-05-08T18:40:00Z,2026-05-18T17:40:00Z
Y-701730,C-0041730,SLAB-501730,AREA-01,B7,11,2026-05-07T16:45:00Z,2026-05-18T15:45:00Z
Y-701731,C-0041731,SLAB-501731,AREA-02,B8,12,2026-05-08T22:38:00Z,2026-05-13T21:38:00Z
Y-701732,C-0041732,SLAB-501732,AREA-03,B9,13,2026-05-08T05:41:00Z,2026-05-11T04:41:00Z
Y-701733,C-0041733,SLAB-501733,AREA-04,B1,14,2026-05-08T18:34:00Z,2026-05-28T17:34:00Z
Y-701734,C-0041734,SLAB-501734,AREA-05,B2,15,2026-05-07T07:42:00Z,2026-05-13T06:42:00Z
Y-701735,C-0041735,SLAB-501735,AREA-06,B3,16,2026-05-08T20:40:00Z,2026-05-13T19:40:00Z
Y-701736,C-0041736,SLAB-501736,AREA-07,B4,17,2026-05-08T09:33:00Z,2026-05-26T08:33:00Z
Y-701737,C-0041737,SLAB-501737,AREA-08,B5,18,2026-05-07T05:37:00Z,2026-05-17T04:37:00Z
Y-701738,C-0041738,SLAB-501738,AREA-09,B6,19,2026-05-09T17:10:00Z,2026-05-22T16:10:00Z
Y-701739,C-0041739,SLAB-501739,AREA-10,B7,20,2026-05-07T13:12:00Z,2026-05-23T12:12:00Z
Y-701740,C-0041740,SLAB-501740,AREA-11,B8,21,2026-05-09T12:08:00Z,2026-05-17T11:08:00Z
Y-701741,C-0041741,SLAB-501741,AREA-12,B9,22,2026-05-07T03:13:00Z,2026-05-14T02:13:00Z
Y-701742,C-0041742,SLAB-501742,AREA-13,B1,23,2026-05-08T13:10:00Z,2026-05-26T12:10:00Z
Y-701743,C-0041743,SLAB-501743,AREA-01,B2,24,2026-05-06T23:13:00Z,2026-05-18T22:13:00Z
Y-701744,C-0041744,SLAB-501744,AREA-02,B3,25,2026-05-08T00:14:00Z,2026-05-23T23:14:00Z
Y-701745,C-0041745,SLAB-501745,AREA-03,B4,26,2026-05-08T13:08:00Z,2026-05-14T12:08:00Z
Y-701746,C-0041746,SLAB-501746,AREA-04,B5,27,2026-05-08T23:05:00Z,2026-05-20T22:05:00Z
Y-701747,C-0041747,SLAB-501747,AREA-05,B6,28,2026-05-07T08:14:00Z,2026-05-12T07:14:00Z
Y-701748,C-0041748,SLAB-501748,AREA-06,B7,29,2026-05-08T14:20:00Z,2026-05-20T13:20:00Z
Y-701749,C-0041749,SLAB-501749,AREA-07,B8,30,2026-05-08T01:25:00Z,2026-05-16T00:25:00Z
Y-701750,C-0041750,SLAB-501750,AREA-08,B9,31,2026-05-07T14:20:00Z,2026-05-19T13:20:00Z
Y-701751,C-0041751,SLAB-501751,AREA-09,B1,32,2026-05-08T08:23:00Z,2026-05-28T07:23:00Z
Y-701752,C-0041752,SLAB-501752,AREA-10,B2,33,2026-05-08T10:15:00Z,2026-05-17T09:15:00Z
Y-701753,C-0041753,SLAB-501753,AREA-11,B3,34,2026-05-07T13:16:00Z,2026-05-18T12:16:00Z
Y-701754,C-0041754,SLAB-501754,AREA-12,B4,35,2026-05-09T01:21:00Z,2026-05-21T00:21:00Z
Y-701755,C-0041755,SLAB-501755,AREA-13,B5,36,2026-05-08T23:04:00Z,2026-05-23T22:04:00Z
Y-701756,C-0041756,SLAB-501756,AREA-01,B6,37,2026-05-07T17:02:00Z,2026-05-22T16:02:00Z
Y-701757,C-0041757,SLAB-501757,AREA-02,B7,38,2026-05-09T02:10:00Z,2026-05-16T01:10:00Z
Y-701758,C-0041758,SLAB-501758,AREA-03,B8,39,2026-05-08T00:08:00Z,2026-05-25T23:08:00Z
Y-701759,C-0041759,SLAB-501759,AREA-04,B9,40,2026-05-07T06:04:00Z,2026-05-27T05:04:00Z
Y-701760,C-0041760,SLAB-501760,AREA-05,B1,1,2026-05-09T09:05:00Z,2026-05-12T08:05:00Z
Y-701761,C-0041761,SLAB-501761,AREA-06,B2,2,2026-05-08T02:00:00Z,2026-05-25T01:00:00Z
Y-701762,C-0041762,SLAB-501762,AREA-07,B3,3,2026-05-07T20:08:00Z,2026-05-19T19:08:00Z
Y-701763,C-0041763,SLAB-501763,AREA-08,B4,4,2026-05-07T23:07:00Z,2026-05-24T22:07:00Z
Y-701764,C-0041764,SLAB-501764,AREA-09,B5,5,2026-05-08T16:25:00Z,2026-05-21T15:25:00Z
Y-701765,C-0041765,SLAB-501765,AREA-10,B6,6,2026-05-08T07:27:00Z,2026-05-24T06:27:00Z
Y-701766,C-0041766,SLAB-501766,AREA-11,B7,7,2026-05-08T00:28:00Z,2026-05-10T23:28:00Z
Y-701767,C-0041767,SLAB-501767,AREA-12,B8,8,2026-05-08T03:30:00Z,2026-05-28T02:30:00Z
Y-701768,C-0041768,SLAB-501768,AREA-13,B9,9,2026-05-08T21:22:00Z,2026-05-23T20:22:00Z
Y-701769,C-0041769,SLAB-501769,AREA-01,B1,10,2026-05-09T10:33:00Z,2026-05-28T09:33:00Z
Y-701770,C-0041770,SLAB-501770,AREA-02,B2,11,2026-05-08T05:30:00Z,2026-05-17T04:30:00Z
Y-701771,C-0041771,SLAB-501771,AREA-03,B3,12,2026-05-08T10:29:00Z,2026-05-15T09:29:00Z
Y-701772,C-0041772,SLAB-501772,AREA-04,B4,13,2026-05-07T22:30:00Z,2026-05-18T21:30:00Z
Y-701773,C-0041773,SLAB-501773,AREA-05,B5,14,2026-05-08T11:15:00Z,2026-05-26T10:15:00Z
Y-701774,C-0041774,SLAB-501774,AREA-06,B6,15,2026-05-08T18:18:00Z,2026-05-16T17:18:00Z
Y-701775,C-0041775,SLAB-501775,AREA-07,B7,16,2026-05-08T13:21:00Z,2026-05-22T12:21:00Z
Y-701776,C-0041776,SLAB-501776,AREA-08,B8,17,2026-05-08T11:18:00Z,2026-05-24T10:18:00Z
Y-701777,C-0041777,SLAB-501777,AREA-09,B9,18,2026-05-09T05:18:00Z,2026-05-18T04:18:00Z
Y-701778,C-0041778,SLAB-501778,AREA-10,B1,19,2026-05-08T10:19:00Z,2026-05-17T09:19:00Z
Y-701779,C-0041779,SLAB-501779,AREA-11,B2,20,2026-05-07T13:09:00Z,2026-05-22T12:09:00Z
Y-701780,C-0041780,SLAB-501780,AREA-12,B3,21,2026-05-08T16:11:00Z,2026-05-12T15:11:00Z
Y-701781,C-0041781,SLAB-501781,AREA-13,B4,22,2026-05-09T14:17:00Z,2026-05-18T13:17:00Z
Y-701782,C-0041782,SLAB-501782,AREA-01,B5,23,2026-05-09T05:58:00Z,2026-05-27T04:58:00Z
Y-701783,C-0041783,SLAB-501783,AREA-02,B6,24,2026-05-07T22:53:00Z,2026-05-13T21:53:00Z
Y-701784,C-0041784,SLAB-501784,AREA-03,B7,25,2026-05-08T17:52:00Z,2026-05-19T16:52:00Z
Y-701785,C-0041785,SLAB-501785,AREA-04,B8,26,2026-05-09T01:55:00Z,2026-05-19T00:55:00Z
Y-701786,C-0041786,SLAB-501786,AREA-05,B9,27,2026-05-08T13:50:00Z,2026-05-26T12:50:00Z
Y-701787,C-0041787,SLAB-501787,AREA-06,B1,28,2026-05-09T08:55:00Z,2026-05-21T07:55:00Z
Y-701788,C-0041788,SLAB-501788,AREA-07,B2,29,2026-05-08T06:57:00Z,2026-05-19T05:57:00Z
Y-701789,C-0041789,SLAB-501789,AREA-08,B3,30,2026-05-08T01:56:00Z,2026-05-17T00:56:00Z
Y-701790,C-0041790,SLAB-501790,AREA-09,B4,31,2026-05-07T18:58:00Z,2026-05-27T17:58:00Z
Y-701791,C-0041791,SLAB-501791,AREA-10,B5,32,2026-05-08T16:50:00Z,2026-05-20T15:50:00Z
Y-701792,C-0041792,SLAB-501792,AREA-11,B6,33,2026-05-07T06:54:00Z,2026-05-16T05:54:00Z
Y-701793,C-0041793,SLAB-501793,AREA-12,B7,34,2026-05-08T18:40:00Z,2026-05-16T17:40:00Z
Y-701794,C-0041794,SLAB-501794,AREA-13,B8,35,2026-05-08T06:35:00Z,2026-05-26T05:35:00Z
Y-701795,C-0041795,SLAB-501795,AREA-01,B9,36,2026-05-08T08:32:00Z,2026-05-15T07:32:00Z
Y-701796,C-0041796,SLAB-501796,AREA-02,B1,37,2026-05-08T15:36:00Z,2026-05-10T14:36:00Z
Y-701797,C-0041797,SLAB-501797,AREA-03,B2,38,2026-05-07T22:32:00Z,2026-05-14T21:32:00Z
Y-701798,C-0041798,SLAB-501798,AREA-04,B3,39,2026-05-08T12:32:00Z,2026-05-19T11:32:00Z
Y-701799,C-0041799,SLAB-501799,AREA-05,B4,40,2026-05-08T21:35:00Z,2026-05-22T20:35:00Z
Y-701800,C-0041800,SLAB-501800,AREA-06,B5,1,2026-05-08T19:39:00Z,2026-05-26T18:39:00Z
Y-701801,C-0041801,SLAB-501801,AREA-07,B6,2,2026-05-09T11:35:00Z,2026-05-14T10:35:00Z
Y-701802,C-0041802,SLAB-501802,AREA-08,B7,3,2026-05-07T07:31:00Z,2026-05-17T06:31:00Z
Y-701803,C-0041803,SLAB-501803,AREA-09,B8,4,2026-05-08T15:15:00Z,2026-05-26T14:15:00Z
Y-701804,C-0041804,SLAB-501804,AREA-10,B9,5,2026-05-07T08:17:00Z,2026-05-18T07:17:00Z
Y-701805,C-0041805,SLAB-501805,AREA-11,B1,6,2026-05-07T09:13:00Z,2026-05-25T08:13:00Z
Y-701806,C-0041806,SLAB-501806,AREA-12,B2,7,2026-05-08T14:13:00Z,2026-05-20T13:13:00Z
Y-701807,C-0041807,SLAB-501807,AREA-13,B3,8,2026-05-08T13:11:00Z,2026-05-11T12:11:00Z
Y-701808,C-0041808,SLAB-501808,AREA-01,B4,9,2026-05-08T20:18:00Z,2026-05-12T19:18:00Z
Y-701809,C-0041809,SLAB-501809,AREA-02,B5,10,2026-05-09T18:11:00Z,2026-05-20T17:11:00Z
Y-701810,C-0041810,SLAB-501810,AREA-03,B6,11,2026-05-07T11:11:00Z,2026-05-20T10:11:00Z
Y-701811,C-0041811,SLAB-501811,AREA-04,B7,12,2026-05-08T12:07:00Z,2026-05-28T11:07:00Z
Y-701812,C-0041812,SLAB-501812,AREA-05,B8,13,2026-05-07T21:10:00Z,2026-05-10T20:10:00Z
Y-701813,C-0041813,SLAB-501813,AREA-06,B9,14,2026-05-08T11:58:00Z,2026-05-18T10:58:00Z
Y-701814,C-0041814,SLAB-501814,AREA-07,B1,15,2026-05-07T13:56:00Z,2026-05-12T12:56:00Z
Y-701815,C-0041815,SLAB-501815,AREA-08,B2,16,2026-05-09T15:58:00Z,2026-05-27T14:58:00Z
Y-701816,C-0041816,SLAB-501816,AREA-09,B3,17,2026-05-07T19:02:00Z,2026-05-14T18:02:00Z
Y-701817,C-0041817,SLAB-501817,AREA-10,B4,18,2026-05-09T02:54:00Z,2026-05-11T01:54:00Z
Y-701818,C-0041818,SLAB-501818,AREA-11,B5,19,2026-05-09T10:56:00Z,2026-05-19T09:56:00Z
Y-701819,C-0041819,SLAB-501819,AREA-12,B6,20,2026-05-08T20:00:00Z,2026-05-12T19:00:00Z
Y-701820,C-0041820,SLAB-501820,AREA-13,B7,21,2026-05-09T06:58:00Z,2026-05-24T05:58:00Z
Y-701821,C-0041821,SLAB-501821,AREA-01,B8,22,2026-05-07T16:36:00Z,2026-05-16T15:36:00Z
Y-701822,C-0041822,SLAB-501822,AREA-02,B9,23,2026-05-08T15:32:00Z,2026-05-23T14:32:00Z
Y-701823,C-0041823,SLAB-501823,AREA-03,B1,24,2026-05-08T04:44:00Z,2026-05-12T03:44:00Z
Y-701824,C-0041824,SLAB-501824,AREA-04,B2,25,2026-05-07T23:31:00Z,2026-05-24T22:31:00Z
Y-701825,C-0041825,SLAB-501825,AREA-05,B3,26,2026-05-08T09:38:00Z,2026-05-24T08:38:00Z
Y-701826,C-0041826,SLAB-501826,AREA-06,B4,27,2026-05-07T10:38:00Z,2026-05-17T09:38:00Z
Y-701827,C-0041827,SLAB-501827,AREA-07,B5,28,2026-05-07T17:37:00Z,2026-05-19T16:37:00Z
Y-701828,C-0041828,SLAB-501828,AREA-08,B6,29,2026-05-07T18:38:00Z,2026-05-16T17:38:00Z
Y-701829,C-0041829,SLAB-501829,AREA-09,B7,30,2026-05-08T23:40:00Z,2026-05-28T22:40:00Z
Y-701830,C-0041830,SLAB-501830,AREA-10,B8,31,2026-05-08T16:39:00Z,2026-05-25T15:39:00Z
Y-701831,C-0041831,SLAB-501831,AREA-11,B9,32,2026-05-08T09:58:00Z,2026-05-25T08:58:00Z
Y-701832,C-0041832,SLAB-501832,AREA-12,B1,33,2026-05-09T02:01:00Z,2026-05-23T01:01:00Z
Y-701833,C-0041833,SLAB-501833,AREA-13,B2,34,2026-05-07T18:05:00Z,2026-05-23T17:05:00Z
Y-701834,C-0041834,SLAB-501834,AREA-01,B3,35,2026-05-08T22:06:00Z,2026-05-11T21:06:00Z
Y-701835,C-0041835,SLAB-501835,AREA-02,B4,36,2026-05-08T22:08:00Z,2026-05-17T21:08:00Z
Y-701836,C-0041836,SLAB-501836,AREA-03,B5,37,2026-05-09T22:09:00Z,2026-05-21T21:09:00Z
Y-701837,C-0041837,SLAB-501837,AREA-04,B6,38,2026-05-09T03:08:00Z,2026-05-25T02:08:00Z
Y-701838,C-0041838,SLAB-501838,AREA-05,B7,39,2026-05-08T22:03:00Z,2026-05-12T21:03:00Z
Y-701839,C-0041839,SLAB-501839,AREA-06,B8,40,2026-05-09T09:57:00Z,2026-05-26T08:57:00Z
Y-701840,C-0041840,SLAB-501840,AREA-07,B9,1,2026-05-07T18:02:00Z,2026-05-13T17:02:00Z
Y-701841,C-0041841,SLAB-501841,AREA-08,B1,2,2026-05-09T12:52:00Z,2026-05-13T11:52:00Z
Y-701842,C-0041842,SLAB-501842,AREA-09,B2,3,2026-05-09T13:43:00Z,2026-05-15T12:43:00Z
Y-701843,C-0041843,SLAB-501843,AREA-10,B3,4,2026-05-07T21:47:00Z,2026-05-18T20:47:00Z
Y-701844,C-0041844,SLAB-501844,AREA-11,B4,5,2026-05-07T19:48:00Z,2026-05-15T18:48:00Z
Y-701845,C-0041845,SLAB-501845,AREA-12,B5,6,2026-05-09T02:45:00Z,2026-05-25T01:45:00Z
Y-701846,C-0041846,SLAB-501846,AREA-13,B6,7,2026-05-07T23:52:00Z,2026-05-25T22:52:00Z
Y-701847,C-0041847,SLAB-501847,AREA-01,B7,8,2026-05-08T19:46:00Z,2026-05-11T18:46:00Z
Y-701848,C-0041848,SLAB-501848,AREA-02,B8,9,2026-05-07T22:53:00Z,2026-05-09T21:53:00Z
Y-701849,C-0041849,SLAB-501849,AREA-03,B9,10,2026-05-07T07:46:00Z,2026-05-24T06:46:00Z
Y-701850,C-0041850,SLAB-501850,AREA-04,B1,11,2026-05-07T12:47:00Z,2026-05-13T11:47:00Z
Y-701851,C-0041851,SLAB-501851,AREA-05,B2,12,2026-05-09T05:47:00Z,2026-05-23T04:47:00Z
Y-701852,C-0041852,SLAB-501852,AREA-06,B3,13,2026-05-08T17:46:00Z,2026-05-23T16:46:00Z
Y-701853,C-0041853,SLAB-501853,AREA-07,B4,14,2026-05-07T20:51:00Z,2026-05-20T19:51:00Z
Y-701854,C-0041854,SLAB-501854,AREA-08,B5,15,2026-05-08T13:53:00Z,2026-05-24T12:53:00Z
Y-701855,C-0041855,SLAB-501855,AREA-09,B6,16,2026-05-08T19:47:00Z,2026-05-13T18:47:00Z
Y-701856,C-0041856,SLAB-501856,AREA-10,B7,17,2026-05-09T12:49:00Z,2026-05-22T11:49:00Z
Y-701857,C-0041857,SLAB-501857,AREA-11,B8,18,2026-05-08T22:50:00Z,2026-05-10T21:50:00Z
Y-701858,C-0041858,SLAB-501858,AREA-12,B9,19,2026-05-08T07:48:00Z,2026-05-16T06:48:00Z
Y-701859,C-0041859,SLAB-501859,AREA-13,B1,20,2026-05-09T02:49:00Z,2026-05-22T01:49:00Z
Y-701860,C-0041860,SLAB-501860,AREA-01,B2,21,2026-05-08T03:16:00Z,2026-05-12T02:16:00Z
Y-701861,C-0041861,SLAB-501861,AREA-02,B3,22,2026-05-08T11:23:00Z,2026-05-18T10:23:00Z
Y-701862,C-0041862,SLAB-501862,AREA-03,B4,23,2026-05-07T20:21:00Z,2026-05-27T19:21:00Z
Y-701863,C-0041863,SLAB-501863,AREA-04,B5,24,2026-05-09T12:23:00Z,2026-05-11T11:23:00Z
Y-701864,C-0041864,SLAB-501864,AREA-05,B6,25,2026-05-07T16:26:00Z,2026-05-09T15:26:00Z
Y-701865,C-0041865,SLAB-501865,AREA-06,B7,26,2026-05-08T11:21:00Z,2026-05-25T10:21:00Z
Y-701866,C-0041866,SLAB-501866,AREA-07,B8,27,2026-05-09T06:21:00Z,2026-05-18T05:21:00Z
Y-701867,C-0041867,SLAB-501867,AREA-08,B9,28,2026-05-08T20:24:00Z,2026-05-14T19:24:00Z
Y-701868,C-0041868,SLAB-501868,AREA-09,B1,29,2026-05-07T15:52:00Z,2026-05-14T14:52:00Z
Y-701869,C-0041869,SLAB-501869,AREA-10,B2,30,2026-05-08T22:40:00Z,2026-05-16T21:40:00Z
Y-701870,C-0041870,SLAB-501870,AREA-11,B3,31,2026-05-09T16:48:00Z,2026-05-24T15:48:00Z
Y-701871,C-0041871,SLAB-501871,AREA-12,B4,32,2026-05-08T14:46:00Z,2026-05-21T13:46:00Z
Y-701872,C-0041872,SLAB-501872,AREA-13,B5,33,2026-05-07T09:49:00Z,2026-05-10T08:49:00Z
Y-701873,C-0041873,SLAB-501873,AREA-01,B6,34,2026-05-08T00:47:00Z,2026-05-23T23:47:00Z
Y-701874,C-0041874,SLAB-501874,AREA-02,B7,35,2026-05-08T10:47:00Z,2026-05-12T09:47:00Z
Y-701875,C-0041875,SLAB-501875,AREA-03,B8,36,2026-05-08T18:49:00Z,2026-05-14T17:49:00Z
Y-701876,C-0041876,SLAB-501876,AREA-04,B9,37,2026-05-09T17:50:00Z,2026-05-13T16:50:00Z
Y-701877,C-0041877,SLAB-501877,AREA-05,B1,38,2026-05-09T04:51:00Z,2026-05-20T03:51:00Z
Y-701878,C-0041878,SLAB-501878,AREA-06,B2,39,2026-05-07T23:35:00Z,2026-05-15T22:35:00Z
Y-701879,C-0041879,SLAB-501879,AREA-07,B3,40,2026-05-09T11:31:00Z,2026-05-22T10:31:00Z
Y-701880,C-0041880,SLAB-501880,AREA-08,B4,1,2026-05-08T21:33:00Z,2026-05-22T20:33:00Z
Y-701881,C-0041881,SLAB-501881,AREA-09,B5,2,2026-05-08T20:32:00Z,2026-05-13T19:32:00Z
Y-701882,C-0041882,SLAB-501882,AREA-10,B6,3,2026-05-07T18:25:00Z,2026-05-22T17:25:00Z
Y-701883,C-0041883,SLAB-501883,AREA-11,B7,4,2026-05-07T11:32:00Z,2026-05-11T10:32:00Z
Y-701884,C-0041884,SLAB-501884,AREA-12,B8,5,2026-05-09T16:29:00Z,2026-05-19T15:29:00Z
Y-701885,C-0041885,SLAB-501885,AREA-13,B9,6,2026-05-08T07:31:00Z,2026-05-21T06:31:00Z
Y-701886,C-0041886,SLAB-501886,AREA-01,B1,7,2026-05-08T16:35:00Z,2026-05-16T15:35:00Z
Y-701887,C-0041887,SLAB-501887,AREA-02,B2,8,2026-05-09T01:27:00Z,2026-05-19T00:27:00Z
Y-701888,C-0041888,SLAB-501888,AREA-03,B3,9,2026-05-08T17:29:00Z,2026-05-21T16:29:00Z
Y-701889,C-0041889,SLAB-501889,AREA-04,B4,10,2026-05-09T12:36:00Z,2026-05-24T11:36:00Z
Y-701890,C-0041890,SLAB-501890,AREA-05,B5,11,2026-05-09T02:34:00Z,2026-05-14T01:34:00Z
Y-701891,C-0041891,SLAB-501891,AREA-06,B6,12,2026-05-08T21:34:00Z,2026-05-22T20:34:00Z
Y-701892,C-0041892,SLAB-501892,AREA-07,B7,13,2026-05-09T01:38:00Z,2026-05-13T00:38:00Z
Y-701893,C-0041893,SLAB-501893,AREA-08,B8,14,2026-05-08T18:38:00Z,2026-05-19T17:38:00Z
Y-701894,C-0041894,SLAB-501894,AREA-09,B9,15,2026-05-08T13:35:00Z,2026-05-23T12:35:00Z
Y-701895,C-0041895,SLAB-501895,AREA-10,B1,16,2026-05-09T15:39:00Z,2026-05-29T14:39:00Z
Y-701896,C-0041896,SLAB-501896,AREA-11,B2,17,2026-05-09T03:36:00Z,2026-05-11T02:36:00Z
Y-701897,C-0041897,SLAB-501897,AREA-12,B3,18,2026-05-08T19:38:00Z,2026-05-11T18:38:00Z
Y-701898,C-0041898,SLAB-501898,AREA-13,B4,19,2026-05-09T10:30:00Z,2026-05-12T09:30:00Z
Y-701899,C-0041899,SLAB-501899,AREA-01,B5,20,2026-05-08T06:43:00Z,2026-05-14T05:43:00Z
Y-701900,C-0041900,SLAB-501900,AREA-02,B6,21,2026-05-08T17:48:00Z,2026-05-20T16:48:00Z
Y-701901,C-0041901,SLAB-501901,AREA-03,B7,22,2026-05-08T14:44:00Z,2026-05-12T13:44:00Z
Y-701902,C-0041902,SLAB-501902,AREA-04,B8,23,2026-05-08T16:45:00Z,2026-05-17T15:45:00Z
Y-701903,C-0041903,SLAB-501903,AREA-05,B9,24,2026-05-09T00:48:00Z,2026-05-21T23:48:00Z
Y-701904,C-0041904,SLAB-501904,AREA-06,B1,25,2026-05-10T00:40:00Z,2026-05-27T23:40:00Z
Y-701905,C-0041905,SLAB-501905,AREA-07,B2,26,2026-05-08T18:47:00Z,2026-05-14T17:47:00Z
Y-701906,C-0041906,SLAB-501906,AREA-08,B3,27,2026-05-08T22:01:00Z,2026-05-25T21:01:00Z
Y-701907,C-0041907,SLAB-501907,AREA-09,B4,28,2026-05-09T11:00:00Z,2026-05-17T10:00:00Z
Y-701908,C-0041908,SLAB-501908,AREA-10,B5,29,2026-05-09T04:55:00Z,2026-05-13T03:55:00Z
Y-701909,C-0041909,SLAB-501909,AREA-11,B6,30,2026-05-10T00:59:00Z,2026-05-26T23:59:00Z
Y-701910,C-0041910,SLAB-501910,AREA-12,B7,31,2026-05-08T23:03:00Z,2026-05-19T22:03:00Z
Y-701911,C-0041911,SLAB-501911,AREA-13,B8,32,2026-05-08T03:59:00Z,2026-05-15T02:59:00Z
Y-701912,C-0041912,SLAB-501912,AREA-01,B9,33,2026-05-09T07:54:00Z,2026-05-17T06:54:00Z
Y-701913,C-0041913,SLAB-501913,AREA-02,B1,34,2026-05-07T18:56:00Z,2026-05-27T17:56:00Z
Y-701914,C-0041914,SLAB-501914,AREA-03,B2,35,2026-05-08T06:54:00Z,2026-05-18T05:54:00Z
Y-701915,C-0041915,SLAB-501915,AREA-04,B3,36,2026-05-08T20:19:00Z,2026-05-22T19:19:00Z
Y-701916,C-0041916,SLAB-501916,AREA-05,B4,37,2026-05-07T22:20:00Z,2026-05-13T21:20:00Z
Y-701917,C-0041917,SLAB-501917,AREA-06,B5,38,2026-05-08T03:15:00Z,2026-05-18T02:15:00Z
Y-701918,C-0041918,SLAB-501918,AREA-07,B6,39,2026-05-09T02:15:00Z,2026-05-13T01:15:00Z
Y-701919,C-0041919,SLAB-501919,AREA-08,B7,40,2026-05-07T17:24:00Z,2026-05-26T16:24:00Z
Y-701920,C-0041920,SLAB-501920,AREA-09,B8,1,2026-05-08T10:22:00Z,2026-05-24T09:22:00Z
Y-701921,C-0041921,SLAB-501921,AREA-10,B9,2,2026-05-08T15:24:00Z,2026-05-14T14:24:00Z
Y-701922,C-0041922,SLAB-501922,AREA-11,B1,3,2026-05-09T08:16:00Z,2026-05-25T07:16:00Z
Y-701923,C-0041923,SLAB-501923,AREA-12,B2,4,2026-05-09T03:21:00Z,2026-05-12T02:21:00Z
Y-701924,C-0041924,SLAB-501924,AREA-13,B3,5,2026-05-09T12:20:00Z,2026-05-16T11:20:00Z
Y-701925,C-0041925,SLAB-501925,AREA-01,B4,6,2026-05-08T12:17:00Z,2026-05-18T11:17:00Z
Y-701926,C-0041926,SLAB-501926,AREA-02,B5,7,2026-05-10T00:13:00Z,2026-05-20T23:13:00Z
Y-701927,C-0041927,SLAB-501927,AREA-03,B6,8,2026-05-08T14:13:00Z,2026-05-11T13:13:00Z
Y-701928,C-0041928,SLAB-501928,AREA-04,B7,9,2026-05-08T17:07:00Z,2026-05-23T16:07:00Z
Y-701929,C-0041929,SLAB-501929,AREA-05,B8,10,2026-05-08T21:12:00Z,2026-05-25T20:12:00Z
Y-701930,C-0041930,SLAB-501930,AREA-06,B9,11,2026-05-08T21:09:00Z,2026-05-15T20:09:00Z
Y-701931,C-0041931,SLAB-501931,AREA-07,B1,12,2026-05-08T23:15:00Z,2026-05-13T22:15:00Z
Y-701932,C-0041932,SLAB-501932,AREA-08,B2,13,2026-05-08T17:16:00Z,2026-05-28T16:16:00Z
Y-701933,C-0041933,SLAB-501933,AREA-09,B3,14,2026-05-07T22:11:00Z,2026-05-09T21:11:00Z
Y-701934,C-0041934,SLAB-501934,AREA-10,B4,15,2026-05-08T01:09:00Z,2026-05-27T00:09:00Z
Y-701935,C-0041935,SLAB-501935,AREA-11,B5,16,2026-05-09T01:12:00Z,2026-05-25T00:12:00Z
Y-701936,C-0041936,SLAB-501936,AREA-12,B6,17,2026-05-09T07:08:00Z,2026-05-16T06:08:00Z
Y-701937,C-0041937,SLAB-501937,AREA-13,B7,18,2026-05-08T16:41:00Z,2026-05-28T15:41:00Z
Y-701938,C-0041938,SLAB-501938,AREA-01,B8,19,2026-05-07T14:38:00Z,2026-05-10T13:38:00Z
Y-701939,C-0041939,SLAB-501939,AREA-02,B9,20,2026-05-08T09:37:00Z,2026-05-18T08:37:00Z
Y-701940,C-0041940,SLAB-501940,AREA-03,B1,21,2026-05-08T00:32:00Z,2026-05-24T23:32:00Z
Y-701941,C-0041941,SLAB-501941,AREA-04,B2,22,2026-05-09T15:29:00Z,2026-05-17T14:29:00Z
Y-701942,C-0041942,SLAB-501942,AREA-05,B3,23,2026-05-08T11:36:00Z,2026-05-27T10:36:00Z
Y-701943,C-0041943,SLAB-501943,AREA-06,B4,24,2026-05-08T00:36:00Z,2026-05-16T23:36:00Z
Y-701944,C-0041944,SLAB-501944,AREA-07,B5,25,2026-05-09T14:36:00Z,2026-05-25T13:36:00Z
Y-701945,C-0041945,SLAB-501945,AREA-08,B6,26,2026-05-08T06:43:00Z,2026-05-17T05:43:00Z
Y-701946,C-0041946,SLAB-501946,AREA-09,B7,27,2026-05-09T10:35:00Z,2026-05-23T09:35:00Z
Y-701947,C-0041947,SLAB-501947,AREA-10,B8,28,2026-05-08T00:14:00Z,2026-05-23T23:14:00Z
Y-701948,C-0041948,SLAB-501948,AREA-11,B9,29,2026-05-08T22:13:00Z,2026-05-17T21:13:00Z
Y-701949,C-0041949,SLAB-501949,AREA-12,B1,30,2026-05-07T21:12:00Z,2026-05-14T20:12:00Z
Y-701950,C-0041950,SLAB-501950,AREA-13,B2,31,2026-05-08T16:13:00Z,2026-05-18T15:13:00Z
Y-701951,C-0041951,SLAB-501951,AREA-01,B3,32,2026-05-08T17:09:00Z,2026-05-10T16:09:00Z
Y-701952,C-0041952,SLAB-501952,AREA-02,B4,33,2026-05-09T10:16:00Z,2026-05-18T09:16:00Z
Y-701953,C-0041953,SLAB-501953,AREA-03,B5,34,2026-05-09T09:13:00Z,2026-05-26T08:13:00Z
Y-701954,C-0041954,SLAB-501954,AREA-04,B6,35,2026-05-07T15:17:00Z,2026-05-17T14:17:00Z
Y-701955,C-0041955,SLAB-501955,AREA-05,B7,36,2026-05-09T18:15:00Z,2026-05-14T17:15:00Z
Y-701956,C-0041956,SLAB-501956,AREA-06,B8,37,2026-05-08T00:58:00Z,2026-05-27T23:58:00Z
Y-701957,C-0041957,SLAB-501957,AREA-07,B9,38,2026-05-08T02:55:00Z,2026-05-16T01:55:00Z
Y-701958,C-0041958,SLAB-501958,AREA-08,B1,39,2026-05-10T06:05:00Z,2026-05-13T05:05:00Z
Y-701959,C-0041959,SLAB-501959,AREA-09,B2,40,2026-05-07T20:00:00Z,2026-05-23T19:00:00Z
Y-701960,C-0041960,SLAB-501960,AREA-10,B3,1,2026-05-09T14:02:00Z,2026-05-28T13:02:00Z
Y-701961,C-0041961,SLAB-501961,AREA-11,B4,2,2026-05-08T16:56:00Z,2026-05-20T15:56:00Z
Y-701962,C-0041962,SLAB-501962,AREA-12,B5,3,2026-05-08T23:54:00Z,2026-05-28T22:54:00Z
Y-701963,C-0041963,SLAB-501963,AREA-13,B6,4,2026-05-07T23:53:00Z,2026-05-16T22:53:00Z
Y-701964,C-0041964,SLAB-501964,AREA-01,B7,5,2026-05-08T06:58:00Z,2026-05-26T05:58:00Z
Y-701965,C-0041965,SLAB-501965,AREA-02,B8,6,2026-05-09T07:57:00Z,2026-05-28T06:57:00Z
Y-701966,C-0041966,SLAB-501966,AREA-03,B9,7,2026-05-08T07:00:00Z,2026-05-12T06:00:00Z
Y-701967,C-0041967,SLAB-501967,AREA-04,B1,8,2026-05-09T20:49:00Z,2026-05-17T19:49:00Z
Y-701968,C-0041968,SLAB-501968,AREA-05,B2,9,2026-05-09T12:49:00Z,2026-05-27T11:49:00Z
Y-701969,C-0041969,SLAB-501969,AREA-06,B3,10,2026-05-09T06:41:00Z,2026-05-20T05:41:00Z
Y-701970,C-0041970,SLAB-501970,AREA-07,B4,11,2026-05-07T19:42:00Z,2026-05-16T18:42:00Z
Y-701971,C-0041971,SLAB-501971,AREA-08,B5,12,2026-05-08T07:49:00Z,2026-05-17T06:49:00Z
Y-701972,C-0041972,SLAB-501972,AREA-09,B6,13,2026-05-08T16:45:00Z,2026-05-20T15:45:00Z
Y-701973,C-0041973,SLAB-501973,AREA-10,B7,14,2026-05-09T01:38:00Z,2026-05-13T00:38:00Z
Y-701974,C-0041974,SLAB-501974,AREA-11,B8,15,2026-05-08T21:51:00Z,2026-05-25T20:51:00Z
Y-701975,C-0041975,SLAB-501975,AREA-12,B9,16,2026-05-09T23:36:00Z,2026-05-24T22:36:00Z
Y-701976,C-0041976,SLAB-501976,AREA-13,B1,17,2026-05-09T14:43:00Z,2026-05-27T13:43:00Z
Y-701977,C-0041977,SLAB-501977,AREA-01,B2,18,2026-05-07T15:33:00Z,2026-05-11T14:33:00Z
Y-701978,C-0041978,SLAB-501978,AREA-02,B3,19,2026-05-08T22:36:00Z,2026-05-13T21:36:00Z
Y-701979,C-0041979,SLAB-501979,AREA-03,B4,20,2026-05-08T16:33:00Z,2026-05-13T15:33:00Z
Y-701980,C-0041980,SLAB-501980,AREA-04,B5,21,2026-05-09T09:32:00Z,2026-05-16T08:32:00Z
Y-701981,C-0041981,SLAB-501981,AREA-05,B6,22,2026-05-09T12:37:00Z,2026-05-29T11:37:00Z
Y-701982,C-0041982,SLAB-501982,AREA-06,B7,23,2026-05-08T22:31:00Z,2026-05-15T21:31:00Z
Y-701983,C-0041983,SLAB-501983,AREA-07,B8,24,2026-05-09T18:39:00Z,2026-05-21T17:39:00Z
Y-701984,C-0041984,SLAB-501984,AREA-08,B9,25,2026-05-08T13:10:00Z,2026-05-20T12:10:00Z
Y-701985,C-0041985,SLAB-501985,AREA-09,B1,26,2026-05-09T05:13:00Z,2026-05-17T04:13:00Z
Y-701986,C-0041986,SLAB-501986,AREA-10,B2,27,2026-05-09T13:05:00Z,2026-05-26T12:05:00Z
Y-701987,C-0041987,SLAB-501987,AREA-11,B3,28,2026-05-09T02:07:00Z,2026-05-29T01:07:00Z
Y-701988,C-0041988,SLAB-501988,AREA-12,B4,29,2026-05-08T04:05:00Z,2026-05-14T03:05:00Z
Y-701989,C-0041989,SLAB-501989,AREA-13,B5,30,2026-05-09T07:07:00Z,2026-05-20T06:07:00Z
Y-701990,C-0041990,SLAB-501990,AREA-01,B6,31,2026-05-07T18:04:00Z,2026-05-18T17:04:00Z
Y-701991,C-0041991,SLAB-501991,AREA-02,B7,32,2026-05-09T07:44:00Z,2026-05-28T06:44:00Z
Y-701992,C-0041992,SLAB-501992,AREA-03,B8,33,2026-05-09T06:49:00Z,2026-05-29T05:49:00Z
Y-701993,C-0041993,SLAB-501993,AREA-04,B9,34,2026-05-09T10:40:00Z,2026-05-23T09:40:00Z
Y-701994,C-0041994,SLAB-501994,AREA-05,B1,35,2026-05-10T03:42:00Z,2026-05-26T02:42:00Z
Y-701995,C-0041995,SLAB-501995,AREA-06,B2,36,2026-05-09T22:46:00Z,2026-05-29T21:46:00Z
Y-701996,C-0041996,SLAB-501996,AREA-07,B3,37,2026-05-09T01:44:00Z,2026-05-22T00:44:00Z
Y-701997,C-0041997,SLAB-501997,AREA-08,B4,38,2026-05-09T16:46:00Z,2026-05-16T15:46:00Z
Y-701998,C-0041998,SLAB-501998,AREA-09,B5,39,2026-05-09T02:40:00Z,2026-05-19T01:40:00Z
Y-701999,C-0041999,SLAB-501999,AREA-10,B6,40,2026-05-09T15:48:00Z,2026-05-28T14:48:00Z
Y-702000,C-0042000,SLAB-502000,AREA-11,B7,1,2026-05-09T03:38:00Z,2026-05-17T02:38:00Z
Y-702001,C-0042001,SLAB-502001,AREA-12,B8,2,2026-05-07T13:39:00Z,2026-05-15T12:39:00Z
Y-702002,C-0042002,SLAB-502002,AREA-13,B9,3,2026-05-09T22:36:00Z,2026-05-29T21:36:00Z
Y-702003,C-0042003,SLAB-502003,AREA-01,B1,4,2026-05-09T09:30:00Z,2026-05-25T08:30:00Z
Y-702004,C-0042004,SLAB-502004,AREA-02,B2,5,2026-05-09T03:35:00Z,2026-05-23T02:35:00Z
Y-702005,C-0042005,SLAB-502005,AREA-03,B3,6,2026-05-09T08:28:00Z,2026-05-20T07:28:00Z
Y-702006,C-0042006,SLAB-502006,AREA-04,B4,7,2026-05-08T13:30:00Z,2026-05-17T12:30:00Z
Y-702007,C-0042007,SLAB-502007,AREA-05,B5,8,2026-05-09T09:28:00Z,2026-05-12T08:28:00Z
Y-702008,C-0042008,SLAB-502008,AREA-06,B6,9,2026-05-08T19:33:00Z,2026-05-12T18:33:00Z
Y-702009,C-0042009,SLAB-502009,AREA-07,B7,10,2026-05-09T17:32:00Z,2026-05-18T16:32:00Z
Y-702010,C-0042010,SLAB-502010,AREA-08,B8,11,2026-05-08T08:30:00Z,2026-05-27T07:30:00Z
Y-702011,C-0042011,SLAB-502011,AREA-09,B9,12,2026-05-09T06:28:00Z,2026-05-18T05:28:00Z
Y-702012,C-0042012,SLAB-502012,AREA-10,B1,13,2026-05-08T17:32:00Z,2026-05-25T16:32:00Z
Y-702013,C-0042013,SLAB-502013,AREA-11,B2,14,2026-05-08T18:03:00Z,2026-05-23T17:03:00Z
Y-702014,C-0042014,SLAB-502014,AREA-12,B3,15,2026-05-09T05:08:00Z,2026-05-24T04:08:00Z
Y-702015,C-0042015,SLAB-502015,AREA-13,B4,16,2026-05-09T22:09:00Z,2026-05-18T21:09:00Z
Y-702016,C-0042016,SLAB-502016,AREA-01,B5,17,2026-05-08T10:05:00Z,2026-05-19T09:05:00Z
Y-702017,C-0042017,SLAB-502017,AREA-02,B6,18,2026-05-08T15:06:00Z,2026-05-26T14:06:00Z
Y-702018,C-0042018,SLAB-502018,AREA-03,B7,19,2026-05-09T20:10:00Z,2026-05-11T19:10:00Z
Y-702019,C-0042019,SLAB-502019,AREA-04,B8,20,2026-05-08T18:05:00Z,2026-05-23T17:05:00Z
Y-702020,C-0042020,SLAB-502020,AREA-05,B9,21,2026-05-09T12:03:00Z,2026-05-24T11:03:00Z
Y-702021,C-0042021,SLAB-502021,AREA-06,B1,22,2026-05-10T02:06:00Z,2026-05-23T01:06:00Z
Y-702022,C-0042022,SLAB-502022,AREA-07,B2,23,2026-05-10T02:04:00Z,2026-05-22T01:04:00Z
Y-702023,C-0042023,SLAB-502023,AREA-08,B3,24,2026-05-08T10:56:00Z,2026-05-22T09:56:00Z
Y-702024,C-0042024,SLAB-502024,AREA-09,B4,25,2026-05-09T16:02:00Z,2026-05-26T15:02:00Z
Y-702025,C-0042025,SLAB-502025,AREA-10,B5,26,2026-05-09T08:56:00Z,2026-05-17T07:56:00Z
Y-702026,C-0042026,SLAB-502026,AREA-11,B6,27,2026-05-09T07:00:00Z,2026-05-17T06:00:00Z
Y-702027,C-0042027,SLAB-502027,AREA-12,B7,28,2026-05-08T02:00:00Z,2026-05-23T01:00:00Z
Y-702028,C-0042028,SLAB-502028,AREA-13,B8,29,2026-05-07T20:56:00Z,2026-05-13T19:56:00Z
Y-702029,C-0042029,SLAB-502029,AREA-01,B9,30,2026-05-08T15:00:00Z,2026-05-25T14:00:00Z
Y-702030,C-0042030,SLAB-502030,AREA-02,B1,31,2026-05-09T22:56:00Z,2026-05-11T21:56:00Z
Y-702031,C-0042031,SLAB-502031,AREA-03,B2,32,2026-05-09T06:57:00Z,2026-05-15T05:57:00Z
Y-702032,C-0042032,SLAB-502032,AREA-04,B3,33,2026-05-10T11:51:00Z,2026-05-28T10:51:00Z
Y-702033,C-0042033,SLAB-502033,AREA-05,B4,34,2026-05-08T22:01:00Z,2026-05-10T21:01:00Z
Y-702034,C-0042034,SLAB-502034,AREA-06,B5,35,2026-05-10T09:56:00Z,2026-05-13T08:56:00Z
Y-702035,C-0042035,SLAB-502035,AREA-07,B6,36,2026-05-09T14:48:00Z,2026-05-16T13:48:00Z
Y-702036,C-0042036,SLAB-502036,AREA-08,B7,37,2026-05-08T09:01:00Z,2026-05-20T08:01:00Z
Y-702037,C-0042037,SLAB-502037,AREA-09,B8,38,2026-05-10T01:53:00Z,2026-05-23T00:53:00Z
Y-702038,C-0042038,SLAB-502038,AREA-10,B9,39,2026-05-09T02:52:00Z,2026-05-24T01:52:00Z
Y-702039,C-0042039,SLAB-502039,AREA-11,B1,40,2026-05-09T05:16:00Z,2026-05-29T04:16:00Z
Y-702040,C-0042040,SLAB-502040,AREA-12,B2,1,2026-05-09T18:12:00Z,2026-05-27T17:12:00Z
Y-702041,C-0042041,SLAB-502041,AREA-13,B3,2,2026-05-09T05:18:00Z,2026-05-13T04:18:00Z
Y-702042,C-0042042,SLAB-502042,AREA-01,B4,3,2026-05-08T03:20:00Z,2026-05-12T02:20:00Z
Y-702043,C-0042043,SLAB-502043,AREA-02,B5,4,2026-05-08T14:13:00Z,2026-05-16T13:13:00Z
Y-702044,C-0042044,SLAB-502044,AREA-03,B6,5,2026-05-09T08:17:00Z,2026-05-11T07:17:00Z
Y-702045,C-0042045,SLAB-502045,AREA-04,B7,6,2026-05-09T14:15:00Z,2026-05-14T13:15:00Z
Y-702046,C-0042046,SLAB-502046,AREA-05,B8,7,2026-05-10T02:15:00Z,2026-05-15T01:15:00Z
Y-702047,C-0042047,SLAB-502047,AREA-06,B9,8,2026-05-07T21:13:00Z,2026-05-14T20:13:00Z
Y-702048,C-0042048,SLAB-502048,AREA-07,B1,9,2026-05-09T16:20:00Z,2026-05-13T15:20:00Z
Y-702049,C-0042049,SLAB-502049,AREA-08,B2,10,2026-05-08T17:11:00Z,2026-05-22T16:11:00Z
Y-702050,C-0042050,SLAB-502050,AREA-09,B3,11,2026-05-09T03:08:00Z,2026-05-20T02:08:00Z
Y-702051,C-0042051,SLAB-502051,AREA-10,B4,12,2026-05-09T03:02:00Z,2026-05-17T02:02:00Z
Y-702052,C-0042052,SLAB-502052,AREA-11,B5,13,2026-05-08T10:08:00Z,2026-05-27T09:08:00Z
Y-702053,C-0042053,SLAB-502053,AREA-12,B6,14,2026-05-08T14:07:00Z,2026-05-23T13:07:00Z
Y-702054,C-0042054,SLAB-502054,AREA-13,B7,15,2026-05-08T16:58:00Z,2026-05-13T15:58:00Z
Y-702055,C-0042055,SLAB-502055,AREA-01,B8,16,2026-05-08T10:08:00Z,2026-05-17T09:08:00Z
Y-702056,C-0042056,SLAB-502056,AREA-02,B9,17,2026-05-08T11:00:00Z,2026-05-23T10:00:00Z
Y-702057,C-0042057,SLAB-502057,AREA-03,B1,18,2026-05-08T13:09:00Z,2026-05-25T12:09:00Z
Y-702058,C-0042058,SLAB-502058,AREA-04,B2,19,2026-05-09T02:40:00Z,2026-05-20T01:40:00Z
Y-702059,C-0042059,SLAB-502059,AREA-05,B3,20,2026-05-09T04:39:00Z,2026-05-24T03:39:00Z
Y-702060,C-0042060,SLAB-502060,AREA-06,B4,21,2026-05-08T16:35:00Z,2026-05-16T15:35:00Z
Y-702061,C-0042061,SLAB-502061,AREA-07,B5,22,2026-05-10T05:35:00Z,2026-05-29T04:35:00Z
Y-702062,C-0042062,SLAB-502062,AREA-08,B6,23,2026-05-09T21:42:00Z,2026-05-14T20:42:00Z
Y-702063,C-0042063,SLAB-502063,AREA-09,B7,24,2026-05-10T06:39:00Z,2026-05-30T05:39:00Z
Y-702064,C-0042064,SLAB-502064,AREA-10,B8,25,2026-05-08T16:40:00Z,2026-05-17T15:40:00Z
Y-702065,C-0042065,SLAB-502065,AREA-11,B9,26,2026-05-09T07:38:00Z,2026-05-14T06:38:00Z
Y-702066,C-0042066,SLAB-502066,AREA-12,B1,27,2026-05-08T08:40:00Z,2026-05-10T07:40:00Z
Y-702067,C-0042067,SLAB-502067,AREA-13,B2,28,2026-05-09T20:38:00Z,2026-05-18T19:38:00Z
Y-702068,C-0042068,SLAB-502068,AREA-01,B3,29,2026-05-07T22:06:00Z,2026-05-26T21:06:00Z
Y-702069,C-0042069,SLAB-502069,AREA-02,B4,30,2026-05-09T13:09:00Z,2026-05-11T12:09:00Z
Y-702070,C-0042070,SLAB-502070,AREA-03,B5,31,2026-05-09T07:14:00Z,2026-05-22T06:14:00Z
Y-702071,C-0042071,SLAB-502071,AREA-04,B6,32,2026-05-08T18:08:00Z,2026-05-23T17:08:00Z
Y-702072,C-0042072,SLAB-502072,AREA-05,B7,33,2026-05-08T15:13:00Z,2026-05-11T14:13:00Z
Y-702073,C-0042073,SLAB-502073,AREA-06,B8,34,2026-05-09T04:18:00Z,2026-05-26T03:18:00Z
Y-702074,C-0042074,SLAB-502074,AREA-07,B9,35,2026-05-08T20:14:00Z,2026-05-19T19:14:00Z
Y-702075,C-0042075,SLAB-502075,AREA-08,B1,36,2026-05-09T02:13:00Z,2026-05-18T01:13:00Z
Y-702076,C-0042076,SLAB-502076,AREA-09,B2,37,2026-05-09T05:16:00Z,2026-05-23T04:16:00Z
Y-702077,C-0042077,SLAB-502077,AREA-10,B3,38,2026-05-09T05:15:00Z,2026-05-12T04:15:00Z
Y-702078,C-0042078,SLAB-502078,AREA-11,B4,39,2026-05-08T20:40:00Z,2026-05-12T19:40:00Z
Y-702079,C-0042079,SLAB-502079,AREA-12,B5,40,2026-05-08T09:43:00Z,2026-05-23T08:43:00Z
Y-702080,C-0042080,SLAB-502080,AREA-13,B6,1,2026-05-09T04:42:00Z,2026-05-11T03:42:00Z
Y-702081,C-0042081,SLAB-502081,AREA-01,B7,2,2026-05-10T07:48:00Z,2026-05-25T06:48:00Z
Y-702082,C-0042082,SLAB-502082,AREA-02,B8,3,2026-05-09T10:43:00Z,2026-05-27T09:43:00Z
Y-702083,C-0042083,SLAB-502083,AREA-03,B9,4,2026-05-09T17:39:00Z,2026-05-29T16:39:00Z
Y-702084,C-0042084,SLAB-502084,AREA-04,B1,5,2026-05-08T17:50:00Z,2026-05-23T16:50:00Z
Y-702085,C-0042085,SLAB-502085,AREA-05,B2,6,2026-05-08T13:47:00Z,2026-05-17T12:47:00Z
Y-702086,C-0042086,SLAB-502086,AREA-06,B3,7,2026-05-09T23:42:00Z,2026-05-19T22:42:00Z
Y-702087,C-0042087,SLAB-502087,AREA-07,B4,8,2026-05-09T03:44:00Z,2026-05-26T02:44:00Z
Y-702088,C-0042088,SLAB-502088,AREA-08,B5,9,2026-05-09T03:43:00Z,2026-05-24T02:43:00Z
Y-702089,C-0042089,SLAB-502089,AREA-09,B6,10,2026-05-08T09:46:00Z,2026-05-17T08:46:00Z
Y-702090,C-0042090,SLAB-502090,AREA-10,B7,11,2026-05-09T07:46:00Z,2026-05-18T06:46:00Z
Y-702091,C-0042091,SLAB-502091,AREA-11,B8,12,2026-05-10T12:46:00Z,2026-05-15T11:46:00Z
Y-702092,C-0042092,SLAB-502092,AREA-12,B9,13,2026-05-09T05:41:00Z,2026-05-21T04:41:00Z
Y-702093,C-0042093,SLAB-502093,AREA-13,B1,14,2026-05-09T17:42:00Z,2026-05-26T16:42:00Z
Y-702094,C-0042094,SLAB-502094,AREA-01,B2,15,2026-05-10T01:41:00Z,2026-05-15T00:41:00Z
Y-702095,C-0042095,SLAB-502095,AREA-02,B3,16,2026-05-09T11:45:00Z,2026-05-18T10:45:00Z
Y-702096,C-0042096,SLAB-502096,AREA-03,B4,17,2026-05-09T12:13:00Z,2026-05-17T11:13:00Z
Y-702097,C-0042097,SLAB-502097,AREA-04,B5,18,2026-05-08T12:14:00Z,2026-05-27T11:14:00Z
Y-702098,C-0042098,SLAB-502098,AREA-05,B6,19,2026-05-09T01:20:00Z,2026-05-29T00:20:00Z
Y-702099,C-0042099,SLAB-502099,AREA-06,B7,20,2026-05-08T11:24:00Z,2026-05-14T10:24:00Z
Y-702100,C-0042100,SLAB-502100,AREA-07,B8,21,2026-05-09T13:20:00Z,2026-05-25T12:20:00Z
Y-702101,C-0042101,SLAB-502101,AREA-08,B9,22,2026-05-09T11:17:00Z,2026-05-29T10:17:00Z
Y-702102,C-0042102,SLAB-502102,AREA-09,B1,23,2026-05-09T10:22:00Z,2026-05-13T09:22:00Z
Y-702103,C-0042103,SLAB-502103,AREA-10,B2,24,2026-05-09T00:22:00Z,2026-05-11T23:22:00Z
Y-702104,C-0042104,SLAB-502104,AREA-11,B3,25,2026-05-10T09:19:00Z,2026-05-30T08:19:00Z
Y-702105,C-0042105,SLAB-502105,AREA-12,B4,26,2026-05-09T09:55:00Z,2026-05-12T08:55:00Z
Y-702106,C-0042106,SLAB-502106,AREA-13,B5,27,2026-05-08T09:01:00Z,2026-05-14T08:01:00Z
Y-702107,C-0042107,SLAB-502107,AREA-01,B6,28,2026-05-09T02:56:00Z,2026-05-20T01:56:00Z
Y-702108,C-0042108,SLAB-502108,AREA-02,B7,29,2026-05-10T08:57:00Z,2026-05-27T07:57:00Z
Y-702109,C-0042109,SLAB-502109,AREA-03,B8,30,2026-05-09T13:55:00Z,2026-05-18T12:55:00Z
Y-702110,C-0042110,SLAB-502110,AREA-04,B9,31,2026-05-08T11:57:00Z,2026-05-10T10:57:00Z
Y-702111,C-0042111,SLAB-502111,AREA-05,B1,32,2026-05-09T23:53:00Z,2026-05-20T22:53:00Z
Y-702112,C-0042112,SLAB-502112,AREA-06,B2,33,2026-05-09T01:01:00Z,2026-05-27T00:01:00Z
Y-702113,C-0042113,SLAB-502113,AREA-07,B3,34,2026-05-08T14:58:00Z,2026-05-23T13:58:00Z
Y-702114,C-0042114,SLAB-502114,AREA-08,B4,35,2026-05-09T02:40:00Z,2026-05-13T01:40:00Z
Y-702115,C-0042115,SLAB-502115,AREA-09,B5,36,2026-05-09T10:41:00Z,2026-05-16T09:41:00Z
Y-702116,C-0042116,SLAB-502116,AREA-10,B6,37,2026-05-08T13:37:00Z,2026-05-14T12:37:00Z
Y-702117,C-0042117,SLAB-502117,AREA-11,B7,38,2026-05-09T22:39:00Z,2026-05-25T21:39:00Z
Y-702118,C-0042118,SLAB-502118,AREA-12,B8,39,2026-05-08T08:37:00Z,2026-05-11T07:37:00Z
Y-702119,C-0042119,SLAB-502119,AREA-13,B9,40,2026-05-09T06:36:00Z,2026-05-11T05:36:00Z
Y-702120,C-0042120,SLAB-502120,AREA-01,B1,1,2026-05-09T03:37:00Z,2026-05-19T02:37:00Z
Y-702121,C-0042121,SLAB-502121,AREA-02,B2,2,2026-05-10T13:33:00Z,2026-05-18T12:33:00Z
Y-702122,C-0042122,SLAB-502122,AREA-03,B3,3,2026-05-09T04:24:00Z,2026-05-14T03:24:00Z
Y-702123,C-0042123,SLAB-502123,AREA-04,B4,4,2026-05-09T14:22:00Z,2026-05-16T13:22:00Z
Y-702124,C-0042124,SLAB-502124,AREA-05,B5,5,2026-05-10T08:25:00Z,2026-05-26T07:25:00Z
Y-702125,C-0042125,SLAB-502125,AREA-06,B6,6,2026-05-09T03:27:00Z,2026-05-17T02:27:00Z
Y-702126,C-0042126,SLAB-502126,AREA-07,B7,7,2026-05-09T19:30:00Z,2026-05-22T18:30:00Z
Y-702127,C-0042127,SLAB-502127,AREA-08,B8,8,2026-05-09T09:26:00Z,2026-05-26T08:26:00Z
Y-702128,C-0042128,SLAB-502128,AREA-09,B9,9,2026-05-09T08:31:00Z,2026-05-15T07:31:00Z
Y-702129,C-0042129,SLAB-502129,AREA-10,B1,10,2026-05-10T08:30:00Z,2026-05-30T07:30:00Z
Y-702130,C-0042130,SLAB-502130,AREA-11,B2,11,2026-05-08T17:20:00Z,2026-05-14T16:20:00Z
Y-702131,C-0042131,SLAB-502131,AREA-12,B3,12,2026-05-10T03:19:00Z,2026-05-25T02:19:00Z
Y-702132,C-0042132,SLAB-502132,AREA-13,B4,13,2026-05-10T03:17:00Z,2026-05-14T02:17:00Z
Y-702133,C-0042133,SLAB-502133,AREA-01,B5,14,2026-05-10T05:29:00Z,2026-05-13T04:29:00Z
Y-702134,C-0042134,SLAB-502134,AREA-02,B6,15,2026-05-09T11:26:00Z,2026-05-20T10:26:00Z
Y-702135,C-0042135,SLAB-502135,AREA-03,B7,16,2026-05-09T23:20:00Z,2026-05-28T22:20:00Z
Y-702136,C-0042136,SLAB-502136,AREA-04,B8,17,2026-05-09T09:24:00Z,2026-05-14T08:24:00Z
Y-702137,C-0042137,SLAB-502137,AREA-05,B9,18,2026-05-10T05:21:00Z,2026-05-13T04:21:00Z
Y-702138,C-0042138,SLAB-502138,AREA-06,B1,19,2026-05-10T14:18:00Z,2026-05-25T13:18:00Z
Y-702139,C-0042139,SLAB-502139,AREA-07,B2,20,2026-05-09T13:31:00Z,2026-05-13T12:31:00Z
Y-702140,C-0042140,SLAB-502140,AREA-08,B3,21,2026-05-08T11:43:00Z,2026-05-26T10:43:00Z
Y-702141,C-0042141,SLAB-502141,AREA-09,B4,22,2026-05-09T14:36:00Z,2026-05-16T13:36:00Z
Y-702142,C-0042142,SLAB-502142,AREA-10,B5,23,2026-05-09T17:37:00Z,2026-05-11T16:37:00Z
Y-702143,C-0042143,SLAB-502143,AREA-11,B6,24,2026-05-09T03:37:00Z,2026-05-22T02:37:00Z
Y-702144,C-0042144,SLAB-502144,AREA-12,B7,25,2026-05-10T12:41:00Z,2026-05-16T11:41:00Z
Y-702145,C-0042145,SLAB-502145,AREA-13,B8,26,2026-05-09T03:41:00Z,2026-05-28T02:41:00Z
Y-702146,C-0042146,SLAB-502146,AREA-01,B9,27,2026-05-09T18:36:00Z,2026-05-20T17:36:00Z
Y-702147,C-0042147,SLAB-502147,AREA-02,B1,28,2026-05-10T02:34:00Z,2026-05-25T01:34:00Z
Y-702148,C-0042148,SLAB-502148,AREA-03,B2,29,2026-05-10T14:34:00Z,2026-05-23T13:34:00Z
Y-702149,C-0042149,SLAB-502149,AREA-04,B3,30,2026-05-09T03:38:00Z,2026-05-11T02:38:00Z
Y-702150,C-0042150,SLAB-502150,AREA-05,B4,31,2026-05-08T13:37:00Z,2026-05-25T12:37:00Z
Y-702151,C-0042151,SLAB-502151,AREA-06,B5,32,2026-05-09T22:33:00Z,2026-05-18T21:33:00Z
Y-702152,C-0042152,SLAB-502152,AREA-07,B6,33,2026-05-09T16:39:00Z,2026-05-24T15:39:00Z
Y-702153,C-0042153,SLAB-502153,AREA-08,B7,34,2026-05-09T05:43:00Z,2026-05-27T04:43:00Z
Y-702154,C-0042154,SLAB-502154,AREA-09,B8,35,2026-05-09T00:33:00Z,2026-05-14T23:33:00Z
Y-702155,C-0042155,SLAB-502155,AREA-10,B9,36,2026-05-09T05:42:00Z,2026-05-27T04:42:00Z
Y-702156,C-0042156,SLAB-502156,AREA-11,B1,37,2026-05-09T02:55:00Z,2026-05-18T01:55:00Z
Y-702157,C-0042157,SLAB-502157,AREA-12,B2,38,2026-05-09T01:52:00Z,2026-05-19T00:52:00Z
Y-702158,C-0042158,SLAB-502158,AREA-13,B3,39,2026-05-09T19:54:00Z,2026-05-21T18:54:00Z
Y-702159,C-0042159,SLAB-502159,AREA-01,B4,40,2026-05-10T04:56:00Z,2026-05-15T03:56:00Z
Y-702160,C-0042160,SLAB-502160,AREA-02,B5,1,2026-05-09T17:58:00Z,2026-05-15T16:58:00Z
Y-702161,C-0042161,SLAB-502161,AREA-03,B6,2,2026-05-10T07:53:00Z,2026-05-20T06:53:00Z
Y-702162,C-0042162,SLAB-502162,AREA-04,B7,3,2026-05-10T18:01:00Z,2026-05-24T17:01:00Z
Y-702163,C-0042163,SLAB-502163,AREA-05,B8,4,2026-05-10T15:49:00Z,2026-05-29T14:49:00Z
Y-702164,C-0042164,SLAB-502164,AREA-06,B9,5,2026-05-09T00:59:00Z,2026-05-27T23:59:00Z
Y-702165,C-0042165,SLAB-502165,AREA-07,B1,6,2026-05-09T12:52:00Z,2026-05-17T11:52:00Z
Y-702166,C-0042166,SLAB-502166,AREA-08,B2,7,2026-05-10T05:47:00Z,2026-05-28T04:47:00Z
Y-702167,C-0042167,SLAB-502167,AREA-09,B3,8,2026-05-09T07:48:00Z,2026-05-22T06:48:00Z
Y-702168,C-0042168,SLAB-502168,AREA-10,B4,9,2026-05-10T22:54:00Z,2026-05-21T21:54:00Z
Y-702169,C-0042169,SLAB-502169,AREA-11,B5,10,2026-05-10T17:46:00Z,2026-05-20T16:46:00Z
Y-702170,C-0042170,SLAB-502170,AREA-12,B6,11,2026-05-09T04:43:00Z,2026-05-15T03:43:00Z
Y-702171,C-0042171,SLAB-502171,AREA-13,B7,12,2026-05-10T17:48:00Z,2026-05-28T16:48:00Z
Y-702172,C-0042172,SLAB-502172,AREA-01,B8,13,2026-05-10T03:46:00Z,2026-05-28T02:46:00Z
Y-702173,C-0042173,SLAB-502173,AREA-02,B9,14,2026-05-08T12:52:00Z,2026-05-15T11:52:00Z
Y-702174,C-0042174,SLAB-502174,AREA-03,B1,15,2026-05-09T14:21:00Z,2026-05-25T13:21:00Z
Y-702175,C-0042175,SLAB-502175,AREA-04,B2,16,2026-05-10T01:17:00Z,2026-05-23T00:17:00Z
Y-702176,C-0042176,SLAB-502176,AREA-05,B3,17,2026-05-10T10:26:00Z,2026-05-17T09:26:00Z
Y-702177,C-0042177,SLAB-502177,AREA-06,B4,18,2026-05-08T20:23:00Z,2026-05-21T19:23:00Z
Y-702178,C-0042178,SLAB-502178,AREA-07,B5,19,2026-05-09T13:20:00Z,2026-05-14T12:20:00Z
Y-702179,C-0042179,SLAB-502179,AREA-08,B6,20,2026-05-09T15:20:00Z,2026-05-15T14:20:00Z
Y-702180,C-0042180,SLAB-502180,AREA-09,B7,21,2026-05-09T10:21:00Z,2026-05-11T09:21:00Z
Y-702181,C-0042181,SLAB-502181,AREA-10,B8,22,2026-05-09T21:24:00Z,2026-05-16T20:24:00Z
Y-702182,C-0042182,SLAB-502182,AREA-11,B9,23,2026-05-10T06:21:00Z,2026-05-15T05:21:00Z
Y-702183,C-0042183,SLAB-502183,AREA-12,B1,24,2026-05-08T06:21:00Z,2026-05-21T05:21:00Z
Y-702184,C-0042184,SLAB-502184,AREA-13,B2,25,2026-05-11T02:20:00Z,2026-05-28T01:20:00Z
Y-702185,C-0042185,SLAB-502185,AREA-01,B3,26,2026-05-08T22:55:00Z,2026-05-10T21:55:00Z
Y-702186,C-0042186,SLAB-502186,AREA-02,B4,27,2026-05-10T16:03:00Z,2026-05-26T15:03:00Z
Y-702187,C-0042187,SLAB-502187,AREA-03,B5,28,2026-05-10T02:53:00Z,2026-05-19T01:53:00Z
Y-702188,C-0042188,SLAB-502188,AREA-04,B6,29,2026-05-09T04:01:00Z,2026-05-27T03:01:00Z
Y-702189,C-0042189,SLAB-502189,AREA-05,B7,30,2026-05-09T10:00:00Z,2026-05-13T09:00:00Z
Y-702190,C-0042190,SLAB-502190,AREA-06,B8,31,2026-05-10T12:55:00Z,2026-05-21T11:55:00Z
Y-702191,C-0042191,SLAB-502191,AREA-07,B9,32,2026-05-09T13:07:00Z,2026-05-15T12:07:00Z
Y-702192,C-0042192,SLAB-502192,AREA-08,B1,33,2026-05-10T03:39:00Z,2026-05-19T02:39:00Z
Y-702193,C-0042193,SLAB-502193,AREA-09,B2,34,2026-05-08T22:35:00Z,2026-05-16T21:35:00Z
Y-702194,C-0042194,SLAB-502194,AREA-10,B3,35,2026-05-09T02:38:00Z,2026-05-17T01:38:00Z
Y-702195,C-0042195,SLAB-502195,AREA-11,B4,36,2026-05-08T09:39:00Z,2026-05-28T08:39:00Z
Y-702196,C-0042196,SLAB-502196,AREA-12,B5,37,2026-05-08T07:37:00Z,2026-05-18T06:37:00Z
Y-702197,C-0042197,SLAB-502197,AREA-13,B6,38,2026-05-09T21:34:00Z,2026-05-25T20:34:00Z
Y-702198,C-0042198,SLAB-502198,AREA-01,B7,39,2026-05-09T11:38:00Z,2026-05-20T10:38:00Z
Y-702199,C-0042199,SLAB-502199,AREA-02,B8,40,2026-05-09T13:35:00Z,2026-05-21T12:35:00Z
Y-702200,C-0042200,SLAB-502200,AREA-03,B9,1,2026-05-10T10:39:00Z,2026-05-19T09:39:00Z
Y-702201,C-0042201,SLAB-502201,AREA-04,B1,2,2026-05-09T08:34:00Z,2026-05-18T07:34:00Z
Y-702202,C-0042202,SLAB-502202,AREA-05,B2,3,2026-05-09T23:44:00Z,2026-05-15T22:44:00Z
Y-702203,C-0042203,SLAB-502203,AREA-06,B3,4,2026-05-08T18:43:00Z,2026-05-15T17:43:00Z
Y-702204,C-0042204,SLAB-502204,AREA-07,B4,5,2026-05-10T01:41:00Z,2026-05-26T00:41:00Z
Y-702205,C-0042205,SLAB-502205,AREA-08,B5,6,2026-05-10T20:37:00Z,2026-05-17T19:37:00Z
Y-702206,C-0042206,SLAB-502206,AREA-09,B6,7,2026-05-09T23:44:00Z,2026-05-28T22:44:00Z
Y-702207,C-0042207,SLAB-502207,AREA-10,B7,8,2026-05-10T01:38:00Z,2026-05-16T00:38:00Z
Y-702208,C-0042208,SLAB-502208,AREA-11,B8,9,2026-05-09T12:39:00Z,2026-05-28T11:39:00Z
Y-702209,C-0042209,SLAB-502209,AREA-12,B9,10,2026-05-09T18:10:00Z,2026-05-29T17:10:00Z
Y-702210,C-0042210,SLAB-502210,AREA-13,B1,11,2026-05-09T00:11:00Z,2026-05-14T23:11:00Z
Y-702211,C-0042211,SLAB-502211,AREA-01,B2,12,2026-05-10T09:15:00Z,2026-05-29T08:15:00Z
Y-702212,C-0042212,SLAB-502212,AREA-02,B3,13,2026-05-10T19:08:00Z,2026-05-12T18:08:00Z
Y-702213,C-0042213,SLAB-502213,AREA-03,B4,14,2026-05-10T06:18:00Z,2026-05-18T05:18:00Z
Y-702214,C-0042214,SLAB-502214,AREA-04,B5,15,2026-05-08T23:14:00Z,2026-05-22T22:14:00Z
Y-702215,C-0042215,SLAB-502215,AREA-05,B6,16,2026-05-09T03:15:00Z,2026-05-21T02:15:00Z
Y-702216,C-0042216,SLAB-502216,AREA-06,B7,17,2026-05-09T18:19:00Z,2026-05-26T17:19:00Z
Y-702217,C-0042217,SLAB-502217,AREA-07,B8,18,2026-05-10T06:19:00Z,2026-05-19T05:19:00Z
Y-702218,C-0042218,SLAB-502218,AREA-08,B9,19,2026-05-10T04:16:00Z,2026-05-30T03:16:00Z
Y-702219,C-0042219,SLAB-502219,AREA-09,B1,20,2026-05-09T19:10:00Z,2026-05-16T18:10:00Z
Y-702220,C-0042220,SLAB-502220,AREA-10,B2,21,2026-05-09T10:04:00Z,2026-05-20T09:04:00Z
Y-702221,C-0042221,SLAB-502221,AREA-11,B3,22,2026-05-10T05:06:00Z,2026-05-26T04:06:00Z
Y-702222,C-0042222,SLAB-502222,AREA-12,B4,23,2026-05-09T17:09:00Z,2026-05-24T16:09:00Z
Y-702223,C-0042223,SLAB-502223,AREA-13,B5,24,2026-05-08T23:58:00Z,2026-05-19T22:58:00Z
Y-702224,C-0042224,SLAB-502224,AREA-01,B6,25,2026-05-10T02:10:00Z,2026-05-29T01:10:00Z
Y-702225,C-0042225,SLAB-502225,AREA-02,B7,26,2026-05-10T13:02:00Z,2026-05-15T12:02:00Z
Y-702226,C-0042226,SLAB-502226,AREA-03,B8,27,2026-05-09T10:06:00Z,2026-05-18T09:06:00Z
Y-702227,C-0042227,SLAB-502227,AREA-04,B9,28,2026-05-11T02:08:00Z,2026-05-28T01:08:00Z
Y-702228,C-0042228,SLAB-502228,AREA-05,B1,29,2026-05-10T07:06:00Z,2026-05-20T06:06:00Z
Y-702229,C-0042229,SLAB-502229,AREA-06,B2,30,2026-05-09T20:10:00Z,2026-05-14T19:10:00Z
Y-702230,C-0042230,SLAB-502230,AREA-07,B3,31,2026-05-09T05:09:00Z,2026-05-17T04:09:00Z
Y-702231,C-0042231,SLAB-502231,AREA-08,B4,32,2026-05-09T04:39:00Z,2026-05-13T03:39:00Z
Y-702232,C-0042232,SLAB-502232,AREA-09,B5,33,2026-05-10T13:39:00Z,2026-05-28T12:39:00Z
Y-702233,C-0042233,SLAB-502233,AREA-10,B6,34,2026-05-10T15:44:00Z,2026-05-30T14:44:00Z
Y-702234,C-0042234,SLAB-502234,AREA-11,B7,35,2026-05-09T20:41:00Z,2026-05-16T19:41:00Z
Y-702235,C-0042235,SLAB-502235,AREA-12,B8,36,2026-05-10T07:37:00Z,2026-05-18T06:37:00Z
Y-702236,C-0042236,SLAB-502236,AREA-13,B9,37,2026-05-10T15:41:00Z,2026-05-30T14:41:00Z
Y-702237,C-0042237,SLAB-502237,AREA-01,B1,38,2026-05-10T09:36:00Z,2026-05-30T08:36:00Z
Y-702238,C-0042238,SLAB-502238,AREA-02,B2,39,2026-05-10T09:31:00Z,2026-05-22T08:31:00Z
Y-702239,C-0042239,SLAB-502239,AREA-03,B3,40,2026-05-10T03:26:00Z,2026-05-28T02:26:00Z
Y-702240,C-0042240,SLAB-502240,AREA-04,B4,1,2026-05-08T23:32:00Z,2026-05-17T22:32:00Z
Y-702241,C-0042241,SLAB-502241,AREA-05,B5,2,2026-05-10T17:29:00Z,2026-05-26T16:29:00Z
Y-702242,C-0042242,SLAB-502242,AREA-06,B6,3,2026-05-10T16:30:00Z,2026-05-29T15:30:00Z
Y-702243,C-0042243,SLAB-502243,AREA-07,B7,4,2026-05-10T10:31:00Z,2026-05-13T09:31:00Z
Y-702244,C-0042244,SLAB-502244,AREA-08,B8,5,2026-05-09T01:25:00Z,2026-05-19T00:25:00Z
Y-702245,C-0042245,SLAB-502245,AREA-09,B9,6,2026-05-09T09:36:00Z,2026-05-19T08:36:00Z
Y-702246,C-0042246,SLAB-502246,AREA-10,B1,7,2026-05-09T19:45:00Z,2026-05-24T18:45:00Z
Y-702247,C-0042247,SLAB-502247,AREA-11,B2,8,2026-05-10T09:40:00Z,2026-05-20T08:40:00Z
Y-702248,C-0042248,SLAB-502248,AREA-12,B3,9,2026-05-08T20:39:00Z,2026-05-12T19:39:00Z
Y-702249,C-0042249,SLAB-502249,AREA-13,B4,10,2026-05-10T02:36:00Z,2026-05-26T01:36:00Z
Y-702250,C-0042250,SLAB-502250,AREA-01,B5,11,2026-05-10T17:39:00Z,2026-05-28T16:39:00Z
Y-702251,C-0042251,SLAB-502251,AREA-02,B6,12,2026-05-09T04:39:00Z,2026-05-19T03:39:00Z
Y-702252,C-0042252,SLAB-502252,AREA-03,B7,13,2026-05-10T18:20:00Z,2026-05-28T17:20:00Z
Y-702253,C-0042253,SLAB-502253,AREA-04,B8,14,2026-05-10T03:28:00Z,2026-05-14T02:28:00Z
Y-702254,C-0042254,SLAB-502254,AREA-05,B9,15,2026-05-08T21:20:00Z,2026-05-28T20:20:00Z
Y-702255,C-0042255,SLAB-502255,AREA-06,B1,16,2026-05-09T17:21:00Z,2026-05-27T16:21:00Z
Y-702256,C-0042256,SLAB-502256,AREA-07,B2,17,2026-05-08T16:25:00Z,2026-05-26T15:25:00Z
Y-702257,C-0042257,SLAB-502257,AREA-08,B3,18,2026-05-09T09:31:00Z,2026-05-22T08:31:00Z
Y-702258,C-0042258,SLAB-502258,AREA-09,B4,19,2026-05-10T13:20:00Z,2026-05-28T12:20:00Z
Y-702259,C-0042259,SLAB-502259,AREA-10,B5,20,2026-05-10T13:20:00Z,2026-05-17T12:20:00Z
Y-702260,C-0042260,SLAB-502260,AREA-11,B6,21,2026-05-09T13:30:00Z,2026-05-22T12:30:00Z
Y-702261,C-0042261,SLAB-502261,AREA-12,B7,22,2026-05-10T19:19:00Z,2026-05-29T18:19:00Z
Y-702262,C-0042262,SLAB-502262,AREA-13,B8,23,2026-05-10T01:25:00Z,2026-05-21T00:25:00Z
Y-702263,C-0042263,SLAB-502263,AREA-01,B9,24,2026-05-08T21:26:00Z,2026-05-26T20:26:00Z
Y-702264,C-0042264,SLAB-502264,AREA-02,B1,25,2026-05-10T01:24:00Z,2026-05-12T00:24:00Z
Y-702265,C-0042265,SLAB-502265,AREA-03,B2,26,2026-05-10T04:29:00Z,2026-05-28T03:29:00Z
Y-702266,C-0042266,SLAB-502266,AREA-04,B3,27,2026-05-11T06:25:00Z,2026-05-15T05:25:00Z
Y-702267,C-0042267,SLAB-502267,AREA-05,B4,28,2026-05-09T22:26:00Z,2026-05-28T21:26:00Z
Y-702268,C-0042268,SLAB-502268,AREA-06,B5,29,2026-05-09T19:19:00Z,2026-05-16T18:19:00Z
Y-702269,C-0042269,SLAB-502269,AREA-07,B6,30,2026-05-09T19:19:00Z,2026-05-19T18:19:00Z
Y-702270,C-0042270,SLAB-502270,AREA-08,B7,31,2026-05-08T15:54:00Z,2026-05-12T14:54:00Z
Y-702271,C-0042271,SLAB-502271,AREA-09,B8,32,2026-05-09T05:54:00Z,2026-05-15T04:54:00Z
Y-702272,C-0042272,SLAB-502272,AREA-10,B9,33,2026-05-09T14:00:00Z,2026-05-25T13:00:00Z
Y-702273,C-0042273,SLAB-502273,AREA-11,B1,34,2026-05-11T06:49:00Z,2026-05-26T05:49:00Z
Y-702274,C-0042274,SLAB-502274,AREA-12,B2,35,2026-05-09T23:56:00Z,2026-05-23T22:56:00Z
Y-702275,C-0042275,SLAB-502275,AREA-13,B3,36,2026-05-10T13:49:00Z,2026-05-29T12:49:00Z
Y-702276,C-0042276,SLAB-502276,AREA-01,B4,37,2026-05-08T15:54:00Z,2026-05-23T14:54:00Z
Y-702277,C-0042277,SLAB-502277,AREA-02,B5,38,2026-05-09T08:55:00Z,2026-05-20T07:55:00Z
Y-702278,C-0042278,SLAB-502278,AREA-03,B6,39,2026-05-09T11:51:00Z,2026-05-14T10:51:00Z
Y-702279,C-0042279,SLAB-502279,AREA-04,B7,40,2026-05-10T04:57:00Z,2026-05-12T03:57:00Z
Y-702280,C-0042280,SLAB-502280,AREA-05,B8,1,2026-05-10T03:56:00Z,2026-05-20T02:56:00Z
Y-702281,C-0042281,SLAB-502281,AREA-06,B9,2,2026-05-10T11:46:00Z,2026-05-24T10:46:00Z
Y-702282,C-0042282,SLAB-502282,AREA-07,B1,3,2026-05-09T21:55:00Z,2026-05-27T20:55:00Z
Y-702283,C-0042283,SLAB-502283,AREA-08,B2,4,2026-05-10T07:45:00Z,2026-05-18T06:45:00Z
Y-702284,C-0042284,SLAB-502284,AREA-09,B3,5,2026-05-09T12:52:00Z,2026-05-12T11:52:00Z
Y-702285,C-0042285,SLAB-502285,AREA-10,B4,6,2026-05-09T10:51:00Z,2026-05-13T09:51:00Z
Y-702286,C-0042286,SLAB-502286,AREA-11,B5,7,2026-05-09T02:51:00Z,2026-05-11T01:51:00Z
Y-702287,C-0042287,SLAB-502287,AREA-12,B6,8,2026-05-10T20:49:00Z,2026-05-17T19:49:00Z
Y-702288,C-0042288,SLAB-502288,AREA-13,B7,9,2026-05-10T03:54:00Z,2026-05-15T02:54:00Z
Y-702289,C-0042289,SLAB-502289,AREA-01,B8,10,2026-05-09T13:49:00Z,2026-05-11T12:49:00Z
Y-702290,C-0042290,SLAB-502290,AREA-02,B9,11,2026-05-09T22:48:00Z,2026-05-21T21:48:00Z
Y-702291,C-0042291,SLAB-502291,AREA-03,B1,12,2026-05-10T09:52:00Z,2026-05-21T08:52:00Z
Y-702292,C-0042292,SLAB-502292,AREA-04,B2,13,2026-05-09T13:37:00Z,2026-05-19T12:37:00Z
Y-702293,C-0042293,SLAB-502293,AREA-05,B3,14,2026-05-11T08:35:00Z,2026-05-26T07:35:00Z
Y-702294,C-0042294,SLAB-502294,AREA-06,B4,15,2026-05-08T20:26:00Z,2026-05-22T19:26:00Z
Y-702295,C-0042295,SLAB-502295,AREA-07,B5,16,2026-05-09T23:33:00Z,2026-05-11T22:33:00Z
Y-702296,C-0042296,SLAB-502296,AREA-08,B6,17,2026-05-09T10:30:00Z,2026-05-12T09:30:00Z
Y-702297,C-0042297,SLAB-502297,AREA-09,B7,18,2026-05-09T13:30:00Z,2026-05-23T12:30:00Z
Y-702298,C-0042298,SLAB-502298,AREA-10,B8,19,2026-05-10T16:30:00Z,2026-05-22T15:30:00Z
Y-702299,C-0042299,SLAB-502299,AREA-11,B9,20,2026-05-09T19:37:00Z,2026-05-25T18:37:00Z
Y-702300,C-0042300,SLAB-502300,AREA-12,B1,21,2026-05-09T04:32:00Z,2026-05-15T03:32:00Z
Y-702301,C-0042301,SLAB-502301,AREA-13,B2,22,2026-05-10T21:31:00Z,2026-05-26T20:31:00Z
Y-702302,C-0042302,SLAB-502302,AREA-01,B3,23,2026-05-09T16:29:00Z,2026-05-12T15:29:00Z
Y-702303,C-0042303,SLAB-502303,AREA-02,B4,24,2026-05-10T02:15:00Z,2026-05-24T01:15:00Z
Y-702304,C-0042304,SLAB-502304,AREA-03,B5,25,2026-05-10T12:19:00Z,2026-05-30T11:19:00Z
Y-702305,C-0042305,SLAB-502305,AREA-04,B6,26,2026-05-10T11:18:00Z,2026-05-19T10:18:00Z
Y-702306,C-0042306,SLAB-502306,AREA-05,B7,27,2026-05-10T02:17:00Z,2026-05-20T01:17:00Z
Y-702307,C-0042307,SLAB-502307,AREA-06,B8,28,2026-05-10T03:11:00Z,2026-05-24T02:11:00Z
Y-702308,C-0042308,SLAB-502308,AREA-07,B9,29,2026-05-10T09:14:00Z,2026-05-12T08:14:00Z
Y-702309,C-0042309,SLAB-502309,AREA-08,B1,30,2026-05-10T05:15:00Z,2026-05-23T04:15:00Z
Y-702310,C-0042310,SLAB-502310,AREA-09,B2,31,2026-05-09T06:16:00Z,2026-05-20T05:16:00Z
Y-702311,C-0042311,SLAB-502311,AREA-10,B3,32,2026-05-08T21:15:00Z,2026-05-13T20:15:00Z
Y-702312,C-0042312,SLAB-502312,AREA-11,B4,33,2026-05-09T16:14:00Z,2026-05-13T15:14:00Z
Y-702313,C-0042313,SLAB-502313,AREA-12,B5,34,2026-05-09T21:37:00Z,2026-05-19T20:37:00Z
Y-702314,C-0042314,SLAB-502314,AREA-13,B6,35,2026-05-09T18:44:00Z,2026-05-20T17:44:00Z
Y-702315,C-0042315,SLAB-502315,AREA-01,B7,36,2026-05-09T04:41:00Z,2026-05-29T03:41:00Z
Y-702316,C-0042316,SLAB-502316,AREA-02,B8,37,2026-05-09T03:39:00Z,2026-05-26T02:39:00Z
Y-702317,C-0042317,SLAB-502317,AREA-03,B9,38,2026-05-09T19:42:00Z,2026-05-19T18:42:00Z
Y-702318,C-0042318,SLAB-502318,AREA-04,B1,39,2026-05-11T03:39:00Z,2026-05-24T02:39:00Z
Y-702319,C-0042319,SLAB-502319,AREA-05,B2,40,2026-05-08T20:37:00Z,2026-05-27T19:37:00Z
Y-702320,C-0042320,SLAB-502320,AREA-06,B3,1,2026-05-08T23:14:00Z,2026-05-26T22:14:00Z
Y-702321,C-0042321,SLAB-502321,AREA-07,B4,2,2026-05-11T04:13:00Z,2026-05-24T03:13:00Z
Y-702322,C-0042322,SLAB-502322,AREA-08,B5,3,2026-05-10T10:17:00Z,2026-05-22T09:17:00Z
Y-702323,C-0042323,SLAB-502323,AREA-09,B6,4,2026-05-10T13:19:00Z,2026-05-21T12:19:00Z
Y-702324,C-0042324,SLAB-502324,AREA-10,B7,5,2026-05-09T19:15:00Z,2026-05-29T18:15:00Z
Y-702325,C-0042325,SLAB-502325,AREA-11,B8,6,2026-05-09T14:22:00Z,2026-05-28T13:22:00Z
Y-702326,C-0042326,SLAB-502326,AREA-12,B9,7,2026-05-11T01:24:00Z,2026-05-21T00:24:00Z
Y-702327,C-0042327,SLAB-502327,AREA-13,B1,8,2026-05-09T12:00:00Z,2026-05-23T11:00:00Z
Y-702328,C-0042328,SLAB-502328,AREA-01,B2,9,2026-05-09T23:07:00Z,2026-05-24T22:07:00Z
Y-702329,C-0042329,SLAB-502329,AREA-02,B3,10,2026-05-10T17:03:00Z,2026-05-13T16:03:00Z
Y-702330,C-0042330,SLAB-502330,AREA-03,B4,11,2026-05-08T23:09:00Z,2026-05-26T22:09:00Z
Y-702331,C-0042331,SLAB-502331,AREA-04,B5,12,2026-05-10T03:06:00Z,2026-05-13T02:06:00Z
Y-702332,C-0042332,SLAB-502332,AREA-05,B6,13,2026-05-08T17:07:00Z,2026-05-19T16:07:00Z
Y-702333,C-0042333,SLAB-502333,AREA-06,B7,14,2026-05-10T06:10:00Z,2026-05-28T05:10:00Z
Y-702334,C-0042334,SLAB-502334,AREA-07,B8,15,2026-05-09T08:08:00Z,2026-05-18T07:08:00Z
Y-702335,C-0042335,SLAB-502335,AREA-08,B9,16,2026-05-10T16:06:00Z,2026-05-28T15:06:00Z
Y-702336,C-0042336,SLAB-502336,AREA-09,B1,17,2026-05-09T07:01:00Z,2026-05-28T06:01:00Z
Y-702337,C-0042337,SLAB-502337,AREA-10,B2,18,2026-05-10T02:13:00Z,2026-05-17T01:13:00Z
Y-702338,C-0042338,SLAB-502338,AREA-11,B3,19,2026-05-10T06:08:00Z,2026-05-25T05:08:00Z
Y-702339,C-0042339,SLAB-502339,AREA-12,B4,20,2026-05-08T22:10:00Z,2026-05-14T21:10:00Z
Y-702340,C-0042340,SLAB-502340,AREA-13,B5,21,2026-05-11T08:08:00Z,2026-05-26T07:08:00Z
Y-702341,C-0042341,SLAB-502341,AREA-01,B6,22,2026-05-09T18:11:00Z,2026-05-22T17:11:00Z
Y-702342,C-0042342,SLAB-502342,AREA-02,B7,23,2026-05-08T19:05:00Z,2026-05-12T18:05:00Z
Y-702343,C-0042343,SLAB-502343,AREA-03,B8,24,2026-05-09T19:07:00Z,2026-05-19T18:07:00Z
Y-702344,C-0042344,SLAB-502344,AREA-04,B9,25,2026-05-09T18:13:00Z,2026-05-25T17:13:00Z
Y-702345,C-0042345,SLAB-502345,AREA-05,B1,26,2026-05-10T19:10:00Z,2026-05-27T18:10:00Z
Y-702346,C-0042346,SLAB-502346,AREA-06,B2,27,2026-05-10T18:07:00Z,2026-05-28T17:07:00Z
Y-702347,C-0042347,SLAB-502347,AREA-07,B3,28,2026-05-10T09:34:00Z,2026-05-13T08:34:00Z
Y-702348,C-0042348,SLAB-502348,AREA-08,B4,29,2026-05-10T07:33:00Z,2026-05-12T06:33:00Z
Y-702349,C-0042349,SLAB-502349,AREA-09,B5,30,2026-05-09T12:27:00Z,2026-05-12T11:27:00Z
Y-702350,C-0042350,SLAB-502350,AREA-10,B6,31,2026-05-09T21:34:00Z,2026-05-24T20:34:00Z
Y-702351,C-0042351,SLAB-502351,AREA-11,B7,32,2026-05-10T11:31:00Z,2026-05-25T10:31:00Z
Y-702352,C-0042352,SLAB-502352,AREA-12,B8,33,2026-05-11T04:29:00Z,2026-05-25T03:29:00Z
Y-702353,C-0042353,SLAB-502353,AREA-13,B9,34,2026-05-09T23:33:00Z,2026-05-24T22:33:00Z
Y-702354,C-0042354,SLAB-502354,AREA-01,B1,35,2026-05-09T08:32:00Z,2026-05-11T07:32:00Z
Y-702355,C-0042355,SLAB-502355,AREA-02,B2,36,2026-05-10T01:29:00Z,2026-05-30T00:29:00Z
Y-702356,C-0042356,SLAB-502356,AREA-03,B3,37,2026-05-10T21:31:00Z,2026-05-26T20:31:00Z
Y-702357,C-0042357,SLAB-502357,AREA-04,B4,38,2026-05-10T23:26:00Z,2026-05-20T22:26:00Z
Y-702358,C-0042358,SLAB-502358,AREA-05,B5,39,2026-05-09T12:55:00Z,2026-05-12T11:55:00Z
Y-702359,C-0042359,SLAB-502359,AREA-06,B6,40,2026-05-09T06:50:00Z,2026-05-20T05:50:00Z
Y-702360,C-0042360,SLAB-502360,AREA-07,B7,1,2026-05-09T12:51:00Z,2026-05-18T11:51:00Z
Y-702361,C-0042361,SLAB-502361,AREA-08,B8,2,2026-05-10T22:56:00Z,2026-05-25T21:56:00Z
Y-702362,C-0042362,SLAB-502362,AREA-09,B9,3,2026-05-09T23:00:00Z,2026-05-28T22:00:00Z
Y-702363,C-0042363,SLAB-502363,AREA-10,B1,4,2026-05-11T12:55:00Z,2026-05-21T11:55:00Z
Y-702364,C-0042364,SLAB-502364,AREA-11,B2,5,2026-05-10T03:58:00Z,2026-05-24T02:58:00Z
Y-702365,C-0042365,SLAB-502365,AREA-12,B3,6,2026-05-10T13:52:00Z,2026-05-24T12:52:00Z
Y-702366,C-0042366,SLAB-502366,AREA-13,B4,7,2026-05-10T16:56:00Z,2026-05-13T15:56:00Z
Y-702367,C-0042367,SLAB-502367,AREA-01,B5,8,2026-05-10T14:54:00Z,2026-05-22T13:54:00Z
Y-702368,C-0042368,SLAB-502368,AREA-02,B6,9,2026-05-09T22:52:00Z,2026-05-29T21:52:00Z
Y-702369,C-0042369,SLAB-502369,AREA-03,B7,10,2026-05-09T13:45:00Z,2026-05-15T12:45:00Z
Y-702370,C-0042370,SLAB-502370,AREA-04,B8,11,2026-05-09T13:54:00Z,2026-05-25T12:54:00Z
Y-702371,C-0042371,SLAB-502371,AREA-05,B9,12,2026-05-09T17:51:00Z,2026-05-13T16:51:00Z
Y-702372,C-0042372,SLAB-502372,AREA-06,B1,13,2026-05-10T01:52:00Z,2026-05-21T00:52:00Z
Y-702373,C-0042373,SLAB-502373,AREA-07,B2,14,2026-05-09T00:55:00Z,2026-05-14T23:55:00Z
Y-702374,C-0042374,SLAB-502374,AREA-08,B3,15,2026-05-10T14:48:00Z,2026-05-21T13:48:00Z
Y-702375,C-0042375,SLAB-502375,AREA-09,B4,16,2026-05-09T07:49:00Z,2026-05-17T06:49:00Z
Y-702376,C-0042376,SLAB-502376,AREA-10,B5,17,2026-05-10T05:50:00Z,2026-05-17T04:50:00Z
Y-702377,C-0042377,SLAB-502377,AREA-11,B6,18,2026-05-09T14:53:00Z,2026-05-22T13:53:00Z
Y-702378,C-0042378,SLAB-502378,AREA-12,B7,19,2026-05-11T01:53:00Z,2026-05-19T00:53:00Z
Y-702379,C-0042379,SLAB-502379,AREA-13,B8,20,2026-05-10T06:37:00Z,2026-05-24T05:37:00Z
Y-702380,C-0042380,SLAB-502380,AREA-01,B9,21,2026-05-10T17:33:00Z,2026-05-14T16:33:00Z
Y-702381,C-0042381,SLAB-502381,AREA-02,B1,22,2026-05-10T16:36:00Z,2026-05-15T15:36:00Z
Y-702382,C-0042382,SLAB-502382,AREA-03,B2,23,2026-05-11T15:27:00Z,2026-05-23T14:27:00Z
Y-702383,C-0042383,SLAB-502383,AREA-04,B3,24,2026-05-10T01:36:00Z,2026-05-16T00:36:00Z
Y-702384,C-0042384,SLAB-502384,AREA-05,B4,25,2026-05-10T02:32:00Z,2026-05-22T01:32:00Z
Y-702385,C-0042385,SLAB-502385,AREA-06,B5,26,2026-05-10T04:36:00Z,2026-05-17T03:36:00Z
Y-702386,C-0042386,SLAB-502386,AREA-07,B6,27,2026-05-10T00:36:00Z,2026-05-11T23:36:00Z
Y-702387,C-0042387,SLAB-502387,AREA-08,B7,28,2026-05-10T06:26:00Z,2026-05-27T05:26:00Z
Y-702388,C-0042388,SLAB-502388,AREA-09,B8,29,2026-05-10T11:26:00Z,2026-05-19T10:26:00Z
Y-702389,C-0042389,SLAB-502389,AREA-10,B9,30,2026-05-11T06:58:00Z,2026-05-20T05:58:00Z
Y-702390,C-0042390,SLAB-502390,AREA-11,B1,31,2026-05-11T07:58:00Z,2026-05-26T06:58:00Z
Y-702391,C-0042391,SLAB-502391,AREA-12,B2,32,2026-05-10T23:01:00Z,2026-05-12T22:01:00Z
Y-702392,C-0042392,SLAB-502392,AREA-13,B3,33,2026-05-10T21:55:00Z,2026-05-26T20:55:00Z
Y-702393,C-0042393,SLAB-502393,AREA-01,B4,34,2026-05-09T11:54:00Z,2026-05-27T10:54:00Z
Y-702394,C-0042394,SLAB-502394,AREA-02,B5,35,2026-05-10T12:51:00Z,2026-05-29T11:51:00Z
Y-702395,C-0042395,SLAB-502395,AREA-03,B6,36,2026-05-10T09:57:00Z,2026-05-21T08:57:00Z
Y-702396,C-0042396,SLAB-502396,AREA-04,B7,37,2026-05-09T15:57:00Z,2026-05-14T14:57:00Z
Y-702397,C-0042397,SLAB-502397,AREA-05,B8,38,2026-05-10T02:02:00Z,2026-05-28T01:02:00Z
Y-702398,C-0042398,SLAB-502398,AREA-06,B9,39,2026-05-10T14:47:00Z,2026-05-15T13:47:00Z
Y-702399,C-0042399,SLAB-502399,AREA-07,B1,40,2026-05-09T20:47:00Z,2026-05-13T19:47:00Z
Y-702400,C-0042400,SLAB-502400,AREA-08,B2,1,2026-05-11T12:50:00Z,2026-05-31T11:50:00Z
Y-702401,C-0042401,SLAB-502401,AREA-09,B3,2,2026-05-09T11:51:00Z,2026-05-15T10:51:00Z
Y-702402,C-0042402,SLAB-502402,AREA-10,B4,3,2026-05-10T22:51:00Z,2026-05-17T21:51:00Z
Y-702403,C-0042403,SLAB-502403,AREA-11,B5,4,2026-05-09T18:48:00Z,2026-05-18T17:48:00Z
Y-702404,C-0042404,SLAB-502404,AREA-12,B6,5,2026-05-09T11:47:00Z,2026-05-19T10:47:00Z
Y-702405,C-0042405,SLAB-502405,AREA-13,B7,6,2026-05-09T06:52:00Z,2026-05-11T05:52:00Z
Y-702406,C-0042406,SLAB-502406,AREA-01,B8,7,2026-05-09T11:30:00Z,2026-05-21T10:30:00Z
Y-702407,C-0042407,SLAB-502407,AREA-02,B9,8,2026-05-11T13:28:00Z,2026-05-27T12:28:00Z
Y-702408,C-0042408,SLAB-502408,AREA-03,B1,9,2026-05-10T14:32:00Z,2026-05-30T13:32:00Z
Y-702409,C-0042409,SLAB-502409,AREA-04,B2,10,2026-05-10T22:30:00Z,2026-05-15T21:30:00Z
Y-702410,C-0042410,SLAB-502410,AREA-05,B3,11,2026-05-10T07:33:00Z,2026-05-18T06:33:00Z
Y-702411,C-0042411,SLAB-502411,AREA-06,B4,12,2026-05-11T16:27:00Z,2026-05-28T15:27:00Z
Y-702412,C-0042412,SLAB-502412,AREA-07,B5,13,2026-05-10T07:24:00Z,2026-05-20T06:24:00Z
Y-702413,C-0042413,SLAB-502413,AREA-08,B6,14,2026-05-10T20:38:00Z,2026-05-21T19:38:00Z
Y-702414,C-0042414,SLAB-502414,AREA-09,B7,15,2026-05-09T21:54:00Z,2026-05-16T20:54:00Z
Y-702415,C-0042415,SLAB-502415,AREA-10,B8,16,2026-05-10T14:01:00Z,2026-05-17T13:01:00Z
Y-702416,C-0042416,SLAB-502416,AREA-11,B9,17,2026-05-10T11:49:00Z,2026-05-28T10:49:00Z
Y-702417,C-0042417,SLAB-502417,AREA-12,B1,18,2026-05-10T08:54:00Z,2026-05-24T07:54:00Z
Y-702418,C-0042418,SLAB-502418,AREA-13,B2,19,2026-05-11T04:56:00Z,2026-05-28T03:56:00Z
Y-702419,C-0042419,SLAB-502419,AREA-01,B3,20,2026-05-10T20:58:00Z,2026-05-25T19:58:00Z
Y-702420,C-0042420,SLAB-502420,AREA-02,B4,21,2026-05-10T21:49:00Z,2026-05-20T20:49:00Z
Y-702421,C-0042421,SLAB-502421,AREA-03,B5,22,2026-05-09T00:54:00Z,2026-05-21T23:54:00Z
Y-702422,C-0042422,SLAB-502422,AREA-04,B6,23,2026-05-10T16:02:00Z,2026-05-18T15:02:00Z
Y-702423,C-0042423,SLAB-502423,AREA-05,B7,24,2026-05-10T22:56:00Z,2026-05-13T21:56:00Z
Y-702424,C-0042424,SLAB-502424,AREA-06,B8,25,2026-05-10T13:57:00Z,2026-05-17T12:57:00Z
Y-702425,C-0042425,SLAB-502425,AREA-07,B9,26,2026-05-10T06:04:00Z,2026-05-17T05:04:00Z
Y-702426,C-0042426,SLAB-502426,AREA-08,B1,27,2026-05-10T21:56:00Z,2026-05-22T20:56:00Z
Y-702427,C-0042427,SLAB-502427,AREA-09,B2,28,2026-05-09T06:05:00Z,2026-05-27T05:05:00Z
Y-702428,C-0042428,SLAB-502428,AREA-10,B3,29,2026-05-10T02:57:00Z,2026-05-22T01:57:00Z
Y-702429,C-0042429,SLAB-502429,AREA-11,B4,30,2026-05-11T07:01:00Z,2026-05-31T06:01:00Z
Y-702430,C-0042430,SLAB-502430,AREA-12,B5,31,2026-05-10T19:01:00Z,2026-05-29T18:01:00Z
Y-702431,C-0042431,SLAB-502431,AREA-13,B6,32,2026-05-09T14:56:00Z,2026-05-19T13:56:00Z
Y-702432,C-0042432,SLAB-502432,AREA-01,B7,33,2026-05-10T18:28:00Z,2026-05-21T17:28:00Z
Y-702433,C-0042433,SLAB-502433,AREA-02,B8,34,2026-05-10T09:39:00Z,2026-05-14T08:39:00Z
Y-702434,C-0042434,SLAB-502434,AREA-03,B9,35,2026-05-10T20:36:00Z,2026-05-19T19:36:00Z
Y-702435,C-0042435,SLAB-502435,AREA-04,B1,36,2026-05-11T12:38:00Z,2026-05-22T11:38:00Z
Y-702436,C-0042436,SLAB-502436,AREA-05,B2,37,2026-05-11T08:28:00Z,2026-05-17T07:28:00Z
Y-702437,C-0042437,SLAB-502437,AREA-06,B3,38,2026-05-11T15:29:00Z,2026-05-19T14:29:00Z
Y-702438,C-0042438,SLAB-502438,AREA-07,B4,39,2026-05-11T03:29:00Z,2026-05-24T02:29:00Z
Y-702439,C-0042439,SLAB-502439,AREA-08,B5,40,2026-05-09T20:31:00Z,2026-05-16T19:31:00Z
Y-702440,C-0042440,SLAB-502440,AREA-09,B6,1,2026-05-10T15:34:00Z,2026-05-26T14:34:00Z
Y-702441,C-0042441,SLAB-502441,AREA-10,B7,2,2026-05-09T03:35:00Z,2026-05-27T02:35:00Z
Y-702442,C-0042442,SLAB-502442,AREA-11,B8,3,2026-05-10T00:35:00Z,2026-05-12T23:35:00Z
Y-702443,C-0042443,SLAB-502443,AREA-12,B9,4,2026-05-10T23:10:00Z,2026-05-26T22:10:00Z
Y-702444,C-0042444,SLAB-502444,AREA-13,B1,5,2026-05-10T21:15:00Z,2026-05-29T20:15:00Z
Y-702445,C-0042445,SLAB-502445,AREA-01,B2,6,2026-05-10T23:18:00Z,2026-05-25T22:18:00Z
Y-702446,C-0042446,SLAB-502446,AREA-02,B3,7,2026-05-09T21:15:00Z,2026-05-20T20:15:00Z
Y-702447,C-0042447,SLAB-502447,AREA-03,B4,8,2026-05-09T03:19:00Z,2026-05-29T02:19:00Z
Y-702448,C-0042448,SLAB-502448,AREA-04,B5,9,2026-05-09T09:16:00Z,2026-05-29T08:16:00Z
Y-702449,C-0042449,SLAB-502449,AREA-05,B6,10,2026-05-11T16:12:00Z,2026-05-23T15:12:00Z
Y-702450,C-0042450,SLAB-502450,AREA-06,B7,11,2026-05-10T20:13:00Z,2026-05-21T19:13:00Z
Y-702451,C-0042451,SLAB-502451,AREA-07,B8,12,2026-05-09T20:58:00Z,2026-05-22T19:58:00Z
Y-702452,C-0042452,SLAB-502452,AREA-08,B9,13,2026-05-09T15:59:00Z,2026-05-15T14:59:00Z
Y-702453,C-0042453,SLAB-502453,AREA-09,B1,14,2026-05-09T11:05:00Z,2026-05-19T10:05:00Z
Y-702454,C-0042454,SLAB-502454,AREA-10,B2,15,2026-05-10T09:05:00Z,2026-05-29T08:05:00Z
Y-702455,C-0042455,SLAB-502455,AREA-11,B3,16,2026-05-11T05:04:00Z,2026-05-27T04:04:00Z
Y-702456,C-0042456,SLAB-502456,AREA-12,B4,17,2026-05-11T16:07:00Z,2026-05-15T15:07:00Z
Y-702457,C-0042457,SLAB-502457,AREA-13,B5,18,2026-05-10T20:02:00Z,2026-05-24T19:02:00Z
Y-702458,C-0042458,SLAB-502458,AREA-01,B6,19,2026-05-10T23:05:00Z,2026-05-26T22:05:00Z
Y-702459,C-0042459,SLAB-502459,AREA-02,B7,20,2026-05-10T02:07:00Z,2026-05-17T01:07:00Z
Y-702460,C-0042460,SLAB-502460,AREA-03,B8,21,2026-05-10T07:03:00Z,2026-05-18T06:03:00Z
Y-702461,C-0042461,SLAB-502461,AREA-04,B9,22,2026-05-10T20:07:00Z,2026-05-30T19:07:00Z
Y-702462,C-0042462,SLAB-502462,AREA-05,B1,23,2026-05-09T10:02:00Z,2026-05-23T09:02:00Z
Y-702463,C-0042463,SLAB-502463,AREA-06,B2,24,2026-05-10T16:06:00Z,2026-05-19T15:06:00Z
Y-702464,C-0042464,SLAB-502464,AREA-07,B3,25,2026-05-11T05:11:00Z,2026-05-14T04:11:00Z
Y-702465,C-0042465,SLAB-502465,AREA-08,B4,26,2026-05-11T03:07:00Z,2026-05-26T02:07:00Z
Y-702466,C-0042466,SLAB-502466,AREA-09,B5,27,2026-05-10T01:11:00Z,2026-05-20T00:11:00Z
Y-702467,C-0042467,SLAB-502467,AREA-10,B6,28,2026-05-10T19:21:00Z,2026-05-23T18:21:00Z
Y-702468,C-0042468,SLAB-502468,AREA-11,B7,29,2026-05-10T12:15:00Z,2026-05-26T11:15:00Z
Y-702469,C-0042469,SLAB-502469,AREA-12,B8,30,2026-05-10T14:18:00Z,2026-05-17T13:18:00Z
Y-702470,C-0042470,SLAB-502470,AREA-13,B9,31,2026-05-09T17:18:00Z,2026-05-12T16:18:00Z
Y-702471,C-0042471,SLAB-502471,AREA-01,B1,32,2026-05-10T23:12:00Z,2026-05-29T22:12:00Z
Y-702472,C-0042472,SLAB-502472,AREA-02,B2,33,2026-05-11T11:17:00Z,2026-05-23T10:17:00Z
Y-702473,C-0042473,SLAB-502473,AREA-03,B3,34,2026-05-11T08:23:00Z,2026-05-16T07:23:00Z
Y-702474,C-0042474,SLAB-502474,AREA-04,B4,35,2026-05-10T12:14:00Z,2026-05-12T11:14:00Z
Y-702475,C-0042475,SLAB-502475,AREA-05,B5,36,2026-05-10T22:11:00Z,2026-05-30T21:11:00Z
Y-702476,C-0042476,SLAB-502476,AREA-06,B6,37,2026-05-10T11:15:00Z,2026-05-20T10:15:00Z
Y-702477,C-0042477,SLAB-502477,AREA-07,B7,38,2026-05-11T06:17:00Z,2026-05-15T05:17:00Z
Y-702478,C-0042478,SLAB-502478,AREA-08,B8,39,2026-05-10T01:15:00Z,2026-05-30T00:15:00Z
Y-702479,C-0042479,SLAB-502479,AREA-09,B9,40,2026-05-09T22:19:00Z,2026-05-11T21:19:00Z
Y-702480,C-0042480,SLAB-502480,AREA-10,B1,1,2026-05-11T10:17:00Z,2026-05-20T09:17:00Z
Y-702481,C-0042481,SLAB-502481,AREA-11,B2,2,2026-05-10T19:19:00Z,2026-05-19T18:19:00Z
Y-702482,C-0042482,SLAB-502482,AREA-12,B3,3,2026-05-09T21:19:00Z,2026-05-13T20:19:00Z
Y-702483,C-0042483,SLAB-502483,AREA-13,B4,4,2026-05-10T06:21:00Z,2026-05-12T05:21:00Z
Y-702484,C-0042484,SLAB-502484,AREA-01,B5,5,2026-05-09T23:38:00Z,2026-05-17T22:38:00Z
Y-702485,C-0042485,SLAB-502485,AREA-02,B6,6,2026-05-09T11:34:00Z,2026-05-25T10:34:00Z
Y-702486,C-0042486,SLAB-502486,AREA-03,B7,7,2026-05-11T00:36:00Z,2026-05-20T23:36:00Z
Y-702487,C-0042487,SLAB-502487,AREA-04,B8,8,2026-05-10T19:39:00Z,2026-05-26T18:39:00Z
Y-702488,C-0042488,SLAB-502488,AREA-05,B9,9,2026-05-09T18:36:00Z,2026-05-15T17:36:00Z
Y-702489,C-0042489,SLAB-502489,AREA-06,B1,10,2026-05-09T23:32:00Z,2026-05-22T22:32:00Z
Y-702490,C-0042490,SLAB-502490,AREA-07,B2,11,2026-05-11T11:35:00Z,2026-05-28T10:35:00Z
Y-702491,C-0042491,SLAB-502491,AREA-08,B3,12,2026-05-09T07:38:00Z,2026-05-14T06:38:00Z
Y-702492,C-0042492,SLAB-502492,AREA-09,B4,13,2026-05-10T22:34:00Z,2026-05-30T21:34:00Z
Y-702493,C-0042493,SLAB-502493,AREA-10,B5,14,2026-05-11T12:37:00Z,2026-05-27T11:37:00Z
Y-702494,C-0042494,SLAB-502494,AREA-11,B6,15,2026-05-09T23:34:00Z,2026-05-25T22:34:00Z
Y-702495,C-0042495,SLAB-502495,AREA-12,B7,16,2026-05-11T03:28:00Z,2026-05-16T02:28:00Z
Y-702496,C-0042496,SLAB-502496,AREA-13,B8,17,2026-05-10T17:30:00Z,2026-05-16T16:30:00Z
Y-702497,C-0042497,SLAB-502497,AREA-01,B9,18,2026-05-10T05:25:00Z,2026-05-23T04:25:00Z
Y-702498,C-0042498,SLAB-502498,AREA-02,B1,19,2026-05-10T16:32:00Z,2026-05-27T15:32:00Z
Y-702499,C-0042499,SLAB-502499,AREA-03,B2,20,2026-05-10T17:33:00Z,2026-05-29T16:33:00Z
Y-702500,C-0042500,SLAB-502500,AREA-04,B3,21,2026-05-10T12:31:00Z,2026-05-18T11:31:00Z
Y-702501,C-0042501,SLAB-502501,AREA-05,B4,22,2026-05-10T04:28:00Z,2026-05-14T03:28:00Z
Y-702502,C-0042502,SLAB-502502,AREA-06,B5,23,2026-05-10T17:44:00Z,2026-05-19T16:44:00Z
Y-702503,C-0042503,SLAB-502503,AREA-07,B6,24,2026-05-10T08:49:00Z,2026-05-19T07:49:00Z
Y-702504,C-0042504,SLAB-502504,AREA-08,B7,25,2026-05-10T12:47:00Z,2026-05-16T11:47:00Z
Y-702505,C-0042505,SLAB-502505,AREA-09,B8,26,2026-05-09T19:51:00Z,2026-05-15T18:51:00Z
Y-702506,C-0042506,SLAB-502506,AREA-10,B9,27,2026-05-10T23:45:00Z,2026-05-18T22:45:00Z
Y-702507,C-0042507,SLAB-502507,AREA-11,B1,28,2026-05-11T06:51:00Z,2026-05-29T05:51:00Z
Y-702508,C-0042508,SLAB-502508,AREA-12,B2,29,2026-05-10T18:46:00Z,2026-05-24T17:46:00Z
Y-702509,C-0042509,SLAB-502509,AREA-13,B3,30,2026-05-10T10:48:00Z,2026-05-17T09:48:00Z
Y-702510,C-0042510,SLAB-502510,AREA-01,B4,31,2026-05-11T12:52:00Z,2026-05-13T11:52:00Z
Y-702511,C-0042511,SLAB-502511,AREA-02,B5,32,2026-05-10T00:47:00Z,2026-05-21T23:47:00Z
Y-702512,C-0042512,SLAB-502512,AREA-03,B6,33,2026-05-10T07:47:00Z,2026-05-27T06:47:00Z
Y-702513,C-0042513,SLAB-502513,AREA-04,B7,34,2026-05-10T10:02:00Z,2026-05-15T09:02:00Z
Y-702514,C-0042514,SLAB-502514,AREA-05,B8,35,2026-05-11T04:03:00Z,2026-05-19T03:03:00Z
Y-702515,C-0042515,SLAB-502515,AREA-06,B9,36,2026-05-11T10:09:00Z,2026-05-27T09:09:00Z
Y-702516,C-0042516,SLAB-502516,AREA-07,B1,37,2026-05-10T06:04:00Z,2026-05-22T05:04:00Z
Y-702517,C-0042517,SLAB-502517,AREA-08,B2,38,2026-05-11T12:09:00Z,2026-05-13T11:09:00Z
Y-702518,C-0042518,SLAB-502518,AREA-09,B3,39,2026-05-09T19:09:00Z,2026-05-20T18:09:00Z
Y-702519,C-0042519,SLAB-502519,AREA-10,B4,40,2026-05-10T19:01:00Z,2026-05-16T18:01:00Z
Y-702520,C-0042520,SLAB-502520,AREA-11,B5,1,2026-05-11T07:02:00Z,2026-05-17T06:02:00Z
Y-702521,C-0042521,SLAB-502521,AREA-12,B6,2,2026-05-10T07:02:00Z,2026-05-28T06:02:00Z
Y-702522,C-0042522,SLAB-502522,AREA-13,B7,3,2026-05-11T20:12:00Z,2026-05-22T19:12:00Z
Y-702523,C-0042523,SLAB-502523,AREA-01,B8,4,2026-05-11T00:15:00Z,2026-05-14T23:15:00Z
Y-702524,C-0042524,SLAB-502524,AREA-02,B9,5,2026-05-10T20:13:00Z,2026-05-22T19:13:00Z
Y-702525,C-0042525,SLAB-502525,AREA-03,B1,6,2026-05-10T21:09:00Z,2026-05-22T20:09:00Z
Y-702526,C-0042526,SLAB-502526,AREA-04,B2,7,2026-05-11T01:09:00Z,2026-05-21T00:09:00Z
Y-702527,C-0042527,SLAB-502527,AREA-05,B3,8,2026-05-10T11:14:00Z,2026-05-15T10:14:00Z
Y-702528,C-0042528,SLAB-502528,AREA-06,B4,9,2026-05-10T14:12:00Z,2026-05-15T13:12:00Z
Y-702529,C-0042529,SLAB-502529,AREA-07,B5,10,2026-05-09T16:11:00Z,2026-05-22T15:11:00Z
Y-702530,C-0042530,SLAB-502530,AREA-08,B6,11,2026-05-10T15:14:00Z,2026-05-29T14:14:00Z
Y-702531,C-0042531,SLAB-502531,AREA-09,B7,12,2026-05-09T21:12:00Z,2026-05-24T20:12:00Z
Y-702532,C-0042532,SLAB-502532,AREA-10,B8,13,2026-05-09T09:10:00Z,2026-05-12T08:10:00Z
Y-702533,C-0042533,SLAB-502533,AREA-11,B9,14,2026-05-10T08:04:00Z,2026-05-14T07:04:00Z
Y-702534,C-0042534,SLAB-502534,AREA-12,B1,15,2026-05-11T07:04:00Z,2026-05-31T06:04:00Z
Y-702535,C-0042535,SLAB-502535,AREA-13,B2,16,2026-05-10T04:05:00Z,2026-05-24T03:05:00Z
Y-702536,C-0042536,SLAB-502536,AREA-01,B3,17,2026-05-10T21:03:00Z,2026-05-30T20:03:00Z
Y-702537,C-0042537,SLAB-502537,AREA-02,B4,18,2026-05-10T06:03:00Z,2026-05-12T05:03:00Z
Y-702538,C-0042538,SLAB-502538,AREA-03,B5,19,2026-05-12T01:01:00Z,2026-05-26T00:01:00Z
Y-702539,C-0042539,SLAB-502539,AREA-04,B6,20,2026-05-11T16:04:00Z,2026-05-15T15:04:00Z
Y-702540,C-0042540,SLAB-502540,AREA-05,B7,21,2026-05-11T18:52:00Z,2026-05-28T17:52:00Z
Y-702541,C-0042541,SLAB-502541,AREA-06,B8,22,2026-05-09T11:52:00Z,2026-05-16T10:52:00Z
Y-702542,C-0042542,SLAB-502542,AREA-07,B9,23,2026-05-09T09:51:00Z,2026-05-16T08:51:00Z
Y-702543,C-0042543,SLAB-502543,AREA-08,B1,24,2026-05-10T13:49:00Z,2026-05-12T12:49:00Z
Y-702544,C-0042544,SLAB-502544,AREA-09,B2,25,2026-05-10T14:49:00Z,2026-05-27T13:49:00Z
Y-702545,C-0042545,SLAB-502545,AREA-10,B3,26,2026-05-10T12:47:00Z,2026-05-14T11:47:00Z
Y-702546,C-0042546,SLAB-502546,AREA-11,B4,27,2026-05-11T14:48:00Z,2026-05-26T13:48:00Z
Y-702547,C-0042547,SLAB-502547,AREA-12,B5,28,2026-05-11T07:53:00Z,2026-05-22T06:53:00Z
Y-702548,C-0042548,SLAB-502548,AREA-13,B6,29,2026-05-09T22:51:00Z,2026-05-29T21:51:00Z
Y-702549,C-0042549,SLAB-502549,AREA-01,B7,30,2026-05-09T23:51:00Z,2026-05-20T22:51:00Z
Y-702550,C-0042550,SLAB-502550,AREA-02,B8,31,2026-05-10T06:48:00Z,2026-05-21T05:48:00Z
Y-702551,C-0042551,SLAB-502551,AREA-03,B9,32,2026-05-11T06:24:00Z,2026-05-18T05:24:00Z
Y-702552,C-0042552,SLAB-502552,AREA-04,B1,33,2026-05-10T04:18:00Z,2026-05-30T03:18:00Z
Y-702553,C-0042553,SLAB-502553,AREA-05,B2,34,2026-05-10T01:25:00Z,2026-05-22T00:25:00Z
Y-702554,C-0042554,SLAB-502554,AREA-06,B3,35,2026-05-11T16:27:00Z,2026-05-18T15:27:00Z
Y-702555,C-0042555,SLAB-502555,AREA-07,B4,36,2026-05-11T09:30:00Z,2026-05-17T08:30:00Z
Y-702556,C-0042556,SLAB-502556,AREA-08,B5,37,2026-05-09T17:28:00Z,2026-05-25T16:28:00Z
Y-702557,C-0042557,SLAB-502557,AREA-09,B6,38,2026-05-11T15:29:00Z,2026-05-16T14:29:00Z
Y-702558,C-0042558,SLAB-502558,AREA-10,B7,39,2026-05-09T21:23:00Z,2026-05-16T20:23:00Z
Y-702559,C-0042559,SLAB-502559,AREA-11,B8,40,2026-05-09T15:20:00Z,2026-05-24T14:20:00Z
Y-702560,C-0042560,SLAB-502560,AREA-12,B9,1,2026-05-10T10:10:00Z,2026-05-16T09:10:00Z
Y-702561,C-0042561,SLAB-502561,AREA-13,B1,2,2026-05-10T15:10:00Z,2026-05-18T14:10:00Z
Y-702562,C-0042562,SLAB-502562,AREA-01,B2,3,2026-05-11T03:04:00Z,2026-05-25T02:04:00Z
Y-702563,C-0042563,SLAB-502563,AREA-02,B3,4,2026-05-11T08:12:00Z,2026-05-24T07:12:00Z
Y-702564,C-0042564,SLAB-502564,AREA-03,B4,5,2026-05-10T05:04:00Z,2026-05-30T04:04:00Z
Y-702565,C-0042565,SLAB-502565,AREA-04,B5,6,2026-05-09T17:09:00Z,2026-05-20T16:09:00Z
Y-702566,C-0042566,SLAB-502566,AREA-05,B6,7,2026-05-10T19:05:00Z,2026-05-30T18:05:00Z
Y-702567,C-0042567,SLAB-502567,AREA-06,B7,8,2026-05-09T23:08:00Z,2026-05-19T22:08:00Z
Y-702568,C-0042568,SLAB-502568,AREA-07,B8,9,2026-05-09T16:45:00Z,2026-05-18T15:45:00Z
Y-702569,C-0042569,SLAB-502569,AREA-08,B9,10,2026-05-11T04:53:00Z,2026-05-16T03:53:00Z
Y-702570,C-0042570,SLAB-502570,AREA-09,B1,11,2026-05-10T07:51:00Z,2026-05-26T06:51:00Z
Y-702571,C-0042571,SLAB-502571,AREA-10,B2,12,2026-05-10T11:50:00Z,2026-05-26T10:50:00Z
Y-702572,C-0042572,SLAB-502572,AREA-11,B3,13,2026-05-11T01:50:00Z,2026-05-15T00:50:00Z
Y-702573,C-0042573,SLAB-502573,AREA-12,B4,14,2026-05-11T10:51:00Z,2026-05-30T09:51:00Z
Y-702574,C-0042574,SLAB-502574,AREA-13,B5,15,2026-05-11T00:47:00Z,2026-05-29T23:47:00Z
Y-702575,C-0042575,SLAB-502575,AREA-01,B6,16,2026-05-10T02:51:00Z,2026-05-16T01:51:00Z
Y-702576,C-0042576,SLAB-502576,AREA-02,B7,17,2026-05-10T09:50:00Z,2026-05-19T08:50:00Z
Y-702577,C-0042577,SLAB-502577,AREA-03,B8,18,2026-05-11T15:50:00Z,2026-05-25T14:50:00Z
Y-702578,C-0042578,SLAB-502578,AREA-04,B9,19,2026-05-10T01:19:00Z,2026-05-13T00:19:00Z
Y-702579,C-0042579,SLAB-502579,AREA-05,B1,20,2026-05-10T20:15:00Z,2026-05-30T19:15:00Z
Y-702580,C-0042580,SLAB-502580,AREA-06,B2,21,2026-05-10T13:24:00Z,2026-05-13T12:24:00Z
Y-702581,C-0042581,SLAB-502581,AREA-07,B3,22,2026-05-10T09:20:00Z,2026-05-20T08:20:00Z
Y-702582,C-0042582,SLAB-502582,AREA-08,B4,23,2026-05-11T05:24:00Z,2026-05-28T04:24:00Z
Y-702583,C-0042583,SLAB-502583,AREA-09,B5,24,2026-05-09T21:24:00Z,2026-05-28T20:24:00Z
Y-702584,C-0042584,SLAB-502584,AREA-10,B6,25,2026-05-11T04:27:00Z,2026-05-28T03:27:00Z
Y-702585,C-0042585,SLAB-502585,AREA-11,B7,26,2026-05-10T18:23:00Z,2026-05-30T17:23:00Z
Y-702586,C-0042586,SLAB-502586,AREA-12,B8,27,2026-05-11T02:20:00Z,2026-05-27T01:20:00Z
Y-702587,C-0042587,SLAB-502587,AREA-13,B9,28,2026-05-10T04:13:00Z,2026-05-26T03:13:00Z
Y-702588,C-0042588,SLAB-502588,AREA-01,B1,29,2026-05-10T16:11:00Z,2026-05-20T15:11:00Z
Y-702589,C-0042589,SLAB-502589,AREA-02,B2,30,2026-05-11T02:15:00Z,2026-05-13T01:15:00Z
Y-702590,C-0042590,SLAB-502590,AREA-03,B3,31,2026-05-12T00:09:00Z,2026-05-28T23:09:00Z
Y-702591,C-0042591,SLAB-502591,AREA-04,B4,32,2026-05-10T18:13:00Z,2026-05-30T17:13:00Z
Y-702592,C-0042592,SLAB-502592,AREA-05,B5,33,2026-05-11T06:16:00Z,2026-05-29T05:16:00Z
Y-702593,C-0042593,SLAB-502593,AREA-06,B6,34,2026-05-11T03:08:00Z,2026-05-30T02:08:00Z
Y-702594,C-0042594,SLAB-502594,AREA-07,B7,35,2026-05-11T04:59:00Z,2026-05-22T03:59:00Z
Y-702595,C-0042595,SLAB-502595,AREA-08,B8,36,2026-05-11T02:01:00Z,2026-05-15T01:01:00Z
Y-702596,C-0042596,SLAB-502596,AREA-09,B9,37,2026-05-10T23:02:00Z,2026-05-17T22:02:00Z
Y-702597,C-0042597,SLAB-502597,AREA-10,B1,38,2026-05-11T17:00:00Z,2026-05-23T16:00:00Z
Y-702598,C-0042598,SLAB-502598,AREA-11,B2,39,2026-05-11T12:58:00Z,2026-05-30T11:58:00Z
Y-702599,C-0042599,SLAB-502599,AREA-12,B3,40,2026-05-11T07:00:00Z,2026-05-30T06:00:00Z
Y-702600,C-0042600,SLAB-502600,AREA-13,B4,1,2026-05-09T16:59:00Z,2026-05-20T15:59:00Z
Y-702601,C-0042601,SLAB-502601,AREA-01,B5,2,2026-05-11T20:01:00Z,2026-05-24T19:01:00Z
Y-702602,C-0042602,SLAB-502602,AREA-02,B6,3,2026-05-11T00:42:00Z,2026-05-23T23:42:00Z
Y-702603,C-0042603,SLAB-502603,AREA-03,B7,4,2026-05-11T07:40:00Z,2026-05-26T06:40:00Z
Y-702604,C-0042604,SLAB-502604,AREA-04,B8,5,2026-05-11T16:41:00Z,2026-05-13T15:41:00Z
Y-702605,C-0042605,SLAB-502605,AREA-05,B9,6,2026-05-12T08:40:00Z,2026-05-31T07:40:00Z
Y-702606,C-0042606,SLAB-502606,AREA-06,B1,7,2026-05-09T20:38:00Z,2026-05-23T19:38:00Z
Y-702607,C-0042607,SLAB-502607,AREA-07,B2,8,2026-05-11T12:41:00Z,2026-05-16T11:41:00Z
Y-702608,C-0042608,SLAB-502608,AREA-08,B3,9,2026-05-10T13:38:00Z,2026-05-19T12:38:00Z
Y-702609,C-0042609,SLAB-502609,AREA-09,B4,10,2026-05-10T23:42:00Z,2026-05-12T22:42:00Z
Y-702610,C-0042610,SLAB-502610,AREA-10,B5,11,2026-05-11T12:42:00Z,2026-05-31T11:42:00Z
Y-702611,C-0042611,SLAB-502611,AREA-11,B6,12,2026-05-11T00:20:00Z,2026-05-12T23:20:00Z
Y-702612,C-0042612,SLAB-502612,AREA-12,B7,13,2026-05-11T04:12:00Z,2026-05-15T03:12:00Z
Y-702613,C-0042613,SLAB-502613,AREA-13,B8,14,2026-05-10T04:17:00Z,2026-05-20T03:17:00Z
Y-702614,C-0042614,SLAB-502614,AREA-01,B9,15,2026-05-10T05:21:00Z,2026-05-29T04:21:00Z
Y-702615,C-0042615,SLAB-502615,AREA-02,B1,16,2026-05-10T21:15:00Z,2026-05-25T20:15:00Z
Y-702616,C-0042616,SLAB-502616,AREA-03,B2,17,2026-05-10T17:13:00Z,2026-05-20T16:13:00Z
Y-702617,C-0042617,SLAB-502617,AREA-04,B3,18,2026-05-11T23:12:00Z,2026-05-23T22:12:00Z
Y-702618,C-0042618,SLAB-502618,AREA-05,B4,19,2026-05-11T08:23:00Z,2026-05-19T07:23:00Z
Y-702619,C-0042619,SLAB-502619,AREA-06,B5,20,2026-05-09T16:24:00Z,2026-05-25T15:24:00Z
Y-702620,C-0042620,SLAB-502620,AREA-07,B6,21,2026-05-11T03:19:00Z,2026-05-24T02:19:00Z
Y-702621,C-0042621,SLAB-502621,AREA-08,B7,22,2026-05-11T22:25:00Z,2026-05-31T21:25:00Z
Y-702622,C-0042622,SLAB-502622,AREA-09,B8,23,2026-05-11T17:20:00Z,2026-05-31T16:20:00Z
Y-702623,C-0042623,SLAB-502623,AREA-10,B9,24,2026-05-11T11:23:00Z,2026-05-13T10:23:00Z
Y-702624,C-0042624,SLAB-502624,AREA-11,B1,25,2026-05-11T04:22:00Z,2026-05-14T03:22:00Z
Y-702625,C-0042625,SLAB-502625,AREA-12,B2,26,2026-05-11T08:21:00Z,2026-05-26T07:21:00Z
Y-702626,C-0042626,SLAB-502626,AREA-13,B3,27,2026-05-11T05:23:00Z,2026-05-16T04:23:00Z
Y-702627,C-0042627,SLAB-502627,AREA-01,B4,28,2026-05-10T01:16:00Z,2026-05-21T00:16:00Z
Y-702628,C-0042628,SLAB-502628,AREA-02,B5,29,2026-05-11T00:45:00Z,2026-05-12T23:45:00Z
Y-702629,C-0042629,SLAB-502629,AREA-03,B6,30,2026-05-11T12:48:00Z,2026-05-17T11:48:00Z
Y-702630,C-0042630,SLAB-502630,AREA-04,B7,31,2026-05-11T10:43:00Z,2026-05-24T09:43:00Z
Y-702631,C-0042631,SLAB-502631,AREA-05,B8,32,2026-05-10T18:43:00Z,2026-05-14T17:43:00Z
Y-702632,C-0042632,SLAB-502632,AREA-06,B9,33,2026-05-10T19:40:00Z,2026-05-16T18:40:00Z
Y-702633,C-0042633,SLAB-502633,AREA-07,B1,34,2026-05-10T04:37:00Z,2026-05-26T03:37:00Z
Y-702634,C-0042634,SLAB-502634,AREA-08,B2,35,2026-05-10T22:40:00Z,2026-05-18T21:40:00Z
Y-702635,C-0042635,SLAB-502635,AREA-09,B3,36,2026-05-11T09:45:00Z,2026-05-20T08:45:00Z
Y-702636,C-0042636,SLAB-502636,AREA-10,B4,37,2026-05-11T09:19:00Z,2026-05-28T08:19:00Z
Y-702637,C-0042637,SLAB-502637,AREA-11,B5,38,2026-05-11T22:27:00Z,2026-05-28T21:27:00Z
Y-702638,C-0042638,SLAB-502638,AREA-12,B6,39,2026-05-11T20:28:00Z,2026-05-16T19:28:00Z
Y-702639,C-0042639,SLAB-502639,AREA-13,B7,40,2026-05-09T15:29:00Z,2026-05-20T14:29:00Z
Y-702640,C-0042640,SLAB-502640,AREA-01,B8,1,2026-05-11T07:24:00Z,2026-05-17T06:24:00Z
Y-702641,C-0042641,SLAB-502641,AREA-02,B9,2,2026-05-10T16:23:00Z,2026-05-20T15:23:00Z
Y-702642,C-0042642,SLAB-502642,AREA-03,B1,3,2026-05-10T07:19:00Z,2026-05-23T06:19:00Z
Y-702643,C-0042643,SLAB-502643,AREA-04,B2,4,2026-05-11T16:02:00Z,2026-05-15T15:02:00Z
Y-702644,C-0042644,SLAB-502644,AREA-05,B3,5,2026-05-11T10:02:00Z,2026-05-30T09:02:00Z
Y-702645,C-0042645,SLAB-502645,AREA-06,B4,6,2026-05-10T17:59:00Z,2026-05-27T16:59:00Z
Y-702646,C-0042646,SLAB-502646,AREA-07,B5,7,2026-05-10T07:01:00Z,2026-05-20T06:01:00Z
Y-702647,C-0042647,SLAB-502647,AREA-08,B6,8,2026-05-10T09:56:00Z,2026-05-23T08:56:00Z
Y-702648,C-0042648,SLAB-502648,AREA-09,B7,9,2026-05-09T23:01:00Z,2026-05-16T22:01:00Z
Y-702649,C-0042649,SLAB-502649,AREA-10,B8,10,2026-05-10T12:00:00Z,2026-05-17T11:00:00Z
Y-702650,C-0042650,SLAB-502650,AREA-11,B9,11,2026-05-11T12:52:00Z,2026-05-24T11:52:00Z
Y-702651,C-0042651,SLAB-502651,AREA-12,B1,12,2026-05-11T22:03:00Z,2026-05-15T21:03:00Z
Y-702652,C-0042652,SLAB-502652,AREA-13,B2,13,2026-05-10T12:53:00Z,2026-05-30T11:53:00Z
Y-702653,C-0042653,SLAB-502653,AREA-01,B3,14,2026-05-10T07:42:00Z,2026-05-27T06:42:00Z
Y-702654,C-0042654,SLAB-502654,AREA-02,B4,15,2026-05-10T12:47:00Z,2026-05-12T11:47:00Z
Y-702655,C-0042655,SLAB-502655,AREA-03,B5,16,2026-05-11T09:48:00Z,2026-05-30T08:48:00Z
Y-702656,C-0042656,SLAB-502656,AREA-04,B6,17,2026-05-11T09:39:00Z,2026-05-13T08:39:00Z
Y-702657,C-0042657,SLAB-502657,AREA-05,B7,18,2026-05-10T16:45:00Z,2026-05-22T15:45:00Z
Y-702658,C-0042658,SLAB-502658,AREA-06,B8,19,2026-05-10T21:37:00Z,2026-05-20T20:37:00Z
Y-702659,C-0042659,SLAB-502659,AREA-07,B9,20,2026-05-11T17:41:00Z,2026-05-22T16:41:00Z
Y-702660,C-0042660,SLAB-502660,AREA-08,B1,21,2026-05-11T00:39:00Z,2026-05-15T23:39:00Z
Y-702661,C-0042661,SLAB-502661,AREA-09,B2,22,2026-05-11T19:13:00Z,2026-05-22T18:13:00Z
Y-702662,C-0042662,SLAB-502662,AREA-10,B3,23,2026-05-11T07:15:00Z,2026-05-29T06:15:00Z
Y-702663,C-0042663,SLAB-502663,AREA-11,B4,24,2026-05-11T17:14:00Z,2026-05-16T16:14:00Z
Y-702664,C-0042664,SLAB-502664,AREA-12,B5,25,2026-05-11T21:15:00Z,2026-05-27T20:15:00Z
Y-702665,C-0042665,SLAB-502665,AREA-13,B6,26,2026-05-11T08:14:00Z,2026-05-25T07:14:00Z
Y-702666,C-0042666,SLAB-502666,AREA-01,B7,27,2026-05-10T10:22:00Z,2026-05-27T09:22:00Z
Y-702667,C-0042667,SLAB-502667,AREA-02,B8,28,2026-05-10T21:21:00Z,2026-05-16T20:21:00Z
Y-702668,C-0042668,SLAB-502668,AREA-03,B9,29,2026-05-10T23:18:00Z,2026-05-15T22:18:00Z
Y-702669,C-0042669,SLAB-502669,AREA-04,B1,30,2026-05-12T00:15:00Z,2026-05-21T23:15:00Z
Y-702670,C-0042670,SLAB-502670,AREA-05,B2,31,2026-05-10T15:23:00Z,2026-05-27T14:23:00Z
Y-702671,C-0042671,SLAB-502671,AREA-06,B3,32,2026-05-12T05:52:00Z,2026-05-24T04:52:00Z
Y-702672,C-0042672,SLAB-502672,AREA-07,B4,33,2026-05-11T18:59:00Z,2026-05-26T17:59:00Z
Y-702673,C-0042673,SLAB-502673,AREA-08,B5,34,2026-05-11T07:57:00Z,2026-05-14T06:57:00Z
Y-702674,C-0042674,SLAB-502674,AREA-09,B6,35,2026-05-11T08:52:00Z,2026-05-29T07:52:00Z
Y-702675,C-0042675,SLAB-502675,AREA-10,B7,36,2026-05-11T07:52:00Z,2026-05-26T06:52:00Z
Y-702676,C-0042676,SLAB-502676,AREA-11,B8,37,2026-05-12T08:52:00Z,2026-05-17T07:52:00Z
Y-702677,C-0042677,SLAB-502677,AREA-12,B9,38,2026-05-10T01:59:00Z,2026-05-20T00:59:00Z
Y-702678,C-0042678,SLAB-502678,AREA-13,B1,39,2026-05-10T07:52:00Z,2026-05-22T06:52:00Z
Y-702679,C-0042679,SLAB-502679,AREA-01,B2,40,2026-05-12T06:53:00Z,2026-05-19T05:53:00Z
Y-702680,C-0042680,SLAB-502680,AREA-02,B3,1,2026-05-10T05:41:00Z,2026-05-12T04:41:00Z
Y-702681,C-0042681,SLAB-502681,AREA-03,B4,2,2026-05-11T23:41:00Z,2026-05-16T22:41:00Z
Y-702682,C-0042682,SLAB-502682,AREA-04,B5,3,2026-05-11T07:44:00Z,2026-05-24T06:44:00Z
Y-702683,C-0042683,SLAB-502683,AREA-05,B6,4,2026-05-09T23:43:00Z,2026-05-29T22:43:00Z
Y-702684,C-0042684,SLAB-502684,AREA-06,B7,5,2026-05-10T02:40:00Z,2026-05-23T01:40:00Z
Y-702685,C-0042685,SLAB-502685,AREA-07,B8,6,2026-05-10T16:44:00Z,2026-05-19T15:44:00Z
Y-702686,C-0042686,SLAB-502686,AREA-08,B9,7,2026-05-11T20:36:00Z,2026-05-13T19:36:00Z
Y-702687,C-0042687,SLAB-502687,AREA-09,B1,8,2026-05-11T16:37:00Z,2026-05-24T15:37:00Z
Y-702688,C-0042688,SLAB-502688,AREA-10,B2,9,2026-05-12T05:41:00Z,2026-05-20T04:41:00Z
Y-702689,C-0042689,SLAB-502689,AREA-11,B3,10,2026-05-11T19:54:00Z,2026-05-19T18:54:00Z
Y-702690,C-0042690,SLAB-502690,AREA-12,B4,11,2026-05-11T18:50:00Z,2026-05-14T17:50:00Z
Y-702691,C-0042691,SLAB-502691,AREA-13,B5,12,2026-05-11T17:42:00Z,2026-05-26T16:42:00Z
Y-702692,C-0042692,SLAB-502692,AREA-01,B6,13,2026-05-10T18:45:00Z,2026-05-29T17:45:00Z
Y-702693,C-0042693,SLAB-502693,AREA-02,B7,14,2026-05-11T13:51:00Z,2026-05-25T12:51:00Z
Y-702694,C-0042694,SLAB-502694,AREA-03,B8,15,2026-05-11T18:46:00Z,2026-05-15T17:46:00Z
Y-702695,C-0042695,SLAB-502695,AREA-04,B9,16,2026-05-10T18:49:00Z,2026-05-12T17:49:00Z
Y-702696,C-0042696,SLAB-502696,AREA-05,B1,17,2026-05-10T15:51:00Z,2026-05-13T14:51:00Z
Y-702697,C-0042697,SLAB-502697,AREA-06,B2,18,2026-05-10T10:45:00Z,2026-05-12T09:45:00Z
Y-702698,C-0042698,SLAB-502698,AREA-07,B3,19,2026-05-11T16:55:00Z,2026-05-21T15:55:00Z
Y-702699,C-0042699,SLAB-502699,AREA-08,B4,20,2026-05-11T08:03:00Z,2026-05-19T07:03:00Z
Y-702700,C-0042700,SLAB-502700,AREA-09,B5,21,2026-05-11T06:04:00Z,2026-05-13T05:04:00Z
Y-702701,C-0042701,SLAB-502701,AREA-10,B6,22,2026-05-11T16:57:00Z,2026-05-29T15:57:00Z
Y-702702,C-0042702,SLAB-502702,AREA-11,B7,23,2026-05-11T12:58:00Z,2026-05-25T11:58:00Z
Y-702703,C-0042703,SLAB-502703,AREA-12,B8,24,2026-05-10T06:59:00Z,2026-05-22T05:59:00Z
Y-702704,C-0042704,SLAB-502704,AREA-13,B9,25,2026-05-12T00:54:00Z,2026-05-28T23:54:00Z
Y-702705,C-0042705,SLAB-502705,AREA-01,B1,26,2026-05-10T15:07:00Z,2026-05-28T14:07:00Z
Y-702706,C-0042706,SLAB-502706,AREA-02,B2,27,2026-05-11T14:03:00Z,2026-05-24T13:03:00Z
Y-702707,C-0042707,SLAB-502707,AREA-03,B3,28,2026-05-10T00:12:00Z,2026-05-22T23:12:00Z
Y-702708,C-0042708,SLAB-502708,AREA-04,B4,29,2026-05-10T09:04:00Z,2026-05-12T08:04:00Z
Y-702709,C-0042709,SLAB-502709,AREA-05,B5,30,2026-05-11T08:04:00Z,2026-05-28T07:04:00Z
Y-702710,C-0042710,SLAB-502710,AREA-06,B6,31,2026-05-12T00:06:00Z,2026-05-20T23:06:00Z
Y-702711,C-0042711,SLAB-502711,AREA-07,B7,32,2026-05-12T07:04:00Z,2026-05-15T06:04:00Z
Y-702712,C-0042712,SLAB-502712,AREA-08,B8,33,2026-05-11T03:08:00Z,2026-05-30T02:08:00Z
Y-702713,C-0042713,SLAB-502713,AREA-09,B9,34,2026-05-11T01:07:00Z,2026-05-20T00:07:00Z
Y-702714,C-0042714,SLAB-502714,AREA-10,B1,35,2026-05-09T23:07:00Z,2026-05-15T22:07:00Z
Y-702715,C-0042715,SLAB-502715,AREA-11,B2,36,2026-05-10T16:29:00Z,2026-05-26T15:29:00Z
Y-702716,C-0042716,SLAB-502716,AREA-12,B3,37,2026-05-10T09:35:00Z,2026-05-13T08:35:00Z
Y-702717,C-0042717,SLAB-502717,AREA-13,B4,38,2026-05-10T11:33:00Z,2026-05-13T10:33:00Z
Y-702718,C-0042718,SLAB-502718,AREA-01,B5,39,2026-05-11T17:28:00Z,2026-05-22T16:28:00Z
Y-702719,C-0042719,SLAB-502719,AREA-02,B6,40,2026-05-12T03:34:00Z,2026-05-17T02:34:00Z
Y-702720,C-0042720,SLAB-502720,AREA-03,B7,1,2026-05-10T12:31:00Z,2026-05-28T11:31:00Z
Y-702721,C-0042721,SLAB-502721,AREA-04,B8,2,2026-05-12T01:28:00Z,2026-05-20T00:28:00Z
Y-702722,C-0042722,SLAB-502722,AREA-05,B9,3,2026-05-11T15:27:00Z,2026-05-21T14:27:00Z
Y-702723,C-0042723,SLAB-502723,AREA-06,B1,4,2026-05-11T04:20:00Z,2026-05-19T03:20:00Z
Y-702724,C-0042724,SLAB-502724,AREA-07,B2,5,2026-05-12T10:11:00Z,2026-05-30T09:11:00Z
Y-702725,C-0042725,SLAB-502725,AREA-08,B3,6,2026-05-12T19:16:00Z,2026-05-14T18:16:00Z
Y-702726,C-0042726,SLAB-502726,AREA-09,B4,7,2026-05-11T12:14:00Z,2026-05-23T11:14:00Z
Y-702727,C-0042727,SLAB-502727,AREA-10,B5,8,2026-05-10T19:15:00Z,2026-05-17T18:15:00Z
Y-702728,C-0042728,SLAB-502728,AREA-11,B6,9,2026-05-12T08:17:00Z,2026-05-14T07:17:00Z
Y-702729,C-0042729,SLAB-502729,AREA-12,B7,10,2026-05-12T05:14:00Z,2026-05-23T04:14:00Z
Y-702730,C-0042730,SLAB-502730,AREA-13,B8,11,2026-05-11T02:19:00Z,2026-05-15T01:19:00Z
Y-702731,C-0042731,SLAB-502731,AREA-01,B9,12,2026-05-11T12:15:00Z,2026-05-23T11:15:00Z
Y-702732,C-0042732,SLAB-502732,AREA-02,B1,13,2026-05-11T10:42:00Z,2026-05-24T09:42:00Z
Y-702733,C-0042733,SLAB-502733,AREA-03,B2,14,2026-05-11T09:42:00Z,2026-05-30T08:42:00Z
Y-702734,C-0042734,SLAB-502734,AREA-04,B3,15,2026-05-12T02:48:00Z,2026-05-26T01:48:00Z
Y-702735,C-0042735,SLAB-502735,AREA-05,B4,16,2026-05-10T19:40:00Z,2026-05-18T18:40:00Z
Y-702736,C-0042736,SLAB-502736,AREA-06,B5,17,2026-05-11T00:38:00Z,2026-05-24T23:38:00Z
Y-702737,C-0042737,SLAB-502737,AREA-07,B6,18,2026-05-10T23:43:00Z,2026-05-28T22:43:00Z
Y-702738,C-0042738,SLAB-502738,AREA-08,B7,19,2026-05-12T01:42:00Z,2026-05-25T00:42:00Z
Y-702739,C-0042739,SLAB-502739,AREA-09,B8,20,2026-05-10T17:47:00Z,2026-05-27T16:47:00Z
Y-702740,C-0042740,SLAB-502740,AREA-10,B9,21,2026-05-10T08:47:00Z,2026-05-22T07:47:00Z
Y-702741,C-0042741,SLAB-502741,AREA-11,B1,22,2026-05-11T13:43:00Z,2026-05-19T12:43:00Z
Y-702742,C-0042742,SLAB-502742,AREA-12,B2,23,2026-05-12T15:44:00Z,2026-06-01T14:44:00Z
Y-702743,C-0042743,SLAB-502743,AREA-13,B3,24,2026-05-11T16:41:00Z,2026-05-15T15:41:00Z
Y-702744,C-0042744,SLAB-502744,AREA-01,B4,25,2026-05-11T10:45:00Z,2026-05-27T09:45:00Z
Y-702745,C-0042745,SLAB-502745,AREA-02,B5,26,2026-05-12T01:40:00Z,2026-05-16T00:40:00Z
Y-702746,C-0042746,SLAB-502746,AREA-03,B6,27,2026-05-10T09:45:00Z,2026-05-20T08:45:00Z
Y-702747,C-0042747,SLAB-502747,AREA-04,B7,28,2026-05-11T02:45:00Z,2026-05-25T01:45:00Z
Y-702748,C-0042748,SLAB-502748,AREA-05,B8,29,2026-05-11T22:47:00Z,2026-05-25T21:47:00Z
Y-702749,C-0042749,SLAB-502749,AREA-06,B9,30,2026-05-12T00:24:00Z,2026-05-30T23:24:00Z
Y-702750,C-0042750,SLAB-502750,AREA-07,B1,31,2026-05-10T21:27:00Z,2026-05-21T20:27:00Z
Y-702751,C-0042751,SLAB-502751,AREA-08,B2,32,2026-05-10T11:24:00Z,2026-05-24T10:24:00Z
Y-702752,C-0042752,SLAB-502752,AREA-09,B3,33,2026-05-12T11:22:00Z,2026-05-14T10:22:00Z
Y-702753,C-0042753,SLAB-502753,AREA-10,B4,34,2026-05-11T03:22:00Z,2026-05-15T02:22:00Z
Y-702754,C-0042754,SLAB-502754,AREA-11,B5,35,2026-05-11T15:20:00Z,2026-05-17T14:20:00Z
Y-702755,C-0042755,SLAB-502755,AREA-12,B6,36,2026-05-10T23:19:00Z,2026-05-27T22:19:00Z
Y-702756,C-0042756,SLAB-502756,AREA-13,B7,37,2026-05-11T13:29:00Z,2026-05-13T12:29:00Z
Y-702757,C-0042757,SLAB-502757,AREA-01,B8,38,2026-05-11T14:46:00Z,2026-05-20T13:46:00Z
Y-702758,C-0042758,SLAB-502758,AREA-02,B9,39,2026-05-11T03:48:00Z,2026-05-14T02:48:00Z
Y-702759,C-0042759,SLAB-502759,AREA-03,B1,40,2026-05-11T18:48:00Z,2026-05-26T17:48:00Z
Y-702760,C-0042760,SLAB-502760,AREA-04,B2,1,2026-05-12T15:47:00Z,2026-05-15T14:47:00Z
Y-702761,C-0042761,SLAB-502761,AREA-05,B3,2,2026-05-10T17:52:00Z,2026-05-22T16:52:00Z
Y-702762,C-0042762,SLAB-502762,AREA-06,B4,3,2026-05-11T12:48:00Z,2026-05-27T11:48:00Z
Y-702763,C-0042763,SLAB-502763,AREA-07,B5,4,2026-05-10T08:52:00Z,2026-05-16T07:52:00Z
Y-702764,C-0042764,SLAB-502764,AREA-08,B6,5,2026-05-10T09:45:00Z,2026-05-26T08:45:00Z
Y-702765,C-0042765,SLAB-502765,AREA-09,B7,6,2026-05-12T09:34:00Z,2026-05-25T08:34:00Z
Y-702766,C-0042766,SLAB-502766,AREA-10,B8,7,2026-05-11T20:39:00Z,2026-05-20T19:39:00Z
Y-702767,C-0042767,SLAB-502767,AREA-11,B9,8,2026-05-12T01:37:00Z,2026-05-19T00:37:00Z
Y-702768,C-0042768,SLAB-502768,AREA-12,B1,9,2026-05-11T03:35:00Z,2026-05-26T02:35:00Z
Y-702769,C-0042769,SLAB-502769,AREA-13,B2,10,2026-05-12T21:32:00Z,2026-06-01T20:32:00Z
Y-702770,C-0042770,SLAB-502770,AREA-01,B3,11,2026-05-12T12:37:00Z,2026-05-30T11:37:00Z
Y-702771,C-0042771,SLAB-502771,AREA-02,B4,12,2026-05-12T00:37:00Z,2026-05-29T23:37:00Z
Y-702772,C-0042772,SLAB-502772,AREA-03,B5,13,2026-05-10T23:31:00Z,2026-05-30T22:31:00Z
Y-702773,C-0042773,SLAB-502773,AREA-04,B6,14,2026-05-11T19:35:00Z,2026-05-15T18:35:00Z
Y-702774,C-0042774,SLAB-502774,AREA-05,B7,15,2026-05-11T06:36:00Z,2026-05-17T05:36:00Z
Y-702775,C-0042775,SLAB-502775,AREA-06,B8,16,2026-05-11T13:09:00Z,2026-05-13T12:09:00Z
Y-702776,C-0042776,SLAB-502776,AREA-07,B9,17,2026-05-11T23:14:00Z,2026-05-16T22:14:00Z
Y-702777,C-0042777,SLAB-502777,AREA-08,B1,18,2026-05-12T05:07:00Z,2026-05-19T04:07:00Z
Y-702778,C-0042778,SLAB-502778,AREA-09,B2,19,2026-05-11T00:07:00Z,2026-05-23T23:07:00Z
Y-702779,C-0042779,SLAB-502779,AREA-10,B3,20,2026-05-11T02:09:00Z,2026-05-19T01:09:00Z
Y-702780,C-0042780,SLAB-502780,AREA-11,B4,21,2026-05-12T01:08:00Z,2026-05-24T00:08:00Z
Y-702781,C-0042781,SLAB-502781,AREA-12,B5,22,2026-05-10T17:07:00Z,2026-05-17T16:07:00Z
Y-702782,C-0042782,SLAB-502782,AREA-13,B6,23,2026-05-11T16:10:00Z,2026-05-19T15:10:00Z
Y-702783,C-0042783,SLAB-502783,AREA-01,B7,24,2026-05-11T15:04:00Z,2026-05-21T14:04:00Z
Y-702784,C-0042784,SLAB-502784,AREA-02,B8,25,2026-05-11T20:06:00Z,2026-05-17T19:06:00Z
Y-702785,C-0042785,SLAB-502785,AREA-03,B9,26,2026-05-10T17:07:00Z,2026-05-17T16:07:00Z
Y-702786,C-0042786,SLAB-502786,AREA-04,B1,27,2026-05-12T05:05:00Z,2026-05-15T04:05:00Z
Y-702787,C-0042787,SLAB-502787,AREA-05,B2,28,2026-05-10T14:03:00Z,2026-05-17T13:03:00Z
Y-702788,C-0042788,SLAB-502788,AREA-06,B3,29,2026-05-11T15:08:00Z,2026-05-24T14:08:00Z
Y-702789,C-0042789,SLAB-502789,AREA-07,B4,30,2026-05-12T00:04:00Z,2026-05-21T23:04:00Z
Y-702790,C-0042790,SLAB-502790,AREA-08,B5,31,2026-05-11T23:00:00Z,2026-05-30T22:00:00Z
Y-702791,C-0042791,SLAB-502791,AREA-09,B6,32,2026-05-11T23:03:00Z,2026-05-14T22:03:00Z
Y-702792,C-0042792,SLAB-502792,AREA-10,B7,33,2026-05-11T07:09:00Z,2026-05-19T06:09:00Z
Y-702793,C-0042793,SLAB-502793,AREA-11,B8,34,2026-05-11T18:05:00Z,2026-05-27T17:05:00Z
Y-702794,C-0042794,SLAB-502794,AREA-12,B9,35,2026-05-11T08:31:00Z,2026-05-25T07:31:00Z
Y-702795,C-0042795,SLAB-502795,AREA-13,B1,36,2026-05-12T21:40:00Z,2026-05-16T20:40:00Z
Y-702796,C-0042796,SLAB-502796,AREA-01,B2,37,2026-05-11T16:37:00Z,2026-05-13T15:37:00Z
Y-702797,C-0042797,SLAB-502797,AREA-02,B3,38,2026-05-11T03:31:00Z,2026-05-16T02:31:00Z
Y-702798,C-0042798,SLAB-502798,AREA-03,B4,39,2026-05-11T12:33:00Z,2026-05-15T11:33:00Z
Y-702799,C-0042799,SLAB-502799,AREA-04,B5,40,2026-05-11T03:36:00Z,2026-05-30T02:36:00Z
Y-702800,C-0042800,SLAB-502800,AREA-05,B6,1,2026-05-11T08:34:00Z,2026-05-30T07:34:00Z
Y-702801,C-0042801,SLAB-502801,AREA-06,B7,2,2026-05-11T14:33:00Z,2026-05-16T13:33:00Z
Y-702802,C-0042802,SLAB-502802,AREA-07,B8,3,2026-05-12T05:37:00Z,2026-05-20T04:37:00Z
Y-702803,C-0042803,SLAB-502803,AREA-08,B9,4,2026-05-11T22:40:00Z,2026-05-21T21:40:00Z
Y-702804,C-0042804,SLAB-502804,AREA-09,B1,5,2026-05-12T11:35:00Z,2026-05-19T10:35:00Z
Y-702805,C-0042805,SLAB-502805,AREA-10,B2,6,2026-05-11T10:08:00Z,2026-05-24T09:08:00Z
Y-702806,C-0042806,SLAB-502806,AREA-11,B3,7,2026-05-12T14:08:00Z,2026-05-16T13:08:00Z
Y-702807,C-0042807,SLAB-502807,AREA-12,B4,8,2026-05-10T22:09:00Z,2026-05-16T21:09:00Z
Y-702808,C-0042808,SLAB-502808,AREA-13,B5,9,2026-05-11T02:06:00Z,2026-05-27T01:06:00Z
Y-702809,C-0042809,SLAB-502809,AREA-01,B6,10,2026-05-10T22:13:00Z,2026-05-13T21:13:00Z
Y-702810,C-0042810,SLAB-502810,AREA-02,B7,11,2026-05-11T05:12:00Z,2026-05-13T04:12:00Z
Y-702811,C-0042811,SLAB-502811,AREA-03,B8,12,2026-05-10T16:06:00Z,2026-05-30T15:06:00Z
Y-702812,C-0042812,SLAB-502812,AREA-04,B9,13,2026-05-10T14:05:00Z,2026-05-25T13:05:00Z
Y-702813,C-0042813,SLAB-502813,AREA-05,B1,14,2026-05-12T17:03:00Z,2026-06-01T16:03:00Z
Y-702814,C-0042814,SLAB-502814,AREA-06,B2,15,2026-05-12T11:07:00Z,2026-05-20T10:07:00Z
Y-702815,C-0042815,SLAB-502815,AREA-07,B3,16,2026-05-11T06:12:00Z,2026-05-15T05:12:00Z
Y-702816,C-0042816,SLAB-502816,AREA-08,B4,17,2026-05-11T17:50:00Z,2026-05-19T16:50:00Z
Y-702817,C-0042817,SLAB-502817,AREA-09,B5,18,2026-05-11T21:50:00Z,2026-05-20T20:50:00Z
Y-702818,C-0042818,SLAB-502818,AREA-10,B6,19,2026-05-11T19:51:00Z,2026-05-30T18:51:00Z
Y-702819,C-0042819,SLAB-502819,AREA-11,B7,20,2026-05-11T08:52:00Z,2026-05-30T07:52:00Z
Y-702820,C-0042820,SLAB-502820,AREA-12,B8,21,2026-05-12T15:49:00Z,2026-05-16T14:49:00Z
Y-702821,C-0042821,SLAB-502821,AREA-13,B9,22,2026-05-12T01:53:00Z,2026-05-23T00:53:00Z
Y-702822,C-0042822,SLAB-502822,AREA-01,B1,23,2026-05-10T23:00:00Z,2026-05-20T22:00:00Z
Y-702823,C-0042823,SLAB-502823,AREA-02,B2,24,2026-05-12T06:50:00Z,2026-05-21T05:50:00Z
Y-702824,C-0042824,SLAB-502824,AREA-03,B3,25,2026-05-11T07:52:00Z,2026-05-18T06:52:00Z
Y-702825,C-0042825,SLAB-502825,AREA-04,B4,26,2026-05-12T13:50:00Z,2026-05-26T12:50:00Z
Y-702826,C-0042826,SLAB-502826,AREA-05,B5,27,2026-05-12T02:54:00Z,2026-05-22T01:54:00Z
Y-702827,C-0042827,SLAB-502827,AREA-06,B6,28,2026-05-10T12:53:00Z,2026-05-29T11:53:00Z
Y-702828,C-0042828,SLAB-502828,AREA-07,B7,29,2026-05-11T12:56:00Z,2026-05-29T11:56:00Z
Y-702829,C-0042829,SLAB-502829,AREA-08,B8,30,2026-05-11T04:55:00Z,2026-05-29T03:55:00Z
Y-702830,C-0042830,SLAB-502830,AREA-09,B9,31,2026-05-12T07:57:00Z,2026-05-23T06:57:00Z
Y-702831,C-0042831,SLAB-502831,AREA-10,B1,32,2026-05-12T03:53:00Z,2026-05-21T02:53:00Z
Y-702832,C-0042832,SLAB-502832,AREA-11,B2,33,2026-05-11T06:53:00Z,2026-05-22T05:53:00Z
Y-702833,C-0042833,SLAB-502833,AREA-12,B3,34,2026-05-10T20:49:00Z,2026-05-21T19:49:00Z
Y-702834,C-0042834,SLAB-502834,AREA-13,B4,35,2026-05-12T08:56:00Z,2026-05-14T07:56:00Z
Y-702835,C-0042835,SLAB-502835,AREA-01,B5,36,2026-05-11T01:27:00Z,2026-05-26T00:27:00Z
Y-702836,C-0042836,SLAB-502836,AREA-02,B6,37,2026-05-10T23:26:00Z,2026-05-19T22:26:00Z
Y-702837,C-0042837,SLAB-502837,AREA-03,B7,38,2026-05-12T07:22:00Z,2026-05-16T06:22:00Z
Y-702838,C-0042838,SLAB-502838,AREA-04,B8,39,2026-05-11T06:29:00Z,2026-05-29T05:29:00Z
Y-702839,C-0042839,SLAB-502839,AREA-05,B9,40,2026-05-11T15:24:00Z,2026-05-28T14:24:00Z
Y-702840,C-0042840,SLAB-502840,AREA-06,B1,1,2026-05-12T07:28:00Z,2026-05-19T06:28:00Z
Y-702841,C-0042841,SLAB-502841,AREA-07,B2,2,2026-05-12T01:29:00Z,2026-05-26T00:29:00Z
Y-702842,C-0042842,SLAB-502842,AREA-08,B3,3,2026-05-11T10:22:00Z,2026-05-14T09:22:00Z
Y-702843,C-0042843,SLAB-502843,AREA-09,B4,4,2026-05-11T01:26:00Z,2026-05-22T00:26:00Z
Y-702844,C-0042844,SLAB-502844,AREA-10,B5,5,2026-05-11T15:26:00Z,2026-05-18T14:26:00Z
Y-702845,C-0042845,SLAB-502845,AREA-11,B6,6,2026-05-10T14:24:00Z,2026-05-30T13:24:00Z
Y-702846,C-0042846,SLAB-502846,AREA-12,B7,7,2026-05-11T17:09:00Z,2026-05-28T16:09:00Z
Y-702847,C-0042847,SLAB-502847,AREA-13,B8,8,2026-05-11T12:00:00Z,2026-05-17T11:00:00Z
Y-702848,C-0042848,SLAB-502848,AREA-01,B9,9,2026-05-11T12:05:00Z,2026-05-25T11:05:00Z
Y-702849,C-0042849,SLAB-502849,AREA-02,B1,10,2026-05-11T08:11:00Z,2026-05-15T07:11:00Z
Y-702850,C-0042850,SLAB-502850,AREA-03,B2,11,2026-05-10T17:06:00Z,2026-05-23T16:06:00Z
Y-702851,C-0042851,SLAB-502851,AREA-04,B3,12,2026-05-11T22:08:00Z,2026-05-26T21:08:00Z
Y-702852,C-0042852,SLAB-502852,AREA-05,B4,13,2026-05-11T11:06:00Z,2026-05-21T10:06:00Z
Y-702853,C-0042853,SLAB-502853,AREA-06,B5,14,2026-05-11T16:10:00Z,2026-05-15T15:10:00Z
Y-702854,C-0042854,SLAB-502854,AREA-07,B6,15,2026-05-10T17:02:00Z,2026-05-23T16:02:00Z
Y-702855,C-0042855,SLAB-502855,AREA-08,B7,16,2026-05-12T09:12:00Z,2026-05-20T08:12:00Z
Y-702856,C-0042856,SLAB-502856,AREA-09,B8,17,2026-05-12T11:47:00Z,2026-06-01T10:47:00Z
Y-702857,C-0042857,SLAB-502857,AREA-10,B9,18,2026-05-11T18:42:00Z,2026-05-25T17:42:00Z
Y-702858,C-0042858,SLAB-502858,AREA-11,B1,19,2026-05-11T17:44:00Z,2026-05-15T16:44:00Z
Y-702859,C-0042859,SLAB-502859,AREA-12,B2,20,2026-05-11T05:40:00Z,2026-05-13T04:40:00Z
Y-702860,C-0042860,SLAB-502860,AREA-13,B3,21,2026-05-10T18:44:00Z,2026-05-19T17:44:00Z
Y-702861,C-0042861,SLAB-502861,AREA-01,B4,22,2026-05-11T07:42:00Z,2026-05-20T06:42:00Z
Y-702862,C-0042862,SLAB-502862,AREA-02,B5,23,2026-05-12T07:45:00Z,2026-05-17T06:45:00Z
Y-702863,C-0042863,SLAB-502863,AREA-03,B6,24,2026-05-11T04:44:00Z,2026-05-22T03:44:00Z
Y-702864,C-0042864,SLAB-502864,AREA-04,B7,25,2026-05-11T11:48:00Z,2026-05-14T10:48:00Z
Y-702865,C-0042865,SLAB-502865,AREA-05,B8,26,2026-05-12T22:41:00Z,2026-05-28T21:41:00Z
Y-702866,C-0042866,SLAB-502866,AREA-06,B9,27,2026-05-11T15:42:00Z,2026-05-30T14:42:00Z
Y-702867,C-0042867,SLAB-502867,AREA-07,B1,28,2026-05-12T20:29:00Z,2026-05-29T19:29:00Z
Y-702868,C-0042868,SLAB-502868,AREA-08,B2,29,2026-05-12T10:27:00Z,2026-05-19T09:27:00Z
Y-702869,C-0042869,SLAB-502869,AREA-09,B3,30,2026-05-11T20:26:00Z,2026-05-27T19:26:00Z
Y-702870,C-0042870,SLAB-502870,AREA-10,B4,31,2026-05-11T22:26:00Z,2026-05-31T21:26:00Z
Y-702871,C-0042871,SLAB-502871,AREA-11,B5,32,2026-05-11T22:25:00Z,2026-05-26T21:25:00Z
Y-702872,C-0042872,SLAB-502872,AREA-12,B6,33,2026-05-11T01:30:00Z,2026-05-31T00:30:00Z
Y-702873,C-0042873,SLAB-502873,AREA-13,B7,34,2026-05-10T23:28:00Z,2026-05-13T22:28:00Z
Y-702874,C-0042874,SLAB-502874,AREA-01,B8,35,2026-05-10T12:26:00Z,2026-05-29T11:26:00Z
Y-702875,C-0042875,SLAB-502875,AREA-02,B9,36,2026-05-11T17:28:00Z,2026-05-23T16:28:00Z
Y-702876,C-0042876,SLAB-502876,AREA-03,B1,37,2026-05-11T07:14:00Z,2026-05-16T06:14:00Z
Y-702877,C-0042877,SLAB-502877,AREA-04,B2,38,2026-05-11T02:17:00Z,2026-05-13T01:17:00Z
Y-702878,C-0042878,SLAB-502878,AREA-05,B3,39,2026-05-10T15:19:00Z,2026-05-12T14:19:00Z
Y-702879,C-0042879,SLAB-502879,AREA-06,B4,40,2026-05-12T01:09:00Z,2026-05-16T00:09:00Z
Y-702880,C-0042880,SLAB-502880,AREA-07,B5,1,2026-05-11T03:09:00Z,2026-05-31T02:09:00Z
Y-702881,C-0042881,SLAB-502881,AREA-08,B6,2,2026-05-11T18:10:00Z,2026-05-27T17:10:00Z
Y-702882,C-0042882,SLAB-502882,AREA-09,B7,3,2026-05-12T23:05:00Z,2026-05-27T22:05:00Z
Y-702883,C-0042883,SLAB-502883,AREA-10,B8,4,2026-05-11T04:12:00Z,2026-05-20T03:12:00Z
Y-702884,C-0042884,SLAB-502884,AREA-11,B9,5,2026-05-11T17:10:00Z,2026-05-19T16:10:00Z
Y-702885,C-0042885,SLAB-502885,AREA-12,B1,6,2026-05-13T03:09:00Z,2026-05-23T02:09:00Z
Y-702886,C-0042886,SLAB-502886,AREA-13,B2,7,2026-05-10T20:39:00Z,2026-05-14T19:39:00Z
Y-702887,C-0042887,SLAB-502887,AREA-01,B3,8,2026-05-12T05:37:00Z,2026-05-19T04:37:00Z
Y-702888,C-0042888,SLAB-502888,AREA-02,B4,9,2026-05-11T04:35:00Z,2026-05-30T03:35:00Z
Y-702889,C-0042889,SLAB-502889,AREA-03,B5,10,2026-05-11T13:40:00Z,2026-05-18T12:40:00Z
Y-702890,C-0042890,SLAB-502890,AREA-04,B6,11,2026-05-10T22:33:00Z,2026-05-15T21:33:00Z
Y-702891,C-0042891,SLAB-502891,AREA-05,B7,12,2026-05-11T16:37:00Z,2026-05-23T15:37:00Z
Y-702892,C-0042892,SLAB-502892,AREA-06,B8,13,2026-05-12T02:35:00Z,2026-05-25T01:35:00Z
Y-702893,C-0042893,SLAB-502893,AREA-07,B9,14,2026-05-10T10:41:00Z,2026-05-25T09:41:00Z
Y-702894,C-0042894,SLAB-502894,AREA-08,B1,15,2026-05-11T04:33:00Z,2026-05-13T03:33:00Z
Y-702895,C-0042895,SLAB-502895,AREA-09,B2,16,2026-05-11T10:33:00Z,2026-05-22T09:33:00Z
Y-702896,C-0042896,SLAB-502896,AREA-10,B3,17,2026-05-12T15:47:00Z,2026-05-14T14:47:00Z
Y-702897,C-0042897,SLAB-502897,AREA-11,B4,18,2026-05-11T08:47:00Z,2026-05-23T07:47:00Z
Y-702898,C-0042898,SLAB-502898,AREA-12,B5,19,2026-05-11T16:43:00Z,2026-05-19T15:43:00Z
Y-702899,C-0042899,SLAB-502899,AREA-13,B6,20,2026-05-12T01:41:00Z,2026-05-20T00:41:00Z
Y-702900,C-0042900,SLAB-502900,AREA-01,B7,21,2026-05-11T14:51:00Z,2026-05-23T13:51:00Z
Y-702901,C-0042901,SLAB-502901,AREA-02,B8,22,2026-05-11T14:47:00Z,2026-05-24T13:47:00Z
Y-702902,C-0042902,SLAB-502902,AREA-03,B9,23,2026-05-11T01:43:00Z,2026-05-13T00:43:00Z
Y-702903,C-0042903,SLAB-502903,AREA-04,B1,24,2026-05-12T21:47:00Z,2026-05-25T20:47:00Z
Y-702904,C-0042904,SLAB-502904,AREA-05,B2,25,2026-05-10T23:48:00Z,2026-05-29T22:48:00Z
Y-702905,C-0042905,SLAB-502905,AREA-06,B3,26,2026-05-11T16:04:00Z,2026-05-20T15:04:00Z
Y-702906,C-0042906,SLAB-502906,AREA-07,B4,27,2026-05-11T08:01:00Z,2026-05-23T07:01:00Z
Y-702907,C-0042907,SLAB-502907,AREA-08,B5,28,2026-05-11T21:04:00Z,2026-05-19T20:04:00Z
Y-702908,C-0042908,SLAB-502908,AREA-09,B6,29,2026-05-13T00:58:00Z,2026-05-31T23:58:00Z
Y-702909,C-0042909,SLAB-502909,AREA-10,B7,30,2026-05-12T03:00:00Z,2026-05-31T02:00:00Z
Y-702910,C-0042910,SLAB-502910,AREA-11,B8,31,2026-05-13T02:00:00Z,2026-05-19T01:00:00Z
Y-702911,C-0042911,SLAB-502911,AREA-12,B9,32,2026-05-12T15:09:00Z,2026-05-16T14:09:00Z
Y-702912,C-0042912,SLAB-502912,AREA-13,B1,33,2026-05-10T14:02:00Z,2026-05-27T13:02:00Z
Y-702913,C-0042913,SLAB-502913,AREA-01,B2,34,2026-05-12T20:05:00Z,2026-05-24T19:05:00Z
Y-702914,C-0042914,SLAB-502914,AREA-02,B3,35,2026-05-11T19:00:00Z,2026-05-31T18:00:00Z
Y-702915,C-0042915,SLAB-502915,AREA-03,B4,36,2026-05-10T22:07:00Z,2026-05-22T21:07:00Z
Y-702916,C-0042916,SLAB-502916,AREA-04,B5,37,2026-05-12T14:58:00Z,2026-05-23T13:58:00Z
Y-702917,C-0042917,SLAB-502917,AREA-05,B6,38,2026-05-12T16:01:00Z,2026-05-30T15:01:00Z
Y-702918,C-0042918,SLAB-502918,AREA-06,B7,39,2026-05-11T21:55:00Z,2026-05-20T20:55:00Z
Y-702919,C-0042919,SLAB-502919,AREA-07,B8,40,2026-05-11T09:56:00Z,2026-05-13T08:56:00Z
Y-702920,C-0042920,SLAB-502920,AREA-08,B9,1,2026-05-13T02:55:00Z,2026-05-22T01:55:00Z
Y-702921,C-0042921,SLAB-502921,AREA-09,B1,2,2026-05-11T21:01:00Z,2026-05-13T20:01:00Z
Y-702922,C-0042922,SLAB-502922,AREA-10,B2,3,2026-05-11T01:59:00Z,2026-05-18T00:59:00Z
Y-702923,C-0042923,SLAB-502923,AREA-11,B3,4,2026-05-11T02:57:00Z,2026-05-25T01:57:00Z
Y-702924,C-0042924,SLAB-502924,AREA-12,B4,5,2026-05-11T23:38:00Z,2026-05-24T22:38:00Z
Y-702925,C-0042925,SLAB-502925,AREA-13,B5,6,2026-05-11T21:32:00Z,2026-05-30T20:32:00Z
Y-702926,C-0042926,SLAB-502926,AREA-01,B6,7,2026-05-11T14:43:00Z,2026-05-26T13:43:00Z
Y-702927,C-0042927,SLAB-502927,AREA-02,B7,8,2026-05-12T16:45:00Z,2026-05-15T15:45:00Z
Y-702928,C-0042928,SLAB-502928,AREA-03,B8,9,2026-05-11T18:42:00Z,2026-05-18T17:42:00Z
Y-702929,C-0042929,SLAB-502929,AREA-04,B9,10,2026-05-13T09:35:00Z,2026-05-17T08:35:00Z
Y-702930,C-0042930,SLAB-502930,AREA-05,B1,11,2026-05-11T04:33:00Z,2026-05-22T03:33:00Z
Y-702931,C-0042931,SLAB-502931,AREA-06,B2,12,2026-05-11T11:38:00Z,2026-05-27T10:38:00Z
Y-702932,C-0042932,SLAB-502932,AREA-07,B3,13,2026-05-12T03:37:00Z,2026-05-14T02:37:00Z
Y-702933,C-0042933,SLAB-502933,AREA-08,B4,14,2026-05-11T06:39:00Z,2026-05-15T05:39:00Z
Y-702934,C-0042934,SLAB-502934,AREA-09,B5,15,2026-05-10T20:35:00Z,2026-05-17T19:35:00Z
Y-702935,C-0042935,SLAB-502935,AREA-10,B6,16,2026-05-13T05:11:00Z,2026-05-30T04:11:00Z
Y-702936,C-0042936,SLAB-502936,AREA-11,B7,17,2026-05-13T03:12:00Z,2026-05-18T02:12:00Z
Y-702937,C-0042937,SLAB-502937,AREA-12,B8,18,2026-05-12T13:08:00Z,2026-05-19T12:08:00Z
Y-702938,C-0042938,SLAB-502938,AREA-13,B9,19,2026-05-10T19:17:00Z,2026-05-28T18:17:00Z
Y-702939,C-0042939,SLAB-502939,AREA-01,B1,20,2026-05-11T13:09:00Z,2026-05-27T12:09:00Z
Y-702940,C-0042940,SLAB-502940,AREA-02,B2,21,2026-05-11T15:15:00Z,2026-05-23T14:15:00Z
Y-702941,C-0042941,SLAB-502941,AREA-03,B3,22,2026-05-11T12:14:00Z,2026-05-28T11:14:00Z
Y-702942,C-0042942,SLAB-502942,AREA-04,B4,23,2026-05-13T04:04:00Z,2026-05-30T03:04:00Z
Y-702943,C-0042943,SLAB-502943,AREA-05,B5,24,2026-05-12T08:14:00Z,2026-05-20T07:14:00Z
Y-702944,C-0042944,SLAB-502944,AREA-06,B6,25,2026-05-11T11:19:00Z,2026-05-16T10:19:00Z
Y-702945,C-0042945,SLAB-502945,AREA-07,B7,26,2026-05-12T15:18:00Z,2026-05-21T14:18:00Z
Y-702946,C-0042946,SLAB-502946,AREA-08,B8,27,2026-05-12T19:18:00Z,2026-05-21T18:18:00Z
Y-702947,C-0042947,SLAB-502947,AREA-09,B9,28,2026-05-11T18:21:00Z,2026-05-17T17:21:00Z
Y-702948,C-0042948,SLAB-502948,AREA-10,B1,29,2026-05-11T19:17:00Z,2026-05-16T18:17:00Z
Y-702949,C-0042949,SLAB-502949,AREA-11,B2,30,2026-05-11T18:21:00Z,2026-05-13T17:21:00Z
Y-702950,C-0042950,SLAB-502950,AREA-12,B3,31,2026-05-10T17:17:00Z,2026-05-24T16:17:00Z
Y-702951,C-0042951,SLAB-502951,AREA-13,B4,32,2026-05-12T15:50:00Z,2026-05-24T14:50:00Z
Y-702952,C-0042952,SLAB-502952,AREA-01,B5,33,2026-05-11T05:50:00Z,2026-05-29T04:50:00Z
Y-702953,C-0042953,SLAB-502953,AREA-02,B6,34,2026-05-11T05:49:00Z,2026-05-29T04:49:00Z
Y-702954,C-0042954,SLAB-502954,AREA-03,B7,35,2026-05-11T07:49:00Z,2026-05-27T06:49:00Z
Y-702955,C-0042955,SLAB-502955,AREA-04,B8,36,2026-05-12T00:49:00Z,2026-05-28T23:49:00Z
Y-702956,C-0042956,SLAB-502956,AREA-05,B9,37,2026-05-10T20:53:00Z,2026-05-13T19:53:00Z
Y-702957,C-0042957,SLAB-502957,AREA-06,B1,38,2026-05-11T10:53:00Z,2026-05-17T09:53:00Z
Y-702958,C-0042958,SLAB-502958,AREA-07,B2,39,2026-05-12T17:48:00Z,2026-05-30T16:48:00Z
Y-702959,C-0042959,SLAB-502959,AREA-08,B3,40,2026-05-12T04:17:00Z,2026-05-18T03:17:00Z
Y-702960,C-0042960,SLAB-502960,AREA-09,B4,1,2026-05-11T13:14:00Z,2026-05-28T12:14:00Z
Y-702961,C-0042961,SLAB-502961,AREA-10,B5,2,2026-05-12T18:13:00Z,2026-05-17T17:13:00Z
Y-702962,C-0042962,SLAB-502962,AREA-11,B6,3,2026-05-11T22:14:00Z,2026-05-24T21:14:00Z
Y-702963,C-0042963,SLAB-502963,AREA-12,B7,4,2026-05-12T21:21:00Z,2026-05-21T20:21:00Z
Y-702964,C-0042964,SLAB-502964,AREA-13,B8,5,2026-05-12T03:17:00Z,2026-05-16T02:17:00Z
Y-702965,C-0042965,SLAB-502965,AREA-01,B9,6,2026-05-12T02:16:00Z,2026-05-26T01:16:00Z
Y-702966,C-0042966,SLAB-502966,AREA-02,B1,7,2026-05-11T06:53:00Z,2026-05-23T05:53:00Z
Y-702967,C-0042967,SLAB-502967,AREA-03,B2,8,2026-05-11T15:54:00Z,2026-05-29T14:54:00Z
Y-702968,C-0042968,SLAB-502968,AREA-04,B3,9,2026-05-11T10:55:00Z,2026-05-17T09:55:00Z
Y-702969,C-0042969,SLAB-502969,AREA-05,B4,10,2026-05-10T23:55:00Z,2026-05-14T22:55:00Z
Y-702970,C-0042970,SLAB-502970,AREA-06,B5,11,2026-05-11T03:54:00Z,2026-05-23T02:54:00Z
Y-702971,C-0042971,SLAB-502971,AREA-07,B6,12,2026-05-12T15:58:00Z,2026-05-24T14:58:00Z
Y-702972,C-0042972,SLAB-502972,AREA-08,B7,13,2026-05-12T02:53:00Z,2026-05-25T01:53:00Z
Y-702973,C-0042973,SLAB-502973,AREA-09,B8,14,2026-05-11T05:55:00Z,2026-05-24T04:55:00Z
Y-702974,C-0042974,SLAB-502974,AREA-10,B9,15,2026-05-11T00:57:00Z,2026-05-17T23:57:00Z
Y-702975,C-0042975,SLAB-502975,AREA-11,B1,16,2026-05-12T03:54:00Z,2026-05-20T02:54:00Z
Y-702976,C-0042976,SLAB-502976,AREA-12,B2,17,2026-05-12T19:56:00Z,2026-05-26T18:56:00Z
Y-702977,C-0042977,SLAB-502977,AREA-13,B3,18,2026-05-12T12:36:00Z,2026-05-26T11:36:00Z
Y-702978,C-0042978,SLAB-502978,AREA-01,B4,19,2026-05-11T12:35:00Z,2026-05-21T11:35:00Z
Y-702979,C-0042979,SLAB-502979,AREA-02,B5,20,2026-05-11T15:36:00Z,2026-05-14T14:36:00Z
Y-702980,C-0042980,SLAB-502980,AREA-03,B6,21,2026-05-11T16:36:00Z,2026-05-29T15:36:00Z
Y-702981,C-0042981,SLAB-502981,AREA-04,B7,22,2026-05-12T05:37:00Z,2026-05-21T04:37:00Z
Y-702982,C-0042982,SLAB-502982,AREA-05,B8,23,2026-05-12T09:37:00Z,2026-05-16T08:37:00Z
Y-702983,C-0042983,SLAB-502983,AREA-06,B9,24,2026-05-11T23:41:00Z,2026-05-16T22:41:00Z
Y-702984,C-0042984,SLAB-502984,AREA-07,B1,25,2026-05-10T18:43:00Z,2026-05-27T17:43:00Z
Y-702985,C-0042985,SLAB-502985,AREA-08,B2,26,2026-05-11T11:28:00Z,2026-05-13T10:28:00Z
Y-702986,C-0042986,SLAB-502986,AREA-09,B3,27,2026-05-12T17:26:00Z,2026-05-17T16:26:00Z
Y-702987,C-0042987,SLAB-502987,AREA-10,B4,28,2026-05-12T14:31:00Z,2026-06-01T13:31:00Z
Y-702988,C-0042988,SLAB-502988,AREA-11,B5,29,2026-05-13T04:29:00Z,2026-05-15T03:29:00Z
Y-702989,C-0042989,SLAB-502989,AREA-12,B6,30,2026-05-11T22:28:00Z,2026-05-16T21:28:00Z
Y-702990,C-0042990,SLAB-502990,AREA-13,B7,31,2026-05-12T21:26:00Z,2026-05-26T20:26:00Z
Y-702991,C-0042991,SLAB-502991,AREA-01,B8,32,2026-05-12T04:27:00Z,2026-05-25T03:27:00Z
Y-702992,C-0042992,SLAB-502992,AREA-02,B9,33,2026-05-11T09:28:00Z,2026-05-30T08:28:00Z
Y-702993,C-0042993,SLAB-502993,AREA-03,B1,34,2026-05-13T10:05:00Z,2026-05-23T09:05:00Z
Y-702994,C-0042994,SLAB-502994,AREA-04,B2,35,2026-05-13T01:06:00Z,2026-05-29T00:06:00Z
Y-702995,C-0042995,SLAB-502995,AREA-05,B3,36,2026-05-12T08:06:00Z,2026-05-17T07:06:00Z
Y-702996,C-0042996,SLAB-502996,AREA-06,B4,37,2026-05-12T21:03:00Z,2026-05-29T20:03:00Z
Y-702997,C-0042997,SLAB-502997,AREA-07,B5,38,2026-05-12T06:05:00Z,2026-06-01T05:05:00Z
Y-702998,C-0042998,SLAB-502998,AREA-08,B6,39,2026-05-12T22:01:00Z,2026-05-25T21:01:00Z
Y-702999,C-0042999,SLAB-502999,AREA-09,B7,40,2026-05-11T01:06:00Z,2026-05-22T00:06:00Z
Y-703000,C-0043000,SLAB-503000,AREA-10,B8,1,2026-05-12T12:45:00Z,2026-05-25T11:45:00Z
Y-703001,C-0043001,SLAB-503001,AREA-11,B9,2,2026-05-11T23:51:00Z,2026-05-22T22:51:00Z
Y-703002,C-0043002,SLAB-503002,AREA-12,B1,3,2026-05-11T13:50:00Z,2026-05-22T12:50:00Z
Y-703003,C-0043003,SLAB-503003,AREA-13,B2,4,2026-05-13T13:47:00Z,2026-05-26T12:47:00Z
Y-703004,C-0043004,SLAB-503004,AREA-01,B3,5,2026-05-11T12:50:00Z,2026-05-23T11:50:00Z
Y-703005,C-0043005,SLAB-503005,AREA-02,B4,6,2026-05-12T17:47:00Z,2026-05-20T16:47:00Z
Y-703006,C-0043006,SLAB-503006,AREA-03,B5,7,2026-05-12T16:51:00Z,2026-06-01T15:51:00Z
Y-703007,C-0043007,SLAB-503007,AREA-04,B6,8,2026-05-12T16:45:00Z,2026-05-18T15:45:00Z
Y-703008,C-0043008,SLAB-503008,AREA-05,B7,9,2026-05-12T14:47:00Z,2026-05-21T13:47:00Z
Y-703009,C-0043009,SLAB-503009,AREA-06,B8,10,2026-05-11T13:36:00Z,2026-05-18T12:36:00Z
Y-703010,C-0043010,SLAB-503010,AREA-07,B9,11,2026-05-11T12:33:00Z,2026-05-18T11:33:00Z
Y-703011,C-0043011,SLAB-503011,AREA-08,B1,12,2026-05-12T11:30:00Z,2026-05-29T10:30:00Z
Y-703012,C-0043012,SLAB-503012,AREA-09,B2,13,2026-05-11T02:34:00Z,2026-05-22T01:34:00Z
Y-703013,C-0043013,SLAB-503013,AREA-10,B3,14,2026-05-11T15:33:00Z,2026-05-20T14:33:00Z
Y-703014,C-0043014,SLAB-503014,AREA-11,B4,15,2026-05-11T13:32:00Z,2026-05-17T12:32:00Z
Y-703015,C-0043015,SLAB-503015,AREA-12,B5,16,2026-05-11T19:38:00Z,2026-05-19T18:38:00Z
Y-703016,C-0043016,SLAB-503016,AREA-13,B6,17,2026-05-12T20:31:00Z,2026-05-23T19:31:00Z
Y-703017,C-0043017,SLAB-503017,AREA-01,B7,18,2026-05-12T03:36:00Z,2026-06-01T02:36:00Z
Y-703018,C-0043018,SLAB-503018,AREA-02,B8,19,2026-05-11T12:51:00Z,2026-05-19T11:51:00Z
Y-703019,C-0043019,SLAB-503019,AREA-03,B9,20,2026-05-10T23:48:00Z,2026-05-30T22:48:00Z
Y-703020,C-0043020,SLAB-503020,AREA-04,B1,21,2026-05-12T00:52:00Z,2026-05-14T23:52:00Z
Y-703021,C-0043021,SLAB-503021,AREA-05,B2,22,2026-05-11T15:46:00Z,2026-05-13T14:46:00Z
Y-703022,C-0043022,SLAB-503022,AREA-06,B3,23,2026-05-11T02:52:00Z,2026-05-15T01:52:00Z
Y-703023,C-0043023,SLAB-503023,AREA-07,B4,24,2026-05-12T15:50:00Z,2026-05-22T14:50:00Z
Y-703024,C-0043024,SLAB-503024,AREA-08,B5,25,2026-05-12T09:56:00Z,2026-05-18T08:56:00Z
Y-703025,C-0043025,SLAB-503025,AREA-09,B6,26,2026-05-11T17:53:00Z,2026-05-22T16:53:00Z
Y-703026,C-0043026,SLAB-503026,AREA-10,B7,27,2026-05-13T02:54:00Z,2026-05-16T01:54:00Z
Y-703027,C-0043027,SLAB-503027,AREA-11,B8,28,2026-05-12T02:52:00Z,2026-05-16T01:52:00Z
Y-703028,C-0043028,SLAB-503028,AREA-12,B9,29,2026-05-13T09:55:00Z,2026-05-18T08:55:00Z
Y-703029,C-0043029,SLAB-503029,AREA-13,B1,30,2026-05-11T07:38:00Z,2026-05-21T06:38:00Z
Y-703030,C-0043030,SLAB-503030,AREA-01,B2,31,2026-05-12T18:39:00Z,2026-05-30T17:39:00Z
Y-703031,C-0043031,SLAB-503031,AREA-02,B3,32,2026-05-11T20:38:00Z,2026-05-28T19:38:00Z
Y-703032,C-0043032,SLAB-503032,AREA-03,B4,33,2026-05-11T23:39:00Z,2026-05-26T22:39:00Z
Y-703033,C-0043033,SLAB-503033,AREA-04,B5,34,2026-05-12T18:32:00Z,2026-05-26T17:32:00Z
Y-703034,C-0043034,SLAB-503034,AREA-05,B6,35,2026-05-11T14:30:00Z,2026-05-15T13:30:00Z
Y-703035,C-0043035,SLAB-503035,AREA-06,B7,36,2026-05-11T22:30:00Z,2026-05-30T21:30:00Z
Y-703036,C-0043036,SLAB-503036,AREA-07,B8,37,2026-05-12T05:39:00Z,2026-06-01T04:39:00Z
Y-703037,C-0043037,SLAB-503037,AREA-08,B9,38,2026-05-12T01:36:00Z,2026-05-23T00:36:00Z
Y-703038,C-0043038,SLAB-503038,AREA-09,B1,39,2026-05-11T22:22:00Z,2026-05-25T21:22:00Z
Y-703039,C-0043039,SLAB-503039,AREA-10,B2,40,2026-05-12T00:20:00Z,2026-05-22T23:20:00Z
Y-703040,C-0043040,SLAB-503040,AREA-11,B3,1,2026-05-12T08:27:00Z,2026-05-21T07:27:00Z
Y-703041,C-0043041,SLAB-503041,AREA-12,B4,2,2026-05-11T08:22:00Z,2026-05-21T07:22:00Z
Y-703042,C-0043042,SLAB-503042,AREA-13,B5,3,2026-05-11T21:26:00Z,2026-05-13T20:26:00Z
Y-703043,C-0043043,SLAB-503043,AREA-01,B6,4,2026-05-12T07:26:00Z,2026-05-17T06:26:00Z
Y-703044,C-0043044,SLAB-503044,AREA-02,B7,5,2026-05-13T01:20:00Z,2026-05-25T00:20:00Z
Y-703045,C-0043045,SLAB-503045,AREA-03,B8,6,2026-05-12T15:15:00Z,2026-05-21T14:15:00Z
Y-703046,C-0043046,SLAB-503046,AREA-04,B9,7,2026-05-12T22:08:00Z,2026-05-27T21:08:00Z
Y-703047,C-0043047,SLAB-503047,AREA-05,B1,8,2026-05-13T05:05:00Z,2026-05-25T04:05:00Z
Y-703048,C-0043048,SLAB-503048,AREA-06,B2,9,2026-05-12T10:17:00Z,2026-05-28T09:17:00Z
Y-703049,C-0043049,SLAB-503049,AREA-07,B3,10,2026-05-12T03:10:00Z,2026-05-15T02:10:00Z
Y-703050,C-0043050,SLAB-503050,AREA-08,B4,11,2026-05-12T04:07:00Z,2026-05-25T03:07:00Z
Y-703051,C-0043051,SLAB-503051,AREA-09,B5,12,2026-05-12T09:11:00Z,2026-05-25T08:11:00Z
Y-703052,C-0043052,SLAB-503052,AREA-10,B6,13,2026-05-11T17:51:00Z,2026-05-26T16:51:00Z
Y-703053,C-0043053,SLAB-503053,AREA-11,B7,14,2026-05-11T20:58:00Z,2026-05-13T19:58:00Z
Y-703054,C-0043054,SLAB-503054,AREA-12,B8,15,2026-05-12T19:54:00Z,2026-06-01T18:54:00Z
Y-703055,C-0043055,SLAB-503055,AREA-13,B9,16,2026-05-12T02:53:00Z,2026-05-21T01:53:00Z
Y-703056,C-0043056,SLAB-503056,AREA-01,B1,17,2026-05-11T22:53:00Z,2026-05-25T21:53:00Z
Y-703057,C-0043057,SLAB-503057,AREA-02,B2,18,2026-05-12T13:56:00Z,2026-05-30T12:56:00Z
Y-703058,C-0043058,SLAB-503058,AREA-03,B3,19,2026-05-13T05:59:00Z,2026-05-21T04:59:00Z
Y-703059,C-0043059,SLAB-503059,AREA-04,B4,20,2026-05-12T13:51:00Z,2026-05-22T12:51:00Z
Y-703060,C-0043060,SLAB-503060,AREA-05,B5,21,2026-05-13T03:59:00Z,2026-05-23T02:59:00Z
Y-703061,C-0043061,SLAB-503061,AREA-06,B6,22,2026-05-13T02:40:00Z,2026-06-02T01:40:00Z
Y-703062,C-0043062,SLAB-503062,AREA-07,B7,23,2026-05-13T17:30:00Z,2026-05-23T16:30:00Z
Y-703063,C-0043063,SLAB-503063,AREA-08,B8,24,2026-05-12T03:37:00Z,2026-05-15T02:37:00Z
Y-703064,C-0043064,SLAB-503064,AREA-09,B9,25,2026-05-12T12:38:00Z,2026-05-16T11:38:00Z
Y-703065,C-0043065,SLAB-503065,AREA-10,B1,26,2026-05-12T05:40:00Z,2026-05-22T04:40:00Z
Y-703066,C-0043066,SLAB-503066,AREA-11,B2,27,2026-05-12T01:39:00Z,2026-05-16T00:39:00Z
Y-703067,C-0043067,SLAB-503067,AREA-12,B3,28,2026-05-11T05:38:00Z,2026-05-19T04:38:00Z
Y-703068,C-0043068,SLAB-503068,AREA-13,B4,29,2026-05-12T06:33:00Z,2026-05-26T05:33:00Z
Y-703069,C-0043069,SLAB-503069,AREA-01,B5,30,2026-05-13T13:32:00Z,2026-05-16T12:32:00Z
Y-703070,C-0043070,SLAB-503070,AREA-02,B6,31,2026-05-11T00:37:00Z,2026-05-23T23:37:00Z
Y-703071,C-0043071,SLAB-503071,AREA-03,B7,32,2026-05-11T13:08:00Z,2026-05-17T12:08:00Z
Y-703072,C-0043072,SLAB-503072,AREA-04,B8,33,2026-05-12T19:01:00Z,2026-05-25T18:01:00Z
Y-703073,C-0043073,SLAB-503073,AREA-05,B9,34,2026-05-12T19:06:00Z,2026-05-25T18:06:00Z
Y-703074,C-0043074,SLAB-503074,AREA-06,B1,35,2026-05-11T12:09:00Z,2026-05-29T11:09:00Z
Y-703075,C-0043075,SLAB-503075,AREA-07,B2,36,2026-05-12T06:05:00Z,2026-05-18T05:05:00Z
Y-703076,C-0043076,SLAB-503076,AREA-08,B3,37,2026-05-11T22:05:00Z,2026-05-21T21:05:00Z
Y-703077,C-0043077,SLAB-503077,AREA-09,B4,38,2026-05-12T06:08:00Z,2026-05-23T05:08:00Z
Y-703078,C-0043078,SLAB-503078,AREA-10,B5,39,2026-05-12T04:08:00Z,2026-05-18T03:08:00Z
Y-703079,C-0043079,SLAB-503079,AREA-11,B6,40,2026-05-13T14:57:00Z,2026-05-29T13:57:00Z
Y-703080,C-0043080,SLAB-503080,AREA-12,B7,1,2026-05-11T23:53:00Z,2026-05-16T22:53:00Z
Y-703081,C-0043081,SLAB-503081,AREA-13,B8,2,2026-05-12T12:56:00Z,2026-05-30T11:56:00Z
Y-703082,C-0043082,SLAB-503082,AREA-01,B9,3,2026-05-11T23:55:00Z,2026-05-18T22:55:00Z
Y-703083,C-0043083,SLAB-503083,AREA-02,B1,4,2026-05-12T08:53:00Z,2026-05-21T07:53:00Z
Y-703084,C-0043084,SLAB-503084,AREA-03,B2,5,2026-05-12T07:02:00Z,2026-05-31T06:02:00Z
Y-703085,C-0043085,SLAB-503085,AREA-04,B3,6,2026-05-12T10:56:00Z,2026-05-28T09:56:00Z
Y-703086,C-0043086,SLAB-503086,AREA-05,B4,7,2026-05-11T22:01:00Z,2026-05-20T21:01:00Z
Y-703087,C-0043087,SLAB-503087,AREA-06,B5,8,2026-05-12T22:02:00Z,2026-06-01T21:02:00Z
Y-703088,C-0043088,SLAB-503088,AREA-07,B6,9,2026-05-12T18:57:00Z,2026-06-01T17:57:00Z
Y-703089,C-0043089,SLAB-503089,AREA-08,B7,10,2026-05-12T03:58:00Z,2026-05-29T02:58:00Z
Y-703090,C-0043090,SLAB-503090,AREA-09,B8,11,2026-05-10T23:26:00Z,2026-05-23T22:26:00Z
Y-703091,C-0043091,SLAB-503091,AREA-10,B9,12,2026-05-12T07:29:00Z,2026-05-26T06:29:00Z
Y-703092,C-0043092,SLAB-503092,AREA-11,B1,13,2026-05-11T23:32:00Z,2026-05-18T22:32:00Z
Y-703093,C-0043093,SLAB-503093,AREA-12,B2,14,2026-05-12T13:37:00Z,2026-05-23T12:37:00Z
Y-703094,C-0043094,SLAB-503094,AREA-13,B3,15,2026-05-13T08:27:00Z,2026-05-24T07:27:00Z
Y-703095,C-0043095,SLAB-503095,AREA-01,B4,16,2026-05-13T20:26:00Z,2026-06-01T19:26:00Z
Y-703096,C-0043096,SLAB-503096,AREA-02,B5,17,2026-05-12T02:27:00Z,2026-05-31T01:27:00Z
Y-703097,C-0043097,SLAB-503097,AREA-03,B6,18,2026-05-11T21:33:00Z,2026-05-13T20:33:00Z
Y-703098,C-0043098,SLAB-503098,AREA-04,B7,19,2026-05-11T21:16:00Z,2026-05-22T20:16:00Z
Y-703099,C-0043099,SLAB-503099,AREA-05,B8,20,2026-05-12T16:18:00Z,2026-05-15T15:18:00Z
Y-703100,C-0043100,SLAB-503100,AREA-06,B9,21,2026-05-12T12:18:00Z,2026-05-21T11:18:00Z
Y-703101,C-0043101,SLAB-503101,AREA-07,B1,22,2026-05-13T05:17:00Z,2026-05-28T04:17:00Z
Y-703102,C-0043102,SLAB-503102,AREA-08,B2,23,2026-05-11T18:14:00Z,2026-05-21T17:14:00Z
Y-703103,C-0043103,SLAB-503103,AREA-09,B3,24,2026-05-12T08:16:00Z,2026-05-21T07:16:00Z
Y-703104,C-0043104,SLAB-503104,AREA-10,B4,25,2026-05-13T07:20:00Z,2026-05-19T06:20:00Z
Y-703105,C-0043105,SLAB-503105,AREA-11,B5,26,2026-05-12T16:16:00Z,2026-05-15T15:16:00Z
Y-703106,C-0043106,SLAB-503106,AREA-12,B6,27,2026-05-12T05:18:00Z,2026-05-21T04:18:00Z
Y-703107,C-0043107,SLAB-503107,AREA-13,B7,28,2026-05-12T06:15:00Z,2026-05-19T05:15:00Z
Y-703108,C-0043108,SLAB-503108,AREA-01,B8,29,2026-05-13T10:47:00Z,2026-05-16T09:47:00Z
Y-703109,C-0043109,SLAB-503109,AREA-02,B9,30,2026-05-13T09:46:00Z,2026-05-30T08:46:00Z
Y-703110,C-0043110,SLAB-503110,AREA-03,B1,31,2026-05-13T10:48:00Z,2026-05-20T09:48:00Z
Y-703111,C-0043111,SLAB-503111,AREA-04,B2,32,2026-05-12T13:40:00Z,2026-05-31T12:40:00Z
Y-703112,C-0043112,SLAB-503112,AREA-05,B3,33,2026-05-12T19:38:00Z,2026-05-14T18:38:00Z
Y-703113,C-0043113,SLAB-503113,AREA-06,B4,34,2026-05-12T18:46:00Z,2026-05-25T17:46:00Z
Y-703114,C-0043114,SLAB-503114,AREA-07,B5,35,2026-05-13T16:39:00Z,2026-05-18T15:39:00Z
Y-703115,C-0043115,SLAB-503115,AREA-08,B6,36,2026-05-12T21:48:00Z,2026-05-18T20:48:00Z
Y-703116,C-0043116,SLAB-503116,AREA-09,B7,37,2026-05-12T12:23:00Z,2026-05-15T11:23:00Z
Y-703117,C-0043117,SLAB-503117,AREA-10,B8,38,2026-05-12T23:29:00Z,2026-05-25T22:29:00Z
Y-703118,C-0043118,SLAB-503118,AREA-11,B9,39,2026-05-12T10:29:00Z,2026-05-25T09:29:00Z
Y-703119,C-0043119,SLAB-503119,AREA-12,B1,40,2026-05-13T01:28:00Z,2026-05-18T00:28:00Z
Y-703120,C-0043120,SLAB-503120,AREA-13,B2,1,2026-05-13T04:24:00Z,2026-05-23T03:24:00Z
Y-703121,C-0043121,SLAB-503121,AREA-01,B3,2,2026-05-12T22:20:00Z,2026-05-29T21:20:00Z
Y-703122,C-0043122,SLAB-503122,AREA-02,B4,3,2026-05-12T12:28:00Z,2026-06-01T11:28:00Z
Y-703123,C-0043123,SLAB-503123,AREA-03,B5,4,2026-05-12T10:20:00Z,2026-05-18T09:20:00Z
Y-703124,C-0043124,SLAB-503124,AREA-04,B6,5,2026-05-12T16:26:00Z,2026-06-01T15:26:00Z
Y-703125,C-0043125,SLAB-503125,AREA-05,B7,6,2026-05-11T17:32:00Z,2026-05-25T16:32:00Z
Y-703126,C-0043126,SLAB-503126,AREA-06,B8,7,2026-05-11T22:28:00Z,2026-05-24T21:28:00Z
Y-703127,C-0043127,SLAB-503127,AREA-07,B9,8,2026-05-12T08:23:00Z,2026-05-19T07:23:00Z
Y-703128,C-0043128,SLAB-503128,AREA-08,B1,9,2026-05-12T19:31:00Z,2026-05-21T18:31:00Z
Y-703129,C-0043129,SLAB-503129,AREA-09,B2,10,2026-05-13T11:25:00Z,2026-05-25T10:25:00Z
Y-703130,C-0043130,SLAB-503130,AREA-10,B3,11,2026-05-13T02:27:00Z,2026-05-25T01:27:00Z
Y-703131,C-0043131,SLAB-503131,AREA-11,B4,12,2026-05-12T23:29:00Z,2026-05-17T22:29:00Z
Y-703132,C-0043132,SLAB-503132,AREA-12,B5,13,2026-05-13T01:26:00Z,2026-05-23T00:26:00Z
Y-703133,C-0043133,SLAB-503133,AREA-13,B6,14,2026-05-13T00:01:00Z,2026-05-16T23:01:00Z
Y-703134,C-0043134,SLAB-503134,AREA-01,B7,15,2026-05-12T08:03:00Z,2026-06-01T07:03:00Z
Y-703135,C-0043135,SLAB-503135,AREA-02,B8,16,2026-05-11T21:57:00Z,2026-05-31T20:57:00Z
Y-703136,C-0043136,SLAB-503136,AREA-03,B9,17,2026-05-13T11:01:00Z,2026-05-28T10:01:00Z
Y-703137,C-0043137,SLAB-503137,AREA-04,B1,18,2026-05-12T00:01:00Z,2026-05-27T23:01:00Z
Y-703138,C-0043138,SLAB-503138,AREA-05,B2,19,2026-05-12T18:04:00Z,2026-05-19T17:04:00Z
Y-703139,C-0043139,SLAB-503139,AREA-06,B3,20,2026-05-13T15:04:00Z,2026-06-01T14:04:00Z
Y-703140,C-0043140,SLAB-503140,AREA-07,B4,21,2026-05-12T08:02:00Z,2026-05-16T07:02:00Z
Y-703141,C-0043141,SLAB-503141,AREA-08,B5,22,2026-05-13T06:02:00Z,2026-05-26T05:02:00Z
Y-703142,C-0043142,SLAB-503142,AREA-09,B6,23,2026-05-11T23:58:00Z,2026-05-29T22:58:00Z
Y-703143,C-0043143,SLAB-503143,AREA-10,B7,24,2026-05-13T22:04:00Z,2026-05-31T21:04:00Z
Y-703144,C-0043144,SLAB-503144,AREA-11,B8,25,2026-05-11T14:59:00Z,2026-05-19T13:59:00Z
Y-703145,C-0043145,SLAB-503145,AREA-12,B9,26,2026-05-12T17:57:00Z,2026-05-23T16:57:00Z
Y-703146,C-0043146,SLAB-503146,AREA-13,B1,27,2026-05-12T00:56:00Z,2026-05-26T23:56:00Z
Y-703147,C-0043147,SLAB-503147,AREA-01,B2,28,2026-05-12T20:56:00Z,2026-05-21T19:56:00Z
Y-703148,C-0043148,SLAB-503148,AREA-02,B3,29,2026-05-12T04:59:00Z,2026-05-23T03:59:00Z
Y-703149,C-0043149,SLAB-503149,AREA-03,B4,30,2026-05-12T10:55:00Z,2026-05-27T09:55:00Z
Y-703150,C-0043150,SLAB-503150,AREA-04,B5,31,2026-05-13T04:54:00Z,2026-05-22T03:54:00Z
Y-703151,C-0043151,SLAB-503151,AREA-05,B6,32,2026-05-11T15:53:00Z,2026-05-17T14:53:00Z
Y-703152,C-0043152,SLAB-503152,AREA-06,B7,33,2026-05-13T12:54:00Z,2026-05-27T11:54:00Z
Y-703153,C-0043153,SLAB-503153,AREA-07,B8,34,2026-05-13T18:58:00Z,2026-05-15T17:58:00Z
Y-703154,C-0043154,SLAB-503154,AREA-08,B9,35,2026-05-12T23:39:00Z,2026-05-30T22:39:00Z
Y-703155,C-0043155,SLAB-503155,AREA-09,B1,36,2026-05-13T04:35:00Z,2026-06-02T03:35:00Z
Y-703156,C-0043156,SLAB-503156,AREA-10,B2,37,2026-05-13T12:38:00Z,2026-05-24T11:38:00Z
Y-703157,C-0043157,SLAB-503157,AREA-11,B3,38,2026-05-12T15:31:00Z,2026-06-01T14:31:00Z
Y-703158,C-0043158,SLAB-503158,AREA-12,B4,39,2026-05-12T21:33:00Z,2026-05-31T20:33:00Z
Y-703159,C-0043159,SLAB-503159,AREA-13,B5,40,2026-05-12T18:33:00Z,2026-05-26T17:33:00Z
Y-703160,C-0043160,SLAB-503160,AREA-01,B6,1,2026-05-11T17:39:00Z,2026-05-20T16:39:00Z
Y-703161,C-0043161,SLAB-503161,AREA-02,B7,2,2026-05-12T09:35:00Z,2026-05-23T08:35:00Z
Y-703162,C-0043162,SLAB-503162,AREA-03,B8,3,2026-05-12T11:34:00Z,2026-05-14T10:34:00Z
Y-703163,C-0043163,SLAB-503163,AREA-04,B9,4,2026-05-13T12:39:00Z,2026-05-17T11:39:00Z
Y-703164,C-0043164,SLAB-503164,AREA-05,B1,5,2026-05-11T08:01:00Z,2026-05-14T07:01:00Z
Y-703165,C-0043165,SLAB-503165,AREA-06,B2,6,2026-05-13T15:57:00Z,2026-05-19T14:57:00Z
Y-703166,C-0043166,SLAB-503166,AREA-07,B3,7,2026-05-13T10:58:00Z,2026-05-22T09:58:00Z
Y-703167,C-0043167,SLAB-503167,AREA-08,B4,8,2026-05-12T04:00:00Z,2026-05-27T03:00:00Z
Y-703168,C-0043168,SLAB-503168,AREA-09,B5,9,2026-05-13T05:00:00Z,2026-05-17T04:00:00Z
Y-703169,C-0043169,SLAB-503169,AREA-10,B6,10,2026-05-13T18:03:00Z,2026-05-29T17:03:00Z
Y-703170,C-0043170,SLAB-503170,AREA-11,B7,11,2026-05-12T17:03:00Z,2026-05-22T16:03:00Z
Y-703171,C-0043171,SLAB-503171,AREA-12,B8,12,2026-05-11T18:07:00Z,2026-05-15T17:07:00Z
Y-703172,C-0043172,SLAB-503172,AREA-13,B9,13,2026-05-12T15:06:00Z,2026-05-27T14:06:00Z
Y-703173,C-0043173,SLAB-503173,AREA-01,B1,14,2026-05-13T08:03:00Z,2026-05-21T07:03:00Z
Y-703174,C-0043174,SLAB-503174,AREA-02,B2,15,2026-05-12T08:46:00Z,2026-05-16T07:46:00Z
Y-703175,C-0043175,SLAB-503175,AREA-03,B3,16,2026-05-12T18:40:00Z,2026-05-25T17:40:00Z
Y-703176,C-0043176,SLAB-503176,AREA-04,B4,17,2026-05-12T21:41:00Z,2026-05-23T20:41:00Z
Y-703177,C-0043177,SLAB-503177,AREA-05,B5,18,2026-05-12T06:50:00Z,2026-05-21T05:50:00Z
Y-703178,C-0043178,SLAB-503178,AREA-06,B6,19,2026-05-12T22:44:00Z,2026-05-15T21:44:00Z
Y-703179,C-0043179,SLAB-503179,AREA-07,B7,20,2026-05-12T01:46:00Z,2026-05-24T00:46:00Z
Y-703180,C-0043180,SLAB-503180,AREA-08,B8,21,2026-05-13T00:40:00Z,2026-05-16T23:40:00Z
Y-703181,C-0043181,SLAB-503181,AREA-09,B9,22,2026-05-11T15:52:00Z,2026-05-30T14:52:00Z
Y-703182,C-0043182,SLAB-503182,AREA-10,B1,23,2026-05-13T09:42:00Z,2026-05-31T08:42:00Z
Y-703183,C-0043183,SLAB-503183,AREA-11,B2,24,2026-05-12T05:50:00Z,2026-05-25T04:50:00Z
Y-703184,C-0043184,SLAB-503184,AREA-12,B3,25,2026-05-12T09:15:00Z,2026-05-23T08:15:00Z
Y-703185,C-0043185,SLAB-503185,AREA-13,B4,26,2026-05-13T04:18:00Z,2026-05-24T03:18:00Z
Y-703186,C-0043186,SLAB-503186,AREA-01,B5,27,2026-05-13T05:14:00Z,2026-05-27T04:14:00Z
Y-703187,C-0043187,SLAB-503187,AREA-02,B6,28,2026-05-14T04:12:00Z,2026-05-17T03:12:00Z
Y-703188,C-0043188,SLAB-503188,AREA-03,B7,29,2026-05-11T12:19:00Z,2026-05-14T11:19:00Z
Y-703189,C-0043189,SLAB-503189,AREA-04,B8,30,2026-05-13T23:14:00Z,2026-05-29T22:14:00Z
Y-703190,C-0043190,SLAB-503190,AREA-05,B9,31,2026-05-11T15:10:00Z,2026-05-14T14:10:00Z
Y-703191,C-0043191,SLAB-503191,AREA-06,B1,32,2026-05-12T06:14:00Z,2026-05-15T05:14:00Z
Y-703192,C-0043192,SLAB-503192,AREA-07,B2,33,2026-05-12T16:15:00Z,2026-05-19T15:15:00Z
Y-703193,C-0043193,SLAB-503193,AREA-08,B3,34,2026-05-12T23:15:00Z,2026-05-23T22:15:00Z
Y-703194,C-0043194,SLAB-503194,AREA-09,B4,35,2026-05-13T07:16:00Z,2026-05-31T06:16:00Z
Y-703195,C-0043195,SLAB-503195,AREA-10,B5,36,2026-05-13T12:45:00Z,2026-05-26T11:45:00Z
Y-703196,C-0043196,SLAB-503196,AREA-11,B6,37,2026-05-12T16:49:00Z,2026-05-31T15:49:00Z
Y-703197,C-0043197,SLAB-503197,AREA-12,B7,38,2026-05-13T16:45:00Z,2026-06-01T15:45:00Z
Y-703198,C-0043198,SLAB-503198,AREA-13,B8,39,2026-05-11T14:49:00Z,2026-05-27T13:49:00Z
Y-703199,C-0043199,SLAB-503199,AREA-01,B9,40,2026-05-13T12:50:00Z,2026-06-01T11:50:00Z
Y-703200,C-0043200,SLAB-503200,AREA-02,B1,1,2026-05-11T19:53:00Z,2026-05-26T18:53:00Z
Y-703201,C-0043201,SLAB-503201,AREA-03,B2,2,2026-05-12T00:54:00Z,2026-05-24T23:54:00Z
Y-703202,C-0043202,SLAB-503202,AREA-04,B3,3,2026-05-12T17:57:00Z,2026-05-27T16:57:00Z
Y-703203,C-0043203,SLAB-503203,AREA-05,B4,4,2026-05-13T06:51:00Z,2026-05-30T05:51:00Z
Y-703204,C-0043204,SLAB-503204,AREA-06,B5,5,2026-05-12T05:29:00Z,2026-05-18T04:29:00Z
Y-703205,C-0043205,SLAB-503205,AREA-07,B6,6,2026-05-12T01:36:00Z,2026-05-23T00:36:00Z
Y-703206,C-0043206,SLAB-503206,AREA-08,B7,7,2026-05-12T00:28:00Z,2026-05-28T23:28:00Z
Y-703207,C-0043207,SLAB-503207,AREA-09,B8,8,2026-05-12T04:29:00Z,2026-05-31T03:29:00Z
Y-703208,C-0043208,SLAB-503208,AREA-10,B9,9,2026-05-13T04:30:00Z,2026-06-02T03:30:00Z
Y-703209,C-0043209,SLAB-503209,AREA-11,B1,10,2026-05-12T19:28:00Z,2026-06-01T18:28:00Z
Y-703210,C-0043210,SLAB-503210,AREA-12,B2,11,2026-05-13T08:35:00Z,2026-05-18T07:35:00Z
Y-703211,C-0043211,SLAB-503211,AREA-13,B3,12,2026-05-13T01:28:00Z,2026-05-21T00:28:00Z
Y-703212,C-0043212,SLAB-503212,AREA-01,B4,13,2026-05-12T11:34:00Z,2026-05-29T10:34:00Z
Y-703213,C-0043213,SLAB-503213,AREA-02,B5,14,2026-05-12T08:38:00Z,2026-05-18T07:38:00Z
Y-703214,C-0043214,SLAB-503214,AREA-03,B6,15,2026-05-11T20:33:00Z,2026-05-25T19:33:00Z
Y-703215,C-0043215,SLAB-503215,AREA-04,B7,16,2026-05-12T06:35:00Z,2026-05-29T05:35:00Z
Y-703216,C-0043216,SLAB-503216,AREA-05,B8,17,2026-05-13T19:35:00Z,2026-05-28T18:35:00Z
Y-703217,C-0043217,SLAB-503217,AREA-06,B9,18,2026-05-12T04:35:00Z,2026-05-19T03:35:00Z
Y-703218,C-0043218,SLAB-503218,AREA-07,B1,19,2026-05-11T18:28:00Z,2026-05-27T17:28:00Z
Y-703219,C-0043219,SLAB-503219,AREA-08,B2,20,2026-05-13T04:27:00Z,2026-06-01T03:27:00Z
Y-703220,C-0043220,SLAB-503220,AREA-09,B3,21,2026-05-13T15:31:00Z,2026-05-19T14:31:00Z
Y-703221,C-0043221,SLAB-503221,AREA-10,B4,22,2026-05-12T02:48:00Z,2026-05-26T01:48:00Z
Y-703222,C-0043222,SLAB-503222,AREA-11,B5,23,2026-05-13T01:51:00Z,2026-06-02T00:51:00Z
Y-703223,C-0043223,SLAB-503223,AREA-12,B6,24,2026-05-13T23:52:00Z,2026-05-21T22:52:00Z
Y-703224,C-0043224,SLAB-503224,AREA-13,B7,25,2026-05-12T12:55:00Z,2026-05-25T11:55:00Z
Y-703225,C-0043225,SLAB-503225,AREA-01,B8,26,2026-05-12T08:56:00Z,2026-05-30T07:56:00Z
Y-703226,C-0043226,SLAB-503226,AREA-02,B9,27,2026-05-11T20:52:00Z,2026-05-28T19:52:00Z
Y-703227,C-0043227,SLAB-503227,AREA-03,B1,28,2026-05-13T21:53:00Z,2026-05-19T20:53:00Z
Y-703228,C-0043228,SLAB-503228,AREA-04,B2,29,2026-05-12T13:56:00Z,2026-06-01T12:56:00Z
Y-703229,C-0043229,SLAB-503229,AREA-05,B3,30,2026-05-13T08:53:00Z,2026-05-24T07:53:00Z
Y-703230,C-0043230,SLAB-503230,AREA-06,B4,31,2026-05-14T01:52:00Z,2026-05-20T00:52:00Z
Y-703231,C-0043231,SLAB-503231,AREA-07,B5,32,2026-05-12T16:43:00Z,2026-05-20T15:43:00Z
Y-703232,C-0043232,SLAB-503232,AREA-08,B6,33,2026-05-12T07:44:00Z,2026-05-27T06:44:00Z
Y-703233,C-0043233,SLAB-503233,AREA-09,B7,34,2026-05-13T16:46:00Z,2026-05-27T15:46:00Z
Y-703234,C-0043234,SLAB-503234,AREA-10,B8,35,2026-05-13T10:47:00Z,2026-05-22T09:47:00Z
Y-703235,C-0043235,SLAB-503235,AREA-11,B9,36,2026-05-14T01:51:00Z,2026-05-17T00:51:00Z
Y-703236,C-0043236,SLAB-503236,AREA-12,B1,37,2026-05-14T07:46:00Z,2026-05-27T06:46:00Z
Y-703237,C-0043237,SLAB-503237,AREA-13,B2,38,2026-05-13T10:43:00Z,2026-05-20T09:43:00Z
Y-703238,C-0043238,SLAB-503238,AREA-01,B3,39,2026-05-11T16:47:00Z,2026-05-21T15:47:00Z
Y-703239,C-0043239,SLAB-503239,AREA-02,B4,40,2026-05-12T11:50:00Z,2026-05-22T10:50:00Z
Y-703240,C-0043240,SLAB-503240,AREA-03,B5,1,2026-05-12T01:11:00Z,2026-05-27T00:11:00Z
Y-703241,C-0043241,SLAB-503241,AREA-04,B6,2,2026-05-12T21:09:00Z,2026-05-24T20:09:00Z
Y-703242,C-0043242,SLAB-503242,AREA-05,B7,3,2026-05-13T07:11:00Z,2026-06-02T06:11:00Z
Y-703243,C-0043243,SLAB-503243,AREA-06,B8,4,2026-05-12T14:16:00Z,2026-05-22T13:16:00Z
Y-703244,C-0043244,SLAB-503244,AREA-07,B9,5,2026-05-12T16:14:00Z,2026-05-14T15:14:00Z
Y-703245,C-0043245,SLAB-503245,AREA-08,B1,6,2026-05-13T22:14:00Z,2026-05-29T21:14:00Z
Y-703246,C-0043246,SLAB-503246,AREA-09,B2,7,2026-05-13T13:08:00Z,2026-05-27T12:08:00Z
Y-703247,C-0043247,SLAB-503247,AREA-10,B3,8,2026-05-13T06:12:00Z,2026-05-27T05:12:00Z
Y-703248,C-0043248,SLAB-503248,AREA-11,B4,9,2026-05-13T15:11:00Z,2026-05-17T14:11:00Z
Y-703249,C-0043249,SLAB-503249,AREA-12,B5,10,2026-05-13T06:12:00Z,2026-05-20T05:12:00Z
Y-703250,C-0043250,SLAB-503250,AREA-13,B6,11,2026-05-13T10:19:00Z,2026-05-26T09:19:00Z
Y-703251,C-0043251,SLAB-503251,AREA-01,B7,12,2026-05-12T07:18:00Z,2026-05-18T06:18:00Z
Y-703252,C-0043252,SLAB-503252,AREA-02,B8,13,2026-05-12T15:16:00Z,2026-05-29T14:16:00Z
Y-703253,C-0043253,SLAB-503253,AREA-03,B9,14,2026-05-12T21:15:00Z,2026-05-14T20:15:00Z
Y-703254,C-0043254,SLAB-503254,AREA-04,B1,15,2026-05-12T05:15:00Z,2026-05-17T04:15:00Z
Y-703255,C-0043255,SLAB-503255,AREA-05,B2,16,2026-05-11T20:18:00Z,2026-05-24T19:18:00Z
Y-703256,C-0043256,SLAB-503256,AREA-06,B3,17,2026-05-12T23:18:00Z,2026-05-28T22:18:00Z
Y-703257,C-0043257,SLAB-503257,AREA-07,B4,18,2026-05-11T18:17:00Z,2026-05-24T17:17:00Z
Y-703258,C-0043258,SLAB-503258,AREA-08,B5,19,2026-05-13T17:40:00Z,2026-05-24T16:40:00Z
Y-703259,C-0043259,SLAB-503259,AREA-09,B6,20,2026-05-12T18:40:00Z,2026-05-17T17:40:00Z
Y-703260,C-0043260,SLAB-503260,AREA-10,B7,21,2026-05-12T16:32:00Z,2026-05-31T15:32:00Z
Y-703261,C-0043261,SLAB-503261,AREA-11,B8,22,2026-05-13T07:40:00Z,2026-05-30T06:40:00Z
Y-703262,C-0043262,SLAB-503262,AREA-12,B9,23,2026-05-13T21:36:00Z,2026-05-21T20:36:00Z
Y-703263,C-0043263,SLAB-503263,AREA-13,B1,24,2026-05-11T23:40:00Z,2026-05-27T22:40:00Z
Y-703264,C-0043264,SLAB-503264,AREA-01,B2,25,2026-05-13T18:37:00Z,2026-05-30T17:37:00Z
Y-703265,C-0043265,SLAB-503265,AREA-02,B3,26,2026-05-12T06:32:00Z,2026-05-17T05:32:00Z
Y-703266,C-0043266,SLAB-503266,AREA-03,B4,27,2026-05-12T19:32:00Z,2026-05-18T18:32:00Z
Y-703267,C-0043267,SLAB-503267,AREA-04,B5,28,2026-05-13T06:30:00Z,2026-05-31T05:30:00Z
Y-703268,C-0043268,SLAB-503268,AREA-05,B6,29,2026-05-12T14:30:00Z,2026-05-21T13:30:00Z
Y-703269,C-0043269,SLAB-503269,AREA-06,B7,30,2026-05-12T03:30:00Z,2026-05-18T02:30:00Z
Y-703270,C-0043270,SLAB-503270,AREA-07,B8,31,2026-05-12T02:33:00Z,2026-05-25T01:33:00Z
Y-703271,C-0043271,SLAB-503271,AREA-08,B9,32,2026-05-13T07:25:00Z,2026-05-15T06:25:00Z
Y-703272,C-0043272,SLAB-503272,AREA-09,B1,33,2026-05-13T19:42:00Z,2026-05-31T18:42:00Z
Y-703273,C-0043273,SLAB-503273,AREA-10,B2,34,2026-05-13T11:42:00Z,2026-05-22T10:42:00Z
Y-703274,C-0043274,SLAB-503274,AREA-11,B3,35,2026-05-13T07:43:00Z,2026-05-25T06:43:00Z
Y-703275,C-0043275,SLAB-503275,AREA-12,B4,36,2026-05-11T18:45:00Z,2026-05-29T17:45:00Z
Y-703276,C-0043276,SLAB-503276,AREA-13,B5,37,2026-05-13T02:50:00Z,2026-05-24T01:50:00Z
Y-703277,C-0043277,SLAB-503277,AREA-01,B6,38,2026-05-12T16:43:00Z,2026-05-20T15:43:00Z
Y-703278,C-0043278,SLAB-503278,AREA-02,B7,39,2026-05-12T22:42:00Z,2026-05-23T21:42:00Z
Y-703279,C-0043279,SLAB-503279,AREA-03,B8,40,2026-05-13T01:47:00Z,2026-05-27T00:47:00Z
Y-703280,C-0043280,SLAB-503280,AREA-04,B9,1,2026-05-12T07:48:00Z,2026-05-26T06:48:00Z
Y-703281,C-0043281,SLAB-503281,AREA-05,B1,2,2026-05-12T20:49:00Z,2026-05-23T19:49:00Z
Y-703282,C-0043282,SLAB-503282,AREA-06,B2,3,2026-05-13T03:48:00Z,2026-05-31T02:48:00Z
Y-703283,C-0043283,SLAB-503283,AREA-07,B3,4,2026-05-12T16:44:00Z,2026-05-26T15:44:00Z
Y-703284,C-0043284,SLAB-503284,AREA-08,B4,5,2026-05-12T13:44:00Z,2026-05-16T12:44:00Z
Y-703285,C-0043285,SLAB-503285,AREA-09,B5,6,2026-05-11T18:43:00Z,2026-05-25T17:43:00Z
Y-703286,C-0043286,SLAB-503286,AREA-10,B6,7,2026-05-13T03:44:00Z,2026-05-27T02:44:00Z
Y-703287,C-0043287,SLAB-503287,AREA-11,B7,8,2026-05-13T08:44:00Z,2026-05-23T07:44:00Z
Y-703288,C-0043288,SLAB-503288,AREA-12,B8,9,2026-05-13T01:46:00Z,2026-06-01T00:46:00Z
Y-703289,C-0043289,SLAB-503289,AREA-13,B9,10,2026-05-13T09:39:00Z,2026-05-28T08:39:00Z
Y-703290,C-0043290,SLAB-503290,AREA-01,B1,11,2026-05-13T07:46:00Z,2026-05-23T06:46:00Z
Y-703291,C-0043291,SLAB-503291,AREA-02,B2,12,2026-05-14T07:37:00Z,2026-06-02T06:37:00Z
Y-703292,C-0043292,SLAB-503292,AREA-03,B3,13,2026-05-13T02:45:00Z,2026-06-02T01:45:00Z
Y-703293,C-0043293,SLAB-503293,AREA-04,B4,14,2026-05-13T14:38:00Z,2026-06-02T13:38:00Z
Y-703294,C-0043294,SLAB-503294,AREA-05,B5,15,2026-05-12T06:38:00Z,2026-05-29T05:38:00Z
Y-703295,C-0043295,SLAB-503295,AREA-06,B6,16,2026-05-12T08:38:00Z,2026-05-27T07:38:00Z
Y-703296,C-0043296,SLAB-503296,AREA-07,B7,17,2026-05-12T08:45:00Z,2026-05-28T07:45:00Z
Y-703297,C-0043297,SLAB-503297,AREA-08,B8,18,2026-05-14T01:40:00Z,2026-05-27T00:40:00Z
Y-703298,C-0043298,SLAB-503298,AREA-09,B9,19,2026-05-12T18:38:00Z,2026-05-21T17:38:00Z
Y-703299,C-0043299,SLAB-503299,AREA-10,B1,20,2026-05-12T20:12:00Z,2026-05-22T19:12:00Z
Y-703300,C-0043300,SLAB-503300,AREA-11,B2,21,2026-05-12T09:14:00Z,2026-05-27T08:14:00Z
Y-703301,C-0043301,SLAB-503301,AREA-12,B3,22,2026-05-12T19:07:00Z,2026-05-23T18:07:00Z
Y-703302,C-0043302,SLAB-503302,AREA-13,B4,23,2026-05-14T00:03:00Z,2026-05-22T23:03:00Z
Y-703303,C-0043303,SLAB-503303,AREA-01,B5,24,2026-05-13T10:15:00Z,2026-06-01T09:15:00Z
Y-703304,C-0043304,SLAB-503304,AREA-02,B6,25,2026-05-13T04:04:00Z,2026-05-23T03:04:00Z
Y-703305,C-0043305,SLAB-503305,AREA-03,B7,26,2026-05-12T19:08:00Z,2026-05-23T18:08:00Z
Y-703306,C-0043306,SLAB-503306,AREA-04,B8,27,2026-05-12T02:04:00Z,2026-05-30T01:04:00Z
Y-703307,C-0043307,SLAB-503307,AREA-05,B9,28,2026-05-13T11:08:00Z,2026-06-02T10:08:00Z
Y-703308,C-0043308,SLAB-503308,AREA-06,B1,29,2026-05-13T12:09:00Z,2026-05-18T11:09:00Z
Y-703309,C-0043309,SLAB-503309,AREA-07,B2,30,2026-05-13T03:08:00Z,2026-05-23T02:08:00Z
Y-703310,C-0043310,SLAB-503310,AREA-08,B3,31,2026-05-13T11:33:00Z,2026-06-02T10:33:00Z
Y-703311,C-0043311,SLAB-503311,AREA-09,B4,32,2026-05-12T15:33:00Z,2026-05-31T14:33:00Z
Y-703312,C-0043312,SLAB-503312,AREA-10,B5,33,2026-05-13T18:36:00Z,2026-05-23T17:36:00Z
Y-703313,C-0043313,SLAB-503313,AREA-11,B6,34,2026-05-12T12:37:00Z,2026-05-24T11:37:00Z
Y-703314,C-0043314,SLAB-503314,AREA-12,B7,35,2026-05-14T05:40:00Z,2026-05-30T04:40:00Z
Y-703315,C-0043315,SLAB-503315,AREA-13,B8,36,2026-05-12T17:32:00Z,2026-05-17T16:32:00Z
Y-703316,C-0043316,SLAB-503316,AREA-01,B9,37,2026-05-12T11:37:00Z,2026-05-28T10:37:00Z
Y-703317,C-0043317,SLAB-503317,AREA-02,B1,38,2026-05-13T15:38:00Z,2026-05-24T14:38:00Z
Y-703318,C-0043318,SLAB-503318,AREA-03,B2,39,2026-05-12T10:41:00Z,2026-05-31T09:41:00Z
Y-703319,C-0043319,SLAB-503319,AREA-04,B3,40,2026-05-12T18:38:00Z,2026-05-23T17:38:00Z
Y-703320,C-0043320,SLAB-503320,AREA-05,B4,1,2026-05-13T02:31:00Z,2026-05-18T01:31:00Z
Y-703321,C-0043321,SLAB-503321,AREA-06,B5,2,2026-05-13T05:23:00Z,2026-05-28T04:23:00Z
Y-703322,C-0043322,SLAB-503322,AREA-07,B6,3,2026-05-12T16:24:00Z,2026-05-27T15:24:00Z
Y-703323,C-0043323,SLAB-503323,AREA-08,B7,4,2026-05-13T11:22:00Z,2026-05-22T10:22:00Z
Y-703324,C-0043324,SLAB-503324,AREA-09,B8,5,2026-05-13T17:25:00Z,2026-05-27T16:25:00Z
Y-703325,C-0043325,SLAB-503325,AREA-10,B9,6,2026-05-13T05:26:00Z,2026-05-26T04:26:00Z
Y-703326,C-0043326,SLAB-503326,AREA-11,B1,7,2026-05-12T22:15:00Z,2026-05-27T21:15:00Z
Y-703327,C-0043327,SLAB-503327,AREA-12,B2,8,2026-05-12T17:21:00Z,2026-05-21T16:21:00Z
Y-703328,C-0043328,SLAB-503328,AREA-13,B3,9,2026-05-12T23:18:00Z,2026-05-19T22:18:00Z
Y-703329,C-0043329,SLAB-503329,AREA-01,B4,10,2026-05-11T21:38:00Z,2026-05-23T20:38:00Z
Y-703330,C-0043330,SLAB-503330,AREA-02,B5,11,2026-05-14T11:38:00Z,2026-05-29T10:38:00Z
Y-703331,C-0043331,SLAB-503331,AREA-03,B6,12,2026-05-12T13:37:00Z,2026-05-18T12:37:00Z
Y-703332,C-0043332,SLAB-503332,AREA-04,B7,13,2026-05-13T14:37:00Z,2026-05-22T13:37:00Z
Y-703333,C-0043333,SLAB-503333,AREA-05,B8,14,2026-05-14T04:35:00Z,2026-05-25T03:35:00Z
Y-703334,C-0043334,SLAB-503334,AREA-06,B9,15,2026-05-14T04:40:00Z,2026-05-21T03:40:00Z
Y-703335,C-0043335,SLAB-503335,AREA-07,B1,16,2026-05-13T02:38:00Z,2026-05-27T01:38:00Z
Y-703336,C-0043336,SLAB-503336,AREA-08,B2,17,2026-05-14T03:06:00Z,2026-05-18T02:06:00Z
Y-703337,C-0043337,SLAB-503337,AREA-09,B3,18,2026-05-14T00:14:00Z,2026-05-23T23:14:00Z
Y-703338,C-0043338,SLAB-503338,AREA-10,B4,19,2026-05-12T18:05:00Z,2026-06-01T17:05:00Z
Y-703339,C-0043339,SLAB-503339,AREA-11,B5,20,2026-05-14T00:14:00Z,2026-05-18T23:14:00Z
Y-703340,C-0043340,SLAB-503340,AREA-12,B6,21,2026-05-12T07:13:00Z,2026-05-24T06:13:00Z
Y-703341,C-0043341,SLAB-503341,AREA-13,B7,22,2026-05-13T01:07:00Z,2026-06-02T00:07:00Z
Y-703342,C-0043342,SLAB-503342,AREA-01,B8,23,2026-05-14T08:17:00Z,2026-05-25T07:17:00Z
Y-703343,C-0043343,SLAB-503343,AREA-02,B9,24,2026-05-13T12:27:00Z,2026-06-02T11:27:00Z
Y-703344,C-0043344,SLAB-503344,AREA-03,B1,25,2026-05-12T22:25:00Z,2026-05-30T21:25:00Z
Y-703345,C-0043345,SLAB-503345,AREA-04,B2,26,2026-05-12T19:29:00Z,2026-05-23T18:29:00Z
Y-703346,C-0043346,SLAB-503346,AREA-05,B3,27,2026-05-13T10:29:00Z,2026-05-27T09:29:00Z
Y-703347,C-0043347,SLAB-503347,AREA-06,B4,28,2026-05-12T18:29:00Z,2026-05-14T17:29:00Z
Y-703348,C-0043348,SLAB-503348,AREA-07,B5,29,2026-05-12T16:22:00Z,2026-05-31T15:22:00Z
Y-703349,C-0043349,SLAB-503349,AREA-08,B6,30,2026-05-14T00:23:00Z,2026-05-18T23:23:00Z
Y-703350,C-0043350,SLAB-503350,AREA-09,B7,31,2026-05-14T03:38:00Z,2026-06-02T02:38:00Z
Y-703351,C-0043351,SLAB-503351,AREA-10,B8,32,2026-05-12T06:36:00Z,2026-05-23T05:36:00Z
Y-703352,C-0043352,SLAB-503352,AREA-11,B9,33,2026-05-13T23:30:00Z,2026-05-16T22:30:00Z
Y-703353,C-0043353,SLAB-503353,AREA-12,B1,34,2026-05-13T10:30:00Z,2026-05-31T09:30:00Z
Y-703354,C-0043354,SLAB-503354,AREA-13,B2,35,2026-05-13T19:33:00Z,2026-05-31T18:33:00Z
Y-703355,C-0043355,SLAB-503355,AREA-01,B3,36,2026-05-14T00:33:00Z,2026-05-29T23:33:00Z
Y-703356,C-0043356,SLAB-503356,AREA-02,B4,37,2026-05-12T17:33:00Z,2026-05-28T16:33:00Z
Y-703357,C-0043357,SLAB-503357,AREA-03,B5,38,2026-05-13T07:40:00Z,2026-05-17T06:40:00Z
Y-703358,C-0043358,SLAB-503358,AREA-04,B6,39,2026-05-12T14:35:00Z,2026-06-01T13:35:00Z
Y-703359,C-0043359,SLAB-503359,AREA-05,B7,40,2026-05-14T10:02:00Z,2026-05-29T09:02:00Z
Y-703360,C-0043360,SLAB-503360,AREA-06,B8,1,2026-05-13T13:09:00Z,2026-05-22T12:09:00Z
Y-703361,C-0043361,SLAB-503361,AREA-07,B9,2,2026-05-12T13:59:00Z,2026-05-21T12:59:00Z
Y-703362,C-0043362,SLAB-503362,AREA-08,B1,3,2026-05-12T02:07:00Z,2026-05-28T01:07:00Z
Y-703363,C-0043363,SLAB-503363,AREA-09,B2,4,2026-05-13T01:57:00Z,2026-05-20T00:57:00Z
Y-703364,C-0043364,SLAB-503364,AREA-10,B3,5,2026-05-13T09:08:00Z,2026-05-21T08:08:00Z
Y-703365,C-0043365,SLAB-503365,AREA-11,B4,6,2026-05-14T07:05:00Z,2026-05-30T06:05:00Z
Y-703366,C-0043366,SLAB-503366,AREA-12,B5,7,2026-05-13T03:02:00Z,2026-05-27T02:02:00Z
Y-703367,C-0043367,SLAB-503367,AREA-13,B6,8,2026-05-14T13:04:00Z,2026-05-28T12:04:00Z
Y-703368,C-0043368,SLAB-503368,AREA-01,B7,9,2026-05-12T12:46:00Z,2026-05-23T11:46:00Z
Y-703369,C-0043369,SLAB-503369,AREA-02,B8,10,2026-05-13T04:51:00Z,2026-06-01T03:51:00Z
Y-703370,C-0043370,SLAB-503370,AREA-03,B9,11,2026-05-12T19:50:00Z,2026-05-29T18:50:00Z
Y-703371,C-0043371,SLAB-503371,AREA-04,B1,12,2026-05-14T00:41:00Z,2026-05-29T23:41:00Z
Y-703372,C-0043372,SLAB-503372,AREA-05,B2,13,2026-05-12T19:47:00Z,2026-05-15T18:47:00Z
Y-703373,C-0043373,SLAB-503373,AREA-06,B3,14,2026-05-12T00:45:00Z,2026-05-22T23:45:00Z
Y-703374,C-0043374,SLAB-503374,AREA-07,B4,15,2026-05-12T15:51:00Z,2026-05-29T14:51:00Z
Y-703375,C-0043375,SLAB-503375,AREA-08,B5,16,2026-05-12T06:40:00Z,2026-05-19T05:40:00Z
Y-703376,C-0043376,SLAB-503376,AREA-09,B6,17,2026-05-12T15:47:00Z,2026-05-18T14:47:00Z
Y-703377,C-0043377,SLAB-503377,AREA-10,B7,18,2026-05-13T14:49:00Z,2026-05-25T13:49:00Z
Y-703378,C-0043378,SLAB-503378,AREA-11,B8,19,2026-05-13T14:45:00Z,2026-05-18T13:45:00Z
Y-703379,C-0043379,SLAB-503379,AREA-12,B9,20,2026-05-14T08:45:00Z,2026-06-01T07:45:00Z
Y-703380,C-0043380,SLAB-503380,AREA-13,B1,21,2026-05-13T05:38:00Z,2026-05-20T04:38:00Z
Y-703381,C-0043381,SLAB-503381,AREA-01,B2,22,2026-05-12T16:46:00Z,2026-05-22T15:46:00Z
Y-703382,C-0043382,SLAB-503382,AREA-02,B3,23,2026-05-13T00:36:00Z,2026-05-19T23:36:00Z
Y-703383,C-0043383,SLAB-503383,AREA-03,B4,24,2026-05-14T09:38:00Z,2026-05-25T08:38:00Z
Y-703384,C-0043384,SLAB-503384,AREA-04,B5,25,2026-05-14T17:36:00Z,2026-06-01T16:36:00Z
Y-703385,C-0043385,SLAB-503385,AREA-05,B6,26,2026-05-13T17:42:00Z,2026-05-22T16:42:00Z
Y-703386,C-0043386,SLAB-503386,AREA-06,B7,27,2026-05-14T00:47:00Z,2026-06-02T23:47:00Z
Y-703387,C-0043387,SLAB-503387,AREA-07,B8,28,2026-05-13T19:56:00Z,2026-05-19T18:56:00Z
Y-703388,C-0043388,SLAB-503388,AREA-08,B9,29,2026-05-13T08:55:00Z,2026-05-25T07:55:00Z
Y-703389,C-0043389,SLAB-503389,AREA-09,B1,30,2026-05-13T12:51:00Z,2026-05-24T11:51:00Z
Y-703390,C-0043390,SLAB-503390,AREA-10,B2,31,2026-05-12T07:51:00Z,2026-05-30T06:51:00Z
Y-703391,C-0043391,SLAB-503391,AREA-11,B3,32,2026-05-13T13:56:00Z,2026-05-18T12:56:00Z
Y-703392,C-0043392,SLAB-503392,AREA-12,B4,33,2026-05-13T19:54:00Z,2026-05-29T18:54:00Z
Y-703393,C-0043393,SLAB-503393,AREA-13,B5,34,2026-05-12T23:51:00Z,2026-06-01T22:51:00Z
Y-703394,C-0043394,SLAB-503394,AREA-01,B6,35,2026-05-12T03:54:00Z,2026-05-22T02:54:00Z
Y-703395,C-0043395,SLAB-503395,AREA-02,B7,36,2026-05-13T14:52:00Z,2026-05-23T13:52:00Z
Y-703396,C-0043396,SLAB-503396,AREA-03,B8,37,2026-05-12T22:38:00Z,2026-05-15T21:38:00Z
Y-703397,C-0043397,SLAB-503397,AREA-04,B9,38,2026-05-14T13:44:00Z,2026-05-20T12:44:00Z
Y-703398,C-0043398,SLAB-503398,AREA-05,B1,39,2026-05-14T05:39:00Z,2026-06-03T04:39:00Z
Y-703399,C-0043399,SLAB-503399,AREA-06,B2,40,2026-05-13T18:34:00Z,2026-05-28T17:34:00Z
Y-703400,C-0043400,SLAB-503400,AREA-07,B3,1,2026-05-12T12:39:00Z,2026-05-18T11:39:00Z
Y-703401,C-0043401,SLAB-503401,AREA-08,B4,2,2026-05-12T20:41:00Z,2026-05-30T19:41:00Z
Y-703402,C-0043402,SLAB-503402,AREA-09,B5,3,2026-05-13T11:35:00Z,2026-05-24T10:35:00Z
Y-703403,C-0043403,SLAB-503403,AREA-10,B6,4,2026-05-12T12:38:00Z,2026-05-20T11:38:00Z
Y-703404,C-0043404,SLAB-503404,AREA-11,B7,5,2026-05-13T08:34:00Z,2026-05-16T07:34:00Z
Y-703405,C-0043405,SLAB-503405,AREA-12,B8,6,2026-05-13T09:47:00Z,2026-05-26T08:47:00Z
Y-703406,C-0043406,SLAB-503406,AREA-13,B9,7,2026-05-13T21:42:00Z,2026-05-31T20:42:00Z
Y-703407,C-0043407,SLAB-503407,AREA-01,B1,8,2026-05-14T05:39:00Z,2026-05-21T04:39:00Z
Y-703408,C-0043408,SLAB-503408,AREA-02,B2,9,2026-05-13T12:44:00Z,2026-06-02T11:44:00Z
Y-703409,C-0043409,SLAB-503409,AREA-03,B3,10,2026-05-13T02:42:00Z,2026-05-17T01:42:00Z
Y-703410,C-0043410,SLAB-503410,AREA-04,B4,11,2026-05-12T18:41:00Z,2026-05-14T17:41:00Z
Y-703411,C-0043411,SLAB-503411,AREA-05,B5,12,2026-05-13T10:35:00Z,2026-05-17T09:35:00Z
Y-703412,C-0043412,SLAB-503412,AREA-06,B6,13,2026-05-13T07:42:00Z,2026-06-02T06:42:00Z
Y-703413,C-0043413,SLAB-503413,AREA-07,B7,14,2026-05-13T01:46:00Z,2026-05-20T00:46:00Z
Y-703414,C-0043414,SLAB-503414,AREA-08,B8,15,2026-05-13T18:24:00Z,2026-05-20T17:24:00Z
Y-703415,C-0043415,SLAB-503415,AREA-09,B9,16,2026-05-13T23:20:00Z,2026-05-15T22:20:00Z
Y-703416,C-0043416,SLAB-503416,AREA-10,B1,17,2026-05-14T01:17:00Z,2026-05-31T00:17:00Z
Y-703417,C-0043417,SLAB-503417,AREA-11,B2,18,2026-05-14T07:18:00Z,2026-06-01T06:18:00Z
Y-703418,C-0043418,SLAB-503418,AREA-12,B3,19,2026-05-13T20:17:00Z,2026-05-21T19:17:00Z
Y-703419,C-0043419,SLAB-503419,AREA-13,B4,20,2026-05-13T17:15:00Z,2026-05-22T16:15:00Z
Y-703420,C-0043420,SLAB-503420,AREA-01,B5,21,2026-05-12T19:19:00Z,2026-05-19T18:19:00Z
Y-703421,C-0043421,SLAB-503421,AREA-02,B6,22,2026-05-12T19:22:00Z,2026-05-26T18:22:00Z
Y-703422,C-0043422,SLAB-503422,AREA-03,B7,23,2026-05-13T18:12:00Z,2026-05-24T17:12:00Z
Y-703423,C-0043423,SLAB-503423,AREA-04,B8,24,2026-05-14T00:19:00Z,2026-05-28T23:19:00Z
Y-703424,C-0043424,SLAB-503424,AREA-05,B9,25,2026-05-13T06:16:00Z,2026-05-24T05:16:00Z
Y-703425,C-0043425,SLAB-503425,AREA-06,B1,26,2026-05-12T21:48:00Z,2026-05-23T20:48:00Z
Y-703426,C-0043426,SLAB-503426,AREA-07,B2,27,2026-05-13T22:50:00Z,2026-05-19T21:50:00Z
Y-703427,C-0043427,SLAB-503427,AREA-08,B3,28,2026-05-14T01:40:00Z,2026-05-18T00:40:00Z
Y-703428,C-0043428,SLAB-503428,AREA-09,B4,29,2026-05-13T02:47:00Z,2026-05-20T01:47:00Z
Y-703429,C-0043429,SLAB-503429,AREA-10,B5,30,2026-05-14T04:45:00Z,2026-06-01T03:45:00Z
Y-703430,C-0043430,SLAB-503430,AREA-11,B6,31,2026-05-12T13:43:00Z,2026-05-16T12:43:00Z
Y-703431,C-0043431,SLAB-503431,AREA-12,B7,32,2026-05-13T06:48:00Z,2026-05-23T05:48:00Z
Y-703432,C-0043432,SLAB-503432,AREA-13,B8,33,2026-05-12T11:46:00Z,2026-05-27T10:46:00Z
Y-703433,C-0043433,SLAB-503433,AREA-01,B9,34,2026-05-13T05:39:00Z,2026-05-18T04:39:00Z
Y-703434,C-0043434,SLAB-503434,AREA-02,B1,35,2026-05-12T13:45:00Z,2026-05-21T12:45:00Z
Y-703435,C-0043435,SLAB-503435,AREA-03,B2,36,2026-05-13T08:47:00Z,2026-05-19T07:47:00Z
Y-703436,C-0043436,SLAB-503436,AREA-04,B3,37,2026-05-13T03:20:00Z,2026-05-18T02:20:00Z
Y-703437,C-0043437,SLAB-503437,AREA-05,B4,38,2026-05-12T18:18:00Z,2026-05-14T17:18:00Z
Y-703438,C-0043438,SLAB-503438,AREA-06,B5,39,2026-05-12T23:18:00Z,2026-05-28T22:18:00Z
Y-703439,C-0043439,SLAB-503439,AREA-07,B6,40,2026-05-13T03:19:00Z,2026-06-02T02:19:00Z
Y-703440,C-0043440,SLAB-503440,AREA-08,B7,1,2026-05-13T20:20:00Z,2026-05-22T19:20:00Z
Y-703441,C-0043441,SLAB-503441,AREA-09,B8,2,2026-05-13T08:22:00Z,2026-05-21T07:22:00Z
Y-703442,C-0043442,SLAB-503442,AREA-10,B9,3,2026-05-12T11:16:00Z,2026-05-21T10:16:00Z
Y-703443,C-0043443,SLAB-503443,AREA-11,B1,4,2026-05-12T19:26:00Z,2026-05-26T18:26:00Z
Y-703444,C-0043444,SLAB-503444,AREA-12,B2,5,2026-05-12T23:19:00Z,2026-05-15T22:19:00Z
Y-703445,C-0043445,SLAB-503445,AREA-13,B3,6,2026-05-14T02:19:00Z,2026-05-23T01:19:00Z
Y-703446,C-0043446,SLAB-503446,AREA-01,B4,7,2026-05-14T00:18:00Z,2026-05-30T23:18:00Z
Y-703447,C-0043447,SLAB-503447,AREA-02,B5,8,2026-05-13T08:28:00Z,2026-05-27T07:28:00Z
Y-703448,C-0043448,SLAB-503448,AREA-03,B6,9,2026-05-12T14:31:00Z,2026-05-16T13:31:00Z
Y-703449,C-0043449,SLAB-503449,AREA-04,B7,10,2026-05-13T07:32:00Z,2026-05-29T06:32:00Z
Y-703450,C-0043450,SLAB-503450,AREA-05,B8,11,2026-05-14T11:27:00Z,2026-05-24T10:27:00Z
Y-703451,C-0043451,SLAB-503451,AREA-06,B9,12,2026-05-13T11:33:00Z,2026-05-26T10:33:00Z
Y-703452,C-0043452,SLAB-503452,AREA-07,B1,13,2026-05-13T16:28:00Z,2026-05-17T15:28:00Z
Y-703453,C-0043453,SLAB-503453,AREA-08,B2,14,2026-05-14T11:37:00Z,2026-05-20T10:37:00Z
Y-703454,C-0043454,SLAB-503454,AREA-09,B3,15,2026-05-13T04:33:00Z,2026-05-15T03:33:00Z
Y-703455,C-0043455,SLAB-503455,AREA-10,B4,16,2026-05-13T10:27:00Z,2026-05-28T09:27:00Z
Y-703456,C-0043456,SLAB-503456,AREA-11,B5,17,2026-05-14T02:38:00Z,2026-05-26T01:38:00Z
Y-703457,C-0043457,SLAB-503457,AREA-12,B6,18,2026-05-14T09:46:00Z,2026-05-17T08:46:00Z
Y-703458,C-0043458,SLAB-503458,AREA-13,B7,19,2026-05-13T01:44:00Z,2026-05-28T00:44:00Z
Y-703459,C-0043459,SLAB-503459,AREA-01,B8,20,2026-05-12T11:47:00Z,2026-05-18T10:47:00Z
Y-703460,C-0043460,SLAB-503460,AREA-02,B9,21,2026-05-12T09:43:00Z,2026-05-25T08:43:00Z
Y-703461,C-0043461,SLAB-503461,AREA-03,B1,22,2026-05-14T02:39:00Z,2026-05-22T01:39:00Z
Y-703462,C-0043462,SLAB-503462,AREA-04,B2,23,2026-05-12T16:37:00Z,2026-05-29T15:37:00Z
Y-703463,C-0043463,SLAB-503463,AREA-05,B3,24,2026-05-12T23:35:00Z,2026-05-26T22:35:00Z
Y-703464,C-0043464,SLAB-503464,AREA-06,B4,25,2026-05-13T10:43:00Z,2026-05-16T09:43:00Z
Y-703465,C-0043465,SLAB-503465,AREA-07,B5,26,2026-05-13T21:41:00Z,2026-05-23T20:41:00Z
Y-703466,C-0043466,SLAB-503466,AREA-08,B6,27,2026-05-13T04:35:00Z,2026-05-28T03:35:00Z
Y-703467,C-0043467,SLAB-503467,AREA-09,B7,28,2026-05-13T21:06:00Z,2026-05-22T20:06:00Z
Y-703468,C-0043468,SLAB-503468,AREA-10,B8,29,2026-05-12T13:07:00Z,2026-05-19T12:07:00Z
Y-703469,C-0043469,SLAB-503469,AREA-11,B9,30,2026-05-13T16:11:00Z,2026-06-02T15:11:00Z
Y-703470,C-0043470,SLAB-503470,AREA-12,B1,31,2026-05-13T21:14:00Z,2026-05-18T20:14:00Z
Y-703471,C-0043471,SLAB-503471,AREA-13,B2,32,2026-05-14T16:11:00Z,2026-05-27T15:11:00Z
Y-703472,C-0043472,SLAB-503472,AREA-01,B3,33,2026-05-13T10:08:00Z,2026-05-16T09:08:00Z
Y-703473,C-0043473,SLAB-503473,AREA-02,B4,34,2026-05-13T00:04:00Z,2026-05-16T23:04:00Z
Y-703474,C-0043474,SLAB-503474,AREA-03,B5,35,2026-05-13T23:06:00Z,2026-05-25T22:06:00Z
Y-703475,C-0043475,SLAB-503475,AREA-04,B6,36,2026-05-14T19:32:00Z,2026-05-30T18:32:00Z
Y-703476,C-0043476,SLAB-503476,AREA-05,B7,37,2026-05-14T12:28:00Z,2026-05-23T11:28:00Z
Y-703477,C-0043477,SLAB-503477,AREA-06,B8,38,2026-05-14T09:29:00Z,2026-05-30T08:29:00Z
Y-703478,C-0043478,SLAB-503478,AREA-07,B9,39,2026-05-13T15:35:00Z,2026-05-16T14:35:00Z
Y-703479,C-0043479,SLAB-503479,AREA-08,B1,40,2026-05-14T08:33:00Z,2026-05-22T07:33:00Z
Y-703480,C-0043480,SLAB-503480,AREA-09,B2,1,2026-05-13T06:28:00Z,2026-05-26T05:28:00Z
Y-703481,C-0043481,SLAB-503481,AREA-10,B3,2,2026-05-13T18:31:00Z,2026-05-30T17:31:00Z
Y-703482,C-0043482,SLAB-503482,AREA-11,B4,3,2026-05-13T18:28:00Z,2026-05-24T17:28:00Z
Y-703483,C-0043483,SLAB-503483,AREA-12,B5,4,2026-05-13T14:29:00Z,2026-06-01T13:29:00Z
Y-703484,C-0043484,SLAB-503484,AREA-13,B6,5,2026-05-13T15:34:00Z,2026-05-19T14:34:00Z
Y-703485,C-0043485,SLAB-503485,AREA-01,B7,6,2026-05-13T09:31:00Z,2026-05-30T08:31:00Z
Y-703486,C-0043486,SLAB-503486,AREA-02,B8,7,2026-05-13T19:52:00Z,2026-05-31T18:52:00Z
Y-703487,C-0043487,SLAB-503487,AREA-03,B9,8,2026-05-14T14:50:00Z,2026-05-16T13:50:00Z
Y-703488,C-0043488,SLAB-503488,AREA-04,B1,9,2026-05-13T01:49:00Z,2026-05-29T00:49:00Z
Y-703489,C-0043489,SLAB-503489,AREA-05,B2,10,2026-05-14T03:44:00Z,2026-05-28T02:44:00Z
Y-703490,C-0043490,SLAB-503490,AREA-06,B3,11,2026-05-13T19:43:00Z,2026-06-01T18:43:00Z
Y-703491,C-0043491,SLAB-503491,AREA-07,B4,12,2026-05-13T15:47:00Z,2026-05-17T14:47:00Z
Y-703492,C-0043492,SLAB-503492,AREA-08,B5,13,2026-05-13T03:43:00Z,2026-05-27T02:43:00Z
Y-703493,C-0043493,SLAB-503493,AREA-09,B6,14,2026-05-13T03:45:00Z,2026-05-15T02:45:00Z
Y-703494,C-0043494,SLAB-503494,AREA-10,B7,15,2026-05-12T19:51:00Z,2026-05-25T18:51:00Z
Y-703495,C-0043495,SLAB-503495,AREA-11,B8,16,2026-05-13T19:42:00Z,2026-05-19T18:42:00Z
Y-703496,C-0043496,SLAB-503496,AREA-12,B9,17,2026-05-13T22:50:00Z,2026-05-29T21:50:00Z
Y-703497,C-0043497,SLAB-503497,AREA-13,B1,18,2026-05-14T11:46:00Z,2026-06-01T10:46:00Z
Y-703498,C-0043498,SLAB-503498,AREA-01,B2,19,2026-05-13T14:43:00Z,2026-05-21T13:43:00Z
Y-703499,C-0043499,SLAB-503499,AREA-02,B3,20,2026-05-13T15:53:00Z,2026-05-21T14:53:00Z
Y-703500,C-0043500,SLAB-503500,AREA-03,B4,21,2026-05-12T22:49:00Z,2026-05-31T21:49:00Z
Y-703501,C-0043501,SLAB-503501,AREA-04,B5,22,2026-05-14T03:46:00Z,2026-05-17T02:46:00Z
Y-703502,C-0043502,SLAB-503502,AREA-05,B6,23,2026-05-13T19:49:00Z,2026-05-26T18:49:00Z
Y-703503,C-0043503,SLAB-503503,AREA-06,B7,24,2026-05-13T19:53:00Z,2026-05-18T18:53:00Z
Y-703504,C-0043504,SLAB-503504,AREA-07,B8,25,2026-05-12T22:44:00Z,2026-05-25T21:44:00Z
Y-703505,C-0043505,SLAB-503505,AREA-08,B9,26,2026-05-13T16:51:00Z,2026-05-18T15:51:00Z
Y-703506,C-0043506,SLAB-503506,AREA-09,B1,27,2026-05-14T00:30:00Z,2026-06-01T23:30:00Z
Y-703507,C-0043507,SLAB-503507,AREA-10,B2,28,2026-05-15T02:29:00Z,2026-05-19T01:29:00Z
Y-703508,C-0043508,SLAB-503508,AREA-11,B3,29,2026-05-14T11:22:00Z,2026-05-31T10:22:00Z
Y-703509,C-0043509,SLAB-503509,AREA-12,B4,30,2026-05-13T02:33:00Z,2026-05-22T01:33:00Z
Y-703510,C-0043510,SLAB-503510,AREA-13,B5,31,2026-05-13T17:28:00Z,2026-05-17T16:28:00Z
Y-703511,C-0043511,SLAB-503511,AREA-01,B6,32,2026-05-12T20:31:00Z,2026-05-14T19:31:00Z
Y-703512,C-0043512,SLAB-503512,AREA-02,B7,33,2026-05-13T08:30:00Z,2026-05-25T07:30:00Z
Y-703513,C-0043513,SLAB-503513,AREA-03,B8,34,2026-05-13T20:33:00Z,2026-05-24T19:33:00Z
Y-703514,C-0043514,SLAB-503514,AREA-04,B9,35,2026-05-14T19:31:00Z,2026-05-19T18:31:00Z
Y-703515,C-0043515,SLAB-503515,AREA-05,B1,36,2026-05-14T07:28:00Z,2026-05-22T06:28:00Z
Y-703516,C-0043516,SLAB-503516,AREA-06,B2,37,2026-05-12T14:52:00Z,2026-05-18T13:52:00Z
Y-703517,C-0043517,SLAB-503517,AREA-07,B3,38,2026-05-13T12:55:00Z,2026-05-27T11:55:00Z
Y-703518,C-0043518,SLAB-503518,AREA-08,B4,39,2026-05-14T18:50:00Z,2026-05-18T17:50:00Z
Y-703519,C-0043519,SLAB-503519,AREA-09,B5,40,2026-05-13T13:52:00Z,2026-05-15T12:52:00Z
Y-703520,C-0043520,SLAB-503520,AREA-10,B6,1,2026-05-13T20:50:00Z,2026-05-28T19:50:00Z
Y-703521,C-0043521,SLAB-503521,AREA-11,B7,2,2026-05-14T16:47:00Z,2026-05-19T15:47:00Z
Y-703522,C-0043522,SLAB-503522,AREA-12,B8,3,2026-05-14T05:50:00Z,2026-05-31T04:50:00Z
Y-703523,C-0043523,SLAB-503523,AREA-13,B9,4,2026-05-13T20:49:00Z,2026-05-23T19:49:00Z
Y-703524,C-0043524,SLAB-503524,AREA-01,B1,5,2026-05-13T09:50:00Z,2026-05-22T08:50:00Z
Y-703525,C-0043525,SLAB-503525,AREA-02,B2,6,2026-05-13T12:48:00Z,2026-05-25T11:48:00Z
Y-703526,C-0043526,SLAB-503526,AREA-03,B3,7,2026-05-13T17:45:00Z,2026-05-28T16:45:00Z
Y-703527,C-0043527,SLAB-503527,AREA-04,B4,8,2026-05-14T08:54:00Z,2026-06-03T07:54:00Z
Y-703528,C-0043528,SLAB-503528,AREA-05,B5,9,2026-05-12T16:50:00Z,2026-05-21T15:50:00Z
Y-703529,C-0043529,SLAB-503529,AREA-06,B6,10,2026-05-13T17:52:00Z,2026-06-02T16:52:00Z
Y-703530,C-0043530,SLAB-503530,AREA-07,B7,11,2026-05-13T04:47:00Z,2026-05-18T03:47:00Z
Y-703531,C-0043531,SLAB-503531,AREA-08,B8,12,2026-05-13T04:43:00Z,2026-05-27T03:43:00Z
Y-703532,C-0043532,SLAB-503532,AREA-09,B9,13,2026-05-12T22:51:00Z,2026-05-22T21:51:00Z
Y-703533,C-0043533,SLAB-503533,AREA-10,B1,14,2026-05-14T06:55:00Z,2026-06-02T05:55:00Z
Y-703534,C-0043534,SLAB-503534,AREA-11,B2,15,2026-05-14T05:49:00Z,2026-06-01T04:49:00Z
Y-703535,C-0043535,SLAB-503535,AREA-12,B3,16,2026-05-15T01:55:00Z,2026-05-22T00:55:00Z
Y-703536,C-0043536,SLAB-503536,AREA-13,B4,17,2026-05-14T08:18:00Z,2026-06-02T07:18:00Z
Y-703537,C-0043537,SLAB-503537,AREA-01,B5,18,2026-05-13T14:15:00Z,2026-05-16T13:15:00Z
Y-703538,C-0043538,SLAB-503538,AREA-02,B6,19,2026-05-13T14:11:00Z,2026-05-21T13:11:00Z
Y-703539,C-0043539,SLAB-503539,AREA-03,B7,20,2026-05-14T10:13:00Z,2026-06-03T09:13:00Z
Y-703540,C-0043540,SLAB-503540,AREA-04,B8,21,2026-05-15T02:09:00Z,2026-05-29T01:09:00Z
Y-703541,C-0043541,SLAB-503541,AREA-05,B9,22,2026-05-14T16:15:00Z,2026-05-31T15:15:00Z
Y-703542,C-0043542,SLAB-503542,AREA-06,B1,23,2026-05-13T09:11:00Z,2026-05-22T08:11:00Z
Y-703543,C-0043543,SLAB-503543,AREA-07,B2,24,2026-05-14T12:07:00Z,2026-05-20T11:07:00Z
Y-703544,C-0043544,SLAB-503544,AREA-08,B3,25,2026-05-13T09:10:00Z,2026-05-18T08:10:00Z
Y-703545,C-0043545,SLAB-503545,AREA-09,B4,26,2026-05-14T03:06:00Z,2026-05-21T02:06:00Z
Y-703546,C-0043546,SLAB-503546,AREA-10,B5,27,2026-05-12T14:20:00Z,2026-05-25T13:20:00Z
Y-703547,C-0043547,SLAB-503547,AREA-11,B6,28,2026-05-14T12:22:00Z,2026-06-01T11:22:00Z
Y-703548,C-0043548,SLAB-503548,AREA-12,B7,29,2026-05-13T07:22:00Z,2026-05-17T06:22:00Z
Y-703549,C-0043549,SLAB-503549,AREA-13,B8,30,2026-05-14T09:21:00Z,2026-05-31T08:21:00Z
Y-703550,C-0043550,SLAB-503550,AREA-01,B9,31,2026-05-12T22:23:00Z,2026-05-14T21:23:00Z
Y-703551,C-0043551,SLAB-503551,AREA-02,B1,32,2026-05-14T01:21:00Z,2026-05-17T00:21:00Z
Y-703552,C-0043552,SLAB-503552,AREA-03,B2,33,2026-05-14T15:20:00Z,2026-06-01T14:20:00Z
Y-703553,C-0043553,SLAB-503553,AREA-04,B3,34,2026-05-14T20:20:00Z,2026-05-24T19:20:00Z
Y-703554,C-0043554,SLAB-503554,AREA-05,B4,35,2026-05-13T19:45:00Z,2026-05-28T18:45:00Z
Y-703555,C-0043555,SLAB-503555,AREA-06,B5,36,2026-05-13T12:45:00Z,2026-05-28T11:45:00Z
Y-703556,C-0043556,SLAB-503556,AREA-07,B6,37,2026-05-13T16:46:00Z,2026-05-20T15:46:00Z
Y-703557,C-0043557,SLAB-503557,AREA-08,B7,38,2026-05-13T10:50:00Z,2026-05-21T09:50:00Z
Y-703558,C-0043558,SLAB-503558,AREA-09,B8,39,2026-05-13T15:45:00Z,2026-05-19T14:45:00Z
Y-703559,C-0043559,SLAB-503559,AREA-10,B9,40,2026-05-14T09:42:00Z,2026-05-28T08:42:00Z
Y-703560,C-0043560,SLAB-503560,AREA-11,B1,1,2026-05-13T02:37:00Z,2026-05-21T01:37:00Z
Y-703561,C-0043561,SLAB-503561,AREA-12,B2,2,2026-05-13T00:49:00Z,2026-05-23T23:49:00Z
Y-703562,C-0043562,SLAB-503562,AREA-13,B3,3,2026-05-14T02:43:00Z,2026-05-28T01:43:00Z
Y-703563,C-0043563,SLAB-503563,AREA-01,B4,4,2026-05-12T15:43:00Z,2026-05-18T14:43:00Z
Y-703564,C-0043564,SLAB-503564,AREA-02,B5,5,2026-05-14T00:42:00Z,2026-05-21T23:42:00Z
Y-703565,C-0043565,SLAB-503565,AREA-03,B6,6,2026-05-13T17:31:00Z,2026-05-16T16:31:00Z
Y-703566,C-0043566,SLAB-503566,AREA-04,B7,7,2026-05-14T05:36:00Z,2026-05-17T04:36:00Z
Y-703567,C-0043567,SLAB-503567,AREA-05,B8,8,2026-05-14T07:39:00Z,2026-05-29T06:39:00Z
Y-703568,C-0043568,SLAB-503568,AREA-06,B9,9,2026-05-13T02:35:00Z,2026-05-17T01:35:00Z
Y-703569,C-0043569,SLAB-503569,AREA-07,B1,10,2026-05-13T14:37:00Z,2026-05-16T13:37:00Z
Y-703570,C-0043570,SLAB-503570,AREA-08,B2,11,2026-05-12T23:35:00Z,2026-05-22T22:35:00Z
Y-703571,C-0043571,SLAB-503571,AREA-09,B3,12,2026-05-13T19:34:00Z,2026-05-29T18:34:00Z
Y-703572,C-0043572,SLAB-503572,AREA-10,B4,13,2026-05-14T19:41:00Z,2026-06-03T18:41:00Z
Y-703573,C-0043573,SLAB-503573,AREA-11,B5,14,2026-05-14T06:35:00Z,2026-05-23T05:35:00Z
Y-703574,C-0043574,SLAB-503574,AREA-12,B6,15,2026-05-13T18:36:00Z,2026-05-27T17:36:00Z
Y-703575,C-0043575,SLAB-503575,AREA-13,B7,16,2026-05-13T14:57:00Z,2026-05-21T13:57:00Z
Y-703576,C-0043576,SLAB-503576,AREA-01,B8,17,2026-05-14T13:56:00Z,2026-06-02T12:56:00Z
Y-703577,C-0043577,SLAB-503577,AREA-02,B9,18,2026-05-12T19:58:00Z,2026-05-25T18:58:00Z
Y-703578,C-0043578,SLAB-503578,AREA-03,B1,19,2026-05-13T21:55:00Z,2026-06-01T20:55:00Z
Y-703579,C-0043579,SLAB-503579,AREA-04,B2,20,2026-05-13T14:01:00Z,2026-05-22T13:01:00Z
Y-703580,C-0043580,SLAB-503580,AREA-05,B3,21,2026-05-13T22:57:00Z,2026-05-26T21:57:00Z
Y-703581,C-0043581,SLAB-503581,AREA-06,B4,22,2026-05-14T22:55:00Z,2026-06-03T21:55:00Z
Y-703582,C-0043582,SLAB-503582,AREA-07,B5,23,2026-05-13T22:59:00Z,2026-05-22T21:59:00Z
Y-703583,C-0043583,SLAB-503583,AREA-08,B6,24,2026-05-13T22:01:00Z,2026-05-27T21:01:00Z
Y-703584,C-0043584,SLAB-503584,AREA-09,B7,25,2026-05-13T18:03:00Z,2026-05-25T17:03:00Z
Y-703585,C-0043585,SLAB-503585,AREA-10,B8,26,2026-05-13T22:50:00Z,2026-05-27T21:50:00Z
Y-703586,C-0043586,SLAB-503586,AREA-11,B9,27,2026-05-13T17:51:00Z,2026-05-20T16:51:00Z
Y-703587,C-0043587,SLAB-503587,AREA-12,B1,28,2026-05-14T11:55:00Z,2026-06-01T10:55:00Z
Y-703588,C-0043588,SLAB-503588,AREA-13,B2,29,2026-05-14T01:49:00Z,2026-05-21T00:49:00Z
Y-703589,C-0043589,SLAB-503589,AREA-01,B3,30,2026-05-14T08:56:00Z,2026-06-03T07:56:00Z
Y-703590,C-0043590,SLAB-503590,AREA-02,B4,31,2026-05-14T09:52:00Z,2026-06-01T08:52:00Z
Y-703591,C-0043591,SLAB-503591,AREA-03,B5,32,2026-05-14T06:55:00Z,2026-05-20T05:55:00Z
Y-703592,C-0043592,SLAB-503592,AREA-04,B6,33,2026-05-13T18:54:00Z,2026-05-31T17:54:00Z
Y-703593,C-0043593,SLAB-503593,AREA-05,B7,34,2026-05-12T21:53:00Z,2026-05-19T20:53:00Z
Y-703594,C-0043594,SLAB-503594,AREA-06,B8,35,2026-05-13T19:51:00Z,2026-05-30T18:51:00Z
Y-703595,C-0043595,SLAB-503595,AREA-07,B9,36,2026-05-15T00:55:00Z,2026-05-21T23:55:00Z
Y-703596,C-0043596,SLAB-503596,AREA-08,B1,37,2026-05-13T03:55:00Z,2026-05-23T02:55:00Z
Y-703597,C-0043597,SLAB-503597,AREA-09,B2,38,2026-05-12T20:45:00Z,2026-05-15T19:45:00Z
Y-703598,C-0043598,SLAB-503598,AREA-10,B3,39,2026-05-14T03:39:00Z,2026-05-27T02:39:00Z
Y-703599,C-0043599,SLAB-503599,AREA-11,B4,40,2026-05-13T12:38:00Z,2026-05-19T11:38:00Z
Y-703600,C-0043600,SLAB-503600,AREA-12,B5,1,2026-05-14T03:41:00Z,2026-05-26T02:41:00Z
Y-703601,C-0043601,SLAB-503601,AREA-13,B6,2,2026-05-13T22:42:00Z,2026-05-18T21:42:00Z
Y-703602,C-0043602,SLAB-503602,AREA-01,B7,3,2026-05-12T23:42:00Z,2026-05-27T22:42:00Z
Y-703603,C-0043603,SLAB-503603,AREA-02,B8,4,2026-05-13T00:44:00Z,2026-05-15T23:44:00Z
Y-703604,C-0043604,SLAB-503604,AREA-03,B9,5,2026-05-14T21:40:00Z,2026-05-24T20:40:00Z
Y-703605,C-0043605,SLAB-503605,AREA-04,B1,6,2026-05-14T18:37:00Z,2026-06-01T17:37:00Z
Y-703606,C-0043606,SLAB-503606,AREA-05,B2,7,2026-05-14T01:45:00Z,2026-05-23T00:45:00Z
Y-703607,C-0043607,SLAB-503607,AREA-06,B3,8,2026-05-14T10:47:00Z,2026-05-20T09:47:00Z
Y-703608,C-0043608,SLAB-503608,AREA-07,B4,9,2026-05-13T04:11:00Z,2026-05-20T03:11:00Z
Y-703609,C-0043609,SLAB-503609,AREA-08,B5,10,2026-05-15T12:07:00Z,2026-05-23T11:07:00Z
Y-703610,C-0043610,SLAB-503610,AREA-09,B6,11,2026-05-13T15:08:00Z,2026-05-25T14:08:00Z
Y-703611,C-0043611,SLAB-503611,AREA-10,B7,12,2026-05-14T15:14:00Z,2026-05-20T14:14:00Z
Y-703612,C-0043612,SLAB-503612,AREA-11,B8,13,2026-05-13T21:07:00Z,2026-05-30T20:07:00Z
Y-703613,C-0043613,SLAB-503613,AREA-12,B9,14,2026-05-14T20:03:00Z,2026-05-24T19:03:00Z
Y-703614,C-0043614,SLAB-503614,AREA-13,B1,15,2026-05-14T15:04:00Z,2026-05-26T14:04:00Z
Y-703615,C-0043615,SLAB-503615,AREA-01,B2,16,2026-05-15T03:04:00Z,2026-06-03T02:04:00Z
Y-703616,C-0043616,SLAB-503616,AREA-02,B3,17,2026-05-14T23:01:00Z,2026-05-28T22:01:00Z
Y-703617,C-0043617,SLAB-503617,AREA-03,B4,18,2026-05-14T14:59:00Z,2026-05-23T13:59:00Z
Y-703618,C-0043618,SLAB-503618,AREA-04,B5,19,2026-05-14T21:06:00Z,2026-05-30T20:06:00Z
Y-703619,C-0043619,SLAB-503619,AREA-05,B6,20,2026-05-13T20:04:00Z,2026-05-31T19:04:00Z
Y-703620,C-0043620,SLAB-503620,AREA-06,B7,21,2026-05-14T13:04:00Z,2026-05-27T12:04:00Z
Y-703621,C-0043621,SLAB-503621,AREA-07,B8,22,2026-05-13T21:03:00Z,2026-05-20T20:03:00Z
Y-703622,C-0043622,SLAB-503622,AREA-08,B9,23,2026-05-14T15:06:00Z,2026-05-19T14:06:00Z
Y-703623,C-0043623,SLAB-503623,AREA-09,B1,24,2026-05-13T21:03:00Z,2026-05-22T20:03:00Z
Y-703624,C-0043624,SLAB-503624,AREA-10,B2,25,2026-05-14T02:01:00Z,2026-05-23T01:01:00Z
Y-703625,C-0043625,SLAB-503625,AREA-11,B3,26,2026-05-14T23:51:00Z,2026-05-25T22:51:00Z
Y-703626,C-0043626,SLAB-503626,AREA-12,B4,27,2026-05-14T13:42:00Z,2026-05-28T12:42:00Z
Y-703627,C-0043627,SLAB-503627,AREA-13,B5,28,2026-05-13T20:42:00Z,2026-05-23T19:42:00Z
Y-703628,C-0043628,SLAB-503628,AREA-01,B6,29,2026-05-13T23:44:00Z,2026-05-25T22:44:00Z
Y-703629,C-0043629,SLAB-503629,AREA-02,B7,30,2026-05-14T05:43:00Z,2026-06-03T04:43:00Z
Y-703630,C-0043630,SLAB-503630,AREA-03,B8,31,2026-05-12T15:42:00Z,2026-05-16T14:42:00Z
Y-703631,C-0043631,SLAB-503631,AREA-04,B9,32,2026-05-14T09:39:00Z,2026-05-27T08:39:00Z
Y-703632,C-0043632,SLAB-503632,AREA-05,B1,33,2026-05-13T17:40:00Z,2026-05-31T16:40:00Z
Y-703633,C-0043633,SLAB-503633,AREA-06,B2,34,2026-05-13T09:42:00Z,2026-05-25T08:42:00Z
Y-703634,C-0043634,SLAB-503634,AREA-07,B3,35,2026-05-15T12:41:00Z,2026-05-17T11:41:00Z
Y-703635,C-0043635,SLAB-503635,AREA-08,B4,36,2026-05-15T02:43:00Z,2026-05-18T01:43:00Z
Y-703636,C-0043636,SLAB-503636,AREA-09,B5,37,2026-05-14T10:15:00Z,2026-05-19T09:15:00Z
Y-703637,C-0043637,SLAB-503637,AREA-10,B6,38,2026-05-14T08:17:00Z,2026-05-19T07:17:00Z
Y-703638,C-0043638,SLAB-503638,AREA-11,B7,39,2026-05-14T12:15:00Z,2026-05-17T11:15:00Z
Y-703639,C-0043639,SLAB-503639,AREA-12,B8,40,2026-05-14T06:22:00Z,2026-05-21T05:22:00Z
Y-703640,C-0043640,SLAB-503640,AREA-13,B9,1,2026-05-14T03:22:00Z,2026-05-21T02:22:00Z
Y-703641,C-0043641,SLAB-503641,AREA-01,B1,2,2026-05-14T09:16:00Z,2026-05-29T08:16:00Z
Y-703642,C-0043642,SLAB-503642,AREA-02,B2,3,2026-05-14T10:17:00Z,2026-06-02T09:17:00Z
Y-703643,C-0043643,SLAB-503643,AREA-03,B3,4,2026-05-14T02:15:00Z,2026-05-17T01:15:00Z
Y-703644,C-0043644,SLAB-503644,AREA-04,B4,5,2026-05-12T18:18:00Z,2026-05-26T17:18:00Z
Y-703645,C-0043645,SLAB-503645,AREA-05,B5,6,2026-05-14T01:17:00Z,2026-06-01T00:17:00Z
Y-703646,C-0043646,SLAB-503646,AREA-06,B6,7,2026-05-13T07:18:00Z,2026-05-18T06:18:00Z
Y-703647,C-0043647,SLAB-503647,AREA-07,B7,8,2026-05-13T08:08:00Z,2026-05-20T07:08:00Z
Y-703648,C-0043648,SLAB-503648,AREA-08,B8,9,2026-05-14T02:09:00Z,2026-05-24T01:09:00Z
Y-703649,C-0043649,SLAB-503649,AREA-09,B9,10,2026-05-15T09:05:00Z,2026-05-20T08:05:00Z
Y-703650,C-0043650,SLAB-503650,AREA-10,B1,11,2026-05-13T16:09:00Z,2026-05-27T15:09:00Z
Y-703651,C-0043651,SLAB-503651,AREA-11,B2,12,2026-05-15T07:07:00Z,2026-05-22T06:07:00Z
Y-703652,C-0043652,SLAB-503652,AREA-12,B3,13,2026-05-14T22:07:00Z,2026-05-27T21:07:00Z
Y-703653,C-0043653,SLAB-503653,AREA-13,B4,14,2026-05-13T22:12:00Z,2026-05-21T21:12:00Z
Y-703654,C-0043654,SLAB-503654,AREA-01,B5,15,2026-05-14T13:10:00Z,2026-05-24T12:10:00Z
Y-703655,C-0043655,SLAB-503655,AREA-02,B6,16,2026-05-13T11:11:00Z,2026-05-15T10:11:00Z
Y-703656,C-0043656,SLAB-503656,AREA-03,B7,17,2026-05-14T21:22:00Z,2026-05-30T20:22:00Z
Y-703657,C-0043657,SLAB-503657,AREA-04,B8,18,2026-05-13T12:24:00Z,2026-05-29T11:24:00Z
Y-703658,C-0043658,SLAB-503658,AREA-05,B9,19,2026-05-14T10:23:00Z,2026-06-02T09:23:00Z
Y-703659,C-0043659,SLAB-503659,AREA-06,B1,20,2026-05-13T15:22:00Z,2026-05-29T14:22:00Z
Y-703660,C-0043660,SLAB-503660,AREA-07,B2,21,2026-05-15T08:28:00Z,2026-05-19T07:28:00Z
Y-703661,C-0043661,SLAB-503661,AREA-08,B3,22,2026-05-14T02:22:00Z,2026-05-24T01:22:00Z
Y-703662,C-0043662,SLAB-503662,AREA-09,B4,23,2026-05-14T21:21:00Z,2026-05-24T20:21:00Z
Y-703663,C-0043663,SLAB-503663,AREA-10,B5,24,2026-05-14T13:21:00Z,2026-05-31T12:21:00Z
Y-703664,C-0043664,SLAB-503664,AREA-11,B6,25,2026-05-13T13:20:00Z,2026-05-21T12:20:00Z
Y-703665,C-0043665,SLAB-503665,AREA-12,B7,26,2026-05-15T03:17:00Z,2026-05-31T02:17:00Z
Y-703666,C-0043666,SLAB-503666,AREA-13,B8,27,2026-05-14T18:25:00Z,2026-05-26T17:25:00Z
Y-703667,C-0043667,SLAB-503667,AREA-01,B9,28,2026-05-15T06:21:00Z,2026-06-03T05:21:00Z
Y-703668,C-0043668,SLAB-503668,AREA-02,B1,29,2026-05-13T19:27:00Z,2026-05-24T18:27:00Z
Y-703669,C-0043669,SLAB-503669,AREA-03,B2,30,2026-05-14T04:29:00Z,2026-05-27T03:29:00Z
Y-703670,C-0043670,SLAB-503670,AREA-04,B3,31,2026-05-14T11:22:00Z,2026-05-25T10:22:00Z
Y-703671,C-0043671,SLAB-503671,AREA-05,B4,32,2026-05-13T12:22:00Z,2026-05-29T11:22:00Z
Y-703672,C-0043672,SLAB-503672,AREA-06,B5,33,2026-05-13T17:25:00Z,2026-05-23T16:25:00Z
Y-703673,C-0043673,SLAB-503673,AREA-07,B6,34,2026-05-15T01:27:00Z,2026-06-01T00:27:00Z
Y-703674,C-0043674,SLAB-503674,AREA-08,B7,35,2026-05-14T07:25:00Z,2026-06-03T06:25:00Z
Y-703675,C-0043675,SLAB-503675,AREA-09,B8,36,2026-05-15T00:57:00Z,2026-05-22T23:57:00Z
Y-703676,C-0043676,SLAB-503676,AREA-10,B9,37,2026-05-13T05:59:00Z,2026-05-17T04:59:00Z
Y-703677,C-0043677,SLAB-503677,AREA-11,B1,38,2026-05-14T05:56:00Z,2026-05-21T04:56:00Z
Y-703678,C-0043678,SLAB-503678,AREA-12,B2,39,2026-05-13T08:59:00Z,2026-06-01T07:59:00Z
Y-703679,C-0043679,SLAB-503679,AREA-13,B3,40,2026-05-13T23:04:00Z,2026-05-18T22:04:00Z
Y-703680,C-0043680,SLAB-503680,AREA-01,B4,1,2026-05-14T11:00:00Z,2026-05-21T10:00:00Z
Y-703681,C-0043681,SLAB-503681,AREA-02,B5,2,2026-05-15T12:00:00Z,2026-05-17T11:00:00Z
Y-703682,C-0043682,SLAB-503682,AREA-03,B6,3,2026-05-15T12:06:00Z,2026-05-17T11:06:00Z
Y-703683,C-0043683,SLAB-503683,AREA-04,B7,4,2026-05-14T02:43:00Z,2026-05-24T01:43:00Z
Y-703684,C-0043684,SLAB-503684,AREA-05,B8,5,2026-05-15T12:32:00Z,2026-05-30T11:32:00Z
Y-703685,C-0043685,SLAB-503685,AREA-06,B9,6,2026-05-14T05:38:00Z,2026-05-17T04:38:00Z
Y-703686,C-0043686,SLAB-503686,AREA-07,B1,7,2026-05-14T01:44:00Z,2026-05-25T00:44:00Z
Y-703687,C-0043687,SLAB-503687,AREA-08,B2,8,2026-05-15T14:35:00Z,2026-05-19T13:35:00Z
Y-703688,C-0043688,SLAB-503688,AREA-09,B3,9,2026-05-15T03:43:00Z,2026-05-17T02:43:00Z
Y-703689,C-0043689,SLAB-503689,AREA-10,B4,10,2026-05-15T03:40:00Z,2026-05-21T02:40:00Z
Y-703690,C-0043690,SLAB-503690,AREA-11,B5,11,2026-05-13T09:40:00Z,2026-05-18T08:40:00Z
Y-703691,C-0043691,SLAB-503691,AREA-12,B6,12,2026-05-15T06:38:00Z,2026-06-02T05:38:00Z
Y-703692,C-0043692,SLAB-503692,AREA-13,B7,13,2026-05-13T23:42:00Z,2026-05-27T22:42:00Z
Y-703693,C-0043693,SLAB-503693,AREA-01,B8,14,2026-05-13T08:08:00Z,2026-05-18T07:08:00Z
Y-703694,C-0043694,SLAB-503694,AREA-02,B9,15,2026-05-13T03:10:00Z,2026-05-24T02:10:00Z
Y-703695,C-0043695,SLAB-503695,AREA-03,B1,16,2026-05-14T02:02:00Z,2026-05-23T01:02:00Z
Y-703696,C-0043696,SLAB-503696,AREA-04,B2,17,2026-05-14T03:03:00Z,2026-05-16T02:03:00Z
Y-703697,C-0043697,SLAB-503697,AREA-05,B3,18,2026-05-14T13:07:00Z,2026-05-23T12:07:00Z
Y-703698,C-0043698,SLAB-503698,AREA-06,B4,19,2026-05-15T13:11:00Z,2026-05-20T12:11:00Z
Y-703699,C-0043699,SLAB-503699,AREA-07,B5,20,2026-05-14T15:10:00Z,2026-05-25T14:10:00Z
Y-703700,C-0043700,SLAB-503700,AREA-08,B6,21,2026-05-15T00:52:00Z,2026-06-02T23:52:00Z
Y-703701,C-0043701,SLAB-503701,AREA-09,B7,22,2026-05-14T03:57:00Z,2026-05-24T02:57:00Z
Y-703702,C-0043702,SLAB-503702,AREA-10,B8,23,2026-05-14T14:58:00Z,2026-05-25T13:58:00Z
Y-703703,C-0043703,SLAB-503703,AREA-11,B9,24,2026-05-13T11:57:00Z,2026-05-16T10:57:00Z
Y-703704,C-0043704,SLAB-503704,AREA-12,B1,25,2026-05-13T04:50:00Z,2026-06-02T03:50:00Z
Y-703705,C-0043705,SLAB-503705,AREA-13,B2,26,2026-05-15T07:50:00Z,2026-05-28T06:50:00Z
Y-703706,C-0043706,SLAB-503706,AREA-01,B3,27,2026-05-14T15:58:00Z,2026-05-19T14:58:00Z
Y-703707,C-0043707,SLAB-503707,AREA-02,B4,28,2026-05-13T07:51:00Z,2026-05-30T06:51:00Z
Y-703708,C-0043708,SLAB-503708,AREA-03,B5,29,2026-05-13T23:00:00Z,2026-05-28T22:00:00Z
Y-703709,C-0043709,SLAB-503709,AREA-04,B6,30,2026-05-14T01:51:00Z,2026-05-26T00:51:00Z
Y-703710,C-0043710,SLAB-503710,AREA-05,B7,31,2026-05-14T07:54:00Z,2026-05-20T06:54:00Z
Y-703711,C-0043711,SLAB-503711,AREA-06,B8,32,2026-05-13T18:44:00Z,2026-05-26T17:44:00Z
Y-703712,C-0043712,SLAB-503712,AREA-07,B9,33,2026-05-13T15:44:00Z,2026-06-01T14:44:00Z
Y-703713,C-0043713,SLAB-503713,AREA-08,B1,34,2026-05-15T12:41:00Z,2026-05-18T11:41:00Z
Y-703714,C-0043714,SLAB-503714,AREA-09,B2,35,2026-05-13T13:41:00Z,2026-05-30T12:41:00Z
Y-703715,C-0043715,SLAB-503715,AREA-10,B3,36,2026-05-15T04:40:00Z,2026-05-27T03:40:00Z
Y-703716,C-0043716,SLAB-503716,AREA-11,B4,37,2026-05-13T12:49:00Z,2026-05-31T11:49:00Z
Y-703717,C-0043717,SLAB-503717,AREA-12,B5,38,2026-05-14T17:47:00Z,2026-06-02T16:47:00Z
Y-703718,C-0043718,SLAB-503718,AREA-13,B6,39,2026-05-14T07:42:00Z,2026-05-31T06:42:00Z
Y-703719,C-0043719,SLAB-503719,AREA-01,B7,40,2026-05-13T11:46:00Z,2026-05-16T10:46:00Z
Y-703720,C-0043720,SLAB-503720,AREA-02,B8,1,2026-05-14T08:48:00Z,2026-05-23T07:48:00Z
Y-703721,C-0043721,SLAB-503721,AREA-03,B9,2,2026-05-13T20:33:00Z,2026-05-23T19:33:00Z
Y-703722,C-0043722,SLAB-503722,AREA-04,B1,3,2026-05-14T03:38:00Z,2026-06-02T02:38:00Z
Y-703723,C-0043723,SLAB-503723,AREA-05,B2,4,2026-05-14T00:29:00Z,2026-05-21T23:29:00Z
Y-703724,C-0043724,SLAB-503724,AREA-06,B3,5,2026-05-14T18:35:00Z,2026-05-22T17:35:00Z
Y-703725,C-0043725,SLAB-503725,AREA-07,B4,6,2026-05-15T10:43:00Z,2026-05-24T09:43:00Z
Y-703726,C-0043726,SLAB-503726,AREA-08,B5,7,2026-05-14T06:37:00Z,2026-05-20T05:37:00Z
Y-703727,C-0043727,SLAB-503727,AREA-09,B6,8,2026-05-13T17:38:00Z,2026-05-26T16:38:00Z
Y-703728,C-0043728,SLAB-503728,AREA-10,B7,9,2026-05-14T00:44:00Z,2026-06-02T23:44:00Z
Y-703729,C-0043729,SLAB-503729,AREA-11,B8,10,2026-05-14T22:47:00Z,2026-05-22T21:47:00Z
Y-703730,C-0043730,SLAB-503730,AREA-12,B9,11,2026-05-13T15:44:00Z,2026-05-17T14:44:00Z
Y-703731,C-0043731,SLAB-503731,AREA-13,B1,12,2026-05-13T20:43:00Z,2026-05-29T19:43:00Z
Y-703732,C-0043732,SLAB-503732,AREA-01,B2,13,2026-05-14T22:44:00Z,2026-05-20T21:44:00Z
Y-703733,C-0043733,SLAB-503733,AREA-02,B3,14,2026-05-13T16:45:00Z,2026-05-17T15:45:00Z
Y-703734,C-0043734,SLAB-503734,AREA-03,B4,15,2026-05-13T23:40:00Z,2026-05-22T22:40:00Z
Y-703735,C-0043735,SLAB-503735,AREA-04,B5,16,2026-05-14T03:40:00Z,2026-06-01T02:40:00Z
Y-703736,C-0043736,SLAB-503736,AREA-05,B6,17,2026-05-13T16:31:00Z,2026-05-15T15:31:00Z
Y-703737,C-0043737,SLAB-503737,AREA-06,B7,18,2026-05-13T18:28:00Z,2026-05-21T17:28:00Z
Y-703738,C-0043738,SLAB-503738,AREA-07,B8,19,2026-05-14T09:26:00Z,2026-06-03T08:26:00Z
Y-703739,C-0043739,SLAB-503739,AREA-08,B9,20,2026-05-14T09:25:00Z,2026-06-01T08:25:00Z
Y-703740,C-0043740,SLAB-503740,AREA-09,B1,21,2026-05-14T10:27:00Z,2026-05-29T09:27:00Z
Y-703741,C-0043741,SLAB-503741,AREA-10,B2,22,2026-05-15T08:25:00Z,2026-06-03T07:25:00Z
Y-703742,C-0043742,SLAB-503742,AREA-11,B3,23,2026-05-14T16:25:00Z,2026-05-22T15:25:00Z
Y-703743,C-0043743,SLAB-503743,AREA-12,B4,24,2026-05-14T13:28:00Z,2026-05-17T12:28:00Z
Y-703744,C-0043744,SLAB-503744,AREA-13,B5,25,2026-05-14T17:33:00Z,2026-05-27T16:33:00Z
Y-703745,C-0043745,SLAB-503745,AREA-01,B6,26,2026-05-13T20:27:00Z,2026-05-20T19:27:00Z
Y-703746,C-0043746,SLAB-503746,AREA-02,B7,27,2026-05-13T17:35:00Z,2026-05-20T16:35:00Z
Y-703747,C-0043747,SLAB-503747,AREA-03,B8,28,2026-05-14T20:35:00Z,2026-05-27T19:35:00Z
Y-703748,C-0043748,SLAB-503748,AREA-04,B9,29,2026-05-15T21:28:00Z,2026-05-17T20:28:00Z
Y-703749,C-0043749,SLAB-503749,AREA-05,B1,30,2026-05-14T00:32:00Z,2026-05-16T23:32:00Z
Y-703750,C-0043750,SLAB-503750,AREA-06,B2,31,2026-05-14T06:31:00Z,2026-05-18T05:31:00Z
Y-703751,C-0043751,SLAB-503751,AREA-07,B3,32,2026-05-13T21:34:00Z,2026-05-18T20:34:00Z
Y-703752,C-0043752,SLAB-503752,AREA-08,B4,33,2026-05-14T07:34:00Z,2026-05-17T06:34:00Z
Y-703753,C-0043753,SLAB-503753,AREA-09,B5,34,2026-05-15T04:36:00Z,2026-05-23T03:36:00Z
Y-703754,C-0043754,SLAB-503754,AREA-10,B6,35,2026-05-14T20:35:00Z,2026-06-03T19:35:00Z
Y-703755,C-0043755,SLAB-503755,AREA-11,B7,36,2026-05-15T00:29:00Z,2026-05-23T23:29:00Z
Y-703756,C-0043756,SLAB-503756,AREA-12,B8,37,2026-05-13T07:15:00Z,2026-05-25T06:15:00Z
Y-703757,C-0043757,SLAB-503757,AREA-13,B9,38,2026-05-14T05:09:00Z,2026-05-31T04:09:00Z
Y-703758,C-0043758,SLAB-503758,AREA-01,B1,39,2026-05-14T04:19:00Z,2026-05-30T03:19:00Z
Y-703759,C-0043759,SLAB-503759,AREA-02,B2,40,2026-05-14T13:17:00Z,2026-05-21T12:17:00Z
Y-703760,C-0043760,SLAB-503760,AREA-03,B3,1,2026-05-14T05:16:00Z,2026-05-26T04:16:00Z
Y-703761,C-0043761,SLAB-503761,AREA-04,B4,2,2026-05-14T01:17:00Z,2026-05-29T00:17:00Z
Y-703762,C-0043762,SLAB-503762,AREA-05,B5,3,2026-05-14T01:17:00Z,2026-05-30T00:17:00Z
Y-703763,C-0043763,SLAB-503763,AREA-06,B6,4,2026-05-14T21:10:00Z,2026-06-01T20:10:00Z
Y-703764,C-0043764,SLAB-503764,AREA-07,B7,5,2026-05-14T19:12:00Z,2026-05-22T18:12:00Z
Y-703765,C-0043765,SLAB-503765,AREA-08,B8,6,2026-05-14T18:10:00Z,2026-05-19T17:10:00Z
Y-703766,C-0043766,SLAB-503766,AREA-09,B9,7,2026-05-13T22:50:00Z,2026-05-25T21:50:00Z
Y-703767,C-0043767,SLAB-503767,AREA-10,B1,8,2026-05-14T15:48:00Z,2026-06-02T14:48:00Z
Y-703768,C-0043768,SLAB-503768,AREA-11,B2,9,2026-05-15T21:46:00Z,2026-05-26T20:46:00Z
Y-703769,C-0043769,SLAB-503769,AREA-12,B3,10,2026-05-14T01:49:00Z,2026-05-24T00:49:00Z
Y-703770,C-0043770,SLAB-503770,AREA-13,B4,11,2026-05-14T01:52:00Z,2026-06-01T00:52:00Z
Y-703771,C-0043771,SLAB-503771,AREA-01,B5,12,2026-05-14T19:48:00Z,2026-05-26T18:48:00Z
Y-703772,C-0043772,SLAB-503772,AREA-02,B6,13,2026-05-15T07:51:00Z,2026-05-21T06:51:00Z
Y-703773,C-0043773,SLAB-503773,AREA-03,B7,14,2026-05-14T23:17:00Z,2026-06-01T22:17:00Z
Y-703774,C-0043774,SLAB-503774,AREA-04,B8,15,2026-05-14T11:20:00Z,2026-05-28T10:20:00Z
Y-703775,C-0043775,SLAB-503775,AREA-05,B9,16,2026-05-15T09:18:00Z,2026-05-18T08:18:00Z
Y-703776,C-0043776,SLAB-503776,AREA-06,B1,17,2026-05-15T18:15:00Z,2026-06-03T17:15:00Z
Y-703777,C-0043777,SLAB-503777,AREA-07,B2,18,2026-05-14T10:15:00Z,2026-05-27T09:15:00Z
Y-703778,C-0043778,SLAB-503778,AREA-08,B3,19,2026-05-13T21:22:00Z,2026-05-24T20:22:00Z
Y-703779,C-0043779,SLAB-503779,AREA-09,B4,20,2026-05-15T21:24:00Z,2026-05-30T20:24:00Z
Y-703780,C-0043780,SLAB-503780,AREA-10,B5,21,2026-05-14T13:20:00Z,2026-05-26T12:20:00Z
Y-703781,C-0043781,SLAB-503781,AREA-11,B6,22,2026-05-14T16:19:00Z,2026-06-01T15:19:00Z
Y-703782,C-0043782,SLAB-503782,AREA-12,B7,23,2026-05-14T08:10:00Z,2026-05-29T07:10:00Z
Y-703783,C-0043783,SLAB-503783,AREA-13,B8,24,2026-05-13T12:11:00Z,2026-05-24T11:11:00Z
Y-703784,C-0043784,SLAB-503784,AREA-01,B9,25,2026-05-16T00:11:00Z,2026-06-03T23:11:00Z
Y-703785,C-0043785,SLAB-503785,AREA-02,B1,26,2026-05-15T03:05:00Z,2026-05-21T02:05:00Z
Y-703786,C-0043786,SLAB-503786,AREA-03,B2,27,2026-05-14T02:09:00Z,2026-05-24T01:09:00Z
Y-703787,C-0043787,SLAB-503787,AREA-04,B3,28,2026-05-15T14:04:00Z,2026-05-26T13:04:00Z
Y-703788,C-0043788,SLAB-503788,AREA-05,B4,29,2026-05-13T23:03:00Z,2026-06-01T22:03:00Z
Y-703789,C-0043789,SLAB-503789,AREA-06,B5,30,2026-05-14T02:05:00Z,2026-05-29T01:05:00Z
Y-703790,C-0043790,SLAB-503790,AREA-07,B6,31,2026-05-15T00:01:00Z,2026-06-02T23:01:00Z
Y-703791,C-0043791,SLAB-503791,AREA-08,B7,32,2026-05-15T07:08:00Z,2026-06-03T06:08:00Z
Y-703792,C-0043792,SLAB-503792,AREA-09,B8,33,2026-05-14T01:57:00Z,2026-05-19T00:57:00Z
Y-703793,C-0043793,SLAB-503793,AREA-10,B9,34,2026-05-14T08:56:00Z,2026-05-30T07:56:00Z
Y-703794,C-0043794,SLAB-503794,AREA-11,B1,35,2026-05-14T18:54:00Z,2026-06-02T17:54:00Z
Y-703795,C-0043795,SLAB-503795,AREA-12,B2,36,2026-05-14T20:57:00Z,2026-05-18T19:57:00Z
Y-703796,C-0043796,SLAB-503796,AREA-13,B3,37,2026-05-14T12:58:00Z,2026-05-24T11:58:00Z
Y-703797,C-0043797,SLAB-503797,AREA-01,B4,38,2026-05-14T13:59:00Z,2026-05-18T12:59:00Z
Y-703798,C-0043798,SLAB-503798,AREA-02,B5,39,2026-05-15T07:01:00Z,2026-05-22T06:01:00Z
Y-703799,C-0043799,SLAB-503799,AREA-03,B6,40,2026-05-13T22:56:00Z,2026-06-02T21:56:00Z
Y-703800,C-0043800,SLAB-503800,AREA-04,B7,1,2026-05-13T22:49:00Z,2026-05-23T21:49:00Z
Y-703801,C-0043801,SLAB-503801,AREA-05,B8,2,2026-05-13T19:53:00Z,2026-05-27T18:53:00Z
Y-703802,C-0043802,SLAB-503802,AREA-06,B9,3,2026-05-14T02:37:00Z,2026-05-19T01:37:00Z
Y-703803,C-0043803,SLAB-503803,AREA-07,B1,4,2026-05-13T06:35:00Z,2026-05-27T05:35:00Z
Y-703804,C-0043804,SLAB-503804,AREA-08,B2,5,2026-05-13T08:41:00Z,2026-05-17T07:41:00Z
Y-703805,C-0043805,SLAB-503805,AREA-09,B3,6,2026-05-14T00:39:00Z,2026-05-18T23:39:00Z
Y-703806,C-0043806,SLAB-503806,AREA-10,B4,7,2026-05-13T16:38:00Z,2026-05-21T15:38:00Z
Y-703807,C-0043807,SLAB-503807,AREA-11,B5,8,2026-05-14T03:37:00Z,2026-05-28T02:37:00Z
Y-703808,C-0043808,SLAB-503808,AREA-12,B6,9,2026-05-13T23:36:00Z,2026-05-20T22:36:00Z
Y-703809,C-0043809,SLAB-503809,AREA-13,B7,10,2026-05-13T19:38:00Z,2026-05-24T18:38:00Z
Y-703810,C-0043810,SLAB-503810,AREA-01,B8,11,2026-05-14T15:15:00Z,2026-05-19T14:15:00Z
Y-703811,C-0043811,SLAB-503811,AREA-02,B9,12,2026-05-14T08:14:00Z,2026-05-23T07:14:00Z
Y-703812,C-0043812,SLAB-503812,AREA-03,B1,13,2026-05-13T19:15:00Z,2026-05-15T18:15:00Z
Y-703813,C-0043813,SLAB-503813,AREA-04,B2,14,2026-05-14T17:19:00Z,2026-05-28T16:19:00Z
Y-703814,C-0043814,SLAB-503814,AREA-05,B3,15,2026-05-13T16:16:00Z,2026-05-25T15:16:00Z
Y-703815,C-0043815,SLAB-503815,AREA-06,B4,16,2026-05-14T21:10:00Z,2026-05-20T20:10:00Z
Y-703816,C-0043816,SLAB-503816,AREA-07,B5,17,2026-05-13T06:16:00Z,2026-05-18T05:16:00Z
Y-703817,C-0043817,SLAB-503817,AREA-08,B6,18,2026-05-14T15:08:00Z,2026-05-17T14:08:00Z
Y-703818,C-0043818,SLAB-503818,AREA-09,B7,19,2026-05-14T18:01:00Z,2026-05-30T17:01:00Z
Y-703819,C-0043819,SLAB-503819,AREA-10,B8,20,2026-05-15T10:55:00Z,2026-05-27T09:55:00Z
Y-703820,C-0043820,SLAB-503820,AREA-11,B9,21,2026-05-14T01:03:00Z,2026-05-24T00:03:00Z
Y-703821,C-0043821,SLAB-503821,AREA-12,B1,22,2026-05-15T03:00:00Z,2026-05-19T02:00:00Z
Y-703822,C-0043822,SLAB-503822,AREA-13,B2,23,2026-05-14T14:59:00Z,2026-05-19T13:59:00Z
Y-703823,C-0043823,SLAB-503823,AREA-01,B3,24,2026-05-15T13:08:00Z,2026-05-30T12:08:00Z
Y-703824,C-0043824,SLAB-503824,AREA-02,B4,25,2026-05-14T19:47:00Z,2026-05-18T18:47:00Z
Y-703825,C-0043825,SLAB-503825,AREA-03,B5,26,2026-05-16T03:47:00Z,2026-06-01T02:47:00Z
Y-703826,C-0043826,SLAB-503826,AREA-04,B6,27,2026-05-14T14:47:00Z,2026-05-20T13:47:00Z
Y-703827,C-0043827,SLAB-503827,AREA-05,B7,28,2026-05-13T22:41:00Z,2026-05-21T21:41:00Z
Y-703828,C-0043828,SLAB-503828,AREA-06,B8,29,2026-05-14T10:44:00Z,2026-06-01T09:44:00Z
Y-703829,C-0043829,SLAB-503829,AREA-07,B9,30,2026-05-14T15:39:00Z,2026-05-16T14:39:00Z
Y-703830,C-0043830,SLAB-503830,AREA-08,B1,31,2026-05-14T22:42:00Z,2026-05-23T21:42:00Z
Y-703831,C-0043831,SLAB-503831,AREA-09,B2,32,2026-05-14T14:44:00Z,2026-05-23T13:44:00Z
Y-703832,C-0043832,SLAB-503832,AREA-10,B3,33,2026-05-15T07:47:00Z,2026-05-20T06:47:00Z
Y-703833,C-0043833,SLAB-503833,AREA-11,B4,34,2026-05-14T16:43:00Z,2026-05-27T15:43:00Z
Y-703834,C-0043834,SLAB-503834,AREA-12,B5,35,2026-05-13T14:39:00Z,2026-05-28T13:39:00Z
Y-703835,C-0043835,SLAB-503835,AREA-13,B6,36,2026-05-13T11:31:00Z,2026-06-02T10:31:00Z
Y-703836,C-0043836,SLAB-503836,AREA-01,B7,37,2026-05-13T08:30:00Z,2026-05-27T07:30:00Z
Y-703837,C-0043837,SLAB-503837,AREA-02,B8,38,2026-05-14T17:32:00Z,2026-05-27T16:32:00Z
Y-703838,C-0043838,SLAB-503838,AREA-03,B9,39,2026-05-15T13:33:00Z,2026-05-18T12:33:00Z
Y-703839,C-0043839,SLAB-503839,AREA-04,B1,40,2026-05-14T07:37:00Z,2026-06-02T06:37:00Z
Y-703840,C-0043840,SLAB-503840,AREA-05,B2,1,2026-05-15T12:37:00Z,2026-05-22T11:37:00Z
Y-703841,C-0043841,SLAB-503841,AREA-06,B3,2,2026-05-14T17:36:00Z,2026-05-29T16:36:00Z
Y-703842,C-0043842,SLAB-503842,AREA-07,B4,3,2026-05-15T14:28:00Z,2026-05-28T13:28:00Z
Y-703843,C-0043843,SLAB-503843,AREA-08,B5,4,2026-05-15T23:36:00Z,2026-06-03T22:36:00Z
Y-703844,C-0043844,SLAB-503844,AREA-09,B6,5,2026-05-15T15:31:00Z,2026-05-28T14:31:00Z
Y-703845,C-0043845,SLAB-503845,AREA-10,B7,6,2026-05-14T08:34:00Z,2026-06-01T07:34:00Z
Y-703846,C-0043846,SLAB-503846,AREA-11,B8,7,2026-05-15T05:10:00Z,2026-05-25T04:10:00Z
Y-703847,C-0043847,SLAB-503847,AREA-12,B9,8,2026-05-13T14:11:00Z,2026-05-30T13:11:00Z
Y-703848,C-0043848,SLAB-503848,AREA-13,B1,9,2026-05-14T12:04:00Z,2026-06-02T11:04:00Z
Y-703849,C-0043849,SLAB-503849,AREA-01,B2,10,2026-05-14T10:14:00Z,2026-05-24T09:14:00Z
Y-703850,C-0043850,SLAB-503850,AREA-02,B3,11,2026-05-15T01:08:00Z,2026-05-23T00:08:00Z
Y-703851,C-0043851,SLAB-503851,AREA-03,B4,12,2026-05-15T02:12:00Z,2026-05-26T01:12:00Z
Y-703852,C-0043852,SLAB-503852,AREA-04,B5,13,2026-05-15T04:07:00Z,2026-05-22T03:07:00Z
Y-703853,C-0043853,SLAB-503853,AREA-05,B6,14,2026-05-15T09:09:00Z,2026-05-26T08:09:00Z
Y-703854,C-0043854,SLAB-503854,AREA-06,B7,15,2026-05-15T16:10:00Z,2026-05-24T15:10:00Z
Y-703855,C-0043855,SLAB-503855,AREA-07,B8,16,2026-05-15T11:08:00Z,2026-05-30T10:08:00Z
Y-703856,C-0043856,SLAB-503856,AREA-08,B9,17,2026-05-16T04:04:00Z,2026-06-02T03:04:00Z
Y-703857,C-0043857,SLAB-503857,AREA-09,B1,18,2026-05-15T06:36:00Z,2026-05-17T05:36:00Z
Y-703858,C-0043858,SLAB-503858,AREA-10,B2,19,2026-05-14T11:34:00Z,2026-05-23T10:34:00Z
Y-703859,C-0043859,SLAB-503859,AREA-11,B3,20,2026-05-15T09:42:00Z,2026-05-29T08:42:00Z
Y-703860,C-0043860,SLAB-503860,AREA-12,B4,21,2026-05-15T16:40:00Z,2026-05-18T15:40:00Z
Y-703861,C-0043861,SLAB-503861,AREA-13,B5,22,2026-05-14T04:35:00Z,2026-06-02T03:35:00Z
Y-703862,C-0043862,SLAB-503862,AREA-01,B6,23,2026-05-14T21:40:00Z,2026-05-28T20:40:00Z
Y-703863,C-0043863,SLAB-503863,AREA-02,B7,24,2026-05-14T13:37:00Z,2026-05-28T12:37:00Z
Y-703864,C-0043864,SLAB-503864,AREA-03,B8,25,2026-05-13T21:45:00Z,2026-05-22T20:45:00Z
Y-703865,C-0043865,SLAB-503865,AREA-04,B9,26,2026-05-14T22:41:00Z,2026-05-26T21:41:00Z
Y-703866,C-0043866,SLAB-503866,AREA-05,B1,27,2026-05-14T23:39:00Z,2026-05-31T22:39:00Z
Y-703867,C-0043867,SLAB-503867,AREA-06,B2,28,2026-05-15T21:09:00Z,2026-06-04T20:09:00Z
Y-703868,C-0043868,SLAB-503868,AREA-07,B3,29,2026-05-15T13:15:00Z,2026-05-26T12:15:00Z
Y-703869,C-0043869,SLAB-503869,AREA-08,B4,30,2026-05-14T18:06:00Z,2026-05-29T17:06:00Z
Y-703870,C-0043870,SLAB-503870,AREA-09,B5,31,2026-05-15T01:09:00Z,2026-06-02T00:09:00Z
Y-703871,C-0043871,SLAB-503871,AREA-10,B6,32,2026-05-13T23:10:00Z,2026-05-19T22:10:00Z
Y-703872,C-0043872,SLAB-503872,AREA-11,B7,33,2026-05-14T17:16:00Z,2026-05-25T16:16:00Z
Y-703873,C-0043873,SLAB-503873,AREA-12,B8,34,2026-05-15T00:12:00Z,2026-05-17T23:12:00Z
Y-703874,C-0043874,SLAB-503874,AREA-13,B9,35,2026-05-14T21:04:00Z,2026-06-03T20:04:00Z
Y-703875,C-0043875,SLAB-503875,AREA-01,B1,36,2026-05-13T14:08:00Z,2026-05-26T13:08:00Z
Y-703876,C-0043876,SLAB-503876,AREA-02,B2,37,2026-05-14T22:03:00Z,2026-06-03T21:03:00Z
Y-703877,C-0043877,SLAB-503877,AREA-03,B3,38,2026-05-14T07:59:00Z,2026-05-25T06:59:00Z
Y-703878,C-0043878,SLAB-503878,AREA-04,B4,39,2026-05-14T15:03:00Z,2026-05-24T14:03:00Z
Y-703879,C-0043879,SLAB-503879,AREA-05,B5,40,2026-05-14T23:05:00Z,2026-05-22T22:05:00Z
Y-703880,C-0043880,SLAB-503880,AREA-06,B6,1,2026-05-14T08:09:00Z,2026-05-30T07:09:00Z
Y-703881,C-0043881,SLAB-503881,AREA-07,B7,2,2026-05-14T05:57:00Z,2026-06-02T04:57:00Z
Y-703882,C-0043882,SLAB-503882,AREA-08,B8,3,2026-05-14T23:02:00Z,2026-05-28T22:02:00Z
Y-703883,C-0043883,SLAB-503883,AREA-09,B9,4,2026-05-14T04:18:00Z,2026-05-21T03:18:00Z
Y-703884,C-0043884,SLAB-503884,AREA-10,B1,5,2026-05-14T23:16:00Z,2026-05-23T22:16:00Z
Y-703885,C-0043885,SLAB-503885,AREA-11,B2,6,2026-05-15T17:18:00Z,2026-05-26T16:18:00Z
Y-703886,C-0043886,SLAB-503886,AREA-12,B3,7,2026-05-15T00:23:00Z,2026-05-25T23:23:00Z
Y-703887,C-0043887,SLAB-503887,AREA-13,B4,8,2026-05-15T23:21:00Z,2026-05-17T22:21:00Z
Y-703888,C-0043888,SLAB-503888,AREA-01,B5,9,2026-05-15T05:21:00Z,2026-06-03T04:21:00Z
Y-703889,C-0043889,SLAB-503889,AREA-02,B6,10,2026-05-15T01:22:00Z,2026-05-17T00:22:00Z
Y-703890,C-0043890,SLAB-503890,AREA-03,B7,11,2026-05-16T00:23:00Z,2026-05-17T23:23:00Z
Y-703891,C-0043891,SLAB-503891,AREA-04,B8,12,2026-05-15T03:24:00Z,2026-05-17T02:24:00Z
Y-703892,C-0043892,SLAB-503892,AREA-05,B9,13,2026-05-14T13:18:00Z,2026-05-19T12:18:00Z
Y-703893,C-0043893,SLAB-503893,AREA-06,B1,14,2026-05-14T17:21:00Z,2026-05-26T16:21:00Z
Y-703894,C-0043894,SLAB-503894,AREA-07,B2,15,2026-05-14T16:34:00Z,2026-05-25T15:34:00Z
Y-703895,C-0043895,SLAB-503895,AREA-08,B3,16,2026-05-15T16:27:00Z,2026-05-26T15:27:00Z
Y-703896,C-0043896,SLAB-503896,AREA-09,B4,17,2026-05-14T22:28:00Z,2026-05-19T21:28:00Z
Y-703897,C-0043897,SLAB-503897,AREA-10,B5,18,2026-05-15T05:26:00Z,2026-05-22T04:26:00Z
Y-703898,C-0043898,SLAB-503898,AREA-11,B6,19,2026-05-14T19:29:00Z,2026-06-01T18:29:00Z
Y-703899,C-0043899,SLAB-503899,AREA-12,B7,20,2026-05-15T12:30:00Z,2026-05-22T11:30:00Z
Y-703900,C-0043900,SLAB-503900,AREA-13,B8,21,2026-05-15T06:28:00Z,2026-06-02T05:28:00Z
Y-703901,C-0043901,SLAB-503901,AREA-01,B9,22,2026-05-14T12:28:00Z,2026-05-30T11:28:00Z
Y-703902,C-0043902,SLAB-503902,AREA-02,B1,23,2026-05-15T04:27:00Z,2026-05-27T03:27:00Z
Y-703903,C-0043903,SLAB-503903,AREA-03,B2,24,2026-05-13T15:31:00Z,2026-05-15T14:31:00Z
Y-703904,C-0043904,SLAB-503904,AREA-04,B3,25,2026-05-13T16:01:00Z,2026-05-27T15:01:00Z
Y-703905,C-0043905,SLAB-503905,AREA-05,B4,26,2026-05-14T23:02:00Z,2026-05-29T22:02:00Z
Y-703906,C-0043906,SLAB-503906,AREA-06,B5,27,2026-05-14T10:01:00Z,2026-05-22T09:01:00Z
Y-703907,C-0043907,SLAB-503907,AREA-07,B6,28,2026-05-15T04:07:00Z,2026-05-24T03:07:00Z
Y-703908,C-0043908,SLAB-503908,AREA-08,B7,29,2026-05-14T12:08:00Z,2026-06-03T11:08:00Z
Y-703909,C-0043909,SLAB-503909,AREA-09,B8,30,2026-05-15T06:04:00Z,2026-06-02T05:04:00Z
Y-703910,C-0043910,SLAB-503910,AREA-10,B9,31,2026-05-15T09:08:00Z,2026-05-17T08:08:00Z
Y-703911,C-0043911,SLAB-503911,AREA-11,B1,32,2026-05-14T07:10:00Z,2026-05-20T06:10:00Z
Y-703912,C-0043912,SLAB-503912,AREA-12,B2,33,2026-05-14T12:03:00Z,2026-05-29T11:03:00Z
Y-703913,C-0043913,SLAB-503913,AREA-13,B3,34,2026-05-16T05:03:00Z,2026-05-23T04:03:00Z
Y-703914,C-0043914,SLAB-503914,AREA-01,B4,35,2026-05-15T21:07:00Z,2026-05-30T20:07:00Z
Y-703915,C-0043915,SLAB-503915,AREA-02,B5,36,2026-05-15T09:32:00Z,2026-05-21T08:32:00Z
Y-703916,C-0043916,SLAB-503916,AREA-03,B6,37,2026-05-14T22:30:00Z,2026-05-23T21:30:00Z
Y-703917,C-0043917,SLAB-503917,AREA-04,B7,38,2026-05-15T05:26:00Z,2026-05-18T04:26:00Z
Y-703918,C-0043918,SLAB-503918,AREA-05,B8,39,2026-05-14T08:28:00Z,2026-05-16T07:28:00Z
Y-703919,C-0043919,SLAB-503919,AREA-06,B9,40,2026-05-14T19:28:00Z,2026-05-22T18:28:00Z
Y-703920,C-0043920,SLAB-503920,AREA-07,B1,1,2026-05-16T02:30:00Z,2026-05-18T01:30:00Z
Y-703921,C-0043921,SLAB-503921,AREA-08,B2,2,2026-05-14T06:27:00Z,2026-05-19T05:27:00Z
Y-703922,C-0043922,SLAB-503922,AREA-09,B3,3,2026-05-14T12:29:00Z,2026-06-03T11:29:00Z
Y-703923,C-0043923,SLAB-503923,AREA-10,B4,4,2026-05-14T21:33:00Z,2026-05-19T20:33:00Z
Y-703924,C-0043924,SLAB-503924,AREA-11,B5,5,2026-05-14T14:37:00Z,2026-05-16T13:37:00Z
Y-703925,C-0043925,SLAB-503925,AREA-12,B6,6,2026-05-14T11:43:00Z,2026-05-24T10:43:00Z
Y-703926,C-0043926,SLAB-503926,AREA-13,B7,7,2026-05-13T22:46:00Z,2026-05-25T21:46:00Z
Y-703927,C-0043927,SLAB-503927,AREA-01,B8,8,2026-05-15T16:42:00Z,2026-05-23T15:42:00Z
Y-703928,C-0043928,SLAB-503928,AREA-02,B9,9,2026-05-14T19:38:00Z,2026-05-30T18:38:00Z
Y-703929,C-0043929,SLAB-503929,AREA-03,B1,10,2026-05-14T18:44:00Z,2026-05-24T17:44:00Z
Y-703930,C-0043930,SLAB-503930,AREA-04,B2,11,2026-05-14T15:46:00Z,2026-05-23T14:46:00Z
Y-703931,C-0043931,SLAB-503931,AREA-05,B3,12,2026-05-15T19:49:00Z,2026-05-21T18:49:00Z
Y-703932,C-0043932,SLAB-503932,AREA-06,B4,13,2026-05-14T21:36:00Z,2026-05-21T20:36:00Z
Y-703933,C-0043933,SLAB-503933,AREA-07,B5,14,2026-05-15T15:50:00Z,2026-05-31T14:50:00Z
Y-703934,C-0043934,SLAB-503934,AREA-08,B6,15,2026-05-14T19:50:00Z,2026-05-24T18:50:00Z
Y-703935,C-0043935,SLAB-503935,AREA-09,B7,16,2026-05-14T06:59:00Z,2026-05-25T05:59:00Z
Y-703936,C-0043936,SLAB-503936,AREA-10,B8,17,2026-05-15T07:48:00Z,2026-05-23T06:48:00Z
Y-703937,C-0043937,SLAB-503937,AREA-11,B9,18,2026-05-14T05:50:00Z,2026-05-30T04:50:00Z
Y-703938,C-0043938,SLAB-503938,AREA-12,B1,19,2026-05-14T13:57:00Z,2026-05-20T12:57:00Z
Y-703939,C-0043939,SLAB-503939,AREA-13,B2,20,2026-05-14T12:54:00Z,2026-05-26T11:54:00Z
Y-703940,C-0043940,SLAB-503940,AREA-01,B3,21,2026-05-15T13:50:00Z,2026-05-18T12:50:00Z
Y-703941,C-0043941,SLAB-503941,AREA-02,B4,22,2026-05-15T22:16:00Z,2026-05-31T21:16:00Z
Y-703942,C-0043942,SLAB-503942,AREA-03,B5,23,2026-05-15T11:19:00Z,2026-06-03T10:19:00Z
Y-703943,C-0043943,SLAB-503943,AREA-04,B6,24,2026-05-15T23:19:00Z,2026-05-24T22:19:00Z
Y-703944,C-0043944,SLAB-503944,AREA-05,B7,25,2026-05-15T08:25:00Z,2026-06-01T07:25:00Z
Y-703945,C-0043945,SLAB-503945,AREA-06,B8,26,2026-05-15T07:19:00Z,2026-05-19T06:19:00Z
Y-703946,C-0043946,SLAB-503946,AREA-07,B9,27,2026-05-15T08:17:00Z,2026-05-28T07:17:00Z
Y-703947,C-0043947,SLAB-503947,AREA-08,B1,28,2026-05-15T14:21:00Z,2026-05-29T13:21:00Z
Y-703948,C-0043948,SLAB-503948,AREA-09,B2,29,2026-05-14T19:15:00Z,2026-05-29T18:15:00Z
Y-703949,C-0043949,SLAB-503949,AREA-10,B3,30,2026-05-14T04:13:00Z,2026-05-23T03:13:00Z
Y-703950,C-0043950,SLAB-503950,AREA-11,B4,31,2026-05-15T10:19:00Z,2026-05-20T09:19:00Z
Y-703951,C-0043951,SLAB-503951,AREA-12,B5,32,2026-05-15T05:15:00Z,2026-06-02T04:15:00Z
Y-703952,C-0043952,SLAB-503952,AREA-13,B6,33,2026-05-14T04:16:00Z,2026-05-24T03:16:00Z
Y-703953,C-0043953,SLAB-503953,AREA-01,B7,34,2026-05-16T00:16:00Z,2026-05-28T23:16:00Z
Y-703954,C-0043954,SLAB-503954,AREA-02,B8,35,2026-05-15T09:16:00Z,2026-05-25T08:16:00Z
Y-703955,C-0043955,SLAB-503955,AREA-03,B9,36,2026-05-15T10:17:00Z,2026-06-02T09:17:00Z
Y-703956,C-0043956,SLAB-503956,AREA-04,B1,37,2026-05-15T05:17:00Z,2026-05-30T04:17:00Z
Y-703957,C-0043957,SLAB-503957,AREA-05,B2,38,2026-05-14T13:21:00Z,2026-05-25T12:21:00Z
Y-703958,C-0043958,SLAB-503958,AREA-06,B3,39,2026-05-14T06:48:00Z,2026-05-21T05:48:00Z
Y-703959,C-0043959,SLAB-503959,AREA-07,B4,40,2026-05-15T20:45:00Z,2026-05-18T19:45:00Z
Y-703960,C-0043960,SLAB-503960,AREA-08,B5,1,2026-05-15T01:44:00Z,2026-05-21T00:44:00Z
Y-703961,C-0043961,SLAB-503961,AREA-09,B6,2,2026-05-15T03:51:00Z,2026-05-19T02:51:00Z
Y-703962,C-0043962,SLAB-503962,AREA-10,B7,3,2026-05-15T05:48:00Z,2026-05-19T04:48:00Z
Y-703963,C-0043963,SLAB-503963,AREA-11,B8,4,2026-05-16T05:45:00Z,2026-05-28T04:45:00Z
Y-703964,C-0043964,SLAB-503964,AREA-12,B9,5,2026-05-14T21:40:00Z,2026-05-28T20:40:00Z
Y-703965,C-0043965,SLAB-503965,AREA-13,B1,6,2026-05-14T19:45:00Z,2026-05-19T18:45:00Z
Y-703966,C-0043966,SLAB-503966,AREA-01,B2,7,2026-05-14T14:45:00Z,2026-05-27T13:45:00Z
Y-703967,C-0043967,SLAB-503967,AREA-02,B3,8,2026-05-15T04:32:00Z,2026-05-27T03:32:00Z
Y-703968,C-0043968,SLAB-503968,AREA-03,B4,9,2026-05-15T10:35:00Z,2026-06-03T09:35:00Z
Y-703969,C-0043969,SLAB-503969,AREA-04,B5,10,2026-05-14T18:33:00Z,2026-05-17T17:33:00Z
Y-703970,C-0043970,SLAB-503970,AREA-05,B6,11,2026-05-15T23:34:00Z,2026-05-29T22:34:00Z
Y-703971,C-0043971,SLAB-503971,AREA-06,B7,12,2026-05-14T19:38:00Z,2026-05-21T18:38:00Z
Y-703972,C-0043972,SLAB-503972,AREA-07,B8,13,2026-05-15T07:33:00Z,2026-05-26T06:33:00Z
Y-703973,C-0043973,SLAB-503973,AREA-08,B9,14,2026-05-14T13:33:00Z,2026-05-20T12:33:00Z
Y-703974,C-0043974,SLAB-503974,AREA-09,B1,15,2026-05-14T17:18:00Z,2026-06-01T16:18:00Z
Y-703975,C-0043975,SLAB-503975,AREA-10,B2,16,2026-05-15T07:22:00Z,2026-05-29T06:22:00Z
Y-703976,C-0043976,SLAB-503976,AREA-11,B3,17,2026-05-14T03:20:00Z,2026-05-21T02:20:00Z
Y-703977,C-0043977,SLAB-503977,AREA-12,B4,18,2026-05-14T14:25:00Z,2026-05-18T13:25:00Z
Y-703978,C-0043978,SLAB-503978,AREA-13,B5,19,2026-05-15T11:21:00Z,2026-05-21T10:21:00Z
Y-703979,C-0043979,SLAB-503979,AREA-01,B6,20,2026-05-15T18:28:00Z,2026-05-30T17:28:00Z
Y-703980,C-0043980,SLAB-503980,AREA-02,B7,21,2026-05-16T14:22:00Z,2026-05-24T13:22:00Z
Y-703981,C-0043981,SLAB-503981,AREA-03,B8,22,2026-05-14T06:27:00Z,2026-05-26T05:27:00Z
Y-703982,C-0043982,SLAB-503982,AREA-04,B9,23,2026-05-14T08:28:00Z,2026-05-27T07:28:00Z
Y-703983,C-0043983,SLAB-503983,AREA-05,B1,24,2026-05-16T09:14:00Z,2026-06-03T08:14:00Z
Y-703984,C-0043984,SLAB-503984,AREA-06,B2,25,2026-05-14T20:21:00Z,2026-05-30T19:21:00Z
Y-703985,C-0043985,SLAB-503985,AREA-07,B3,26,2026-05-16T00:11:00Z,2026-06-03T23:11:00Z
Y-703986,C-0043986,SLAB-503986,AREA-08,B4,27,2026-05-15T08:20:00Z,2026-05-18T07:20:00Z
Y-703987,C-0043987,SLAB-503987,AREA-09,B5,28,2026-05-15T06:24:00Z,2026-05-18T05:24:00Z
Y-703988,C-0043988,SLAB-503988,AREA-10,B6,29,2026-05-14T09:21:00Z,2026-05-31T08:21:00Z
Y-703989,C-0043989,SLAB-503989,AREA-11,B7,30,2026-05-15T15:16:00Z,2026-06-02T14:16:00Z
Y-703990,C-0043990,SLAB-503990,AREA-12,B8,31,2026-05-15T06:15:00Z,2026-05-30T05:15:00Z
Y-703991,C-0043991,SLAB-503991,AREA-13,B9,32,2026-05-15T15:11:00Z,2026-05-17T14:11:00Z
Y-703992,C-0043992,SLAB-503992,AREA-01,B1,33,2026-05-14T23:19:00Z,2026-05-30T22:19:00Z
Y-703993,C-0043993,SLAB-503993,AREA-02,B2,34,2026-05-14T21:36:00Z,2026-05-21T20:36:00Z
Y-703994,C-0043994,SLAB-503994,AREA-03,B3,35,2026-05-14T16:38:00Z,2026-05-18T15:38:00Z
Y-703995,C-0043995,SLAB-503995,AREA-04,B4,36,2026-05-14T10:38:00Z,2026-05-28T09:38:00Z
Y-703996,C-0043996,SLAB-503996,AREA-05,B5,37,2026-05-15T20:36:00Z,2026-05-17T19:36:00Z
Y-703997,C-0043997,SLAB-503997,AREA-06,B6,38,2026-05-16T07:38:00Z,2026-05-23T06:38:00Z
Y-703998,C-0043998,SLAB-503998,AREA-07,B7,39,2026-05-14T15:37:00Z,2026-06-01T14:37:00Z
Y-703999,C-0043999,SLAB-503999,AREA-08,B8,40,2026-05-14T02:32:00Z,2026-05-17T01:32:00Z
Y-704000,C-0044000,SLAB-504000,AREA-09,B9,1,2026-05-15T07:48:00Z,2026-05-30T06:48:00Z
Y-704001,C-0044001,SLAB-504001,AREA-10,B1,2,2026-05-13T23:46:00Z,2026-05-15T22:46:00Z
Y-704002,C-0044002,SLAB-504002,AREA-11,B2,3,2026-05-15T06:50:00Z,2026-05-23T05:50:00Z
Y-704003,C-0044003,SLAB-504003,AREA-12,B3,4,2026-05-15T03:44:00Z,2026-05-27T02:44:00Z
Y-704004,C-0044004,SLAB-504004,AREA-13,B4,5,2026-05-14T09:45:00Z,2026-05-16T08:45:00Z
Y-704005,C-0044005,SLAB-504005,AREA-01,B5,6,2026-05-15T08:47:00Z,2026-05-24T07:47:00Z
Y-704006,C-0044006,SLAB-504006,AREA-02,B6,7,2026-05-15T11:47:00Z,2026-05-26T10:47:00Z
Y-704007,C-0044007,SLAB-504007,AREA-03,B7,8,2026-05-14T20:49:00Z,2026-05-25T19:49:00Z
Y-704008,C-0044008,SLAB-504008,AREA-04,B8,9,2026-05-15T13:13:00Z,2026-05-27T12:13:00Z
Y-704009,C-0044009,SLAB-504009,AREA-05,B9,10,2026-05-14T18:14:00Z,2026-05-16T17:14:00Z
Y-704010,C-0044010,SLAB-504010,AREA-06,B1,11,2026-05-15T13:13:00Z,2026-05-24T12:13:00Z
Y-704011,C-0044011,SLAB-504011,AREA-07,B2,12,2026-05-14T21:16:00Z,2026-05-30T20:16:00Z
Y-704012,C-0044012,SLAB-504012,AREA-08,B3,13,2026-05-15T18:17:00Z,2026-05-26T17:17:00Z
Y-704013,C-0044013,SLAB-504013,AREA-09,B4,14,2026-05-14T09:14:00Z,2026-05-18T08:14:00Z
Y-704014,C-0044014,SLAB-504014,AREA-10,B5,15,2026-05-15T21:14:00Z,2026-05-22T20:14:00Z
Y-704015,C-0044015,SLAB-504015,AREA-11,B6,16,2026-05-15T04:16:00Z,2026-05-24T03:16:00Z
Y-704016,C-0044016,SLAB-504016,AREA-12,B7,17,2026-05-14T19:07:00Z,2026-05-16T18:07:00Z
Y-704017,C-0044017,SLAB-504017,AREA-13,B8,18,2026-05-14T23:10:00Z,2026-05-22T22:10:00Z
Y-704018,C-0044018,SLAB-504018,AREA-01,B9,19,2026-05-15T04:58:00Z,2026-05-31T03:58:00Z
Y-704019,C-0044019,SLAB-504019,AREA-02,B1,20,2026-05-14T20:02:00Z,2026-05-21T19:02:00Z
Y-704020,C-0044020,SLAB-504020,AREA-03,B2,21,2026-05-15T10:05:00Z,2026-05-26T09:05:00Z
Y-704021,C-0044021,SLAB-504021,AREA-04,B3,22,2026-05-16T03:05:00Z,2026-05-24T02:05:00Z
Y-704022,C-0044022,SLAB-504022,AREA-05,B4,23,2026-05-15T12:07:00Z,2026-05-25T11:07:00Z
Y-704023,C-0044023,SLAB-504023,AREA-06,B5,24,2026-05-16T00:04:00Z,2026-05-21T23:04:00Z
Y-704024,C-0044024,SLAB-504024,AREA-07,B6,25,2026-05-14T21:03:00Z,2026-05-29T20:03:00Z
Y-704025,C-0044025,SLAB-504025,AREA-08,B7,26,2026-05-15T23:03:00Z,2026-05-18T22:03:00Z
Y-704026,C-0044026,SLAB-504026,AREA-09,B8,27,2026-05-15T14:00:00Z,2026-05-26T13:00:00Z
Y-704027,C-0044027,SLAB-504027,AREA-10,B9,28,2026-05-15T06:40:00Z,2026-05-22T05:40:00Z
Y-704028,C-0044028,SLAB-504028,AREA-11,B1,29,2026-05-15T09:44:00Z,2026-05-20T08:44:00Z
Y-704029,C-0044029,SLAB-504029,AREA-12,B2,30,2026-05-14T09:46:00Z,2026-05-30T08:46:00Z
Y-704030,C-0044030,SLAB-504030,AREA-13,B3,31,2026-05-14T13:40:00Z,2026-05-27T12:40:00Z
Y-704031,C-0044031,SLAB-504031,AREA-01,B4,32,2026-05-14T12:44:00Z,2026-05-25T11:44:00Z
Y-704032,C-0044032,SLAB-504032,AREA-02,B5,33,2026-05-14T08:48:00Z,2026-05-30T07:48:00Z
Y-704033,C-0044033,SLAB-504033,AREA-03,B6,34,2026-05-15T00:40:00Z,2026-05-16T23:40:00Z
Y-704034,C-0044034,SLAB-504034,AREA-04,B7,35,2026-05-14T22:45:00Z,2026-05-19T21:45:00Z
Y-704035,C-0044035,SLAB-504035,AREA-05,B8,36,2026-05-16T09:12:00Z,2026-05-20T08:12:00Z
Y-704036,C-0044036,SLAB-504036,AREA-06,B9,37,2026-05-15T09:16:00Z,2026-05-25T08:16:00Z
Y-704037,C-0044037,SLAB-504037,AREA-07,B1,38,2026-05-15T06:21:00Z,2026-05-21T05:21:00Z
Y-704038,C-0044038,SLAB-504038,AREA-08,B2,39,2026-05-16T07:17:00Z,2026-05-25T06:17:00Z
Y-704039,C-0044039,SLAB-504039,AREA-09,B3,40,2026-05-15T21:18:00Z,2026-05-19T20:18:00Z
Y-704040,C-0044040,SLAB-504040,AREA-10,B4,1,2026-05-15T19:17:00Z,2026-06-04T18:17:00Z
Y-704041,C-0044041,SLAB-504041,AREA-11,B5,2,2026-05-14T04:22:00Z,2026-05-19T03:22:00Z
Y-704042,C-0044042,SLAB-504042,AREA-12,B6,3,2026-05-15T10:18:00Z,2026-05-27T09:18:00Z
Y-704043,C-0044043,SLAB-504043,AREA-13,B7,4,2026-05-14T13:21:00Z,2026-05-20T12:21:00Z
Y-704044,C-0044044,SLAB-504044,AREA-01,B8,5,2026-05-14T22:21:00Z,2026-05-19T21:21:00Z
Y-704045,C-0044045,SLAB-504045,AREA-02,B9,6,2026-05-15T04:54:00Z,2026-05-24T03:54:00Z
Y-704046,C-0044046,SLAB-504046,AREA-03,B1,7,2026-05-14T23:59:00Z,2026-05-24T22:59:00Z
Y-704047,C-0044047,SLAB-504047,AREA-04,B2,8,2026-05-15T14:58:00Z,2026-05-20T13:58:00Z
Y-704048,C-0044048,SLAB-504048,AREA-05,B3,9,2026-05-15T11:01:00Z,2026-06-01T10:01:00Z
Y-704049,C-0044049,SLAB-504049,AREA-06,B4,10,2026-05-16T12:54:00Z,2026-05-23T11:54:00Z
Y-704050,C-0044050,SLAB-504050,AREA-07,B5,11,2026-05-16T12:58:00Z,2026-05-22T11:58:00Z
Y-704051,C-0044051,SLAB-504051,AREA-08,B6,12,2026-05-15T15:57:00Z,2026-05-30T14:57:00Z
Y-704052,C-0044052,SLAB-504052,AREA-09,B7,13,2026-05-15T00:00:00Z,2026-05-16T23:00:00Z
Y-704053,C-0044053,SLAB-504053,AREA-10,B8,14,2026-05-15T04:01:00Z,2026-05-30T03:01:00Z
Y-704054,C-0044054,SLAB-504054,AREA-11,B9,15,2026-05-15T02:59:00Z,2026-05-24T01:59:00Z
Y-704055,C-0044055,SLAB-504055,AREA-12,B1,16,2026-05-15T20:56:00Z,2026-05-26T19:56:00Z
Y-704056,C-0044056,SLAB-504056,AREA-13,B2,17,2026-05-14T16:39:00Z,2026-05-23T15:39:00Z
Y-704057,C-0044057,SLAB-504057,AREA-01,B3,18,2026-05-16T04:41:00Z,2026-05-19T03:41:00Z
Y-704058,C-0044058,SLAB-504058,AREA-02,B4,19,2026-05-13T23:34:00Z,2026-05-28T22:34:00Z
Y-704059,C-0044059,SLAB-504059,AREA-03,B5,20,2026-05-16T00:44:00Z,2026-05-22T23:44:00Z
Y-704060,C-0044060,SLAB-504060,AREA-04,B6,21,2026-05-15T16:39:00Z,2026-06-01T15:39:00Z
Y-704061,C-0044061,SLAB-504061,AREA-05,B7,22,2026-05-15T17:42:00Z,2026-05-27T16:42:00Z
Y-704062,C-0044062,SLAB-504062,AREA-06,B8,23,2026-05-14T13:43:00Z,2026-05-22T12:43:00Z
Y-704063,C-0044063,SLAB-504063,AREA-07,B9,24,2026-05-15T08:39:00Z,2026-05-24T07:39:00Z
Y-704064,C-0044064,SLAB-504064,AREA-08,B1,25,2026-05-15T09:18:00Z,2026-05-31T08:18:00Z
Y-704065,C-0044065,SLAB-504065,AREA-09,B2,26,2026-05-15T22:19:00Z,2026-06-01T21:19:00Z
Y-704066,C-0044066,SLAB-504066,AREA-10,B3,27,2026-05-15T02:15:00Z,2026-05-29T01:15:00Z
Y-704067,C-0044067,SLAB-504067,AREA-11,B4,28,2026-05-14T23:18:00Z,2026-05-27T22:18:00Z
Y-704068,C-0044068,SLAB-504068,AREA-12,B5,29,2026-05-15T15:17:00Z,2026-05-24T14:17:00Z
Y-704069,C-0044069,SLAB-504069,AREA-13,B6,30,2026-05-15T02:16:00Z,2026-05-25T01:16:00Z
Y-704070,C-0044070,SLAB-504070,AREA-01,B7,31,2026-05-16T11:15:00Z,2026-06-04T10:15:00Z
Y-704071,C-0044071,SLAB-504071,AREA-02,B8,32,2026-05-15T20:16:00Z,2026-06-04T19:16:00Z
Y-704072,C-0044072,SLAB-504072,AREA-03,B9,33,2026-05-15T23:41:00Z,2026-05-24T22:41:00Z
Y-704073,C-0044073,SLAB-504073,AREA-04,B1,34,2026-05-16T15:37:00Z,2026-06-01T14:37:00Z
Y-704074,C-0044074,SLAB-504074,AREA-05,B2,35,2026-05-16T07:37:00Z,2026-05-22T06:37:00Z
Y-704075,C-0044075,SLAB-504075,AREA-06,B3,36,2026-05-14T23:39:00Z,2026-05-17T22:39:00Z
Y-704076,C-0044076,SLAB-504076,AREA-07,B4,37,2026-05-15T02:40:00Z,2026-05-27T01:40:00Z
Y-704077,C-0044077,SLAB-504077,AREA-08,B5,38,2026-05-15T17:36:00Z,2026-05-30T16:36:00Z
Y-704078,C-0044078,SLAB-504078,AREA-09,B6,39,2026-05-15T18:38:00Z,2026-05-21T17:38:00Z
Y-704079,C-0044079,SLAB-504079,AREA-10,B7,40,2026-05-16T01:40:00Z,2026-05-20T00:40:00Z
Y-704080,C-0044080,SLAB-504080,AREA-11,B8,1,2026-05-15T19:21:00Z,2026-05-17T18:21:00Z
Y-704081,C-0044081,SLAB-504081,AREA-12,B9,2,2026-05-16T00:14:00Z,2026-05-18T23:14:00Z
Y-704082,C-0044082,SLAB-504082,AREA-13,B1,3,2026-05-14T23:14:00Z,2026-05-17T22:14:00Z
Y-704083,C-0044083,SLAB-504083,AREA-01,B2,4,2026-05-14T11:13:00Z,2026-05-28T10:13:00Z
Y-704084,C-0044084,SLAB-504084,AREA-02,B3,5,2026-05-16T10:18:00Z,2026-05-26T09:18:00Z
Y-704085,C-0044085,SLAB-504085,AREA-03,B4,6,2026-05-15T03:20:00Z,2026-05-24T02:20:00Z
Y-704086,C-0044086,SLAB-504086,AREA-04,B5,7,2026-05-16T20:20:00Z,2026-05-19T19:20:00Z
Y-704087,C-0044087,SLAB-504087,AREA-05,B6,8,2026-05-14T17:23:00Z,2026-05-22T16:23:00Z
Y-704088,C-0044088,SLAB-504088,AREA-06,B7,9,2026-05-15T11:16:00Z,2026-06-03T10:16:00Z
Y-704089,C-0044089,SLAB-504089,AREA-07,B8,10,2026-05-15T12:18:00Z,2026-05-29T11:18:00Z
Y-704090,C-0044090,SLAB-504090,AREA-08,B9,11,2026-05-15T23:14:00Z,2026-05-23T22:14:00Z
Y-704091,C-0044091,SLAB-504091,AREA-09,B1,12,2026-05-15T09:21:00Z,2026-06-02T08:21:00Z
Y-704092,C-0044092,SLAB-504092,AREA-10,B2,13,2026-05-14T19:15:00Z,2026-06-01T18:15:00Z
Y-704093,C-0044093,SLAB-504093,AREA-11,B3,14,2026-05-15T02:22:00Z,2026-05-26T01:22:00Z
Y-704094,C-0044094,SLAB-504094,AREA-12,B4,15,2026-05-14T19:16:00Z,2026-05-26T18:16:00Z
Y-704095,C-0044095,SLAB-504095,AREA-13,B5,16,2026-05-14T19:54:00Z,2026-05-20T18:54:00Z
Y-704096,C-0044096,SLAB-504096,AREA-01,B6,17,2026-05-16T04:04:00Z,2026-05-23T03:04:00Z
Y-704097,C-0044097,SLAB-504097,AREA-02,B7,18,2026-05-15T23:54:00Z,2026-06-02T22:54:00Z
Y-704098,C-0044098,SLAB-504098,AREA-03,B8,19,2026-05-16T18:00:00Z,2026-05-25T17:00:00Z
Y-704099,C-0044099,SLAB-504099,AREA-04,B9,20,2026-05-16T03:57:00Z,2026-05-26T02:57:00Z
Y-704100,C-0044100,SLAB-504100,AREA-05,B1,21,2026-05-15T13:53:00Z,2026-05-30T12:53:00Z
Y-704101,C-0044101,SLAB-504101,AREA-06,B2,22,2026-05-14T21:02:00Z,2026-06-03T20:02:00Z
Y-704102,C-0044102,SLAB-504102,AREA-07,B3,23,2026-05-15T13:07:00Z,2026-06-04T12:07:00Z
Y-704103,C-0044103,SLAB-504103,AREA-08,B4,24,2026-05-15T02:54:00Z,2026-06-03T01:54:00Z
Y-704104,C-0044104,SLAB-504104,AREA-09,B5,25,2026-05-15T03:01:00Z,2026-05-24T02:01:00Z
Y-704105,C-0044105,SLAB-504105,AREA-10,B6,26,2026-05-16T10:02:00Z,2026-05-29T09:02:00Z
Y-704106,C-0044106,SLAB-504106,AREA-11,B7,27,2026-05-16T01:46:00Z,2026-05-18T00:46:00Z
Y-704107,C-0044107,SLAB-504107,AREA-12,B8,28,2026-05-16T04:50:00Z,2026-05-20T03:50:00Z
Y-704108,C-0044108,SLAB-504108,AREA-13,B9,29,2026-05-16T03:41:00Z,2026-05-26T02:41:00Z
Y-704109,C-0044109,SLAB-504109,AREA-01,B1,30,2026-05-14T20:50:00Z,2026-05-20T19:50:00Z
Y-704110,C-0044110,SLAB-504110,AREA-02,B2,31,2026-05-15T17:48:00Z,2026-05-23T16:48:00Z
Y-704111,C-0044111,SLAB-504111,AREA-03,B3,32,2026-05-16T04:51:00Z,2026-06-04T03:51:00Z
Y-704112,C-0044112,SLAB-504112,AREA-04,B4,33,2026-05-16T01:47:00Z,2026-05-27T00:47:00Z
Y-704113,C-0044113,SLAB-504113,AREA-05,B5,34,2026-05-15T02:54:00Z,2026-05-30T01:54:00Z
Y-704114,C-0044114,SLAB-504114,AREA-06,B6,35,2026-05-16T01:44:00Z,2026-05-31T00:44:00Z
Y-704115,C-0044115,SLAB-504115,AREA-07,B7,36,2026-05-15T14:13:00Z,2026-05-29T13:13:00Z
Y-704116,C-0044116,SLAB-504116,AREA-08,B8,37,2026-05-15T12:15:00Z,2026-06-01T11:15:00Z
Y-704117,C-0044117,SLAB-504117,AREA-09,B9,38,2026-05-15T04:17:00Z,2026-05-31T03:17:00Z
Y-704118,C-0044118,SLAB-504118,AREA-10,B1,39,2026-05-15T17:09:00Z,2026-05-18T16:09:00Z
Y-704119,C-0044119,SLAB-504119,AREA-11,B2,40,2026-05-14T17:15:00Z,2026-05-28T16:15:00Z
Y-704120,C-0044120,SLAB-504120,AREA-12,B3,1,2026-05-15T23:14:00Z,2026-05-26T22:14:00Z
Y-704121,C-0044121,SLAB-504121,AREA-13,B4,2,2026-05-15T14:15:00Z,2026-06-02T13:15:00Z
Y-704122,C-0044122,SLAB-504122,AREA-01,B5,3,2026-05-15T19:17:00Z,2026-06-01T18:17:00Z
Y-704123,C-0044123,SLAB-504123,AREA-02,B6,4,2026-05-15T09:18:00Z,2026-05-18T08:18:00Z
Y-704124,C-0044124,SLAB-504124,AREA-03,B7,5,2026-05-15T04:21:00Z,2026-05-22T03:21:00Z
Y-704125,C-0044125,SLAB-504125,AREA-04,B8,6,2026-05-14T19:17:00Z,2026-05-21T18:17:00Z
Y-704126,C-0044126,SLAB-504126,AREA-05,B9,7,2026-05-15T17:18:00Z,2026-05-22T16:18:00Z
Y-704127,C-0044127,SLAB-504127,AREA-06,B1,8,2026-05-16T16:17:00Z,2026-05-22T15:17:00Z
Y-704128,C-0044128,SLAB-504128,AREA-07,B2,9,2026-05-15T14:15:00Z,2026-05-28T13:15:00Z
Y-704129,C-0044129,SLAB-504129,AREA-08,B3,10,2026-05-16T14:51:00Z,2026-05-29T13:51:00Z
Y-704130,C-0044130,SLAB-504130,AREA-09,B4,11,2026-05-16T11:03:00Z,2026-06-05T10:03:00Z
Y-704131,C-0044131,SLAB-504131,AREA-10,B5,12,2026-05-15T23:56:00Z,2026-05-18T22:56:00Z
Y-704132,C-0044132,SLAB-504132,AREA-11,B6,13,2026-05-16T17:52:00Z,2026-06-01T16:52:00Z
Y-704133,C-0044133,SLAB-504133,AREA-12,B7,14,2026-05-14T09:55:00Z,2026-05-18T08:55:00Z
Y-704134,C-0044134,SLAB-504134,AREA-13,B8,15,2026-05-15T07:03:00Z,2026-05-30T06:03:00Z
Y-704135,C-0044135,SLAB-504135,AREA-01,B9,16,2026-05-15T04:54:00Z,2026-05-24T03:54:00Z
Y-704136,C-0044136,SLAB-504136,AREA-02,B1,17,2026-05-15T10:56:00Z,2026-05-26T09:56:00Z
Y-704137,C-0044137,SLAB-504137,AREA-03,B2,18,2026-05-16T07:41:00Z,2026-05-28T06:41:00Z
Y-704138,C-0044138,SLAB-504138,AREA-04,B3,19,2026-05-15T06:46:00Z,2026-05-17T05:46:00Z
Y-704139,C-0044139,SLAB-504139,AREA-05,B4,20,2026-05-15T22:51:00Z,2026-06-04T21:51:00Z
Y-704140,C-0044140,SLAB-504140,AREA-06,B5,21,2026-05-16T00:42:00Z,2026-05-23T23:42:00Z
Y-704141,C-0044141,SLAB-504141,AREA-07,B6,22,2026-05-15T09:41:00Z,2026-06-02T08:41:00Z
Y-704142,C-0044142,SLAB-504142,AREA-08,B7,23,2026-05-15T12:40:00Z,2026-06-04T11:40:00Z
Y-704143,C-0044143,SLAB-504143,AREA-09,B8,24,2026-05-15T08:42:00Z,2026-05-21T07:42:00Z
Y-704144,C-0044144,SLAB-504144,AREA-10,B9,25,2026-05-16T09:41:00Z,2026-05-24T08:41:00Z
Y-704145,C-0044145,SLAB-504145,AREA-11,B1,26,2026-05-17T01:48:00Z,2026-06-01T00:48:00Z
Y-704146,C-0044146,SLAB-504146,AREA-12,B2,27,2026-05-15T14:49:00Z,2026-05-18T13:49:00Z
Y-704147,C-0044147,SLAB-504147,AREA-13,B3,28,2026-05-14T14:17:00Z,2026-05-19T13:17:00Z
Y-704148,C-0044148,SLAB-504148,AREA-01,B4,29,2026-05-15T22:22:00Z,2026-05-21T21:22:00Z
Y-704149,C-0044149,SLAB-504149,AREA-02,B5,30,2026-05-15T02:14:00Z,2026-05-25T01:14:00Z
Y-704150,C-0044150,SLAB-504150,AREA-03,B6,31,2026-05-16T11:22:00Z,2026-05-18T10:22:00Z
Y-704151,C-0044151,SLAB-504151,AREA-04,B7,32,2026-05-15T18:14:00Z,2026-06-02T17:14:00Z
Y-704152,C-0044152,SLAB-504152,AREA-05,B8,33,2026-05-15T18:17:00Z,2026-05-22T17:17:00Z
Y-704153,C-0044153,SLAB-504153,AREA-06,B9,34,2026-05-15T00:25:00Z,2026-05-24T23:25:00Z
Y-704154,C-0044154,SLAB-504154,AREA-07,B1,35,2026-05-15T06:12:00Z,2026-05-17T05:12:00Z
Y-704155,C-0044155,SLAB-504155,AREA-08,B2,36,2026-05-16T20:17:00Z,2026-05-23T19:17:00Z
Y-704156,C-0044156,SLAB-504156,AREA-09,B3,37,2026-05-15T10:18:00Z,2026-05-27T09:18:00Z
Y-704157,C-0044157,SLAB-504157,AREA-10,B4,38,2026-05-16T16:48:00Z,2026-06-05T15:48:00Z
Y-704158,C-0044158,SLAB-504158,AREA-11,B5,39,2026-05-15T23:48:00Z,2026-05-21T22:48:00Z
Y-704159,C-0044159,SLAB-504159,AREA-12,B6,40,2026-05-16T06:46:00Z,2026-05-31T05:46:00Z
Y-704160,C-0044160,SLAB-504160,AREA-13,B7,1,2026-05-16T21:51:00Z,2026-05-31T20:51:00Z
Y-704161,C-0044161,SLAB-504161,AREA-01,B8,2,2026-05-15T20:44:00Z,2026-06-01T19:44:00Z
Y-704162,C-0044162,SLAB-504162,AREA-02,B9,3,2026-05-15T21:51:00Z,2026-06-03T20:51:00Z
Y-704163,C-0044163,SLAB-504163,AREA-03,B1,4,2026-05-14T22:43:00Z,2026-05-19T21:43:00Z
Y-704164,C-0044164,SLAB-504164,AREA-04,B2,5,2026-05-15T12:50:00Z,2026-05-23T11:50:00Z
Y-704165,C-0044165,SLAB-504165,AREA-05,B3,6,2026-05-16T18:46:00Z,2026-05-28T17:46:00Z
Y-704166,C-0044166,SLAB-504166,AREA-06,B4,7,2026-05-16T23:47:00Z,2026-06-05T22:47:00Z
Y-704167,C-0044167,SLAB-504167,AREA-07,B5,8,2026-05-15T04:47:00Z,2026-06-01T03:47:00Z
Y-704168,C-0044168,SLAB-504168,AREA-08,B6,9,2026-05-15T06:29:00Z,2026-06-04T05:29:00Z
Y-704169,C-0044169,SLAB-504169,AREA-09,B7,10,2026-05-16T09:30:00Z,2026-05-20T08:30:00Z
Y-704170,C-0044170,SLAB-504170,AREA-10,BAY-03,POS-17,2026-05-15T14:26:00Z,2026-05-18T13:26:00Z
Y-704171,C-0044171,SLAB-504171,AREA-11,B9,12,2026-05-16T05:27:00Z,2026-06-03T04:27:00Z
Y-704172,C-0044172,SLAB-504172,AREA-12,B1,13,2026-05-16T23:33:00Z,2026-05-28T22:33:00Z
Y-704173,C-0044173,SLAB-504173,AREA-13,B2,14,2026-05-15T14:31:00Z,2026-06-02T13:31:00Z
Y-704174,C-0044174,SLAB-504174,AREA-01,B3,15,2026-05-16T14:32:00Z,2026-05-30T13:32:00Z
Y-704175,C-0044175,SLAB-504175,AREA-02,B4,16,2026-05-15T12:26:00Z,2026-05-17T11:26:00Z
Y-704176,C-0044176,SLAB-504176,AREA-03,B5,17,2026-05-15T11:28:00Z,2026-05-28T10:28:00Z
Y-704177,C-0044177,SLAB-504177,AREA-04,B6,18,2026-05-14T21:31:00Z,2026-05-23T20:31:00Z
Y-704178,C-0044178,SLAB-504178,AREA-05,B7,19,2026-05-15T10:22:00Z,2026-05-28T09:22:00Z
Y-704179,C-0044179,SLAB-504179,AREA-06,B8,20,2026-05-15T10:26:00Z,2026-06-04T09:26:00Z
Y-704180,C-0044180,SLAB-504180,AREA-07,B9,21,2026-05-16T03:27:00Z,2026-06-02T02:27:00Z
Y-704181,C-0044181,SLAB-504181,AREA-08,B1,22,2026-05-15T11:20:00Z,2026-05-25T10:20:00Z
Y-704182,C-0044182,SLAB-504182,AREA-09,B2,23,2026-05-15T22:06:00Z,2026-05-30T21:06:00Z
Y-704183,C-0044183,SLAB-504183,AREA-10,B3,24,2026-05-16T22:02:00Z,2026-05-29T21:02:00Z
Y-704184,C-0044184,SLAB-504184,AREA-11,B4,25,2026-05-15T18:58:00Z,2026-06-03T17:58:00Z
Y-704185,C-0044185,SLAB-504185,AREA-12,B5,26,2026-05-16T03:02:00Z,2026-05-18T02:02:00Z
Y-704186,C-0044186,SLAB-504186,AREA-13,B6,27,2026-05-14T14:06:00Z,2026-06-02T13:06:00Z
Y-704187,C-0044187,SLAB-504187,AREA-01,B7,28,2026-05-15T14:03:00Z,2026-06-01T13:03:00Z
Y-704188,C-0044188,SLAB-504188,AREA-02,B8,29,2026-05-15T07:57:00Z,2026-05-21T06:57:00Z
Y-704189,C-0044189,SLAB-504189,AREA-03,B9,30,2026-05-14T18:05:00Z,2026-05-26T17:05:00Z
Y-704190,C-0044190,SLAB-504190,AREA-04,B1,31,2026-05-15T03:47:00Z,2026-06-03T02:47:00Z
Y-704191,C-0044191,SLAB-504191,AREA-05,B2,32,2026-05-16T04:52:00Z,2026-05-23T03:52:00Z
Y-704192,C-0044192,SLAB-504192,AREA-06,B3,33,2026-05-16T15:49:00Z,2026-05-24T14:49:00Z
Y-704193,C-0044193,SLAB-504193,AREA-07,B4,34,2026-05-15T16:49:00Z,2026-05-24T15:49:00Z
Y-704194,C-0044194,SLAB-504194,AREA-08,B5,35,2026-05-16T16:40:00Z,2026-05-19T15:40:00Z
Y-704195,C-0044195,SLAB-504195,AREA-09,B6,36,2026-05-15T03:51:00Z,2026-06-04T02:51:00Z
Y-704196,C-0044196,SLAB-504196,AREA-10,B7,37,2026-05-15T09:45:00Z,2026-05-28T08:45:00Z
Y-704197,C-0044197,SLAB-504197,AREA-11,B8,38,2026-05-14T16:24:00Z,2026-05-20T15:24:00Z
Y-704198,C-0044198,SLAB-504198,AREA-12,B9,39,2026-05-15T22:20:00Z,2026-05-27T21:20:00Z
Y-704199,C-0044199,SLAB-504199,AREA-13,B1,40,2026-05-15T17:23:00Z,2026-05-26T16:23:00Z
Y-704200,C-0044200,SLAB-504200,AREA-01,B2,1,2026-05-16T14:20:00Z,2026-05-30T13:20:00Z
Y-704201,C-0044201,SLAB-504201,AREA-02,B3,2,2026-05-15T18:25:00Z,2026-05-29T17:25:00Z
Y-704202,C-0044202,SLAB-504202,AREA-03,B4,3,2026-05-16T08:24:00Z,2026-05-24T07:24:00Z
Y-704203,C-0044203,SLAB-504203,AREA-04,B5,4,2026-05-15T20:28:00Z,2026-05-30T19:28:00Z
Y-704204,C-0044204,SLAB-504204,AREA-05,B6,5,2026-05-15T14:00:00Z,2026-05-30T13:00:00Z
Y-704205,C-0044205,SLAB-504205,AREA-06,B7,6,2026-05-16T18:01:00Z,2026-05-26T17:01:00Z
Y-704206,C-0044206,SLAB-504206,AREA-07,B8,7,2026-05-15T19:59:00Z,2026-05-22T18:59:00Z
Y-704207,C-0044207,SLAB-504207,AREA-08,B9,8,2026-05-15T07:56:00Z,2026-06-02T06:56:00Z
Y-704208,C-0044208,SLAB-504208,AREA-09,B1,9,2026-05-16T02:56:00Z,2026-05-18T01:56:00Z
Y-704209,C-0044209,SLAB-504209,AREA-10,B2,10,2026-05-16T06:54:00Z,2026-06-04T05:54:00Z
Y-704210,C-0044210,SLAB-504210,AREA-11,B3,11,2026-05-15T02:57:00Z,2026-05-17T01:57:00Z
Y-704211,C-0044211,SLAB-504211,AREA-12,B4,12,2026-05-15T17:57:00Z,2026-06-02T16:57:00Z
Y-704212,C-0044212,SLAB-504212,AREA-13,B5,13,2026-05-16T12:52:00Z,2026-05-30T11:52:00Z
Y-704213,C-0044213,SLAB-504213,AREA-01,B6,14,2026-05-16T07:57:00Z,2026-06-05T06:57:00Z
Y-704214,C-0044214,SLAB-504214,AREA-02,B7,15,2026-05-15T07:54:00Z,2026-05-31T06:54:00Z
Y-704215,C-0044215,SLAB-504215,AREA-03,B8,16,2026-05-16T17:47:00Z,2026-05-26T16:47:00Z
Y-704216,C-0044216,SLAB-504216,AREA-04,B9,17,2026-05-15T01:54:00Z,2026-05-22T00:54:00Z
Y-704217,C-0044217,SLAB-504217,AREA-05,B1,18,2026-05-16T15:46:00Z,2026-05-24T14:46:00Z
Y-704218,C-0044218,SLAB-504218,AREA-06,B2,19,2026-05-16T14:51:00Z,2026-05-29T13:51:00Z
Y-704219,C-0044219,SLAB-504219,AREA-07,B3,20,2026-05-15T00:47:00Z,2026-05-20T23:47:00Z
Y-704220,C-0044220,SLAB-504220,AREA-08,B4,21,2026-05-16T03:49:00Z,2026-05-21T02:49:00Z
Y-704221,C-0044221,SLAB-504221,AREA-09,B5,22,2026-05-16T04:48:00Z,2026-05-27T03:48:00Z
Y-704222,C-0044222,SLAB-504222,AREA-10,B6,23,2026-05-15T17:22:00Z,2026-05-17T16:22:00Z
Y-704223,C-0044223,SLAB-504223,AREA-11,B7,24,2026-05-16T08:19:00Z,2026-05-27T07:19:00Z
Y-704224,C-0044224,SLAB-504224,AREA-12,B8,25,2026-05-15T13:15:00Z,2026-06-04T12:15:00Z
Y-704225,C-0044225,SLAB-504225,AREA-13,B9,26,2026-05-16T18:21:00Z,2026-05-29T17:21:00Z
Y-704226,C-0044226,SLAB-504226,AREA-01,B1,27,2026-05-16T16:15:00Z,2026-05-26T15:15:00Z
Y-704227,C-0044227,SLAB-504227,AREA-02,B2,28,2026-05-15T04:12:00Z,2026-06-03T03:12:00Z
Y-704228,C-0044228,SLAB-504228,AREA-03,B3,29,2026-05-16T21:10:00Z,2026-05-19T20:10:00Z
Y-704229,C-0044229,SLAB-504229,AREA-04,B4,30,2026-05-15T18:09:00Z,2026-05-17T17:09:00Z
Y-704230,C-0044230,SLAB-504230,AREA-05,B5,31,2026-05-16T10:14:00Z,2026-05-21T09:14:00Z
Y-704231,C-0044231,SLAB-504231,AREA-06,B6,32,2026-05-16T04:38:00Z,2026-06-05T03:38:00Z
Y-704232,C-0044232,SLAB-504232,AREA-07,B7,33,2026-05-15T22:45:00Z,2026-05-31T21:45:00Z
Y-704233,C-0044233,SLAB-504233,AREA-08,B8,34,2026-05-16T13:45:00Z,2026-05-29T12:45:00Z
Y-704234,C-0044234,SLAB-504234,AREA-09,B9,35,2026-05-15T20:43:00Z,2026-06-04T19:43:00Z
Y-704235,C-0044235,SLAB-504235,AREA-10,B1,36,2026-05-15T11:45:00Z,2026-06-02T10:45:00Z
Y-704236,C-0044236,SLAB-504236,AREA-11,B2,37,2026-05-16T10:47:00Z,2026-05-29T09:47:00Z
Y-704237,C-0044237,SLAB-504237,AREA-12,B3,38,2026-05-15T08:40:00Z,2026-05-29T07:40:00Z
Y-704238,C-0044238,SLAB-504238,AREA-13,B4,39,2026-05-15T18:48:00Z,2026-05-31T17:48:00Z
Y-704239,C-0044239,SLAB-504239,AREA-01,B5,40,2026-05-14T13:47:00Z,2026-05-24T12:47:00Z
Y-704240,C-0044240,SLAB-504240,AREA-02,B6,1,2026-05-15T06:46:00Z,2026-05-29T05:46:00Z
Y-704241,C-0044241,SLAB-504241,AREA-03,B7,2,2026-05-16T19:45:00Z,2026-06-04T18:45:00Z
Y-704242,C-0044242,SLAB-504242,AREA-04,B8,3,2026-05-16T18:53:00Z,2026-05-18T17:53:00Z
Y-704243,C-0044243,SLAB-504243,AREA-05,B9,4,2026-05-16T19:45:00Z,2026-05-19T18:45:00Z
Y-704244,C-0044244,SLAB-504244,AREA-06,B1,5,2026-05-15T06:48:00Z,2026-06-02T05:48:00Z
Y-704245,C-0044245,SLAB-504245,AREA-07,B2,6,2026-05-16T22:49:00Z,2026-06-03T21:49:00Z
Y-704246,C-0044246,SLAB-504246,AREA-08,B3,7,2026-05-15T04:36:00Z,2026-05-26T03:36:00Z
Y-704247,C-0044247,SLAB-504247,AREA-09,B4,8,2026-05-16T19:36:00Z,2026-05-21T18:36:00Z
Y-704248,C-0044248,SLAB-504248,AREA-10,B5,9,2026-05-16T04:40:00Z,2026-06-04T03:40:00Z
Y-704249,C-0044249,SLAB-504249,AREA-11,B6,10,2026-05-15T12:40:00Z,2026-06-04T11:40:00Z
Y-704250,C-0044250,SLAB-504250,AREA-12,B7,11,2026-05-15T13:44:00Z,2026-05-18T12:44:00Z
Y-704251,C-0044251,SLAB-504251,AREA-13,B8,12,2026-05-16T03:43:00Z,2026-05-26T02:43:00Z
Y-704252,C-0044252,SLAB-504252,AREA-01,B9,13,2026-05-16T03:37:00Z,2026-05-21T02:37:00Z
Y-704253,C-0044253,SLAB-504253,AREA-02,B1,14,2026-05-16T21:46:00Z,2026-06-04T20:46:00Z
Y-704254,C-0044254,SLAB-504254,AREA-03,B2,15,2026-05-16T03:44:00Z,2026-06-05T02:44:00Z
Y-704255,C-0044255,SLAB-504255,AREA-04,B3,16,2026-05-15T08:44:00Z,2026-05-25T07:44:00Z
Y-704256,C-0044256,SLAB-504256,AREA-05,B4,17,2026-05-15T20:41:00Z,2026-05-20T19:41:00Z
Y-704257,C-0044257,SLAB-504257,AREA-06,B5,18,2026-05-15T17:48:00Z,2026-05-22T16:48:00Z
Y-704258,C-0044258,SLAB-504258,AREA-07,B6,19,2026-05-16T18:50:00Z,2026-05-21T17:50:00Z
Y-704259,C-0044259,SLAB-504259,AREA-08,B7,20,2026-05-15T08:51:00Z,2026-05-20T07:51:00Z
Y-704260,C-0044260,SLAB-504260,AREA-09,B8,21,2026-05-16T12:55:00Z,2026-05-21T11:55:00Z
Y-704261,C-0044261,SLAB-504261,AREA-10,B9,22,2026-05-16T06:55:00Z,2026-06-05T05:55:00Z
Y-704262,C-0044262,SLAB-504262,AREA-11,B1,23,2026-05-14T22:50:00Z,2026-05-18T21:50:00Z
Y-704263,C-0044263,SLAB-504263,AREA-12,B2,24,2026-05-16T09:52:00Z,2026-06-01T08:52:00Z
Y-704264,C-0044264,SLAB-504264,AREA-13,B3,25,2026-05-16T19:45:00Z,2026-05-24T18:45:00Z
Y-704265,C-0044265,SLAB-504265,AREA-01,B4,26,2026-05-16T22:35:00Z,2026-06-03T21:35:00Z
Y-704266,C-0044266,SLAB-504266,AREA-02,B5,27,2026-05-17T02:32:00Z,2026-05-19T01:32:00Z
Y-704267,C-0044267,SLAB-504267,AREA-03,B6,28,2026-05-15T18:31:00Z,2026-06-03T17:31:00Z
Y-704268,C-0044268,SLAB-504268,AREA-04,B7,29,2026-05-14T17:40:00Z,2026-05-20T16:40:00Z
Y-704269,C-0044269,SLAB-504269,AREA-05,B8,30,2026-05-16T17:30:00Z,2026-05-26T16:30:00Z
Y-704270,C-0044270,SLAB-504270,AREA-06,B9,31,2026-05-15T20:35:00Z,2026-05-30T19:35:00Z
Y-704271,C-0044271,SLAB-504271,AREA-07,B1,32,2026-05-16T18:39:00Z,2026-06-04T17:39:00Z
Y-704272,C-0044272,SLAB-504272,AREA-08,B2,33,2026-05-15T18:36:00Z,2026-05-27T17:36:00Z
Y-704273,C-0044273,SLAB-504273,AREA-09,B3,34,2026-05-15T21:36:00Z,2026-05-18T20:36:00Z
Y-704274,C-0044274,SLAB-504274,AREA-10,B4,35,2026-05-15T07:40:00Z,2026-05-26T06:40:00Z
Y-704275,C-0044275,SLAB-504275,AREA-11,B5,36,2026-05-15T10:40:00Z,2026-06-03T09:40:00Z
Y-704276,C-0044276,SLAB-504276,AREA-12,B6,37,2026-05-15T21:13:00Z,2026-05-17T20:13:00Z
Y-704277,C-0044277,SLAB-504277,AREA-13,B7,38,2026-05-16T14:11:00Z,2026-05-19T13:11:00Z
Y-704278,C-0044278,SLAB-504278,AREA-01,B8,39,2026-05-16T00:18:00Z,2026-06-04T23:18:00Z
Y-704279,C-0044279,SLAB-504279,AREA-02,B9,40,2026-05-17T12:06:00Z,2026-06-06T11:06:00Z
Y-704280,C-0044280,SLAB-504280,AREA-03,B1,1,2026-05-16T11:15:00Z,2026-05-29T10:15:00Z
Y-704281,C-0044281,SLAB-504281,AREA-04,B2,2,2026-05-17T11:14:00Z,2026-05-21T10:14:00Z
Y-704282,C-0044282,SLAB-504282,AREA-05,B3,3,2026-05-15T17:13:00Z,2026-06-01T16:13:00Z
Y-704283,C-0044283,SLAB-504283,AREA-06,B4,4,2026-05-15T22:15:00Z,2026-05-17T21:15:00Z
Y-704284,C-0044284,SLAB-504284,AREA-07,B5,5,2026-05-16T04:07:00Z,2026-05-27T03:07:00Z
Y-704285,C-0044285,SLAB-504285,AREA-08,B6,6,2026-05-17T01:08:00Z,2026-06-05T00:08:00Z
Y-704286,C-0044286,SLAB-504286,AREA-09,B7,7,2026-05-16T08:10:00Z,2026-06-05T07:10:00Z
Y-704287,C-0044287,SLAB-504287,AREA-10,B8,8,2026-05-16T02:57:00Z,2026-05-28T01:57:00Z
Y-704288,C-0044288,SLAB-504288,AREA-11,B9,9,2026-05-15T06:03:00Z,2026-05-21T05:03:00Z
Y-704289,C-0044289,SLAB-504289,AREA-12,B1,10,2026-05-16T00:59:00Z,2026-05-20T23:59:00Z
Y-704290,C-0044290,SLAB-504290,AREA-13,B2,11,2026-05-15T10:54:00Z,2026-05-31T09:54:00Z
Y-704291,C-0044291,SLAB-504291,AREA-01,B3,12,2026-05-15T00:55:00Z,2026-05-23T23:55:00Z
Y-704292,C-0044292,SLAB-504292,AREA-02,B4,13,2026-05-15T08:58:00Z,2026-05-25T07:58:00Z
Y-704293,C-0044293,SLAB-504293,AREA-03,B5,14,2026-05-15T21:59:00Z,2026-05-18T20:59:00Z
Y-704294,C-0044294,SLAB-504294,AREA-04,B6,15,2026-05-16T07:54:00Z,2026-05-20T06:54:00Z
Y-704295,C-0044295,SLAB-504295,AREA-05,B7,16,2026-05-15T11:52:00Z,2026-05-26T10:52:00Z
Y-704296,C-0044296,SLAB-504296,AREA-06,B8,17,2026-05-15T16:50:00Z,2026-05-22T15:50:00Z
Y-704297,C-0044297,SLAB-504297,AREA-07,B9,18,2026-05-15T21:44:00Z,2026-06-01T20:44:00Z
Y-704298,C-0044298,SLAB-504298,AREA-08,B1,19,2026-05-16T18:54:00Z,2026-05-30T17:54:00Z
Y-704299,C-0044299,SLAB-504299,AREA-09,B2,20,2026-05-17T12:46:00Z,2026-05-31T11:46:00Z
Y-704300,C-0044300,SLAB-504300,AREA-10,B3,21,2026-05-15T09:45:00Z,2026-05-28T08:45:00Z
Y-704301,C-0044301,SLAB-504301,AREA-11,B4,22,2026-05-17T04:54:00Z,2026-06-01T03:54:00Z
Y-704302,C-0044302,SLAB-504302,AREA-12,B5,23,2026-05-16T05:56:00Z,2026-05-31T04:56:00Z
Y-704303,C-0044303,SLAB-504303,AREA-13,B6,24,2026-05-17T06:47:00Z,2026-06-02T05:47:00Z
Y-704304,C-0044304,SLAB-504304,AREA-01,B7,25,2026-05-16T08:25:00Z,2026-05-29T07:25:00Z
Y-704305,C-0044305,SLAB-504305,AREA-02,B8,26,2026-05-15T23:17:00Z,2026-05-20T22:17:00Z
Y-704306,C-0044306,SLAB-504306,AREA-03,B9,27,2026-05-15T17:24:00Z,2026-05-28T16:24:00Z
Y-704307,C-0044307,SLAB-504307,AREA-04,B1,28,2026-05-16T10:17:00Z,2026-05-28T09:17:00Z
Y-704308,C-0044308,SLAB-504308,AREA-05,B2,29,2026-05-17T00:21:00Z,2026-06-03T23:21:00Z
Y-704309,C-0044309,SLAB-504309,AREA-06,B3,30,2026-05-16T04:17:00Z,2026-06-03T03:17:00Z
Y-704310,C-0044310,SLAB-504310,AREA-07,B4,31,2026-05-15T18:16:00Z,2026-05-27T17:16:00Z
Y-704311,C-0044311,SLAB-504311,AREA-08,B5,32,2026-05-17T04:19:00Z,2026-05-28T03:19:00Z
Y-704312,C-0044312,SLAB-504312,AREA-09,B6,33,2026-05-17T00:18:00Z,2026-05-21T23:18:00Z
Y-704313,C-0044313,SLAB-504313,AREA-10,B7,34,2026-05-15T05:12:00Z,2026-05-17T04:12:00Z
Y-704314,C-0044314,SLAB-504314,AREA-11,B8,35,2026-05-16T13:11:00Z,2026-05-23T12:11:00Z
Y-704315,C-0044315,SLAB-504315,AREA-12,B9,36,2026-05-15T22:05:00Z,2026-06-03T21:05:00Z
Y-704316,C-0044316,SLAB-504316,AREA-13,B1,37,2026-05-15T18:03:00Z,2026-05-27T17:03:00Z
Y-704317,C-0044317,SLAB-504317,AREA-01,B2,38,2026-05-15T17:05:00Z,2026-05-28T16:05:00Z
Y-704318,C-0044318,SLAB-504318,AREA-02,B3,39,2026-05-16T04:08:00Z,2026-06-03T03:08:00Z
Y-704319,C-0044319,SLAB-504319,AREA-03,B4,40,2026-05-17T00:11:00Z,2026-05-19T23:11:00Z
Y-704320,C-0044320,SLAB-504320,AREA-04,B5,1,2026-05-17T07:08:00Z,2026-06-04T06:08:00Z
Y-704321,C-0044321,SLAB-504321,AREA-05,B6,2,2026-05-15T15:09:00Z,2026-05-21T14:09:00Z
Y-704322,C-0044322,SLAB-504322,AREA-06,B7,3,2026-05-16T19:11:00Z,2026-05-29T18:11:00Z
Y-704323,C-0044323,SLAB-504323,AREA-07,B8,4,2026-05-16T07:14:00Z,2026-06-02T06:14:00Z
Y-704324,C-0044324,SLAB-504324,AREA-08,B9,5,2026-05-15T05:07:00Z,2026-06-02T04:07:00Z
Y-704325,C-0044325,SLAB-504325,AREA-09,B1,6,2026-05-17T00:57:00Z,2026-06-02T23:57:00Z
Y-704326,C-0044326,SLAB-504326,AREA-10,B2,7,2026-05-16T02:54:00Z,2026-05-31T01:54:00Z
Y-704327,C-0044327,SLAB-504327,AREA-11,B3,8,2026-05-17T01:58:00Z,2026-06-03T00:58:00Z
Y-704328,C-0044328,SLAB-504328,AREA-12,B4,9,2026-05-15T04:59:00Z,2026-06-04T03:59:00Z
Y-704329,C-0044329,SLAB-504329,AREA-13,B5,10,2026-05-15T09:51:00Z,2026-05-26T08:51:00Z
Y-704330,C-0044330,SLAB-504330,AREA-01,B6,11,2026-05-16T00:57:00Z,2026-06-01T23:57:00Z
Y-704331,C-0044331,SLAB-504331,AREA-02,B7,12,2026-05-15T09:50:00Z,2026-06-04T08:50:00Z
Y-704332,C-0044332,SLAB-504332,AREA-03,B8,13,2026-05-16T09:57:00Z,2026-05-20T08:57:00Z
Y-704333,C-0044333,SLAB-504333,AREA-04,B9,14,2026-05-17T02:59:00Z,2026-05-22T01:59:00Z
Y-704334,C-0044334,SLAB-504334,AREA-05,B1,15,2026-05-16T06:51:00Z,2026-05-31T05:51:00Z
Y-704335,C-0044335,SLAB-504335,AREA-06,B2,16,2026-05-15T21:41:00Z,2026-06-02T20:41:00Z
Y-704336,C-0044336,SLAB-504336,AREA-07,B3,17,2026-05-16T16:42:00Z,2026-06-05T15:42:00Z
Y-704337,C-0044337,SLAB-504337,AREA-08,B4,18,2026-05-15T19:45:00Z,2026-05-25T18:45:00Z
Y-704338,C-0044338,SLAB-504338,AREA-09,B5,19,2026-05-15T06:42:00Z,2026-06-03T05:42:00Z
Y-704339,C-0044339,SLAB-504339,AREA-10,B6,20,2026-05-16T02:44:00Z,2026-05-22T01:44:00Z
Y-704340,C-0044340,SLAB-504340,AREA-11,B7,21,2026-05-15T06:40:00Z,2026-05-19T05:40:00Z
Y-704341,C-0044341,SLAB-504341,AREA-12,B8,22,2026-05-16T13:46:00Z,2026-05-30T12:46:00Z
Y-704342,C-0044342,SLAB-504342,AREA-13,B9,23,2026-05-16T06:42:00Z,2026-05-22T05:42:00Z
Y-704343,C-0044343,SLAB-504343,AREA-01,B1,24,2026-05-15T18:21:00Z,2026-05-31T17:21:00Z
Y-704344,C-0044344,SLAB-504344,AREA-02,B2,25,2026-05-15T12:23:00Z,2026-05-31T11:23:00Z
Y-704345,C-0044345,SLAB-504345,AREA-03,B3,26,2026-05-16T14:23:00Z,2026-06-02T13:23:00Z
Y-704346,C-0044346,SLAB-504346,AREA-04,B4,27,2026-05-17T07:22:00Z,2026-05-24T06:22:00Z
Y-704347,C-0044347,SLAB-504347,AREA-05,B5,28,2026-05-15T15:18:00Z,2026-05-17T14:18:00Z
Y-704348,C-0044348,SLAB-504348,AREA-06,B6,29,2026-05-16T23:27:00Z,2026-06-04T22:27:00Z
Y-704349,C-0044349,SLAB-504349,AREA-07,B7,30,2026-05-17T04:25:00Z,2026-05-29T03:25:00Z
Y-704350,C-0044350,SLAB-504350,AREA-08,B8,31,2026-05-17T07:22:00Z,2026-05-21T06:22:00Z
Y-704351,C-0044351,SLAB-504351,AREA-09,B9,32,2026-05-16T17:56:00Z,2026-06-01T16:56:00Z
Y-704352,C-0044352,SLAB-504352,AREA-10,B1,33,2026-05-15T20:57:00Z,2026-05-21T19:57:00Z
Y-704353,C-0044353,SLAB-504353,AREA-11,B2,34,2026-05-15T20:58:00Z,2026-05-27T19:58:00Z
Y-704354,C-0044354,SLAB-504354,AREA-12,B3,35,2026-05-17T00:48:00Z,2026-05-23T23:48:00Z
Y-704355,C-0044355,SLAB-504355,AREA-13,B4,36,2026-05-17T03:52:00Z,2026-06-02T02:52:00Z
Y-704356,C-0044356,SLAB-504356,AREA-01,B5,37,2026-05-15T12:58:00Z,2026-05-30T11:58:00Z
Y-704357,C-0044357,SLAB-504357,AREA-02,B6,38,2026-05-15T11:49:00Z,2026-05-24T10:49:00Z
Y-704358,C-0044358,SLAB-504358,AREA-03,B7,39,2026-05-15T23:58:00Z,2026-05-23T22:58:00Z
Y-704359,C-0044359,SLAB-504359,AREA-04,B8,40,2026-05-16T12:10:00Z,2026-06-04T11:10:00Z
Y-704360,C-0044360,SLAB-504360,AREA-05,B9,1,2026-05-16T19:12:00Z,2026-05-29T18:12:00Z
Y-704361,C-0044361,SLAB-504361,AREA-06,B1,2,2026-05-16T03:11:00Z,2026-06-02T02:11:00Z
Y-704362,C-0044362,SLAB-504362,AREA-07,B2,3,2026-05-15T17:06:00Z,2026-05-24T16:06:00Z
Y-704363,C-0044363,SLAB-504363,AREA-08,B3,4,2026-05-15T20:13:00Z,2026-05-19T19:13:00Z
Y-704364,C-0044364,SLAB-504364,AREA-09,B4,5,2026-05-16T19:06:00Z,2026-06-01T18:06:00Z
Y-704365,C-0044365,SLAB-504365,AREA-10,B5,6,2026-05-16T17:13:00Z,2026-06-03T16:13:00Z
Y-704366,C-0044366,SLAB-504366,AREA-11,B6,7,2026-05-16T12:12:00Z,2026-05-31T11:12:00Z
Y-704367,C-0044367,SLAB-504367,AREA-12,B7,8,2026-05-15T07:11:00Z,2026-05-22T06:11:00Z
Y-704368,C-0044368,SLAB-504368,AREA-13,B8,9,2026-05-15T06:24:00Z,2026-05-22T05:24:00Z
Y-704369,C-0044369,SLAB-504369,AREA-01,B9,10,2026-05-16T23:19:00Z,2026-05-24T22:19:00Z
Y-704370,C-0044370,SLAB-504370,AREA-02,B1,11,2026-05-16T19:21:00Z,2026-05-18T18:21:00Z
Y-704371,C-0044371,SLAB-504371,AREA-03,B2,12,2026-05-15T20:23:00Z,2026-06-03T19:23:00Z
Y-704372,C-0044372,SLAB-504372,AREA-04,B3,13,2026-05-16T09:21:00Z,2026-06-04T08:21:00Z
Y-704373,C-0044373,SLAB-504373,AREA-05,B4,14,2026-05-16T03:18:00Z,2026-06-04T02:18:00Z
Y-704374,C-0044374,SLAB-504374,AREA-06,B5,15,2026-05-16T17:24:00Z,2026-06-02T16:24:00Z
Y-704375,C-0044375,SLAB-504375,AREA-07,B6,16,2026-05-16T18:25:00Z,2026-06-02T17:25:00Z
Y-704376,C-0044376,SLAB-504376,AREA-08,B7,17,2026-05-17T08:21:00Z,2026-05-30T07:21:00Z
Y-704377,C-0044377,SLAB-504377,AREA-09,B8,18,2026-05-16T03:17:00Z,2026-05-28T02:17:00Z
Y-704378,C-0044378,SLAB-504378,AREA-10,B9,19,2026-05-16T23:50:00Z,2026-05-24T22:50:00Z
Y-704379,C-0044379,SLAB-504379,AREA-11,B1,20,2026-05-15T21:44:00Z,2026-05-19T20:44:00Z
Y-704380,C-0044380,SLAB-504380,AREA-12,B2,21,2026-05-17T04:47:00Z,2026-05-26T03:47:00Z
Y-704381,C-0044381,SLAB-504381,AREA-13,B3,22,2026-05-17T07:46:00Z,2026-05-29T06:46:00Z
Y-704382,C-0044382,SLAB-504382,AREA-01,B4,23,2026-05-15T23:44:00Z,2026-05-20T22:44:00Z
Y-704383,C-0044383,SLAB-504383,AREA-02,B5,24,2026-05-16T23:48:00Z,2026-06-01T22:48:00Z
Y-704384,C-0044384,SLAB-504384,AREA-03,B6,25,2026-05-15T22:43:00Z,2026-05-29T21:43:00Z
Y-704385,C-0044385,SLAB-504385,AREA-04,B7,26,2026-05-16T09:43:00Z,2026-05-28T08:43:00Z
Y-704386,C-0044386,SLAB-504386,AREA-05,B8,27,2026-05-17T15:42:00Z,2026-06-06T14:42:00Z
Y-704387,C-0044387,SLAB-504387,AREA-06,B9,28,2026-05-17T03:50:00Z,2026-05-24T02:50:00Z
Y-704388,C-0044388,SLAB-504388,AREA-07,B1,29,2026-05-16T07:45:00Z,2026-06-05T06:45:00Z
Y-704389,C-0044389,SLAB-504389,AREA-08,B2,30,2026-05-17T01:20:00Z,2026-06-01T00:20:00Z
Y-704390,C-0044390,SLAB-504390,AREA-09,B3,31,2026-05-16T06:14:00Z,2026-05-29T05:14:00Z
Y-704391,C-0044391,SLAB-504391,AREA-10,B4,32,2026-05-17T21:18:00Z,2026-05-26T20:18:00Z
Y-704392,C-0044392,SLAB-504392,AREA-11,B5,33,2026-05-16T07:15:00Z,2026-05-24T06:15:00Z
Y-704393,C-0044393,SLAB-504393,AREA-12,B6,34,2026-05-17T18:20:00Z,2026-05-31T17:20:00Z
Y-704394,C-0044394,SLAB-504394,AREA-13,B7,35,2026-05-15T22:24:00Z,2026-05-24T21:24:00Z
Y-704395,C-0044395,SLAB-504395,AREA-01,B8,36,2026-05-16T05:13:00Z,2026-05-23T04:13:00Z
Y-704396,C-0044396,SLAB-504396,AREA-02,B9,37,2026-05-16T10:26:00Z,2026-06-04T09:26:00Z
Y-704397,C-0044397,SLAB-504397,AREA-03,B1,38,2026-05-17T04:25:00Z,2026-06-06T03:25:00Z
Y-704398,C-0044398,SLAB-504398,AREA-04,B2,39,2026-05-17T23:34:00Z,2026-05-26T22:34:00Z
Y-704399,C-0044399,SLAB-504399,AREA-05,B3,40,2026-05-16T18:37:00Z,2026-05-30T17:37:00Z
Y-704400,C-0044400,SLAB-504400,AREA-06,B4,1,2026-05-16T18:36:00Z,2026-05-29T17:36:00Z
Y-704401,C-0044401,SLAB-504401,AREA-07,B5,2,2026-05-17T03:30:00Z,2026-06-05T02:30:00Z
Y-704402,C-0044402,SLAB-504402,AREA-08,B6,3,2026-05-16T19:31:00Z,2026-05-26T18:31:00Z
Y-704403,C-0044403,SLAB-504403,AREA-09,B7,4,2026-05-16T23:28:00Z,2026-05-26T22:28:00Z
Y-704404,C-0044404,SLAB-504404,AREA-10,B8,5,2026-05-16T05:01:00Z,2026-06-05T04:01:00Z
Y-704405,C-0044405,SLAB-504405,AREA-11,B9,6,2026-05-15T21:57:00Z,2026-05-20T20:57:00Z
Y-704406,C-0044406,SLAB-504406,AREA-12,B1,7,2026-05-17T11:02:00Z,2026-06-01T10:02:00Z
Y-704407,C-0044407,SLAB-504407,AREA-13,B2,8,2026-05-16T22:03:00Z,2026-05-28T21:03:00Z
Y-704408,C-0044408,SLAB-504408,AREA-01,B3,9,2026-05-16T19:05:00Z,2026-06-03T18:05:00Z
Y-704409,C-0044409,SLAB-504409,AREA-02,B4,10,2026-05-16T10:54:00Z,2026-05-25T09:54:00Z
Y-704410,C-0044410,SLAB-504410,AREA-03,B5,11,2026-05-15T21:03:00Z,2026-05-29T20:03:00Z
Y-704411,C-0044411,SLAB-504411,AREA-04,B6,12,2026-05-15T10:58:00Z,2026-05-26T09:58:00Z
Y-704412,C-0044412,SLAB-504412,AREA-05,B7,13,2026-05-16T05:59:00Z,2026-05-30T04:59:00Z
Y-704413,C-0044413,SLAB-504413,AREA-06,B8,14,2026-05-15T21:01:00Z,2026-06-03T20:01:00Z
Y-704414,C-0044414,SLAB-504414,AREA-07,B9,15,2026-05-16T05:29:00Z,2026-05-26T04:29:00Z
Y-704415,C-0044415,SLAB-504415,AREA-08,B1,16,2026-05-16T13:32:00Z,2026-05-28T12:32:00Z
Y-704416,C-0044416,SLAB-504416,AREA-09,B2,17,2026-05-15T22:30:00Z,2026-05-28T21:30:00Z
Y-704417,C-0044417,SLAB-504417,AREA-10,B3,18,2026-05-17T05:28:00Z,2026-06-03T04:28:00Z
Y-704418,C-0044418,SLAB-504418,AREA-11,B4,19,2026-05-17T00:30:00Z,2026-05-25T23:30:00Z
Y-704419,C-0044419,SLAB-504419,AREA-12,B5,20,2026-05-15T19:28:00Z,2026-05-22T18:28:00Z
Y-704420,C-0044420,SLAB-504420,AREA-13,B6,21,2026-05-17T12:30:00Z,2026-06-05T11:30:00Z
Y-704421,C-0044421,SLAB-504421,AREA-01,B7,22,2026-05-16T11:30:00Z,2026-06-01T10:30:00Z
Y-704422,C-0044422,SLAB-504422,AREA-02,B8,23,2026-05-17T18:27:00Z,2026-06-01T17:27:00Z
Y-704423,C-0044423,SLAB-504423,AREA-03,B9,24,2026-05-16T13:30:00Z,2026-05-22T12:30:00Z
Y-704424,C-0044424,SLAB-504424,AREA-04,B1,25,2026-05-17T10:36:00Z,2026-06-05T09:36:00Z
Y-704425,C-0044425,SLAB-504425,AREA-05,B2,26,2026-05-16T13:32:00Z,2026-06-01T12:32:00Z
Y-704426,C-0044426,SLAB-504426,AREA-06,B3,27,2026-05-18T00:31:00Z,2026-05-30T23:31:00Z
Y-704427,C-0044427,SLAB-504427,AREA-07,B4,28,2026-05-15T11:38:00Z,2026-06-04T10:38:00Z
Y-704428,C-0044428,SLAB-504428,AREA-08,B5,29,2026-05-17T08:39:00Z,2026-06-03T07:39:00Z
Y-704429,C-0044429,SLAB-504429,AREA-09,B6,30,2026-05-17T14:38:00Z,2026-05-28T13:38:00Z
Y-704430,C-0044430,SLAB-504430,AREA-10,B7,31,2026-05-16T10:50:00Z,2026-05-26T09:50:00Z
Y-704431,C-0044431,SLAB-504431,AREA-11,B8,32,2026-05-16T14:52:00Z,2026-05-23T13:52:00Z
Y-704432,C-0044432,SLAB-504432,AREA-12,B9,33,2026-05-16T11:56:00Z,2026-06-05T10:56:00Z
Y-704433,C-0044433,SLAB-504433,AREA-13,B1,34,2026-05-16T04:50:00Z,2026-05-20T03:50:00Z
Y-704434,C-0044434,SLAB-504434,AREA-01,B2,35,2026-05-16T07:50:00Z,2026-05-31T06:50:00Z
Y-704435,C-0044435,SLAB-504435,AREA-02,B3,36,2026-05-16T18:55:00Z,2026-05-18T17:55:00Z
Y-704436,C-0044436,SLAB-504436,AREA-03,B4,37,2026-05-16T04:53:00Z,2026-05-31T03:53:00Z
Y-704437,C-0044437,SLAB-504437,AREA-04,B5,38,2026-05-17T03:39:00Z,2026-06-06T02:39:00Z
Y-704438,C-0044438,SLAB-504438,AREA-05,B6,39,2026-05-17T08:40:00Z,2026-05-23T07:40:00Z
Y-704439,C-0044439,SLAB-504439,AREA-06,B7,40,2026-05-16T07:41:00Z,2026-05-30T06:41:00Z
Y-704440,C-0044440,SLAB-504440,AREA-07,B8,1,2026-05-16T13:43:00Z,2026-05-30T12:43:00Z
Y-704441,C-0044441,SLAB-504441,AREA-08,B9,2,2026-05-17T00:39:00Z,2026-05-21T23:39:00Z
Y-704442,C-0044442,SLAB-504442,AREA-09,B1,3,2026-05-17T12:42:00Z,2026-05-19T11:42:00Z
Y-704443,C-0044443,SLAB-504443,AREA-10,B2,4,2026-05-17T01:41:00Z,2026-06-05T00:41:00Z
Y-704444,C-0044444,SLAB-504444,AREA-11,B3,5,2026-05-17T15:34:00Z,2026-05-30T14:34:00Z
Y-704445,C-0044445,SLAB-504445,AREA-12,B4,6,2026-05-16T20:43:00Z,2026-05-23T19:43:00Z
Y-704446,C-0044446,SLAB-504446,AREA-13,B5,7,2026-05-17T20:41:00Z,2026-05-28T19:41:00Z
Y-704447,C-0044447,SLAB-504447,AREA-01,B6,8,2026-05-16T03:37:00Z,2026-05-29T02:37:00Z
Y-704448,C-0044448,SLAB-504448,AREA-02,B7,9,2026-05-15T21:15:00Z,2026-05-17T20:15:00Z
Y-704449,C-0044449,SLAB-504449,AREA-03,B8,10,2026-05-16T02:16:00Z,2026-06-01T01:16:00Z
Y-704450,C-0044450,SLAB-504450,AREA-04,B9,11,2026-05-16T15:17:00Z,2026-05-31T14:17:00Z
Y-704451,C-0044451,SLAB-504451,AREA-05,B1,12,2026-05-16T06:21:00Z,2026-05-26T05:21:00Z
Y-704452,C-0044452,SLAB-504452,AREA-06,B2,13,2026-05-15T21:13:00Z,2026-05-22T20:13:00Z
Y-704453,C-0044453,SLAB-504453,AREA-07,B3,14,2026-05-16T17:19:00Z,2026-05-31T16:19:00Z
Y-704454,C-0044454,SLAB-504454,AREA-08,B4,15,2026-05-16T01:10:00Z,2026-06-02T00:10:00Z
Y-704455,C-0044455,SLAB-504455,AREA-09,B5,16,2026-05-17T04:01:00Z,2026-05-26T03:01:00Z
Y-704456,C-0044456,SLAB-504456,AREA-10,B6,17,2026-05-17T14:51:00Z,2026-05-28T13:51:00Z
Y-704457,C-0044457,SLAB-504457,AREA-11,B7,18,2026-05-16T05:52:00Z,2026-05-24T04:52:00Z
Y-704458,C-0044458,SLAB-504458,AREA-12,B8,19,2026-05-16T00:57:00Z,2026-05-30T23:57:00Z
Y-704459,C-0044459,SLAB-504459,AREA-13,B9,20,2026-05-16T11:57:00Z,2026-05-19T10:57:00Z
Y-704460,C-0044460,SLAB-504460,AREA-01,B1,21,2026-05-17T05:57:00Z,2026-05-28T04:57:00Z
Y-704461,C-0044461,SLAB-504461,AREA-02,B2,22,2026-05-16T09:58:00Z,2026-05-18T08:58:00Z
Y-704462,C-0044462,SLAB-504462,AREA-03,B3,23,2026-05-16T02:57:00Z,2026-05-29T01:57:00Z
Y-704463,C-0044463,SLAB-504463,AREA-04,B4,24,2026-05-17T06:56:00Z,2026-05-19T05:56:00Z
Y-704464,C-0044464,SLAB-504464,AREA-05,B5,25,2026-05-16T13:58:00Z,2026-06-05T12:58:00Z
Y-704465,C-0044465,SLAB-504465,AREA-06,B6,26,2026-05-15T11:56:00Z,2026-05-20T10:56:00Z
Y-704466,C-0044466,SLAB-504466,AREA-07,B7,27,2026-05-17T03:55:00Z,2026-06-03T02:55:00Z
Y-704467,C-0044467,SLAB-504467,AREA-08,B8,28,2026-05-16T09:00:00Z,2026-05-20T08:00:00Z
Y-704468,C-0044468,SLAB-504468,AREA-09,B9,29,2026-05-15T23:51:00Z,2026-05-29T22:51:00Z
Y-704469,C-0044469,SLAB-504469,AREA-10,B1,30,2026-05-17T03:59:00Z,2026-05-23T02:59:00Z
Y-704470,C-0044470,SLAB-504470,AREA-11,B2,31,2026-05-18T02:01:00Z,2026-05-28T01:01:00Z
Y-704471,C-0044471,SLAB-504471,AREA-12,B3,32,2026-05-17T01:55:00Z,2026-06-05T00:55:00Z
Y-704472,C-0044472,SLAB-504472,AREA-13,B4,33,2026-05-16T14:59:00Z,2026-05-19T13:59:00Z
Y-704473,C-0044473,SLAB-504473,AREA-01,B5,34,2026-05-17T11:54:00Z,2026-05-19T10:54:00Z
Y-704474,C-0044474,SLAB-504474,AREA-02,B6,35,2026-05-16T23:02:00Z,2026-06-04T22:02:00Z
Y-704475,C-0044475,SLAB-504475,AREA-03,B7,36,2026-05-15T12:53:00Z,2026-05-18T11:53:00Z
Y-704476,C-0044476,SLAB-504476,AREA-04,B8,37,2026-05-17T03:25:00Z,2026-05-27T02:25:00Z
Y-704477,C-0044477,SLAB-504477,AREA-05,B9,38,2026-05-17T13:24:00Z,2026-05-26T12:24:00Z
Y-704478,C-0044478,SLAB-504478,AREA-06,B1,39,2026-05-17T03:24:00Z,2026-06-06T02:24:00Z
Y-704479,C-0044479,SLAB-504479,AREA-07,B2,40,2026-05-16T20:27:00Z,2026-06-04T19:27:00Z
Y-704480,C-0044480,SLAB-504480,AREA-08,B3,1,2026-05-17T22:23:00Z,2026-06-02T21:23:00Z
Y-704481,C-0044481,SLAB-504481,AREA-09,B4,2,2026-05-16T04:29:00Z,2026-05-26T03:29:00Z
Y-704482,C-0044482,SLAB-504482,AREA-10,B5,3,2026-05-17T02:18:00Z,2026-05-19T01:18:00Z
Y-704483,C-0044483,SLAB-504483,AREA-11,B6,4,2026-05-16T14:20:00Z,2026-06-02T13:20:00Z
Y-704484,C-0044484,SLAB-504484,AREA-12,B7,5,2026-05-17T18:51:00Z,2026-05-23T17:51:00Z
Y-704485,C-0044485,SLAB-504485,AREA-13,B8,6,2026-05-18T06:48:00Z,2026-05-28T05:48:00Z
Y-704486,C-0044486,SLAB-504486,AREA-01,B9,7,2026-05-16T09:53:00Z,2026-05-27T08:53:00Z
Y-704487,C-0044487,SLAB-504487,AREA-02,B1,8,2026-05-16T04:48:00Z,2026-05-21T03:48:00Z
Y-704488,C-0044488,SLAB-504488,AREA-03,B2,9,2026-05-17T03:52:00Z,2026-05-26T02:52:00Z
Y-704489,C-0044489,SLAB-504489,AREA-04,B3,10,2026-05-15T16:44:00Z,2026-05-30T15:44:00Z
Y-704490,C-0044490,SLAB-504490,AREA-05,B4,11,2026-05-16T05:50:00Z,2026-05-25T04:50:00Z
Y-704491,C-0044491,SLAB-504491,AREA-06,B5,12,2026-05-16T03:53:00Z,2026-05-23T02:53:00Z
Y-704492,C-0044492,SLAB-504492,AREA-07,B6,13,2026-05-16T20:28:00Z,2026-06-04T19:28:00Z
Y-704493,C-0044493,SLAB-504493,AREA-08,B7,14,2026-05-17T08:30:00Z,2026-05-29T07:30:00Z
Y-704494,C-0044494,SLAB-504494,AREA-09,B8,15,2026-05-16T19:31:00Z,2026-05-23T18:31:00Z
Y-704495,C-0044495,SLAB-504495,AREA-10,B9,16,2026-05-15T22:31:00Z,2026-05-28T21:31:00Z
Y-704496,C-0044496,SLAB-504496,AREA-11,B1,17,2026-05-16T14:25:00Z,2026-05-20T13:25:00Z
Y-704497,C-0044497,SLAB-504497,AREA-12,B2,18,2026-05-16T15:27:00Z,2026-05-23T14:27:00Z
Y-704498,C-0044498,SLAB-504498,AREA-13,B3,19,2026-05-16T14:36:00Z,2026-05-26T13:36:00Z
Y-704499,C-0044499,SLAB-504499,AREA-01,B4,20,2026-05-17T02:36:00Z,2026-06-04T01:36:00Z
Y-704500,C-0044500,SLAB-504500,AREA-02,B5,21,2026-05-16T03:37:00Z,2026-05-29T02:37:00Z
Y-704501,C-0044501,SLAB-504501,AREA-03,B6,22,2026-05-17T04:36:00Z,2026-05-26T03:36:00Z
Y-704502,C-0044502,SLAB-504502,AREA-04,B7,23,2026-05-17T05:30:00Z,2026-05-19T04:30:00Z
Y-704503,C-0044503,SLAB-504503,AREA-05,B8,24,2026-05-17T14:26:00Z,2026-05-23T13:26:00Z
Y-704504,C-0044504,SLAB-504504,AREA-06,B9,25,2026-05-17T08:33:00Z,2026-05-21T07:33:00Z
Y-704505,C-0044505,SLAB-504505,AREA-07,B1,26,2026-05-17T01:23:00Z,2026-05-28T00:23:00Z
Y-704506,C-0044506,SLAB-504506,AREA-08,B2,27,2026-05-16T21:32:00Z,2026-05-30T20:32:00Z
Y-704507,C-0044507,SLAB-504507,AREA-09,B3,28,2026-05-17T21:13:00Z,2026-05-19T20:13:00Z
Y-704508,C-0044508,SLAB-504508,AREA-10,B4,29,2026-05-16T06:05:00Z,2026-05-28T05:05:00Z
Y-704509,C-0044509,SLAB-504509,AREA-11,B5,30,2026-05-17T21:11:00Z,2026-05-27T20:11:00Z
Y-704510,C-0044510,SLAB-504510,AREA-12,B6,31,2026-05-17T08:09:00Z,2026-05-20T07:09:00Z
Y-704511,C-0044511,SLAB-504511,AREA-13,B7,32,2026-05-17T05:09:00Z,2026-05-28T04:09:00Z
Y-704512,C-0044512,SLAB-504512,AREA-01,B8,33,2026-05-17T07:02:00Z,2026-05-19T06:02:00Z
Y-704513,C-0044513,SLAB-504513,AREA-02,B9,34,2026-05-17T04:06:00Z,2026-05-31T03:06:00Z
Y-704514,C-0044514,SLAB-504514,AREA-03,B1,35,2026-05-16T12:04:00Z,2026-05-30T11:04:00Z
Y-704515,C-0044515,SLAB-504515,AREA-04,B2,36,2026-05-17T04:08:00Z,2026-05-20T03:08:00Z
Y-704516,C-0044516,SLAB-504516,AREA-05,B3,37,2026-05-17T15:07:00Z,2026-06-02T14:07:00Z
Y-704517,C-0044517,SLAB-504517,AREA-06,B4,38,2026-05-16T18:01:00Z,2026-06-05T17:01:00Z
Y-704518,C-0044518,SLAB-504518,AREA-07,B5,39,2026-05-17T03:00:00Z,2026-05-26T02:00:00Z
Y-704519,C-0044519,SLAB-504519,AREA-08,B6,40,2026-05-16T09:59:00Z,2026-05-20T08:59:00Z
Y-704520,C-0044520,SLAB-504520,AREA-09,B7,1,2026-05-16T00:55:00Z,2026-05-28T23:55:00Z
Y-704521,C-0044521,SLAB-504521,AREA-10,B8,2,2026-05-17T04:56:00Z,2026-05-20T03:56:00Z
Y-704522,C-0044522,SLAB-504522,AREA-11,B9,3,2026-05-16T08:00:00Z,2026-05-24T07:00:00Z
Y-704523,C-0044523,SLAB-504523,AREA-12,B1,4,2026-05-15T22:50:00Z,2026-06-04T21:50:00Z
Y-704524,C-0044524,SLAB-504524,AREA-13,B2,5,2026-05-16T17:00:00Z,2026-05-23T16:00:00Z
Y-704525,C-0044525,SLAB-504525,AREA-01,B3,6,2026-05-16T05:50:00Z,2026-05-29T04:50:00Z
Y-704526,C-0044526,SLAB-504526,AREA-02,B4,7,2026-05-17T02:36:00Z,2026-05-20T01:36:00Z
Y-704527,C-0044527,SLAB-504527,AREA-03,B5,8,2026-05-16T23:34:00Z,2026-06-05T22:34:00Z
Y-704528,C-0044528,SLAB-504528,AREA-04,B6,9,2026-05-17T14:41:00Z,2026-05-27T13:41:00Z
Y-704529,C-0044529,SLAB-504529,AREA-05,B7,10,2026-05-17T11:36:00Z,2026-05-25T10:36:00Z
Y-704530,C-0044530,SLAB-504530,AREA-06,B8,11,2026-05-16T11:34:00Z,2026-05-26T10:34:00Z
Y-704531,C-0044531,SLAB-504531,AREA-07,B9,12,2026-05-16T17:37:00Z,2026-06-02T16:37:00Z
Y-704532,C-0044532,SLAB-504532,AREA-08,B1,13,2026-05-16T17:37:00Z,2026-06-05T16:37:00Z
Y-704533,C-0044533,SLAB-504533,AREA-09,B2,14,2026-05-17T03:41:00Z,2026-05-31T02:41:00Z
Y-704534,C-0044534,SLAB-504534,AREA-10,B3,15,2026-05-16T17:35:00Z,2026-06-02T16:35:00Z
Y-704535,C-0044535,SLAB-504535,AREA-11,B4,16,2026-05-15T21:40:00Z,2026-06-02T20:40:00Z
Y-704536,C-0044536,SLAB-504536,AREA-12,B5,17,2026-05-16T06:40:00Z,2026-05-28T05:40:00Z
Y-704537,C-0044537,SLAB-504537,AREA-13,B6,18,2026-05-15T23:25:00Z,2026-05-17T22:25:00Z
Y-704538,C-0044538,SLAB-504538,AREA-01,B7,19,2026-05-15T14:16:00Z,2026-05-24T13:16:00Z
Y-704539,C-0044539,SLAB-504539,AREA-02,B8,20,2026-05-16T17:14:00Z,2026-06-02T16:14:00Z
Y-704540,C-0044540,SLAB-504540,AREA-03,B9,21,2026-05-17T05:14:00Z,2026-05-30T04:14:00Z
Y-704541,C-0044541,SLAB-504541,AREA-04,B1,22,2026-05-16T03:20:00Z,2026-05-24T02:20:00Z
Y-704542,C-0044542,SLAB-504542,AREA-05,B2,23,2026-05-16T21:18:00Z,2026-06-03T20:18:00Z
Y-704543,C-0044543,SLAB-504543,AREA-06,B3,24,2026-05-18T00:23:00Z,2026-06-04T23:23:00Z
Y-704544,C-0044544,SLAB-504544,AREA-07,B4,25,2026-05-17T19:33:00Z,2026-05-21T18:33:00Z
Y-704545,C-0044545,SLAB-504545,AREA-08,B5,26,2026-05-16T08:36:00Z,2026-06-03T07:36:00Z
Y-704546,C-0044546,SLAB-504546,AREA-09,B6,27,2026-05-17T22:40:00Z,2026-05-20T21:40:00Z
Y-704547,C-0044547,SLAB-504547,AREA-10,B7,28,2026-05-16T08:41:00Z,2026-06-01T07:41:00Z
Y-704548,C-0044548,SLAB-504548,AREA-11,B8,29,2026-05-17T14:35:00Z,2026-05-24T13:35:00Z
Y-704549,C-0044549,SLAB-504549,AREA-12,B9,30,2026-05-16T06:36:00Z,2026-06-05T05:36:00Z
Y-704550,C-0044550,SLAB-504550,AREA-13,B1,31,2026-05-18T08:35:00Z,2026-05-20T07:35:00Z
Y-704551,C-0044551,SLAB-504551,AREA-01,B2,32,2026-05-17T10:48:00Z,2026-05-27T09:48:00Z
Y-704552,C-0044552,SLAB-504552,AREA-02,B3,33,2026-05-17T03:42:00Z,2026-05-25T02:42:00Z
Y-704553,C-0044553,SLAB-504553,AREA-03,B4,34,2026-05-16T13:48:00Z,2026-06-05T12:48:00Z
Y-704554,C-0044554,SLAB-504554,AREA-04,B5,35,2026-05-16T21:46:00Z,2026-05-18T20:46:00Z
Y-704555,C-0044555,SLAB-504555,AREA-05,B6,36,2026-05-16T10:47:00Z,2026-05-29T09:47:00Z
Y-704556,C-0044556,SLAB-504556,AREA-06,B7,37,2026-05-17T09:42:00Z,2026-05-23T08:42:00Z
Y-704557,C-0044557,SLAB-504557,AREA-07,B8,38,2026-05-17T20:40:00Z,2026-06-06T19:40:00Z
Y-704558,C-0044558,SLAB-504558,AREA-08,B9,39,2026-05-18T00:45:00Z,2026-05-22T23:45:00Z
Y-704559,C-0044559,SLAB-504559,AREA-09,B1,40,2026-05-16T19:49:00Z,2026-05-18T18:49:00Z
Y-704560,C-0044560,SLAB-504560,AREA-10,B2,1,2026-05-17T06:43:00Z,2026-06-04T05:43:00Z
Y-704561,C-0044561,SLAB-504561,AREA-11,B3,2,2026-05-17T03:24:00Z,2026-05-21T02:24:00Z
Y-704562,C-0044562,SLAB-504562,AREA-12,B4,3,2026-05-16T17:20:00Z,2026-05-18T16:20:00Z
Y-704563,C-0044563,SLAB-504563,AREA-13,B5,4,2026-05-17T14:16:00Z,2026-05-21T13:16:00Z
Y-704564,C-0044564,SLAB-504564,AREA-01,B6,5,2026-05-16T13:26:00Z,2026-05-25T12:26:00Z
Y-704565,C-0044565,SLAB-504565,AREA-02,B7,6,2026-05-17T02:23:00Z,2026-05-24T01:23:00Z
Y-704566,C-0044566,SLAB-504566,AREA-03,B8,7,2026-05-17T02:20:00Z,2026-06-05T01:20:00Z
Y-704567,C-0044567,SLAB-504567,AREA-04,B9,8,2026-05-17T01:16:00Z,2026-06-02T00:16:00Z
Y-704568,C-0044568,SLAB-504568,AREA-05,B1,9,2026-05-17T23:19:00Z,2026-05-26T22:19:00Z
Y-704569,C-0044569,SLAB-504569,AREA-06,B2,10,2026-05-16T09:43:00Z,2026-05-26T08:43:00Z
Y-704570,C-0044570,SLAB-504570,AREA-07,B3,11,2026-05-16T21:52:00Z,2026-05-30T20:52:00Z
Y-704571,C-0044571,SLAB-504571,AREA-08,B4,12,2026-05-17T06:45:00Z,2026-06-01T05:45:00Z
Y-704572,C-0044572,SLAB-504572,AREA-09,B5,13,2026-05-18T00:42:00Z,2026-05-26T23:42:00Z
Y-704573,C-0044573,SLAB-504573,AREA-10,B6,14,2026-05-16T22:43:00Z,2026-05-29T21:43:00Z
Y-704574,C-0044574,SLAB-504574,AREA-11,B7,15,2026-05-17T17:48:00Z,2026-05-30T16:48:00Z
Y-704575,C-0044575,SLAB-504575,AREA-12,B8,16,2026-05-17T13:49:00Z,2026-05-23T12:49:00Z
Y-704576,C-0044576,SLAB-504576,AREA-13,B9,17,2026-05-16T19:43:00Z,2026-05-26T18:43:00Z
Y-704577,C-0044577,SLAB-504577,AREA-01,B1,18,2026-05-17T19:39:00Z,2026-05-26T18:39:00Z
Y-704578,C-0044578,SLAB-504578,AREA-02,B2,19,2026-05-17T06:41:00Z,2026-05-21T05:41:00Z
Y-704579,C-0044579,SLAB-504579,AREA-03,B3,20,2026-05-17T09:46:00Z,2026-05-28T08:46:00Z
Y-704580,C-0044580,SLAB-504580,AREA-04,B4,21,2026-05-16T20:48:00Z,2026-05-23T19:48:00Z
Y-704581,C-0044581,SLAB-504581,AREA-05,B5,22,2026-05-17T03:54:00Z,2026-05-20T02:54:00Z
Y-704582,C-0044582,SLAB-504582,AREA-06,B6,23,2026-05-16T03:48:00Z,2026-05-21T02:48:00Z
Y-704583,C-0044583,SLAB-504583,AREA-07,B7,24,2026-05-16T12:53:00Z,2026-05-28T11:53:00Z
Y-704584,C-0044584,SLAB-504584,AREA-08,B8,25,2026-05-17T14:51:00Z,2026-05-31T13:51:00Z
Y-704585,C-0044585,SLAB-504585,AREA-09,B9,26,2026-05-17T09:48:00Z,2026-05-27T08:48:00Z
Y-704586,C-0044586,SLAB-504586,AREA-10,B1,27,2026-05-16T22:09:00Z,2026-06-04T21:09:00Z
Y-704587,C-0044587,SLAB-504587,AREA-11,B2,28,2026-05-16T23:11:00Z,2026-05-26T22:11:00Z
Y-704588,C-0044588,SLAB-504588,AREA-12,B3,29,2026-05-17T07:08:00Z,2026-05-23T06:08:00Z
Y-704589,C-0044589,SLAB-504589,AREA-13,B4,30,2026-05-17T11:04:00Z,2026-05-25T10:04:00Z
Y-704590,C-0044590,SLAB-504590,AREA-01,B5,31,2026-05-17T09:03:00Z,2026-06-03T08:03:00Z
Y-704591,C-0044591,SLAB-504591,AREA-02,B6,32,2026-05-17T14:00:00Z,2026-05-21T13:00:00Z
Y-704592,C-0044592,SLAB-504592,AREA-03,B7,33,2026-05-18T06:07:00Z,2026-05-31T05:07:00Z
Y-704593,C-0044593,SLAB-504593,AREA-04,B8,34,2026-05-17T06:00:00Z,2026-06-02T05:00:00Z
Y-704594,C-0044594,SLAB-504594,AREA-05,B9,35,2026-05-17T17:09:00Z,2026-06-01T16:09:00Z
Y-704595,C-0044595,SLAB-504595,AREA-06,B1,36,2026-05-17T23:56:00Z,2026-05-21T22:56:00Z
Y-704596,C-0044596,SLAB-504596,AREA-07,B2,37,2026-05-17T03:54:00Z,2026-05-31T02:54:00Z
Y-704597,C-0044597,SLAB-504597,AREA-08,B3,38,2026-05-17T18:53:00Z,2026-06-03T17:53:00Z
Y-704598,C-0044598,SLAB-504598,AREA-09,B4,39,2026-05-16T11:56:00Z,2026-05-22T10:56:00Z
Y-704599,C-0044599,SLAB-504599,AREA-10,B5,40,2026-05-17T07:57:00Z,2026-05-28T06:57:00Z
Y-704600,C-0044600,SLAB-504600,AREA-11,B6,1,2026-05-16T21:53:00Z,2026-05-24T20:53:00Z
Y-704601,C-0044601,SLAB-504601,AREA-12,B7,2,2026-05-18T14:54:00Z,2026-05-22T13:54:00Z
Y-704602,C-0044602,SLAB-504602,AREA-13,B8,3,2026-05-16T14:00:00Z,2026-05-23T13:00:00Z
Y-704603,C-0044603,SLAB-504603,AREA-01,B9,4,2026-05-17T04:51:00Z,2026-06-04T03:51:00Z
Y-704604,C-0044604,SLAB-504604,AREA-02,B1,5,2026-05-18T01:01:00Z,2026-05-20T00:01:00Z
Y-704605,C-0044605,SLAB-504605,AREA-03,B2,6,2026-05-17T01:55:00Z,2026-05-23T00:55:00Z
Y-704606,C-0044606,SLAB-504606,AREA-04,B3,7,2026-05-17T02:52:00Z,2026-05-26T01:52:00Z
Y-704607,C-0044607,SLAB-504607,AREA-05,B4,8,2026-05-16T19:53:00Z,2026-05-23T18:53:00Z
Y-704608,C-0044608,SLAB-504608,AREA-06,B5,9,2026-05-16T11:52:00Z,2026-05-24T10:52:00Z
Y-704609,C-0044609,SLAB-504609,AREA-07,B6,10,2026-05-16T09:51:00Z,2026-05-29T08:51:00Z
Y-704610,C-0044610,SLAB-504610,AREA-08,B7,11,2026-05-17T13:54:00Z,2026-06-05T12:54:00Z
Y-704611,C-0044611,SLAB-504611,AREA-09,B8,12,2026-05-16T06:52:00Z,2026-05-26T05:52:00Z
Y-704612,C-0044612,SLAB-504612,AREA-10,B9,13,2026-05-17T14:45:00Z,2026-05-21T13:45:00Z
Y-704613,C-0044613,SLAB-504613,AREA-11,B1,14,2026-05-17T14:46:00Z,2026-05-28T13:46:00Z
Y-704614,C-0044614,SLAB-504614,AREA-12,B2,15,2026-05-17T08:51:00Z,2026-05-28T07:51:00Z
Y-704615,C-0044615,SLAB-504615,AREA-13,B3,16,2026-05-16T13:34:00Z,2026-05-29T12:34:00Z
Y-704616,C-0044616,SLAB-504616,AREA-01,B4,17,2026-05-17T04:40:00Z,2026-05-30T03:40:00Z
Y-704617,C-0044617,SLAB-504617,AREA-02,B5,18,2026-05-16T19:42:00Z,2026-05-18T18:42:00Z
Y-704618,C-0044618,SLAB-504618,AREA-03,B6,19,2026-05-16T16:35:00Z,2026-05-26T15:35:00Z
Y-704619,C-0044619,SLAB-504619,AREA-04,B7,20,2026-05-16T22:38:00Z,2026-05-24T21:38:00Z
Y-704620,C-0044620,SLAB-504620,AREA-05,B8,21,2026-05-16T08:40:00Z,2026-06-04T07:40:00Z
Y-704621,C-0044621,SLAB-504621,AREA-06,B9,22,2026-05-17T10:42:00Z,2026-05-26T09:42:00Z
Y-704622,C-0044622,SLAB-504622,AREA-07,B1,23,2026-05-18T01:42:00Z,2026-05-31T00:42:00Z
Y-704623,C-0044623,SLAB-504623,AREA-08,B2,24,2026-05-17T10:40:00Z,2026-05-30T09:40:00Z
Y-704624,C-0044624,SLAB-504624,AREA-09,B3,25,2026-05-18T05:42:00Z,2026-06-05T04:42:00Z
Y-704625,C-0044625,SLAB-504625,AREA-10,B4,26,2026-05-17T04:03:00Z,2026-06-06T03:03:00Z
Y-704626,C-0044626,SLAB-504626,AREA-11,B5,27,2026-05-17T20:08:00Z,2026-05-29T19:08:00Z
Y-704627,C-0044627,SLAB-504627,AREA-12,B6,28,2026-05-17T23:08:00Z,2026-05-19T22:08:00Z
Y-704628,C-0044628,SLAB-504628,AREA-13,B7,29,2026-05-17T20:01:00Z,2026-06-06T19:01:00Z
Y-704629,C-0044629,SLAB-504629,AREA-01,B8,30,2026-05-17T15:13:00Z,2026-06-02T14:13:00Z
Y-704630,C-0044630,SLAB-504630,AREA-02,B9,31,2026-05-17T05:06:00Z,2026-05-29T04:06:00Z
Y-704631,C-0044631,SLAB-504631,AREA-03,B1,32,2026-05-17T15:02:00Z,2026-05-30T14:02:00Z
Y-704632,C-0044632,SLAB-504632,AREA-04,B2,33,2026-05-18T00:00:00Z,2026-05-21T23:00:00Z
Y-704633,C-0044633,SLAB-504633,AREA-05,B3,34,2026-05-17T20:10:00Z,2026-05-28T19:10:00Z
Y-704634,C-0044634,SLAB-504634,AREA-06,B4,35,2026-05-17T22:10:00Z,2026-06-05T21:10:00Z
Y-704635,C-0044635,SLAB-504635,AREA-07,B5,36,2026-05-16T22:51:00Z,2026-05-27T21:51:00Z
Y-704636,C-0044636,SLAB-504636,AREA-08,B6,37,2026-05-17T12:39:00Z,2026-05-22T11:39:00Z
Y-704637,C-0044637,SLAB-504637,AREA-09,B7,38,2026-05-17T16:51:00Z,2026-06-05T15:51:00Z
Y-704638,C-0044638,SLAB-504638,AREA-10,B8,39,2026-05-17T07:41:00Z,2026-05-31T06:41:00Z
Y-704639,C-0044639,SLAB-504639,AREA-11,B9,40,2026-05-18T10:42:00Z,2026-05-30T09:42:00Z
Y-704640,C-0044640,SLAB-504640,AREA-12,B1,1,2026-05-18T10:51:00Z,2026-05-27T09:51:00Z
Y-704641,C-0044641,SLAB-504641,AREA-13,B2,2,2026-05-16T01:48:00Z,2026-05-20T00:48:00Z
Y-704642,C-0044642,SLAB-504642,AREA-01,B3,3,2026-05-17T17:46:00Z,2026-05-29T16:46:00Z
Y-704643,C-0044643,SLAB-504643,AREA-02,B4,4,2026-05-17T13:13:00Z,2026-06-01T12:13:00Z
Y-704644,C-0044644,SLAB-504644,AREA-03,B5,5,2026-05-16T08:16:00Z,2026-05-28T07:16:00Z
Y-704645,C-0044645,SLAB-504645,AREA-04,B6,6,2026-05-17T00:07:00Z,2026-05-24T23:07:00Z
Y-704646,C-0044646,SLAB-504646,AREA-05,B7,7,2026-05-17T01:12:00Z,2026-05-27T00:12:00Z
Y-704647,C-0044647,SLAB-504647,AREA-06,B8,8,2026-05-16T06:14:00Z,2026-06-04T05:14:00Z
Y-704648,C-0044648,SLAB-504648,AREA-07,B9,9,2026-05-16T22:14:00Z,2026-05-25T21:14:00Z
Y-704649,C-0044649,SLAB-504649,AREA-08,B1,10,2026-05-17T23:17:00Z,2026-05-22T22:17:00Z
Y-704650,C-0044650,SLAB-504650,AREA-09,B2,11,2026-05-15T21:12:00Z,2026-06-04T20:12:00Z
Y-704651,C-0044651,SLAB-504651,AREA-10,B3,12,2026-05-17T08:08:00Z,2026-05-21T07:08:00Z
Y-704652,C-0044652,SLAB-504652,AREA-11,B4,13,2026-05-17T01:10:00Z,2026-05-29T00:10:00Z
Y-704653,C-0044653,SLAB-504653,AREA-12,B5,14,2026-05-16T21:08:00Z,2026-05-29T20:08:00Z
Y-704654,C-0044654,SLAB-504654,AREA-13,B6,15,2026-05-17T01:14:00Z,2026-06-02T00:14:00Z
Y-704655,C-0044655,SLAB-504655,AREA-01,B7,16,2026-05-18T10:04:00Z,2026-05-27T09:04:00Z
Y-704656,C-0044656,SLAB-504656,AREA-02,B8,17,2026-05-17T08:08:00Z,2026-06-04T07:08:00Z
Y-704657,C-0044657,SLAB-504657,AREA-03,B9,18,2026-05-17T13:05:00Z,2026-06-04T12:05:00Z
Y-704658,C-0044658,SLAB-504658,AREA-04,B1,19,2026-05-17T19:10:00Z,2026-05-24T18:10:00Z
Y-704659,C-0044659,SLAB-504659,AREA-05,B2,20,2026-05-17T17:03:00Z,2026-05-28T16:03:00Z
Y-704660,C-0044660,SLAB-504660,AREA-06,B3,21,2026-05-17T10:33:00Z,2026-06-06T09:33:00Z
Y-704661,C-0044661,SLAB-504661,AREA-07,B4,22,2026-05-17T07:32:00Z,2026-05-19T06:32:00Z
Y-704662,C-0044662,SLAB-504662,AREA-08,B5,23,2026-05-17T18:33:00Z,2026-05-19T17:33:00Z
Y-704663,C-0044663,SLAB-504663,AREA-09,B6,24,2026-05-18T14:29:00Z,2026-05-30T13:29:00Z
Y-704664,C-0044664,SLAB-504664,AREA-10,B7,25,2026-05-17T21:37:00Z,2026-06-05T20:37:00Z
Y-704665,C-0044665,SLAB-504665,AREA-11,B8,26,2026-05-16T13:34:00Z,2026-06-01T12:34:00Z
Y-704666,C-0044666,SLAB-504666,AREA-12,B9,27,2026-05-17T18:27:00Z,2026-05-27T17:27:00Z
Y-704667,C-0044667,SLAB-504667,AREA-13,B1,28,2026-05-17T11:31:00Z,2026-05-30T10:31:00Z
Y-704668,C-0044668,SLAB-504668,AREA-01,B2,29,2026-05-16T18:27:00Z,2026-06-04T17:27:00Z
Y-704669,C-0044669,SLAB-504669,AREA-02,B3,30,2026-05-16T18:28:00Z,2026-06-05T17:28:00Z
Y-704670,C-0044670,SLAB-504670,AREA-03,B4,31,2026-05-17T22:24:00Z,2026-05-26T21:24:00Z
Y-704671,C-0044671,SLAB-504671,AREA-04,B5,32,2026-05-17T00:21:00Z,2026-05-30T23:21:00Z
Y-704672,C-0044672,SLAB-504672,AREA-05,B6,33,2026-05-16T22:24:00Z,2026-05-26T21:24:00Z
Y-704673,C-0044673,SLAB-504673,AREA-06,B7,34,2026-05-17T18:21:00Z,2026-06-03T17:21:00Z
Y-704674,C-0044674,SLAB-504674,AREA-07,B8,35,2026-05-17T18:24:00Z,2026-05-21T17:24:00Z
Y-704675,C-0044675,SLAB-504675,AREA-08,B9,36,2026-05-16T22:21:00Z,2026-05-26T21:21:00Z
Y-704676,C-0044676,SLAB-504676,AREA-09,B1,37,2026-05-17T23:24:00Z,2026-06-03T22:24:00Z
Y-704677,C-0044677,SLAB-504677,AREA-10,B2,38,2026-05-17T05:19:00Z,2026-05-28T04:19:00Z
Y-704678,C-0044678,SLAB-504678,AREA-11,B3,39,2026-05-18T02:20:00Z,2026-05-20T01:20:00Z
Y-704679,C-0044679,SLAB-504679,AREA-12,B4,40,2026-05-17T10:19:00Z,2026-05-28T09:19:00Z
Y-704680,C-0044680,SLAB-504680,AREA-13,B5,1,2026-05-18T08:20:00Z,2026-05-23T07:20:00Z
Y-704681,C-0044681,SLAB-504681,AREA-01,B6,2,2026-05-17T03:21:00Z,2026-05-19T02:21:00Z
Y-704682,C-0044682,SLAB-504682,AREA-02,B7,3,2026-05-18T12:13:00Z,2026-05-29T11:13:00Z
Y-704683,C-0044683,SLAB-504683,AREA-03,B8,4,2026-05-17T07:13:00Z,2026-06-05T06:13:00Z
Y-704684,C-0044684,SLAB-504684,AREA-04,B9,5,2026-05-18T02:13:00Z,2026-06-06T01:13:00Z
Y-704685,C-0044685,SLAB-504685,AREA-05,B1,6,2026-05-17T07:42:00Z,2026-06-03T06:42:00Z
Y-704686,C-0044686,SLAB-504686,AREA-06,B2,7,2026-05-17T03:44:00Z,2026-05-19T02:44:00Z
Y-704687,C-0044687,SLAB-504687,AREA-07,B3,8,2026-05-17T05:49:00Z,2026-05-25T04:49:00Z
Y-704688,C-0044688,SLAB-504688,AREA-08,B4,9,2026-05-17T09:43:00Z,2026-05-31T08:43:00Z
Y-704689,C-0044689,SLAB-504689,AREA-09,B5,10,2026-05-16T22:40:00Z,2026-05-22T21:40:00Z
Y-704690,C-0044690,SLAB-504690,AREA-10,B6,11,2026-05-17T21:41:00Z,2026-05-27T20:41:00Z
Y-704691,C-0044691,SLAB-504691,AREA-11,B7,12,2026-05-18T08:46:00Z,2026-06-03T07:46:00Z
Y-704692,C-0044692,SLAB-504692,AREA-12,B8,13,2026-05-17T17:38:00Z,2026-05-24T16:38:00Z
Y-704693,C-0044693,SLAB-504693,AREA-13,B9,14,2026-05-18T05:44:00Z,2026-05-23T04:44:00Z
Y-704694,C-0044694,SLAB-504694,AREA-01,B1,15,2026-05-17T05:42:00Z,2026-06-05T04:42:00Z
Y-704695,C-0044695,SLAB-504695,AREA-02,B2,16,2026-05-17T15:30:00Z,2026-06-01T14:30:00Z
Y-704696,C-0044696,SLAB-504696,AREA-03,B3,17,2026-05-17T05:34:00Z,2026-05-22T04:34:00Z
Y-704697,C-0044697,SLAB-504697,AREA-04,B4,18,2026-05-16T23:34:00Z,2026-05-22T22:34:00Z
Y-704698,C-0044698,SLAB-504698,AREA-05,B5,19,2026-05-16T06:32:00Z,2026-06-01T05:32:00Z
Y-704699,C-0044699,SLAB-504699,AREA-06,B6,20,2026-05-17T08:35:00Z,2026-06-02T07:35:00Z
Y-704700,C-0044700,SLAB-504700,AREA-07,B7,21,2026-05-17T08:34:00Z,2026-05-30T07:34:00Z
Y-704701,C-0044701,SLAB-504701,AREA-08,B8,22,2026-05-18T07:34:00Z,2026-06-02T06:34:00Z
Y-704702,C-0044702,SLAB-504702,AREA-09,B9,23,2026-05-16T07:33:00Z,2026-05-25T06:33:00Z
Y-704703,C-0044703,SLAB-504703,AREA-10,B1,24,2026-05-18T08:34:00Z,2026-05-31T07:34:00Z
Y-704704,C-0044704,SLAB-504704,AREA-11,B2,25,2026-05-17T03:25:00Z,2026-06-02T02:25:00Z
Y-704705,C-0044705,SLAB-504705,AREA-12,B3,26,2026-05-17T09:24:00Z,2026-05-24T08:24:00Z
Y-704706,C-0044706,SLAB-504706,AREA-13,B4,27,2026-05-16T23:24:00Z,2026-05-25T22:24:00Z
Y-704707,C-0044707,SLAB-504707,AREA-01,B5,28,2026-05-17T15:27:00Z,2026-05-19T14:27:00Z
Y-704708,C-0044708,SLAB-504708,AREA-02,B6,29,2026-05-17T13:26:00Z,2026-05-20T12:26:00Z
Y-704709,C-0044709,SLAB-504709,AREA-03,B7,30,2026-05-18T09:22:00Z,2026-05-27T08:22:00Z
Y-704710,C-0044710,SLAB-504710,AREA-04,B8,31,2026-05-18T08:25:00Z,2026-05-20T07:25:00Z
Y-704711,C-0044711,SLAB-504711,AREA-05,B9,32,2026-05-17T00:04:00Z,2026-05-31T23:04:00Z
Y-704712,C-0044712,SLAB-504712,AREA-06,B1,33,2026-05-17T17:57:00Z,2026-06-02T16:57:00Z
Y-704713,C-0044713,SLAB-504713,AREA-07,B2,34,2026-05-18T06:55:00Z,2026-05-24T05:55:00Z
Y-704714,C-0044714,SLAB-504714,AREA-08,B3,35,2026-05-18T05:04:00Z,2026-06-02T04:04:00Z
Y-704715,C-0044715,SLAB-504715,AREA-09,B4,36,2026-05-17T15:02:00Z,2026-06-01T14:02:00Z
Y-704716,C-0044716,SLAB-504716,AREA-10,B5,37,2026-05-18T06:55:00Z,2026-05-24T05:55:00Z
Y-704717,C-0044717,SLAB-504717,AREA-11,B6,38,2026-05-18T08:56:00Z,2026-06-01T07:56:00Z
Y-704718,C-0044718,SLAB-504718,AREA-12,B7,39,2026-05-17T15:10:00Z,2026-05-28T14:10:00Z
Y-704719,C-0044719,SLAB-504719,AREA-13,B8,40,2026-05-18T10:07:00Z,2026-05-29T09:07:00Z
Y-704720,C-0044720,SLAB-504720,AREA-01,B9,1,2026-05-17T18:12:00Z,2026-06-05T17:12:00Z
Y-704721,C-0044721,SLAB-504721,AREA-02,B1,2,2026-05-17T18:11:00Z,2026-06-04T17:11:00Z
Y-704722,C-0044722,SLAB-504722,AREA-03,B2,3,2026-05-17T08:17:00Z,2026-05-20T07:17:00Z
Y-704723,C-0044723,SLAB-504723,AREA-04,B3,4,2026-05-17T18:12:00Z,2026-06-02T17:12:00Z
Y-704724,C-0044724,SLAB-504724,AREA-05,B4,5,2026-05-17T03:12:00Z,2026-05-27T02:12:00Z
Y-704725,C-0044725,SLAB-504725,AREA-06,B5,6,2026-05-18T14:09:00Z,2026-05-20T13:09:00Z
Y-704726,C-0044726,SLAB-504726,AREA-07,B6,7,2026-05-16T16:08:00Z,2026-06-01T15:08:00Z
Y-704727,C-0044727,SLAB-504727,AREA-08,B7,8,2026-05-17T05:10:00Z,2026-05-20T04:10:00Z
Y-704728,C-0044728,SLAB-504728,AREA-09,B8,9,2026-05-18T13:11:00Z,2026-06-07T12:11:00Z
Y-704729,C-0044729,SLAB-504729,AREA-10,B9,10,2026-05-18T01:13:00Z,2026-05-21T00:13:00Z
Y-704730,C-0044730,SLAB-504730,AREA-11,B1,11,2026-05-18T10:08:00Z,2026-06-07T09:08:00Z
Y-704731,C-0044731,SLAB-504731,AREA-12,B2,12,2026-05-18T04:09:00Z,2026-06-02T03:09:00Z
Y-704732,C-0044732,SLAB-504732,AREA-13,B3,13,2026-05-17T08:09:00Z,2026-05-22T07:09:00Z
Y-704733,C-0044733,SLAB-504733,AREA-01,B4,14,2026-05-17T00:07:00Z,2026-05-30T23:07:00Z
Y-704734,C-0044734,SLAB-504734,AREA-02,B5,15,2026-05-17T12:36:00Z,2026-05-23T11:36:00Z
Y-704735,C-0044735,SLAB-504735,AREA-03,B6,16,2026-05-18T11:46:00Z,2026-05-30T10:46:00Z
Y-704736,C-0044736,SLAB-504736,AREA-04,B7,17,2026-05-17T07:40:00Z,2026-05-28T06:40:00Z
Y-704737,C-0044737,SLAB-504737,AREA-05,B8,18,2026-05-18T03:43:00Z,2026-05-31T02:43:00Z
Y-704738,C-0044738,SLAB-504738,AREA-06,B9,19,2026-05-18T01:41:00Z,2026-06-02T00:41:00Z
Y-704739,C-0044739,SLAB-504739,AREA-07,B1,20,2026-05-17T10:34:00Z,2026-05-22T09:34:00Z
Y-704740,C-0044740,SLAB-504740,AREA-08,B2,21,2026-05-18T22:38:00Z,2026-05-28T21:38:00Z
Y-704741,C-0044741,SLAB-504741,AREA-09,B3,22,2026-05-18T02:35:00Z,2026-05-24T01:35:00Z
Y-704742,C-0044742,SLAB-504742,AREA-10,B4,23,2026-05-18T22:41:00Z,2026-05-26T21:41:00Z
Y-704743,C-0044743,SLAB-504743,AREA-11,B5,24,2026-05-18T15:43:00Z,2026-05-29T14:43:00Z
Y-704744,C-0044744,SLAB-504744,AREA-12,B6,25,2026-05-18T20:36:00Z,2026-05-22T19:36:00Z
Y-704745,C-0044745,SLAB-504745,AREA-13,B7,26,2026-05-19T01:35:00Z,2026-05-24T00:35:00Z
Y-704746,C-0044746,SLAB-504746,AREA-01,B8,27,2026-05-17T06:39:00Z,2026-06-04T05:39:00Z
Y-704747,C-0044747,SLAB-504747,AREA-02,B9,28,2026-05-17T14:38:00Z,2026-05-21T13:38:00Z
Y-704748,C-0044748,SLAB-504748,AREA-03,B1,29,2026-05-16T22:47:00Z,2026-06-04T21:47:00Z
Y-704749,C-0044749,SLAB-504749,AREA-04,B2,30,2026-05-17T06:36:00Z,2026-06-04T05:36:00Z
Y-704750,C-0044750,SLAB-504750,AREA-05,B3,31,2026-05-18T19:43:00Z,2026-05-29T18:43:00Z
Y-704751,C-0044751,SLAB-504751,AREA-06,B4,32,2026-05-17T08:41:00Z,2026-06-01T07:41:00Z
Y-704752,C-0044752,SLAB-504752,AREA-07,B5,33,2026-05-17T07:42:00Z,2026-06-06T06:42:00Z
Y-704753,C-0044753,SLAB-504753,AREA-08,B6,34,2026-05-17T06:22:00Z,2026-05-23T05:22:00Z
Y-704754,C-0044754,SLAB-504754,AREA-09,B7,35,2026-05-17T05:15:00Z,2026-06-06T04:15:00Z
Y-704755,C-0044755,SLAB-504755,AREA-10,B8,36,2026-05-18T07:23:00Z,2026-05-27T06:23:00Z
Y-704756,C-0044756,SLAB-504756,AREA-11,B9,37,2026-05-17T13:23:00Z,2026-05-23T12:23:00Z
Y-704757,C-0044757,SLAB-504757,AREA-12,B1,38,2026-05-19T05:15:00Z,2026-06-07T04:15:00Z
Y-704758,C-0044758,SLAB-504758,AREA-13,B2,39,2026-05-17T16:21:00Z,2026-05-20T15:21:00Z
Y-704759,C-0044759,SLAB-504759,AREA-01,B3,40,2026-05-17T04:23:00Z,2026-05-23T03:23:00Z
Y-704760,C-0044760,SLAB-504760,AREA-02,B4,1,2026-05-17T22:16:00Z,2026-05-27T21:16:00Z
Y-704761,C-0044761,SLAB-504761,AREA-03,B5,2,2026-05-18T11:15:00Z,2026-05-22T10:15:00Z
Y-704762,C-0044762,SLAB-504762,AREA-04,B6,3,2026-05-17T05:17:00Z,2026-05-31T04:17:00Z
Y-704763,C-0044763,SLAB-504763,AREA-05,B7,4,2026-05-17T00:18:00Z,2026-05-19T23:18:00Z
Y-704764,C-0044764,SLAB-504764,AREA-06,B8,5,2026-05-18T16:14:00Z,2026-05-21T15:14:00Z
Y-704765,C-0044765,SLAB-504765,AREA-07,B9,6,2026-05-18T14:11:00Z,2026-05-27T13:11:00Z
Y-704766,C-0044766,SLAB-504766,AREA-08,B1,7,2026-05-17T06:03:00Z,2026-06-03T05:03:00Z
Y-704767,C-0044767,SLAB-504767,AREA-09,B2,8,2026-05-18T01:16:00Z,2026-05-20T00:16:00Z
Y-704768,C-0044768,SLAB-504768,AREA-10,B3,9,2026-05-19T00:04:00Z,2026-05-21T23:04:00Z
Y-704769,C-0044769,SLAB-504769,AREA-11,B4,10,2026-05-17T12:11:00Z,2026-05-31T11:11:00Z
Y-704770,C-0044770,SLAB-504770,AREA-12,B5,11,2026-05-17T21:14:00Z,2026-05-22T20:14:00Z
Y-704771,C-0044771,SLAB-504771,AREA-13,B6,12,2026-05-18T06:04:00Z,2026-06-02T05:04:00Z
Y-704772,C-0044772,SLAB-504772,AREA-01,B7,13,2026-05-18T03:10:00Z,2026-05-20T02:10:00Z
Y-704773,C-0044773,SLAB-504773,AREA-02,B8,14,2026-05-17T05:04:00Z,2026-05-28T04:04:00Z
Y-704774,C-0044774,SLAB-504774,AREA-03,B9,15,2026-05-18T19:12:00Z,2026-05-23T18:12:00Z
Y-704775,C-0044775,SLAB-504775,AREA-04,B1,16,2026-05-18T17:16:00Z,2026-06-05T16:16:00Z
Y-704776,C-0044776,SLAB-504776,AREA-05,B2,17,2026-05-17T07:16:00Z,2026-05-25T06:16:00Z
Y-704777,C-0044777,SLAB-504777,AREA-06,B3,18,2026-05-18T02:18:00Z,2026-06-06T01:18:00Z
Y-704778,C-0044778,SLAB-504778,AREA-07,B4,19,2026-05-18T00:17:00Z,2026-05-26T23:17:00Z
Y-704779,C-0044779,SLAB-504779,AREA-08,B5,20,2026-05-17T17:20:00Z,2026-05-22T16:20:00Z
Y-704780,C-0044780,SLAB-504780,AREA-09,B6,21,2026-05-16T18:20:00Z,2026-05-20T17:20:00Z
Y-704781,C-0044781,SLAB-504781,AREA-10,B7,22,2026-05-16T22:17:00Z,2026-05-28T21:17:00Z
Y-704782,C-0044782,SLAB-504782,AREA-11,B8,23,2026-05-17T11:20:00Z,2026-05-21T10:20:00Z
Y-704783,C-0044783,SLAB-504783,AREA-12,B9,24,2026-05-17T11:13:00Z,2026-05-23T10:13:00Z
Y-704784,C-0044784,SLAB-504784,AREA-13,B1,25,2026-05-16T19:08:00Z,2026-05-19T18:08:00Z
Y-704785,C-0044785,SLAB-504785,AREA-01,B2,26,2026-05-17T10:09:00Z,2026-06-01T09:09:00Z
Y-704786,C-0044786,SLAB-504786,AREA-02,B3,27,2026-05-17T16:09:00Z,2026-06-06T15:09:00Z
Y-704787,C-0044787,SLAB-504787,AREA-03,B4,28,2026-05-18T05:07:00Z,2026-05-25T04:07:00Z
Y-704788,C-0044788,SLAB-504788,AREA-04,B5,29,2026-05-18T14:07:00Z,2026-06-07T13:07:00Z
Y-704789,C-0044789,SLAB-504789,AREA-05,B6,30,2026-05-17T22:12:00Z,2026-05-28T21:12:00Z
Y-704790,C-0044790,SLAB-504790,AREA-06,B7,31,2026-05-17T17:17:00Z,2026-05-24T16:17:00Z
Y-704791,C-0044791,SLAB-504791,AREA-07,B8,32,2026-05-19T00:14:00Z,2026-05-25T23:14:00Z
Y-704792,C-0044792,SLAB-504792,AREA-08,B9,33,2026-05-17T14:44:00Z,2026-05-23T13:44:00Z
Y-704793,C-0044793,SLAB-504793,AREA-09,B1,34,2026-05-17T19:42:00Z,2026-05-30T18:42:00Z
Y-704794,C-0044794,SLAB-504794,AREA-10,B2,35,2026-05-17T15:48:00Z,2026-05-23T14:48:00Z
Y-704795,C-0044795,SLAB-504795,AREA-11,B3,36,2026-05-17T07:49:00Z,2026-05-21T06:49:00Z
Y-704796,C-0044796,SLAB-504796,AREA-12,B4,37,2026-05-18T21:42:00Z,2026-05-20T20:42:00Z
Y-704797,C-0044797,SLAB-504797,AREA-13,B5,38,2026-05-17T05:41:00Z,2026-05-28T04:41:00Z
Y-704798,C-0044798,SLAB-504798,AREA-01,B6,39,2026-05-17T11:42:00Z,2026-05-22T10:42:00Z
Y-704799,C-0044799,SLAB-504799,AREA-02,B7,40,2026-05-18T15:47:00Z,2026-05-29T14:47:00Z
Y-704800,C-0044800,SLAB-504800,AREA-03,B8,1,2026-05-18T05:46:00Z,2026-05-25T04:46:00Z
Y-704801,C-0044801,SLAB-504801,AREA-04,B9,2,2026-05-18T14:46:00Z,2026-06-01T13:46:00Z
Y-704802,C-0044802,SLAB-504802,AREA-05,B1,3,2026-05-18T13:46:00Z,2026-05-31T12:46:00Z
Y-704803,C-0044803,SLAB-504803,AREA-06,B2,4,2026-05-18T02:36:00Z,2026-05-25T01:36:00Z
Y-704804,C-0044804,SLAB-504804,AREA-07,B3,5,2026-05-17T02:33:00Z,2026-05-28T01:33:00Z
Y-704805,C-0044805,SLAB-504805,AREA-08,B4,6,2026-05-17T17:37:00Z,2026-05-22T16:37:00Z
Y-704806,C-0044806,SLAB-504806,AREA-09,B5,7,2026-05-16T20:36:00Z,2026-05-30T19:36:00Z
Y-704807,C-0044807,SLAB-504807,AREA-10,B6,8,2026-05-17T08:34:00Z,2026-05-21T07:34:00Z
Y-704808,C-0044808,SLAB-504808,AREA-11,B7,9,2026-05-17T17:31:00Z,2026-06-01T16:31:00Z
Y-704809,C-0044809,SLAB-504809,AREA-12,B8,10,2026-05-18T02:39:00Z,2026-05-30T01:39:00Z
Y-704810,C-0044810,SLAB-504810,AREA-13,B9,11,2026-05-18T03:35:00Z,2026-05-20T02:35:00Z
Y-704811,C-0044811,SLAB-504811,AREA-01,B1,12,2026-05-17T04:42:00Z,2026-05-21T03:42:00Z
Y-704812,C-0044812,SLAB-504812,AREA-02,B2,13,2026-05-18T05:34:00Z,2026-05-27T04:34:00Z
Y-704813,C-0044813,SLAB-504813,AREA-03,B3,14,2026-05-16T21:23:00Z,2026-05-31T20:23:00Z
Y-704814,C-0044814,SLAB-504814,AREA-04,B4,15,2026-05-18T16:33:00Z,2026-05-27T15:33:00Z
Y-704815,C-0044815,SLAB-504815,AREA-05,B5,16,2026-05-16T19:25:00Z,2026-06-03T18:25:00Z
Y-704816,C-0044816,SLAB-504816,AREA-06,B6,17,2026-05-17T22:29:00Z,2026-05-25T21:29:00Z
Y-704817,C-0044817,SLAB-504817,AREA-07,B7,18,2026-05-17T03:30:00Z,2026-05-25T02:30:00Z
Y-704818,C-0044818,SLAB-504818,AREA-08,B8,19,2026-05-18T10:37:00Z,2026-06-07T09:37:00Z
Y-704819,C-0044819,SLAB-504819,AREA-09,B9,20,2026-05-17T16:29:00Z,2026-05-23T15:29:00Z
Y-704820,C-0044820,SLAB-504820,AREA-10,B1,21,2026-05-16T23:26:00Z,2026-06-03T22:26:00Z
Y-704821,C-0044821,SLAB-504821,AREA-11,B2,22,2026-05-18T18:24:00Z,2026-05-30T17:24:00Z
Y-704822,C-0044822,SLAB-504822,AREA-12,B3,23,2026-05-17T11:32:00Z,2026-05-31T10:32:00Z
Y-704823,C-0044823,SLAB-504823,AREA-13,B4,24,2026-05-17T10:01:00Z,2026-06-05T09:01:00Z
Y-704824,C-0044824,SLAB-504824,AREA-01,B5,25,2026-05-17T00:08:00Z,2026-05-21T23:08:00Z
Y-704825,C-0044825,SLAB-504825,AREA-02,B6,26,2026-05-18T14:15:00Z,2026-06-02T13:15:00Z
Y-704826,C-0044826,SLAB-504826,AREA-03,B7,27,2026-05-16T16:09:00Z,2026-05-26T15:09:00Z
Y-704827,C-0044827,SLAB-504827,AREA-04,B8,28,2026-05-17T17:13:00Z,2026-05-28T16:13:00Z
Y-704828,C-0044828,SLAB-504828,AREA-05,B9,29,2026-05-17T13:09:00Z,2026-05-26T12:09:00Z
Y-704829,C-0044829,SLAB-504829,AREA-06,B1,30,2026-05-18T00:13:00Z,2026-06-03T23:13:00Z
Y-704830,C-0044830,SLAB-504830,AREA-07,B2,31,2026-05-18T07:45:00Z,2026-05-23T06:45:00Z
Y-704831,C-0044831,SLAB-504831,AREA-08,B3,32,2026-05-18T00:46:00Z,2026-05-24T23:46:00Z
Y-704832,C-0044832,SLAB-504832,AREA-09,B4,33,2026-05-17T14:39:00Z,2026-05-25T13:39:00Z
Y-704833,C-0044833,SLAB-504833,AREA-10,B5,34,2026-05-17T15:36:00Z,2026-05-30T14:36:00Z
Y-704834,C-0044834,SLAB-504834,AREA-11,B6,35,2026-05-18T15:38:00Z,2026-05-26T14:38:00Z
Y-704835,C-0044835,SLAB-504835,AREA-12,B7,36,2026-05-18T16:39:00Z,2026-05-23T15:39:00Z
Y-704836,C-0044836,SLAB-504836,AREA-13,B8,37,2026-05-17T18:42:00Z,2026-06-06T17:42:00Z
Y-704837,C-0044837,SLAB-504837,AREA-01,B9,38,2026-05-18T11:45:00Z,2026-06-01T10:45:00Z
Y-704838,C-0044838,SLAB-504838,AREA-02,B1,39,2026-05-17T23:40:00Z,2026-05-23T22:40:00Z
Y-704839,C-0044839,SLAB-504839,AREA-03,B2,40,2026-05-18T11:45:00Z,2026-05-31T10:45:00Z
Y-704840,C-0044840,SLAB-504840,AREA-04,B3,1,2026-05-17T06:40:00Z,2026-06-01T05:40:00Z
Y-704841,C-0044841,SLAB-504841,AREA-05,B4,2,2026-05-18T16:34:00Z,2026-05-21T15:34:00Z
Y-704842,C-0044842,SLAB-504842,AREA-06,B5,3,2026-05-17T13:37:00Z,2026-06-04T12:37:00Z
Y-704843,C-0044843,SLAB-504843,AREA-07,B6,4,2026-05-17T11:38:00Z,2026-05-19T10:38:00Z
Y-704844,C-0044844,SLAB-504844,AREA-08,B7,5,2026-05-18T13:34:00Z,2026-05-28T12:34:00Z
Y-704845,C-0044845,SLAB-504845,AREA-09,B8,6,2026-05-17T15:38:00Z,2026-06-01T14:38:00Z
Y-704846,C-0044846,SLAB-504846,AREA-10,B9,7,2026-05-16T22:38:00Z,2026-06-03T21:38:00Z
Y-704847,C-0044847,SLAB-504847,AREA-11,B1,8,2026-05-17T02:43:00Z,2026-06-04T01:43:00Z
Y-704848,C-0044848,SLAB-504848,AREA-12,B2,9,2026-05-18T11:10:00Z,2026-05-21T10:10:00Z
Y-704849,C-0044849,SLAB-504849,AREA-13,B3,10,2026-05-17T05:02:00Z,2026-05-31T04:02:00Z
Y-704850,C-0044850,SLAB-504850,AREA-01,B4,11,2026-05-17T12:05:00Z,2026-05-25T11:05:00Z
Y-704851,C-0044851,SLAB-504851,AREA-02,B5,12,2026-05-17T06:04:00Z,2026-05-28T05:04:00Z
Y-704852,C-0044852,SLAB-504852,AREA-03,B6,13,2026-05-18T11:06:00Z,2026-06-06T10:06:00Z
Y-704853,C-0044853,SLAB-504853,AREA-04,B7,14,2026-05-16T20:02:00Z,2026-06-03T19:02:00Z
Y-704854,C-0044854,SLAB-504854,AREA-05,B8,15,2026-05-17T05:10:00Z,2026-05-20T04:10:00Z
Y-704855,C-0044855,SLAB-504855,AREA-06,B9,16,2026-05-17T23:08:00Z,2026-06-03T22:08:00Z
Y-704856,C-0044856,SLAB-504856,AREA-07,B1,17,2026-05-17T06:04:00Z,2026-05-21T05:04:00Z
Y-704857,C-0044857,SLAB-504857,AREA-08,B2,18,2026-05-17T12:10:00Z,2026-06-02T11:10:00Z
Y-704858,C-0044858,SLAB-504858,AREA-09,B3,19,2026-05-17T11:05:00Z,2026-06-02T10:05:00Z
Y-704859,C-0044859,SLAB-504859,AREA-10,B4,20,2026-05-17T05:04:00Z,2026-05-29T04:04:00Z
Y-704860,C-0044860,SLAB-504860,AREA-11,B5,21,2026-05-17T05:03:00Z,2026-06-03T04:03:00Z
Y-704861,C-0044861,SLAB-504861,AREA-12,B6,22,2026-05-17T05:56:00Z,2026-05-21T04:56:00Z
Y-704862,C-0044862,SLAB-504862,AREA-13,B7,23,2026-05-17T15:00:00Z,2026-06-04T14:00:00Z
Y-704863,C-0044863,SLAB-504863,AREA-01,B8,24,2026-05-18T08:57:00Z,2026-05-28T07:57:00Z
Y-704864,C-0044864,SLAB-504864,AREA-02,B9,25,2026-05-18T18:01:00Z,2026-06-06T17:01:00Z
Y-704865,C-0044865,SLAB-504865,AREA-03,B1,26,2026-05-18T05:03:00Z,2026-05-21T04:03:00Z
Y-704866,C-0044866,SLAB-504866,AREA-04,B2,27,2026-05-16T16:03:00Z,2026-05-25T15:03:00Z
Y-704867,C-0044867,SLAB-504867,AREA-05,B3,28,2026-05-18T10:00:00Z,2026-05-22T09:00:00Z
Y-704868,C-0044868,SLAB-504868,AREA-06,B4,29,2026-05-19T00:35:00Z,2026-05-30T23:35:00Z
Y-704869,C-0044869,SLAB-504869,AREA-07,B5,30,2026-05-18T12:30:00Z,2026-05-20T11:30:00Z
Y-704870,C-0044870,SLAB-504870,AREA-08,B6,31,2026-05-18T00:28:00Z,2026-05-25T23:28:00Z
Y-704871,C-0044871,SLAB-504871,AREA-09,B7,32,2026-05-18T12:30:00Z,2026-06-02T11:30:00Z
Y-704872,C-0044872,SLAB-504872,AREA-10,B8,33,2026-05-18T18:30:00Z,2026-06-01T17:30:00Z
Y-704873,C-0044873,SLAB-504873,AREA-11,B9,34,2026-05-18T02:32:00Z,2026-05-26T01:32:00Z
Y-704874,C-0044874,SLAB-504874,AREA-12,B1,35,2026-05-18T09:34:00Z,2026-05-26T08:34:00Z
Y-704875,C-0044875,SLAB-504875,AREA-13,B2,36,2026-05-18T02:35:00Z,2026-05-24T01:35:00Z
Y-704876,C-0044876,SLAB-504876,AREA-01,B3,37,2026-05-18T20:08:00Z,2026-06-03T19:08:00Z
Y-704877,C-0044877,SLAB-504877,AREA-02,B4,38,2026-05-17T21:12:00Z,2026-05-19T20:12:00Z
Y-704878,C-0044878,SLAB-504878,AREA-03,B5,39,2026-05-19T05:11:00Z,2026-05-27T04:11:00Z
Y-704879,C-0044879,SLAB-504879,AREA-04,B6,40,2026-05-18T07:13:00Z,2026-05-23T06:13:00Z
Y-704880,C-0044880,SLAB-504880,AREA-05,B7,1,2026-05-17T23:15:00Z,2026-06-01T22:15:00Z
Y-704881,C-0044881,SLAB-504881,AREA-06,B8,2,2026-05-18T00:09:00Z,2026-06-03T23:09:00Z
Y-704882,C-0044882,SLAB-504882,AREA-07,B9,3,2026-05-17T21:14:00Z,2026-06-06T20:14:00Z
Y-704883,C-0044883,SLAB-504883,AREA-08,B1,4,2026-05-19T06:13:00Z,2026-05-26T05:13:00Z
Y-704884,C-0044884,SLAB-504884,AREA-09,B2,5,2026-05-17T13:08:00Z,2026-05-21T12:08:00Z
Y-704885,C-0044885,SLAB-504885,AREA-10,B3,6,2026-05-17T16:09:00Z,2026-05-27T15:09:00Z
Y-704886,C-0044886,SLAB-504886,AREA-11,B4,7,2026-05-18T16:04:00Z,2026-05-26T15:04:00Z
Y-704887,C-0044887,SLAB-504887,AREA-12,B5,8,2026-05-18T05:08:00Z,2026-06-06T04:08:00Z
Y-704888,C-0044888,SLAB-504888,AREA-13,B6,9,2026-05-17T07:04:00Z,2026-05-30T06:04:00Z
Y-704889,C-0044889,SLAB-504889,AREA-01,B7,10,2026-05-18T20:05:00Z,2026-05-25T19:05:00Z
Y-704890,C-0044890,SLAB-504890,AREA-02,B8,11,2026-05-18T11:05:00Z,2026-05-30T10:05:00Z
Y-704891,C-0044891,SLAB-504891,AREA-03,B9,12,2026-05-17T07:03:00Z,2026-06-03T06:03:00Z
Y-704892,C-0044892,SLAB-504892,AREA-04,B1,13,2026-05-17T18:05:00Z,2026-06-03T17:05:00Z
Y-704893,C-0044893,SLAB-504893,AREA-05,B2,14,2026-05-18T10:24:00Z,2026-06-01T09:24:00Z
Y-704894,C-0044894,SLAB-504894,AREA-06,B3,15,2026-05-18T07:20:00Z,2026-05-22T06:20:00Z
Y-704895,C-0044895,SLAB-504895,AREA-07,B4,16,2026-05-18T17:14:00Z,2026-05-25T16:14:00Z
Y-704896,C-0044896,SLAB-504896,AREA-08,B5,17,2026-05-18T14:17:00Z,2026-05-27T13:17:00Z
Y-704897,C-0044897,SLAB-504897,AREA-09,B6,18,2026-05-17T17:13:00Z,2026-05-19T16:13:00Z
Y-704898,C-0044898,SLAB-504898,AREA-10,B7,19,2026-05-17T17:17:00Z,2026-05-30T16:17:00Z
Y-704899,C-0044899,SLAB-504899,AREA-11,B8,20,2026-05-18T13:14:00Z,2026-05-23T12:14:00Z
Y-704900,C-0044900,SLAB-504900,AREA-12,B9,21,2026-05-18T15:22:00Z,2026-06-03T14:22:00Z
Y-704901,C-0044901,SLAB-504901,AREA-13,B1,22,2026-05-16T16:21:00Z,2026-05-22T15:21:00Z
Y-704902,C-0044902,SLAB-504902,AREA-01,B2,23,2026-05-17T20:29:00Z,2026-05-24T19:29:00Z
Y-704903,C-0044903,SLAB-504903,AREA-02,B3,24,2026-05-18T03:30:00Z,2026-05-25T02:30:00Z
Y-704904,C-0044904,SLAB-504904,AREA-03,B4,25,2026-05-19T06:33:00Z,2026-05-26T05:33:00Z
Y-704905,C-0044905,SLAB-504905,AREA-04,B5,26,2026-05-18T13:29:00Z,2026-05-31T12:29:00Z
Y-704906,C-0044906,SLAB-504906,AREA-05,B6,27,2026-05-19T09:36:00Z,2026-06-08T08:36:00Z
Y-704907,C-0044907,SLAB-504907,AREA-06,B7,28,2026-05-17T21:33:00Z,2026-06-03T20:33:00Z
Y-704908,C-0044908,SLAB-504908,AREA-07,B8,29,2026-05-17T22:33:00Z,2026-05-19T21:33:00Z
Y-704909,C-0044909,SLAB-504909,AREA-08,B9,30,2026-05-17T04:01:00Z,2026-06-05T03:01:00Z
Y-704910,C-0044910,SLAB-504910,AREA-09,B1,31,2026-05-19T04:02:00Z,2026-06-02T03:02:00Z
Y-704911,C-0044911,SLAB-504911,AREA-10,B2,32,2026-05-18T01:59:00Z,2026-06-06T00:59:00Z
Y-704912,C-0044912,SLAB-504912,AREA-11,B3,33,2026-05-18T08:05:00Z,2026-05-24T07:05:00Z
Y-704913,C-0044913,SLAB-504913,AREA-12,B4,34,2026-05-18T05:05:00Z,2026-06-04T04:05:00Z
Y-704914,C-0044914,SLAB-504914,AREA-13,B5,35,2026-05-18T02:03:00Z,2026-05-28T01:03:00Z
Y-704915,C-0044915,SLAB-504915,AREA-01,B6,36,2026-05-17T20:05:00Z,2026-05-31T19:05:00Z
Y-704916,C-0044916,SLAB-504916,AREA-02,B7,37,2026-05-18T09:04:00Z,2026-06-02T08:04:00Z
Y-704917,C-0044917,SLAB-504917,AREA-03,B8,38,2026-05-19T17:02:00Z,2026-05-24T16:02:00Z
Y-704918,C-0044918,SLAB-504918,AREA-04,B9,39,2026-05-18T13:04:00Z,2026-05-23T12:04:00Z
Y-704919,C-0044919,SLAB-504919,AREA-05,B1,40,2026-05-18T23:00:00Z,2026-05-21T22:00:00Z
Y-704920,C-0044920,SLAB-504920,AREA-06,B2,1,2026-05-18T11:45:00Z,2026-05-21T10:45:00Z
Y-704921,C-0044921,SLAB-504921,AREA-07,B3,2,2026-05-19T01:53:00Z,2026-05-21T00:53:00Z
Y-704922,C-0044922,SLAB-504922,AREA-08,B4,3,2026-05-19T07:51:00Z,2026-06-06T06:51:00Z
Y-704923,C-0044923,SLAB-504923,AREA-09,B5,4,2026-05-16T17:55:00Z,2026-05-28T16:55:00Z
Y-704924,C-0044924,SLAB-504924,AREA-10,B6,5,2026-05-18T00:50:00Z,2026-05-19T23:50:00Z
Y-704925,C-0044925,SLAB-504925,AREA-11,B7,6,2026-05-18T21:54:00Z,2026-05-31T20:54:00Z
Y-704926,C-0044926,SLAB-504926,AREA-12,B8,7,2026-05-19T01:50:00Z,2026-05-30T00:50:00Z
Y-704927,C-0044927,SLAB-504927,AREA-13,B9,8,2026-05-19T01:53:00Z,2026-05-21T00:53:00Z
Y-704928,C-0044928,SLAB-504928,AREA-01,B1,9,2026-05-18T06:56:00Z,2026-05-27T05:56:00Z
Y-704929,C-0044929,SLAB-504929,AREA-02,B2,10,2026-05-17T18:05:00Z,2026-05-31T17:05:00Z
Y-704930,C-0044930,SLAB-504930,AREA-03,B3,11,2026-05-19T07:09:00Z,2026-05-31T06:09:00Z
Y-704931,C-0044931,SLAB-504931,AREA-04,B4,12,2026-05-17T15:07:00Z,2026-06-04T14:07:00Z
Y-704932,C-0044932,SLAB-504932,AREA-05,B5,13,2026-05-18T10:10:00Z,2026-06-06T09:10:00Z
Y-704933,C-0044933,SLAB-504933,AREA-06,B6,14,2026-05-18T02:08:00Z,2026-05-31T01:08:00Z
Y-704934,C-0044934,SLAB-504934,AREA-07,B7,15,2026-05-17T18:06:00Z,2026-05-19T17:06:00Z
Y-704935,C-0044935,SLAB-504935,AREA-08,B8,16,2026-05-17T23:11:00Z,2026-05-21T22:11:00Z
Y-704936,C-0044936,SLAB-504936,AREA-09,B9,17,2026-05-17T14:08:00Z,2026-05-21T13:08:00Z
Y-704937,C-0044937,SLAB-504937,AREA-10,B1,18,2026-05-19T11:00:00Z,2026-05-22T10:00:00Z
Y-704938,C-0044938,SLAB-504938,AREA-11,B2,19,2026-05-16T19:03:00Z,2026-05-28T18:03:00Z
Y-704939,C-0044939,SLAB-504939,AREA-12,B3,20,2026-05-18T15:05:00Z,2026-06-04T14:05:00Z
Y-704940,C-0044940,SLAB-504940,AREA-13,B4,21,2026-05-17T23:46:00Z,2026-06-04T22:46:00Z
Y-704941,C-0044941,SLAB-504941,AREA-01,B5,22,2026-05-19T04:50:00Z,2026-05-23T03:50:00Z
Y-704942,C-0044942,SLAB-504942,AREA-02,B6,23,2026-05-18T02:45:00Z,2026-05-21T01:45:00Z
Y-704943,C-0044943,SLAB-504943,AREA-03,B7,24,2026-05-18T16:46:00Z,2026-05-24T15:46:00Z
Y-704944,C-0044944,SLAB-504944,AREA-04,B8,25,2026-05-18T14:50:00Z,2026-05-27T13:50:00Z
Y-704945,C-0044945,SLAB-504945,AREA-05,B9,26,2026-05-17T12:51:00Z,2026-06-04T11:51:00Z
Y-704946,C-0044946,SLAB-504946,AREA-06,B1,27,2026-05-17T23:55:00Z,2026-06-06T22:55:00Z
Y-704947,C-0044947,SLAB-504947,AREA-07,B2,28,2026-05-19T02:46:00Z,2026-06-08T01:46:00Z
Y-704948,C-0044948,SLAB-504948,AREA-08,B3,29,2026-05-17T16:47:00Z,2026-06-03T15:47:00Z
Y-704949,C-0044949,SLAB-504949,AREA-09,B4,30,2026-05-18T19:39:00Z,2026-05-21T18:39:00Z
Y-704950,C-0044950,SLAB-504950,AREA-10,B5,31,2026-05-18T11:38:00Z,2026-05-21T10:38:00Z
Y-704951,C-0044951,SLAB-504951,AREA-11,B6,32,2026-05-19T06:34:00Z,2026-05-25T05:34:00Z
Y-704952,C-0044952,SLAB-504952,AREA-12,B7,33,2026-05-19T11:39:00Z,2026-05-24T10:39:00Z
Y-704953,C-0044953,SLAB-504953,AREA-13,B8,34,2026-05-18T01:35:00Z,2026-06-07T00:35:00Z
Y-704954,C-0044954,SLAB-504954,AREA-01,B9,35,2026-05-17T18:37:00Z,2026-05-27T17:37:00Z
Y-704955,C-0044955,SLAB-504955,AREA-02,B1,36,2026-05-18T08:39:00Z,2026-05-31T07:39:00Z
Y-704956,C-0044956,SLAB-504956,AREA-03,B2,37,2026-05-17T17:42:00Z,2026-06-02T16:42:00Z
Y-704957,C-0044957,SLAB-504957,AREA-04,B3,38,2026-05-18T15:42:00Z,2026-05-29T14:42:00Z
Y-704958,C-0044958,SLAB-504958,AREA-05,B4,39,2026-05-17T10:22:00Z,2026-05-20T09:22:00Z
Y-704959,C-0044959,SLAB-504959,AREA-06,B5,40,2026-05-18T12:20:00Z,2026-06-07T11:20:00Z
Y-704960,C-0044960,SLAB-504960,AREA-07,B6,1,2026-05-19T13:23:00Z,2026-05-24T12:23:00Z
Y-704961,C-0044961,SLAB-504961,AREA-08,B7,2,2026-05-18T01:23:00Z,2026-06-03T00:23:00Z
Y-704962,C-0044962,SLAB-504962,AREA-09,B8,3,2026-05-16T23:29:00Z,2026-05-29T22:29:00Z
Y-704963,C-0044963,SLAB-504963,AREA-10,B9,4,2026-05-19T04:23:00Z,2026-05-24T03:23:00Z
Y-704964,C-0044964,SLAB-504964,AREA-11,B1,5,2026-05-18T08:21:00Z,2026-05-29T07:21:00Z
Y-704965,C-0044965,SLAB-504965,AREA-12,B2,6,2026-05-18T15:20:00Z,2026-05-30T14:20:00Z
Y-704966,C-0044966,SLAB-504966,AREA-13,B3,7,2026-05-18T02:20:00Z,2026-05-21T01:20:00Z
Y-704967,C-0044967,SLAB-504967,AREA-01,B4,8,2026-05-17T23:22:00Z,2026-06-06T22:22:00Z
Y-704968,C-0044968,SLAB-504968,AREA-02,B5,9,2026-05-18T15:50:00Z,2026-05-23T14:50:00Z
Y-704969,C-0044969,SLAB-504969,AREA-03,B6,10,2026-05-18T12:50:00Z,2026-05-28T11:50:00Z
Y-704970,C-0044970,SLAB-504970,AREA-04,B7,11,2026-05-18T14:49:00Z,2026-05-31T13:49:00Z
Y-704971,C-0044971,SLAB-504971,AREA-05,B8,12,2026-05-18T01:45:00Z,2026-06-03T00:45:00Z
Y-704972,C-0044972,SLAB-504972,AREA-06,B9,13,2026-05-19T18:52:00Z,2026-05-25T17:52:00Z
Y-704973,C-0044973,SLAB-504973,AREA-07,B1,14,2026-05-18T18:49:00Z,2026-06-01T17:49:00Z
Y-704974,C-0044974,SLAB-504974,AREA-08,B2,15,2026-05-18T16:45:00Z,2026-05-22T15:45:00Z
Y-704975,C-0044975,SLAB-504975,AREA-09,B3,16,2026-05-17T12:43:00Z,2026-06-06T11:43:00Z
Y-704976,C-0044976,SLAB-504976,AREA-10,B4,17,2026-05-18T12:50:00Z,2026-05-31T11:50:00Z
Y-704977,C-0044977,SLAB-504977,AREA-11,B5,18,2026-05-18T12:13:00Z,2026-05-20T11:13:00Z
Y-704978,C-0044978,SLAB-504978,AREA-12,B6,19,2026-05-16T21:24:00Z,2026-05-22T20:24:00Z
Y-704979,C-0044979,SLAB-504979,AREA-13,B7,20,2026-05-17T11:20:00Z,2026-06-05T10:20:00Z
Y-704980,C-0044980,SLAB-504980,AREA-01,B8,21,2026-05-17T18:22:00Z,2026-06-01T17:22:00Z
Y-704981,C-0044981,SLAB-504981,AREA-02,B9,22,2026-05-18T12:18:00Z,2026-05-22T11:18:00Z
Y-704982,C-0044982,SLAB-504982,AREA-03,B1,23,2026-05-17T12:17:00Z,2026-05-31T11:17:00Z
Y-704983,C-0044983,SLAB-504983,AREA-04,B2,24,2026-05-18T02:15:00Z,2026-05-21T01:15:00Z
Y-704984,C-0044984,SLAB-504984,AREA-05,B3,25,2026-05-17T16:18:00Z,2026-06-06T15:18:00Z
Y-704985,C-0044985,SLAB-504985,AREA-06,B4,26,2026-05-18T17:15:00Z,2026-05-29T16:15:00Z
Y-704986,C-0044986,SLAB-504986,AREA-07,B5,27,2026-05-18T02:19:00Z,2026-06-05T01:19:00Z
Y-704987,C-0044987,SLAB-504987,AREA-08,B6,28,2026-05-18T02:19:00Z,2026-05-22T01:19:00Z
Y-704988,C-0044988,SLAB-504988,AREA-09,B7,29,2026-05-18T02:29:00Z,2026-06-06T01:29:00Z
Y-704989,C-0044989,SLAB-504989,AREA-10,B8,30,2026-05-18T19:30:00Z,2026-06-01T18:30:00Z
Y-704990,C-0044990,SLAB-504990,AREA-11,B9,31,2026-05-18T10:34:00Z,2026-05-23T09:34:00Z
Y-704991,C-0044991,SLAB-504991,AREA-12,B1,32,2026-05-18T15:25:00Z,2026-05-24T14:25:00Z
Y-704992,C-0044992,SLAB-504992,AREA-13,B2,33,2026-05-17T12:26:00Z,2026-05-22T11:26:00Z
Y-704993,C-0044993,SLAB-504993,AREA-01,B3,34,2026-05-18T08:30:00Z,2026-05-30T07:30:00Z
Y-704994,C-0044994,SLAB-504994,AREA-02,B4,35,2026-05-18T14:29:00Z,2026-06-04T13:29:00Z
Y-704995,C-0044995,SLAB-504995,AREA-03,B5,36,2026-05-18T05:28:00Z,2026-05-29T04:28:00Z
Y-704996,C-0044996,SLAB-504996,AREA-04,B6,37,2026-05-19T15:29:00Z,2026-06-04T14:29:00Z
Y-704997,C-0044997,SLAB-504997,AREA-05,B7,38,2026-05-19T04:29:00Z,2026-06-01T03:29:00Z
Y-704998,C-0044998,SLAB-504998,AREA-06,B8,39,2026-05-18T07:16:00Z,2026-06-07T06:16:00Z
Y-704999,C-0044999,SLAB-504999,AREA-07,B9,40,2026-05-18T15:12:00Z,2026-05-27T14:12:00Z
Y-705000,C-0045000,SLAB-505000,AREA-08,B1,1,2026-05-18T09:12:00Z,2026-05-20T08:12:00Z
Y-705001,C-0045001,SLAB-505001,AREA-09,B2,2,2026-05-18T15:14:00Z,2026-05-26T14:14:00Z
Y-705002,C-0045002,SLAB-505002,AREA-10,B3,3,2026-05-18T22:12:00Z,2026-05-24T21:12:00Z
Y-705003,C-0045003,SLAB-505003,AREA-11,B4,4,2026-05-17T17:16:00Z,2026-05-23T16:16:00Z
Y-705004,C-0045004,SLAB-505004,AREA-12,B5,5,2026-05-18T21:15:00Z,2026-05-28T20:15:00Z
Y-705005,C-0045005,SLAB-505005,AREA-13,B6,6,2026-05-18T00:18:00Z,2026-06-03T23:18:00Z
Y-705006,C-0045006,SLAB-505006,AREA-01,B7,7,2026-05-17T14:28:00Z,2026-05-27T13:28:00Z
Y-705007,C-0045007,SLAB-505007,AREA-02,B8,8,2026-05-17T22:31:00Z,2026-06-04T21:31:00Z
Y-705008,C-0045008,SLAB-505008,AREA-03,B9,9,2026-05-18T15:33:00Z,2026-06-07T14:33:00Z
Y-705009,C-0045009,SLAB-505009,AREA-04,B1,10,2026-05-19T00:36:00Z,2026-05-24T23:36:00Z
Y-705010,C-0045010,SLAB-505010,AREA-05,B2,11,2026-05-19T00:37:00Z,2026-05-26T23:37:00Z
Y-705011,C-0045011,SLAB-505011,AREA-06,B3,12,2026-05-18T17:40:00Z,2026-06-05T16:40:00Z
Y-705012,C-0045012,SLAB-505012,AREA-07,B4,13,2026-05-18T01:34:00Z,2026-06-05T00:34:00Z
Y-705013,C-0045013,SLAB-505013,AREA-08,B5,14,2026-05-18T01:31:00Z,2026-05-23T00:31:00Z
Y-705014,C-0045014,SLAB-505014,AREA-09,B6,15,2026-05-19T04:26:00Z,2026-05-23T03:26:00Z
Y-705015,C-0045015,SLAB-505015,AREA-10,B7,16,2026-05-17T07:27:00Z,2026-05-29T06:27:00Z
Y-705016,C-0045016,SLAB-505016,AREA-11,B8,17,2026-05-18T05:26:00Z,2026-05-30T04:26:00Z
Y-705017,C-0045017,SLAB-505017,AREA-12,B9,18,2026-05-17T07:21:00Z,2026-05-24T06:21:00Z
Y-705018,C-0045018,SLAB-505018,AREA-13,B1,19,2026-05-18T06:31:00Z,2026-05-25T05:31:00Z
Y-705019,C-0045019,SLAB-505019,AREA-01,B2,20,2026-05-18T21:30:00Z,2026-05-31T20:30:00Z
Y-705020,C-0045020,SLAB-505020,AREA-02,B3,21,2026-05-20T00:29:00Z,2026-06-07T23:29:00Z
Y-705021,C-0045021,SLAB-505021,AREA-03,B4,22,2026-05-18T14:27:00Z,2026-05-25T13:27:00Z
Y-705022,C-0045022,SLAB-505022,AREA-04,B5,23,2026-05-17T12:11:00Z,2026-06-02T11:11:00Z
Y-705023,C-0045023,SLAB-505023,AREA-05,B6,24,2026-05-17T22:16:00Z,2026-06-02T21:16:00Z
Y-705024,C-0045024,SLAB-505024,AREA-06,B7,25,2026-05-19T04:14:00Z,2026-06-02T03:14:00Z
Y-705025,C-0045025,SLAB-505025,AREA-07,B8,26,2026-05-19T01:04:00Z,2026-06-03T00:04:00Z
Y-705026,C-0045026,SLAB-505026,AREA-08,B9,27,2026-05-19T04:06:00Z,2026-05-28T03:06:00Z
Y-705027,C-0045027,SLAB-505027,AREA-09,B1,28,2026-05-18T03:12:00Z,2026-06-01T02:12:00Z
Y-705028,C-0045028,SLAB-505028,AREA-10,B2,29,2026-05-18T12:08:00Z,2026-05-22T11:08:00Z
Y-705029,C-0045029,SLAB-505029,AREA-11,B3,30,2026-05-18T00:09:00Z,2026-05-28T23:09:00Z
Y-705030,C-0045030,SLAB-505030,AREA-12,B4,31,2026-05-18T10:11:00Z,2026-05-30T09:11:00Z
Y-705031,C-0045031,SLAB-505031,AREA-13,B5,32,2026-05-19T07:07:00Z,2026-05-27T06:07:00Z
Y-705032,C-0045032,SLAB-505032,AREA-01,B6,33,2026-05-18T07:11:00Z,2026-05-21T06:11:00Z
Y-705033,C-0045033,SLAB-505033,AREA-02,B7,34,2026-05-19T04:10:00Z,2026-05-26T03:10:00Z
Y-705034,C-0045034,SLAB-505034,AREA-03,B8,35,2026-05-18T10:07:00Z,2026-06-02T09:07:00Z
Y-705035,C-0045035,SLAB-505035,AREA-04,B9,36,2026-05-19T11:07:00Z,2026-06-04T10:07:00Z
Y-705036,C-0045036,SLAB-505036,AREA-05,B1,37,2026-05-19T06:12:00Z,2026-06-08T05:12:00Z
Y-705037,C-0045037,SLAB-505037,AREA-06,B2,38,2026-05-19T02:44:00Z,2026-05-24T01:44:00Z
Y-705038,C-0045038,SLAB-505038,AREA-07,B3,39,2026-05-18T12:40:00Z,2026-06-06T11:40:00Z
Y-705039,C-0045039,SLAB-505039,AREA-08,B4,40,2026-05-19T07:36:00Z,2026-06-01T06:36:00Z
Y-705040,C-0045040,SLAB-505040,AREA-09,B5,1,2026-05-18T23:42:00Z,2026-06-04T22:42:00Z
Y-705041,C-0045041,SLAB-505041,AREA-10,B6,2,2026-05-19T12:38:00Z,2026-05-23T11:38:00Z
Y-705042,C-0045042,SLAB-505042,AREA-11,B7,3,2026-05-17T19:39:00Z,2026-05-26T18:39:00Z
Y-705043,C-0045043,SLAB-505043,AREA-12,B8,4,2026-05-18T09:35:00Z,2026-05-25T08:35:00Z
Y-705044,C-0045044,SLAB-505044,AREA-13,B9,5,2026-05-17T23:37:00Z,2026-05-29T22:37:00Z
Y-705045,C-0045045,SLAB-505045,AREA-01,B1,6,2026-05-18T15:35:00Z,2026-05-21T14:35:00Z
Y-705046,C-0045046,SLAB-505046,AREA-02,B2,7,2026-05-17T13:09:00Z,2026-05-23T12:09:00Z
Y-705047,C-0045047,SLAB-505047,AREA-03,B3,8,2026-05-18T18:09:00Z,2026-06-01T17:09:00Z
Y-705048,C-0045048,SLAB-505048,AREA-04,B4,9,2026-05-19T03:05:00Z,2026-05-29T02:05:00Z
Y-705049,C-0045049,SLAB-505049,AREA-05,B5,10,2026-05-18T16:05:00Z,2026-05-23T15:05:00Z
Y-705050,C-0045050,SLAB-505050,AREA-06,B6,11,2026-05-19T14:08:00Z,2026-06-06T13:08:00Z
Y-705051,C-0045051,SLAB-505051,AREA-07,B7,12,2026-05-19T02:12:00Z,2026-05-23T01:12:00Z
Y-705052,C-0045052,SLAB-505052,AREA-08,B8,13,2026-05-19T14:05:00Z,2026-05-28T13:05:00Z
Y-705053,C-0045053,SLAB-505053,AREA-09,B9,14,2026-05-18T02:01:00Z,2026-06-07T01:01:00Z
Y-705054,C-0045054,SLAB-505054,AREA-10,B1,15,2026-05-18T03:03:00Z,2026-05-30T02:03:00Z
Y-705055,C-0045055,SLAB-505055,AREA-11,B2,16,2026-05-18T03:07:00Z,2026-05-27T02:07:00Z
Y-705056,C-0045056,SLAB-505056,AREA-12,B3,17,2026-05-18T17:06:00Z,2026-05-31T16:06:00Z
Y-705057,C-0045057,SLAB-505057,AREA-13,B4,18,2026-05-18T12:30:00Z,2026-05-28T11:30:00Z
Y-705058,C-0045058,SLAB-505058,AREA-01,B5,19,2026-05-19T12:27:00Z,2026-05-24T11:27:00Z
Y-705059,C-0045059,SLAB-505059,AREA-02,B6,20,2026-05-19T11:26:00Z,2026-06-04T10:26:00Z
Y-705060,C-0045060,SLAB-505060,AREA-03,B7,21,2026-05-19T09:28:00Z,2026-06-06T08:28:00Z
Y-705061,C-0045061,SLAB-505061,AREA-04,B8,22,2026-05-19T10:30:00Z,2026-05-27T09:30:00Z
Y-705062,C-0045062,SLAB-505062,AREA-05,B9,23,2026-05-19T06:28:00Z,2026-05-27T05:28:00Z
Y-705063,C-0045063,SLAB-505063,AREA-06,B1,24,2026-05-19T03:33:00Z,2026-05-26T02:33:00Z
Y-705064,C-0045064,SLAB-505064,AREA-07,B2,25,2026-05-18T01:32:00Z,2026-06-07T00:32:00Z
Y-705065,C-0045065,SLAB-505065,AREA-08,B3,26,2026-05-19T04:29:00Z,2026-06-07T03:29:00Z
Y-705066,C-0045066,SLAB-505066,AREA-09,B4,27,2026-05-17T17:28:00Z,2026-06-01T16:28:00Z
Y-705067,C-0045067,SLAB-505067,AREA-10,B5,28,2026-05-18T15:30:00Z,2026-05-24T14:30:00Z
Y-705068,C-0045068,SLAB-505068,AREA-11,B6,29,2026-05-18T09:27:00Z,2026-06-01T08:27:00Z
Y-705069,C-0045069,SLAB-505069,AREA-12,B7,30,2026-05-19T00:26:00Z,2026-05-26T23:26:00Z
Y-705070,C-0045070,SLAB-505070,AREA-13,B8,31,2026-05-17T14:31:00Z,2026-06-06T13:31:00Z
Y-705071,C-0045071,SLAB-505071,AREA-01,B9,32,2026-05-19T07:28:00Z,2026-06-07T06:28:00Z
Y-705072,C-0045072,SLAB-505072,AREA-02,B1,33,2026-05-18T04:29:00Z,2026-05-22T03:29:00Z
Y-705073,C-0045073,SLAB-505073,AREA-03,B2,34,2026-05-17T07:34:00Z,2026-05-29T06:34:00Z
Y-705074,C-0045074,SLAB-505074,AREA-04,B3,35,2026-05-18T12:31:00Z,2026-06-05T11:31:00Z
Y-705075,C-0045075,SLAB-505075,AREA-05,B4,36,2026-05-18T12:10:00Z,2026-05-20T11:10:00Z
Y-705076,C-0045076,SLAB-505076,AREA-06,B5,37,2026-05-20T02:15:00Z,2026-06-03T01:15:00Z
Y-705077,C-0045077,SLAB-505077,AREA-07,B6,38,2026-05-18T15:17:00Z,2026-05-28T14:17:00Z
Y-705078,C-0045078,SLAB-505078,AREA-08,B7,39,2026-05-18T03:18:00Z,2026-06-04T02:18:00Z
Y-705079,C-0045079,SLAB-505079,AREA-09,B8,40,2026-05-18T14:16:00Z,2026-05-24T13:16:00Z
Y-705080,C-0045080,SLAB-505080,AREA-10,B9,1,2026-05-19T07:13:00Z,2026-05-21T06:13:00Z
Y-705081,C-0045081,SLAB-505081,AREA-11,B1,2,2026-05-18T15:12:00Z,2026-05-26T14:12:00Z
Y-705082,C-0045082,SLAB-505082,AREA-12,B2,3,2026-05-18T13:59:00Z,2026-05-28T12:59:00Z
Y-705083,C-0045083,SLAB-505083,AREA-13,B3,4,2026-05-17T14:59:00Z,2026-06-06T13:59:00Z
Y-705084,C-0045084,SLAB-505084,AREA-01,B4,5,2026-05-18T22:00:00Z,2026-05-31T21:00:00Z
Y-705085,C-0045085,SLAB-505085,AREA-02,B5,6,2026-05-18T14:02:00Z,2026-05-21T13:02:00Z
Y-705086,C-0045086,SLAB-505086,AREA-03,B6,7,2026-05-19T13:54:00Z,2026-06-08T12:54:00Z
Y-705087,C-0045087,SLAB-505087,AREA-04,B7,8,2026-05-18T03:54:00Z,2026-05-29T02:54:00Z
Y-705088,C-0045088,SLAB-505088,AREA-05,B8,9,2026-05-19T03:59:00Z,2026-05-31T02:59:00Z
Y-705089,C-0045089,SLAB-505089,AREA-06,B9,10,2026-05-19T10:57:00Z,2026-05-22T09:57:00Z
Y-705090,C-0045090,SLAB-505090,AREA-07,B1,11,2026-05-18T07:00:00Z,2026-05-28T06:00:00Z
Y-705091,C-0045091,SLAB-505091,AREA-08,B2,12,2026-05-19T17:03:00Z,2026-05-24T16:03:00Z
Y-705092,C-0045092,SLAB-505092,AREA-09,B3,13,2026-05-19T04:58:00Z,2026-06-07T03:58:00Z
Y-705093,C-0045093,SLAB-505093,AREA-10,B4,14,2026-05-17T22:27:00Z,2026-05-23T21:27:00Z
Y-705094,C-0045094,SLAB-505094,AREA-11,B5,15,2026-05-17T17:34:00Z,2026-06-04T16:34:00Z
Y-705095,C-0045095,SLAB-505095,AREA-12,B6,16,2026-05-19T07:31:00Z,2026-06-04T06:31:00Z
Y-705096,C-0045096,SLAB-505096,AREA-13,B7,17,2026-05-18T23:28:00Z,2026-06-05T22:28:00Z
Y-705097,C-0045097,SLAB-505097,AREA-01,B8,18,2026-05-18T09:28:00Z,2026-06-05T08:28:00Z
Y-705098,C-0045098,SLAB-505098,AREA-02,B9,19,2026-05-18T04:34:00Z,2026-06-06T03:34:00Z
Y-705099,C-0045099,SLAB-505099,AREA-03,B1,20,2026-05-18T10:33:00Z,2026-06-04T09:33:00Z
Y-705100,C-0045100,SLAB-505100,AREA-04,B2,21,2026-05-19T03:33:00Z,2026-06-08T02:33:00Z
Y-705101,C-0045101,SLAB-505101,AREA-05,B3,22,2026-05-18T04:53:00Z,2026-05-29T03:53:00Z
Y-705102,C-0045102,SLAB-505102,AREA-06,B4,23,2026-05-19T02:57:00Z,2026-05-22T01:57:00Z
Y-705103,C-0045103,SLAB-505103,AREA-07,B5,24,2026-05-18T23:59:00Z,2026-05-28T22:59:00Z
Y-705104,C-0045104,SLAB-505104,AREA-08,B6,25,2026-05-17T14:58:00Z,2026-05-25T13:58:00Z
Y-705105,C-0045105,SLAB-505105,AREA-09,B7,26,2026-05-19T13:52:00Z,2026-06-07T12:52:00Z
Y-705106,C-0045106,SLAB-505106,AREA-10,B8,27,2026-05-19T01:54:00Z,2026-05-23T00:54:00Z
Y-705107,C-0045107,SLAB-505107,AREA-11,B9,28,2026-05-18T16:55:00Z,2026-05-29T15:55:00Z
Y-705108,C-0045108,SLAB-505108,AREA-12,B1,29,2026-05-19T11:57:00Z,2026-06-05T10:57:00Z
Y-705109,C-0045109,SLAB-505109,AREA-13,B2,30,2026-05-18T16:59:00Z,2026-05-25T15:59:00Z
Y-705110,C-0045110,SLAB-505110,AREA-01,B3,31,2026-05-19T19:53:00Z,2026-05-23T18:53:00Z
Y-705111,C-0045111,SLAB-505111,AREA-02,B4,32,2026-05-17T19:49:00Z,2026-05-26T18:49:00Z
Y-705112,C-0045112,SLAB-505112,AREA-03,B5,33,2026-05-18T08:00:00Z,2026-06-03T07:00:00Z
Y-705113,C-0045113,SLAB-505113,AREA-04,B6,34,2026-05-18T15:56:00Z,2026-05-21T14:56:00Z
Y-705114,C-0045114,SLAB-505114,AREA-05,B7,35,2026-05-18T19:55:00Z,2026-05-29T18:55:00Z
Y-705115,C-0045115,SLAB-505115,AREA-06,B8,36,2026-05-18T04:57:00Z,2026-06-02T03:57:00Z
Y-705116,C-0045116,SLAB-505116,AREA-07,B9,37,2026-05-17T11:56:00Z,2026-05-25T10:56:00Z
Y-705117,C-0045117,SLAB-505117,AREA-08,B1,38,2026-05-17T19:03:00Z,2026-05-23T18:03:00Z
Y-705118,C-0045118,SLAB-505118,AREA-09,B2,39,2026-05-18T02:00:00Z,2026-06-03T01:00:00Z
Y-705119,C-0045119,SLAB-505119,AREA-10,B3,40,2026-05-19T14:43:00Z,2026-06-06T13:43:00Z
Y-705120,C-0045120,SLAB-505120,AREA-11,B4,1,2026-05-18T19:48:00Z,2026-05-28T18:48:00Z
Y-705121,C-0045121,SLAB-505121,AREA-12,B5,2,2026-05-17T16:45:00Z,2026-05-26T15:45:00Z
Y-705122,C-0045122,SLAB-505122,AREA-13,B6,3,2026-05-18T06:51:00Z,2026-05-20T05:51:00Z
Y-705123,C-0045123,SLAB-505123,AREA-01,B7,4,2026-05-19T18:51:00Z,2026-06-05T17:51:00Z
Y-705124,C-0045124,SLAB-505124,AREA-02,B8,5,2026-05-18T11:48:00Z,2026-05-27T10:48:00Z
Y-705125,C-0045125,SLAB-505125,AREA-03,B9,6,2026-05-18T23:44:00Z,2026-05-29T22:44:00Z
Y-705126,C-0045126,SLAB-505126,AREA-04,B1,7,2026-05-18T17:50:00Z,2026-05-23T16:50:00Z
Y-705127,C-0045127,SLAB-505127,AREA-05,B2,8,2026-05-18T13:46:00Z,2026-06-05T12:46:00Z
Y-705128,C-0045128,SLAB-505128,AREA-06,B3,9,2026-05-19T04:38:00Z,2026-05-23T03:38:00Z
Y-705129,C-0045129,SLAB-505129,AREA-07,B4,10,2026-05-19T12:40:00Z,2026-05-30T11:40:00Z
Y-705130,C-0045130,SLAB-505130,AREA-08,B5,11,2026-05-18T08:40:00Z,2026-06-01T07:40:00Z
Y-705131,C-0045131,SLAB-505131,AREA-09,B6,12,2026-05-18T13:40:00Z,2026-06-01T12:40:00Z
Y-705132,C-0045132,SLAB-505132,AREA-10,B7,13,2026-05-17T15:33:00Z,2026-05-30T14:33:00Z
Y-705133,C-0045133,SLAB-505133,AREA-11,B8,14,2026-05-19T08:39:00Z,2026-05-24T07:39:00Z
Y-705134,C-0045134,SLAB-505134,AREA-12,B9,15,2026-05-18T09:41:00Z,2026-06-02T08:41:00Z
Y-705135,C-0045135,SLAB-505135,AREA-13,B1,16,2026-05-18T13:48:00Z,2026-05-31T12:48:00Z
Y-705136,C-0045136,SLAB-505136,AREA-01,B2,17,2026-05-19T04:51:00Z,2026-06-07T03:51:00Z
Y-705137,C-0045137,SLAB-505137,AREA-02,B3,18,2026-05-19T01:51:00Z,2026-05-27T00:51:00Z
Y-705138,C-0045138,SLAB-505138,AREA-03,B4,19,2026-05-18T09:52:00Z,2026-05-30T08:52:00Z
Y-705139,C-0045139,SLAB-505139,AREA-04,B5,20,2026-05-19T08:45:00Z,2026-06-02T07:45:00Z
Y-705140,C-0045140,SLAB-505140,AREA-05,B6,21,2026-05-18T12:42:00Z,2026-05-28T11:42:00Z
Y-705141,C-0045141,SLAB-505141,AREA-06,B7,22,2026-05-19T12:50:00Z,2026-06-01T11:50:00Z
Y-705142,C-0045142,SLAB-505142,AREA-07,B8,23,2026-05-18T13:40:00Z,2026-06-06T12:40:00Z
Y-705143,C-0045143,SLAB-505143,AREA-08,B9,24,2026-05-18T14:39:00Z,2026-06-05T13:39:00Z
Y-705144,C-0045144,SLAB-505144,AREA-09,B1,25,2026-05-19T21:36:00Z,2026-05-22T20:36:00Z
Y-705145,C-0045145,SLAB-505145,AREA-10,B2,26,2026-05-18T20:36:00Z,2026-06-05T19:36:00Z
Y-705146,C-0045146,SLAB-505146,AREA-11,B3,27,2026-05-19T04:34:00Z,2026-05-30T03:34:00Z
Y-705147,C-0045147,SLAB-505147,AREA-12,B4,28,2026-05-19T05:42:00Z,2026-05-24T04:42:00Z
Y-705148,C-0045148,SLAB-505148,AREA-13,B5,29,2026-05-19T05:40:00Z,2026-05-26T04:40:00Z
Y-705149,C-0045149,SLAB-505149,AREA-01,B6,30,2026-05-17T22:39:00Z,2026-06-04T21:39:00Z
Y-705150,C-0045150,SLAB-505150,AREA-02,B7,31,2026-05-19T01:32:00Z,2026-06-01T00:32:00Z
Y-705151,C-0045151,SLAB-505151,AREA-03,B8,32,2026-05-18T10:04:00Z,2026-05-23T09:04:00Z
Y-705152,C-0045152,SLAB-505152,AREA-04,B9,33,2026-05-19T22:07:00Z,2026-05-30T21:07:00Z
Y-705153,C-0045153,SLAB-505153,AREA-05,B1,34,2026-05-18T11:11:00Z,2026-05-21T10:11:00Z
Y-705154,C-0045154,SLAB-505154,AREA-06,B2,35,2026-05-18T11:06:00Z,2026-06-07T10:06:00Z
Y-705155,C-0045155,SLAB-505155,AREA-07,B3,36,2026-05-18T03:13:00Z,2026-05-22T02:13:00Z
Y-705156,C-0045156,SLAB-505156,AREA-08,B4,37,2026-05-19T07:09:00Z,2026-06-02T06:09:00Z
Y-705157,C-0045157,SLAB-505157,AREA-09,B5,38,2026-05-19T01:12:00Z,2026-06-06T00:12:00Z
Y-705158,C-0045158,SLAB-505158,AREA-10,B6,39,2026-05-19T04:10:00Z,2026-05-28T03:10:00Z
Y-705159,C-0045159,SLAB-505159,AREA-11,B7,40,2026-05-19T12:08:00Z,2026-05-25T11:08:00Z
Y-705160,C-0045160,SLAB-505160,AREA-12,B8,1,2026-05-19T01:12:00Z,2026-05-28T00:12:00Z
Y-705161,C-0045161,SLAB-505161,AREA-13,B9,2,2026-05-19T23:40:00Z,2026-05-29T22:40:00Z
Y-705162,C-0045162,SLAB-505162,AREA-01,B1,3,2026-05-20T10:47:00Z,2026-05-28T09:47:00Z
Y-705163,C-0045163,SLAB-505163,AREA-02,B2,4,2026-05-18T15:47:00Z,2026-06-02T14:47:00Z
Y-705164,C-0045164,SLAB-505164,AREA-03,B3,5,2026-05-17T16:42:00Z,2026-05-28T15:42:00Z
Y-705165,C-0045165,SLAB-505165,AREA-04,B4,6,2026-05-20T02:48:00Z,2026-05-24T01:48:00Z
Y-705166,C-0045166,SLAB-505166,AREA-05,B5,7,2026-05-18T16:50:00Z,2026-06-05T15:50:00Z
Y-705167,C-0045167,SLAB-505167,AREA-06,B6,8,2026-05-18T19:47:00Z,2026-06-05T18:47:00Z
Y-705168,C-0045168,SLAB-505168,AREA-07,B7,9,2026-05-19T12:49:00Z,2026-06-03T11:49:00Z
Y-705169,C-0045169,SLAB-505169,AREA-08,B8,10,2026-05-19T01:51:00Z,2026-06-04T00:51:00Z
Y-705170,C-0045170,SLAB-505170,AREA-09,B9,11,2026-05-19T02:50:00Z,2026-05-31T01:50:00Z
Y-705171,C-0045171,SLAB-505171,AREA-10,B1,12,2026-05-19T01:46:00Z,2026-06-03T00:46:00Z
Y-705172,C-0045172,SLAB-505172,AREA-11,B2,13,2026-05-18T04:44:00Z,2026-05-20T03:44:00Z
Y-705173,C-0045173,SLAB-505173,AREA-12,B3,14,2026-05-19T17:38:00Z,2026-06-07T16:38:00Z
Y-705174,C-0045174,SLAB-505174,AREA-13,B4,15,2026-05-20T03:42:00Z,2026-05-30T02:42:00Z
Y-705175,C-0045175,SLAB-505175,AREA-01,B5,16,2026-05-18T22:45:00Z,2026-05-30T21:45:00Z
Y-705176,C-0045176,SLAB-505176,AREA-02,B6,17,2026-05-18T00:39:00Z,2026-05-19T23:39:00Z
Y-705177,C-0045177,SLAB-505177,AREA-03,B7,18,2026-05-17T23:40:00Z,2026-06-01T22:40:00Z
Y-705178,C-0045178,SLAB-505178,AREA-04,B8,19,2026-05-18T21:43:00Z,2026-06-03T20:43:00Z
Y-705179,C-0045179,SLAB-505179,AREA-05,B9,20,2026-05-18T06:40:00Z,2026-05-28T05:40:00Z
Y-705180,C-0045180,SLAB-505180,AREA-06,B1,21,2026-05-19T07:37:00Z,2026-05-29T06:37:00Z
Y-705181,C-0045181,SLAB-505181,AREA-07,B2,22,2026-05-19T14:42:00Z,2026-05-25T13:42:00Z
Y-705182,C-0045182,SLAB-505182,AREA-08,B3,23,2026-05-19T16:10:00Z,2026-05-22T15:10:00Z
Y-705183,C-0045183,SLAB-505183,AREA-09,B4,24,2026-05-19T23:14:00Z,2026-06-07T22:14:00Z
Y-705184,C-0045184,SLAB-505184,AREA-10,B5,25,2026-05-18T04:13:00Z,2026-05-31T03:13:00Z
Y-705185,C-0045185,SLAB-505185,AREA-11,B6,26,2026-05-19T10:13:00Z,2026-05-26T09:13:00Z
Y-705186,C-0045186,SLAB-505186,AREA-12,B7,27,2026-05-18T21:11:00Z,2026-06-04T20:11:00Z
Y-705187,C-0045187,SLAB-505187,AREA-13,B8,28,2026-05-19T15:12:00Z,2026-05-31T14:12:00Z
Y-705188,C-0045188,SLAB-505188,AREA-01,B9,29,2026-05-19T04:15:00Z,2026-05-28T03:15:00Z
Y-705189,C-0045189,SLAB-505189,AREA-02,B1,30,2026-05-18T06:11:00Z,2026-05-20T05:11:00Z
Y-705190,C-0045190,SLAB-505190,AREA-03,B2,31,2026-05-20T09:20:00Z,2026-05-23T08:20:00Z
Y-705191,C-0045191,SLAB-505191,AREA-04,B3,32,2026-05-19T11:17:00Z,2026-05-21T10:17:00Z
Y-705192,C-0045192,SLAB-505192,AREA-05,B4,33,2026-05-19T17:10:00Z,2026-05-22T16:10:00Z
Y-705193,C-0045193,SLAB-505193,AREA-06,B5,34,2026-05-17T23:05:00Z,2026-06-01T22:05:00Z
Y-705194,C-0045194,SLAB-505194,AREA-07,B6,35,2026-05-20T04:09:00Z,2026-05-25T03:09:00Z
Y-705195,C-0045195,SLAB-505195,AREA-08,B7,36,2026-05-19T17:58:00Z,2026-05-24T16:58:00Z
Y-705196,C-0045196,SLAB-505196,AREA-09,B8,37,2026-05-19T01:05:00Z,2026-06-01T00:05:00Z
Y-705197,C-0045197,SLAB-505197,AREA-10,B9,38,2026-05-19T10:55:00Z,2026-05-27T09:55:00Z
Y-705198,C-0045198,SLAB-505198,AREA-11,B1,39,2026-05-19T07:56:00Z,2026-05-31T06:56:00Z
Y-705199,C-0045199,SLAB-505199,AREA-12,B2,40,2026-05-18T15:07:00Z,2026-05-28T14:07:00Z
Y-705200,C-0045200,SLAB-505200,AREA-13,B3,1,2026-05-18T19:03:00Z,2026-05-27T18:03:00Z
Y-705201,C-0045201,SLAB-505201,AREA-01,B4,2,2026-05-20T10:05:00Z,2026-06-04T09:05:00Z
Y-705202,C-0045202,SLAB-505202,AREA-02,B5,3,2026-05-18T08:44:00Z,2026-06-03T07:44:00Z
Y-705203,C-0045203,SLAB-505203,AREA-03,B6,4,2026-05-18T11:41:00Z,2026-05-24T10:41:00Z
Y-705204,C-0045204,SLAB-505204,AREA-04,B7,5,2026-05-18T22:36:00Z,2026-05-25T21:36:00Z
Y-705205,C-0045205,SLAB-505205,AREA-05,B8,6,2026-05-19T19:41:00Z,2026-05-26T18:41:00Z
Y-705206,C-0045206,SLAB-505206,AREA-06,B9,7,2026-05-18T10:44:00Z,2026-06-01T09:44:00Z
Y-705207,C-0045207,SLAB-505207,AREA-07,B1,8,2026-05-18T22:37:00Z,2026-05-30T21:37:00Z
Y-705208,C-0045208,SLAB-505208,AREA-08,B2,9,2026-05-17T20:40:00Z,2026-06-04T19:40:00Z
Y-705209,C-0045209,SLAB-505209,AREA-09,B3,10,2026-05-19T13:35:00Z,2026-06-04T12:35:00Z
Y-705210,C-0045210,SLAB-505210,AREA-10,B4,11,2026-05-19T02:35:00Z,2026-06-08T01:35:00Z
Y-705211,C-0045211,SLAB-505211,AREA-11,B5,12,2026-05-19T02:35:00Z,2026-05-25T01:35:00Z
Y-705212,C-0045212,SLAB-505212,AREA-12,B6,13,2026-05-20T00:42:00Z,2026-05-30T23:42:00Z
Y-705213,C-0045213,SLAB-505213,AREA-13,B7,14,2026-05-17T16:29:00Z,2026-05-24T15:29:00Z
Y-705214,C-0045214,SLAB-505214,AREA-01,B8,15,2026-05-18T09:27:00Z,2026-06-04T08:27:00Z
Y-705215,C-0045215,SLAB-505215,AREA-02,B9,16,2026-05-19T13:31:00Z,2026-06-07T12:31:00Z
Y-705216,C-0045216,SLAB-505216,AREA-03,B1,17,2026-05-18T22:23:00Z,2026-05-21T21:23:00Z
Y-705217,C-0045217,SLAB-505217,AREA-04,B2,18,2026-05-19T06:24:00Z,2026-05-24T05:24:00Z
Y-705218,C-0045218,SLAB-505218,AREA-05,B3,19,2026-05-19T04:28:00Z,2026-06-03T03:28:00Z
Y-705219,C-0045219,SLAB-505219,AREA-06,B4,20,2026-05-18T05:29:00Z,2026-05-25T04:29:00Z
Y-705220,C-0045220,SLAB-505220,AREA-07,B5,21,2026-05-18T09:24:00Z,2026-05-25T08:24:00Z
Y-705221,C-0045221,SLAB-505221,AREA-08,B6,22,2026-05-18T16:30:00Z,2026-05-20T15:30:00Z
Y-705222,C-0045222,SLAB-505222,AREA-09,B7,23,2026-05-19T12:17:00Z,2026-05-26T11:17:00Z
Y-705223,C-0045223,SLAB-505223,AREA-10,B8,24,2026-05-20T05:11:00Z,2026-06-05T04:11:00Z
Y-705224,C-0045224,SLAB-505224,AREA-11,B9,25,2026-05-18T14:16:00Z,2026-05-30T13:16:00Z
Y-705225,C-0045225,SLAB-505225,AREA-12,B1,26,2026-05-19T00:16:00Z,2026-05-23T23:16:00Z
Y-705226,C-0045226,SLAB-505226,AREA-13,B2,27,2026-05-19T01:14:00Z,2026-05-28T00:14:00Z
Y-705227,C-0045227,SLAB-505227,AREA-01,B3,28,2026-05-19T10:21:00Z,2026-06-06T09:21:00Z
Y-705228,C-0045228,SLAB-505228,AREA-02,B4,29,2026-05-18T17:18:00Z,2026-06-04T16:18:00Z
Y-705229,C-0045229,SLAB-505229,AREA-03,B5,30,2026-05-19T00:10:00Z,2026-05-22T23:10:00Z
Y-705230,C-0045230,SLAB-505230,AREA-04,B6,31,2026-05-18T12:12:00Z,2026-06-07T11:12:00Z
Y-705231,C-0045231,SLAB-505231,AREA-05,B7,32,2026-05-18T01:17:00Z,2026-06-05T00:17:00Z
Y-705232,C-0045232,SLAB-505232,AREA-06,B8,33,2026-05-18T08:40:00Z,2026-05-29T07:40:00Z
Y-705233,C-0045233,SLAB-505233,AREA-07,B9,34,2026-05-19T17:30:00Z,2026-05-30T16:30:00Z
Y-705234,C-0045234,SLAB-505234,AREA-08,B1,35,2026-05-18T15:35:00Z,2026-05-29T14:35:00Z
Y-705235,C-0045235,SLAB-505235,AREA-09,B2,36,2026-05-17T19:42:00Z,2026-05-24T18:42:00Z
Y-705236,C-0045236,SLAB-505236,AREA-10,B3,37,2026-05-19T17:34:00Z,2026-06-02T16:34:00Z
Y-705237,C-0045237,SLAB-505237,AREA-11,B4,38,2026-05-18T13:34:00Z,2026-05-29T12:34:00Z
Y-705238,C-0045238,SLAB-505238,AREA-12,B5,39,2026-05-18T08:37:00Z,2026-05-30T07:37:00Z
Y-705239,C-0045239,SLAB-505239,AREA-13,B6,40,2026-05-18T20:37:00Z,2026-06-03T19:37:00Z
Y-705240,C-0045240,SLAB-505240,AREA-01,B7,1,2026-05-19T21:36:00Z,2026-05-26T20:36:00Z
Y-705241,C-0045241,SLAB-505241,AREA-02,B8,2,2026-05-18T11:39:00Z,2026-06-07T10:39:00Z
Y-705242,C-0045242,SLAB-505242,AREA-03,B9,3,2026-05-19T06:27:00Z,2026-06-06T05:27:00Z
Y-705243,C-0045243,SLAB-505243,AREA-04,B1,4,2026-05-19T01:27:00Z,2026-05-23T00:27:00Z
Y-705244,C-0045244,SLAB-505244,AREA-05,B2,5,2026-05-18T23:32:00Z,2026-05-21T22:32:00Z
Y-705245,C-0045245,SLAB-505245,AREA-06,B3,6,2026-05-18T14:27:00Z,2026-05-21T13:27:00Z
Y-705246,C-0045246,SLAB-505246,AREA-07,B4,7,2026-05-19T22:25:00Z,2026-05-30T21:25:00Z
Y-705247,C-0045247,SLAB-505247,AREA-08,B5,8,2026-05-19T08:25:00Z,2026-06-07T07:25:00Z
Y-705248,C-0045248,SLAB-505248,AREA-09,B6,9,2026-05-19T10:33:00Z,2026-05-30T09:33:00Z
Y-705249,C-0045249,SLAB-505249,AREA-10,B7,10,2026-05-19T15:21:00Z,2026-05-29T14:21:00Z
Y-705250,C-0045250,SLAB-505250,AREA-11,B8,11,2026-05-18T06:28:00Z,2026-05-25T05:28:00Z
Y-705251,C-0045251,SLAB-505251,AREA-12,B9,12,2026-05-19T01:05:00Z,2026-05-27T00:05:00Z
Y-705252,C-0045252,SLAB-505252,AREA-13,B1,13,2026-05-19T14:01:00Z,2026-06-02T13:01:00Z
Y-705253,C-0045253,SLAB-505253,AREA-01,B2,14,2026-05-18T23:55:00Z,2026-06-06T22:55:00Z
Y-705254,C-0045254,SLAB-505254,AREA-02,B3,15,2026-05-18T06:02:00Z,2026-05-20T05:02:00Z
Y-705255,C-0045255,SLAB-505255,AREA-03,B4,16,2026-05-20T00:06:00Z,2026-05-30T23:06:00Z
Y-705256,C-0045256,SLAB-505256,AREA-04,B5,17,2026-05-19T01:06:00Z,2026-05-31T00:06:00Z
Y-705257,C-0045257,SLAB-505257,AREA-05,B6,18,2026-05-19T17:02:00Z,2026-06-08T16:02:00Z
Y-705258,C-0045258,SLAB-505258,AREA-06,B7,19,2026-05-18T14:06:00Z,2026-05-24T13:06:00Z
Y-705259,C-0045259,SLAB-505259,AREA-07,B8,20,2026-05-19T09:06:00Z,2026-05-21T08:06:00Z
Y-705260,C-0045260,SLAB-505260,AREA-08,B9,21,2026-05-19T23:58:00Z,2026-06-04T22:58:00Z
Y-705261,C-0045261,SLAB-505261,AREA-09,B1,22,2026-05-19T09:00:00Z,2026-05-22T08:00:00Z
Y-705262,C-0045262,SLAB-505262,AREA-10,B2,23,2026-05-20T09:53:00Z,2026-06-02T08:53:00Z
Y-705263,C-0045263,SLAB-505263,AREA-11,B3,24,2026-05-18T17:46:00Z,2026-05-30T16:46:00Z
Y-705264,C-0045264,SLAB-505264,AREA-12,B4,25,2026-05-19T04:51:00Z,2026-06-05T03:51:00Z
Y-705265,C-0045265,SLAB-505265,AREA-13,B5,26,2026-05-19T00:47:00Z,2026-05-27T23:47:00Z
Y-705266,C-0045266,SLAB-505266,AREA-01,B6,27,2026-05-18T19:44:00Z,2026-06-03T18:44:00Z
Y-705267,C-0045267,SLAB-505267,AREA-02,B7,28,2026-05-20T08:47:00Z,2026-06-07T07:47:00Z
Y-705268,C-0045268,SLAB-505268,AREA-03,B8,29,2026-05-19T11:50:00Z,2026-06-08T10:50:00Z
Y-705269,C-0045269,SLAB-505269,AREA-04,B9,30,2026-05-19T16:45:00Z,2026-05-27T15:45:00Z
Y-705270,C-0045270,SLAB-505270,AREA-05,B1,31,2026-05-19T10:42:00Z,2026-05-31T09:42:00Z
Y-705271,C-0045271,SLAB-505271,AREA-06,B2,32,2026-05-20T03:43:00Z,2026-05-26T02:43:00Z
Y-705272,C-0045272,SLAB-505272,AREA-07,B3,33,2026-05-18T21:41:00Z,2026-06-04T20:41:00Z
Y-705273,C-0045273,SLAB-505273,AREA-08,B4,34,2026-05-18T21:40:00Z,2026-06-01T20:40:00Z
Y-705274,C-0045274,SLAB-505274,AREA-09,B5,35,2026-05-19T02:44:00Z,2026-06-08T01:44:00Z
Y-705275,C-0045275,SLAB-505275,AREA-10,B6,36,2026-05-19T19:40:00Z,2026-06-02T18:40:00Z
Y-705276,C-0045276,SLAB-505276,AREA-11,B7,37,2026-05-20T05:47:00Z,2026-05-27T04:47:00Z
Y-705277,C-0045277,SLAB-505277,AREA-12,B8,38,2026-05-18T04:48:00Z,2026-05-24T03:48:00Z
Y-705278,C-0045278,SLAB-505278,AREA-13,B9,39,2026-05-19T10:40:00Z,2026-06-07T09:40:00Z
Y-705279,C-0045279,SLAB-505279,AREA-01,B1,40,2026-05-19T09:48:00Z,2026-06-08T08:48:00Z
Y-705280,C-0045280,SLAB-505280,AREA-02,B2,1,2026-05-18T09:13:00Z,2026-05-21T08:13:00Z
Y-705281,C-0045281,SLAB-505281,AREA-03,B3,2,2026-05-20T02:22:00Z,2026-05-22T01:22:00Z
Y-705282,C-0045282,SLAB-505282,AREA-04,B4,3,2026-05-19T05:19:00Z,2026-06-07T04:19:00Z
Y-705283,C-0045283,SLAB-505283,AREA-05,B5,4,2026-05-19T11:19:00Z,2026-05-23T10:19:00Z
Y-705284,C-0045284,SLAB-505284,AREA-06,B6,5,2026-05-19T00:18:00Z,2026-06-07T23:18:00Z
Y-705285,C-0045285,SLAB-505285,AREA-07,B7,6,2026-05-19T10:19:00Z,2026-05-23T09:19:00Z
Y-705286,C-0045286,SLAB-505286,AREA-08,B8,7,2026-05-20T02:15:00Z,2026-06-03T01:15:00Z
Y-705287,C-0045287,SLAB-505287,AREA-09,B9,8,2026-05-18T20:24:00Z,2026-05-25T19:24:00Z
Y-705288,C-0045288,SLAB-505288,AREA-10,B1,9,2026-05-19T04:39:00Z,2026-05-24T03:39:00Z
Y-705289,C-0045289,SLAB-505289,AREA-11,B2,10,2026-05-20T02:45:00Z,2026-06-04T01:45:00Z
Y-705290,C-0045290,SLAB-505290,AREA-12,B3,11,2026-05-20T11:46:00Z,2026-06-02T10:46:00Z
Y-705291,C-0045291,SLAB-505291,AREA-13,B4,12,2026-05-19T23:44:00Z,2026-05-30T22:44:00Z
Y-705292,C-0045292,SLAB-505292,AREA-01,B5,13,2026-05-20T06:40:00Z,2026-05-23T05:40:00Z
Y-705293,C-0045293,SLAB-505293,AREA-02,B6,14,2026-05-19T22:47:00Z,2026-06-07T21:47:00Z
Y-705294,C-0045294,SLAB-505294,AREA-03,B7,15,2026-05-20T02:38:00Z,2026-05-31T01:38:00Z
Y-705295,C-0045295,SLAB-505295,AREA-04,B8,16,2026-05-18T23:42:00Z,2026-06-03T22:42:00Z
Y-705296,C-0045296,SLAB-505296,AREA-05,B9,17,2026-05-20T01:37:00Z,2026-06-06T00:37:00Z
Y-705297,C-0045297,SLAB-505297,AREA-06,B1,18,2026-05-19T10:44:00Z,2026-06-06T09:44:00Z
Y-705298,C-0045298,SLAB-505298,AREA-07,B2,19,2026-05-19T17:44:00Z,2026-05-22T16:44:00Z
Y-705299,C-0045299,SLAB-505299,AREA-08,B3,20,2026-05-19T22:45:00Z,2026-05-27T21:45:00Z
Y-705300,C-0045300,SLAB-505300,AREA-09,B4,21,2026-05-19T12:37:00Z,2026-05-31T11:37:00Z
Y-705301,C-0045301,SLAB-505301,AREA-10,B5,22,2026-05-19T10:37:00Z,2026-06-08T09:37:00Z
Y-705302,C-0045302,SLAB-505302,AREA-11,B6,23,2026-05-19T13:37:00Z,2026-05-27T12:37:00Z
Y-705303,C-0045303,SLAB-505303,AREA-12,B7,24,2026-05-18T04:42:00Z,2026-06-05T03:42:00Z
Y-705304,C-0045304,SLAB-505304,AREA-13,B8,25,2026-05-19T22:39:00Z,2026-05-23T21:39:00Z
Y-705305,C-0045305,SLAB-505305,AREA-01,B9,26,2026-05-18T19:37:00Z,2026-05-29T18:37:00Z
Y-705306,C-0045306,SLAB-505306,AREA-02,B1,27,2026-05-19T02:20:00Z,2026-06-07T01:20:00Z
Y-705307,C-0045307,SLAB-505307,AREA-03,B2,28,2026-05-19T20:20:00Z,2026-05-31T19:20:00Z
Y-705308,C-0045308,SLAB-505308,AREA-04,B3,29,2026-05-18T02:15:00Z,2026-05-21T01:15:00Z
Y-705309,C-0045309,SLAB-505309,AREA-05,B4,30,2026-05-20T07:15:00Z,2026-05-22T06:15:00Z
Y-705310,C-0045310,SLAB-505310,AREA-06,B5,31,2026-05-19T15:13:00Z,2026-05-24T14:13:00Z
Y-705311,C-0045311,SLAB-505311,AREA-07,B6,32,2026-05-19T14:16:00Z,2026-05-25T13:16:00Z
Y-705312,C-0045312,SLAB-505312,AREA-08,B7,33,2026-05-19T02:18:00Z,2026-06-02T01:18:00Z
Y-705313,C-0045313,SLAB-505313,AREA-09,B8,34,2026-05-18T15:20:00Z,2026-05-25T14:20:00Z
Y-705314,C-0045314,SLAB-505314,AREA-10,B9,35,2026-05-19T15:21:00Z,2026-06-07T14:21:00Z
Y-705315,C-0045315,SLAB-505315,AREA-11,B1,36,2026-05-20T08:14:00Z,2026-06-03T07:14:00Z
Y-705316,C-0045316,SLAB-505316,AREA-12,B2,37,2026-05-19T00:15:00Z,2026-05-24T23:15:00Z
Y-705317,C-0045317,SLAB-505317,AREA-13,B3,38,2026-05-18T20:52:00Z,2026-05-28T19:52:00Z
Y-705318,C-0045318,SLAB-505318,AREA-01,B4,39,2026-05-19T17:48:00Z,2026-06-07T16:48:00Z
Y-705319,C-0045319,SLAB-505319,AREA-02,B5,40,2026-05-19T14:53:00Z,2026-05-25T13:53:00Z
Y-705320,C-0045320,SLAB-505320,AREA-03,B6,1,2026-05-19T01:47:00Z,2026-05-22T00:47:00Z
Y-705321,C-0045321,SLAB-505321,AREA-04,B7,2,2026-05-19T03:53:00Z,2026-05-29T02:53:00Z
Y-705322,C-0045322,SLAB-505322,AREA-05,B8,3,2026-05-19T15:53:00Z,2026-05-27T14:53:00Z
Y-705323,C-0045323,SLAB-505323,AREA-06,B9,4,2026-05-19T03:51:00Z,2026-06-01T02:51:00Z
Y-705324,C-0045324,SLAB-505324,AREA-07,B1,5,2026-05-18T19:47:00Z,2026-05-22T18:47:00Z
Y-705325,C-0045325,SLAB-505325,AREA-08,B2,6,2026-05-19T02:54:00Z,2026-06-02T01:54:00Z
Y-705326,C-0045326,SLAB-505326,AREA-09,B3,7,2026-05-18T08:56:00Z,2026-05-23T07:56:00Z
Y-705327,C-0045327,SLAB-505327,AREA-10,B4,8,2026-05-19T15:44:00Z,2026-06-08T14:44:00Z
Y-705328,C-0045328,SLAB-505328,AREA-11,B5,9,2026-05-19T22:49:00Z,2026-05-26T21:49:00Z
Y-705329,C-0045329,SLAB-505329,AREA-12,B6,10,2026-05-19T05:50:00Z,2026-05-25T04:50:00Z
Y-705330,C-0045330,SLAB-505330,AREA-13,B7,11,2026-05-19T16:53:00Z,2026-06-01T15:53:00Z
Y-705331,C-0045331,SLAB-505331,AREA-01,B8,12,2026-05-19T07:53:00Z,2026-05-28T06:53:00Z
Y-705332,C-0045332,SLAB-505332,AREA-02,B9,13,2026-05-19T22:49:00Z,2026-06-06T21:49:00Z
Y-705333,C-0045333,SLAB-505333,AREA-03,B1,14,2026-05-19T11:46:00Z,2026-05-23T10:46:00Z
Y-705334,C-0045334,SLAB-505334,AREA-04,B2,15,2026-05-19T20:51:00Z,2026-05-24T19:51:00Z
Y-705335,C-0045335,SLAB-505335,AREA-05,B3,16,2026-05-19T13:51:00Z,2026-05-29T12:51:00Z
Y-705336,C-0045336,SLAB-505336,AREA-06,B4,17,2026-05-19T22:35:00Z,2026-05-26T21:35:00Z
Y-705337,C-0045337,SLAB-505337,AREA-07,B5,18,2026-05-20T21:32:00Z,2026-05-25T20:32:00Z
Y-705338,C-0045338,SLAB-505338,AREA-08,B6,19,2026-05-20T03:31:00Z,2026-06-01T02:31:00Z
Y-705339,C-0045339,SLAB-505339,AREA-09,B7,20,2026-05-19T02:31:00Z,2026-05-21T01:31:00Z
Y-705340,C-0045340,SLAB-505340,AREA-10,B8,21,2026-05-19T10:34:00Z,2026-06-02T09:34:00Z
Y-705341,C-0045341,SLAB-505341,AREA-11,B9,22,2026-05-18T10:29:00Z,2026-06-02T09:29:00Z
Y-705342,C-0045342,SLAB-505342,AREA-12,B1,23,2026-05-19T03:27:00Z,2026-05-25T02:27:00Z
Y-705343,C-0045343,SLAB-505343,AREA-13,B2,24,2026-05-19T09:32:00Z,2026-06-04T08:32:00Z
Y-705344,C-0045344,SLAB-505344,AREA-01,B3,25,2026-05-20T11:33:00Z,2026-05-30T10:33:00Z
Y-705345,C-0045345,SLAB-505345,AREA-02,B4,26,2026-05-19T12:34:00Z,2026-05-31T11:34:00Z
Y-705346,C-0045346,SLAB-505346,AREA-03,B5,27,2026-05-20T03:42:00Z,2026-05-30T02:42:00Z
Y-705347,C-0045347,SLAB-505347,AREA-04,B6,28,2026-05-19T06:41:00Z,2026-06-05T05:41:00Z
Y-705348,C-0045348,SLAB-505348,AREA-05,B7,29,2026-05-19T19:34:00Z,2026-05-23T18:34:00Z
Y-705349,C-0045349,SLAB-505349,AREA-06,B8,30,2026-05-19T16:36:00Z,2026-06-02T15:36:00Z
Y-705350,C-0045350,SLAB-505350,AREA-07,B9,31,2026-05-19T03:41:00Z,2026-05-27T02:41:00Z
Y-705351,C-0045351,SLAB-505351,AREA-08,B1,32,2026-05-19T02:37:00Z,2026-06-08T01:37:00Z
Y-705352,C-0045352,SLAB-505352,AREA-09,B2,33,2026-05-20T04:38:00Z,2026-05-29T03:38:00Z
Y-705353,C-0045353,SLAB-505353,AREA-10,B3,34,2026-05-19T02:44:00Z,2026-05-26T01:44:00Z
Y-705354,C-0045354,SLAB-505354,AREA-11,B4,35,2026-05-20T02:39:00Z,2026-05-25T01:39:00Z
Y-705355,C-0045355,SLAB-505355,AREA-12,B5,36,2026-05-19T12:38:00Z,2026-06-05T11:38:00Z
Y-705356,C-0045356,SLAB-505356,AREA-13,B6,37,2026-05-18T16:43:00Z,2026-05-27T15:43:00Z
Y-705357,C-0045357,SLAB-505357,AREA-01,B7,38,2026-05-20T14:38:00Z,2026-06-06T13:38:00Z
Y-705358,C-0045358,SLAB-505358,AREA-02,B8,39,2026-05-19T16:41:00Z,2026-06-05T15:41:00Z
Y-705359,C-0045359,SLAB-505359,AREA-03,B9,40,2026-05-18T23:37:00Z,2026-05-28T22:37:00Z
Y-705360,C-0045360,SLAB-505360,AREA-04,B1,1,2026-05-18T08:40:00Z,2026-06-06T07:40:00Z
Y-705361,C-0045361,SLAB-505361,AREA-05,B2,2,2026-05-19T09:43:00Z,2026-06-05T08:43:00Z
Y-705362,C-0045362,SLAB-505362,AREA-06,B3,3,2026-05-19T00:39:00Z,2026-05-22T23:39:00Z
Y-705363,C-0045363,SLAB-505363,AREA-07,B4,4,2026-05-19T01:40:00Z,2026-05-31T00:40:00Z
Y-705364,C-0045364,SLAB-505364,AREA-08,B5,5,2026-05-19T18:41:00Z,2026-06-01T17:41:00Z
Y-705365,C-0045365,SLAB-505365,AREA-09,B6,6,2026-05-19T01:45:00Z,2026-05-26T00:45:00Z
Y-705366,C-0045366,SLAB-505366,AREA-10,B7,7,2026-05-20T03:09:00Z,2026-06-02T02:09:00Z
Y-705367,C-0045367,SLAB-505367,AREA-11,B8,8,2026-05-19T07:16:00Z,2026-05-27T06:16:00Z
Y-705368,C-0045368,SLAB-505368,AREA-12,B9,9,2026-05-19T22:12:00Z,2026-06-03T21:12:00Z
Y-705369,C-0045369,SLAB-505369,AREA-13,B1,10,2026-05-18T14:07:00Z,2026-06-01T13:07:00Z
Y-705370,C-0045370,SLAB-505370,AREA-01,B2,11,2026-05-19T12:16:00Z,2026-06-03T11:16:00Z
Y-705371,C-0045371,SLAB-505371,AREA-02,B3,12,2026-05-19T19:18:00Z,2026-05-27T18:18:00Z
Y-705372,C-0045372,SLAB-505372,AREA-03,B4,13,2026-05-20T17:12:00Z,2026-05-22T16:12:00Z
Y-705373,C-0045373,SLAB-505373,AREA-04,B5,14,2026-05-20T02:14:00Z,2026-06-02T01:14:00Z
Y-705374,C-0045374,SLAB-505374,AREA-05,B6,15,2026-05-19T08:17:00Z,2026-05-29T07:17:00Z
Y-705375,C-0045375,SLAB-505375,AREA-06,B7,16,2026-05-19T08:11:00Z,2026-05-22T07:11:00Z
Y-705376,C-0045376,SLAB-505376,AREA-07,B8,17,2026-05-19T11:56:00Z,2026-05-29T10:56:00Z
Y-705377,C-0045377,SLAB-505377,AREA-08,B9,18,2026-05-18T16:51:00Z,2026-06-06T15:51:00Z
Y-705378,C-0045378,SLAB-505378,AREA-09,B1,19,2026-05-19T15:53:00Z,2026-05-29T14:53:00Z
Y-705379,C-0045379,SLAB-505379,AREA-10,B2,20,2026-05-19T07:51:00Z,2026-05-30T06:51:00Z
Y-705380,C-0045380,SLAB-505380,AREA-11,B3,21,2026-05-19T05:48:00Z,2026-06-06T04:48:00Z
Y-705381,C-0045381,SLAB-505381,AREA-12,B4,22,2026-05-20T09:54:00Z,2026-06-03T08:54:00Z
Y-705382,C-0045382,SLAB-505382,AREA-13,B5,23,2026-05-19T13:50:00Z,2026-05-30T12:50:00Z
Y-705383,C-0045383,SLAB-505383,AREA-01,B6,24,2026-05-19T02:49:00Z,2026-05-27T01:49:00Z
Y-705384,C-0045384,SLAB-505384,AREA-02,B7,25,2026-05-19T20:53:00Z,2026-05-26T19:53:00Z
Y-705385,C-0045385,SLAB-505385,AREA-03,B8,26,2026-05-19T13:22:00Z,2026-05-28T12:22:00Z
Y-705386,C-0045386,SLAB-505386,AREA-04,B9,27,2026-05-18T18:19:00Z,2026-06-01T17:19:00Z
Y-705387,C-0045387,SLAB-505387,AREA-05,B1,28,2026-05-20T04:18:00Z,2026-05-26T03:18:00Z
Y-705388,C-0045388,SLAB-505388,AREA-06,B2,29,2026-05-19T23:22:00Z,2026-05-25T22:22:00Z
Y-705389,C-0045389,SLAB-505389,AREA-07,B3,30,2026-05-20T15:26:00Z,2026-05-30T14:26:00Z
Y-705390,C-0045390,SLAB-505390,AREA-08,B4,31,2026-05-18T05:24:00Z,2026-05-29T04:24:00Z
Y-705391,C-0045391,SLAB-505391,AREA-09,B5,32,2026-05-18T09:17:00Z,2026-05-23T08:17:00Z
Y-705392,C-0045392,SLAB-505392,AREA-10,B6,33,2026-05-18T08:23:00Z,2026-05-24T07:23:00Z
Y-705393,C-0045393,SLAB-505393,AREA-11,B7,34,2026-05-19T07:33:00Z,2026-06-01T06:33:00Z
Y-705394,C-0045394,SLAB-505394,AREA-12,B8,35,2026-05-19T09:34:00Z,2026-05-21T08:34:00Z
Y-705395,C-0045395,SLAB-505395,AREA-13,B9,36,2026-05-19T14:30:00Z,2026-05-21T13:30:00Z
Y-705396,C-0045396,SLAB-505396,AREA-01,B1,37,2026-05-20T01:34:00Z,2026-06-05T00:34:00Z
Y-705397,C-0045397,SLAB-505397,AREA-02,B2,38,2026-05-20T02:26:00Z,2026-05-22T01:26:00Z
Y-705398,C-0045398,SLAB-505398,AREA-03,B3,39,2026-05-20T04:29:00Z,2026-05-30T03:29:00Z
Y-705399,C-0045399,SLAB-505399,AREA-04,B4,40,2026-05-20T16:24:00Z,2026-06-01T15:24:00Z
Y-705400,C-0045400,SLAB-505400,AREA-05,B5,1,2026-05-19T22:59:00Z,2026-05-22T21:59:00Z
Y-705401,C-0045401,SLAB-505401,AREA-06,B6,2,2026-05-20T02:59:00Z,2026-05-28T01:59:00Z
Y-705402,C-0045402,SLAB-505402,AREA-07,B7,3,2026-05-18T20:05:00Z,2026-05-29T19:05:00Z
Y-705403,C-0045403,SLAB-505403,AREA-08,B8,4,2026-05-19T19:01:00Z,2026-05-28T18:01:00Z
Y-705404,C-0045404,SLAB-505404,AREA-09,B9,5,2026-05-19T05:04:00Z,2026-05-22T04:04:00Z
Y-705405,C-0045405,SLAB-505405,AREA-10,B1,6,2026-05-18T20:06:00Z,2026-05-24T19:06:00Z
Y-705406,C-0045406,SLAB-505406,AREA-11,B2,7,2026-05-19T07:01:00Z,2026-05-24T06:01:00Z
Y-705407,C-0045407,SLAB-505407,AREA-12,B3,8,2026-05-20T13:58:00Z,2026-05-27T12:58:00Z
Y-705408,C-0045408,SLAB-505408,AREA-13,B4,9,2026-05-20T15:46:00Z,2026-05-29T14:46:00Z
Y-705409,C-0045409,SLAB-505409,AREA-01,B5,10,2026-05-18T14:51:00Z,2026-05-31T13:51:00Z
Y-705410,C-0045410,SLAB-505410,AREA-02,B6,11,2026-05-18T14:48:00Z,2026-05-28T13:48:00Z
Y-705411,C-0045411,SLAB-505411,AREA-03,B7,12,2026-05-19T04:53:00Z,2026-06-03T03:53:00Z
Y-705412,C-0045412,SLAB-505412,AREA-04,B8,13,2026-05-18T13:52:00Z,2026-05-21T12:52:00Z
Y-705413,C-0045413,SLAB-505413,AREA-05,B9,14,2026-05-19T22:49:00Z,2026-06-02T21:49:00Z
Y-705414,C-0045414,SLAB-505414,AREA-06,B1,15,2026-05-19T08:45:00Z,2026-05-22T07:45:00Z
Y-705415,C-0045415,SLAB-505415,AREA-07,B2,16,2026-05-19T17:48:00Z,2026-06-02T16:48:00Z
Y-705416,C-0045416,SLAB-505416,AREA-08,B3,17,2026-05-20T16:46:00Z,2026-05-31T15:46:00Z
Y-705417,C-0045417,SLAB-505417,AREA-09,B4,18,2026-05-19T13:17:00Z,2026-06-03T12:17:00Z
Y-705418,C-0045418,SLAB-505418,AREA-10,B5,19,2026-05-19T16:19:00Z,2026-06-04T15:19:00Z
Y-705419,C-0045419,SLAB-505419,AREA-11,B6,20,2026-05-20T15:18:00Z,2026-06-08T14:18:00Z
Y-705420,C-0045420,SLAB-505420,AREA-12,B7,21,2026-05-19T03:18:00Z,2026-06-02T02:18:00Z
Y-705421,C-0045421,SLAB-505421,AREA-13,B8,22,2026-05-19T17:16:00Z,2026-05-24T16:16:00Z
Y-705422,C-0045422,SLAB-505422,AREA-01,B9,23,2026-05-18T17:12:00Z,2026-05-29T16:12:00Z
Y-705423,C-0045423,SLAB-505423,AREA-02,B1,24,2026-05-19T21:22:00Z,2026-05-22T20:22:00Z
Y-705424,C-0045424,SLAB-505424,AREA-03,B2,25,2026-05-19T23:18:00Z,2026-05-23T22:18:00Z
Y-705425,C-0045425,SLAB-505425,AREA-04,B3,26,2026-05-19T16:22:00Z,2026-06-06T15:22:00Z
Y-705426,C-0045426,SLAB-505426,AREA-05,B4,27,2026-05-20T07:58:00Z,2026-06-08T06:58:00Z
Y-705427,C-0045427,SLAB-505427,AREA-06,B5,28,2026-05-19T12:51:00Z,2026-05-30T11:51:00Z
Y-705428,C-0045428,SLAB-505428,AREA-07,B6,29,2026-05-19T18:00:00Z,2026-05-21T17:00:00Z
Y-705429,C-0045429,SLAB-505429,AREA-08,B7,30,2026-05-19T20:56:00Z,2026-05-24T19:56:00Z
Y-705430,C-0045430,SLAB-505430,AREA-09,B8,31,2026-05-20T01:55:00Z,2026-05-26T00:55:00Z
Y-705431,C-0045431,SLAB-505431,AREA-10,B9,32,2026-05-19T12:51:00Z,2026-05-23T11:51:00Z
Y-705432,C-0045432,SLAB-505432,AREA-11,B1,33,2026-05-18T20:58:00Z,2026-06-07T19:58:00Z
Y-705433,C-0045433,SLAB-505433,AREA-12,B2,34,2026-05-18T23:53:00Z,2026-06-02T22:53:00Z
Y-705434,C-0045434,SLAB-505434,AREA-13,B3,35,2026-05-19T21:58:00Z,2026-06-07T20:58:00Z
Y-705435,C-0045435,SLAB-505435,AREA-01,B4,36,2026-05-21T00:56:00Z,2026-05-29T23:56:00Z
Y-705436,C-0045436,SLAB-505436,AREA-02,B5,37,2026-05-19T01:03:00Z,2026-06-05T00:03:00Z
Y-705437,C-0045437,SLAB-505437,AREA-03,B6,38,2026-05-19T18:33:00Z,2026-06-06T17:33:00Z
Y-705438,C-0045438,SLAB-505438,AREA-04,B7,39,2026-05-20T12:37:00Z,2026-05-27T11:37:00Z
Y-705439,C-0045439,SLAB-505439,AREA-05,B8,40,2026-05-19T03:33:00Z,2026-06-03T02:33:00Z
Y-705440,C-0045440,SLAB-505440,AREA-06,B9,1,2026-05-19T13:36:00Z,2026-06-02T12:36:00Z
Y-705441,C-0045441,SLAB-505441,AREA-07,B1,2,2026-05-20T15:41:00Z,2026-06-06T14:41:00Z
Y-705442,C-0045442,SLAB-505442,AREA-08,B2,3,2026-05-19T14:39:00Z,2026-06-07T13:39:00Z
Y-705443,C-0045443,SLAB-505443,AREA-09,B3,4,2026-05-19T14:35:00Z,2026-05-24T13:35:00Z
Y-705444,C-0045444,SLAB-505444,AREA-10,B4,5,2026-05-20T18:34:00Z,2026-06-06T17:34:00Z
Y-705445,C-0045445,SLAB-505445,AREA-11,B5,6,2026-05-20T11:29:00Z,2026-06-04T10:29:00Z
Y-705446,C-0045446,SLAB-505446,AREA-12,B6,7,2026-05-19T19:34:00Z,2026-05-21T18:34:00Z
Y-705447,C-0045447,SLAB-505447,AREA-13,B7,8,2026-05-20T18:28:00Z,2026-05-27T17:28:00Z
Y-705448,C-0045448,SLAB-505448,AREA-01,B8,9,2026-05-19T13:24:00Z,2026-06-06T12:24:00Z
Y-705449,C-0045449,SLAB-505449,AREA-02,B9,10,2026-05-19T23:26:00Z,2026-05-29T22:26:00Z
Y-705450,C-0045450,SLAB-505450,AREA-03,B1,11,2026-05-19T04:23:00Z,2026-06-08T03:23:00Z
Y-705451,C-0045451,SLAB-505451,AREA-04,B2,12,2026-05-20T00:28:00Z,2026-06-08T23:28:00Z
Y-705452,C-0045452,SLAB-505452,AREA-05,B3,13,2026-05-19T06:26:00Z,2026-05-23T05:26:00Z
Y-705453,C-0045453,SLAB-505453,AREA-06,B4,14,2026-05-20T07:57:00Z,2026-06-05T06:57:00Z
Y-705454,C-0045454,SLAB-505454,AREA-07,B5,15,2026-05-19T03:57:00Z,2026-05-22T02:57:00Z
Y-705455,C-0045455,SLAB-505455,AREA-08,B6,16,2026-05-20T00:03:00Z,2026-06-03T23:03:00Z
Y-705456,C-0045456,SLAB-505456,AREA-09,B7,17,2026-05-19T08:00:00Z,2026-06-08T07:00:00Z
Y-705457,C-0045457,SLAB-505457,AREA-10,B8,18,2026-05-19T18:00:00Z,2026-05-22T17:00:00Z
Y-705458,C-0045458,SLAB-505458,AREA-11,B9,19,2026-05-20T10:03:00Z,2026-05-22T09:03:00Z
Y-705459,C-0045459,SLAB-505459,AREA-12,B1,20,2026-05-19T19:01:00Z,2026-05-28T18:01:00Z
Y-705460,C-0045460,SLAB-505460,AREA-13,B2,21,2026-05-20T14:05:00Z,2026-06-06T13:05:00Z
Y-705461,C-0045461,SLAB-505461,AREA-01,B3,22,2026-05-18T15:06:00Z,2026-05-31T14:06:00Z
Y-705462,C-0045462,SLAB-505462,AREA-02,B4,23,2026-05-19T17:58:00Z,2026-06-04T16:58:00Z
Y-705463,C-0045463,SLAB-505463,AREA-03,B5,24,2026-05-20T13:09:00Z,2026-06-03T12:09:00Z
Y-705464,C-0045464,SLAB-505464,AREA-04,B6,25,2026-05-21T01:07:00Z,2026-05-25T00:07:00Z
Y-705465,C-0045465,SLAB-505465,AREA-05,B7,26,2026-05-20T06:08:00Z,2026-05-24T05:08:00Z
Y-705466,C-0045466,SLAB-505466,AREA-06,B8,27,2026-05-19T11:07:00Z,2026-06-02T10:07:00Z
Y-705467,C-0045467,SLAB-505467,AREA-07,B9,28,2026-05-19T12:06:00Z,2026-05-24T11:06:00Z
Y-705468,C-0045468,SLAB-505468,AREA-08,B1,29,2026-05-21T10:02:00Z,2026-06-10T09:02:00Z
Y-705469,C-0045469,SLAB-505469,AREA-09,B2,30,2026-05-19T09:02:00Z,2026-05-30T08:02:00Z
Y-705470,C-0045470,SLAB-505470,AREA-10,B3,31,2026-05-19T12:02:00Z,2026-05-24T11:02:00Z
Y-705471,C-0045471,SLAB-505471,AREA-11,B4,32,2026-05-19T01:00:00Z,2026-05-31T00:00:00Z
Y-705472,C-0045472,SLAB-505472,AREA-12,B5,33,2026-05-20T20:27:00Z,2026-05-30T19:27:00Z
Y-705473,C-0045473,SLAB-505473,AREA-13,B6,34,2026-05-19T21:33:00Z,2026-05-22T20:33:00Z
Y-705474,C-0045474,SLAB-505474,AREA-01,B7,35,2026-05-20T06:23:00Z,2026-06-02T05:23:00Z
Y-705475,C-0045475,SLAB-505475,AREA-02,B8,36,2026-05-20T16:30:00Z,2026-06-03T15:30:00Z
Y-705476,C-0045476,SLAB-505476,AREA-03,B9,37,2026-05-20T04:23:00Z,2026-06-04T03:23:00Z
Y-705477,C-0045477,SLAB-505477,AREA-04,B1,38,2026-05-19T02:27:00Z,2026-06-01T01:27:00Z
Y-705478,C-0045478,SLAB-505478,AREA-05,B2,39,2026-05-20T06:32:00Z,2026-06-06T05:32:00Z
Y-705479,C-0045479,SLAB-505479,AREA-06,B3,40,2026-05-21T08:29:00Z,2026-05-31T07:29:00Z
Y-705480,C-0045480,SLAB-505480,AREA-07,B4,1,2026-05-20T12:23:00Z,2026-05-24T11:23:00Z
Y-705481,C-0045481,SLAB-505481,AREA-08,B5,2,2026-05-19T17:28:00Z,2026-06-07T16:28:00Z
Y-705482,C-0045482,SLAB-505482,AREA-09,B6,3,2026-05-19T01:52:00Z,2026-05-31T00:52:00Z
Y-705483,C-0045483,SLAB-505483,AREA-10,B7,4,2026-05-19T14:56:00Z,2026-06-06T13:56:00Z
Y-705484,C-0045484,SLAB-505484,AREA-11,B8,5,2026-05-19T18:51:00Z,2026-06-03T17:51:00Z
Y-705485,C-0045485,SLAB-505485,AREA-12,B9,6,2026-05-19T11:58:00Z,2026-06-07T10:58:00Z
Y-705486,C-0045486,SLAB-505486,AREA-13,B1,7,2026-05-20T18:58:00Z,2026-06-07T17:58:00Z
Y-705487,C-0045487,SLAB-505487,AREA-01,B2,8,2026-05-19T07:58:00Z,2026-05-28T06:58:00Z
Y-705488,C-0045488,SLAB-505488,AREA-02,B3,9,2026-05-19T22:58:00Z,2026-05-27T21:58:00Z
Y-705489,C-0045489,SLAB-505489,AREA-03,B4,10,2026-05-20T10:00:00Z,2026-05-24T09:00:00Z
Y-705490,C-0045490,SLAB-505490,AREA-04,B5,11,2026-05-19T23:56:00Z,2026-05-29T22:56:00Z
Y-705491,C-0045491,SLAB-505491,AREA-05,B6,12,2026-05-19T13:58:00Z,2026-06-04T12:58:00Z
Y-705492,C-0045492,SLAB-505492,AREA-06,B7,13,2026-05-19T18:00:00Z,2026-06-06T17:00:00Z
Y-705493,C-0045493,SLAB-505493,AREA-07,B8,14,2026-05-19T11:03:00Z,2026-06-04T10:03:00Z
Y-705494,C-0045494,SLAB-505494,AREA-08,B9,15,2026-05-20T23:07:00Z,2026-06-04T22:07:00Z
Y-705495,C-0045495,SLAB-505495,AREA-09,B1,16,2026-05-20T05:06:00Z,2026-05-23T04:06:00Z
Y-705496,C-0045496,SLAB-505496,AREA-10,B2,17,2026-05-19T22:58:00Z,2026-05-24T21:58:00Z
Y-705497,C-0045497,SLAB-505497,AREA-11,B3,18,2026-05-20T06:01:00Z,2026-06-09T05:01:00Z
Y-705498,C-0045498,SLAB-505498,AREA-12,B4,19,2026-05-20T01:05:00Z,2026-06-06T00:05:00Z
Y-705499,C-0045499,SLAB-505499,AREA-13,B5,20,2026-05-18T23:00:00Z,2026-06-03T22:00:00Z
Y-705500,C-0045500,SLAB-505500,AREA-01,B6,21,2026-05-20T00:29:00Z,2026-06-08T23:29:00Z
Y-705501,C-0045501,SLAB-505501,AREA-02,B7,22,2026-05-20T06:36:00Z,2026-05-31T05:36:00Z
Y-705502,C-0045502,SLAB-505502,AREA-03,B8,23,2026-05-19T15:35:00Z,2026-05-24T14:35:00Z
Y-705503,C-0045503,SLAB-505503,AREA-04,B9,24,2026-05-19T23:39:00Z,2026-05-21T22:39:00Z
Y-705504,C-0045504,SLAB-505504,AREA-05,B1,25,2026-05-20T07:31:00Z,2026-05-26T06:31:00Z
Y-705505,C-0045505,SLAB-505505,AREA-06,B2,26,2026-05-20T18:30:00Z,2026-06-08T17:30:00Z
Y-705506,C-0045506,SLAB-505506,AREA-07,B3,27,2026-05-21T04:33:00Z,2026-05-31T03:33:00Z
Y-705507,C-0045507,SLAB-505507,AREA-08,B4,28,2026-05-19T22:32:00Z,2026-06-01T21:32:00Z
Y-705508,C-0045508,SLAB-505508,AREA-09,B5,29,2026-05-19T05:38:00Z,2026-06-02T04:38:00Z
Y-705509,C-0045509,SLAB-505509,AREA-10,B6,30,2026-05-20T03:41:00Z,2026-05-30T02:41:00Z
Y-705510,C-0045510,SLAB-505510,AREA-11,B7,31,2026-05-20T08:33:00Z,2026-05-30T07:33:00Z
Y-705511,C-0045511,SLAB-505511,AREA-12,B8,32,2026-05-19T20:32:00Z,2026-05-23T19:32:00Z
Y-705512,C-0045512,SLAB-505512,AREA-13,B9,33,2026-05-20T00:33:00Z,2026-05-30T23:33:00Z
Y-705513,C-0045513,SLAB-505513,AREA-01,B1,34,2026-05-20T18:29:00Z,2026-05-24T17:29:00Z
Y-705514,C-0045514,SLAB-505514,AREA-02,B2,35,2026-05-20T22:40:00Z,2026-06-09T21:40:00Z
Y-705515,C-0045515,SLAB-505515,AREA-03,B3,36,2026-05-20T12:42:00Z,2026-05-23T11:42:00Z
Y-705516,C-0045516,SLAB-505516,AREA-04,B4,37,2026-05-20T03:58:00Z,2026-06-06T02:58:00Z
Y-705517,C-0045517,SLAB-505517,AREA-05,B5,38,2026-05-20T13:55:00Z,2026-05-30T12:55:00Z
Y-705518,C-0045518,SLAB-505518,AREA-06,B6,39,2026-05-21T03:52:00Z,2026-06-10T02:52:00Z
Y-705519,C-0045519,SLAB-505519,AREA-07,B7,40,2026-05-21T04:58:00Z,2026-05-31T03:58:00Z
Y-705520,C-0045520,SLAB-505520,AREA-08,B8,1,2026-05-20T12:52:00Z,2026-05-22T11:52:00Z
Y-705521,C-0045521,SLAB-505521,AREA-09,B9,2,2026-05-19T05:56:00Z,2026-06-04T04:56:00Z
Y-705522,C-0045522,SLAB-505522,AREA-10,B1,3,2026-05-19T10:50:00Z,2026-05-22T09:50:00Z
Y-705523,C-0045523,SLAB-505523,AREA-11,B2,4,2026-05-19T09:59:00Z,2026-05-23T08:59:00Z
Y-705524,C-0045524,SLAB-505524,AREA-12,B3,5,2026-05-20T20:24:00Z,2026-05-26T19:24:00Z
Y-705525,C-0045525,SLAB-505525,AREA-13,B4,6,2026-05-19T12:30:00Z,2026-05-27T11:30:00Z
Y-705526,C-0045526,SLAB-505526,AREA-01,B5,7,2026-05-19T19:24:00Z,2026-05-21T18:24:00Z
Y-705527,C-0045527,SLAB-505527,AREA-02,B6,8,2026-05-20T13:33:00Z,2026-06-03T12:33:00Z
Y-705528,C-0045528,SLAB-505528,AREA-03,B7,9,2026-05-21T08:29:00Z,2026-06-04T07:29:00Z
Y-705529,C-0045529,SLAB-505529,AREA-04,B8,10,2026-05-19T18:27:00Z,2026-05-21T17:27:00Z
Y-705530,C-0045530,SLAB-505530,AREA-05,B9,11,2026-05-20T11:27:00Z,2026-05-23T10:27:00Z
Y-705531,C-0045531,SLAB-505531,AREA-06,B1,12,2026-05-20T21:28:00Z,2026-06-05T20:28:00Z
Y-705532,C-0045532,SLAB-505532,AREA-07,B2,13,2026-05-19T02:30:00Z,2026-05-28T01:30:00Z
Y-705533,C-0045533,SLAB-505533,AREA-08,B3,14,2026-05-20T07:29:00Z,2026-06-07T06:29:00Z
Y-705534,C-0045534,SLAB-505534,AREA-09,B4,15,2026-05-20T23:34:00Z,2026-06-03T22:34:00Z
Y-705535,C-0045535,SLAB-505535,AREA-10,B5,16,2026-05-19T06:29:00Z,2026-06-02T05:29:00Z
Y-705536,C-0045536,SLAB-505536,AREA-11,B6,17,2026-05-19T22:27:00Z,2026-06-05T21:27:00Z
Y-705537,C-0045537,SLAB-505537,AREA-12,B7,18,2026-05-20T08:31:00Z,2026-06-08T07:31:00Z
Y-705538,C-0045538,SLAB-505538,AREA-13,B8,19,2026-05-21T04:25:00Z,2026-05-25T03:25:00Z
Y-705539,C-0045539,SLAB-505539,AREA-01,B9,20,2026-05-20T01:28:00Z,2026-05-26T00:28:00Z
Y-705540,C-0045540,SLAB-505540,AREA-02,B1,21,2026-05-20T18:31:00Z,2026-06-01T17:31:00Z
Y-705541,C-0045541,SLAB-505541,AREA-03,B2,22,2026-05-19T07:27:00Z,2026-06-03T06:27:00Z
Y-705542,C-0045542,SLAB-505542,AREA-04,B3,23,2026-05-20T16:11:00Z,2026-06-08T15:11:00Z
Y-705543,C-0045543,SLAB-505543,AREA-05,B4,24,2026-05-20T11:10:00Z,2026-05-30T10:10:00Z
Y-705544,C-0045544,SLAB-505544,AREA-06,B5,25,2026-05-19T23:10:00Z,2026-05-22T22:10:00Z
Y-705545,C-0045545,SLAB-505545,AREA-07,B6,26,2026-05-20T15:07:00Z,2026-05-31T14:07:00Z
Y-705546,C-0045546,SLAB-505546,AREA-08,B7,27,2026-05-19T07:03:00Z,2026-06-02T06:03:00Z
Y-705547,C-0045547,SLAB-505547,AREA-09,B8,28,2026-05-20T23:07:00Z,2026-05-31T22:07:00Z
Y-705548,C-0045548,SLAB-505548,AREA-10,B9,29,2026-05-20T07:09:00Z,2026-06-01T06:09:00Z
Y-705549,C-0045549,SLAB-505549,AREA-11,B1,30,2026-05-19T13:12:00Z,2026-05-28T12:12:00Z
Y-705550,C-0045550,SLAB-505550,AREA-12,B2,31,2026-05-20T05:10:00Z,2026-06-07T04:10:00Z
Y-705551,C-0045551,SLAB-505551,AREA-13,B3,32,2026-05-20T02:08:00Z,2026-05-25T01:08:00Z
Y-705552,C-0045552,SLAB-505552,AREA-01,B4,33,2026-05-20T21:55:00Z,2026-06-07T20:55:00Z
Y-705553,C-0045553,SLAB-505553,AREA-02,B5,34,2026-05-20T05:57:00Z,2026-05-30T04:57:00Z
Y-705554,C-0045554,SLAB-505554,AREA-03,B6,35,2026-05-20T11:59:00Z,2026-05-30T10:59:00Z
Y-705555,C-0045555,SLAB-505555,AREA-04,B7,36,2026-05-20T11:58:00Z,2026-05-25T10:58:00Z
Y-705556,C-0045556,SLAB-505556,AREA-05,B8,37,2026-05-19T15:04:00Z,2026-06-07T14:04:00Z
Y-705557,C-0045557,SLAB-505557,AREA-06,B9,38,2026-05-20T08:54:00Z,2026-06-05T07:54:00Z
Y-705558,C-0045558,SLAB-505558,AREA-07,B1,39,2026-05-21T00:55:00Z,2026-05-23T23:55:00Z
Y-705559,C-0045559,SLAB-505559,AREA-08,B2,40,2026-05-19T23:56:00Z,2026-06-08T22:56:00Z
Y-705560,C-0045560,SLAB-505560,AREA-09,B3,1,2026-05-19T22:25:00Z,2026-06-06T21:25:00Z
Y-705561,C-0045561,SLAB-505561,AREA-10,B4,2,2026-05-19T19:34:00Z,2026-05-22T18:34:00Z
Y-705562,C-0045562,SLAB-505562,AREA-11,B5,3,2026-05-19T07:37:00Z,2026-06-04T06:37:00Z
Y-705563,C-0045563,SLAB-505563,AREA-12,B6,4,2026-05-19T20:27:00Z,2026-05-29T19:27:00Z
Y-705564,C-0045564,SLAB-505564,AREA-13,B7,5,2026-05-20T00:33:00Z,2026-05-26T23:33:00Z
Y-705565,C-0045565,SLAB-505565,AREA-01,B8,6,2026-05-19T21:29:00Z,2026-05-26T20:29:00Z
Y-705566,C-0045566,SLAB-505566,AREA-02,B9,7,2026-05-19T14:32:00Z,2026-06-07T13:32:00Z
Y-705567,C-0045567,SLAB-505567,AREA-03,B1,8,2026-05-20T08:32:00Z,2026-05-22T07:32:00Z
Y-705568,C-0045568,SLAB-505568,AREA-04,B2,9,2026-05-19T10:33:00Z,2026-06-06T09:33:00Z
Y-705569,C-0045569,SLAB-505569,AREA-05,B3,10,2026-05-20T15:58:00Z,2026-05-27T14:58:00Z
Y-705570,C-0045570,SLAB-505570,AREA-06,B4,11,2026-05-20T14:04:00Z,2026-05-26T13:04:00Z
Y-705571,C-0045571,SLAB-505571,AREA-07,B5,12,2026-05-19T18:05:00Z,2026-06-07T17:05:00Z
Y-705572,C-0045572,SLAB-505572,AREA-08,B6,13,2026-05-21T08:03:00Z,2026-06-08T07:03:00Z
Y-705573,C-0045573,SLAB-505573,AREA-09,B7,14,2026-05-19T01:09:00Z,2026-06-06T00:09:00Z
Y-705574,C-0045574,SLAB-505574,AREA-10,B8,15,2026-05-20T19:06:00Z,2026-05-22T18:06:00Z
Y-705575,C-0045575,SLAB-505575,AREA-11,B9,16,2026-05-21T09:58:00Z,2026-06-06T08:58:00Z
Y-705576,C-0045576,SLAB-505576,AREA-12,B1,17,2026-05-20T20:02:00Z,2026-05-22T19:02:00Z
Y-705577,C-0045577,SLAB-505577,AREA-13,B2,18,2026-05-20T18:06:00Z,2026-06-07T17:06:00Z
Y-705578,C-0045578,SLAB-505578,AREA-01,B3,19,2026-05-20T18:01:00Z,2026-06-08T17:01:00Z
Y-705579,C-0045579,SLAB-505579,AREA-02,B4,20,2026-05-21T09:31:00Z,2026-06-03T08:31:00Z
Y-705580,C-0045580,SLAB-505580,AREA-03,B5,21,2026-05-20T07:36:00Z,2026-05-29T06:36:00Z
Y-705581,C-0045581,SLAB-505581,AREA-04,B6,22,2026-05-20T08:35:00Z,2026-06-03T07:35:00Z
Y-705582,C-0045582,SLAB-505582,AREA-05,B7,23,2026-05-20T01:30:00Z,2026-06-04T00:30:00Z
Y-705583,C-0045583,SLAB-505583,AREA-06,B8,24,2026-05-21T06:32:00Z,2026-06-04T05:32:00Z
Y-705584,C-0045584,SLAB-505584,AREA-07,B9,25,2026-05-20T21:36:00Z,2026-06-02T20:36:00Z
Y-705585,C-0045585,SLAB-505585,AREA-08,B1,26,2026-05-20T04:28:00Z,2026-05-23T03:28:00Z
Y-705586,C-0045586,SLAB-505586,AREA-09,B2,27,2026-05-20T19:28:00Z,2026-06-08T18:28:00Z
Y-705587,C-0045587,SLAB-505587,AREA-10,B3,28,2026-05-20T18:30:00Z,2026-05-28T17:30:00Z
Y-705588,C-0045588,SLAB-505588,AREA-11,B4,29,2026-05-19T05:27:00Z,2026-05-21T04:27:00Z
Y-705589,C-0045589,SLAB-505589,AREA-12,B5,30,2026-05-19T06:18:00Z,2026-05-25T05:18:00Z
Y-705590,C-0045590,SLAB-505590,AREA-13,B6,31,2026-05-20T11:27:00Z,2026-05-22T10:27:00Z
Y-705591,C-0045591,SLAB-505591,AREA-01,B7,32,2026-05-20T14:19:00Z,2026-05-24T13:19:00Z
Y-705592,C-0045592,SLAB-505592,AREA-02,B8,33,2026-05-20T14:23:00Z,2026-06-03T13:23:00Z
Y-705593,C-0045593,SLAB-505593,AREA-03,B9,34,2026-05-19T18:24:00Z,2026-06-02T17:24:00Z
Y-705594,C-0045594,SLAB-505594,AREA-04,B1,35,2026-05-20T23:18:00Z,2026-05-25T22:18:00Z
Y-705595,C-0045595,SLAB-505595,AREA-05,B2,36,2026-05-20T06:17:00Z,2026-05-23T05:17:00Z
Y-705596,C-0045596,SLAB-505596,AREA-06,B3,37,2026-05-21T12:23:00Z,2026-06-01T11:23:00Z
Y-705597,C-0045597,SLAB-505597,AREA-07,B4,38,2026-05-19T10:16:00Z,2026-05-30T09:16:00Z
Y-705598,C-0045598,SLAB-505598,AREA-08,B5,39,2026-05-20T09:14:00Z,2026-05-30T08:14:00Z
Y-705599,C-0045599,SLAB-505599,AREA-09,B6,40,2026-05-20T21:15:00Z,2026-05-31T20:15:00Z
Y-705600,C-0045600,SLAB-505600,AREA-10,B7,1,2026-05-19T17:14:00Z,2026-05-30T16:14:00Z
