"RelativePath","Category","CategoryTitle","Classification","Extension","Lines","SizeBytes","SizeKB","LastWriteTime"
"Backend\PlantProcess.Api\Analytics\KpiEvaluationService.cs","01_Backend_Core","Backend Core: API, Application, Domain, Infrastructure, Workers","Backend API Source",".cs","133","6910","6.75","6/2/2026 1:31:41 PM"
"Backend\PlantProcess.Api\appsettings.Development.json","01_Backend_Core","Backend Core: API, Application, Domain, Infrastructure, Workers","Backend API Source",".json","55","1612","1.57","6/1/2026 10:55:46 PM"
"Backend\PlantProcess.Api\appsettings.json","01_Backend_Core","Backend Core: API, Application, Domain, Infrastructure, Workers","Backend API Source",".json","30","773","0.75","5/31/2026 12:06:13 AM"
"Backend\PlantProcess.Api\AssistantGateway\V5AssistantGateway.cs","01_Backend_Core","Backend Core: API, Application, Domain, Infrastructure, Workers","Backend API Source",".cs","654","24158","23.59","6/3/2026 2:04:24 PM"
"Backend\PlantProcess.Api\AssistantGateway\V5PrivateModelGatewayCertificationEndpoints.cs","01_Backend_Core","Backend Core: API, Application, Domain, Infrastructure, Workers","Backend API Source",".cs","786","30870","30.15","6/3/2026 4:24:00 PM"
"Backend\PlantProcess.Api\BlendedProvenance\V5BlendedProvenanceEndpoints.cs","01_Backend_Core","Backend Core: API, Application, Domain, Infrastructure, Workers","Backend API Source",".cs","142","5145","5.02","6/3/2026 2:27:20 PM"
"Backend\PlantProcess.Api\ComplianceControls\V5ComplianceControlsEndpoints.cs","01_Backend_Core","Backend Core: API, Application, Domain, Infrastructure, Workers","Backend API Source",".cs","487","17091","16.69","6/3/2026 3:22:42 PM"
"Backend\PlantProcess.Api\Configuration\StartupConfigurationValidator.cs","01_Backend_Core","Backend Core: API, Application, Domain, Infrastructure, Workers","Backend API Source",".cs","435","16478","16.09","5/31/2026 11:30:39 AM"
"Backend\PlantProcess.Api\DeploymentPortability\V5DeploymentPortabilityEndpoints.cs","01_Backend_Core","Backend Core: API, Application, Domain, Infrastructure, Workers","Backend API Source",".cs","272","10894","10.64","6/3/2026 3:22:40 PM"
"Backend\PlantProcess.Api\Dockerfile","01_Backend_Core","Backend Core: API, Application, Domain, Infrastructure, Workers","Backend API Source","","34","1230","1.2","5/22/2026 1:27:50 AM"
"Backend\PlantProcess.Api\Endpoints\Admin\AdminEndpoints.cs","01_Backend_Core","Backend Core: API, Application, Domain, Infrastructure, Workers","Backend API Endpoint",".cs","578","24295","23.73","5/19/2026 10:32:07 AM"
"Backend\PlantProcess.Api\Endpoints\Admin\AdminProofEndpoints.cs","01_Backend_Core","Backend Core: API, Application, Domain, Infrastructure, Workers","Backend API Endpoint",".cs","71","2679","2.62","5/31/2026 8:49:27 AM"
"Backend\PlantProcess.Api\Endpoints\Admin\ConnectorAdminEndpoints.cs","01_Backend_Core","Backend Core: API, Application, Domain, Infrastructure, Workers","Backend API Endpoint",".cs","229","8997","8.79","6/3/2026 7:54:00 AM"
"Backend\PlantProcess.Api\Endpoints\Admin\GenericSchemaMappingEndpoints.cs","01_Backend_Core","Backend Core: API, Application, Domain, Infrastructure, Workers","Backend API Endpoint",".cs","1388","50712","49.52","6/3/2026 7:54:00 AM"
"Backend\PlantProcess.Api\Endpoints\Admin\JobAdminEndpoints.cs","01_Backend_Core","Backend Core: API, Application, Domain, Infrastructure, Workers","Backend API Endpoint",".cs","317","12651","12.35","6/3/2026 7:54:00 AM"
"Backend\PlantProcess.Api\Endpoints\Admin\LicenseAdminEndpoints.cs","01_Backend_Core","Backend Core: API, Application, Domain, Infrastructure, Workers","Backend API Endpoint",".cs","397","15973","15.6","5/30/2026 11:50:13 AM"
"Backend\PlantProcess.Api\Endpoints\Admin\P03P04CompletionProofEndpoints.cs","01_Backend_Core","Backend Core: API, Application, Domain, Infrastructure, Workers","Backend API Endpoint",".cs","146","5228","5.11","6/1/2026 4:50:42 PM"
"Backend\PlantProcess.Api\Endpoints\Admin\P03P04MappingGenealogyEndpoints.cs","01_Backend_Core","Backend Core: API, Application, Domain, Infrastructure, Workers","Backend API Endpoint",".cs","46","1744","1.7","6/1/2026 4:50:41 PM"
"Backend\PlantProcess.Api\Endpoints\Admin\Phase1WorkflowTruthEndpoints.cs","01_Backend_Core","Backend Core: API, Application, Domain, Infrastructure, Workers","Backend API Endpoint",".cs","1368","53048","51.8","6/3/2026 7:54:00 AM"
"Backend\PlantProcess.Api\Endpoints\Admin\Phase2OperationEndpoints.cs","01_Backend_Core","Backend Core: API, Application, Domain, Infrastructure, Workers","Backend API Endpoint",".cs","888","31035","30.31","6/3/2026 7:54:00 AM"
"Backend\PlantProcess.Api\Endpoints\Admin\Phase2PilotReadinessEndpoints.cs","01_Backend_Core","Backend Core: API, Application, Domain, Infrastructure, Workers","Backend API Endpoint",".cs","401","14749","14.4","6/3/2026 7:54:00 AM"
"Backend\PlantProcess.Api\Endpoints\Admin\SchemaConfigurationEndpoints.cs","01_Backend_Core","Backend Core: API, Application, Domain, Infrastructure, Workers","Backend API Endpoint",".cs","426","15742","15.37","6/3/2026 7:54:00 AM"
"Backend\PlantProcess.Api\Endpoints\Admin\TwoStageImportEndpoints.cs","01_Backend_Core","Backend Core: API, Application, Domain, Infrastructure, Workers","Backend API Endpoint",".cs","619","23147","22.6","6/3/2026 7:54:00 AM"
"Backend\PlantProcess.Api\Endpoints\Analytics\AdvancedResultsEndpoints.cs","01_Backend_Core","Backend Core: API, Application, Domain, Infrastructure, Workers","Backend API Endpoint",".cs","124","6958","6.79","6/3/2026 1:15:44 AM"
"Backend\PlantProcess.Api\Endpoints\Analytics\CorrelationEndpoints.cs","01_Backend_Core","Backend Core: API, Application, Domain, Infrastructure, Workers","Backend API Endpoint",".cs","752","29042","28.36","6/4/2026 9:09:23 AM"
"Backend\PlantProcess.Api\Endpoints\Analytics\FeatureEngineeringEndpoints.cs","01_Backend_Core","Backend Core: API, Application, Domain, Infrastructure, Workers","Backend API Endpoint",".cs","30","1033","1.01","5/25/2026 11:24:05 AM"
"Backend\PlantProcess.Api\Endpoints\Analytics\KpiEvaluationEndpoints.cs","01_Backend_Core","Backend Core: API, Application, Domain, Infrastructure, Workers","Backend API Endpoint",".cs","141","7341","7.17","6/3/2026 7:54:00 AM"
"Backend\PlantProcess.Api\Endpoints\Analytics\MlFoundationEndpoints.cs","01_Backend_Core","Backend Core: API, Application, Domain, Infrastructure, Workers","Backend API Endpoint",".cs","359","12560","12.27","6/2/2026 1:37:56 AM"
"Backend\PlantProcess.Api\Endpoints\Analytics\MlLearningEndpoints.cs","01_Backend_Core","Backend Core: API, Application, Domain, Infrastructure, Workers","Backend API Endpoint",".cs","306","9467","9.25","6/3/2026 7:54:00 AM"
"Backend\PlantProcess.Api\Endpoints\Analytics\MlProviderEndpoints.cs","01_Backend_Core","Backend Core: API, Application, Domain, Infrastructure, Workers","Backend API Endpoint",".cs","62","2318","2.26","5/31/2026 12:39:01 PM"
"Backend\PlantProcess.Api\Endpoints\Analytics\MlReadinessEndpoints.cs","01_Backend_Core","Backend Core: API, Application, Domain, Infrastructure, Workers","Backend API Endpoint",".cs","87","3314","3.24","5/21/2026 4:22:19 PM"
"Backend\PlantProcess.Api\Endpoints\Analytics\Phase2InvestigationEndpoints.cs","01_Backend_Core","Backend Core: API, Application, Domain, Infrastructure, Workers","Backend API Endpoint",".cs","600","20759","20.27","6/3/2026 7:54:00 AM"
"Backend\PlantProcess.Api\Endpoints\Analytics\ProvenanceGuardedAdvancedResultsEndpoints.cs","01_Backend_Core","Backend Core: API, Application, Domain, Infrastructure, Workers","Backend API Endpoint",".cs","78","3413","3.33","6/2/2026 6:44:09 PM"
"Backend\PlantProcess.Api\Endpoints\Analytics\ReadModelEndpoints.cs","01_Backend_Core","Backend Core: API, Application, Domain, Infrastructure, Workers","Backend API Endpoint",".cs","77","4310","4.21","6/2/2026 1:31:39 PM"
"Backend\PlantProcess.Api\Endpoints\Analytics\RiskCalibrationEndpoints.cs","01_Backend_Core","Backend Core: API, Application, Domain, Infrastructure, Workers","Backend API Endpoint",".cs","22","884","0.86","6/2/2026 6:44:11 PM"
"Backend\PlantProcess.Api\Endpoints\Analytics\RiskEvidenceEndpoints.cs","01_Backend_Core","Backend Core: API, Application, Domain, Infrastructure, Workers","Backend API Endpoint",".cs","59","2448","2.39","6/2/2026 6:44:11 PM"
"Backend\PlantProcess.Api\Endpoints\Analytics\RiskScoreEndpoints.cs","01_Backend_Core","Backend Core: API, Application, Domain, Infrastructure, Workers","Backend API Endpoint",".cs","251","9327","9.11","6/3/2026 7:54:00 AM"
"Backend\PlantProcess.Api\Endpoints\Analytics\SimpleAnalysisEndpoints.cs","01_Backend_Core","Backend Core: API, Application, Domain, Infrastructure, Workers","Backend API Endpoint",".cs","115","6076","5.93","6/2/2026 1:31:40 PM"
"Backend\PlantProcess.Api\Endpoints\Analytics\SuggestionEndpoints.cs","01_Backend_Core","Backend Core: API, Application, Domain, Infrastructure, Workers","Backend API Endpoint",".cs","66","2921","2.85","6/3/2026 7:54:00 AM"
"Backend\PlantProcess.Api\Endpoints\Analytics\ValueEndpoints.cs","01_Backend_Core","Backend Core: API, Application, Domain, Infrastructure, Workers","Backend API Endpoint",".cs","85","4331","4.23","6/4/2026 9:13:14 AM"
"Backend\PlantProcess.Api\Endpoints\Assistant\AssistantEndpoints.cs","01_Backend_Core","Backend Core: API, Application, Domain, Infrastructure, Workers","Backend API Endpoint",".cs","54","2406","2.35","6/3/2026 7:54:00 AM"
"Backend\PlantProcess.Api\Endpoints\Configuration\ConfigurationEndpoints.cs","01_Backend_Core","Backend Core: API, Application, Domain, Infrastructure, Workers","Backend API Endpoint",".cs","572","22906","22.37","6/3/2026 7:54:00 AM"
"Backend\PlantProcess.Api\Endpoints\Dashboarding\DashboardEndpoints.cs","01_Backend_Core","Backend Core: API, Application, Domain, Infrastructure, Workers","Backend API Endpoint",".cs","719","27867","27.21","5/25/2026 3:33:04 PM"
"Backend\PlantProcess.Api\Endpoints\DataQuality\DataQualityEndpoints.cs","01_Backend_Core","Backend Core: API, Application, Domain, Infrastructure, Workers","Backend API Endpoint",".cs","164","5817","5.68","6/3/2026 7:54:00 AM"
"Backend\PlantProcess.Api\Endpoints\DataQuality\DataQualityScanEndpoints.cs","01_Backend_Core","Backend Core: API, Application, Domain, Infrastructure, Workers","Backend API Endpoint",".cs","195","7404","7.23","5/25/2026 11:24:51 AM"
"Backend\PlantProcess.Api\Endpoints\Demo\DemoLifecycleEndpoints.cs","01_Backend_Core","Backend Core: API, Application, Domain, Infrastructure, Workers","Backend API Endpoint",".cs","414","15297","14.94","5/30/2026 11:46:46 AM"
"Backend\PlantProcess.Api\Endpoints\Development\DevSeedEndpoints.cs","01_Backend_Core","Backend Core: API, Application, Domain, Infrastructure, Workers","Backend API Endpoint",".cs","94","4263","4.16","5/19/2026 12:19:14 AM"
"Backend\PlantProcess.Api\Endpoints\Diagnostics\DiagnosticsEndpoints.cs","01_Backend_Core","Backend Core: API, Application, Domain, Infrastructure, Workers","Backend API Endpoint",".cs","91","3892","3.8","5/22/2026 11:12:56 PM"
"Backend\PlantProcess.Api\Endpoints\DynamicContent\DynamicContentEndpoints.cs","01_Backend_Core","Backend Core: API, Application, Domain, Infrastructure, Workers","Backend API Endpoint",".cs","147","5451","5.32","5/30/2026 11:44:13 AM"
"Backend\PlantProcess.Api\Endpoints\Health\HealthEndpoints.cs","01_Backend_Core","Backend Core: API, Application, Domain, Infrastructure, Workers","Backend API Endpoint",".cs","237","8529","8.33","5/19/2026 12:19:14 AM"
"Backend\PlantProcess.Api\Endpoints\Integration\ImportWorkflowEndpoints.cs","01_Backend_Core","Backend Core: API, Application, Domain, Infrastructure, Workers","Backend API Endpoint",".cs","96","3852","3.76","5/19/2026 12:19:14 AM"
"Backend\PlantProcess.Api\Endpoints\Integration\IntegrationEndpoints.cs","01_Backend_Core","Backend Core: API, Application, Domain, Infrastructure, Workers","Backend API Endpoint",".cs","695","27031","26.4","6/3/2026 7:54:00 AM"
"Backend\PlantProcess.Api\Endpoints\Materials\MaterialEndpoints.cs","01_Backend_Core","Backend Core: API, Application, Domain, Infrastructure, Workers","Backend API Endpoint",".cs","296","10413","10.17","6/3/2026 7:54:00 AM"
"Backend\PlantProcess.Api\Endpoints\Materials\MaterialInvestigationEndpoints.cs","01_Backend_Core","Backend Core: API, Application, Domain, Infrastructure, Workers","Backend API Endpoint",".cs","390","14085","13.75","6/3/2026 7:54:00 AM"
"Backend\PlantProcess.Api\Endpoints\PageBuilder\PageDefinitionEndpoints.cs","01_Backend_Core","Backend Core: API, Application, Domain, Infrastructure, Workers","Backend API Endpoint",".cs","425","15375","15.01","6/3/2026 7:54:00 AM"
"Backend\PlantProcess.Api\Endpoints\Phase2\Phase2LifecycleProofEndpoints.cs","01_Backend_Core","Backend Core: API, Application, Domain, Infrastructure, Workers","Backend API Endpoint",".cs","482","23098","22.56","5/31/2026 4:44:23 PM"
"Backend\PlantProcess.Api\Endpoints\Phase45\Phase45ClosureEndpoints.cs","01_Backend_Core","Backend Core: API, Application, Domain, Infrastructure, Workers","Backend API Endpoint",".cs","602","35097","34.27","5/31/2026 4:48:53 PM"
"Backend\PlantProcess.Api\Endpoints\PlantLayout\PlantLayoutEndpoints.cs","01_Backend_Core","Backend Core: API, Application, Domain, Infrastructure, Workers","Backend API Endpoint",".cs","256","9703","9.48","6/3/2026 7:54:00 AM"
"Backend\PlantProcess.Api\Endpoints\Process\ProcessEndpoints.cs","01_Backend_Core","Backend Core: API, Application, Domain, Infrastructure, Workers","Backend API Endpoint",".cs","764","29455","28.76","6/3/2026 7:54:00 AM"
"Backend\PlantProcess.Api\Endpoints\Quality\QualityEndpoints.cs","01_Backend_Core","Backend Core: API, Application, Domain, Infrastructure, Workers","Backend API Endpoint",".cs","259","8785","8.58","6/3/2026 7:54:00 AM"
"Backend\PlantProcess.Api\Endpoints\Reporting\CustomerDemoReportEndpoints.cs","01_Backend_Core","Backend Core: API, Application, Domain, Infrastructure, Workers","Backend API Endpoint",".cs","262","11720","11.45","5/25/2026 11:47:19 AM"
"Backend\PlantProcess.Api\Endpoints\Reporting\ReportingEndpoints.cs","01_Backend_Core","Backend Core: API, Application, Domain, Infrastructure, Workers","Backend API Endpoint",".cs","171","6440","6.29","5/21/2026 3:36:50 PM"
"Backend\PlantProcess.Api\Endpoints\Validation\ValidationEndpoints.cs","01_Backend_Core","Backend Core: API, Application, Domain, Infrastructure, Workers","Backend API Endpoint",".cs","274","9960","9.73","5/19/2026 12:19:14 AM"
"Backend\PlantProcess.Api\Endpoints\Workflow\WorkflowEndpoints.cs","01_Backend_Core","Backend Core: API, Application, Domain, Infrastructure, Workers","Backend API Endpoint",".cs","1031","40470","39.52","6/3/2026 7:54:00 AM"
"Backend\PlantProcess.Api\EnterpriseIdentity\V5EnterpriseIdentityEndpoints.cs","01_Backend_Core","Backend Core: API, Application, Domain, Infrastructure, Workers","Backend API Source",".cs","958","35938","35.1","6/3/2026 2:34:30 PM"
"Backend\PlantProcess.Api\EnterpriseSsoScim\V5EnterpriseSsoScimEndpoints.cs","01_Backend_Core","Backend Core: API, Application, Domain, Infrastructure, Workers","Backend API Source",".cs","858","31873","31.13","6/3/2026 2:39:29 PM"
"Backend\PlantProcess.Api\EnterpriseSsoScim\V5IdentityRuntimeCertificationEndpoints.cs","01_Backend_Core","Backend Core: API, Application, Domain, Infrastructure, Workers","Backend API Source",".cs","880","31691","30.95","6/3/2026 4:12:18 PM"
"Backend\PlantProcess.Api\ErrorHandling\ApplicationProblems.cs","01_Backend_Core","Backend Core: API, Application, Domain, Infrastructure, Workers","Backend API Source",".cs","28","1686","1.65","6/3/2026 12:28:29 AM"
"Backend\PlantProcess.Api\ErrorHandling\GlobalExceptionHandler.cs","01_Backend_Core","Backend Core: API, Application, Domain, Infrastructure, Workers","Backend API Source",".cs","80","3254","3.18","6/3/2026 12:28:29 AM"
"Backend\PlantProcess.Api\Extensions\ApplicationResultHttpExtensions.cs","01_Backend_Core","Backend Core: API, Application, Domain, Infrastructure, Workers","Backend API Source",".cs","61","2182","2.13","5/19/2026 12:19:14 AM"
"Backend\PlantProcess.Api\Extensions\LicenseEndpointExtensions.cs","01_Backend_Core","Backend Core: API, Application, Domain, Infrastructure, Workers","Backend API Source",".cs","22","673","0.66","5/21/2026 3:25:03 PM"
"Backend\PlantProcess.Api\Filter\LicenseFeatureEndpointFilter.cs","01_Backend_Core","Backend Core: API, Application, Domain, Infrastructure, Workers","Backend API Source",".cs","28","875","0.85","5/21/2026 3:24:44 PM"
"Backend\PlantProcess.Api\Hosting\ReadModelRefreshHostedService.cs","01_Backend_Core","Backend Core: API, Application, Domain, Infrastructure, Workers","Backend API Source",".cs","104","4341","4.24","6/4/2026 1:19:36 AM"
"Backend\PlantProcess.Api\Middleware\AuditLogMiddleware.cs","01_Backend_Core","Backend Core: API, Application, Domain, Infrastructure, Workers","API Middleware",".cs","230","8291","8.1","5/22/2026 11:12:56 PM"
"Backend\PlantProcess.Api\Middleware\CorrelationIdMiddleware.cs","01_Backend_Core","Backend Core: API, Application, Domain, Infrastructure, Workers","API Middleware",".cs","67","3206","3.13","5/19/2026 12:19:14 AM"
"Backend\PlantProcess.Api\Middleware\RequestResponseLoggingMiddleware.cs","01_Backend_Core","Backend Core: API, Application, Domain, Infrastructure, Workers","API Middleware",".cs","125","4478","4.37","5/19/2026 12:19:14 AM"
"Backend\PlantProcess.Api\Middleware\SecurityHeadersMiddleware.cs","01_Backend_Core","Backend Core: API, Application, Domain, Infrastructure, Workers","API Middleware",".cs","39","1436","1.4","6/3/2026 12:28:30 AM"
"Backend\PlantProcess.Api\Options\PlantProcessOptions.cs","01_Backend_Core","Backend Core: API, Application, Domain, Infrastructure, Workers","Backend API Source",".cs","16","487","0.48","5/19/2026 12:19:14 AM"
"Backend\PlantProcess.Api\OutboundLeadSystem\V5OutboundLeadSystemEndpoints.cs","01_Backend_Core","Backend Core: API, Application, Domain, Infrastructure, Workers","Backend API Source",".cs","737","27112","26.48","6/3/2026 2:55:19 PM"
"Backend\PlantProcess.Api\PlantConnectors\V5ConnectorRuntimeCertificationEndpoints.cs","01_Backend_Core","Backend Core: API, Application, Domain, Infrastructure, Workers","Backend API Source",".cs","906","33562","32.78","6/3/2026 4:25:32 PM"
"Backend\PlantProcess.Api\PlantConnectors\V5PlantConnectorEndpoints.cs","01_Backend_Core","Backend Core: API, Application, Domain, Infrastructure, Workers","Backend API Source",".cs","642","22681","22.15","6/3/2026 2:41:36 PM"
"Backend\PlantProcess.Api\PlantProcess.Api.csproj","01_Backend_Core","Backend Core: API, Application, Domain, Infrastructure, Workers","Backend API Source",".csproj","35","1690","1.65","6/3/2026 3:56:42 PM"
"Backend\PlantProcess.Api\PlantProcess.Api.http","01_Backend_Core","Backend Core: API, Application, Domain, Infrastructure, Workers","Backend API Source",".http","6","145","0.14","5/6/2026 8:48:35 PM"
"Backend\PlantProcess.Api\PlantProcess.PhaseH_I.http","01_Backend_Core","Backend Core: API, Application, Domain, Infrastructure, Workers","Backend API Source",".http","56","1303","1.27","5/11/2026 3:36:51 PM"
"Backend\PlantProcess.Api\Program.cs","01_Backend_Core","Backend Core: API, Application, Domain, Infrastructure, Workers","Backend API Source",".cs","568","46477","45.39","6/4/2026 10:27:29 AM"
"Backend\PlantProcess.Api\Properties\launchSettings.json","01_Backend_Core","Backend Core: API, Application, Domain, Infrastructure, Workers","Backend API Source",".json","38","1608","1.57","5/30/2026 4:02:37 PM"
"Backend\PlantProcess.Api\Security\AuthEndpoints.cs","01_Backend_Core","Backend Core: API, Application, Domain, Infrastructure, Workers","API Security/Auth",".cs","367","14117","13.79","6/3/2026 7:54:00 AM"
"Backend\PlantProcess.Api\Security\AuthOptions.cs","01_Backend_Core","Backend Core: API, Application, Domain, Infrastructure, Workers","API Security/Auth",".cs","56","2156","2.11","6/4/2026 8:47:07 AM"
"Backend\PlantProcess.Api\Security\AuthStore.cs","01_Backend_Core","Backend Core: API, Application, Domain, Infrastructure, Workers","API Security/Auth",".cs","452","14961","14.61","6/3/2026 1:28:54 PM"
"Backend\PlantProcess.Api\Security\FirstRunProvisioningHostedService.cs","01_Backend_Core","Backend Core: API, Application, Domain, Infrastructure, Workers","API Security/Auth",".cs","79","2403","2.35","6/1/2026 2:55:50 PM"
"Backend\PlantProcess.Api\Security\HttpTenantAccessor.cs","01_Backend_Core","Backend Core: API, Application, Domain, Infrastructure, Workers","API Security/Auth",".cs","15","602","0.59","6/3/2026 1:21:01 AM"
"Backend\PlantProcess.Api\Security\P01P02SecuritySchema.cs","01_Backend_Core","Backend Core: API, Application, Domain, Infrastructure, Workers","API Security/Auth",".cs","198","7884","7.7","6/1/2026 2:55:46 PM"
"Backend\PlantProcess.Api\Security\P01P02StartupGuard.cs","01_Backend_Core","Backend Core: API, Application, Domain, Infrastructure, Workers","API Security/Auth",".cs","152","5419","5.29","6/1/2026 3:28:51 PM"
"Backend\PlantProcess.Api\Security\PlantAccessControl.cs","01_Backend_Core","Backend Core: API, Application, Domain, Infrastructure, Workers","API Security/Auth",".cs","304","12412","12.12","6/3/2026 7:53:59 AM"
"Backend\PlantProcess.Api\SignedLicensing\V5Ed25519LicenseEndpoints.cs","01_Backend_Core","Backend Core: API, Application, Domain, Infrastructure, Workers","Backend API Source",".cs","773","29029","28.35","6/3/2026 3:56:47 PM"
"Backend\PlantProcess.Api\SignedLicensing\V5LicenseResolverProofEndpoints.cs","01_Backend_Core","Backend Core: API, Application, Domain, Infrastructure, Workers","Backend API Source",".cs","74","2645","2.58","6/3/2026 4:00:04 PM"
"Backend\PlantProcess.Api\SignedLicensing\V5SignedLicensingEndpoints.cs","01_Backend_Core","Backend Core: API, Application, Domain, Infrastructure, Workers","Backend API Source",".cs","694","25193","24.6","6/3/2026 2:41:37 PM"
"Backend\PlantProcess.Api\SignedLicensing\VerifiedEd25519LicenseService.cs","01_Backend_Core","Backend Core: API, Application, Domain, Infrastructure, Workers","Backend API Source",".cs","473","18015","17.59","6/3/2026 4:00:03 PM"
"Backend\PlantProcess.Api\Swagger\SwaggerExamplesOperationFilter.cs","01_Backend_Core","Backend Core: API, Application, Domain, Infrastructure, Workers","Backend API Source",".cs","237","8529","8.33","5/19/2026 10:32:04 AM"
"Backend\PlantProcess.Api\VisualMapper\V5VisualMapperEndpoints.cs","01_Backend_Core","Backend Core: API, Application, Domain, Infrastructure, Workers","Backend API Source",".cs","717","27652","27","6/3/2026 2:27:19 PM"
"Backend\PlantProcess.Application\Acquisition\HistorianTagHistoryMapper.cs","01_Backend_Core","Backend Core: API, Application, Domain, Infrastructure, Workers","Application Layer Source",".cs","50","1818","1.78","6/4/2026 9:28:55 AM"
"Backend\PlantProcess.Application\Acquisition\OtSafeAcquisitionContracts.cs","01_Backend_Core","Backend Core: API, Application, Domain, Infrastructure, Workers","Application Layer Source",".cs","107","2807","2.74","6/4/2026 9:28:54 AM"
"Backend\PlantProcess.Application\Acquisition\OtSafeEdgeCollectorGateway.cs","01_Backend_Core","Backend Core: API, Application, Domain, Infrastructure, Workers","Application Layer Source",".cs","55","2181","2.13","6/4/2026 10:25:51 AM"
"Backend\PlantProcess.Application\Acquisition\SchemaDriftDetector.cs","01_Backend_Core","Backend Core: API, Application, Domain, Infrastructure, Workers","Application Layer Source",".cs","79","3286","3.21","6/4/2026 9:28:56 AM"
"Backend\PlantProcess.Application\Analytics\Advanced\AdvancedAnalysisContracts.cs","01_Backend_Core","Backend Core: API, Application, Domain, Infrastructure, Workers","Application Layer Source",".cs","86","2846","2.78","6/3/2026 12:54:30 AM"
"Backend\PlantProcess.Application\Analytics\Advanced\AdvancedCorrelationComputeService.cs","01_Backend_Core","Backend Core: API, Application, Domain, Infrastructure, Workers","Application Layer Source",".cs","382","17294","16.89","6/3/2026 12:54:30 AM"
"Backend\PlantProcess.Application\Analytics\Advanced\AdvancedReadiness.cs","01_Backend_Core","Backend Core: API, Application, Domain, Infrastructure, Workers","Application Layer Source",".cs","45","1771","1.73","6/3/2026 1:10:39 AM"
"Backend\PlantProcess.Application\Analytics\Advanced\AnalysisReadiness.cs","01_Backend_Core","Backend Core: API, Application, Domain, Infrastructure, Workers","Application Layer Source",".cs","48","1679","1.64","6/3/2026 1:10:39 AM"
"Backend\PlantProcess.Application\Analytics\Advanced\NullAdvancedResultWriter.cs","01_Backend_Core","Backend Core: API, Application, Domain, Infrastructure, Workers","Application Layer Source",".cs","12","461","0.45","6/3/2026 12:54:31 AM"
"Backend\PlantProcess.Application\Analytics\Calibration\CalibrationContracts.cs","01_Backend_Core","Backend Core: API, Application, Domain, Infrastructure, Workers","Application Layer Source",".cs","27","858","0.84","6/2/2026 6:44:09 PM"
"Backend\PlantProcess.Application\Analytics\Calibration\IRiskCalibrationProvider.cs","01_Backend_Core","Backend Core: API, Application, Domain, Infrastructure, Workers","Application Layer Source",".cs","6","224","0.22","6/2/2026 6:44:10 PM"
"Backend\PlantProcess.Application\Analytics\Calibration\RiskCalibrationService.cs","01_Backend_Core","Backend Core: API, Application, Domain, Infrastructure, Workers","Application Layer Source",".cs","77","3077","3","6/2/2026 6:44:10 PM"
"Backend\PlantProcess.Application\Analytics\Contracts\CorrelationComputeDtos.cs","01_Backend_Core","Backend Core: API, Application, Domain, Infrastructure, Workers","Application Contract / DTO",".cs","23","603","0.59","5/30/2026 4:32:49 PM"
"Backend\PlantProcess.Application\Analytics\Contracts\CorrelationDtos.cs","01_Backend_Core","Backend Core: API, Application, Domain, Infrastructure, Workers","Application Contract / DTO",".cs","111","3027","2.96","5/19/2026 12:19:14 AM"
"Backend\PlantProcess.Application\Analytics\Contracts\MaterialFeatureVector.cs","01_Backend_Core","Backend Core: API, Application, Domain, Infrastructure, Workers","Application Contract / DTO",".cs","125","3897","3.81","5/19/2026 12:19:14 AM"
"Backend\PlantProcess.Application\Analytics\Contracts\MlReadinessDtos.cs","01_Backend_Core","Backend Core: API, Application, Domain, Infrastructure, Workers","Application Contract / DTO",".cs","90","2534","2.47","5/21/2026 4:19:35 PM"
"Backend\PlantProcess.Application\Analytics\Contracts\NarrativeProviderDtos.cs","01_Backend_Core","Backend Core: API, Application, Domain, Infrastructure, Workers","Application Contract / DTO",".cs","29","780","0.76","5/31/2026 12:39:01 PM"
"Backend\PlantProcess.Application\Analytics\Contracts\RiskPredictionDtos.cs","01_Backend_Core","Backend Core: API, Application, Domain, Infrastructure, Workers","Application Contract / DTO",".cs","70","1768","1.73","5/19/2026 12:19:14 AM"
"Backend\PlantProcess.Application\Analytics\Contracts\StoreRiskScoreCommand.cs","01_Backend_Core","Backend Core: API, Application, Domain, Infrastructure, Workers","Application Contract / DTO",".cs","18","416","0.41","5/19/2026 12:19:14 AM"
"Backend\PlantProcess.Application\Analytics\Engines\CanonicalCorrelationEngine.cs","01_Backend_Core","Backend Core: API, Application, Domain, Infrastructure, Workers","Application Layer Source",".cs","18","911","0.89","6/4/2026 1:19:36 AM"
"Backend\PlantProcess.Application\Analytics\Engines\CorrelationEngineRegistry.cs","01_Backend_Core","Backend Core: API, Application, Domain, Infrastructure, Workers","Application Layer Source",".cs","30","1364","1.33","6/4/2026 1:19:36 AM"
"Backend\PlantProcess.Application\Analytics\Engines\ICorrelationEngine.cs","01_Backend_Core","Backend Core: API, Application, Domain, Infrastructure, Workers","Application Layer Source",".cs","14","589","0.58","6/4/2026 1:19:36 AM"
"Backend\PlantProcess.Application\Analytics\Interfaces\ICorrelationComputeEngine.cs","01_Backend_Core","Backend Core: API, Application, Domain, Infrastructure, Workers","Application Interface",".cs","12","337","0.33","5/30/2026 4:32:49 PM"
"Backend\PlantProcess.Application\Analytics\Interfaces\ICorrelationService.cs","01_Backend_Core","Backend Core: API, Application, Domain, Infrastructure, Workers","Application Interface",".cs","29","970","0.95","5/19/2026 12:19:14 AM"
"Backend\PlantProcess.Application\Analytics\Interfaces\IEmbeddingProvider.cs","01_Backend_Core","Backend Core: API, Application, Domain, Infrastructure, Workers","Application Interface",".cs","12","312","0.3","5/30/2026 4:32:49 PM"
"Backend\PlantProcess.Application\Analytics\Interfaces\IFeatureEngineeringService.cs","01_Backend_Core","Backend Core: API, Application, Domain, Infrastructure, Workers","Application Interface",".cs","16","392","0.38","5/19/2026 12:19:14 AM"
"Backend\PlantProcess.Application\Analytics\Interfaces\IMlReadinessService.cs","01_Backend_Core","Backend Core: API, Application, Domain, Infrastructure, Workers","Application Interface",".cs","19","626","0.61","5/21/2026 4:20:49 PM"
"Backend\PlantProcess.Application\Analytics\Interfaces\INarrativeProvider.cs","01_Backend_Core","Backend Core: API, Application, Domain, Infrastructure, Workers","Application Interface",".cs","13","306","0.3","5/31/2026 12:39:01 PM"
"Backend\PlantProcess.Application\Analytics\Interfaces\IQualityLabelBuilderService.cs","01_Backend_Core","Backend Core: API, Application, Domain, Infrastructure, Workers","Application Interface",".cs","13","405","0.4","5/21/2026 4:20:15 PM"
"Backend\PlantProcess.Application\Analytics\Interfaces\IRiskScoreService.cs","01_Backend_Core","Backend Core: API, Application, Domain, Infrastructure, Workers","Application Interface",".cs","24","697","0.68","5/19/2026 12:19:14 AM"
"Backend\PlantProcess.Application\Analytics\Services\ApiNarrativeProvider.cs","01_Backend_Core","Backend Core: API, Application, Domain, Infrastructure, Workers","Application Service",".cs","98","3256","3.18","5/31/2026 12:39:01 PM"
"Backend\PlantProcess.Application\Analytics\Services\ConfiguredNarrativeProvider.cs","01_Backend_Core","Backend Core: API, Application, Domain, Infrastructure, Workers","Application Service",".cs","53","1731","1.69","5/31/2026 12:39:01 PM"
"Backend\PlantProcess.Application\Analytics\Services\CorrelationService.cs","01_Backend_Core","Backend Core: API, Application, Domain, Infrastructure, Workers","Application Service",".cs","564","25356","24.76","6/4/2026 8:55:17 AM"
"Backend\PlantProcess.Application\Analytics\Services\DeterministicEmbeddingProvider.cs","01_Backend_Core","Backend Core: API, Application, Domain, Infrastructure, Workers","Application Service",".cs","49","1860","1.82","5/30/2026 4:32:49 PM"
"Backend\PlantProcess.Application\Analytics\Services\FeatureEngineeringService.cs","01_Backend_Core","Backend Core: API, Application, Domain, Infrastructure, Workers","Application Service",".cs","445","19276","18.82","5/19/2026 10:15:44 AM"
"Backend\PlantProcess.Application\Analytics\Services\LocalNarrativeProvider.cs","01_Backend_Core","Backend Core: API, Application, Domain, Infrastructure, Workers","Application Service",".cs","64","2240","2.19","5/31/2026 12:39:01 PM"
"Backend\PlantProcess.Application\Analytics\Services\MlReadinessService.cs","01_Backend_Core","Backend Core: API, Application, Domain, Infrastructure, Workers","Application Service",".cs","482","18305","17.88","5/21/2026 4:36:00 PM"
"Backend\PlantProcess.Application\Analytics\Services\QualityLabelBuilderService.cs","01_Backend_Core","Backend Core: API, Application, Domain, Infrastructure, Workers","Application Service",".cs","245","9047","8.83","5/21/2026 4:32:59 PM"
"Backend\PlantProcess.Application\Analytics\Services\RiskScoreService.cs","01_Backend_Core","Backend Core: API, Application, Domain, Infrastructure, Workers","Application Service",".cs","392","16753","16.36","5/31/2026 2:21:24 PM"
"Backend\PlantProcess.Application\Analytics\Suggestions\ISuggestionEngine.cs","01_Backend_Core","Backend Core: API, Application, Domain, Infrastructure, Workers","Application Layer Source",".cs","7","312","0.3","6/2/2026 7:26:02 PM"
"Backend\PlantProcess.Application\Analytics\Suggestions\ISuggestionStore.cs","01_Backend_Core","Backend Core: API, Application, Domain, Infrastructure, Workers","Application Layer Source",".cs","14","885","0.86","6/2/2026 7:26:06 PM"
"Backend\PlantProcess.Application\Analytics\Suggestions\SuggestionConfidence.cs","01_Backend_Core","Backend Core: API, Application, Domain, Infrastructure, Workers","Application Layer Source",".cs","19","744","0.73","6/2/2026 7:26:02 PM"
"Backend\PlantProcess.Application\Analytics\Suggestions\SuggestionContracts.cs","01_Backend_Core","Backend Core: API, Application, Domain, Infrastructure, Workers","Application Layer Source",".cs","34","1170","1.14","6/2/2026 7:26:02 PM"
"Backend\PlantProcess.Application\Analytics\Suggestions\SuggestionEngine.cs","01_Backend_Core","Backend Core: API, Application, Domain, Infrastructure, Workers","Application Layer Source",".cs","89","3884","3.79","6/2/2026 7:26:04 PM"
"Backend\PlantProcess.Application\Analytics\Suggestions\SuggestionGenerationJob.cs","01_Backend_Core","Backend Core: API, Application, Domain, Infrastructure, Workers","Application Layer Source",".cs","24","1013","0.99","6/2/2026 7:26:06 PM"
"Backend\PlantProcess.Application\Analytics\Suggestions\SuggestionWorkflow.cs","01_Backend_Core","Backend Core: API, Application, Domain, Infrastructure, Workers","Application Layer Source",".cs","35","1852","1.81","6/2/2026 7:26:05 PM"
"Backend\PlantProcess.Application\Analytics\Value\CostAssumptionValidator.cs","01_Backend_Core","Backend Core: API, Application, Domain, Infrastructure, Workers","Application Layer Source",".cs","43","1628","1.59","6/4/2026 9:13:12 AM"
"Backend\PlantProcess.Application\Analytics\Value\FindingEvidenceContracts.cs","01_Backend_Core","Backend Core: API, Application, Domain, Infrastructure, Workers","Application Layer Source",".cs","63","1985","1.94","6/4/2026 9:13:12 AM"
"Backend\PlantProcess.Application\Analytics\Value\ICostAssumptionStore.cs","01_Backend_Core","Backend Core: API, Application, Domain, Infrastructure, Workers","Application Layer Source",".cs","10","533","0.52","6/2/2026 6:48:31 PM"
"Backend\PlantProcess.Application\Analytics\Value\IValueImpactEngine.cs","01_Backend_Core","Backend Core: API, Application, Domain, Infrastructure, Workers","Application Layer Source",".cs","6","180","0.18","6/2/2026 6:48:30 PM"
"Backend\PlantProcess.Application\Analytics\Value\ValueContracts.cs","01_Backend_Core","Backend Core: API, Application, Domain, Infrastructure, Workers","Application Layer Source",".cs","64","2053","2","6/4/2026 9:13:13 AM"
"Backend\PlantProcess.Application\Analytics\Value\ValueHonestyLint.cs","01_Backend_Core","Backend Core: API, Application, Domain, Infrastructure, Workers","Application Layer Source",".cs","26","973","0.95","6/2/2026 6:48:31 PM"
"Backend\PlantProcess.Application\Analytics\Value\ValueImpactEngine.cs","01_Backend_Core","Backend Core: API, Application, Domain, Infrastructure, Workers","Application Layer Source",".cs","55","3116","3.04","6/2/2026 6:48:31 PM"
"Backend\PlantProcess.Application\ApplicationAssemblyMarker.cs","01_Backend_Core","Backend Core: API, Application, Domain, Infrastructure, Workers","Application Layer Source",".cs","12","211","0.21","5/19/2026 12:19:14 AM"
"Backend\PlantProcess.Application\Assistant\AssistantContracts.cs","01_Backend_Core","Backend Core: API, Application, Domain, Infrastructure, Workers","Application Layer Source",".cs","36","1551","1.51","6/2/2026 7:26:46 PM"
"Backend\PlantProcess.Application\Assistant\AssistantEvalHarness.cs","01_Backend_Core","Backend Core: API, Application, Domain, Infrastructure, Workers","Application Layer Source",".cs","51","1906","1.86","6/4/2026 9:23:00 AM"
"Backend\PlantProcess.Application\Assistant\AssistantRetrievalIndexBuildService.cs","01_Backend_Core","Backend Core: API, Application, Domain, Infrastructure, Workers","Application Layer Source",".cs","59","1889","1.84","6/4/2026 9:25:28 AM"
"Backend\PlantProcess.Application\Assistant\AssistantService.cs","01_Backend_Core","Backend Core: API, Application, Domain, Infrastructure, Workers","Application Layer Source",".cs","38","1597","1.56","6/2/2026 7:26:50 PM"
"Backend\PlantProcess.Application\Assistant\ExtractiveAssistantModel.cs","01_Backend_Core","Backend Core: API, Application, Domain, Infrastructure, Workers","Application Layer Source",".cs","50","2068","2.02","6/2/2026 7:26:49 PM"
"Backend\PlantProcess.Application\Assistant\GroundedAssistantGateway.cs","01_Backend_Core","Backend Core: API, Application, Domain, Infrastructure, Workers","Application Layer Source",".cs","62","2118","2.07","6/4/2026 9:22:59 AM"
"Backend\PlantProcess.Application\Assistant\GroundingService.cs","01_Backend_Core","Backend Core: API, Application, Domain, Infrastructure, Workers","Application Layer Source",".cs","65","3041","2.97","6/2/2026 7:26:48 PM"
"Backend\PlantProcess.Application\Assistant\IAssistantModel.cs","01_Backend_Core","Backend Core: API, Application, Domain, Infrastructure, Workers","Application Layer Source",".cs","10","452","0.44","6/2/2026 7:26:49 PM"
"Backend\PlantProcess.Application\Assistant\IEmbedder.cs","01_Backend_Core","Backend Core: API, Application, Domain, Infrastructure, Workers","Application Layer Source",".cs","12","519","0.51","6/4/2026 9:22:56 AM"
"Backend\PlantProcess.Application\Assistant\IRetrievalIndex.cs","01_Backend_Core","Backend Core: API, Application, Domain, Infrastructure, Workers","Application Layer Source",".cs","13","719","0.7","6/2/2026 7:26:47 PM"
"Backend\PlantProcess.Application\Assistant\LocalSemanticEmbedder.cs","01_Backend_Core","Backend Core: API, Application, Domain, Infrastructure, Workers","Application Layer Source",".cs","109","3213","3.14","6/4/2026 9:22:57 AM"
"Backend\PlantProcess.Application\Assistant\Tools\ITool.cs","01_Backend_Core","Backend Core: API, Application, Domain, Infrastructure, Workers","Application Layer Source",".cs","11","468","0.46","6/2/2026 7:26:47 PM"
"Backend\PlantProcess.Application\Assistant\Tools\ToolRegistry.cs","01_Backend_Core","Backend Core: API, Application, Domain, Infrastructure, Workers","Application Layer Source",".cs","45","1972","1.93","6/2/2026 7:26:48 PM"
"Backend\PlantProcess.Application\Audit\AuditLogContext.cs","01_Backend_Core","Backend Core: API, Application, Domain, Infrastructure, Workers","Application Layer Source",".cs","25","752","0.73","5/22/2026 11:12:56 PM"
"Backend\PlantProcess.Application\Audit\IAuditLogService.cs","01_Backend_Core","Backend Core: API, Application, Domain, Infrastructure, Workers","Application Layer Source",".cs","16","603","0.59","5/22/2026 11:12:56 PM"
"Backend\PlantProcess.Application\Common\Constants\ApplicationErrorCodes.cs","01_Backend_Core","Backend Core: API, Application, Domain, Infrastructure, Workers","Application Layer Source",".cs","13","643","0.63","5/21/2026 2:29:50 PM"
"Backend\PlantProcess.Application\Common\Paging\PagedResult.cs","01_Backend_Core","Backend Core: API, Application, Domain, Infrastructure, Workers","Application Layer Source",".cs","29","632","0.62","5/19/2026 12:19:14 AM"
"Backend\PlantProcess.Application\Common\Paging\PageRequest.cs","01_Backend_Core","Backend Core: API, Application, Domain, Infrastructure, Workers","Application Layer Source",".cs","22","442","0.43","5/19/2026 12:19:14 AM"
"Backend\PlantProcess.Application\Common\Persistence\IPlantProcessDbContext.cs","01_Backend_Core","Backend Core: API, Application, Domain, Infrastructure, Workers","Application Layer Source",".cs","65","2564","2.5","5/19/2026 12:19:14 AM"
"Backend\PlantProcess.Application\Common\Results\ApplicationError.cs","01_Backend_Core","Backend Core: API, Application, Domain, Infrastructure, Workers","Application Layer Source",".cs","80","2382","2.33","5/21/2026 2:30:34 PM"
"Backend\PlantProcess.Application\Common\Results\ApplicationErrorType.cs","01_Backend_Core","Backend Core: API, Application, Domain, Infrastructure, Workers","Application Layer Source",".cs","14","290","0.28","5/21/2026 4:05:01 PM"
"Backend\PlantProcess.Application\Common\Results\ApplicationResult.cs","01_Backend_Core","Backend Core: API, Application, Domain, Infrastructure, Workers","Application Layer Source",".cs","30","682","0.67","5/19/2026 12:19:14 AM"
"Backend\PlantProcess.Application\Common\Results\ApplicationResultT.cs","01_Backend_Core","Backend Core: API, Application, Domain, Infrastructure, Workers","Application Layer Source",".cs","33","786","0.77","5/19/2026 12:19:14 AM"
"Backend\PlantProcess.Application\Common\Text\TextNormalizer.cs","01_Backend_Core","Backend Core: API, Application, Domain, Infrastructure, Workers","Application Layer Source",".cs","43","1243","1.21","5/19/2026 12:19:14 AM"
"Backend\PlantProcess.Application\Common\Time\IClock.cs","01_Backend_Core","Backend Core: API, Application, Domain, Infrastructure, Workers","Application Layer Source",".cs","11","165","0.16","5/19/2026 12:19:14 AM"
"Backend\PlantProcess.Application\Common\Time\IPlantTimeContextResolver.cs","01_Backend_Core","Backend Core: API, Application, Domain, Infrastructure, Workers","Application Layer Source",".cs","15","313","0.31","5/19/2026 12:19:14 AM"
"Backend\PlantProcess.Application\Common\Time\PlantTimeContext.cs","01_Backend_Core","Backend Core: API, Application, Domain, Infrastructure, Workers","Application Layer Source",".cs","8","152","0.15","5/19/2026 12:19:14 AM"
"Backend\PlantProcess.Application\Common\Time\PlantTimeContextResolver.cs","01_Backend_Core","Backend Core: API, Application, Domain, Infrastructure, Workers","Application Layer Source",".cs","58","1571","1.53","5/19/2026 12:19:14 AM"
"Backend\PlantProcess.Application\Common\Time\SystemClock.cs","01_Backend_Core","Backend Core: API, Application, Domain, Infrastructure, Workers","Application Layer Source",".cs","11","224","0.22","5/19/2026 12:19:14 AM"
"Backend\PlantProcess.Application\Common\Validation\Guard.cs","01_Backend_Core","Backend Core: API, Application, Domain, Infrastructure, Workers","Application Layer Source",".cs","37","1187","1.16","5/19/2026 12:19:14 AM"
"Backend\PlantProcess.Application\Common\Validation\ValidationFailure.cs","01_Backend_Core","Backend Core: API, Application, Domain, Infrastructure, Workers","Application Layer Source",".cs","9","174","0.17","5/19/2026 12:19:14 AM"
"Backend\PlantProcess.Application\Common\Validation\ValidationResult.cs","01_Backend_Core","Backend Core: API, Application, Domain, Infrastructure, Workers","Application Layer Source",".cs","31","873","0.85","5/19/2026 12:19:14 AM"
"Backend\PlantProcess.Application\Contracts\Common\CommandMetadata.cs","01_Backend_Core","Backend Core: API, Application, Domain, Infrastructure, Workers","Application Contract / DTO",".cs","11","252","0.25","5/19/2026 12:19:14 AM"
"Backend\PlantProcess.Application\Contracts\Common\QueryMetadata.cs","01_Backend_Core","Backend Core: API, Application, Domain, Infrastructure, Workers","Application Contract / DTO",".cs","8","171","0.17","5/19/2026 12:19:14 AM"
"Backend\PlantProcess.Application\Contracts\DataQuality\RaiseDataQualityIssueCommand.cs","01_Backend_Core","Backend Core: API, Application, Domain, Infrastructure, Workers","Application Contract / DTO",".cs","15","366","0.36","5/19/2026 12:19:14 AM"
"Backend\PlantProcess.Application\Contracts\Materials\AddMaterialAliasCommand.cs","01_Backend_Core","Backend Core: API, Application, Domain, Infrastructure, Workers","Application Contract / DTO",".cs","13","298","0.29","5/19/2026 12:19:14 AM"
"Backend\PlantProcess.Application\Contracts\Materials\CreateGenealogyEdgeCommand.cs","01_Backend_Core","Backend Core: API, Application, Domain, Infrastructure, Workers","Application Contract / DTO",".cs","16","411","0.4","5/19/2026 12:19:14 AM"
"Backend\PlantProcess.Application\Contracts\Materials\CreateMaterialCommand.cs","01_Backend_Core","Backend Core: API, Application, Domain, Infrastructure, Workers","Application Contract / DTO",".cs","18","458","0.45","5/19/2026 12:19:14 AM"
"Backend\PlantProcess.Application\Contracts\PlantLayout\PlantLayoutDtos.cs","01_Backend_Core","Backend Core: API, Application, Domain, Infrastructure, Workers","Application Contract / DTO",".cs","72","1766","1.72","5/19/2026 12:19:14 AM"
"Backend\PlantProcess.Application\Contracts\Process\AddDowntimeEventCommand.cs","01_Backend_Core","Backend Core: API, Application, Domain, Infrastructure, Workers","Application Contract / DTO",".cs","19","478","0.47","5/19/2026 12:19:14 AM"
"Backend\PlantProcess.Application\Contracts\Process\AddParameterDefinitionCommand.cs","01_Backend_Core","Backend Core: API, Application, Domain, Infrastructure, Workers","Application Contract / DTO",".cs","17","435","0.42","5/19/2026 12:19:14 AM"
"Backend\PlantProcess.Application\Contracts\Process\AddParameterObservationCommand.cs","01_Backend_Core","Backend Core: API, Application, Domain, Infrastructure, Workers","Application Contract / DTO",".cs","22","568","0.55","5/19/2026 12:19:14 AM"
"Backend\PlantProcess.Application\Contracts\Process\AddProcessEventCommand.cs","01_Backend_Core","Backend Core: API, Application, Domain, Infrastructure, Workers","Application Contract / DTO",".cs","18","445","0.43","5/19/2026 12:19:14 AM"
"Backend\PlantProcess.Application\Contracts\Process\AddProcessStepCommand.cs","01_Backend_Core","Backend Core: API, Application, Domain, Infrastructure, Workers","Application Contract / DTO",".cs","20","505","0.49","5/19/2026 12:19:14 AM"
"Backend\PlantProcess.Application\Contracts\Quality\AddDefectCatalogCommand.cs","01_Backend_Core","Backend Core: API, Application, Domain, Infrastructure, Workers","Application Contract / DTO",".cs","13","305","0.3","5/19/2026 12:19:14 AM"
"Backend\PlantProcess.Application\Contracts\Quality\AddQualityEventCommand.cs","01_Backend_Core","Backend Core: API, Application, Domain, Infrastructure, Workers","Application Contract / DTO",".cs","18","434","0.42","5/19/2026 12:19:14 AM"
"Backend\PlantProcess.Application\Contracts\Quality\QualityReadDtos.cs","01_Backend_Core","Backend Core: API, Application, Domain, Infrastructure, Workers","Application Contract / DTO",".cs","39","902","0.88","5/19/2026 12:19:14 AM"
"Backend\PlantProcess.Application\Contracts\Readiness\ApplicationReadinessDto.cs","01_Backend_Core","Backend Core: API, Application, Domain, Infrastructure, Workers","Application Contract / DTO",".cs","90","2822","2.76","5/19/2026 12:04:58 PM"
"Backend\PlantProcess.Application\Dashboarding\Contracts\DashboardDefinitionDtos.cs","01_Backend_Core","Backend Core: API, Application, Domain, Infrastructure, Workers","Application Contract / DTO",".cs","95","2391","2.33","5/19/2026 12:19:14 AM"
"Backend\PlantProcess.Application\Dashboarding\Contracts\DashboardDtos.cs","01_Backend_Core","Backend Core: API, Application, Domain, Infrastructure, Workers","Application Contract / DTO",".cs","185","5405","5.28","5/19/2026 12:19:14 AM"
"Backend\PlantProcess.Application\Dashboarding\Contracts\DashboardMetadataDtos.cs","01_Backend_Core","Backend Core: API, Application, Domain, Infrastructure, Workers","Application Contract / DTO",".cs","201","6550","6.4","5/19/2026 12:19:14 AM"
"Backend\PlantProcess.Application\Dashboarding\Contracts\WidgetQueryExpressionDtos.cs","01_Backend_Core","Backend Core: API, Application, Domain, Infrastructure, Workers","Application Contract / DTO",".cs","58","1623","1.58","5/30/2026 11:44:13 AM"
"Backend\PlantProcess.Application\Dashboarding\Interfaces\IDashboardDefinitionService.cs","01_Backend_Core","Backend Core: API, Application, Domain, Infrastructure, Workers","Application Interface",".cs","70","2532","2.47","5/19/2026 12:19:14 AM"
"Backend\PlantProcess.Application\Dashboarding\Interfaces\IDashboardMetadataService.cs","01_Backend_Core","Backend Core: API, Application, Domain, Infrastructure, Workers","Application Interface",".cs","13","344","0.34","5/19/2026 12:19:14 AM"
"Backend\PlantProcess.Application\Dashboarding\Interfaces\IDashboardQueryService.cs","01_Backend_Core","Backend Core: API, Application, Domain, Infrastructure, Workers","Application Interface",".cs","34","1192","1.16","5/19/2026 12:19:14 AM"
"Backend\PlantProcess.Application\Dashboarding\Interfaces\IDashboardWidgetQueryService.cs","01_Backend_Core","Backend Core: API, Application, Domain, Infrastructure, Workers","Application Interface",".cs","14","392","0.38","5/19/2026 12:19:14 AM"
"Backend\PlantProcess.Application\Dashboarding\Interfaces\IDashboardWidgetValidationService.cs","01_Backend_Core","Backend Core: API, Application, Domain, Infrastructure, Workers","Application Interface",".cs","13","346","0.34","5/19/2026 12:19:14 AM"
"Backend\PlantProcess.Application\Dashboarding\Interfaces\IWidgetQueryExpressionService.cs","01_Backend_Core","Backend Core: API, Application, Domain, Infrastructure, Workers","Application Interface",".cs","11","408","0.4","5/30/2026 11:44:13 AM"
"Backend\PlantProcess.Application\Dashboarding\Services\Dashboards\DashboardDefinitionService.cs","01_Backend_Core","Backend Core: API, Application, Domain, Infrastructure, Workers","Application Service",".cs","902","34562","33.75","5/21/2026 10:18:16 PM"
"Backend\PlantProcess.Application\Dashboarding\Services\Metadata\DashboardMetadataService.cs","01_Backend_Core","Backend Core: API, Application, Domain, Infrastructure, Workers","Application Service",".cs","559","21943","21.43","5/19/2026 12:19:14 AM"
"Backend\PlantProcess.Application\Dashboarding\Services\Queries\DashboardQueryService.cs","01_Backend_Core","Backend Core: API, Application, Domain, Infrastructure, Workers","Application Service",".cs","799","33863","33.07","5/19/2026 12:19:14 AM"
"Backend\PlantProcess.Application\Dashboarding\Services\Queries\DashboardWidgetQueryService.cs","01_Backend_Core","Backend Core: API, Application, Domain, Infrastructure, Workers","Application Service",".cs","850","33754","32.96","5/21/2026 1:14:30 PM"
"Backend\PlantProcess.Application\Dashboarding\Services\Widgets\DashboardWidgetQuerySafetyRegistry.cs","01_Backend_Core","Backend Core: API, Application, Domain, Infrastructure, Workers","Application Service",".cs","155","5934","5.79","5/19/2026 12:19:14 AM"
"Backend\PlantProcess.Application\Dashboarding\Services\Widgets\DashboardWidgetValidationService.cs","01_Backend_Core","Backend Core: API, Application, Domain, Infrastructure, Workers","Application Service",".cs","139","5963","5.82","5/19/2026 12:19:14 AM"
"Backend\PlantProcess.Application\Dashboarding\Services\Widgets\WidgetQueryExpressionService.cs","01_Backend_Core","Backend Core: API, Application, Domain, Infrastructure, Workers","Application Service",".cs","418","14959","14.61","5/30/2026 11:44:13 AM"
"Backend\PlantProcess.Application\Dashboarding\Services\Widgets\WidgetScriptSqlCompiler.cs","01_Backend_Core","Backend Core: API, Application, Domain, Infrastructure, Workers","Application Service",".cs","240","11945","11.67","6/3/2026 11:47:18 AM"
"Backend\PlantProcess.Application\Demo\Contracts\DemoLifecycleDtos.cs","01_Backend_Core","Backend Core: API, Application, Domain, Infrastructure, Workers","Application Contract / DTO",".cs","102","2946","2.88","5/21/2026 4:01:13 PM"
"Backend\PlantProcess.Application\Demo\Interfaces\IDemoLifecycleService.cs","01_Backend_Core","Backend Core: API, Application, Domain, Infrastructure, Workers","Application Interface",".cs","9","304","0.3","5/21/2026 2:49:18 PM"
"Backend\PlantProcess.Application\Demo\Services\DemoLifecycleService.cs","01_Backend_Core","Backend Core: API, Application, Domain, Infrastructure, Workers","Application Service",".cs","584","24707","24.13","5/21/2026 4:01:25 PM"
"Backend\PlantProcess.Application\DependencyInjection.cs","01_Backend_Core","Backend Core: API, Application, Domain, Infrastructure, Workers","Application Layer Source",".cs","132","7633","7.45","6/4/2026 8:56:43 AM"
"Backend\PlantProcess.Application\Integration\Connectors\ConnectorProviderCatalog.cs","01_Backend_Core","Backend Core: API, Application, Domain, Infrastructure, Workers","Application Layer Source",".cs","92","4214","4.12","5/24/2026 4:28:46 PM"
"Backend\PlantProcess.Application\Integration\Contracts\Commands\BulkCreateStagingRecordsCommand.cs","01_Backend_Core","Backend Core: API, Application, Domain, Infrastructure, Workers","Application Contract / DTO",".cs","18","456","0.45","5/19/2026 12:19:14 AM"
"Backend\PlantProcess.Application\Integration\Contracts\Commands\CreateImportBatchCommand.cs","01_Backend_Core","Backend Core: API, Application, Domain, Infrastructure, Workers","Application Contract / DTO",".cs","15","377","0.37","5/19/2026 12:19:14 AM"
"Backend\PlantProcess.Application\Integration\Contracts\Commands\RunImportWorkflowCommand.cs","01_Backend_Core","Backend Core: API, Application, Domain, Infrastructure, Workers","Application Contract / DTO",".cs","36","1197","1.17","5/19/2026 12:19:14 AM"
"Backend\PlantProcess.Application\Integration\Contracts\ConnectionProfiles\ConnectionProfileDtos.cs","01_Backend_Core","Backend Core: API, Application, Domain, Infrastructure, Workers","Application Contract / DTO",".cs","16","271","0.26","5/19/2026 12:19:14 AM"
"Backend\PlantProcess.Application\Integration\Contracts\ConnectionProfiles\CreateConnectionProfileCommand.cs","01_Backend_Core","Backend Core: API, Application, Domain, Infrastructure, Workers","Application Contract / DTO",".cs","16","280","0.27","5/19/2026 12:19:14 AM"
"Backend\PlantProcess.Application\Integration\Contracts\Dtos\ConnectorDtos.cs","01_Backend_Core","Backend Core: API, Application, Domain, Infrastructure, Workers","Application Contract / DTO",".cs","180","4891","4.78","5/19/2026 12:19:14 AM"
"Backend\PlantProcess.Application\Integration\Contracts\Dtos\DataSourceConnectorDtos.cs","01_Backend_Core","Backend Core: API, Application, Domain, Infrastructure, Workers","Application Contract / DTO",".cs","80","2198","2.15","5/19/2026 12:19:14 AM"
"Backend\PlantProcess.Application\Integration\Contracts\Dtos\ImportWorkflowResult.cs","01_Backend_Core","Backend Core: API, Application, Domain, Infrastructure, Workers","Application Contract / DTO",".cs","51","1416","1.38","5/19/2026 12:19:14 AM"
"Backend\PlantProcess.Application\Integration\Contracts\Dtos\SchemaConfigurationDtos.cs","01_Backend_Core","Backend Core: API, Application, Domain, Infrastructure, Workers","Application Contract / DTO",".cs","107","2899","2.83","5/19/2026 12:19:14 AM"
"Backend\PlantProcess.Application\Integration\Contracts\Jobs\JobDefinitionDtos.cs","01_Backend_Core","Backend Core: API, Application, Domain, Infrastructure, Workers","Application Contract / DTO",".cs","55","1406","1.37","5/19/2026 12:19:14 AM"
"Backend\PlantProcess.Application\Integration\Contracts\Jobs\JobOperationsDtos.cs","01_Backend_Core","Backend Core: API, Application, Domain, Infrastructure, Workers","Application Contract / DTO",".cs","58","1488","1.45","5/19/2026 12:19:14 AM"
"Backend\PlantProcess.Application\Integration\Contracts\Jobs\JobRunHistoryDtos.cs","01_Backend_Core","Backend Core: API, Application, Domain, Infrastructure, Workers","Application Contract / DTO",".cs","16","253","0.25","5/19/2026 12:19:14 AM"
"Backend\PlantProcess.Application\Integration\Contracts\Mapping\CreateMappingDefinitionCommand.cs","01_Backend_Core","Backend Core: API, Application, Domain, Infrastructure, Workers","Application Contract / DTO",".cs","17","442","0.43","5/19/2026 12:19:14 AM"
"Backend\PlantProcess.Application\Integration\Contracts\Mapping\MappingDefinitionDtos.cs","01_Backend_Core","Backend Core: API, Application, Domain, Infrastructure, Workers","Application Contract / DTO",".cs","16","260","0.25","5/19/2026 12:19:14 AM"
"Backend\PlantProcess.Application\Integration\Contracts\Mapping\MappingExecutionResult.cs","01_Backend_Core","Backend Core: API, Application, Domain, Infrastructure, Workers","Application Contract / DTO",".cs","26","636","0.62","5/19/2026 12:19:14 AM"
"Backend\PlantProcess.Application\Integration\Contracts\SourceSystems\RegisterSourceSystemCommand.cs","01_Backend_Core","Backend Core: API, Application, Domain, Infrastructure, Workers","Application Contract / DTO",".cs","14","363","0.35","5/19/2026 12:19:14 AM"
"Backend\PlantProcess.Application\Integration\Contracts\SourceSystems\SourceSystemDtos.cs","01_Backend_Core","Backend Core: API, Application, Domain, Infrastructure, Workers","Application Contract / DTO",".cs","16","261","0.25","5/19/2026 12:19:14 AM"
"Backend\PlantProcess.Application\Integration\Contracts\Staging\StagingRecordBulkCreateResult.cs","01_Backend_Core","Backend Core: API, Application, Domain, Infrastructure, Workers","Application Contract / DTO",".cs","16","391","0.38","5/19/2026 12:19:14 AM"
"Backend\PlantProcess.Application\Integration\Interfaces\Connectors\IConnectorConfigurationService.cs","01_Backend_Core","Backend Core: API, Application, Domain, Infrastructure, Workers","Application Interface",".cs","67","2533","2.47","5/19/2026 12:19:14 AM"
"Backend\PlantProcess.Application\Integration\Interfaces\Import\IImportBatchQueueProcessorService.cs","01_Backend_Core","Backend Core: API, Application, Domain, Infrastructure, Workers","Application Interface",".cs","18","500","0.49","5/19/2026 12:19:14 AM"
"Backend\PlantProcess.Application\Integration\Interfaces\Import\IImportBatchService.cs","01_Backend_Core","Backend Core: API, Application, Domain, Infrastructure, Workers","Application Interface",".cs","70","2160","2.11","5/19/2026 12:19:14 AM"
"Backend\PlantProcess.Application\Integration\Interfaces\Import\IImportWorkflowService.cs","01_Backend_Core","Backend Core: API, Application, Domain, Infrastructure, Workers","Application Interface",".cs","16","452","0.44","5/19/2026 12:19:14 AM"
"Backend\PlantProcess.Application\Integration\Interfaces\Jobs\IJobDefinitionService.cs","01_Backend_Core","Backend Core: API, Application, Domain, Infrastructure, Workers","Application Interface",".cs","46","1539","1.5","5/19/2026 12:19:14 AM"
"Backend\PlantProcess.Application\Integration\Interfaces\Jobs\IJobRegistrationService.cs","01_Backend_Core","Backend Core: API, Application, Domain, Infrastructure, Workers","Application Interface",".cs","18","551","0.54","5/19/2026 12:19:14 AM"
"Backend\PlantProcess.Application\Integration\Interfaces\Jobs\IJobRunOrchestratorService.cs","01_Backend_Core","Backend Core: API, Application, Domain, Infrastructure, Workers","Application Interface",".cs","17","500","0.49","5/19/2026 12:19:14 AM"
"Backend\PlantProcess.Application\Integration\Interfaces\Jobs\IJobRuntimeService.cs","01_Backend_Core","Backend Core: API, Application, Domain, Infrastructure, Workers","Application Interface",".cs","32","1007","0.98","5/19/2026 12:19:14 AM"
"Backend\PlantProcess.Application\Integration\Interfaces\Mapping\IMappingDefinitionService.cs","01_Backend_Core","Backend Core: API, Application, Domain, Infrastructure, Workers","Application Interface",".cs","36","1422","1.39","5/19/2026 12:19:14 AM"
"Backend\PlantProcess.Application\Integration\Interfaces\Mapping\IMappingExecutionService.cs","01_Backend_Core","Backend Core: API, Application, Domain, Infrastructure, Workers","Application Interface",".cs","24","671","0.66","5/19/2026 12:19:14 AM"
"Backend\PlantProcess.Application\Integration\Interfaces\SchemaConfiguration\ISchemaConfigurationService.cs","01_Backend_Core","Backend Core: API, Application, Domain, Infrastructure, Workers","Application Interface",".cs","54","1929","1.88","5/19/2026 12:19:14 AM"
"Backend\PlantProcess.Application\Integration\Interfaces\SchemaConfiguration\ISchemaReader.cs","01_Backend_Core","Backend Core: API, Application, Domain, Infrastructure, Workers","Application Interface",".cs","24","771","0.75","5/19/2026 12:19:14 AM"
"Backend\PlantProcess.Application\Integration\Interfaces\SourceSystems\IDataSourceConnector.cs","01_Backend_Core","Backend Core: API, Application, Domain, Infrastructure, Workers","Application Interface",".cs","32","814","0.79","5/24/2026 2:20:18 PM"
"Backend\PlantProcess.Application\Integration\Interfaces\SourceSystems\IDataSourceConnectorFactory.cs","01_Backend_Core","Backend Core: API, Application, Domain, Infrastructure, Workers","Application Interface",".cs","21","598","0.58","5/19/2026 12:19:14 AM"
"Backend\PlantProcess.Application\Integration\Interfaces\SourceSystems\IDataSourceReader.cs","01_Backend_Core","Backend Core: API, Application, Domain, Infrastructure, Workers","Application Interface",".cs","34","1095","1.07","5/19/2026 12:19:14 AM"
"Backend\PlantProcess.Application\Integration\Interfaces\SourceSystems\IDeltaImportExecutionService.cs","01_Backend_Core","Backend Core: API, Application, Domain, Infrastructure, Workers","Application Interface",".cs","21","624","0.61","5/22/2026 8:06:10 PM"
"Backend\PlantProcess.Application\Integration\Interfaces\SourceSystems\IIncrementalSyncStateService.cs","01_Backend_Core","Backend Core: API, Application, Domain, Infrastructure, Workers","Application Interface",".cs","23","703","0.69","5/19/2026 12:19:14 AM"
"Backend\PlantProcess.Application\Integration\Interfaces\SourceSystems\ISourceSystemService.cs","01_Backend_Core","Backend Core: API, Application, Domain, Infrastructure, Workers","Application Interface",".cs","26","804","0.79","5/19/2026 12:19:14 AM"
"Backend\PlantProcess.Application\Integration\Interfaces\Staging\IStagingRecordService.cs","01_Backend_Core","Backend Core: API, Application, Domain, Infrastructure, Workers","Application Interface",".cs","16","478","0.47","5/19/2026 12:19:14 AM"
"Backend\PlantProcess.Application\Integration\Security\CanonicalTableAllowlist.cs","01_Backend_Core","Backend Core: API, Application, Domain, Infrastructure, Workers","Application Layer Source",".cs","26","1217","1.19","6/4/2026 1:19:36 AM"
"Backend\PlantProcess.Application\Integration\Security\ITableAllowlistProvider.cs","01_Backend_Core","Backend Core: API, Application, Domain, Infrastructure, Workers","Application Layer Source",".cs","17","681","0.67","6/4/2026 1:19:36 AM"
"Backend\PlantProcess.Application\Integration\Security\SafeSqlValidator.cs","01_Backend_Core","Backend Core: API, Application, Domain, Infrastructure, Workers","Application Layer Source",".cs","357","12294","12.01","6/4/2026 9:09:24 AM"
"Backend\PlantProcess.Application\Integration\Security\SqlAllowlistProvider.cs","01_Backend_Core","Backend Core: API, Application, Domain, Infrastructure, Workers","Application Layer Source",".cs","101","2784","2.72","6/4/2026 8:47:03 AM"
"Backend\PlantProcess.Application\Integration\Services\Connectors\ConnectorConfigurationService.cs","01_Backend_Core","Backend Core: API, Application, Domain, Infrastructure, Workers","Application Service",".cs","1246","51472","50.27","5/25/2026 1:43:21 PM"
"Backend\PlantProcess.Application\Integration\Services\Import\ImportBatchQueueProcessorService.cs","01_Backend_Core","Backend Core: API, Application, Domain, Infrastructure, Workers","Application Service",".cs","172","7456","7.28","5/19/2026 12:19:14 AM"
"Backend\PlantProcess.Application\Integration\Services\Import\ImportBatchService.cs","01_Backend_Core","Backend Core: API, Application, Domain, Infrastructure, Workers","Application Service",".cs","156","5997","5.86","5/19/2026 12:19:14 AM"
"Backend\PlantProcess.Application\Integration\Services\Import\ImportWorkflowService.cs","01_Backend_Core","Backend Core: API, Application, Domain, Infrastructure, Workers","Application Service",".cs","272","13507","13.19","5/19/2026 12:19:14 AM"
"Backend\PlantProcess.Application\Integration\Services\Jobs\JobDefinitionService.cs","01_Backend_Core","Backend Core: API, Application, Domain, Infrastructure, Workers","Application Service",".cs","337","12612","12.32","5/19/2026 12:19:14 AM"
"Backend\PlantProcess.Application\Integration\Services\Jobs\JobRegistrationService.cs","01_Backend_Core","Backend Core: API, Application, Domain, Infrastructure, Workers","Application Service",".cs","287","12346","12.06","5/19/2026 10:56:55 AM"
"Backend\PlantProcess.Application\Integration\Services\Jobs\JobRunOrchestratorService.cs","01_Backend_Core","Backend Core: API, Application, Domain, Infrastructure, Workers","Application Service",".cs","205","8304","8.11","5/19/2026 12:19:14 AM"
"Backend\PlantProcess.Application\Integration\Services\Jobs\JobRuntimeService.cs","01_Backend_Core","Backend Core: API, Application, Domain, Infrastructure, Workers","Application Service",".cs","161","6280","6.13","5/19/2026 12:19:14 AM"
"Backend\PlantProcess.Application\Integration\Services\Mapping\MappingDefinitionService.cs","01_Backend_Core","Backend Core: API, Application, Domain, Infrastructure, Workers","Application Service",".cs","234","11773","11.5","5/19/2026 12:19:14 AM"
"Backend\PlantProcess.Application\Integration\Services\Mapping\MappingExecutionService.cs","01_Backend_Core","Backend Core: API, Application, Domain, Infrastructure, Workers","Application Service",".cs","899","37268","36.39","5/19/2026 10:46:05 AM"
"Backend\PlantProcess.Application\Integration\Services\SchemaConfiguration\SchemaConfigurationService.cs","01_Backend_Core","Backend Core: API, Application, Domain, Infrastructure, Workers","Application Service",".cs","380","15429","15.07","5/19/2026 12:19:14 AM"
"Backend\PlantProcess.Application\Integration\Services\SourceSystems\DeltaImportExecutionService.cs","01_Backend_Core","Backend Core: API, Application, Domain, Infrastructure, Workers","Application Service",".cs","282","9920","9.69","5/25/2026 11:21:26 AM"
"Backend\PlantProcess.Application\Integration\Services\SourceSystems\IncrementalSyncStateService.cs","01_Backend_Core","Backend Core: API, Application, Domain, Infrastructure, Workers","Application Service",".cs","93","3579","3.5","5/19/2026 12:19:14 AM"
"Backend\PlantProcess.Application\Integration\Services\SourceSystems\SourceSystemService.cs","01_Backend_Core","Backend Core: API, Application, Domain, Infrastructure, Workers","Application Service",".cs","76","3146","3.07","5/19/2026 12:19:14 AM"
"Backend\PlantProcess.Application\Integration\Services\Staging\StagingRecordService.cs","01_Backend_Core","Backend Core: API, Application, Domain, Infrastructure, Workers","Application Service",".cs","133","5415","5.29","5/19/2026 12:19:14 AM"
"Backend\PlantProcess.Application\Licensing\Contracts\LicenseFeature.cs","01_Backend_Core","Backend Core: API, Application, Domain, Infrastructure, Workers","Application Contract / DTO",".cs","50","1236","1.21","5/21/2026 2:26:38 PM"
"Backend\PlantProcess.Application\Licensing\Contracts\LicenseFeatureStatusDto.cs","01_Backend_Core","Backend Core: API, Application, Domain, Infrastructure, Workers","Application Contract / DTO",".cs","7","194","0.19","5/21/2026 2:27:45 PM"
"Backend\PlantProcess.Application\Licensing\Contracts\LicenseLimits.cs","01_Backend_Core","Backend Core: API, Application, Domain, Infrastructure, Workers","Application Contract / DTO",".cs","21","683","0.67","5/21/2026 2:26:58 PM"
"Backend\PlantProcess.Application\Licensing\Contracts\LicensePlan.cs","01_Backend_Core","Backend Core: API, Application, Domain, Infrastructure, Workers","Application Contract / DTO",".cs","8","251","0.25","5/21/2026 2:27:28 PM"
"Backend\PlantProcess.Application\Licensing\Contracts\LicenseStatusDto.cs","01_Backend_Core","Backend Core: API, Application, Domain, Infrastructure, Workers","Application Contract / DTO",".cs","13","452","0.44","5/21/2026 2:28:00 PM"
"Backend\PlantProcess.Application\Licensing\Contracts\LicenseTier.cs","01_Backend_Core","Backend Core: API, Application, Domain, Infrastructure, Workers","Application Contract / DTO",".cs","9","156","0.15","5/21/2026 2:26:08 PM"
"Backend\PlantProcess.Application\Licensing\Interfaces\ILicenseService.cs","01_Backend_Core","Backend Core: API, Application, Domain, Infrastructure, Workers","Application Interface",".cs","35","1097","1.07","5/21/2026 2:28:51 PM"
"Backend\PlantProcess.Application\Licensing\Options\LicenseOptions.cs","01_Backend_Core","Backend Core: API, Application, Domain, Infrastructure, Workers","Application Layer Source",".cs","20","555","0.54","5/21/2026 3:10:00 PM"
"Backend\PlantProcess.Application\Licensing\Services\LicenseService.cs","01_Backend_Core","Backend Core: API, Application, Domain, Infrastructure, Workers","Application Service",".cs","379","14987","14.64","5/21/2026 3:10:26 PM"
"Backend\PlantProcess.Application\PlantProcess.Application.csproj","01_Backend_Core","Backend Core: API, Application, Domain, Infrastructure, Workers","Application Layer Source",".csproj","45","1693","1.65","6/3/2026 12:54:31 AM"
"Backend\PlantProcess.Application\Provenance\IProvenanceResolver.cs","01_Backend_Core","Backend Core: API, Application, Domain, Infrastructure, Workers","Application Layer Source",".cs","7","295","0.29","6/2/2026 6:44:07 PM"
"Backend\PlantProcess.Application\Provenance\ProvenanceClaimGuard.cs","01_Backend_Core","Backend Core: API, Application, Domain, Infrastructure, Workers","Application Layer Source",".cs","46","1704","1.66","6/2/2026 6:44:08 PM"
"Backend\PlantProcess.Application\Provenance\ProvenanceHandle.cs","01_Backend_Core","Backend Core: API, Application, Domain, Infrastructure, Workers","Application Layer Source",".cs","46","2388","2.33","6/2/2026 6:44:07 PM"
"Backend\PlantProcess.Application\Reporting\InvestigationReportDtos.cs","01_Backend_Core","Backend Core: API, Application, Domain, Infrastructure, Workers","Application Layer Source",".cs","33","860","0.84","5/19/2026 12:19:14 AM"
"Backend\PlantProcess.Application\Security\Tenancy\TenantAbstractions.cs","01_Backend_Core","Backend Core: API, Application, Domain, Infrastructure, Workers","Application Layer Source",".cs","61","2120","2.07","6/3/2026 1:21:01 AM"
"Backend\PlantProcess.Application\Services\DataQuality\DataQualityService.cs","01_Backend_Core","Backend Core: API, Application, Domain, Infrastructure, Workers","Application Service",".cs","523","26289","25.67","5/19/2026 12:19:14 AM"
"Backend\PlantProcess.Application\Services\DataQuality\IDataQualityService.cs","01_Backend_Core","Backend Core: API, Application, Domain, Infrastructure, Workers","Application Service",".cs","55","2365","2.31","5/19/2026 12:19:14 AM"
"Backend\PlantProcess.Application\Services\Materials\GenealogyService.cs","01_Backend_Core","Backend Core: API, Application, Domain, Infrastructure, Workers","Application Service",".cs","129","5121","5","5/19/2026 12:19:14 AM"
"Backend\PlantProcess.Application\Services\Materials\IGenealogyService.cs","01_Backend_Core","Backend Core: API, Application, Domain, Infrastructure, Workers","Application Service",".cs","26","760","0.74","5/19/2026 12:19:14 AM"
"Backend\PlantProcess.Application\Services\Materials\IMaterialService.cs","01_Backend_Core","Backend Core: API, Application, Domain, Infrastructure, Workers","Application Service",".cs","39","1197","1.17","5/19/2026 12:19:14 AM"
"Backend\PlantProcess.Application\Services\Materials\MaterialService.cs","01_Backend_Core","Backend Core: API, Application, Domain, Infrastructure, Workers","Application Service",".cs","173","7098","6.93","5/19/2026 12:19:14 AM"
"Backend\PlantProcess.Application\Services\PlantLayout\IPlantLayoutQueryService.cs","01_Backend_Core","Backend Core: API, Application, Domain, Infrastructure, Workers","Application Service",".cs","19","1147","1.12","5/19/2026 12:19:14 AM"
"Backend\PlantProcess.Application\Services\PlantLayout\PlantLayoutQueryService.cs","01_Backend_Core","Backend Core: API, Application, Domain, Infrastructure, Workers","Application Service",".cs","120","7226","7.06","5/19/2026 12:19:14 AM"
"Backend\PlantProcess.Application\Services\Process\IProcessDataService.cs","01_Backend_Core","Backend Core: API, Application, Domain, Infrastructure, Workers","Application Service",".cs","30","973","0.95","5/19/2026 12:19:14 AM"
"Backend\PlantProcess.Application\Services\Process\ProcessDataService.cs","01_Backend_Core","Backend Core: API, Application, Domain, Infrastructure, Workers","Application Service",".cs","413","18298","17.87","5/19/2026 12:19:14 AM"
"Backend\PlantProcess.Application\Services\Quality\IQualityQueryService.cs","01_Backend_Core","Backend Core: API, Application, Domain, Infrastructure, Workers","Application Service",".cs","15","530","0.52","5/19/2026 12:19:14 AM"
"Backend\PlantProcess.Application\Services\Quality\IQualityService.cs","01_Backend_Core","Backend Core: API, Application, Domain, Infrastructure, Workers","Application Service",".cs","18","500","0.49","5/19/2026 12:19:14 AM"
"Backend\PlantProcess.Application\Services\Quality\QualityQueryService.cs","01_Backend_Core","Backend Core: API, Application, Domain, Infrastructure, Workers","Application Service",".cs","101","4694","4.58","5/19/2026 12:19:14 AM"
"Backend\PlantProcess.Application\Services\Quality\QualityService.cs","01_Backend_Core","Backend Core: API, Application, Domain, Infrastructure, Workers","Application Service",".cs","137","5757","5.62","5/19/2026 12:19:14 AM"
"Backend\PlantProcess.Application\Services\Readiness\ApplicationReadinessService.cs","01_Backend_Core","Backend Core: API, Application, Domain, Infrastructure, Workers","Application Service",".cs","930","37398","36.52","5/19/2026 12:06:17 PM"
"Backend\PlantProcess.Application\Services\Readiness\IApplicationReadinessService.cs","01_Backend_Core","Backend Core: API, Application, Domain, Infrastructure, Workers","Application Service",".cs","23","839","0.82","5/19/2026 12:05:15 PM"
"Backend\PlantProcess.Application\Services\Reporting\IInvestigationReportService.cs","01_Backend_Core","Backend Core: API, Application, Domain, Infrastructure, Workers","Application Service",".cs","21","617","0.6","5/19/2026 12:19:15 AM"
"Backend\PlantProcess.Application\Services\Reporting\InvestigationReportService.cs","01_Backend_Core","Backend Core: API, Application, Domain, Infrastructure, Workers","Application Service",".cs","257","12476","12.18","5/19/2026 10:33:23 AM"
"Backend\PlantProcess.Domain\Common\BaseEntity.cs","01_Backend_Core","Backend Core: API, Application, Domain, Infrastructure, Workers","Domain Source",".cs","24","881","0.86","5/6/2026 8:54:15 PM"
"Backend\PlantProcess.Domain\Entities\Analytics\CorrelationResult.cs","01_Backend_Core","Backend Core: API, Application, Domain, Infrastructure, Workers","Domain Entity",".cs","54","1933","1.89","5/11/2026 2:21:22 PM"
"Backend\PlantProcess.Domain\Entities\Analytics\ModelRegistry.cs","01_Backend_Core","Backend Core: API, Application, Domain, Infrastructure, Workers","Domain Entity",".cs","67","2829","2.76","5/11/2026 3:36:51 PM"
"Backend\PlantProcess.Domain\Entities\Analytics\RiskScore.cs","01_Backend_Core","Backend Core: API, Application, Domain, Infrastructure, Workers","Domain Entity",".cs","103","3336","3.26","5/19/2026 10:18:55 AM"
"Backend\PlantProcess.Domain\Entities\Audit\AuditLogEntry.cs","01_Backend_Core","Backend Core: API, Application, Domain, Infrastructure, Workers","Domain Entity",".cs","97","4125","4.03","5/22/2026 11:12:56 PM"
"Backend\PlantProcess.Domain\Entities\Configuration\IndustryTemplate.cs","01_Backend_Core","Backend Core: API, Application, Domain, Infrastructure, Workers","Domain Entity",".cs","65","2005","1.96","5/10/2026 9:51:19 AM"
"Backend\PlantProcess.Domain\Entities\Configuration\MaterialUnitTypeDefinition.cs","01_Backend_Core","Backend Core: API, Application, Domain, Infrastructure, Workers","Domain Entity",".cs","65","2078","2.03","5/10/2026 9:51:33 AM"
"Backend\PlantProcess.Domain\Entities\Configuration\OperationDefinition.cs","01_Backend_Core","Backend Core: API, Application, Domain, Infrastructure, Workers","Domain Entity",".cs","70","2217","2.17","5/10/2026 9:51:47 AM"
"Backend\PlantProcess.Domain\Entities\Configuration\Route.cs","01_Backend_Core","Backend Core: API, Application, Domain, Infrastructure, Workers","Domain Entity",".cs","64","1816","1.77","5/10/2026 9:52:01 AM"
"Backend\PlantProcess.Domain\Entities\Configuration\RouteStep.cs","01_Backend_Core","Backend Core: API, Application, Domain, Infrastructure, Workers","Domain Entity",".cs","55","1770","1.73","5/10/2026 9:52:09 AM"
"Backend\PlantProcess.Domain\Entities\Dashboarding\DashboardDefinition.cs","01_Backend_Core","Backend Core: API, Application, Domain, Infrastructure, Workers","Domain Entity",".cs","115","3136","3.06","5/19/2026 12:19:15 AM"
"Backend\PlantProcess.Domain\Entities\Dashboarding\DashboardWidgetDefinition.cs","01_Backend_Core","Backend Core: API, Application, Domain, Infrastructure, Workers","Domain Entity",".cs","218","8503","8.3","5/30/2026 11:44:13 AM"
"Backend\PlantProcess.Domain\Entities\Dashboarding\WidgetExpressionStatus.cs","01_Backend_Core","Backend Core: API, Application, Domain, Infrastructure, Workers","Domain Entity",".cs","8","149","0.15","5/30/2026 11:44:13 AM"
"Backend\PlantProcess.Domain\Entities\Integration\ConnectionProfile.cs","01_Backend_Core","Backend Core: API, Application, Domain, Infrastructure, Workers","Domain Entity",".cs","239","8026","7.84","5/16/2026 2:06:23 PM"
"Backend\PlantProcess.Domain\Entities\Integration\ImportBatch.cs","01_Backend_Core","Backend Core: API, Application, Domain, Infrastructure, Workers","Domain Entity",".cs","99","3090","3.02","5/11/2026 12:13:25 PM"
"Backend\PlantProcess.Domain\Entities\Integration\JobDefinition.cs","01_Backend_Core","Backend Core: API, Application, Domain, Infrastructure, Workers","Domain Entity",".cs","233","7452","7.28","5/16/2026 12:32:31 PM"
"Backend\PlantProcess.Domain\Entities\Integration\JobRunHistory.cs","01_Backend_Core","Backend Core: API, Application, Domain, Infrastructure, Workers","Domain Entity",".cs","136","4550","4.44","5/16/2026 1:54:50 PM"
"Backend\PlantProcess.Domain\Entities\Integration\KpiDefinition.cs","01_Backend_Core","Backend Core: API, Application, Domain, Infrastructure, Workers","Domain Entity",".cs","176","5721","5.59","5/16/2026 11:42:48 AM"
"Backend\PlantProcess.Domain\Entities\Integration\MappingDefinition.cs","01_Backend_Core","Backend Core: API, Application, Domain, Infrastructure, Workers","Domain Entity",".cs","104","3688","3.6","5/10/2026 9:15:41 AM"
"Backend\PlantProcess.Domain\Entities\Integration\SchemaViewDefinition.cs","01_Backend_Core","Backend Core: API, Application, Domain, Infrastructure, Workers","Domain Entity",".cs","216","7307","7.14","5/16/2026 11:42:23 AM"
"Backend\PlantProcess.Domain\Entities\Integration\SourceDatasetDefinition.cs","01_Backend_Core","Backend Core: API, Application, Domain, Infrastructure, Workers","Domain Entity",".cs","211","7260","7.09","5/22/2026 11:30:58 PM"
"Backend\PlantProcess.Domain\Entities\Integration\SourceFieldDefinition.cs","01_Backend_Core","Backend Core: API, Application, Domain, Infrastructure, Workers","Domain Entity",".cs","142","4634","4.53","5/16/2026 10:55:57 AM"
"Backend\PlantProcess.Domain\Entities\Integration\SourceSystemDefinition.cs","01_Backend_Core","Backend Core: API, Application, Domain, Infrastructure, Workers","Domain Entity",".cs","102","4251","4.15","5/11/2026 10:58:47 AM"
"Backend\PlantProcess.Domain\Entities\Integration\StagingRecord.cs","01_Backend_Core","Backend Core: API, Application, Domain, Infrastructure, Workers","Domain Entity",".cs","117","3807","3.72","5/11/2026 12:16:36 PM"
"Backend\PlantProcess.Domain\Entities\Materials\GenealogyEdge.cs","01_Backend_Core","Backend Core: API, Application, Domain, Infrastructure, Workers","Domain Entity",".cs","129","4766","4.65","6/3/2026 2:27:16 PM"
"Backend\PlantProcess.Domain\Entities\Materials\MaterialAlias.cs","01_Backend_Core","Backend Core: API, Application, Domain, Infrastructure, Workers","Domain Entity",".cs","41","1277","1.25","5/7/2026 11:42:03 AM"
"Backend\PlantProcess.Domain\Entities\Materials\MaterialUnit.cs","01_Backend_Core","Backend Core: API, Application, Domain, Infrastructure, Workers","Domain Entity",".cs","145","4748","4.64","5/7/2026 11:42:45 AM"
"Backend\PlantProcess.Domain\Entities\PlantLayout\Area.cs","01_Backend_Core","Backend Core: API, Application, Domain, Infrastructure, Workers","Domain Entity",".cs","65","1902","1.86","5/7/2026 12:17:06 PM"
"Backend\PlantProcess.Domain\Entities\PlantLayout\Equipment.cs","01_Backend_Core","Backend Core: API, Application, Domain, Infrastructure, Workers","Domain Entity",".cs","97","2886","2.82","5/7/2026 12:17:17 PM"
"Backend\PlantProcess.Domain\Entities\PlantLayout\Site.cs","01_Backend_Core","Backend Core: API, Application, Domain, Infrastructure, Workers","Domain Entity",".cs","49","1480","1.45","5/7/2026 11:58:44 AM"
"Backend\PlantProcess.Domain\Entities\Process\DowntimeEvent.cs","01_Backend_Core","Backend Core: API, Application, Domain, Infrastructure, Workers","Domain Entity",".cs","90","3020","2.95","5/7/2026 11:43:44 AM"
"Backend\PlantProcess.Domain\Entities\Process\ParameterDefinition.cs","01_Backend_Core","Backend Core: API, Application, Domain, Infrastructure, Workers","Domain Entity",".cs","65","2266","2.21","5/7/2026 11:42:28 AM"
"Backend\PlantProcess.Domain\Entities\Process\ParameterObservation.cs","01_Backend_Core","Backend Core: API, Application, Domain, Infrastructure, Workers","Domain Entity",".cs","113","3741","3.65","5/7/2026 11:42:36 AM"
"Backend\PlantProcess.Domain\Entities\Process\ProcessEvent.cs","01_Backend_Core","Backend Core: API, Application, Domain, Infrastructure, Workers","Domain Entity",".cs","77","2463","2.41","5/7/2026 11:43:20 AM"
"Backend\PlantProcess.Domain\Entities\Process\ProcessStepExecution.cs","01_Backend_Core","Backend Core: API, Application, Domain, Infrastructure, Workers","Domain Entity",".cs","189","6640","6.48","5/11/2026 12:17:36 PM"
"Backend\PlantProcess.Domain\Entities\Quality\DataQualityIssue.cs","01_Backend_Core","Backend Core: API, Application, Domain, Infrastructure, Workers","Domain Entity",".cs","76","2629","2.57","5/11/2026 12:17:58 PM"
"Backend\PlantProcess.Domain\Entities\Quality\DefectCatalog.cs","01_Backend_Core","Backend Core: API, Application, Domain, Infrastructure, Workers","Domain Entity",".cs","46","1417","1.38","5/11/2026 2:21:22 PM"
"Backend\PlantProcess.Domain\Entities\Quality\QualityEvent.cs","01_Backend_Core","Backend Core: API, Application, Domain, Infrastructure, Workers","Domain Entity",".cs","79","2547","2.49","5/7/2026 11:43:44 AM"
"Backend\PlantProcess.Domain\Enums\Integration\JobDefinitionType.cs","01_Backend_Core","Backend Core: API, Application, Domain, Infrastructure, Workers","Domain Enum",".cs","24","660","0.64","5/16/2026 12:31:38 PM"
"Backend\PlantProcess.Domain\Enums\Integration\JobRunStatus.cs","01_Backend_Core","Backend Core: API, Application, Domain, Infrastructure, Workers","Domain Enum",".cs","13","265","0.26","5/16/2026 12:31:58 PM"
"Backend\PlantProcess.Domain\PlantProcess.Domain.csproj","01_Backend_Core","Backend Core: API, Application, Domain, Infrastructure, Workers","Domain Source",".csproj","9","218","0.21","5/7/2026 12:21:16 PM"
"Backend\PlantProcess.Infrastructure\Analytics\AdvancedAnalysisExtensions.cs","01_Backend_Core","Backend Core: API, Application, Domain, Infrastructure, Workers","Infrastructure Source",".cs","24","1023","1","6/3/2026 1:10:40 AM"
"Backend\PlantProcess.Infrastructure\Analytics\DotNetAdvancedCorrelationEngine.cs","01_Backend_Core","Backend Core: API, Application, Domain, Infrastructure, Workers","Infrastructure Source",".cs","44","2056","2.01","6/3/2026 1:10:39 AM"
"Backend\PlantProcess.Infrastructure\Analytics\NpgsqlAdvancedResultWriter.cs","01_Backend_Core","Backend Core: API, Application, Domain, Infrastructure, Workers","Infrastructure Source",".cs","112","5949","5.81","6/3/2026 1:10:41 AM"
"Backend\PlantProcess.Infrastructure\Analytics\NpgsqlCostAssumptionStore.cs","01_Backend_Core","Backend Core: API, Application, Domain, Infrastructure, Workers","Infrastructure Source",".cs","111","5636","5.5","6/2/2026 6:48:32 PM"
"Backend\PlantProcess.Infrastructure\Analytics\NpgsqlFeatureVectorLoader.cs","01_Backend_Core","Backend Core: API, Application, Domain, Infrastructure, Workers","Infrastructure Source",".cs","144","7088","6.92","6/3/2026 12:54:31 AM"
"Backend\PlantProcess.Infrastructure\Analytics\NpgsqlRiskCalibrationProvider.cs","01_Backend_Core","Backend Core: API, Application, Domain, Infrastructure, Workers","Infrastructure Source",".cs","58","2730","2.67","6/2/2026 6:44:11 PM"
"Backend\PlantProcess.Infrastructure\Analytics\NpgsqlSuggestionStore.cs","01_Backend_Core","Backend Core: API, Application, Domain, Infrastructure, Workers","Infrastructure Source",".cs","189","10250","10.01","6/2/2026 7:26:11 PM"
"Backend\PlantProcess.Infrastructure\Analytics\NpgsqlValueImpactRepository.cs","01_Backend_Core","Backend Core: API, Application, Domain, Infrastructure, Workers","Infrastructure Source",".cs","45","2211","2.16","6/2/2026 6:48:32 PM"
"Backend\PlantProcess.Infrastructure\Analytics\PostgresCorrelationComputeEngine.cs","01_Backend_Core","Backend Core: API, Application, Domain, Infrastructure, Workers","Infrastructure Source",".cs","91","4238","4.14","5/31/2026 8:49:27 AM"
"Backend\PlantProcess.Infrastructure\Analytics\SuggestionEngineExtensions.cs","01_Backend_Core","Backend Core: API, Application, Domain, Infrastructure, Workers","Infrastructure Source",".cs","15","527","0.51","6/2/2026 7:26:11 PM"
"Backend\PlantProcess.Infrastructure\Analytics\ValueEngineExtensions.cs","01_Backend_Core","Backend Core: API, Application, Domain, Infrastructure, Workers","Infrastructure Source",".cs","16","646","0.63","6/2/2026 6:48:32 PM"
"Backend\PlantProcess.Infrastructure\Assistant\AssistantInfrastructureExtensions.cs","01_Backend_Core","Backend Core: API, Application, Domain, Infrastructure, Workers","Infrastructure Source",".cs","26","1054","1.03","6/4/2026 9:22:57 AM"
"Backend\PlantProcess.Infrastructure\Assistant\AssistantTools.cs","01_Backend_Core","Backend Core: API, Application, Domain, Infrastructure, Workers","Infrastructure Source",".cs","91","4247","4.15","6/2/2026 7:26:54 PM"
"Backend\PlantProcess.Infrastructure\Assistant\NpgsqlRetrievalIndex.cs","01_Backend_Core","Backend Core: API, Application, Domain, Infrastructure, Workers","Infrastructure Source",".cs","142","6681","6.52","6/2/2026 7:26:53 PM"
"Backend\PlantProcess.Infrastructure\Audit\AuditLogService.cs","01_Backend_Core","Backend Core: API, Application, Domain, Infrastructure, Workers","Infrastructure Source",".cs","70","2858","2.79","5/24/2026 8:58:17 AM"
"Backend\PlantProcess.Infrastructure\Bulk\ParameterObservationInsertRow.cs","01_Backend_Core","Backend Core: API, Application, Domain, Infrastructure, Workers","Bulk / Ingestion Support",".cs","50","1310","1.28","5/11/2026 3:17:23 PM"
"Backend\PlantProcess.Infrastructure\Bulk\TelemetryBulkRepository.cs","01_Backend_Core","Backend Core: API, Application, Domain, Infrastructure, Workers","Bulk / Ingestion Support",".cs","228","8287","8.09","5/11/2026 3:17:00 PM"
"Backend\PlantProcess.Infrastructure\Bulk\TelemetryChannelBuffer.cs","01_Backend_Core","Backend Core: API, Application, Domain, Infrastructure, Workers","Bulk / Ingestion Support",".cs","43","1779","1.74","5/10/2026 8:47:57 PM"
"Backend\PlantProcess.Infrastructure\Connectors\Common\ConnectorOptions.cs","01_Backend_Core","Backend Core: API, Application, Domain, Infrastructure, Workers","Connector Infrastructure",".cs","60","2267","2.21","5/19/2026 11:09:14 AM"
"Backend\PlantProcess.Infrastructure\Connectors\Common\ConnectorReadOnlySession.cs","01_Backend_Core","Backend Core: API, Application, Domain, Infrastructure, Workers","Connector Infrastructure",".cs","47","1764","1.72","6/3/2026 12:28:30 AM"
"Backend\PlantProcess.Infrastructure\Connectors\Common\DataSourceConnectorFactory.cs","01_Backend_Core","Backend Core: API, Application, Domain, Infrastructure, Workers","Connector Infrastructure",".cs","115","4282","4.18","5/25/2026 1:42:15 PM"
"Backend\PlantProcess.Infrastructure\Connectors\Csv\CsvConnector.cs","01_Backend_Core","Backend Core: API, Application, Domain, Infrastructure, Workers","Connector Infrastructure",".cs","505","18787","18.35","5/24/2026 2:20:26 PM"
"Backend\PlantProcess.Infrastructure\Connectors\Excel\ExcelConnector.cs","01_Backend_Core","Backend Core: API, Application, Domain, Infrastructure, Workers","Connector Infrastructure",".cs","407","15902","15.53","5/24/2026 2:20:29 PM"
"Backend\PlantProcess.Infrastructure\Connectors\MySql\MySqlConnector.cs","01_Backend_Core","Backend Core: API, Application, Domain, Infrastructure, Workers","Connector Infrastructure",".cs","394","18794","18.35","6/3/2026 12:28:31 AM"
"Backend\PlantProcess.Infrastructure\Connectors\Oracle\OracleConnector.cs","01_Backend_Core","Backend Core: API, Application, Domain, Infrastructure, Workers","Connector Infrastructure",".cs","498","19013","18.57","6/3/2026 12:28:31 AM"
"Backend\PlantProcess.Infrastructure\Connectors\PostgreSql\PostgreSqlConnector.cs","01_Backend_Core","Backend Core: API, Application, Domain, Infrastructure, Workers","Connector Infrastructure",".cs","327","13465","13.15","6/3/2026 12:28:31 AM"
"Backend\PlantProcess.Infrastructure\Connectors\SqlServer\MsSqlConnector.cs","01_Backend_Core","Backend Core: API, Application, Domain, Infrastructure, Workers","Connector Infrastructure",".cs","406","19359","18.91","6/3/2026 12:28:31 AM"
"Backend\PlantProcess.Infrastructure\DependencyInjection.cs","01_Backend_Core","Backend Core: API, Application, Domain, Infrastructure, Workers","Infrastructure Source",".cs","124","6592","6.44","6/4/2026 1:19:36 AM"
"Backend\PlantProcess.Infrastructure\Integration\Security\NpgsqlTableAllowlistProvider.cs","01_Backend_Core","Backend Core: API, Application, Domain, Infrastructure, Workers","Infrastructure Source",".cs","55","2495","2.44","6/4/2026 1:19:36 AM"
"Backend\PlantProcess.Infrastructure\Persistence\Configurations\Analytics\CorrelationResultConfiguration.cs","01_Backend_Core","Backend Core: API, Application, Domain, Infrastructure, Workers","EF Core Configuration",".cs","37","1851","1.81","5/19/2026 12:19:15 AM"
"Backend\PlantProcess.Infrastructure\Persistence\Configurations\Analytics\ModelRegistryConfiguration.cs","01_Backend_Core","Backend Core: API, Application, Domain, Infrastructure, Workers","EF Core Configuration",".cs","40","2005","1.96","5/19/2026 12:19:15 AM"
"Backend\PlantProcess.Infrastructure\Persistence\Configurations\Analytics\RiskScoreConfiguration.cs","01_Backend_Core","Backend Core: API, Application, Domain, Infrastructure, Workers","EF Core Configuration",".cs","71","2532","2.47","5/19/2026 10:19:24 AM"
"Backend\PlantProcess.Infrastructure\Persistence\Configurations\Common\PostgresConcurrencyExtensions.cs","01_Backend_Core","Backend Core: API, Application, Domain, Infrastructure, Workers","EF Core Configuration",".cs","21","821","0.8","5/19/2026 12:19:15 AM"
"Backend\PlantProcess.Infrastructure\Persistence\Configurations\Configuration\Audit\AuditLogEntryConfiguration.cs","01_Backend_Core","Backend Core: API, Application, Domain, Infrastructure, Workers","EF Core Configuration",".cs","161","5295","5.17","5/24/2026 1:50:01 PM"
"Backend\PlantProcess.Infrastructure\Persistence\Configurations\Configuration\IndustryTemplateConfiguration.cs","01_Backend_Core","Backend Core: API, Application, Domain, Infrastructure, Workers","EF Core Configuration",".cs","32","1356","1.32","5/19/2026 12:19:15 AM"
"Backend\PlantProcess.Infrastructure\Persistence\Configurations\Configuration\MaterialUnitTypeDefinitionConfiguration.cs","01_Backend_Core","Backend Core: API, Application, Domain, Infrastructure, Workers","EF Core Configuration",".cs","35","1481","1.45","5/19/2026 12:19:15 AM"
"Backend\PlantProcess.Infrastructure\Persistence\Configurations\Configuration\OperationDefinitionConfiguration.cs","01_Backend_Core","Backend Core: API, Application, Domain, Infrastructure, Workers","EF Core Configuration",".cs","37","1554","1.52","5/19/2026 12:19:15 AM"
"Backend\PlantProcess.Infrastructure\Persistence\Configurations\Configuration\RouteConfiguration.cs","01_Backend_Core","Backend Core: API, Application, Domain, Infrastructure, Workers","EF Core Configuration",".cs","38","1557","1.52","5/19/2026 12:19:15 AM"
"Backend\PlantProcess.Infrastructure\Persistence\Configurations\Configuration\RouteStepConfiguration.cs","01_Backend_Core","Backend Core: API, Application, Domain, Infrastructure, Workers","EF Core Configuration",".cs","41","1589","1.55","5/19/2026 12:19:15 AM"
"Backend\PlantProcess.Infrastructure\Persistence\Configurations\Dashboarding\DashboardDefinitionConfiguration.cs","01_Backend_Core","Backend Core: API, Application, Domain, Infrastructure, Workers","EF Core Configuration",".cs","76","2300","2.25","5/19/2026 12:19:15 AM"
"Backend\PlantProcess.Infrastructure\Persistence\Configurations\Dashboarding\DashboardWidgetDefinitionConfiguration.cs","01_Backend_Core","Backend Core: API, Application, Domain, Infrastructure, Workers","EF Core Configuration",".cs","95","4111","4.01","5/30/2026 11:44:13 AM"
"Backend\PlantProcess.Infrastructure\Persistence\Configurations\Integration\ConnectionProfileConfiguration.cs","01_Backend_Core","Backend Core: API, Application, Domain, Infrastructure, Workers","EF Core Configuration",".cs","70","3126","3.05","5/19/2026 12:19:15 AM"
"Backend\PlantProcess.Infrastructure\Persistence\Configurations\Integration\ImportBatchConfiguration.cs","01_Backend_Core","Backend Core: API, Application, Domain, Infrastructure, Workers","EF Core Configuration",".cs","43","1881","1.84","5/19/2026 12:19:15 AM"
"Backend\PlantProcess.Infrastructure\Persistence\Configurations\Integration\JobDefinitionConfiguration.cs","01_Backend_Core","Backend Core: API, Application, Domain, Infrastructure, Workers","EF Core Configuration",".cs","85","2671","2.61","5/19/2026 12:19:15 AM"
"Backend\PlantProcess.Infrastructure\Persistence\Configurations\Integration\JobRunHistoryConfiguration.cs","01_Backend_Core","Backend Core: API, Application, Domain, Infrastructure, Workers","EF Core Configuration",".cs","90","2842","2.78","5/19/2026 12:19:15 AM"
"Backend\PlantProcess.Infrastructure\Persistence\Configurations\Integration\KpiDefinitionConfiguration.cs","01_Backend_Core","Backend Core: API, Application, Domain, Infrastructure, Workers","EF Core Configuration",".cs","54","2345","2.29","5/19/2026 12:19:15 AM"
"Backend\PlantProcess.Infrastructure\Persistence\Configurations\Integration\MappingDefinitionConfiguration.cs","01_Backend_Core","Backend Core: API, Application, Domain, Infrastructure, Workers","EF Core Configuration",".cs","74","2185","2.13","5/19/2026 12:19:15 AM"
"Backend\PlantProcess.Infrastructure\Persistence\Configurations\Integration\SchemaViewDefinitionConfiguration.cs","01_Backend_Core","Backend Core: API, Application, Domain, Infrastructure, Workers","EF Core Configuration",".cs","64","2663","2.6","5/19/2026 12:19:15 AM"
"Backend\PlantProcess.Infrastructure\Persistence\Configurations\Integration\SourceDatasetDefinitionConfiguration.cs","01_Backend_Core","Backend Core: API, Application, Domain, Infrastructure, Workers","EF Core Configuration",".cs","63","2824","2.76","5/22/2026 11:33:40 PM"
"Backend\PlantProcess.Infrastructure\Persistence\Configurations\Integration\SourceFieldDefinitionConfiguration.cs","01_Backend_Core","Backend Core: API, Application, Domain, Infrastructure, Workers","EF Core Configuration",".cs","44","1963","1.92","5/19/2026 12:19:15 AM"
"Backend\PlantProcess.Infrastructure\Persistence\Configurations\Integration\SourceSystemDefinitionConfiguration.cs","01_Backend_Core","Backend Core: API, Application, Domain, Infrastructure, Workers","EF Core Configuration",".cs","34","1433","1.4","5/19/2026 12:19:15 AM"
"Backend\PlantProcess.Infrastructure\Persistence\Configurations\Integration\StagingRecordConfiguration.cs","01_Backend_Core","Backend Core: API, Application, Domain, Infrastructure, Workers","EF Core Configuration",".cs","44","2143","2.09","5/19/2026 12:19:15 AM"
"Backend\PlantProcess.Infrastructure\Persistence\Configurations\Materials\GenealogyEdgeConfiguration.cs","01_Backend_Core","Backend Core: API, Application, Domain, Infrastructure, Workers","EF Core Configuration",".cs","60","2439","2.38","6/3/2026 2:27:17 PM"
"Backend\PlantProcess.Infrastructure\Persistence\Configurations\Materials\MaterialAliasConfiguration.cs","01_Backend_Core","Backend Core: API, Application, Domain, Infrastructure, Workers","EF Core Configuration",".cs","40","1546","1.51","5/19/2026 12:19:15 AM"
"Backend\PlantProcess.Infrastructure\Persistence\Configurations\Materials\MaterialUnitConfiguration.cs","01_Backend_Core","Backend Core: API, Application, Domain, Infrastructure, Workers","EF Core Configuration",".cs","60","2833","2.77","5/19/2026 12:19:15 AM"
"Backend\PlantProcess.Infrastructure\Persistence\Configurations\PlantLayout\AreaConfiguration.cs","01_Backend_Core","Backend Core: API, Application, Domain, Infrastructure, Workers","EF Core Configuration",".cs","43","1519","1.48","5/19/2026 12:19:15 AM"
"Backend\PlantProcess.Infrastructure\Persistence\Configurations\PlantLayout\EquipmentConfiguration.cs","01_Backend_Core","Backend Core: API, Application, Domain, Infrastructure, Workers","EF Core Configuration",".cs","51","1893","1.85","5/19/2026 12:19:15 AM"
"Backend\PlantProcess.Infrastructure\Persistence\Configurations\PlantLayout\SiteConfiguration.cs","01_Backend_Core","Backend Core: API, Application, Domain, Infrastructure, Workers","EF Core Configuration",".cs","31","1234","1.21","5/19/2026 12:19:15 AM"
"Backend\PlantProcess.Infrastructure\Persistence\Configurations\Process\DowntimeEventConfiguration.cs","01_Backend_Core","Backend Core: API, Application, Domain, Infrastructure, Workers","EF Core Configuration",".cs","54","2432","2.38","5/19/2026 12:19:15 AM"
"Backend\PlantProcess.Infrastructure\Persistence\Configurations\Process\ParameterDefinitionConfiguration.cs","01_Backend_Core","Backend Core: API, Application, Domain, Infrastructure, Workers","EF Core Configuration",".cs","40","1882","1.84","5/19/2026 12:19:15 AM"
"Backend\PlantProcess.Infrastructure\Persistence\Configurations\Process\ParameterObservationConfiguration.cs","01_Backend_Core","Backend Core: API, Application, Domain, Infrastructure, Workers","EF Core Configuration",".cs","60","2701","2.64","5/19/2026 12:19:15 AM"
"Backend\PlantProcess.Infrastructure\Persistence\Configurations\Process\ProcessEventConfiguration.cs","01_Backend_Core","Backend Core: API, Application, Domain, Infrastructure, Workers","EF Core Configuration",".cs","52","2252","2.2","5/19/2026 12:19:15 AM"
"Backend\PlantProcess.Infrastructure\Persistence\Configurations\Process\ProcessStepExecutionConfiguration.cs","01_Backend_Core","Backend Core: API, Application, Domain, Infrastructure, Workers","EF Core Configuration",".cs","59","2876","2.81","5/19/2026 12:19:15 AM"
"Backend\PlantProcess.Infrastructure\Persistence\Configurations\Quality\DataQualityIssueConfiguration.cs","01_Backend_Core","Backend Core: API, Application, Domain, Infrastructure, Workers","EF Core Configuration",".cs","42","1795","1.75","5/19/2026 12:19:15 AM"
"Backend\PlantProcess.Infrastructure\Persistence\Configurations\Quality\DefectCatalogConfiguration.cs","01_Backend_Core","Backend Core: API, Application, Domain, Infrastructure, Workers","EF Core Configuration",".cs","35","1528","1.49","5/19/2026 12:19:15 AM"
"Backend\PlantProcess.Infrastructure\Persistence\Configurations\Quality\QualityEventConfiguration.cs","01_Backend_Core","Backend Core: API, Application, Domain, Infrastructure, Workers","EF Core Configuration",".cs","51","2325","2.27","5/19/2026 12:19:15 AM"
"Backend\PlantProcess.Infrastructure\Persistence\PlantProcessDbContext.cs","01_Backend_Core","Backend Core: API, Application, Domain, Infrastructure, Workers","Infrastructure Source",".cs","177","7779","7.6","5/19/2026 12:19:15 AM"
"Backend\PlantProcess.Infrastructure\PlantProcess.Infrastructure.csproj","01_Backend_Core","Backend Core: API, Application, Domain, Infrastructure, Workers","Infrastructure Source",".csproj","36","1434","1.4","5/25/2026 1:38:09 PM"
"Backend\PlantProcess.Infrastructure\PlantProcessDesignTimeDbContextFactory.cs","01_Backend_Core","Backend Core: API, Application, Domain, Infrastructure, Workers","Infrastructure Source",".cs","23","921","0.9","5/30/2026 8:54:45 AM"
"Backend\PlantProcess.Infrastructure\Provenance\NpgsqlProvenanceResolver.cs","01_Backend_Core","Backend Core: API, Application, Domain, Infrastructure, Workers","Infrastructure Source",".cs","111","5552","5.42","6/2/2026 6:44:08 PM"
"Backend\PlantProcess.Infrastructure\Provenance\ProvenanceInfrastructureExtensions.cs","01_Backend_Core","Backend Core: API, Application, Domain, Infrastructure, Workers","Infrastructure Source",".cs","19","822","0.8","6/2/2026 6:44:12 PM"
"Backend\PlantProcess.Infrastructure\Resilience\FailedBatchWriter.cs","01_Backend_Core","Backend Core: API, Application, Domain, Infrastructure, Workers","Infrastructure Source",".cs","59","2473","2.42","5/10/2026 8:53:44 PM"
"Backend\PlantProcess.Infrastructure\Security\TenantGucConnectionInterceptor.cs","01_Backend_Core","Backend Core: API, Application, Domain, Infrastructure, Workers","Infrastructure Source",".cs","77","2667","2.6","6/3/2026 1:28:56 PM"
"Backend\PlantProcess.Infrastructure\TimeSeries\TelemetryIngestionWorker.cs","01_Backend_Core","Backend Core: API, Application, Domain, Infrastructure, Workers","Infrastructure Source",".cs","256","9094","8.88","6/3/2026 1:58:18 PM"
"Backend\PlantProcess.Workers\appsettings.Development.json","01_Backend_Core","Backend Core: API, Application, Domain, Infrastructure, Workers","Worker Service",".json","13","267","0.26","5/12/2026 3:15:58 PM"
"Backend\PlantProcess.Workers\appsettings.json","01_Backend_Core","Backend Core: API, Application, Domain, Infrastructure, Workers","Worker Service",".json","30","785","0.77","5/12/2026 3:16:25 PM"
"Backend\PlantProcess.Workers\Dockerfile","01_Backend_Core","Backend Core: API, Application, Domain, Infrastructure, Workers","Worker Service","","30","1009","0.99","5/19/2026 2:09:16 PM"
"Backend\PlantProcess.Workers\PlantProcess.Workers.csproj","01_Backend_Core","Backend Core: API, Application, Domain, Infrastructure, Workers","Worker Service",".csproj","45","1890","1.85","5/19/2026 12:19:15 AM"
"Backend\PlantProcess.Workers\Program.cs","01_Backend_Core","Backend Core: API, Application, Domain, Infrastructure, Workers","Worker Service",".cs","160","7789","7.61","5/19/2026 12:19:15 AM"
"Backend\PlantProcess.Workers\Properties\launchSettings.json","01_Backend_Core","Backend Core: API, Application, Domain, Infrastructure, Workers","Worker Service",".json","12","289","0.28","5/6/2026 8:48:12 PM"
"Backend\PlantProcess.Workers\TelemetryIngestionWorker.cs","01_Backend_Core","Backend Core: API, Application, Domain, Infrastructure, Workers","Worker Service",".cs","123","4154","4.06","5/11/2026 3:20:08 PM"
"Backend\PlantProcess.Workers\Worker.cs","01_Backend_Core","Backend Core: API, Application, Domain, Infrastructure, Workers","Worker Service",".cs","483","20743","20.26","5/22/2026 8:21:16 PM"
"Backend\PlantProcessIQ.sln","01_Backend_Core","Backend Core: API, Application, Domain, Infrastructure, Workers",".NET Solution",".sln","169","12937","12.63","5/19/2026 12:19:15 AM"
"Backend\database\scripts\050_dashboard_phase8_9_10_indexes.sql","02_Backend_Database","Backend Database: Scripts, Seed, Views","Database Script",".sql","127","4512","4.41","5/12/2026 8:12:48 AM"
"Backend\database\scripts\060_phase_8_9_dashboard_materialized_views.sql","02_Backend_Database","Backend Database: Scripts, Seed, Views","Database Script",".sql","117","4316","4.21","5/12/2026 9:05:38 AM"
"Backend\database\scripts\070_fix_system_template_widget_codes.sql","02_Backend_Database","Backend Database: Scripts, Seed, Views","Database Script",".sql","94","3714","3.63","5/16/2026 9:39:14 AM"
"Backend\database\scripts\071_validate_dashboard_performance.sql","02_Backend_Database","Backend Database: Scripts, Seed, Views","Database Script",".sql","145","4472","4.37","5/16/2026 9:46:16 AM"
"Backend\database\scripts\080_phase_3_4_connector_schema_foundation.sql","02_Backend_Database","Backend Database: Scripts, Seed, Views","Database Script",".sql","16","660","0.64","5/31/2026 2:21:24 PM"
"Backend\database\scripts\095_create_runtime_app_role_admin_only.sql","02_Backend_Database","Backend Database: Scripts, Seed, Views","Database Script",".sql","64","1785","1.74","5/30/2026 8:54:45 AM"
"Backend\database\scripts\096_harden_audit_log_immutability.sql","02_Backend_Database","Backend Database: Scripts, Seed, Views","Database Script",".sql","126","4115","4.02","5/24/2026 1:44:18 PM"
"Backend\database\scripts\110_phase1_demo_source_shapes.sql","02_Backend_Database","Backend Database: Scripts, Seed, Views","Database Script",".sql","256","10043","9.81","5/25/2026 11:12:28 AM"
"Backend\database\scripts\111_phase1_demo_mapping_views.sql","02_Backend_Database","Backend Database: Scripts, Seed, Views","Database Script",".sql","89","2685","2.62","5/25/2026 11:12:35 AM"
"Backend\database\scripts\113_phase1_widget_script_layer.sql","02_Backend_Database","Backend Database: Scripts, Seed, Views","Database Script",".sql","78","3179","3.1","5/25/2026 11:38:36 AM"
"Backend\database\scripts\115_phase2_integrity_audit.sql","02_Backend_Database","Backend Database: Scripts, Seed, Views","Database Script",".sql","236","7130","6.96","5/25/2026 1:09:44 PM"
"Backend\database\scripts\116_phase2_operation_analytics_pilot_foundation.sql","02_Backend_Database","Backend Database: Scripts, Seed, Views","Database Script",".sql","272","9857","9.63","5/30/2026 11:37:47 PM"
"Backend\database\scripts\117_phase8_widget_script_layer_entity_mapping.sql","02_Backend_Database","Backend Database: Scripts, Seed, Views","Database Script",".sql","65","2611","2.55","5/30/2026 4:18:46 PM"
"Backend\database\scripts\120_phase02_canonical_schema_mapping_engine.sql","02_Backend_Database","Backend Database: Scripts, Seed, Views","Database Script",".sql","332","10997","10.74","5/30/2026 3:06:18 PM"
"Backend\database\scripts\121_phase01_bootstrap_token_sweep.sql","02_Backend_Database","Backend Database: Scripts, Seed, Views","Database Script",".sql","23","959","0.94","5/30/2026 3:11:59 PM"
"Backend\database\scripts\130_phase03_two_stage_delta_import_architecture.sql","02_Backend_Database","Backend Database: Scripts, Seed, Views","Database Script",".sql","1889","63681","62.19","5/30/2026 3:47:25 PM"
"Backend\database\scripts\140_phase02_demo_sources_genealogy_spine.sql","02_Backend_Database","Backend Database: Scripts, Seed, Views","Database Script",".sql","127","6417","6.27","5/31/2026 11:42:05 AM"
"Backend\database\scripts\141_phase03_page_builder_foundation.sql","02_Backend_Database","Backend Database: Scripts, Seed, Views","Database Script",".sql","70","3493","3.41","5/31/2026 11:42:05 AM"
"Backend\database\scripts\142_phase02_phase03_page_definition_and_demo_source_completion.sql","02_Backend_Database","Backend Database: Scripts, Seed, Views","Database Script",".sql","302","10757","10.5","5/31/2026 3:57:47 PM"
"Backend\database\scripts\200_phase02_ml_foundation_feature_store_pgvector.sql","02_Backend_Database","Backend Database: Scripts, Seed, Views","Database Script",".sql","709","27157","26.52","5/31/2026 9:13:06 AM"
"Backend\database\scripts\201_phase02_ml_feature_store_v6_completion.sql","02_Backend_Database","Backend Database: Scripts, Seed, Views","Database Script",".sql","186","11798","11.52","5/31/2026 8:49:27 AM"
"Backend\database\scripts\202_phase02_ml_compute_basic_correlations_hotfix.sql","02_Backend_Database","Backend Database: Scripts, Seed, Views","Database Script",".sql","96","3370","3.29","5/31/2026 11:09:20 AM"
"Backend\database\scripts\203_phase02_ml_compute_v6_wrapper_hotfix.sql","02_Backend_Database","Backend Database: Scripts, Seed, Views","Database Script",".sql","39","1290","1.26","5/31/2026 11:09:20 AM"
"Backend\database\scripts\204_phase04_phase05_ml_learning_core.sql","02_Backend_Database","Backend Database: Scripts, Seed, Views","Database Script",".sql","816","30653","29.93","5/31/2026 12:31:49 PM"
"Backend\database\scripts\205_phase04_phase05_completion_governance_jobs_tests.sql","02_Backend_Database","Backend Database: Scripts, Seed, Views","Database Script",".sql","1239","42317","41.33","5/31/2026 12:45:04 PM"
"Backend\database\scripts\206_fix_dashboard_widget_definition_schema_drift.sql","02_Backend_Database","Backend Database: Scripts, Seed, Views","Database Script",".sql","199","6358","6.21","5/31/2026 2:40:26 PM"
"Backend\database\scripts\207_fix_dashboard_widget_expression_smallint_schema_drift.sql","02_Backend_Database","Backend Database: Scripts, Seed, Views","Database Script",".sql","173","6667","6.51","5/31/2026 2:42:12 PM"
"Backend\database\scripts\250_p3_advanced_analysis_tenant_scope.sql","02_Backend_Database","Backend Database: Scripts, Seed, Views","Database Script",".sql","15","885","0.86","6/3/2026 10:22:03 AM"
"Backend\database\scripts\251_p1_correlation_method_honesty.sql","02_Backend_Database","Backend Database: Scripts, Seed, Views","Database Script",".sql","30","1531","1.5","6/3/2026 10:22:03 AM"
"Backend\database\scripts\300_p01_p02_security_access_control_spine.sql","02_Backend_Database","Backend Database: Scripts, Seed, Views","Database Script",".sql","365","12653","12.36","6/1/2026 3:40:07 PM"
"Backend\database\scripts\301_p01_p02_authstore_compatibility_bridge.sql","02_Backend_Database","Backend Database: Scripts, Seed, Views","Database Script",".sql","151","4986","4.87","6/1/2026 4:39:27 PM"
"Backend\database\scripts\310_p03_p04_mapping_genealogy_foundation.sql","02_Backend_Database","Backend Database: Scripts, Seed, Views","Database Script",".sql","903","30428","29.71","6/1/2026 11:56:03 PM"
"Backend\database\scripts\311_p03_p04_fix_genealogy_walk_and_safe_sql.sql","02_Backend_Database","Backend Database: Scripts, Seed, Views","Database Script",".sql","246","7471","7.3","6/1/2026 3:55:22 PM"
"Backend\database\scripts\312_p03_p04_completion_pack_a.sql","02_Backend_Database","Backend Database: Scripts, Seed, Views","Database Script",".sql","720","24499","23.92","6/1/2026 4:50:40 PM"
"Backend\database\scripts\313_p03_p04_completion_pack_a_hotfix.sql","02_Backend_Database","Backend Database: Scripts, Seed, Views","Database Script",".sql","404","13800","13.48","6/1/2026 4:53:27 PM"
"Backend\database\scripts\320_phase2_canonical_completion.sql","02_Backend_Database","Backend Database: Scripts, Seed, Views","Database Script",".sql","123","6482","6.33","6/2/2026 5:10:27 PM"
"Backend\database\scripts\360_p05_read_model_refresh_infrastructure.sql","02_Backend_Database","Backend Database: Scripts, Seed, Views","Database Script",".sql","102","4517","4.41","6/2/2026 1:56:09 AM"
"Backend\database\scripts\361_p05_dashboard_read_models.sql","02_Backend_Database","Backend Database: Scripts, Seed, Views","Database Script",".sql","59","2579","2.52","6/2/2026 2:35:26 AM"
"Backend\database\scripts\362_p05_dashboard_read_models_extra.sql","02_Backend_Database","Backend Database: Scripts, Seed, Views","Database Script",".sql","63","3046","2.97","6/2/2026 1:31:38 PM"
"Backend\database\scripts\363_p05_kpi_targets_alerts.sql","02_Backend_Database","Backend Database: Scripts, Seed, Views","Database Script",".sql","37","1785","1.74","6/2/2026 1:31:39 PM"
"Backend\database\scripts\400_phase4_demo_costs_DEMO_ONLY.sql","02_Backend_Database","Backend Database: Scripts, Seed, Views","Database Script",".sql","20","979","0.96","6/2/2026 6:48:30 PM"
"Backend\database\scripts\400_phase4_value_engine.sql","02_Backend_Database","Backend Database: Scripts, Seed, Views","Database Script",".sql","60","2883","2.82","6/2/2026 6:48:30 PM"
"Backend\database\scripts\410_phase5_suggestions.sql","02_Backend_Database","Backend Database: Scripts, Seed, Views","Database Script",".sql","40","1836","1.79","6/2/2026 7:25:59 PM"
"Backend\database\scripts\420_p3_value_evidence_hmi.sql","02_Backend_Database","Backend Database: Scripts, Seed, Views","Database Script",".sql","222","9236","9.02","6/4/2026 9:14:55 AM"
"Backend\database\scripts\420_phase6_assistant.sql","02_Backend_Database","Backend Database: Scripts, Seed, Views","Database Script",".sql","32","1492","1.46","6/2/2026 7:26:45 PM"
"Backend\database\scripts\430_p4_production_assistant.sql","02_Backend_Database","Backend Database: Scripts, Seed, Views","Database Script",".sql","116","4672","4.56","6/4/2026 9:22:58 AM"
"Backend\database\scripts\440_p5_ot_safe_acquisition.sql","02_Backend_Database","Backend Database: Scripts, Seed, Views","Database Script",".sql","117","4925","4.81","6/4/2026 9:28:57 AM"
"Backend\database\scripts\500_v5_p01_auth_argon2id_and_secret_hygiene.sql","02_Backend_Database","Backend Database: Scripts, Seed, Views","Database Script",".sql","41","1497","1.46","6/3/2026 1:28:58 PM"
"Backend\database\scripts\510_v5_p02_rls_tenant_isolation_and_secret_vault.sql","02_Backend_Database","Backend Database: Scripts, Seed, Views","Database Script",".sql","320","13234","12.92","6/3/2026 1:45:31 PM"
"Backend\database\scripts\511_v5_p02_hotpath_explain_review.sql","02_Backend_Database","Backend Database: Scripts, Seed, Views","Database Script",".sql","42","1211","1.18","6/3/2026 1:29:00 PM"
"Backend\database\scripts\520_v5_p03_timeseries_foundation.sql","02_Backend_Database","Backend Database: Scripts, Seed, Views","Database Script",".sql","427","16181","15.8","6/3/2026 1:56:58 PM"
"Backend\database\scripts\530_v5_p04_assistant_model_gateway_boundary.sql","02_Backend_Database","Backend Database: Scripts, Seed, Views","Database Script",".sql","301","10151","9.91","6/4/2026 1:19:36 AM"
"Backend\database\scripts\540_v5_p05_visual_mapper_foundation.sql","02_Backend_Database","Backend Database: Scripts, Seed, Views","Database Script",".sql","331","13001","12.7","6/3/2026 2:27:15 PM"
"Backend\database\scripts\550_v5_p06_blended_provenance.sql","02_Backend_Database","Backend Database: Scripts, Seed, Views","Database Script",".sql","234","8221","8.03","6/3/2026 2:27:16 PM"
"Backend\database\scripts\560_v5_p07_plant_connector_breadth.sql","02_Backend_Database","Backend Database: Scripts, Seed, Views","Database Script",".sql","227","8601","8.4","6/3/2026 2:34:24 PM"
"Backend\database\scripts\570_v5_p08_enterprise_identity_mfa_sessions.sql","02_Backend_Database","Backend Database: Scripts, Seed, Views","Database Script",".sql","240","8383","8.19","6/3/2026 2:34:25 PM"
"Backend\database\scripts\580_v5_p09_enterprise_identity_sso_scim.sql","02_Backend_Database","Backend Database: Scripts, Seed, Views","Database Script",".sql","329","10218","9.98","6/3/2026 2:39:26 PM"
"Backend\database\scripts\590_v5_p10_signed_license_anti_tamper.sql","02_Backend_Database","Backend Database: Scripts, Seed, Views","Database Script",".sql","183","6256","6.11","6/3/2026 2:39:26 PM"
"Backend\database\scripts\600_v5_p11_outbound_notifications_leads.sql","02_Backend_Database","Backend Database: Scripts, Seed, Views","Database Script",".sql","271","9475","9.25","6/4/2026 1:19:36 AM"
"Backend\database\scripts\610_v5_p12_i18n_rtl_mobile.sql","02_Backend_Database","Backend Database: Scripts, Seed, Views","Database Script",".sql","166","7297","7.13","6/4/2026 1:19:36 AM"
"Backend\database\scripts\620_v5_p13_deployment_dr_portability.sql","02_Backend_Database","Backend Database: Scripts, Seed, Views","Database Script",".sql","279","9337","9.12","6/3/2026 3:22:38 PM"
"Backend\database\scripts\630_v5_p14_compliance_refactor_controls.sql","02_Backend_Database","Backend Database: Scripts, Seed, Views","Database Script",".sql","214","8224","8.03","6/3/2026 3:22:39 PM"
"Backend\database\scripts\640_remaining_sensitive_data_catalog.sql","02_Backend_Database","Backend Database: Scripts, Seed, Views","Database Script",".sql","86","4295","4.19","6/3/2026 3:51:16 PM"
"Backend\database\scripts\650_remaining_p10_ed25519_verified_license.sql","02_Backend_Database","Backend Database: Scripts, Seed, Views","Database Script",".sql","165","5569","5.44","6/3/2026 3:56:43 PM"
"Backend\database\scripts\660_remaining_p09_sso_scim_runtime_certification.sql","02_Backend_Database","Backend Database: Scripts, Seed, Views","Database Script",".sql","259","7740","7.56","6/3/2026 4:04:03 PM"
"Backend\database\scripts\665_pack_b35_mostly_green_task_closure.sql","02_Backend_Database","Backend Database: Scripts, Seed, Views","Database Script",".sql","171","10776","10.52","6/3/2026 4:16:35 PM"
"Backend\database\scripts\670_pack_b4_connector_runtime_certification.sql","02_Backend_Database","Backend Database: Scripts, Seed, Views","Database Script",".sql","345","10812","10.56","6/3/2026 4:21:18 PM"
"Backend\database\scripts\680_pack_b5_private_model_gateway_ciso_controls.sql","02_Backend_Database","Backend Database: Scripts, Seed, Views","Database Script",".sql","327","11248","10.98","6/3/2026 4:23:57 PM"
"Backend\database\seed\000_plantprocessiq_unified_advanced_realistic_demo_seed.sql","02_Backend_Database","Backend Database: Scripts, Seed, Views","Database Seed",".sql","1628","100745","98.38","5/11/2026 3:05:15 PM"
"Backend\database\seed\001_basic_genealogy_seed.sql","02_Backend_Database","Backend Database: Scripts, Seed, Views","Database Seed",".sql","402","8436","8.24","5/10/2026 10:18:23 AM"
"Backend\database\seed\002_full_feature_demo_seed.sql","02_Backend_Database","Backend Database: Scripts, Seed, Views","Database Seed",".sql","971","76933","75.13","5/11/2026 7:53:31 AM"
"Backend\database\seed\002_full_feature_demo_seed.txt","02_Backend_Database","Backend Database: Scripts, Seed, Views","Database Seed",".txt","971","76933","75.13","5/10/2026 12:06:56 PM"
"Backend\database\seed\003_additional_demo_seed.sql","02_Backend_Database","Backend Database: Scripts, Seed, Views","Database Seed",".sql","156","11310","11.04","5/11/2026 2:21:23 PM"
"Backend\database\seed\005_phase0_job_definitions.sql","02_Backend_Database","Backend Database: Scripts, Seed, Views","Database Seed",".sql","146","3321","3.24","5/16/2026 12:38:32 PM"
"Backend\database\seed\090_phase1_dashboard_builder_indexes.sql","02_Backend_Database","Backend Database: Scripts, Seed, Views","Database Seed",".sql","128","4906","4.79","5/16/2026 1:26:24 PM"
"Backend\database\seed\090_phase1_system_dashboard_templates.sql","02_Backend_Database","Backend Database: Scripts, Seed, Views","Database Seed",".sql","412","9178","8.96","5/16/2026 1:26:03 PM"
"Backend\database\seed\091_phase1_dashboard_builder_explain_validate.sql","02_Backend_Database","Backend Database: Scripts, Seed, Views","Database Seed",".sql","54","1612","1.57","5/16/2026 1:26:43 PM"
"Backend\database\seed\20260511_phase_c_staging_records.sql","02_Backend_Database","Backend Database: Scripts, Seed, Views","Database Seed",".sql","51","1924","1.88","5/11/2026 12:16:37 PM"
"Backend\database\seed\source-systems\synthetic_hsm_source_insert.sql","02_Backend_Database","Backend Database: Scripts, Seed, Views","Database Seed",".sql","2821","966435","943.78","5/24/2026 2:58:18 PM"
"Backend\database\seed\source-systems\synthetic_inspection_source_insert.sql","02_Backend_Database","Backend Database: Scripts, Seed, Views","Database Seed",".sql","6601","2239347","2186.86","5/24/2026 2:58:18 PM"
"Backend\database\seed\source-systems\synthetic_qms_source_insert.sql","02_Backend_Database","Backend Database: Scripts, Seed, Views","Database Seed",".sql","419","120540","117.71","5/24/2026 2:58:18 PM"
"Backend\database\views\006_dashboard_dataset_views.sql","02_Backend_Database","Backend Database: Scripts, Seed, Views","Database View",".sql","56","2026","1.98","5/11/2026 3:36:51 PM"
"Backend\tests\PlantProcess.Analytics.Core.Tests\Assistant\GroundingContractTests.cs","03_Backend_Tests","Backend Tests","Backend Test",".cs","87","3768","3.68","6/2/2026 7:26:59 PM"
"Backend\tests\PlantProcess.Analytics.Core.Tests\Calibration\RiskCalibrationServiceTests.cs","03_Backend_Tests","Backend Tests","Backend Test",".cs","80","3169","3.09","6/2/2026 6:44:12 PM"
"Backend\tests\PlantProcess.Analytics.Core.Tests\GoldenData.cs","03_Backend_Tests","Backend Tests","Backend Test",".cs","59","2303","2.25","6/2/2026 12:35:41 AM"
"Backend\tests\PlantProcess.Analytics.Core.Tests\P05_KpiEngineTests.cs","03_Backend_Tests","Backend Tests","Backend Test",".cs","96","4773","4.66","6/2/2026 12:35:41 AM"
"Backend\tests\PlantProcess.Analytics.Core.Tests\P05_PrimitivesTests.cs","03_Backend_Tests","Backend Tests","Backend Test",".cs","103","3887","3.8","6/2/2026 12:35:41 AM"
"Backend\tests\PlantProcess.Analytics.Core.Tests\P06_DisciplineTests.cs","03_Backend_Tests","Backend Tests","Backend Test",".cs","67","2474","2.42","6/2/2026 12:35:42 AM"
"Backend\tests\PlantProcess.Analytics.Core.Tests\P06_GoldenGateTests.cs","03_Backend_Tests","Backend Tests","Backend Test",".cs","78","3767","3.68","6/2/2026 12:35:42 AM"
"Backend\tests\PlantProcess.Analytics.Core.Tests\P06_MethodSelectionTests.cs","03_Backend_Tests","Backend Tests","Backend Test",".cs","46","2221","2.17","6/2/2026 12:35:41 AM"
"Backend\tests\PlantProcess.Analytics.Core.Tests\P06_ReadinessGateTests.cs","03_Backend_Tests","Backend Tests","Backend Test",".cs","46","1970","1.92","6/2/2026 12:35:42 AM"
"Backend\tests\PlantProcess.Analytics.Core.Tests\P06_StatisticalMethodsTests.cs","03_Backend_Tests","Backend Tests","Backend Test",".cs","59","2454","2.4","6/2/2026 12:35:41 AM"
"Backend\tests\PlantProcess.Analytics.Core.Tests\PlantProcess.Analytics.Core.Tests.csproj","03_Backend_Tests","Backend Tests","Backend Test",".csproj","16","566","0.55","6/2/2026 12:35:40 AM"
"Backend\tests\PlantProcess.Analytics.Core.Tests\Provenance\CorrelationConsolidationArchitectureTests.cs","03_Backend_Tests","Backend Tests","Backend Test",".cs","19","844","0.82","6/2/2026 6:44:13 PM"
"Backend\tests\PlantProcess.Analytics.Core.Tests\Suggestions\SuggestionEngineTests.cs","03_Backend_Tests","Backend Tests","Backend Test",".cs","58","2519","2.46","6/2/2026 7:26:15 PM"
"Backend\tests\PlantProcess.Analytics.Core.Tests\TestContext.cs","03_Backend_Tests","Backend Tests","Backend Test",".cs","14","543","0.53","6/2/2026 12:35:40 AM"
"Backend\tests\PlantProcess.Analytics.Core.Tests\Value\ValueHonestyLintTests.cs","03_Backend_Tests","Backend Tests","Backend Test",".cs","29","945","0.92","6/2/2026 6:48:34 PM"
"Backend\tests\PlantProcess.Analytics.Core.Tests\Value\ValueImpactEngineTests.cs","03_Backend_Tests","Backend Tests","Backend Test",".cs","89","3312","3.23","6/2/2026 6:48:34 PM"
"Backend\tests\PlantProcess.Analytics.Engine.Tests\Fakes.cs","03_Backend_Tests","Backend Tests","Backend Test",".cs","63","2698","2.63","6/2/2026 12:49:32 AM"
"Backend\tests\PlantProcess.Analytics.Engine.Tests\ManagedStatisticalComputeEngineTests.cs","03_Backend_Tests","Backend Tests","Backend Test",".cs","65","3001","2.93","6/2/2026 12:49:32 AM"
"Backend\tests\PlantProcess.Analytics.Engine.Tests\PlantProcess.Analytics.Engine.Tests.csproj","03_Backend_Tests","Backend Tests","Backend Test",".csproj","17","718","0.7","6/2/2026 12:49:31 AM"
"Backend\tests\PlantProcess.Analytics.Engine.Tests\PostgresAdapterIntegrationTests.cs","03_Backend_Tests","Backend Tests","Backend Test",".cs","36","1488","1.45","6/2/2026 1:05:18 AM"
"Backend\tests\PlantProcess.Api.IntegrationTests\Analytics\MlLearningCoreIntegrationTests.cs","03_Backend_Tests","Backend Tests","Backend Test",".cs","133","4975","4.86","5/31/2026 2:26:47 PM"
"Backend\tests\PlantProcess.Api.IntegrationTests\AssemblyInfo.cs","03_Backend_Tests","Backend Tests","Backend Test",".cs","3","86","0.08","5/19/2026 12:19:15 AM"
"Backend\tests\PlantProcess.Api.IntegrationTests\Connectors\ConnectorTruthContractTests.cs","03_Backend_Tests","Backend Tests","Backend Test",".cs","121","4462","4.36","5/24/2026 3:20:24 PM"
"Backend\tests\PlantProcess.Api.IntegrationTests\ErrorHandling\GlobalExceptionHandlerTests.cs","03_Backend_Tests","Backend Tests","Backend Test",".cs","80","3435","3.35","6/3/2026 12:28:37 AM"
"Backend\tests\PlantProcess.Api.IntegrationTests\Genealogy\GenealogyGoldenThreadTests.cs","03_Backend_Tests","Backend Tests","Backend Test",".cs","141","6429","6.28","6/3/2026 10:50:03 AM"
"Backend\tests\PlantProcess.Api.IntegrationTests\Health\HealthEndpointTests.cs","03_Backend_Tests","Backend Tests","Backend Test",".cs","24","667","0.65","5/24/2026 4:21:14 PM"
"Backend\tests\PlantProcess.Api.IntegrationTests\Import\DeltaImportResumabilityTests.cs","03_Backend_Tests","Backend Tests","Backend Test",".cs","123","6248","6.1","5/31/2026 8:49:27 AM"
"Backend\tests\PlantProcess.Api.IntegrationTests\Infrastructure\AuthenticatedApiTestBase.cs","03_Backend_Tests","Backend Tests","Backend Test",".cs","387","13324","13.01","6/3/2026 3:14:49 PM"
"Backend\tests\PlantProcess.Api.IntegrationTests\Mapping\MappingLifecycleProofTests.cs","03_Backend_Tests","Backend Tests","Backend Test",".cs","105","4887","4.77","6/3/2026 10:56:53 AM"
"Backend\tests\PlantProcess.Api.IntegrationTests\Middleware\SecurityHeadersMiddlewareTests.cs","03_Backend_Tests","Backend Tests","Backend Test",".cs","28","1008","0.98","6/3/2026 12:28:37 AM"
"Backend\tests\PlantProcess.Api.IntegrationTests\OpenApi\OpenApiContractTests.cs","03_Backend_Tests","Backend Tests","Backend Test",".cs","54","1684","1.64","5/20/2026 11:28:01 AM"
"Backend\tests\PlantProcess.Api.IntegrationTests\OpenApi\OpenApiMlAndDynamicEndpointContractTests.cs","03_Backend_Tests","Backend Tests","Backend Test",".cs","40","1446","1.41","5/31/2026 2:21:24 PM"
"Backend\tests\PlantProcess.Api.IntegrationTests\PlantProcess.Api.IntegrationTests.csproj","03_Backend_Tests","Backend Tests","Backend Test",".csproj","33","1368","1.34","5/24/2026 8:05:12 AM"
"Backend\tests\PlantProcess.Api.IntegrationTests\Security\AuthEndpointTests.cs","03_Backend_Tests","Backend Tests","Backend Test",".cs","72","2149","2.1","5/30/2026 8:54:45 AM"
"Backend\tests\PlantProcess.Api.IntegrationTests\Security\AuthGateMatrixTests.cs","03_Backend_Tests","Backend Tests","Backend Test",".cs","111","3208","3.13","6/1/2026 11:59:38 PM"
"Backend\tests\PlantProcess.Api.IntegrationTests\Security\SchemaConfigurationSafetyEndpointTests.cs","03_Backend_Tests","Backend Tests","Backend Test",".cs","78","2890","2.82","5/24/2026 1:31:59 PM"
"Backend\tests\PlantProcess.Api.IntegrationTests\Security\TenantAccessorTests.cs","03_Backend_Tests","Backend Tests","Backend Test",".cs","54","1685","1.65","6/3/2026 1:21:01 AM"
"Backend\tests\PlantProcess.Api.IntegrationTests\Security\TenantIsolationMatrixTests.cs","03_Backend_Tests","Backend Tests","Backend Test",".cs","72","3633","3.55","6/3/2026 7:58:55 AM"
"Backend\tests\PlantProcess.Api.IntegrationTests\Smoke\ApiEndpointCatalogSmokeTests.cs","03_Backend_Tests","Backend Tests","Backend Test",".cs","135","5452","5.32","5/31/2026 2:37:11 PM"
"Backend\tests\PlantProcess.Api.IntegrationTests\Smoke\ApiSmokeEndpointTests.cs","03_Backend_Tests","Backend Tests","Backend Test",".cs","33","1091","1.07","5/24/2026 4:25:54 PM"
"Backend\tests\PlantProcess.Application.UnitTests\Acquisition\P5_OtSafeAcquisitionTests.cs","03_Backend_Tests","Backend Tests","Backend Test",".cs","150","5656","5.52","6/4/2026 9:28:59 AM"
"Backend\tests\PlantProcess.Application.UnitTests\Analytics\Advanced\AdvancedCorrelationComputeServiceTests.cs","03_Backend_Tests","Backend Tests","Backend Test",".cs","142","7313","7.14","6/3/2026 12:54:36 AM"
"Backend\tests\PlantProcess.Application.UnitTests\Analytics\Advanced\AnalysisReadinessServiceTests.cs","03_Backend_Tests","Backend Tests","Backend Test",".cs","57","2267","2.21","6/3/2026 1:10:42 AM"
"Backend\tests\PlantProcess.Application.UnitTests\Analytics\CostAssumptionStoreContractTests.cs","03_Backend_Tests","Backend Tests","Backend Test",".cs","94","3928","3.84","6/2/2026 6:48:35 PM"
"Backend\tests\PlantProcess.Application.UnitTests\Analytics\FeatureEngineeringServiceTests.cs","03_Backend_Tests","Backend Tests","Backend Test",".cs","66","2218","2.17","5/31/2026 2:21:24 PM"
"Backend\tests\PlantProcess.Application.UnitTests\Analytics\MlReadinessServiceTests.cs","03_Backend_Tests","Backend Tests","Backend Test",".cs","75","2397","2.34","5/31/2026 2:21:24 PM"
"Backend\tests\PlantProcess.Application.UnitTests\Analytics\P2_CanonicalAnalyticsArchitectureTests.cs","03_Backend_Tests","Backend Tests","Backend Test",".cs","114","4855","4.74","6/4/2026 9:09:25 AM"
"Backend\tests\PlantProcess.Application.UnitTests\Analytics\P3_ValueEvidenceKpiCoverageTests.cs","03_Backend_Tests","Backend Tests","Backend Test",".cs","135","4952","4.84","6/4/2026 9:13:18 AM"
"Backend\tests\PlantProcess.Application.UnitTests\Analytics\ProvenanceClaimGuardTests.cs","03_Backend_Tests","Backend Tests","Backend Test",".cs","107","4617","4.51","6/2/2026 6:44:13 PM"
"Backend\tests\PlantProcess.Application.UnitTests\Analytics\QualityLabelBuilderServiceTests.cs","03_Backend_Tests","Backend Tests","Backend Test",".cs","41","1447","1.41","5/31/2026 2:21:24 PM"
"Backend\tests\PlantProcess.Application.UnitTests\Analytics\RiskScoreServiceTests.cs","03_Backend_Tests","Backend Tests","Backend Test",".cs","70","2252","2.2","5/31/2026 2:21:24 PM"
"Backend\tests\PlantProcess.Application.UnitTests\Analytics\SuggestionWorkflowTests.cs","03_Backend_Tests","Backend Tests","Backend Test",".cs","95","4616","4.51","6/2/2026 7:26:16 PM"
"Backend\tests\PlantProcess.Application.UnitTests\Assistant\P4_ProductionAssistantTests.cs","03_Backend_Tests","Backend Tests","Backend Test",".cs","144","5872","5.73","6/4/2026 9:23:02 AM"
"Backend\tests\PlantProcess.Application.UnitTests\Assistant\RetrievalAndToolTests.cs","03_Backend_Tests","Backend Tests","Backend Test",".cs","134","6644","6.49","6/2/2026 7:27:01 PM"
"Backend\tests\PlantProcess.Application.UnitTests\Common\ApplicationResultTests.cs","03_Backend_Tests","Backend Tests","Backend Test",".cs","91","3168","3.09","5/20/2026 11:46:31 AM"
"Backend\tests\PlantProcess.Application.UnitTests\Common\PageRequestTests.cs","03_Backend_Tests","Backend Tests","Backend Test",".cs","39","1000","0.98","5/19/2026 12:19:15 AM"
"Backend\tests\PlantProcess.Application.UnitTests\Common\TextNormalizerTests.cs","03_Backend_Tests","Backend Tests","Backend Test",".cs","40","1026","1","5/19/2026 12:19:15 AM"
"Backend\tests\PlantProcess.Application.UnitTests\Dashboarding\WidgetQueryExpressionServiceTests.cs","03_Backend_Tests","Backend Tests","Backend Test",".cs","56","2212","2.16","5/30/2026 11:44:13 AM"
"Backend\tests\PlantProcess.Application.UnitTests\Licensing\LicenseServiceTests.cs","03_Backend_Tests","Backend Tests","Backend Test",".cs","177","4793","4.68","5/21/2026 3:18:45 PM"
"Backend\tests\PlantProcess.Application.UnitTests\Phase1_KpiSqlGuardTests.cs","03_Backend_Tests","Backend Tests","Backend Test",".cs","29","1176","1.15","6/4/2026 8:47:08 AM"
"Backend\tests\PlantProcess.Application.UnitTests\Phase1_SafeSqlValidatorCorpusTests.cs","03_Backend_Tests","Backend Tests","Backend Test",".cs","49","2938","2.87","6/4/2026 1:19:36 AM"
"Backend\tests\PlantProcess.Application.UnitTests\Phase2_AnalyticsGoldenTests.cs","03_Backend_Tests","Backend Tests","Backend Test",".cs","49","2464","2.41","6/4/2026 1:19:36 AM"
"Backend\tests\PlantProcess.Application.UnitTests\Phase2_CorrelationEngineRegistryTests.cs","03_Backend_Tests","Backend Tests","Backend Test",".cs","32","1338","1.31","6/4/2026 1:19:36 AM"
"Backend\tests\PlantProcess.Application.UnitTests\Phase3_CostAssumptionValidatorTests.cs","03_Backend_Tests","Backend Tests","Backend Test",".cs","37","1251","1.22","6/4/2026 1:19:36 AM"
"Backend\tests\PlantProcess.Application.UnitTests\Phase3_ValueImpactEngineTests.cs","03_Backend_Tests","Backend Tests","Backend Test",".cs","72","2784","2.72","6/4/2026 1:19:36 AM"
"Backend\tests\PlantProcess.Application.UnitTests\PlantProcess.Application.UnitTests.csproj","03_Backend_Tests","Backend Tests","Backend Test",".csproj","30","1095","1.07","5/24/2026 8:05:13 AM"
"Backend\tests\PlantProcess.Application.UnitTests\Security\SafeSqlPolicyTests.cs","03_Backend_Tests","Backend Tests","Backend Test",".cs","197","10414","10.17","5/24/2026 8:02:06 AM"
"Backend\tests\PlantProcess.Application.UnitTests\Security\SafeSqlValidatorPhase1Tests.cs","03_Backend_Tests","Backend Tests","Backend Test",".cs","51","1860","1.82","6/4/2026 8:47:08 AM"
"Backend\tests\PlantProcess.Application.UnitTests\Widgets\WidgetScriptSqlCompilerTests.cs","03_Backend_Tests","Backend Tests","Backend Test",".cs","73","3294","3.22","6/3/2026 11:07:10 AM"
"Backend\tests\PlantProcess.Domain.Tests\Architecture\DomainArchitectureTests.cs","03_Backend_Tests","Backend Tests","Backend Test",".cs","51","1915","1.87","5/20/2026 12:03:29 PM"
"Backend\tests\PlantProcess.Domain.Tests\Dashboarding\DashboardWidgetDefinitionExpressionTests.cs","03_Backend_Tests","Backend Tests","Backend Test",".cs","54","1501","1.47","5/30/2026 11:44:13 AM"
"Backend\tests\PlantProcess.Domain.Tests\PlantProcess.Domain.Tests.csproj","03_Backend_Tests","Backend Tests","Backend Test",".csproj","29","996","0.97","5/24/2026 8:05:13 AM"
"Backend\tests\PlantProcess.Infrastructure.IntegrationTests\Analytics\AdvancedEngineContractTests.cs","03_Backend_Tests","Backend Tests","Backend Test",".cs","52","2582","2.52","6/3/2026 1:10:42 AM"
"Backend\tests\PlantProcess.Infrastructure.IntegrationTests\Analytics\AdvancedResultPersistenceTests.cs","03_Backend_Tests","Backend Tests","Backend Test",".cs","61","2865","2.8","6/3/2026 12:54:36 AM"
"Backend\tests\PlantProcess.Infrastructure.IntegrationTests\Audit\AuditLogImmutabilityTests.cs","03_Backend_Tests","Backend Tests","Backend Test",".cs","271","9523","9.3","5/29/2026 3:56:11 PM"
"Backend\tests\PlantProcess.Infrastructure.IntegrationTests\Connectors\CsvConnectorSmokeTests.cs","03_Backend_Tests","Backend Tests","Backend Test",".cs","61","2165","2.11","5/24/2026 2:20:41 PM"
"Backend\tests\PlantProcess.Infrastructure.IntegrationTests\Connectors\ExcelConnectorSmokeTests.cs","03_Backend_Tests","Backend Tests","Backend Test",".cs","77","2850","2.78","5/24/2026 2:20:44 PM"
"Backend\tests\PlantProcess.Infrastructure.IntegrationTests\Connectors\ReadOnlyEnforcementTests.cs","03_Backend_Tests","Backend Tests","Backend Test",".cs","46","1732","1.69","6/3/2026 12:28:37 AM"
"Backend\tests\PlantProcess.Infrastructure.IntegrationTests\Database\SqlScriptHygieneApplyTests.cs","03_Backend_Tests","Backend Tests","Backend Test",".cs","105","3749","3.66","5/31/2026 2:21:24 PM"
"Backend\tests\PlantProcess.Infrastructure.IntegrationTests\PlantProcess.Infrastructure.IntegrationTests.csproj","03_Backend_Tests","Backend Tests","Backend Test",".csproj","35","1476","1.44","5/29/2026 3:57:08 PM"
"Backend\tests\PlantProcess.PerformanceTests\PlantProcess.PerformanceTests.csproj","03_Backend_Tests","Backend Tests","Backend Test",".csproj","25","874","0.85","5/24/2026 8:05:12 AM"
"Backend\tests\PlantProcessIQ.Tests\Intelligence\GoldenThreadAndAnalysisTests.cs","03_Backend_Tests","Backend Tests","Backend Test",".cs","131","5259","5.14","6/2/2026 5:10:49 PM"
"Backend\tests\PlantProcessIQ.Tests\Mapping\WorkedMappingTests.cs","03_Backend_Tests","Backend Tests","Backend Test",".cs","157","6864","6.7","6/2/2026 5:10:47 PM"
"Frontend\PlantProcess.Web\.dockerignore","04_Frontend_App","Frontend App: PlantProcess.Web Core Source","Frontend Config / Misc",".dockerignore","18","354","0.35","5/19/2026 3:43:40 PM"
"Frontend\PlantProcess.Web\.env.development","04_Frontend_App","Frontend App: PlantProcess.Web Core Source","Frontend Config / Misc",".development","4","98","0.1","5/12/2026 3:36:02 PM"
"Frontend\PlantProcess.Web\.env.example","04_Frontend_App","Frontend App: PlantProcess.Web Core Source","Frontend Config / Misc",".example","14","552","0.54","5/31/2026 11:07:49 AM"
"Frontend\PlantProcess.Web\.env.local","04_Frontend_App","Frontend App: PlantProcess.Web Core Source","Frontend Config / Misc",".local","6","164","0.16","6/4/2026 12:16:50 PM"
"Frontend\PlantProcess.Web\.env.test","04_Frontend_App","Frontend App: PlantProcess.Web Core Source","Frontend Config / Misc",".test","3","102","0.1","5/31/2026 2:24:05 PM"
"Frontend\PlantProcess.Web\.gitignore","04_Frontend_App","Frontend App: PlantProcess.Web Core Source","Frontend Config / Misc",".gitignore","24","253","0.25","5/11/2026 4:00:06 PM"
"Frontend\PlantProcess.Web\Dockerfile","04_Frontend_App","Frontend App: PlantProcess.Web Core Source","Frontend Config / Misc","","24","543","0.53","5/19/2026 2:09:35 PM"
"Frontend\PlantProcess.Web\docs\a11y\audit-30May2026.md","04_Frontend_App","Frontend App: PlantProcess.Web Core Source","Frontend Config / Misc",".md","33","575","0.56","5/30/2026 11:14:59 AM"
"Frontend\PlantProcess.Web\docs\refactor\codemods.md","04_Frontend_App","Frontend App: PlantProcess.Web Core Source","Frontend Config / Misc",".md","25","572","0.56","5/30/2026 10:53:07 AM"
"Frontend\PlantProcess.Web\docs\refactor\dead-code-removal-30May2026.md","04_Frontend_App","Frontend App: PlantProcess.Web Core Source","Frontend Config / Misc",".md","23","1322","1.29","5/30/2026 10:53:07 AM"
"Frontend\PlantProcess.Web\docs\ui-standards\button-inventory.csv","04_Frontend_App","Frontend App: PlantProcess.Web Core Source","Frontend Config / Misc",".csv","202","31706","30.96","5/30/2026 10:25:23 AM"
"Frontend\PlantProcess.Web\docs\ui-standards\component-specification.md","04_Frontend_App","Frontend App: PlantProcess.Web Core Source","Frontend Config / Misc",".md","62","1743","1.7","5/30/2026 10:16:06 AM"
"Frontend\PlantProcess.Web\docs\ui-standards\input-inventory.csv","04_Frontend_App","Frontend App: PlantProcess.Web Core Source","Frontend Config / Misc",".csv","118","27933","27.28","5/30/2026 10:25:23 AM"
"Frontend\PlantProcess.Web\docs\ui-standards\inventory-summary.md","04_Frontend_App","Frontend App: PlantProcess.Web Core Source","Frontend Config / Misc",".md","29","687","0.67","5/30/2026 10:25:23 AM"
"Frontend\PlantProcess.Web\docs\ui-standards\table-inventory.csv","04_Frontend_App","Frontend App: PlantProcess.Web Core Source","Frontend Config / Misc",".csv","35","6719","6.56","5/30/2026 10:25:23 AM"
"Frontend\PlantProcess.Web\docs\ui-standards\tabs-inventory.csv","04_Frontend_App","Frontend App: PlantProcess.Web Core Source","Frontend Config / Misc",".csv","5","781","0.76","5/30/2026 10:25:23 AM"
"Frontend\PlantProcess.Web\docs\visual-regression\phase56-baseline.md","04_Frontend_App","Frontend App: PlantProcess.Web Core Source","Frontend Config / Misc",".md","25","597","0.58","5/30/2026 11:14:59 AM"
"Frontend\PlantProcess.Web\eslint.config.js","04_Frontend_App","Frontend App: PlantProcess.Web Core Source","Frontend Config / Misc",".js","135","4375","4.27","5/30/2026 10:54:44 AM"
"Frontend\PlantProcess.Web\index.html","04_Frontend_App","Frontend App: PlantProcess.Web Core Source","Frontend Config / Misc",".html","21","684","0.67","5/20/2026 11:51:46 AM"
"Frontend\PlantProcess.Web\nginx.conf","04_Frontend_App","Frontend App: PlantProcess.Web Core Source","Frontend Config / Misc",".conf","20","455","0.44","5/19/2026 2:09:48 PM"
"Frontend\PlantProcess.Web\package.json","04_Frontend_App","Frontend App: PlantProcess.Web Core Source","Frontend Config / Misc",".json","115","9969","9.74","6/3/2026 8:05:21 PM"
"Frontend\PlantProcess.Web\playwright.config.ts","04_Frontend_App","Frontend App: PlantProcess.Web Core Source","Frontend Config / Misc",".ts","178","6127","5.98","5/31/2026 3:06:22 PM"
"Frontend\PlantProcess.Web\playwright.phase2.config.ts","04_Frontend_App","Frontend App: PlantProcess.Web Core Source","Frontend Config / Misc",".ts","66","1491","1.46","5/25/2026 1:07:52 PM"
"Frontend\PlantProcess.Web\playwright.phase9.config.ts","04_Frontend_App","Frontend App: PlantProcess.Web Core Source","Frontend Config / Misc",".ts","35","956","0.93","6/3/2026 8:05:21 PM"
"Frontend\PlantProcess.Web\public\brand\plantprocess-iq-architecture.svg","04_Frontend_App","Frontend App: PlantProcess.Web Core Source","Frontend Config / Misc",".svg","87","5621","5.49","5/21/2026 4:44:08 PM"
"Frontend\PlantProcess.Web\public\brand\plantprocess-iq-engineer-brief.html","04_Frontend_App","Frontend App: PlantProcess.Web Core Source","Frontend Config / Misc",".html","171","4852","4.74","5/21/2026 4:44:43 PM"
"Frontend\PlantProcess.Web\public\brand\plantprocess-iq-logo.svg","04_Frontend_App","Frontend App: PlantProcess.Web Core Source","Frontend Config / Misc",".svg","51","2168","2.12","5/20/2026 9:31:14 AM"
"Frontend\PlantProcess.Web\public\brand\sou-icon.svg","04_Frontend_App","Frontend App: PlantProcess.Web Core Source","Frontend Config / Misc",".svg","50","1743","1.7","5/20/2026 9:19:52 AM"
"Frontend\PlantProcess.Web\public\brand\sou-logo-horizontal.svg","04_Frontend_App","Frontend App: PlantProcess.Web Core Source","Frontend Config / Misc",".svg","40","1813","1.77","5/20/2026 9:19:52 AM"
"Frontend\PlantProcess.Web\public\favicon.svg","04_Frontend_App","Frontend App: PlantProcess.Web Core Source","Frontend Config / Misc",".svg","50","1743","1.7","5/20/2026 9:19:52 AM"
"Frontend\PlantProcess.Web\public\icons.svg","04_Frontend_App","Frontend App: PlantProcess.Web Core Source","Frontend Config / Misc",".svg","24","5031","4.91","5/11/2026 4:00:07 PM"
"Frontend\PlantProcess.Web\README.md","04_Frontend_App","Frontend App: PlantProcess.Web Core Source","Frontend Config / Misc",".md","73","2425","2.37","5/11/2026 4:00:06 PM"
"Frontend\PlantProcess.Web\src\api\__tests__\apiClient.retry-backoff.test.ts","04_Frontend_App","Frontend App: PlantProcess.Web Core Source","Frontend API Client",".ts","52","1698","1.66","5/31/2026 2:32:09 PM"
"Frontend\PlantProcess.Web\src\api\admin\admin.api.ts","04_Frontend_App","Frontend App: PlantProcess.Web Core Source","Frontend API Client",".ts","25","921","0.9","6/3/2026 4:36:45 PM"
"Frontend\PlantProcess.Web\src\api\admin\index.ts","04_Frontend_App","Frontend App: PlantProcess.Web Core Source","Frontend API Client",".ts","2","87","0.08","6/3/2026 4:27:41 PM"
"Frontend\PlantProcess.Web\src\api\advancedAnalysis.ts","04_Frontend_App","Frontend App: PlantProcess.Web Core Source","Frontend API Client",".ts","31","1900","1.86","6/3/2026 8:15:52 AM"
"Frontend\PlantProcess.Web\src\api\analytics\analytics.api.ts","04_Frontend_App","Frontend App: PlantProcess.Web Core Source","Frontend API Client",".ts","24","989","0.97","6/3/2026 4:36:45 PM"
"Frontend\PlantProcess.Web\src\api\analytics\index.ts","04_Frontend_App","Frontend App: PlantProcess.Web Core Source","Frontend API Client",".ts","2","95","0.09","6/3/2026 4:27:41 PM"
"Frontend\PlantProcess.Web\src\api\apiConfig.ts","04_Frontend_App","Frontend App: PlantProcess.Web Core Source","Frontend API Client",".ts","44","1521","1.49","5/12/2026 3:19:41 PM"
"Frontend\PlantProcess.Web\src\api\dashboarding\dashboarding.api.ts","04_Frontend_App","Frontend App: PlantProcess.Web Core Source","Frontend API Client",".ts","40","2015","1.97","6/3/2026 4:36:45 PM"
"Frontend\PlantProcess.Web\src\api\dashboarding\index.ts","04_Frontend_App","Frontend App: PlantProcess.Web Core Source","Frontend API Client",".ts","2","101","0.1","6/3/2026 4:27:41 PM"
"Frontend\PlantProcess.Web\src\api\demo\demoLifecycle.api.ts","04_Frontend_App","Frontend App: PlantProcess.Web Core Source","Frontend API Client",".ts","116","2889","2.82","5/21/2026 3:07:46 PM"
"Frontend\PlantProcess.Web\src\api\demo\index.ts","04_Frontend_App","Frontend App: PlantProcess.Web Core Source","Frontend API Client",".ts","1","36","0.04","5/21/2026 2:55:46 PM"
"Frontend\PlantProcess.Web\src\api\demo-analytics\demoAnalytics.api.ts","04_Frontend_App","Frontend App: PlantProcess.Web Core Source","Frontend API Client",".ts","110","2626","2.56","6/3/2026 4:49:00 PM"
"Frontend\PlantProcess.Web\src\api\http\apiClient.ts","04_Frontend_App","Frontend App: PlantProcess.Web Core Source","Frontend API Client",".ts","363","9852","9.62","6/1/2026 3:24:17 PM"
"Frontend\PlantProcess.Web\src\api\http\index.ts","04_Frontend_App","Frontend App: PlantProcess.Web Core Source","Frontend API Client",".ts","1","33","0.03","5/19/2026 12:19:15 AM"
"Frontend\PlantProcess.Web\src\api\inspectionWorkflowApi.ts","04_Frontend_App","Frontend App: PlantProcess.Web Core Source","Frontend API Client",".ts","213","6103","5.96","6/3/2026 4:46:31 PM"
"Frontend\PlantProcess.Web\src\api\integration\index.ts","04_Frontend_App","Frontend App: PlantProcess.Web Core Source","Frontend API Client",".ts","2","99","0.1","6/3/2026 4:27:41 PM"
"Frontend\PlantProcess.Web\src\api\integration\integration.api.ts","04_Frontend_App","Frontend App: PlantProcess.Web Core Source","Frontend API Client",".ts","30","1565","1.53","6/3/2026 4:36:45 PM"
"Frontend\PlantProcess.Web\src\api\legacy\__tests__\plantProcessApi.contract.test.ts","04_Frontend_App","Frontend App: PlantProcess.Web Core Source","Frontend API Client",".ts","62","1653","1.61","6/3/2026 4:36:45 PM"
"Frontend\PlantProcess.Web\src\api\license\index.ts","04_Frontend_App","Frontend App: PlantProcess.Web Core Source","Frontend API Client",".ts","2","67","0.07","5/21/2026 3:26:28 PM"
"Frontend\PlantProcess.Web\src\api\license\license.api.ts","04_Frontend_App","Frontend App: PlantProcess.Web Core Source","Frontend API Client",".ts","51","1443","1.41","5/21/2026 3:07:29 PM"
"Frontend\PlantProcess.Web\src\api\license\licenseUsage.api.ts","04_Frontend_App","Frontend App: PlantProcess.Web Core Source","Frontend API Client",".ts","85","2245","2.19","5/21/2026 3:25:59 PM"
"Frontend\PlantProcess.Web\src\api\ml\index.ts","04_Frontend_App","Frontend App: PlantProcess.Web Core Source","Frontend API Client",".ts","1","34","0.03","5/21/2026 4:25:17 PM"
"Frontend\PlantProcess.Web\src\api\ml\mlReadiness.api.ts","04_Frontend_App","Frontend App: PlantProcess.Web Core Source","Frontend API Client",".ts","120","3086","3.01","5/21/2026 4:25:02 PM"
"Frontend\PlantProcess.Web\src\api\pageBuilder\index.ts","04_Frontend_App","Frontend App: PlantProcess.Web Core Source","Frontend API Client",".ts","1","36","0.04","5/31/2026 11:42:05 AM"
"Frontend\PlantProcess.Web\src\api\pageBuilder\pageBuilder.api.ts","04_Frontend_App","Frontend App: PlantProcess.Web Core Source","Frontend API Client",".ts","32","1070","1.04","5/31/2026 11:42:05 AM"
"Frontend\PlantProcess.Web\src\api\productApiClient.ts","04_Frontend_App","Frontend App: PlantProcess.Web Core Source","Frontend API Client",".ts","146","4151","4.05","6/3/2026 4:40:11 PM"
"Frontend\PlantProcess.Web\src\api\productApiHardening.implementation.ts","04_Frontend_App","Frontend App: PlantProcess.Web Core Source","Frontend API Client",".ts","391","8435","8.24","6/3/2026 4:36:45 PM"
"Frontend\PlantProcess.Web\src\api\productApiHardening.ts","04_Frontend_App","Frontend App: PlantProcess.Web Core Source","Frontend API Client",".ts","1","54","0.05","6/4/2026 8:36:13 AM"
"Frontend\PlantProcess.Web\src\api\productCoreApiClient.implementation.ts","04_Frontend_App","Frontend App: PlantProcess.Web Core Source","Frontend API Client",".ts","1264","34435","33.63","6/3/2026 4:36:45 PM"
"Frontend\PlantProcess.Web\src\api\productCoreApiClient.ts","04_Frontend_App","Frontend App: PlantProcess.Web Core Source","Frontend API Client",".ts","1","55","0.05","6/4/2026 8:36:13 AM"
"Frontend\PlantProcess.Web\src\api\schemaMapping\schemaMapping.api.ts","04_Frontend_App","Frontend App: PlantProcess.Web Core Source","Frontend API Client",".ts","158","4340","4.24","6/3/2026 4:40:11 PM"
"Frontend\PlantProcess.Web\src\api\twoStageImport\twoStageImport.api.ts","04_Frontend_App","Frontend App: PlantProcess.Web Core Source","Frontend API Client",".ts","112","3146","3.07","6/3/2026 4:40:11 PM"
"Frontend\PlantProcess.Web\src\api\widgetScript\index.ts","04_Frontend_App","Frontend App: PlantProcess.Web Core Source","Frontend API Client",".ts","1","35","0.03","5/25/2026 11:40:48 AM"
"Frontend\PlantProcess.Web\src\api\widgetScript\widgetScript.api.ts","04_Frontend_App","Frontend App: PlantProcess.Web Core Source","Frontend API Client",".ts","59","1993","1.95","6/3/2026 4:27:41 PM"
"Frontend\PlantProcess.Web\src\api\workflow-foundation\workflowFoundation.api.ts","04_Frontend_App","Frontend App: PlantProcess.Web Core Source","Frontend API Client",".ts","370","10110","9.87","6/3/2026 4:51:06 PM"
"Frontend\PlantProcess.Web\src\App.implementation.tsx","04_Frontend_App","Frontend App: PlantProcess.Web Core Source","Frontend Source",".tsx","588","22490","21.96","6/4/2026 1:19:42 AM"
"Frontend\PlantProcess.Web\src\App.tsx","04_Frontend_App","Frontend App: PlantProcess.Web Core Source","Frontend Source",".tsx","2","86","0.08","6/4/2026 8:36:13 AM"
"Frontend\PlantProcess.Web\src\brand\plantProcessBrand.ts","04_Frontend_App","Frontend App: PlantProcess.Web Core Source","Frontend Source",".ts","98","2912","2.84","5/21/2026 4:42:41 PM"
"Frontend\PlantProcess.Web\src\components\__tests__\ActiveFilterChips.test.tsx","04_Frontend_App","Frontend App: PlantProcess.Web Core Source","Frontend Component",".tsx","61","2002","1.96","5/20/2026 11:43:38 AM"
"Frontend\PlantProcess.Web\src\components\__tests__\AsyncState.test.tsx","04_Frontend_App","Frontend App: PlantProcess.Web Core Source","Frontend Component",".tsx","24","865","0.84","5/19/2026 12:19:15 AM"
"Frontend\PlantProcess.Web\src\components\__tests__\LockedFeatureOverlay.test.tsx","04_Frontend_App","Frontend App: PlantProcess.Web Core Source","Frontend Component",".tsx","17","575","0.56","5/24/2026 2:45:52 PM"
"Frontend\PlantProcess.Web\src\components\__tests__\MetricCard.test.tsx","04_Frontend_App","Frontend App: PlantProcess.Web Core Source","Frontend Component",".tsx","45","1235","1.21","5/20/2026 11:43:03 AM"
"Frontend\PlantProcess.Web\src\components\__tests__\SortableDataTable.virtualization.test.tsx","04_Frontend_App","Frontend App: PlantProcess.Web Core Source","Frontend Component",".tsx","59","1472","1.44","5/24/2026 2:46:08 PM"
"Frontend\PlantProcess.Web\src\components\__tests__\StatusBadge.test.tsx","04_Frontend_App","Frontend App: PlantProcess.Web Core Source","Frontend Component",".tsx","30","1017","0.99","5/19/2026 12:19:15 AM"
"Frontend\PlantProcess.Web\src\components\ActiveFilterChips.tsx","04_Frontend_App","Frontend App: PlantProcess.Web Core Source","Frontend Component",".tsx","73","1954","1.91","6/3/2026 4:36:45 PM"
"Frontend\PlantProcess.Web\src\components\analytics\__tests__\AdvancedResultPanel.test.tsx","04_Frontend_App","Frontend App: PlantProcess.Web Core Source","Frontend Component",".tsx","42","1671","1.63","6/2/2026 2:02:35 PM"
"Frontend\PlantProcess.Web\src\components\analytics\AdvancedResultPanel.tsx","04_Frontend_App","Frontend App: PlantProcess.Web Core Source","Frontend Component",".tsx","107","5091","4.97","6/3/2026 11:22:44 AM"
"Frontend\PlantProcess.Web\src\components\analytics\AdvancedResultsList.tsx","04_Frontend_App","Frontend App: PlantProcess.Web Core Source","Frontend Component",".tsx","25","1168","1.14","6/2/2026 2:02:35 PM"
"Frontend\PlantProcess.Web\src\components\analytics\FindingEvidencePanel.tsx","04_Frontend_App","Frontend App: PlantProcess.Web Core Source","Frontend Component",".tsx","63","1756","1.71","6/4/2026 9:13:16 AM"
"Frontend\PlantProcess.Web\src\components\analytics\ReadModelWidgets.tsx","04_Frontend_App","Frontend App: PlantProcess.Web Core Source","Frontend Component",".tsx","149","9484","9.26","6/2/2026 2:02:34 PM"
"Frontend\PlantProcess.Web\src\components\AppLayout.css","04_Frontend_App","Frontend App: PlantProcess.Web Core Source","Frontend Component",".css","506","10180","9.94","5/21/2026 8:31:01 PM"
"Frontend\PlantProcess.Web\src\components\AppLayout.tsx","04_Frontend_App","Frontend App: PlantProcess.Web Core Source","Frontend Component",".tsx","237","8842","8.63","6/3/2026 4:36:45 PM"
"Frontend\PlantProcess.Web\src\components\assistant\AssistantChat.tsx","04_Frontend_App","Frontend App: PlantProcess.Web Core Source","Frontend Component",".tsx","95","4128","4.03","6/3/2026 11:22:44 AM"
"Frontend\PlantProcess.Web\src\components\AsyncState.tsx","04_Frontend_App","Frontend App: PlantProcess.Web Core Source","Frontend Component",".tsx","27","716","0.7","5/30/2026 8:31:25 AM"
"Frontend\PlantProcess.Web\src\components\brand\app-command-header.css","04_Frontend_App","Frontend App: PlantProcess.Web Core Source","Frontend Component",".css","322","7004","6.84","5/20/2026 9:38:25 AM"
"Frontend\PlantProcess.Web\src\components\brand\AppCommandHeader.tsx","04_Frontend_App","Frontend App: PlantProcess.Web Core Source","Frontend Component",".tsx","69","2561","2.5","6/3/2026 11:22:44 AM"
"Frontend\PlantProcess.Web\src\components\brand\app-dual-brand-header.css","04_Frontend_App","Frontend App: PlantProcess.Web Core Source","Frontend Component",".css","98","2018","1.97","5/20/2026 9:35:19 AM"
"Frontend\PlantProcess.Web\src\components\brand\AppDualBrandHeader.tsx","04_Frontend_App","Frontend App: PlantProcess.Web Core Source","Frontend Component",".tsx","30","874","0.85","5/20/2026 9:35:06 AM"
"Frontend\PlantProcess.Web\src\components\brand\brand-proof-panel.css","04_Frontend_App","Frontend App: PlantProcess.Web Core Source","Frontend Component",".css","124","2320","2.27","5/21/2026 4:46:39 PM"
"Frontend\PlantProcess.Web\src\components\brand\BrandProofPanel.tsx","04_Frontend_App","Frontend App: PlantProcess.Web Core Source","Frontend Component",".tsx","66","2286","2.23","5/21/2026 4:46:27 PM"
"Frontend\PlantProcess.Web\src\components\brand\product-brand.css","04_Frontend_App","Frontend App: PlantProcess.Web Core Source","Frontend Component",".css","154","2848","2.78","5/20/2026 9:34:45 AM"
"Frontend\PlantProcess.Web\src\components\brand\ProductBrand.tsx","04_Frontend_App","Frontend App: PlantProcess.Web Core Source","Frontend Component",".tsx","47","1502","1.47","5/20/2026 9:34:29 AM"
"Frontend\PlantProcess.Web\src\components\brand\sou-brand.css","04_Frontend_App","Frontend App: PlantProcess.Web Core Source","Frontend Component",".css","165","3398","3.32","5/20/2026 9:22:15 AM"
"Frontend\PlantProcess.Web\src\components\brand\SOUBrand.tsx","04_Frontend_App","Frontend App: PlantProcess.Web Core Source","Frontend Component",".tsx","40","993","0.97","5/20/2026 9:20:58 AM"
"Frontend\PlantProcess.Web\src\components\BrandProofSection.tsx","04_Frontend_App","Frontend App: PlantProcess.Web Core Source","Frontend Component",".tsx","60","1814","1.77","5/21/2026 4:49:18 PM"
"Frontend\PlantProcess.Web\src\components\charts\InteractiveCharts.tsx","04_Frontend_App","Frontend App: PlantProcess.Web Core Source","Frontend Component",".tsx","426","10286","10.04","6/3/2026 4:27:41 PM"
"Frontend\PlantProcess.Web\src\components\dashboard\DashboardGridLayout.tsx","04_Frontend_App","Frontend App: PlantProcess.Web Core Source","Frontend Component",".tsx","103","3285","3.21","5/31/2026 2:16:25 PM"
"Frontend\PlantProcess.Web\src\components\dashboard\DashboardWidgetCard.tsx","04_Frontend_App","Frontend App: PlantProcess.Web Core Source","Frontend Component",".tsx","358","11515","11.25","6/3/2026 11:22:44 AM"
"Frontend\PlantProcess.Web\src\components\dashboard\DragGhost.css","04_Frontend_App","Frontend App: PlantProcess.Web Core Source","Frontend Component",".css","39","833","0.81","5/24/2026 3:05:38 PM"
"Frontend\PlantProcess.Web\src\components\dashboard\DragGhost.tsx","04_Frontend_App","Frontend App: PlantProcess.Web Core Source","Frontend Component",".tsx","33","683","0.67","5/24/2026 3:05:15 PM"
"Frontend\PlantProcess.Web\src\components\dashboard\DrilldownDrawer.tsx","04_Frontend_App","Frontend App: PlantProcess.Web Core Source","Frontend Component",".tsx","64","1735","1.69","6/3/2026 11:22:44 AM"
"Frontend\PlantProcess.Web\src\components\dashboard\EmptyInsightState.tsx","04_Frontend_App","Frontend App: PlantProcess.Web Core Source","Frontend Component",".tsx","17","437","0.43","5/12/2026 9:49:00 AM"
"Frontend\PlantProcess.Web\src\components\dashboard\SavedDashboardWidget.tsx","04_Frontend_App","Frontend App: PlantProcess.Web Core Source","Frontend Component",".tsx","209","6102","5.96","6/3/2026 4:36:45 PM"
"Frontend\PlantProcess.Web\src\components\dashboard\SelectionBreadcrumb.tsx","04_Frontend_App","Frontend App: PlantProcess.Web Core Source","Frontend Component",".tsx","68","2236","2.18","6/3/2026 11:22:44 AM"
"Frontend\PlantProcess.Web\src\components\dashboard\widget-builder\WidgetBuilderWizard.implementation.tsx","04_Frontend_App","Frontend App: PlantProcess.Web Core Source","Frontend Component",".tsx","1512","43560","42.54","6/3/2026 4:36:45 PM"
"Frontend\PlantProcess.Web\src\components\dashboard\widget-builder\WidgetBuilderWizard.tsx","04_Frontend_App","Frontend App: PlantProcess.Web Core Source","Frontend Component",".tsx","2","118","0.12","6/4/2026 8:36:13 AM"
"Frontend\PlantProcess.Web\src\components\dashboard\widget-builder\WidgetBuilderWizardContent.implementation.tsx","04_Frontend_App","Frontend App: PlantProcess.Web Core Source","Frontend Component",".tsx","1710","48563","47.42","6/3/2026 4:51:06 PM"
"Frontend\PlantProcess.Web\src\components\dashboard\widget-builder\WidgetBuilderWizardContent.tsx","04_Frontend_App","Frontend App: PlantProcess.Web Core Source","Frontend Component",".tsx","2","132","0.13","6/4/2026 8:36:13 AM"
"Frontend\PlantProcess.Web\src\components\dashboard\widget-builder\WidgetScriptBuilderPanel.tsx","04_Frontend_App","Frontend App: PlantProcess.Web Core Source","Frontend Component",".tsx","158","8619","8.42","6/3/2026 11:50:50 AM"
"Frontend\PlantProcess.Web\src\components\dashboard\widget-builder\WidgetScriptStep.tsx","04_Frontend_App","Frontend App: PlantProcess.Web Core Source","Frontend Component",".tsx","176","4910","4.79","6/3/2026 4:27:41 PM"
"Frontend\PlantProcess.Web\src\components\DashboardFilterBar.css","04_Frontend_App","Frontend App: PlantProcess.Web Core Source","Frontend Component",".css","234","5469","5.34","5/21/2026 9:18:24 PM"
"Frontend\PlantProcess.Web\src\components\DashboardFilterBar.tsx","04_Frontend_App","Frontend App: PlantProcess.Web Core Source","Frontend Component",".tsx","340","11169","10.91","6/3/2026 4:36:45 PM"
"Frontend\PlantProcess.Web\src\components\demo\demo-environment-banner.css","04_Frontend_App","Frontend App: PlantProcess.Web Core Source","Frontend Component",".css","24","572","0.56","5/21/2026 3:29:32 PM"
"Frontend\PlantProcess.Web\src\components\demo\DemoEnvironmentBanner.tsx","04_Frontend_App","Frontend App: PlantProcess.Web Core Source","Frontend Component",".tsx","20","632","0.62","5/21/2026 3:29:15 PM"
"Frontend\PlantProcess.Web\src\components\demo\demo-lifecycle-kpi-strip.css","04_Frontend_App","Frontend App: PlantProcess.Web Core Source","Frontend Component",".css","39","888","0.87","5/21/2026 3:45:34 PM"
"Frontend\PlantProcess.Web\src\components\demo\DemoLifecycleKpiStrip.tsx","04_Frontend_App","Frontend App: PlantProcess.Web Core Source","Frontend Component",".tsx","40","1437","1.4","5/21/2026 3:45:22 PM"
"Frontend\PlantProcess.Web\src\components\demo\DemoModeControl.tsx","04_Frontend_App","Frontend App: PlantProcess.Web Core Source","Frontend Component",".tsx","46","1299","1.27","6/3/2026 11:22:44 AM"
"Frontend\PlantProcess.Web\src\components\demo\dimension-completion-panel.css","04_Frontend_App","Frontend App: PlantProcess.Web Core Source","Frontend Component",".css","184","3691","3.6","5/21/2026 3:41:15 PM"
"Frontend\PlantProcess.Web\src\components\demo\DimensionCompletionPanel.tsx","04_Frontend_App","Frontend App: PlantProcess.Web Core Source","Frontend Component",".tsx","112","3894","3.8","5/21/2026 3:40:58 PM"
"Frontend\PlantProcess.Web\src\components\demo\LockedFeatureOverlay.tsx","04_Frontend_App","Frontend App: PlantProcess.Web Core Source","Frontend Component",".tsx","37","967","0.94","5/21/2026 1:09:57 PM"
"Frontend\PlantProcess.Web\src\components\ErrorBoundary.css","04_Frontend_App","Frontend App: PlantProcess.Web Core Source","Frontend Component",".css","91","1852","1.81","5/22/2026 11:12:56 PM"
"Frontend\PlantProcess.Web\src\components\forms\InlineFieldError.css","04_Frontend_App","Frontend App: PlantProcess.Web Core Source","Frontend Component",".css","18","375","0.37","5/24/2026 3:01:31 PM"
"Frontend\PlantProcess.Web\src\components\forms\InlineFieldError.tsx","04_Frontend_App","Frontend App: PlantProcess.Web Core Source","Frontend Component",".tsx","14","289","0.28","5/24/2026 3:01:00 PM"
"Frontend\PlantProcess.Web\src\components\inspection\index.ts","04_Frontend_App","Frontend App: PlantProcess.Web Core Source","Frontend Component",".ts","1","40","0.04","5/25/2026 1:57:42 PM"
"Frontend\PlantProcess.Web\src\components\inspection\OperationProgressPanel.css","04_Frontend_App","Frontend App: PlantProcess.Web Core Source","Frontend Component",".css","49","986","0.96","6/3/2026 4:46:31 PM"
"Frontend\PlantProcess.Web\src\components\inspection\OperationProgressPanel.tsx","04_Frontend_App","Frontend App: PlantProcess.Web Core Source","Frontend Component",".tsx","157","4946","4.83","6/3/2026 4:53:31 PM"
"Frontend\PlantProcess.Web\src\components\inspection\SaveInspectionJobModal.tsx","04_Frontend_App","Frontend App: PlantProcess.Web Core Source","Frontend Component",".tsx","97","3322","3.24","6/3/2026 4:51:06 PM"
"Frontend\PlantProcess.Web\src\components\layout\index.ts","04_Frontend_App","Frontend App: PlantProcess.Web Core Source","Frontend Component",".ts","1","27","0.03","5/25/2026 1:12:42 PM"
"Frontend\PlantProcess.Web\src\components\layout\page-grid.css","04_Frontend_App","Frontend App: PlantProcess.Web Core Source","Frontend Component",".css","116","2296","2.24","5/25/2026 1:12:57 PM"
"Frontend\PlantProcess.Web\src\components\layout\PageGrid.tsx","04_Frontend_App","Frontend App: PlantProcess.Web Core Source","Frontend Component",".tsx","55","1176","1.15","5/25/2026 1:12:22 PM"
"Frontend\PlantProcess.Web\src\components\license\ConnectorTruthPanel.tsx","04_Frontend_App","Frontend App: PlantProcess.Web Core Source","Frontend Component",".tsx","118","3705","3.62","5/21/2026 3:28:59 PM"
"Frontend\PlantProcess.Web\src\components\license\FeatureGateHint.tsx","04_Frontend_App","Frontend App: PlantProcess.Web Core Source","Frontend Component",".tsx","33","850","0.83","5/21/2026 2:58:17 PM"
"Frontend\PlantProcess.Web\src\components\license\LicenseBadge.tsx","04_Frontend_App","Frontend App: PlantProcess.Web Core Source","Frontend Component",".tsx","30","737","0.72","5/21/2026 2:57:59 PM"
"Frontend\PlantProcess.Web\src\components\license\license-components.css","04_Frontend_App","Frontend App: PlantProcess.Web Core Source","Frontend Component",".css","249","4854","4.74","5/21/2026 3:29:49 PM"
"Frontend\PlantProcess.Web\src\components\license\LicenseGate.tsx","04_Frontend_App","Frontend App: PlantProcess.Web Core Source","Frontend Component",".tsx","88","2182","2.13","6/1/2026 3:00:30 PM"
"Frontend\PlantProcess.Web\src\components\license\LicenseUsagePanel.tsx","04_Frontend_App","Frontend App: PlantProcess.Web Core Source","Frontend Component",".tsx","163","4417","4.31","6/3/2026 11:22:44 AM"
"Frontend\PlantProcess.Web\src\components\materials\GenealogyThreadPanel.tsx","04_Frontend_App","Frontend App: PlantProcess.Web Core Source","Frontend Component",".tsx","235","11787","11.51","6/3/2026 11:50:50 AM"
"Frontend\PlantProcess.Web\src\components\MetricCard.tsx","04_Frontend_App","Frontend App: PlantProcess.Web Core Source","Frontend Component",".tsx","21","525","0.51","5/11/2026 4:30:40 PM"
"Frontend\PlantProcess.Web\src\components\provenance\BlendedProvenanceBreakdown.tsx","04_Frontend_App","Frontend App: PlantProcess.Web Core Source","Frontend Component",".tsx","52","1504","1.47","6/4/2026 9:13:17 AM"
"Frontend\PlantProcess.Web\src\components\skeletons\LoadingSkeletonSet.tsx","04_Frontend_App","Frontend App: PlantProcess.Web Core Source","Frontend Component",".tsx","83","2143","2.09","5/25/2026 1:13:28 PM"
"Frontend\PlantProcess.Web\src\components\skeletons\Skeleton.css","04_Frontend_App","Frontend App: PlantProcess.Web Core Source","Frontend Component",".css","269","5500","5.37","5/25/2026 1:13:42 PM"
"Frontend\PlantProcess.Web\src\components\skeletons\Skeleton.tsx","04_Frontend_App","Frontend App: PlantProcess.Web Core Source","Frontend Component",".tsx","161","5176","5.05","5/22/2026 11:12:56 PM"
"Frontend\PlantProcess.Web\src\components\SortableDataTable.tsx","04_Frontend_App","Frontend App: PlantProcess.Web Core Source","Frontend Component",".tsx","195","6346","6.2","6/3/2026 4:27:41 PM"
"Frontend\PlantProcess.Web\src\components\standard\__tests__\__snapshots__\StandardButton.test.tsx.snap","04_Frontend_App","Frontend App: PlantProcess.Web Core Source","Frontend Component",".snap","91","15419","15.06","5/30/2026 10:21:33 AM"
"Frontend\PlantProcess.Web\src\components\standard\__tests__\DataFetchBoundary.test.tsx","04_Frontend_App","Frontend App: PlantProcess.Web Core Source","Frontend Component",".tsx","80","2605","2.54","5/31/2026 2:32:09 PM"
"Frontend\PlantProcess.Web\src\components\standard\__tests__\StandardButton.test.tsx","04_Frontend_App","Frontend App: PlantProcess.Web Core Source","Frontend Component",".tsx","64","1738","1.7","6/3/2026 11:27:04 AM"
"Frontend\PlantProcess.Web\src\components\standard\__tests__\StandardTable.test.tsx","04_Frontend_App","Frontend App: PlantProcess.Web Core Source","Frontend Component",".tsx","52","1522","1.49","5/30/2026 10:16:06 AM"
"Frontend\PlantProcess.Web\src\components\standard\__tests__\StandardTabs.test.tsx","04_Frontend_App","Frontend App: PlantProcess.Web Core Source","Frontend Component",".tsx","41","1123","1.1","5/30/2026 10:16:06 AM"
"Frontend\PlantProcess.Web\src\components\standard\DataFetchBoundary.tsx","04_Frontend_App","Frontend App: PlantProcess.Web Core Source","Frontend Component",".tsx","115","3236","3.16","5/30/2026 10:42:38 AM"
"Frontend\PlantProcess.Web\src\components\standard\DesignTokens.stories.tsx","04_Frontend_App","Frontend App: PlantProcess.Web Core Source","Frontend Component",".tsx","50","1479","1.44","5/30/2026 10:16:06 AM"
"Frontend\PlantProcess.Web\src\components\standard\DoDont.stories.tsx","04_Frontend_App","Frontend App: PlantProcess.Web Core Source","Frontend Component",".tsx","41","1554","1.52","5/30/2026 10:16:06 AM"
"Frontend\PlantProcess.Web\src\components\standard\ErrorBoundary.tsx","04_Frontend_App","Frontend App: PlantProcess.Web Core Source","Frontend Component",".tsx","147","4745","4.63","5/31/2026 2:16:25 PM"
"Frontend\PlantProcess.Web\src\components\standard\index.ts","04_Frontend_App","Frontend App: PlantProcess.Web Core Source","Frontend Component",".ts","8","264","0.26","5/30/2026 10:53:07 AM"
"Frontend\PlantProcess.Web\src\components\standard\Onboarding.stories.tsx","04_Frontend_App","Frontend App: PlantProcess.Web Core Source","Frontend Component",".tsx","41","1480","1.45","6/3/2026 4:46:31 PM"
"Frontend\PlantProcess.Web\src\components\standard\StandardButton.stories.tsx","04_Frontend_App","Frontend App: PlantProcess.Web Core Source","Frontend Component",".tsx","66","2172","2.12","6/3/2026 11:27:04 AM"
"Frontend\PlantProcess.Web\src\components\standard\StandardButton.tsx","04_Frontend_App","Frontend App: PlantProcess.Web Core Source","Frontend Component",".tsx","133","3768","3.68","5/30/2026 10:46:05 AM"
"Frontend\PlantProcess.Web\src\components\standard\standard-components.css","04_Frontend_App","Frontend App: PlantProcess.Web Core Source","Frontend Component",".css","744","15458","15.1","5/30/2026 10:16:06 AM"
"Frontend\PlantProcess.Web\src\components\standard\StandardFields.stories.tsx","04_Frontend_App","Frontend App: PlantProcess.Web Core Source","Frontend Component",".tsx","79","2633","2.57","5/30/2026 10:16:06 AM"
"Frontend\PlantProcess.Web\src\components\standard\StandardFields.tsx","04_Frontend_App","Frontend App: PlantProcess.Web Core Source","Frontend Component",".tsx","370","10286","10.04","6/3/2026 11:27:04 AM"
"Frontend\PlantProcess.Web\src\components\standard\StandardPageCompat.tsx","04_Frontend_App","Frontend App: PlantProcess.Web Core Source","Frontend Component",".tsx","89","2516","2.46","5/31/2026 11:30:39 AM"
"Frontend\PlantProcess.Web\src\components\standard\StandardSurface.stories.tsx","04_Frontend_App","Frontend App: PlantProcess.Web Core Source","Frontend Component",".tsx","75","3232","3.16","5/30/2026 10:16:06 AM"
"Frontend\PlantProcess.Web\src\components\standard\StandardSurface.tsx","04_Frontend_App","Frontend App: PlantProcess.Web Core Source","Frontend Component",".tsx","283","8336","8.14","6/3/2026 11:27:04 AM"
"Frontend\PlantProcess.Web\src\components\standard\StandardTable.implementation.tsx","04_Frontend_App","Frontend App: PlantProcess.Web Core Source","Frontend Component",".tsx","486","16468","16.08","5/30/2026 10:25:05 AM"
"Frontend\PlantProcess.Web\src\components\standard\StandardTable.stories.tsx","04_Frontend_App","Frontend App: PlantProcess.Web Core Source","Frontend Component",".tsx","94","2692","2.63","5/30/2026 10:16:06 AM"
"Frontend\PlantProcess.Web\src\components\standard\StandardTable.tsx","04_Frontend_App","Frontend App: PlantProcess.Web Core Source","Frontend Component",".tsx","1","48","0.05","6/4/2026 8:30:35 AM"
"Frontend\PlantProcess.Web\src\components\standard\StandardTabs.stories.tsx","04_Frontend_App","Frontend App: PlantProcess.Web Core Source","Frontend Component",".tsx","45","1867","1.82","5/30/2026 10:16:06 AM"
"Frontend\PlantProcess.Web\src\components\standard\StandardTabs.tsx","04_Frontend_App","Frontend App: PlantProcess.Web Core Source","Frontend Component",".tsx","173","5000","4.88","5/30/2026 10:16:06 AM"
"Frontend\PlantProcess.Web\src\components\standard\tokens.ts","04_Frontend_App","Frontend App: PlantProcess.Web Core Source","Frontend Component",".ts","49","1057","1.03","5/30/2026 10:16:06 AM"
"Frontend\PlantProcess.Web\src\components\StateRenderer.tsx","04_Frontend_App","Frontend App: PlantProcess.Web Core Source","Frontend Component",".tsx","125","5511","5.38","6/3/2026 11:22:44 AM"
"Frontend\PlantProcess.Web\src\components\StatusBadge.tsx","04_Frontend_App","Frontend App: PlantProcess.Web Core Source","Frontend Component",".tsx","20","617","0.6","5/11/2026 4:30:48 PM"
"Frontend\PlantProcess.Web\src\components\suggestions\SuggestionCardsPanel.tsx","04_Frontend_App","Frontend App: PlantProcess.Web Core Source","Frontend Component",".tsx","111","5079","4.96","6/3/2026 11:22:44 AM"
"Frontend\PlantProcess.Web\src\components\table\index.ts","04_Frontend_App","Frontend App: PlantProcess.Web Core Source","Frontend Component",".ts","1","53","0.05","5/30/2026 10:53:07 AM"
"Frontend\PlantProcess.Web\src\components\table\standard-table.css","04_Frontend_App","Frontend App: PlantProcess.Web Core Source","Frontend Component",".css","78","1543","1.51","5/25/2026 1:11:36 PM"
"Frontend\PlantProcess.Web\src\components\value\ValueImpactCard.tsx","04_Frontend_App","Frontend App: PlantProcess.Web Core Source","Frontend Component",".tsx","106","4392","4.29","6/3/2026 11:22:44 AM"
"Frontend\PlantProcess.Web\src\demo\plantProcessDemoScenario.implementation.ts","04_Frontend_App","Frontend App: PlantProcess.Web Core Source","Frontend Source",".ts","899","25080","24.49","5/21/2026 12:25:34 PM"
"Frontend\PlantProcess.Web\src\demo\plantProcessDemoScenario.ts","04_Frontend_App","Frontend App: PlantProcess.Web Core Source","Frontend Source",".ts","1","59","0.06","6/4/2026 8:36:13 AM"
"Frontend\PlantProcess.Web\src\hardening\actionMatrix.ts","04_Frontend_App","Frontend App: PlantProcess.Web Core Source","Frontend Source",".ts","75","2342","2.29","6/3/2026 4:49:00 PM"
"Frontend\PlantProcess.Web\src\hardening\routeContracts.ts","04_Frontend_App","Frontend App: PlantProcess.Web Core Source","Frontend Source",".ts","89","2405","2.35","6/3/2026 4:49:00 PM"
"Frontend\PlantProcess.Web\src\hooks\__tests__\useInlineFormValidation.test.tsx","04_Frontend_App","Frontend App: PlantProcess.Web Core Source","Frontend Source",".tsx","47","1215","1.19","5/24/2026 2:45:32 PM"
"Frontend\PlantProcess.Web\src\hooks\useApiResource.ts","04_Frontend_App","Frontend App: PlantProcess.Web Core Source","Frontend Source",".ts","32","1082","1.06","6/2/2026 2:02:33 PM"
"Frontend\PlantProcess.Web\src\hooks\useCustomerSafeAction.ts","04_Frontend_App","Frontend App: PlantProcess.Web Core Source","Frontend Source",".ts","66","1686","1.65","5/25/2026 12:20:44 PM"
"Frontend\PlantProcess.Web\src\hooks\useDashboardLayoutPersistence.ts","04_Frontend_App","Frontend App: PlantProcess.Web Core Source","Frontend Source",".ts","91","2659","2.6","5/30/2026 3:12:01 PM"
"Frontend\PlantProcess.Web\src\hooks\useInlineFormValidation.ts","04_Frontend_App","Frontend App: PlantProcess.Web Core Source","Frontend Source",".ts","94","2639","2.58","5/24/2026 3:00:36 PM"
"Frontend\PlantProcess.Web\src\hooks\useLatestOnlyPolling.ts","04_Frontend_App","Frontend App: PlantProcess.Web Core Source","Frontend Source",".ts","104","2680","2.62","5/24/2026 3:22:51 PM"
"Frontend\PlantProcess.Web\src\hooks\useOptimisticSave.ts","04_Frontend_App","Frontend App: PlantProcess.Web Core Source","Frontend Source",".ts","104","3390","3.31","5/30/2026 10:45:12 AM"
"Frontend\PlantProcess.Web\src\i18n\v5I18n.tsx","04_Frontend_App","Frontend App: PlantProcess.Web Core Source","Frontend Source",".tsx","104","4031","3.94","6/4/2026 9:14:55 AM"
"Frontend\PlantProcess.Web\src\index.css","04_Frontend_App","Frontend App: PlantProcess.Web Core Source","Frontend Source",".css","8","356","0.35","5/25/2026 1:13:08 PM"
"Frontend\PlantProcess.Web\src\main.tsx","04_Frontend_App","Frontend App: PlantProcess.Web Core Source","Frontend Source",".tsx","18","596","0.58","5/30/2026 10:53:07 AM"
"Frontend\PlantProcess.Web\src\notifications\AppToastHost.tsx","04_Frontend_App","Frontend App: PlantProcess.Web Core Source","Frontend Source",".tsx","27","670","0.65","5/25/2026 3:30:13 PM"
"Frontend\PlantProcess.Web\src\notifications\toast.ts","04_Frontend_App","Frontend App: PlantProcess.Web Core Source","Frontend Source",".ts","101","3045","2.97","5/22/2026 11:12:56 PM"
"Frontend\PlantProcess.Web\src\notifications\Toaster.tsx","04_Frontend_App","Frontend App: PlantProcess.Web Core Source","Frontend Source",".tsx","50","1346","1.31","5/22/2026 11:12:56 PM"
"Frontend\PlantProcess.Web\src\notifications\ToastRoot.tsx","04_Frontend_App","Frontend App: PlantProcess.Web Core Source","Frontend Source",".tsx","19","396","0.39","5/25/2026 11:54:32 AM"
"Frontend\PlantProcess.Web\src\pages\Acquisition\__tests__\EdgeCollectorManagementPage.test.tsx","04_Frontend_App","Frontend App: PlantProcess.Web Core Source","Frontend Page",".tsx","14","717","0.7","6/4/2026 9:28:58 AM"
"Frontend\PlantProcess.Web\src\pages\Acquisition\EdgeCollectorManagementPage.tsx","04_Frontend_App","Frontend App: PlantProcess.Web Core Source","Frontend Page",".tsx","122","3849","3.76","6/4/2026 9:28:58 AM"
"Frontend\PlantProcess.Web\src\pages\Admin\AdminDbConfigurationTab.implementation.tsx","04_Frontend_App","Frontend App: PlantProcess.Web Core Source","Frontend Page",".tsx","1127","44288","43.25","6/3/2026 4:36:45 PM"
"Frontend\PlantProcess.Web\src\pages\Admin\AdminDbConfigurationTab.tsx","04_Frontend_App","Frontend App: PlantProcess.Web Core Source","Frontend Page",".tsx","1","58","0.06","6/4/2026 8:36:13 AM"
"Frontend\PlantProcess.Web\src\pages\Admin\AdminImportingDataTab.tsx","04_Frontend_App","Frontend App: PlantProcess.Web Core Source","Frontend Page",".tsx","229","8026","7.84","6/3/2026 4:36:45 PM"
"Frontend\PlantProcess.Web\src\pages\Admin\AdminJobsMonitorTab.tsx","04_Frontend_App","Frontend App: PlantProcess.Web Core Source","Frontend Page",".tsx","350","13593","13.27","6/3/2026 4:36:45 PM"
"Frontend\PlantProcess.Web\src\pages\Admin\AdminPage.tsx","04_Frontend_App","Frontend App: PlantProcess.Web Core Source","Frontend Page",".tsx","5","127","0.12","5/19/2026 12:19:15 AM"
"Frontend\PlantProcess.Web\src\pages\Admin\AdminPageContent.tsx","04_Frontend_App","Frontend App: PlantProcess.Web Core Source","Frontend Page",".tsx","5","155","0.15","6/3/2026 4:46:31 PM"
"Frontend\PlantProcess.Web\src\pages\Admin\AdminSchemaConfigurationTab.implementation.tsx","04_Frontend_App","Frontend App: PlantProcess.Web Core Source","Frontend Page",".tsx","948","36427","35.57","6/3/2026 4:36:45 PM"
"Frontend\PlantProcess.Web\src\pages\Admin\AdminSchemaConfigurationTab.tsx","04_Frontend_App","Frontend App: PlantProcess.Web Core Source","Frontend Page",".tsx","1","62","0.06","6/4/2026 8:36:13 AM"
"Frontend\PlantProcess.Web\src\pages\Admin\AdminSharedComponents.tsx","04_Frontend_App","Frontend App: PlantProcess.Web Core Source","Frontend Page",".tsx","162","5596","5.46","6/3/2026 4:27:41 PM"
"Frontend\PlantProcess.Web\src\pages\Admin\CanonicalSchemaMappingPanel.implementation.tsx","04_Frontend_App","Frontend App: PlantProcess.Web Core Source","Frontend Page",".tsx","514","17529","17.12","6/3/2026 4:51:06 PM"
"Frontend\PlantProcess.Web\src\pages\Admin\CanonicalSchemaMappingPanel.tsx","04_Frontend_App","Frontend App: PlantProcess.Web Core Source","Frontend Page",".tsx","1","62","0.06","6/4/2026 8:36:13 AM"
"Frontend\PlantProcess.Web\src\pages\Admin\TwoStageImportMonitorPanel.implementation.tsx","04_Frontend_App","Frontend App: PlantProcess.Web Core Source","Frontend Page",".tsx","376","12433","12.14","5/31/2026 11:55:38 PM"
"Frontend\PlantProcess.Web\src\pages\Admin\TwoStageImportMonitorPanel.tsx","04_Frontend_App","Frontend App: PlantProcess.Web Core Source","Frontend Page",".tsx","1","61","0.06","6/4/2026 8:36:13 AM"
"Frontend\PlantProcess.Web\src\pages\AdminPage.tsx","04_Frontend_App","Frontend App: PlantProcess.Web Core Source","Frontend Page",".tsx","1","51","0.05","5/19/2026 12:19:15 AM"
"Frontend\PlantProcess.Web\src\pages\AdminPreview\AdminPreviewWorkspacePage.tsx","04_Frontend_App","Frontend App: PlantProcess.Web Core Source","Frontend Page",".tsx","5","194","0.19","6/3/2026 4:46:31 PM"
"Frontend\PlantProcess.Web\src\pages\Analytics\__tests__\AdvancedAnalysisPage.test.tsx","04_Frontend_App","Frontend App: PlantProcess.Web Core Source","Frontend Page",".tsx","39","2375","2.32","6/3/2026 8:15:52 AM"
"Frontend\PlantProcess.Web\src\pages\Analytics\AdvancedAnalysisPage.tsx","04_Frontend_App","Frontend App: PlantProcess.Web Core Source","Frontend Page",".tsx","114","6553","6.4","6/3/2026 8:15:52 AM"
"Frontend\PlantProcess.Web\src\pages\Analytics\AnalyticsWidgetsPage.tsx","04_Frontend_App","Frontend App: PlantProcess.Web Core Source","Frontend Page",".tsx","35","1420","1.39","6/2/2026 2:02:35 PM"
"Frontend\PlantProcess.Web\src\pages\Analytics\InspectionJobsPage.tsx","04_Frontend_App","Frontend App: PlantProcess.Web Core Source","Frontend Page",".tsx","87","5973","5.83","6/3/2026 4:46:31 PM"
"Frontend\PlantProcess.Web\src\pages\Assistant\__tests__\GroundedAssistantPage.test.tsx","04_Frontend_App","Frontend App: PlantProcess.Web Core Source","Frontend Page",".tsx","13","564","0.55","6/4/2026 9:23:03 AM"
"Frontend\PlantProcess.Web\src\pages\Assistant\GroundedAssistantPage.tsx","04_Frontend_App","Frontend App: PlantProcess.Web Core Source","Frontend Page",".tsx","167","4872","4.76","6/4/2026 9:23:01 AM"
"Frontend\PlantProcess.Web\src\pages\BrandIdentity\brand-identity.css","04_Frontend_App","Frontend App: PlantProcess.Web Core Source","Frontend Page",".css","185","3701","3.61","5/21/2026 4:47:18 PM"
"Frontend\PlantProcess.Web\src\pages\BrandIdentity\BrandIdentityPage.tsx","04_Frontend_App","Frontend App: PlantProcess.Web Core Source","Frontend Page",".tsx","5","188","0.18","6/3/2026 4:46:31 PM"
"Frontend\PlantProcess.Web\src\pages\CommercialLicense\CommercialLicensePage.tsx","04_Frontend_App","Frontend App: PlantProcess.Web Core Source","Frontend Page",".tsx","120","4176","4.08","5/21/2026 3:41:47 PM"
"Frontend\PlantProcess.Web\src\pages\Correlation\CorrelationPage.tsx","04_Frontend_App","Frontend App: PlantProcess.Web Core Source","Frontend Page",".tsx","5","182","0.18","6/3/2026 4:46:31 PM"
"Frontend\PlantProcess.Web\src\pages\CorrelationPage.tsx","04_Frontend_App","Frontend App: PlantProcess.Web Core Source","Frontend Page",".tsx","1","65","0.06","5/30/2026 11:14:59 AM"
"Frontend\PlantProcess.Web\src\pages\Dashboard\DashboardPage.tsx","04_Frontend_App","Frontend App: PlantProcess.Web Core Source","Frontend Page",".tsx","5","143","0.14","5/19/2026 12:19:15 AM"
"Frontend\PlantProcess.Web\src\pages\Dashboard\DashboardPageContent.tsx","04_Frontend_App","Frontend App: PlantProcess.Web Core Source","Frontend Page",".tsx","5","197","0.19","6/3/2026 4:46:31 PM"
"Frontend\PlantProcess.Web\src\pages\DashboardPage.tsx","04_Frontend_App","Frontend App: PlantProcess.Web Core Source","Frontend Page",".tsx","1","63","0.06","5/19/2026 12:19:15 AM"
"Frontend\PlantProcess.Web\src\pages\DataQuality\DataQualityPage.tsx","04_Frontend_App","Frontend App: PlantProcess.Web Core Source","Frontend Page",".tsx","5","182","0.18","6/3/2026 4:46:31 PM"
"Frontend\PlantProcess.Web\src\pages\DataQualityPage.tsx","04_Frontend_App","Frontend App: PlantProcess.Web Core Source","Frontend Page",".tsx","1","65","0.06","5/30/2026 11:14:59 AM"
"Frontend\PlantProcess.Web\src\pages\DemoAnalytics\demo-analytics.css","04_Frontend_App","Frontend App: PlantProcess.Web Core Source","Frontend Page",".css","97","1788","1.75","6/3/2026 4:51:06 PM"
"Frontend\PlantProcess.Web\src\pages\DemoAnalytics\DemoAnalyticsPages.implementation.tsx","04_Frontend_App","Frontend App: PlantProcess.Web Core Source","Frontend Page",".tsx","461","17438","17.03","6/3/2026 4:51:06 PM"
"Frontend\PlantProcess.Web\src\pages\DemoAnalytics\DemoAnalyticsPages.tsx","04_Frontend_App","Frontend App: PlantProcess.Web Core Source","Frontend Page",".tsx","1","53","0.05","6/4/2026 8:36:13 AM"
"Frontend\PlantProcess.Web\src\pages\DemoLifecycle\DemoLifecyclePage.tsx","04_Frontend_App","Frontend App: PlantProcess.Web Core Source","Frontend Page",".tsx","5","172","0.17","6/3/2026 4:46:31 PM"
"Frontend\PlantProcess.Web\src\pages\DynamicPage\dynamic-page.css","04_Frontend_App","Frontend App: PlantProcess.Web Core Source","Frontend Page",".css","120","2301","2.25","5/31/2026 4:48:53 PM"
"Frontend\PlantProcess.Web\src\pages\DynamicPage\DynamicPage.tsx","04_Frontend_App","Frontend App: PlantProcess.Web Core Source","Frontend Page",".tsx","189","5375","5.25","6/1/2026 12:49:56 AM"
"Frontend\PlantProcess.Web\src\pages\MaterialAnalytics\MaterialAnalyticsPages.implementation.tsx","04_Frontend_App","Frontend App: PlantProcess.Web Core Source","Frontend Page",".tsx","1102","48435","47.3","6/3/2026 4:53:31 PM"
"Frontend\PlantProcess.Web\src\pages\MaterialAnalytics\MaterialAnalyticsPages.tsx","04_Frontend_App","Frontend App: PlantProcess.Web Core Source","Frontend Page",".tsx","1","57","0.06","6/4/2026 8:36:13 AM"
"Frontend\PlantProcess.Web\src\pages\MaterialAnalytics\productModule56-standard.css","04_Frontend_App","Frontend App: PlantProcess.Web Core Source","Frontend Page",".css","210","4350","4.25","6/3/2026 4:53:31 PM"
"Frontend\PlantProcess.Web\src\pages\MaterialInvestigation\MaterialInvestigationPage.tsx","04_Frontend_App","Frontend App: PlantProcess.Web Core Source","Frontend Page",".tsx","444","13844","13.52","6/3/2026 11:22:44 AM"
"Frontend\PlantProcess.Web\src\pages\MaterialInvestigation\p03p04-workbench.css","04_Frontend_App","Frontend App: PlantProcess.Web Core Source","Frontend Page",".css","265","4705","4.59","6/1/2026 4:48:44 PM"
"Frontend\PlantProcess.Web\src\pages\MaterialInvestigationPage.tsx","04_Frontend_App","Frontend App: PlantProcess.Web Core Source","Frontend Page",".tsx","13","537","0.52","6/3/2026 4:46:31 PM"
"Frontend\PlantProcess.Web\src\pages\MlReadiness\ml-readiness.css","04_Frontend_App","Frontend App: PlantProcess.Web Core Source","Frontend Page",".css","145","2828","2.76","5/21/2026 4:27:16 PM"
"Frontend\PlantProcess.Web\src\pages\MlReadiness\MlReadinessPage.tsx","04_Frontend_App","Frontend App: PlantProcess.Web Core Source","Frontend Page",".tsx","5","182","0.18","6/3/2026 4:46:31 PM"
"Frontend\PlantProcess.Web\src\pages\PageBuilder\__tests__\pageBuilderReducer.test.ts","04_Frontend_App","Frontend App: PlantProcess.Web Core Source","Frontend Page",".ts","139","3829","3.74","5/31/2026 2:48:04 PM"
"Frontend\PlantProcess.Web\src\pages\PageBuilder\page-builder.css","04_Frontend_App","Frontend App: PlantProcess.Web Core Source","Frontend Page",".css","106","1932","1.89","5/31/2026 4:02:43 PM"
"Frontend\PlantProcess.Web\src\pages\PageBuilder\PageBuilderPage.implementation.tsx","04_Frontend_App","Frontend App: PlantProcess.Web Core Source","Frontend Page",".tsx","377","11052","10.79","6/3/2026 4:46:31 PM"
"Frontend\PlantProcess.Web\src\pages\PageBuilder\PageBuilderPage.tsx","04_Frontend_App","Frontend App: PlantProcess.Web Core Source","Frontend Page",".tsx","2","110","0.11","6/4/2026 8:36:13 AM"
"Frontend\PlantProcess.Web\src\pages\PageBuilder\pageBuilderReducer.ts","04_Frontend_App","Frontend App: PlantProcess.Web Core Source","Frontend Page",".ts","298","6722","6.56","5/31/2026 2:48:04 PM"
"Frontend\PlantProcess.Web\src\pages\RiskDashboard\RiskDashboardPage.tsx","04_Frontend_App","Frontend App: PlantProcess.Web Core Source","Frontend Page",".tsx","5","194","0.19","6/3/2026 4:46:31 PM"
"Frontend\PlantProcess.Web\src\pages\RiskDashboardPage.tsx","04_Frontend_App","Frontend App: PlantProcess.Web Core Source","Frontend Page",".tsx","1","71","0.07","5/30/2026 11:14:59 AM"
"Frontend\PlantProcess.Web\src\pages\V5ConnectorsIdentityPage.tsx","04_Frontend_App","Frontend App: PlantProcess.Web Core Source","Frontend Page",".tsx","167","5346","5.22","6/3/2026 2:34:31 PM"
"Frontend\PlantProcess.Web\src\pages\V5NoCodeMapperPage.tsx","04_Frontend_App","Frontend App: PlantProcess.Web Core Source","Frontend Page",".tsx","144","4591","4.48","6/3/2026 2:27:21 PM"
"Frontend\PlantProcess.Web\src\pages\V5OutboundI18nMobilePage.tsx","04_Frontend_App","Frontend App: PlantProcess.Web Core Source","Frontend Page",".tsx","235","7551","7.37","6/3/2026 2:55:21 PM"
"Frontend\PlantProcess.Web\src\pages\V5SsoLicensingPage.tsx","04_Frontend_App","Frontend App: PlantProcess.Web Core Source","Frontend Page",".tsx","177","5507","5.38","6/3/2026 2:39:32 PM"
"Frontend\PlantProcess.Web\src\pages\ValueEvidence\CostAssumptionManagementPage.tsx","04_Frontend_App","Frontend App: PlantProcess.Web Core Source","Frontend Page",".tsx","281","8942","8.73","6/4/2026 9:13:16 AM"
"Frontend\PlantProcess.Web\src\state\__tests__\AuthContext.bootstrap.test.tsx","04_Frontend_App","Frontend App: PlantProcess.Web Core Source","Frontend State",".tsx","54","1933","1.89","5/31/2026 2:32:09 PM"
"Frontend\PlantProcess.Web\src\state\__tests__\LicenseContext.gating.test.tsx","04_Frontend_App","Frontend App: PlantProcess.Web Core Source","Frontend State",".tsx","51","1694","1.65","5/31/2026 2:32:09 PM"
"Frontend\PlantProcess.Web\src\state\AuthContext.tsx","04_Frontend_App","Frontend App: PlantProcess.Web Core Source","Frontend State",".tsx","324","9525","9.3","6/1/2026 3:24:18 PM"
"Frontend\PlantProcess.Web\src\state\DashboardFilterContext.tsx","04_Frontend_App","Frontend App: PlantProcess.Web Core Source","Frontend State",".tsx","199","6386","6.24","6/3/2026 4:40:11 PM"
"Frontend\PlantProcess.Web\src\state\DashboardGridLayoutContext.implementation.tsx","04_Frontend_App","Frontend App: PlantProcess.Web Core Source","Frontend State",".tsx","552","17651","17.24","5/31/2026 2:16:26 PM"
"Frontend\PlantProcess.Web\src\state\DashboardGridLayoutContext.tsx","04_Frontend_App","Frontend App: PlantProcess.Web Core Source","Frontend State",".tsx","1","61","0.06","6/4/2026 8:36:13 AM"
"Frontend\PlantProcess.Web\src\state\DashboardSelectionContext.tsx","04_Frontend_App","Frontend App: PlantProcess.Web Core Source","Frontend State",".tsx","339","10202","9.96","6/3/2026 4:27:41 PM"
"Frontend\PlantProcess.Web\src\state\DemoModeContext.tsx","04_Frontend_App","Frontend App: PlantProcess.Web Core Source","Frontend State",".tsx","155","4051","3.96","5/21/2026 12:35:22 PM"
"Frontend\PlantProcess.Web\src\state\LicenseContext.tsx","04_Frontend_App","Frontend App: PlantProcess.Web Core Source","Frontend State",".tsx","158","3703","3.62","5/30/2026 3:12:01 PM"
"Frontend\PlantProcess.Web\src\state\ThemeContext.tsx","04_Frontend_App","Frontend App: PlantProcess.Web Core Source","Frontend State",".tsx","114","3454","3.37","5/12/2026 3:15:25 PM"
"Frontend\PlantProcess.Web\src\styles\base\layout.css","04_Frontend_App","Frontend App: PlantProcess.Web Core Source","Frontend Stylesheet",".css","13","271","0.26","5/19/2026 12:19:15 AM"
"Frontend\PlantProcess.Web\src\styles\base\reset.css","04_Frontend_App","Frontend App: PlantProcess.Web Core Source","Frontend Stylesheet",".css","16","281","0.27","5/19/2026 12:19:15 AM"
"Frontend\PlantProcess.Web\src\styles\base\tokens.css","04_Frontend_App","Frontend App: PlantProcess.Web Core Source","Frontend Stylesheet",".css","28","899","0.88","5/19/2026 12:19:15 AM"
"Frontend\PlantProcess.Web\src\styles\components\components.css","04_Frontend_App","Frontend App: PlantProcess.Web Core Source","Frontend Stylesheet",".css","25","486","0.47","5/24/2026 3:08:26 PM"
"Frontend\PlantProcess.Web\src\styles\components\dashboard-components.css","04_Frontend_App","Frontend App: PlantProcess.Web Core Source","Frontend Stylesheet",".css","854","21685","21.18","5/22/2026 12:44:20 AM"
"Frontend\PlantProcess.Web\src\styles\components\hardening.css","04_Frontend_App","Frontend App: PlantProcess.Web Core Source","Frontend Stylesheet",".css","113","2456","2.4","5/25/2026 11:56:35 AM"
"Frontend\PlantProcess.Web\src\styles\components\widget-script-step.css","04_Frontend_App","Frontend App: PlantProcess.Web Core Source","Frontend Stylesheet",".css","64","1490","1.46","5/25/2026 11:56:11 AM"
"Frontend\PlantProcess.Web\src\styles\global.css","04_Frontend_App","Frontend App: PlantProcess.Web Core Source","Frontend Stylesheet",".css","272","6402","6.25","5/21/2026 8:37:30 PM"
"Frontend\PlantProcess.Web\src\styles\hardening.css","04_Frontend_App","Frontend App: PlantProcess.Web Core Source","Frontend Stylesheet",".css","159","3372","3.29","5/25/2026 12:21:20 PM"
"Frontend\PlantProcess.Web\src\styles\legacy\legacy-global.css","04_Frontend_App","Frontend App: PlantProcess.Web Core Source","Frontend Stylesheet",".css","2975","66009","64.46","5/19/2026 12:19:15 AM"
"Frontend\PlantProcess.Web\src\styles\pages\admin.css","04_Frontend_App","Frontend App: PlantProcess.Web Core Source","Frontend Stylesheet",".css","120","2558","2.5","5/30/2026 3:43:15 PM"
"Frontend\PlantProcess.Web\src\styles\pages\admin-preview.css","04_Frontend_App","Frontend App: PlantProcess.Web Core Source","Frontend Stylesheet",".css","500","9357","9.14","5/21/2026 12:36:39 PM"
"Frontend\PlantProcess.Web\src\styles\pages\dashboard.css","04_Frontend_App","Frontend App: PlantProcess.Web Core Source","Frontend Stylesheet",".css","152","3739","3.65","5/21/2026 9:21:52 PM"
"Frontend\PlantProcess.Web\src\styles\pages\demo-lifecycle.css","04_Frontend_App","Frontend App: PlantProcess.Web Core Source","Frontend Stylesheet",".css","398","7560","7.38","5/21/2026 2:59:26 PM"
"Frontend\PlantProcess.Web\src\test\architecture\frontendArchitecture.test.ts","04_Frontend_App","Frontend App: PlantProcess.Web Core Source","Frontend Source",".ts","50","1666","1.63","5/31/2026 2:26:22 PM"
"Frontend\PlantProcess.Web\src\test\architecture\largeFileBoundaries.test.ts","04_Frontend_App","Frontend App: PlantProcess.Web Core Source","Frontend Source",".ts","130","4027","3.93","6/4/2026 8:33:20 AM"
"Frontend\PlantProcess.Web\src\test\architecture\noLegacyApiGrowth.test.ts","04_Frontend_App","Frontend App: PlantProcess.Web Core Source","Frontend Source",".ts","70","2027","1.98","6/4/2026 8:33:20 AM"
"Frontend\PlantProcess.Web\src\test\integration\mockedApi.integration.test.ts","04_Frontend_App","Frontend App: PlantProcess.Web Core Source","Frontend Source",".ts","12","423","0.41","5/19/2026 12:19:15 AM"
"Frontend\PlantProcess.Web\src\test\mocks\handlers.ts","04_Frontend_App","Frontend App: PlantProcess.Web Core Source","Frontend Source",".ts","23","494","0.48","5/19/2026 12:19:15 AM"
"Frontend\PlantProcess.Web\src\test\mocks\server.ts","04_Frontend_App","Frontend App: PlantProcess.Web Core Source","Frontend Source",".ts","4","135","0.13","5/19/2026 12:19:15 AM"
"Frontend\PlantProcess.Web\src\test\setupTests.ts","04_Frontend_App","Frontend App: PlantProcess.Web Core Source","Frontend Source",".ts","17","329","0.32","5/19/2026 12:19:15 AM"
"Frontend\PlantProcess.Web\src\ui\design-tokens.css","04_Frontend_App","Frontend App: PlantProcess.Web Core Source","Frontend Source",".css","44","1227","1.2","5/30/2026 9:18:01 AM"
"Frontend\PlantProcess.Web\src\ui\index.ts","04_Frontend_App","Frontend App: PlantProcess.Web Core Source","Frontend Source",".ts","1","38","0.04","5/30/2026 9:18:01 AM"
"Frontend\PlantProcess.Web\src\ui\standard-components.css","04_Frontend_App","Frontend App: PlantProcess.Web Core Source","Frontend Source",".css","394","9146","8.93","5/30/2026 9:18:01 AM"
"Frontend\PlantProcess.Web\src\ui\standard-components.implementation.tsx","04_Frontend_App","Frontend App: PlantProcess.Web Core Source","Frontend Source",".tsx","526","15440","15.08","6/3/2026 11:27:05 AM"
"Frontend\PlantProcess.Web\src\ui\standard-components.stories.tsx","04_Frontend_App","Frontend App: PlantProcess.Web Core Source","Frontend Source",".tsx","192","6960","6.8","6/3/2026 11:27:05 AM"
"Frontend\PlantProcess.Web\src\ui\standard-components.tsx","04_Frontend_App","Frontend App: PlantProcess.Web Core Source","Frontend Source",".tsx","1","54","0.05","6/4/2026 8:36:13 AM"
"Frontend\PlantProcess.Web\src\ui\standards\ui-component-specs.md","04_Frontend_App","Frontend App: PlantProcess.Web Core Source","Frontend Source",".md","82","2508","2.45","5/30/2026 9:18:01 AM"
"Frontend\PlantProcess.Web\src\utils\dragPerformance.ts","04_Frontend_App","Frontend App: PlantProcess.Web Core Source","Frontend Source",".ts","80","2002","1.96","5/31/2026 2:16:26 PM"
"Frontend\PlantProcess.Web\src\utils\errorMapping.ts","04_Frontend_App","Frontend App: PlantProcess.Web Core Source","Frontend Source",".ts","147","4074","3.98","5/22/2026 11:12:56 PM"
"Frontend\PlantProcess.Web\src\utils\frontendDiagnostics.ts","04_Frontend_App","Frontend App: PlantProcess.Web Core Source","Frontend Source",".ts","68","1631","1.59","5/31/2026 2:14:10 PM"
"Frontend\PlantProcess.Web\tools\check-duplicate-pages.mjs","04_Frontend_App","Frontend App: PlantProcess.Web Core Source","Frontend Config / Misc",".mjs","28","939","0.92","6/3/2026 12:28:32 AM"
"Frontend\PlantProcess.Web\tools\dup-pages-guard.mjs","04_Frontend_App","Frontend App: PlantProcess.Web Core Source","Frontend Config / Misc",".mjs","11","572","0.56","6/3/2026 7:54:02 AM"
"Frontend\PlantProcess.Web\tools\phase3\apply-phase3-phase4-material-search-hardening.cjs","04_Frontend_App","Frontend App: PlantProcess.Web Core Source","Frontend Config / Misc",".cjs","1042","34170","33.37","5/30/2026 10:42:38 AM"
"Frontend\PlantProcess.Web\tools\phase3\finalize-phase3-phase4-acceptance.cjs","04_Frontend_App","Frontend App: PlantProcess.Web Core Source","Frontend Config / Misc",".cjs","681","22334","21.81","5/30/2026 10:54:44 AM"
"Frontend\PlantProcess.Web\tools\phase3\fix-final-phase34-blockers.cjs","04_Frontend_App","Frontend App: PlantProcess.Web Core Source","Frontend Config / Misc",".cjs","112","4239","4.14","5/30/2026 10:57:23 AM"
"Frontend\PlantProcess.Web\tools\phase3\fix-final-t024-validation-runner.cjs","04_Frontend_App","Frontend App: PlantProcess.Web Core Source","Frontend Config / Misc",".cjs","71","2547","2.49","5/30/2026 11:00:13 AM"
"Frontend\PlantProcess.Web\tools\phase3\fix-package-json-and-acceptance-guard.cjs","04_Frontend_App","Frontend App: PlantProcess.Web Core Source","Frontend Config / Misc",".cjs","65","2069","2.02","5/30/2026 10:54:43 AM"
"Frontend\PlantProcess.Web\tools\phase3\fix-phase3-phase4-lint-validation.cjs","04_Frontend_App","Frontend App: PlantProcess.Web Core Source","Frontend Config / Misc",".cjs","281","8974","8.76","5/30/2026 10:45:11 AM"
"Frontend\PlantProcess.Web\tools\phase3\fix-t024-targeted-eslint-gate.cjs","04_Frontend_App","Frontend App: PlantProcess.Web Core Source","Frontend Config / Misc",".cjs","115","3460","3.38","5/30/2026 10:59:00 AM"
"Frontend\PlantProcess.Web\tools\phase3\validate-phase3-phase4-acceptance.cjs","04_Frontend_App","Frontend App: PlantProcess.Web Core Source","Frontend Config / Misc",".cjs","304","9700","9.47","5/31/2026 2:07:14 PM"
"Frontend\PlantProcess.Web\tools\phase56\apply-phase5-phase6-full-ui-migration.cjs","04_Frontend_App","Frontend App: PlantProcess.Web Core Source","Frontend Config / Misc",".cjs","1894","73047","71.33","5/30/2026 11:14:59 AM"
"Frontend\PlantProcess.Web\tools\phase56\fix-phase56-demo-job-status-fields.cjs","04_Frontend_App","Frontend App: PlantProcess.Web Core Source","Frontend Config / Misc",".cjs","15","496","0.48","5/30/2026 11:20:12 AM"
"Frontend\PlantProcess.Web\tools\phase56\fix-phase56-operation-progress-contract.cjs","04_Frontend_App","Frontend App: PlantProcess.Web Core Source","Frontend Config / Misc",".cjs","44","2094","2.04","5/30/2026 11:19:02 AM"
"Frontend\PlantProcess.Web\tools\phase56\validate-phase5-phase6-acceptance.cjs","04_Frontend_App","Frontend App: PlantProcess.Web Core Source","Frontend Config / Misc",".cjs","157","8887","8.68","5/31/2026 2:07:14 PM"
"Frontend\PlantProcess.Web\tools\phase78\fix-phase78-connector-truth-api-name.cjs","04_Frontend_App","Frontend App: PlantProcess.Web Core Source","Frontend Config / Misc",".cjs","64","2236","2.18","5/30/2026 11:48:33 AM"
"Frontend\PlantProcess.Web\tools\phase78\fix-phase78-t053-license-tier-override-acceptance.cjs","04_Frontend_App","Frontend App: PlantProcess.Web Core Source","Frontend Config / Misc",".cjs","112","4139","4.04","5/30/2026 11:50:21 AM"
"Frontend\PlantProcess.Web\tools\phase9\fix-standardbutton-dedupe-and-props.cjs","04_Frontend_App","Frontend App: PlantProcess.Web Core Source","Frontend Config / Misc",".cjs","232","5983","5.84","6/3/2026 11:27:01 AM"
"Frontend\PlantProcess.Web\tools\phase9\fix-standardbutton-import-placement.cjs","04_Frontend_App","Frontend App: PlantProcess.Web Core Source","Frontend Config / Misc",".cjs","186","5036","4.92","6/3/2026 11:24:56 AM"
"Frontend\PlantProcess.Web\tools\phase9\repair-standardbutton-imports.cjs","04_Frontend_App","Frontend App: PlantProcess.Web Core Source","Frontend Config / Misc",".cjs","2","103","0.1","6/3/2026 11:27:03 AM"
"Frontend\PlantProcess.Web\tools\phase9\standardize-phase9-buttons.cjs","04_Frontend_App","Frontend App: PlantProcess.Web Core Source","Frontend Config / Misc",".cjs","97","2662","2.6","6/4/2026 1:19:42 AM"
"Frontend\PlantProcess.Web\tools\phase9\validate-phase9-ui-quality.mjs","04_Frontend_App","Frontend App: PlantProcess.Web Core Source","Frontend Config / Misc",".mjs","114","3511","3.43","6/3/2026 8:05:22 PM"
"Frontend\PlantProcess.Web\tools\ui\audit-ui-instances.mjs","04_Frontend_App","Frontend App: PlantProcess.Web Core Source","Frontend Config / Misc",".mjs","181","5750","5.62","5/30/2026 9:18:01 AM"
"Frontend\PlantProcess.Web\tools\ui\generate-ui-standards-inventory.mjs","04_Frontend_App","Frontend App: PlantProcess.Web Core Source","Frontend Config / Misc",".mjs","436","15097","14.74","5/30/2026 10:25:04 AM"
"Frontend\PlantProcess.Web\tools\ui\validate-phase2-full-ui-standards.mjs","04_Frontend_App","Frontend App: PlantProcess.Web Core Source","Frontend Config / Misc",".mjs","43","1619","1.58","5/31/2026 2:14:10 PM"
"Frontend\PlantProcess.Web\tools\ui\validate-ui-standards.mjs","04_Frontend_App","Frontend App: PlantProcess.Web Core Source","Frontend Config / Misc",".mjs","32","1119","1.09","5/31/2026 2:14:10 PM"
"Frontend\PlantProcess.Web\tsconfig.app.json","04_Frontend_App","Frontend App: PlantProcess.Web Core Source","Frontend Config / Misc",".json","50","1004","0.98","5/30/2026 10:16:06 AM"
"Frontend\PlantProcess.Web\tsconfig.json","04_Frontend_App","Frontend App: PlantProcess.Web Core Source","Frontend Config / Misc",".json","7","124","0.12","5/30/2026 8:37:22 AM"
"Frontend\PlantProcess.Web\tsconfig.node.json","04_Frontend_App","Frontend App: PlantProcess.Web Core Source","Frontend Config / Misc",".json","22","551","0.54","5/30/2026 8:37:22 AM"
"Frontend\PlantProcess.Web\vite.config.ts","04_Frontend_App","Frontend App: PlantProcess.Web Core Source","Frontend Config / Misc",".ts","25","456","0.45","5/30/2026 11:37:47 PM"
"Frontend\PlantProcess.Web\vitest.config.ts","04_Frontend_App","Frontend App: PlantProcess.Web Core Source","Frontend Config / Misc",".ts","59","1438","1.4","6/1/2026 3:05:39 PM"
"Frontend\PlantProcess.Web\e2e\a11y\phase56-accessibility.spec.ts","05_Frontend_Misc","Frontend Misc: E2E, Scripts, Test Results, Reports","Frontend E2E Test",".ts","159","5310","5.19","5/31/2026 3:14:52 PM"
"Frontend\PlantProcess.Web\e2e\admin-db-focused.spec.ts","05_Frontend_Misc","Frontend Misc: E2E, Scripts, Test Results, Reports","Frontend E2E Test",".ts","109","3404","3.32","5/31/2026 3:20:01 PM"
"Frontend\PlantProcess.Web\e2e\admin-schema-focused.spec.ts","05_Frontend_Misc","Frontend Misc: E2E, Scripts, Test Results, Reports","Frontend E2E Test",".ts","126","3782","3.69","5/24/2026 1:34:46 PM"
"Frontend\PlantProcess.Web\e2e\api\phase02-data-lifecycle-contract.spec.ts","05_Frontend_Misc","Frontend Misc: E2E, Scripts, Test Results, Reports","Frontend E2E Test",".ts","8","320","0.31","5/31/2026 11:42:05 AM"
"Frontend\PlantProcess.Web\e2e\api\phase03-two-stage-import.spec.ts","05_Frontend_Misc","Frontend Misc: E2E, Scripts, Test Results, Reports","Frontend E2E Test",".ts","57","2052","2","5/31/2026 3:22:37 PM"
"Frontend\PlantProcess.Web\e2e\api-smoke.spec.ts","05_Frontend_Misc","Frontend Misc: E2E, Scripts, Test Results, Reports","Frontend E2E Test",".ts","99","3211","3.14","5/20/2026 12:14:47 PM"
"Frontend\PlantProcess.Web\e2e\critical-shell-regression.spec.ts","05_Frontend_Misc","Frontend Misc: E2E, Scripts, Test Results, Reports","Frontend E2E Test",".ts","22","844","0.82","5/19/2026 12:19:15 AM"
"Frontend\PlantProcess.Web\e2e\dashboard-refresh-filter.spec.ts","05_Frontend_Misc","Frontend Misc: E2E, Scripts, Test Results, Reports","Frontend E2E Test",".ts","196","5666","5.53","5/25/2026 3:20:53 PM"
"Frontend\PlantProcess.Web\e2e\dimension2-dimension6-readiness.spec.ts","05_Frontend_Misc","Frontend Misc: E2E, Scripts, Test Results, Reports","Frontend E2E Test",".ts","67","2827","2.76","6/3/2026 1:47:46 PM"
"Frontend\PlantProcess.Web\e2e\dimension7-brand-identity.spec.ts","05_Frontend_Misc","Frontend Misc: E2E, Scripts, Test Results, Reports","Frontend E2E Test",".ts","24","1108","1.08","5/21/2026 7:54:24 PM"
"Frontend\PlantProcess.Web\e2e\full-stack-smoke.spec.ts","05_Frontend_Misc","Frontend Misc: E2E, Scripts, Test Results, Reports","Frontend E2E Test",".ts","27","880","0.86","5/25/2026 4:17:25 PM"
"Frontend\PlantProcess.Web\e2e\golden-path.spec.ts","05_Frontend_Misc","Frontend Misc: E2E, Scripts, Test Results, Reports","Frontend E2E Test",".ts","222","5959","5.82","6/3/2026 1:47:46 PM"
"Frontend\PlantProcess.Web\e2e\hardening-matrix.spec.ts","05_Frontend_Misc","Frontend Misc: E2E, Scripts, Test Results, Reports","Frontend E2E Test",".ts","154","4417","4.31","5/24/2026 1:33:58 PM"
"Frontend\PlantProcess.Web\e2e\helpers\auth.ts","05_Frontend_Misc","Frontend Misc: E2E, Scripts, Test Results, Reports","Frontend E2E Test",".ts","181","4521","4.42","5/30/2026 8:56:45 AM"
"Frontend\PlantProcess.Web\e2e\helpers\e2eFailureFilters.ts","05_Frontend_Misc","Frontend Misc: E2E, Scripts, Test Results, Reports","Frontend E2E Test",".ts","72","2227","2.17","5/25/2026 2:40:12 PM"
"Frontend\PlantProcess.Web\e2e\helpers\hardening.ts","05_Frontend_Misc","Frontend Misc: E2E, Scripts, Test Results, Reports","Frontend E2E Test",".ts","176","4773","4.66","6/3/2026 1:47:46 PM"
"Frontend\PlantProcess.Web\e2e\helpers\networkGuard.ts","05_Frontend_Misc","Frontend Misc: E2E, Scripts, Test Results, Reports","Frontend E2E Test",".ts","39","1034","1.01","5/19/2026 10:14:19 AM"
"Frontend\PlantProcess.Web\e2e\helpers\phase1Hardening.ts","05_Frontend_Misc","Frontend Misc: E2E, Scripts, Test Results, Reports","Frontend E2E Test",".ts","174","5015","4.9","6/3/2026 1:47:46 PM"
"Frontend\PlantProcess.Web\e2e\helpers\phase2Guard.ts","05_Frontend_Misc","Frontend Misc: E2E, Scripts, Test Results, Reports","Frontend E2E Test",".ts","217","5748","5.61","5/25/2026 4:32:28 PM"
"Frontend\PlantProcess.Web\e2e\helpers\phase9ActionMatrix.ts","05_Frontend_Misc","Frontend Misc: E2E, Scripts, Test Results, Reports","Frontend E2E Test",".ts","167","6518","6.37","6/3/2026 8:05:23 PM"
"Frontend\PlantProcess.Web\e2e\journeys\p00-e2e-consolidation.contract.spec.ts","05_Frontend_Misc","Frontend Misc: E2E, Scripts, Test Results, Reports","Frontend E2E Test",".ts","68","2283","2.23","5/31/2026 2:48:04 PM"
"Frontend\PlantProcess.Web\e2e\license-and-demo-lifecycle.spec.ts","05_Frontend_Misc","Frontend Misc: E2E, Scripts, Test Results, Reports","Frontend E2E Test",".ts","90","3548","3.46","5/21/2026 2:53:50 PM"
"Frontend\PlantProcess.Web\e2e\license-gate-ux.spec.ts","05_Frontend_Misc","Frontend Misc: E2E, Scripts, Test Results, Reports","Frontend E2E Test",".ts","27","1069","1.04","5/24/2026 3:01:51 PM"
"Frontend\PlantProcess.Web\e2e\nav-graph-refresh-survival.spec.ts","05_Frontend_Misc","Frontend Misc: E2E, Scripts, Test Results, Reports","Frontend E2E Test",".ts","63","1951","1.91","5/24/2026 2:48:32 PM"
"Frontend\PlantProcess.Web\e2e\p0-auth-pages-contract.spec.ts","05_Frontend_Misc","Frontend Misc: E2E, Scripts, Test Results, Reports","Frontend E2E Test",".ts","43","1333","1.3","6/3/2026 1:29:02 PM"
"Frontend\PlantProcess.Web\e2e\p1-risk-dataquality-contract.spec.ts","05_Frontend_Misc","Frontend Misc: E2E, Scripts, Test Results, Reports","Frontend E2E Test",".ts","71","1914","1.87","5/20/2026 1:04:40 PM"
"Frontend\PlantProcess.Web\e2e\p1-safety-net.spec.ts","05_Frontend_Misc","Frontend Misc: E2E, Scripts, Test Results, Reports","Frontend E2E Test",".ts","27","1397","1.36","6/3/2026 12:28:37 AM"
"Frontend\PlantProcess.Web\e2e\p4-advanced-analysis.spec.ts","05_Frontend_Misc","Frontend Misc: E2E, Scripts, Test Results, Reports","Frontend E2E Test",".ts","19","1081","1.06","6/3/2026 8:15:52 AM"
"Frontend\PlantProcess.Web\e2e\p6-genealogy-widget-workflow.spec.ts","05_Frontend_Misc","Frontend Misc: E2E, Scripts, Test Results, Reports","Frontend E2E Test",".ts","42","1925","1.88","6/3/2026 11:47:19 AM"
"Frontend\PlantProcess.Web\e2e\page-builder-v7.spec.ts","05_Frontend_Misc","Frontend Misc: E2E, Scripts, Test Results, Reports","Frontend E2E Test",".ts","42","1455","1.42","6/3/2026 1:29:02 PM"
"Frontend\PlantProcess.Web\e2e\phase1-button-action-matrix.spec.ts","05_Frontend_Misc","Frontend Misc: E2E, Scripts, Test Results, Reports","Frontend E2E Test",".ts","67","2016","1.97","5/25/2026 11:57:40 AM"
"Frontend\PlantProcess.Web\e2e\phase1-golden-demo.spec.ts","05_Frontend_Misc","Frontend Misc: E2E, Scripts, Test Results, Reports","Frontend E2E Test",".ts","84","2432","2.38","5/25/2026 2:08:42 PM"
"Frontend\PlantProcess.Web\e2e\phase1-security-hardening.spec.ts","05_Frontend_Misc","Frontend Misc: E2E, Scripts, Test Results, Reports","Frontend E2E Test",".ts","82","2499","2.44","5/30/2026 8:31:27 AM"
"Frontend\PlantProcess.Web\e2e\phase1-toast-mapping.spec.ts","05_Frontend_Misc","Frontend Misc: E2E, Scripts, Test Results, Reports","Frontend E2E Test",".ts","46","1308","1.28","5/25/2026 2:42:21 PM"
"Frontend\PlantProcess.Web\e2e\phase23-pagebuilder-persistence.spec.ts","05_Frontend_Misc","Frontend Misc: E2E, Scripts, Test Results, Reports","Frontend E2E Test",".ts","159","5454","5.33","6/3/2026 1:29:02 PM"
"Frontend\PlantProcess.Web\e2e\phase2-backend-outage.spec.ts","05_Frontend_Misc","Frontend Misc: E2E, Scripts, Test Results, Reports","Frontend E2E Test",".ts","73","1899","1.85","5/25/2026 1:08:33 PM"
"Frontend\PlantProcess.Web\e2e\phase2-chart-interaction.spec.ts","05_Frontend_Misc","Frontend Misc: E2E, Scripts, Test Results, Reports","Frontend E2E Test",".ts","82","2280","2.23","5/25/2026 1:09:09 PM"
"Frontend\PlantProcess.Web\e2e\phase2-lifecycle-proof.spec.ts","05_Frontend_Misc","Frontend Misc: E2E, Scripts, Test Results, Reports","Frontend E2E Test",".ts","156","4978","4.86","5/31/2026 4:42:17 PM"
"Frontend\PlantProcess.Web\e2e\phase2-responsive-multibrowser.spec.ts","05_Frontend_Misc","Frontend Misc: E2E, Scripts, Test Results, Reports","Frontend E2E Test",".ts","65","1820","1.78","5/25/2026 2:42:00 PM"
"Frontend\PlantProcess.Web\e2e\phase3-dynamic-page-rendering.spec.ts","05_Frontend_Misc","Frontend Misc: E2E, Scripts, Test Results, Reports","Frontend E2E Test",".ts","65","2563","2.5","6/3/2026 1:29:02 PM"
"Frontend\PlantProcess.Web\e2e\phase4-ml-foundation-proof.spec.ts","05_Frontend_Misc","Frontend Misc: E2E, Scripts, Test Results, Reports","Frontend E2E Test",".ts","77","2763","2.7","5/31/2026 4:48:53 PM"
"Frontend\PlantProcess.Web\e2e\phase56-primary-flows.spec.ts","05_Frontend_Misc","Frontend Misc: E2E, Scripts, Test Results, Reports","Frontend E2E Test",".ts","26","1255","1.23","5/30/2026 11:14:59 AM"
"Frontend\PlantProcess.Web\e2e\phase5-scheduled-learning-proof.spec.ts","05_Frontend_Misc","Frontend Misc: E2E, Scripts, Test Results, Reports","Frontend E2E Test",".ts","88","3262","3.19","5/31/2026 4:48:53 PM"
"Frontend\PlantProcess.Web\e2e\phase78-workflow-widget.spec.ts","05_Frontend_Misc","Frontend Misc: E2E, Scripts, Test Results, Reports","Frontend E2E Test",".ts","25","944","0.92","5/30/2026 11:44:13 AM"
"Frontend\PlantProcess.Web\e2e\phase9-action-matrix.spec.ts","05_Frontend_Misc","Frontend Misc: E2E, Scripts, Test Results, Reports","Frontend E2E Test",".ts","30","934","0.91","6/3/2026 8:05:23 PM"
"Frontend\PlantProcess.Web\e2e\phase9-responsive-states.spec.ts","05_Frontend_Misc","Frontend Misc: E2E, Scripts, Test Results, Reports","Frontend E2E Test",".ts","54","1994","1.95","6/3/2026 8:05:24 PM"
"Frontend\PlantProcess.Web\e2e\route-smoke.spec.ts","05_Frontend_Misc","Frontend Misc: E2E, Scripts, Test Results, Reports","Frontend E2E Test",".ts","28","1120","1.09","5/20/2026 11:29:32 PM"
"Frontend\PlantProcess.Web\e2e\security\auth-matrix-admin.spec.ts","05_Frontend_Misc","Frontend Misc: E2E, Scripts, Test Results, Reports","Frontend E2E Test",".ts","146","7822","7.64","5/31/2026 8:49:27 AM"
"Frontend\PlantProcess.Web\e2e\tsconfig.json","05_Frontend_Misc","Frontend Misc: E2E, Scripts, Test Results, Reports","Frontend E2E Test",".json","18","411","0.4","5/20/2026 12:30:01 PM"
"Frontend\PlantProcess.Web\e2e\visual\phase56-analytics-system.visual.spec.ts","05_Frontend_Misc","Frontend Misc: E2E, Scripts, Test Results, Reports","Frontend E2E Test",".ts","44","1505","1.47","5/31/2026 2:55:33 PM"
"Frontend\PlantProcess.Web\e2e\visual\phase56-baseline-manifest.json","05_Frontend_Misc","Frontend Misc: E2E, Scripts, Test Results, Reports","Frontend E2E Test",".json","31","591","0.58","5/30/2026 11:14:59 AM"
"Frontend\PlantProcess.Web\e2e\visual\phase9-core.visual.spec.ts","05_Frontend_Misc","Frontend Misc: E2E, Scripts, Test Results, Reports","Frontend E2E Test",".ts","36","1016","0.99","6/3/2026 8:05:24 PM"
"Frontend\PlantProcess.Web\e2e\widget-builder-focused.spec.ts","05_Frontend_Misc","Frontend Misc: E2E, Scripts, Test Results, Reports","Frontend E2E Test",".ts","114","3242","3.17","5/25/2026 2:33:54 PM"
"Frontend\PlantProcess.Web\scripts\audit-language.mjs","05_Frontend_Misc","Frontend Misc: E2E, Scripts, Test Results, Reports","Frontend Script",".mjs","154","3671","3.58","5/21/2026 12:44:05 PM"
"Frontend\PlantProcess.Web\scripts\check-bundle-size.mjs","05_Frontend_Misc","Frontend Misc: E2E, Scripts, Test Results, Reports","Frontend Script",".mjs","74","2296","2.24","5/24/2026 3:07:58 PM"
"Frontend\PlantProcess.Web\scripts\codemods\standardize-imports.cjs","05_Frontend_Misc","Frontend Misc: E2E, Scripts, Test Results, Reports","Frontend Script",".cjs","48","1676","1.64","5/30/2026 10:53:07 AM"
"Frontend\PlantProcess.Web\scripts\probes\material-search\01-search-materials.ps1","05_Frontend_Misc","Frontend Misc: E2E, Scripts, Test Results, Reports","Frontend Script",".ps1","10","316","0.31","5/30/2026 10:53:07 AM"
"Frontend\PlantProcess.Web\scripts\probes\material-search\02-load-investigation.ps1","05_Frontend_Misc","Frontend Misc: E2E, Scripts, Test Results, Reports","Frontend Script",".ps1","10","386","0.38","5/30/2026 10:53:07 AM"
"Frontend\PlantProcess.Web\scripts\probes\material-search\03-calculate-risk.ps1","05_Frontend_Misc","Frontend Misc: E2E, Scripts, Test Results, Reports","Frontend Script",".ps1","12","446","0.44","5/30/2026 10:53:07 AM"
"Frontend\PlantProcess.Web\scripts\probes\material-search\04-pdf-report.ps1","05_Frontend_Misc","Frontend Misc: E2E, Scripts, Test Results, Reports","Frontend Script",".ps1","12","450","0.44","5/30/2026 10:53:07 AM"
"Frontend\PlantProcess.Web\scripts\probes\material-search\README.md","05_Frontend_Misc","Frontend Misc: E2E, Scripts, Test Results, Reports","Frontend Script",".md","20","769","0.75","5/30/2026 10:53:07 AM"
"Frontend\PlantProcess.Web\scripts\validate-api-client-policy.mjs","05_Frontend_Misc","Frontend Misc: E2E, Scripts, Test Results, Reports","Frontend Script",".mjs","82","2216","2.16","5/31/2026 2:07:14 PM"
"Frontend\PlantProcess.Web\scripts\validate-forbidden-copy.mjs","05_Frontend_Misc","Frontend Misc: E2E, Scripts, Test Results, Reports","Frontend Script",".mjs","79","1856","1.81","5/31/2026 2:07:14 PM"
"Frontend\PlantProcess.Web\scripts\validate-no-console-in-src.mjs","05_Frontend_Misc","Frontend Misc: E2E, Scripts, Test Results, Reports","Frontend Script",".mjs","82","2090","2.04","5/31/2026 2:07:14 PM"
"Frontend\PlantProcess.Web\scripts\validate-standard-imports.mjs","05_Frontend_Misc","Frontend Misc: E2E, Scripts, Test Results, Reports","Frontend Script",".mjs","51","1875","1.83","5/31/2026 2:07:14 PM"
"Frontend\PlantProcess.Web\scripts\validate-ui-system-rollout.mjs","05_Frontend_Misc","Frontend Misc: E2E, Scripts, Test Results, Reports","Frontend Script",".mjs","42","1173","1.15","5/31/2026 2:14:10 PM"
"Infrastructure\demo-sources\caster-oracle\init\001_schema_seed.sql","06_Infrastructure","Infrastructure: Deployment, Docker, Caddy, CI/CD Runtime","Deployment / Infrastructure",".sql","33","1329","1.3","5/31/2026 11:42:05 AM"
"Infrastructure\demo-sources\downtime-mysql\init\001_schema_seed.sql","06_Infrastructure","Infrastructure: Deployment, Docker, Caddy, CI/CD Runtime","Deployment / Infrastructure",".sql","13","547","0.53","5/31/2026 11:42:05 AM"
"Infrastructure\demo-sources\excel-qa\qa_samples.csv","06_Infrastructure","Infrastructure: Deployment, Docker, Caddy, CI/CD Runtime","Deployment / Infrastructure",".csv","2","176","0.17","5/31/2026 11:42:05 AM"
"Infrastructure\demo-sources\excel-yard\yard_inventory.csv","06_Infrastructure","Infrastructure: Deployment, Docker, Caddy, CI/CD Runtime","Deployment / Infrastructure",".csv","2","176","0.17","5/31/2026 11:42:05 AM"
"Infrastructure\demo-sources\hsm-oracle\init\001_schema_seed.sql","06_Infrastructure","Infrastructure: Deployment, Docker, Caddy, CI/CD Runtime","Deployment / Infrastructure",".sql","33","1388","1.36","5/31/2026 11:42:05 AM"
"Infrastructure\demo-sources\meltshop-postgres\init\001_schema_seed.sql","06_Infrastructure","Infrastructure: Deployment, Docker, Caddy, CI/CD Runtime","Deployment / Infrastructure",".sql","41","1444","1.41","5/31/2026 11:42:05 AM"
"Infrastructure\demo-sources\parsytec-mysql\init\001_schema_seed.sql","06_Infrastructure","Infrastructure: Deployment, Docker, Caddy, CI/CD Runtime","Deployment / Infrastructure",".sql","13","497","0.49","5/31/2026 11:42:05 AM"
"Infrastructure\demo-sources\pkl-mssql\init\001_schema_seed.sql","06_Infrastructure","Infrastructure: Deployment, Docker, Caddy, CI/CD Runtime","Deployment / Infrastructure",".sql","17","614","0.6","5/31/2026 11:42:05 AM"
".gitignore","07_Tools_Validation_Misc","Tools, Validation Scripts, Root Config, Misc","Other Text File",".gitignore","61","871","0.85","6/4/2026 11:49:55 AM"
"Backend\.dockerignore","07_Tools_Validation_Misc","Tools, Validation Scripts, Root Config, Misc","Other Text File",".dockerignore","22","369","0.36","5/19/2026 3:40:34 PM"
"Backend\.env.example","07_Tools_Validation_Misc","Tools, Validation Scripts, Root Config, Misc","Environment Config",".example","35","1136","1.11","5/30/2026 8:54:45 AM"
"Backend\.gitignore","07_Tools_Validation_Misc","Tools, Validation Scripts, Root Config, Misc","Other Text File",".gitignore","9","141","0.14","5/7/2026 12:59:18 PM"
"Backend\coverlet.runsettings","07_Tools_Validation_Misc","Tools, Validation Scripts, Root Config, Misc","Other Text File",".runsettings","22","662","0.65","5/20/2026 11:32:46 AM"
"Backend\docker-compose.yml","07_Tools_Validation_Misc","Tools, Validation Scripts, Root Config, Misc","Docker Compose",".yml","51","1838","1.79","6/2/2026 3:55:12 PM"
"Backend\PlantProcess.Analytics.Core\Common\DeterministicRandom.cs","07_Tools_Validation_Misc","Tools, Validation Scripts, Root Config, Misc","Other Text File",".cs","34","1173","1.15","6/2/2026 12:35:37 AM"
"Backend\PlantProcess.Analytics.Core\Contracts\AdvancedAnalysisResult.cs","07_Tools_Validation_Misc","Tools, Validation Scripts, Root Config, Misc","Other Text File",".cs","28","1062","1.04","6/2/2026 12:35:40 AM"
"Backend\PlantProcess.Analytics.Core\Discipline\StatisticalDiscipline.cs","07_Tools_Validation_Misc","Tools, Validation Scripts, Root Config, Misc","Other Text File",".cs","91","4151","4.05","6/2/2026 12:35:40 AM"
"Backend\PlantProcess.Analytics.Core\Kpi\ExpressionEvaluator.cs","07_Tools_Validation_Misc","Tools, Validation Scripts, Root Config, Misc","Other Text File",".cs","131","4415","4.31","6/2/2026 12:35:39 AM"
"Backend\PlantProcess.Analytics.Core\Kpi\KpiEngine.cs","07_Tools_Validation_Misc","Tools, Validation Scripts, Root Config, Misc","Other Text File",".cs","136","5588","5.46","6/4/2026 8:47:06 AM"
"Backend\PlantProcess.Analytics.Core\Methods\CategoricalAssociation.cs","07_Tools_Validation_Misc","Tools, Validation Scripts, Root Config, Misc","Other Text File",".cs","31","1354","1.32","6/2/2026 12:35:38 AM"
"Backend\PlantProcess.Analytics.Core\Methods\Lasso.cs","07_Tools_Validation_Misc","Tools, Validation Scripts, Root Config, Misc","Other Text File",".cs","55","2228","2.18","6/2/2026 12:35:38 AM"
"Backend\PlantProcess.Analytics.Core\Methods\MethodSelector.cs","07_Tools_Validation_Misc","Tools, Validation Scripts, Root Config, Misc","Other Text File",".cs","37","1988","1.94","6/2/2026 12:35:38 AM"
"Backend\PlantProcess.Analytics.Core\Methods\MutualInformation.cs","07_Tools_Validation_Misc","Tools, Validation Scripts, Root Config, Misc","Other Text File",".cs","67","2665","2.6","6/2/2026 12:35:37 AM"
"Backend\PlantProcess.Analytics.Core\Methods\VarianceInflation.cs","07_Tools_Validation_Misc","Tools, Validation Scripts, Root Config, Misc","Other Text File",".cs","38","1453","1.42","6/2/2026 12:35:38 AM"
"Backend\PlantProcess.Analytics.Core\Numerics\LinearAlgebra.cs","07_Tools_Validation_Misc","Tools, Validation Scripts, Root Config, Misc","Other Text File",".cs","64","2645","2.58","6/2/2026 12:35:37 AM"
"Backend\PlantProcess.Analytics.Core\Numerics\Stats.cs","07_Tools_Validation_Misc","Tools, Validation Scripts, Root Config, Misc","Other Text File",".cs","105","4291","4.19","6/2/2026 12:35:37 AM"
"Backend\PlantProcess.Analytics.Core\PlantProcess.Analytics.Core.csproj","07_Tools_Validation_Misc","Tools, Validation Scripts, Root Config, Misc",".NET Project File",".csproj","9","306","0.3","6/2/2026 12:35:34 AM"
"Backend\PlantProcess.Analytics.Core\Primitives\AnalysisModels.cs","07_Tools_Validation_Misc","Tools, Validation Scripts, Root Config, Misc","Other Text File",".cs","39","1157","1.13","6/2/2026 12:35:38 AM"
"Backend\PlantProcess.Analytics.Core\Primitives\SimpleAnalysis.cs","07_Tools_Validation_Misc","Tools, Validation Scripts, Root Config, Misc","Other Text File",".cs","140","7766","7.58","6/2/2026 12:35:39 AM"
"Backend\PlantProcess.Analytics.Core\Readiness\ReadinessGate.cs","07_Tools_Validation_Misc","Tools, Validation Scripts, Root Config, Misc","Other Text File",".cs","61","3206","3.13","6/2/2026 12:35:39 AM"
"Backend\PlantProcess.Analytics.Engine\AnalyticsEngineServiceCollectionExtensions.cs","07_Tools_Validation_Misc","Tools, Validation Scripts, Root Config, Misc","Other Text File",".cs","20","838","0.82","6/2/2026 12:49:31 AM"
"Backend\PlantProcess.Analytics.Engine\ManagedStatisticalComputeEngine.cs","07_Tools_Validation_Misc","Tools, Validation Scripts, Root Config, Misc","Other Text File",".cs","122","5596","5.46","6/2/2026 12:49:31 AM"
"Backend\PlantProcess.Analytics.Engine\PlantProcess.Analytics.Engine.csproj","07_Tools_Validation_Misc","Tools, Validation Scripts, Root Config, Misc",".NET Project File",".csproj","16","658","0.64","6/2/2026 1:28:35 AM"
"Backend\PlantProcess.Analytics.Engine\Ports.cs","07_Tools_Validation_Misc","Tools, Validation Scripts, Root Config, Misc","Other Text File",".cs","46","1749","1.71","6/2/2026 12:49:31 AM"
"Backend\tools\generate_synthetic_insert_writers.py","07_Tools_Validation_Misc","Tools, Validation Scripts, Root Config, Misc","Other Text File",".py","233","8022","7.83","5/24/2026 2:57:55 PM"
"Backend\tools\generate_synthetic_plantprocessiq.py","07_Tools_Validation_Misc","Tools, Validation Scripts, Root Config, Misc","Other Text File",".py","146","7076","6.91","5/11/2026 2:21:23 PM"
"Backend\tools\GenerateDeepAudit.ps1","07_Tools_Validation_Misc","Tools, Validation Scripts, Root Config, Misc","PowerShell Script",".ps1","236","10339","10.1","5/12/2026 7:15:54 PM"
"Backend\tools\GenerateProjectDocumentation.ps1","07_Tools_Validation_Misc","Tools, Validation Scripts, Root Config, Misc","PowerShell Script",".ps1","236","6663","6.51","5/10/2026 9:41:01 AM"
"Backend\tools\GenerateProjectDocumentation_Advanced - BackendOnly.ps1","07_Tools_Validation_Misc","Tools, Validation Scripts, Root Config, Misc","PowerShell Script",".ps1","675","21907","21.39","5/10/2026 7:31:11 PM"
"Backend\tools\GenerateProjectDocumentation_Advanced.ps1","07_Tools_Validation_Misc","Tools, Validation Scripts, Root Config, Misc","PowerShell Script",".ps1","964","32936","32.16","5/11/2026 4:14:57 PM"
"Backend\tools\phase0\Invoke-Phase0Phase1SmokeTests.ps1","07_Tools_Validation_Misc","Tools, Validation Scripts, Root Config, Misc","PowerShell Script",".ps1","397","13961","13.63","5/16/2026 9:43:39 AM"
"Backend\tools\phase0\README.md","07_Tools_Validation_Misc","Tools, Validation Scripts, Root Config, Misc","Markdown Documentation",".md","268","8597","8.4","5/30/2026 8:54:45 AM"
"Backend\tools\phase0\Test-ApiBaseline.ps1","07_Tools_Validation_Misc","Tools, Validation Scripts, Root Config, Misc","PowerShell Script",".ps1","142","3826","3.74","5/10/2026 7:31:11 PM"
"Backend\tools\phase0\Validate-Phase0.ps1","07_Tools_Validation_Misc","Tools, Validation Scripts, Root Config, Misc","PowerShell Script",".ps1","86","2784","2.72","5/19/2026 12:19:15 AM"
"Backend\tools\validate-sprint6-tasks-4-8.ps1","07_Tools_Validation_Misc","Tools, Validation Scripts, Root Config, Misc","PowerShell Script",".ps1","198","6924","6.76","5/31/2026 2:07:14 PM"
"Backend\tools\validation\Validate-Dimension5-Dimension8.ps1","07_Tools_Validation_Misc","Tools, Validation Scripts, Root Config, Misc","PowerShell Script",".ps1","179","6582","6.43","5/21/2026 3:49:55 PM"
"deploy\_legacy_consolidated_20260604_115150\deploy\.env","07_Tools_Validation_Misc","Tools, Validation Scripts, Root Config, Misc","Environment Config",".env","121","4994","4.88","5/30/2026 8:56:45 AM"
"deploy\_legacy_consolidated_20260604_115150\deploy\Caddyfile","07_Tools_Validation_Misc","Tools, Validation Scripts, Root Config, Misc","Caddyfile","","9","199","0.19","6/2/2026 4:39:46 PM"
"deploy\_legacy_consolidated_20260604_115150\deploy\jenkins\Dockerfile","07_Tools_Validation_Misc","Tools, Validation Scripts, Root Config, Misc","Dockerfile","","21","803","0.78","5/19/2026 3:49:34 PM"
"deploy\_legacy_consolidated_20260604_115150\deploy\storybook.caddy.snippet","07_Tools_Validation_Misc","Tools, Validation Scripts, Root Config, Misc","Other Text File",".snippet","30","908","0.89","5/30/2026 10:16:06 AM"
"deploy\_legacy_consolidated_20260604_115150\deploy\verify-server-exposure.sh","07_Tools_Validation_Misc","Tools, Validation Scripts, Root Config, Misc","Shell Script",".sh","38","1023","1","5/31/2026 11:30:39 AM"
"deploy\_legacy_consolidated_20260604_115150\deployment\caddy\Caddyfile","07_Tools_Validation_Misc","Tools, Validation Scripts, Root Config, Misc","Caddyfile","","72","2168","2.12","6/2/2026 3:34:09 PM"
"deploy\_legacy_consolidated_20260604_115150\deployment\caddy\README.md","07_Tools_Validation_Misc","Tools, Validation Scripts, Root Config, Misc","Markdown Documentation",".md","21","481","0.47","5/25/2026 1:52:36 PM"
"deploy\_legacy_consolidated_20260604_115150\deployment-caddy-Caddyfile","07_Tools_Validation_Misc","Tools, Validation Scripts, Root Config, Misc","Other Text File","","72","2168","2.12","6/2/2026 3:34:09 PM"
"deploy\airgap\docker-compose.airgap.yml","07_Tools_Validation_Misc","Tools, Validation Scripts, Root Config, Misc","Docker Compose",".yml","61","1491","1.46","6/3/2026 3:22:43 PM"
"deploy\airgap\egress-deny-test.ps1","07_Tools_Validation_Misc","Tools, Validation Scripts, Root Config, Misc","PowerShell Script",".ps1","11","422","0.41","6/3/2026 3:22:44 PM"
"deploy\airgap\IMAGE_MANIFEST.lock","07_Tools_Validation_Misc","Tools, Validation Scripts, Root Config, Misc","Other Text File",".lock","7","270","0.26","6/3/2026 3:22:44 PM"
"deploy\airgap\install-airgap.ps1","07_Tools_Validation_Misc","Tools, Validation Scripts, Root Config, Misc","PowerShell Script",".ps1","26","671","0.66","6/3/2026 3:22:44 PM"
"deploy\airgap\preflight-airgap.ps1","07_Tools_Validation_Misc","Tools, Validation Scripts, Root Config, Misc","PowerShell Script",".ps1","28","718","0.7","6/3/2026 3:22:44 PM"
"deploy\airgap\SIZING_TIERS.md","07_Tools_Validation_Misc","Tools, Validation Scripts, Root Config, Misc","Markdown Documentation",".md","22","497","0.49","6/3/2026 3:22:44 PM"
"deploy\caddy\Caddyfile","07_Tools_Validation_Misc","Tools, Validation Scripts, Root Config, Misc","Caddyfile","","9","199","0.19","6/2/2026 4:39:46 PM"
"deploy\ci\Jenkinsfile","07_Tools_Validation_Misc","Tools, Validation Scripts, Root Config, Misc","Jenkins Pipeline","","275","10992","10.73","6/1/2026 12:10:39 AM"
"deploy\demo-sources\docker-compose.demo-sources.yml","07_Tools_Validation_Misc","Tools, Validation Scripts, Root Config, Misc","Docker Compose",".yml","151","4676","4.57","6/2/2026 3:55:12 PM"
"deploy\dr\backup.ps1","07_Tools_Validation_Misc","Tools, Validation Scripts, Root Config, Misc","PowerShell Script",".ps1","28","795","0.78","6/3/2026 3:22:45 PM"
"deploy\dr\ha-reference-compose.yml","07_Tools_Validation_Misc","Tools, Validation Scripts, Root Config, Misc","YAML Configuration",".yml","32","924","0.9","6/3/2026 3:22:45 PM"
"deploy\dr\restore.ps1","07_Tools_Validation_Misc","Tools, Validation Scripts, Root Config, Misc","PowerShell Script",".ps1","14","423","0.41","6/3/2026 3:22:45 PM"
"deploy\dr\RPO_RTO_RUNBOOK.md","07_Tools_Validation_Misc","Tools, Validation Scripts, Root Config, Misc","Markdown Documentation",".md","43","742","0.72","6/3/2026 3:25:42 PM"
"deploy\export\export-open-format.ps1","07_Tools_Validation_Misc","Tools, Validation Scripts, Root Config, Misc","PowerShell Script",".ps1","43","1179","1.15","6/3/2026 3:25:42 PM"
"deploy\export\open-format-manifest.schema.json","07_Tools_Validation_Misc","Tools, Validation Scripts, Root Config, Misc","JSON Configuration",".json","39","994","0.97","6/3/2026 3:25:42 PM"
"deploy\identity\keycloak-reference-compose.yml","07_Tools_Validation_Misc","Tools, Validation Scripts, Root Config, Misc","YAML Configuration",".yml","16","334","0.33","6/3/2026 4:04:09 PM"
"deploy\local\docker-compose.local-db.yml","07_Tools_Validation_Misc","Tools, Validation Scripts, Root Config, Misc","Docker Compose",".yml","21","682","0.67","6/4/2026 10:40:12 AM"
"deploy\README.md","07_Tools_Validation_Misc","Tools, Validation Scripts, Root Config, Misc","Markdown Documentation",".md","29","846","0.83","6/4/2026 11:51:55 AM"
"deploy\server\.env.example","07_Tools_Validation_Misc","Tools, Validation Scripts, Root Config, Misc","Environment Config",".example","82","3397","3.32","6/1/2026 2:56:04 PM"
"deploy\server\.env.production","07_Tools_Validation_Misc","Tools, Validation Scripts, Root Config, Misc","Environment Config",".production","93","4079","3.98","6/1/2026 2:56:05 PM"
"deploy\server\apply-server-db-scripts.sh","07_Tools_Validation_Misc","Tools, Validation Scripts, Root Config, Misc","Shell Script",".sh","33","1256","1.23","5/31/2026 11:07:49 AM"
"deploy\server\docker-compose.demo.yml","07_Tools_Validation_Misc","Tools, Validation Scripts, Root Config, Misc","Docker Compose",".yml","16","387","0.38","6/2/2026 4:39:47 PM"
"deploy\server\README.md","07_Tools_Validation_Misc","Tools, Validation Scripts, Root Config, Misc","Markdown Documentation",".md","79","2791","2.73","5/31/2026 10:08:38 AM"
"deploy\server\rotate-postgres-password.sh","07_Tools_Validation_Misc","Tools, Validation Scripts, Root Config, Misc","Shell Script",".sh","20","758","0.74","5/31/2026 11:30:39 AM"
"docs\acquisition\P05_OT_SAFE_ACQUISITION.md","07_Tools_Validation_Misc","Tools, Validation Scripts, Root Config, Misc","Markdown Documentation",".md","17","685","0.67","6/4/2026 9:29:01 AM"
"docs\ai\P04_PRIVATE_MODEL_GATEWAY_CISO_CONTROLS.md","07_Tools_Validation_Misc","Tools, Validation Scripts, Root Config, Misc","Markdown Documentation",".md","19","1038","1.01","6/3/2026 4:24:01 PM"
"docs\analytics\P02_CANONICAL_ANALYTICS_ENGINE.md","07_Tools_Validation_Misc","Tools, Validation Scripts, Root Config, Misc","Markdown Documentation",".md","16","954","0.93","6/4/2026 8:55:19 AM"
"docs\analytics\P03_VALUE_EVIDENCE_HMI.md","07_Tools_Validation_Misc","Tools, Validation Scripts, Root Config, Misc","Markdown Documentation",".md","16","674","0.66","6/4/2026 9:13:20 AM"
"docs\assistant\P04_PRODUCTION_ASSISTANT.md","07_Tools_Validation_Misc","Tools, Validation Scripts, Root Config, Misc","Markdown Documentation",".md","20","968","0.95","6/4/2026 9:23:04 AM"
"docs\closure\P13_CUSTOMER_ACCEPTANCE_REPORT_TEMPLATE.md","07_Tools_Validation_Misc","Tools, Validation Scripts, Root Config, Misc","Markdown Documentation",".md","31","544","0.53","6/3/2026 4:16:36 PM"
"docs\closure\PACK_B35_MOSTLY_GREEN_TASK_CLOSURE.md","07_Tools_Validation_Misc","Tools, Validation Scripts, Root Config, Misc","Markdown Documentation",".md","36","1402","1.37","6/3/2026 4:16:35 PM"
"docs\compliance\CONTROL_EVIDENCE_MATRIX.md","07_Tools_Validation_Misc","Tools, Validation Scripts, Root Config, Misc","Markdown Documentation",".md","9","481","0.47","6/3/2026 3:25:43 PM"
"docs\connectors\P07_CONNECTOR_RUNTIME_CERTIFICATION.md","07_Tools_Validation_Misc","Tools, Validation Scripts, Root Config, Misc","Markdown Documentation",".md","24","1298","1.27","6/3/2026 4:21:23 PM"
"docs\demo\canonical-layout.md","07_Tools_Validation_Misc","Tools, Validation Scripts, Root Config, Misc","Markdown Documentation",".md","28","1298","1.27","5/31/2026 11:42:05 AM"
"docs\demo\demo-source-systems.md","07_Tools_Validation_Misc","Tools, Validation Scripts, Root Config, Misc","Markdown Documentation",".md","23","810","0.79","5/31/2026 11:42:05 AM"
"docs\escrow\SOURCE_CODE_ESCROW_PROCESS.md","07_Tools_Validation_Misc","Tools, Validation Scripts, Root Config, Misc","Markdown Documentation",".md","24","611","0.6","6/3/2026 3:25:42 PM"
"docs\identity\P09_SSO_SCIM_RUNTIME_CERTIFICATION.md","07_Tools_Validation_Misc","Tools, Validation Scripts, Root Config, Misc","Markdown Documentation",".md","33","1268","1.24","6/4/2026 1:19:42 AM"
"docs\modules\PRODUCT_MODULE_BOUNDARIES.md","07_Tools_Validation_Misc","Tools, Validation Scripts, Root Config, Misc","Markdown Documentation",".md","34","880","0.86","6/3/2026 3:25:43 PM"
"docs\page-builder\widget-script-grammar.md","07_Tools_Validation_Misc","Tools, Validation Scripts, Root Config, Misc","Markdown Documentation",".md","22","585","0.57","5/31/2026 11:42:05 AM"
"docs\refactor\P14_C3_C4_FRONTEND_BOUNDARY_REFACTOR.md","07_Tools_Validation_Misc","Tools, Validation Scripts, Root Config, Misc","Markdown Documentation",".md","28","1125","1.1","6/4/2026 8:30:34 AM"
"docs\refactor\P14_FRONTEND_PHASE_ARTIFACT_CLEANUP.md","07_Tools_Validation_Misc","Tools, Validation Scripts, Root Config, Misc","Markdown Documentation",".md","25","920","0.9","6/3/2026 4:44:35 PM"
"docs\testing\P00A_77_Implementation_Backlog.md","07_Tools_Validation_Misc","Tools, Validation Scripts, Root Config, Misc","Markdown Documentation",".md","105","5477","5.35","5/31/2026 2:07:14 PM"
"docs\testing\P00D_E2E_Consolidation_Map.json","07_Tools_Validation_Misc","Tools, Validation Scripts, Root Config, Misc","JSON Configuration",".json","121","3785","3.7","5/31/2026 2:48:04 PM"
"docs\testing\P00D_Future_E2E_Deferrals.md","07_Tools_Validation_Misc","Tools, Validation Scripts, Root Config, Misc","Markdown Documentation",".md","13","604","0.59","5/31/2026 2:48:04 PM"
"docs\testing\PlantProcessIQ_Test_Register_v1.md","07_Tools_Validation_Misc","Tools, Validation Scripts, Root Config, Misc","Markdown Documentation",".md","80","5318","5.19","5/31/2026 2:07:14 PM"
"env\profiles\customer-template.env.example","07_Tools_Validation_Misc","Tools, Validation Scripts, Root Config, Misc","Other Text File",".example","50","1897","1.85","6/4/2026 10:49:15 AM"
"env\profiles\local.env","07_Tools_Validation_Misc","Tools, Validation Scripts, Root Config, Misc","Other Text File",".env","49","1631","1.59","6/4/2026 10:49:00 AM"
"env\profiles\local.env.example","07_Tools_Validation_Misc","Tools, Validation Scripts, Root Config, Misc","Other Text File",".example","43","1480","1.45","6/4/2026 10:37:55 AM"
"env\profiles\server.env.example","07_Tools_Validation_Misc","Tools, Validation Scripts, Root Config, Misc","Other Text File",".example","28","1158","1.13","6/4/2026 10:37:57 AM"
"env\profiles\server-docker.env.example","07_Tools_Validation_Misc","Tools, Validation Scripts, Root Config, Misc","Other Text File",".example","45","1605","1.57","6/4/2026 10:49:15 AM"
"env\profiles\test.env.example","07_Tools_Validation_Misc","Tools, Validation Scripts, Root Config, Misc","Other Text File",".example","28","1042","1.02","6/4/2026 10:37:55 AM"
"Jenkinsfile","07_Tools_Validation_Misc","Tools, Validation Scripts, Root Config, Misc","Jenkins Pipeline","","275","10992","10.73","6/1/2026 12:10:39 AM"
"README.md","07_Tools_Validation_Misc","Tools, Validation Scripts, Root Config, Misc","Markdown Documentation",".md","4","59","0.06","5/29/2026 5:06:36 PM"
"scripts\docker\get-docker-command.ps1","07_Tools_Validation_Misc","Tools, Validation Scripts, Root Config, Misc","PowerShell Script",".ps1","20","447","0.44","6/4/2026 10:49:26 AM"
"scripts\docker\start-demo-sources.ps1","07_Tools_Validation_Misc","Tools, Validation Scripts, Root Config, Misc","PowerShell Script",".ps1","51","1528","1.49","6/4/2026 10:49:43 AM"
"scripts\docker\start-local-db.ps1","07_Tools_Validation_Misc","Tools, Validation Scripts, Root Config, Misc","PowerShell Script",".ps1","7","233","0.23","6/4/2026 10:49:33 AM"
"scripts\docker\start-main-db.ps1","07_Tools_Validation_Misc","Tools, Validation Scripts, Root Config, Misc","PowerShell Script",".ps1","40","1475","1.44","6/4/2026 10:49:32 AM"
"scripts\docker\stop-demo-sources.ps1","07_Tools_Validation_Misc","Tools, Validation Scripts, Root Config, Misc","PowerShell Script",".ps1","34","1108","1.08","6/4/2026 10:49:43 AM"
"scripts\docker\stop-local-db.ps1","07_Tools_Validation_Misc","Tools, Validation Scripts, Root Config, Misc","PowerShell Script",".ps1","7","232","0.23","6/4/2026 10:49:33 AM"
"scripts\docker\stop-main-db.ps1","07_Tools_Validation_Misc","Tools, Validation Scripts, Root Config, Misc","PowerShell Script",".ps1","29","1035","1.01","6/4/2026 10:49:32 AM"
"scripts\env\print-effective-config.ps1","07_Tools_Validation_Misc","Tools, Validation Scripts, Root Config, Misc","PowerShell Script",".ps1","19","991","0.97","6/4/2026 10:38:19 AM"
"scripts\env\use-profile.ps1","07_Tools_Validation_Misc","Tools, Validation Scripts, Root Config, Misc","PowerShell Script",".ps1","61","2090","2.04","6/4/2026 10:38:09 AM"
"scripts\env\validate-s1-standardization.ps1","07_Tools_Validation_Misc","Tools, Validation Scripts, Root Config, Misc","PowerShell Script",".ps1","53","1670","1.63","6/4/2026 10:38:21 AM"
"scripts\hygiene\generate-s2a-cleanup-plan.ps1","07_Tools_Validation_Misc","Tools, Validation Scripts, Root Config, Misc","PowerShell Script",".ps1","360","15814","15.44","6/4/2026 10:53:19 AM"
"scripts\hygiene\validate-s2b-senior-quickcheck.ps1","07_Tools_Validation_Misc","Tools, Validation Scripts, Root Config, Misc","PowerShell Script",".ps1","45","1621","1.58","6/4/2026 11:04:33 AM"
"scripts\run\free-ports.ps1","07_Tools_Validation_Misc","Tools, Validation Scripts, Root Config, Misc","PowerShell Script",".ps1","34","998","0.97","6/4/2026 10:40:20 AM"
"scripts\run\show-ports.ps1","07_Tools_Validation_Misc","Tools, Validation Scripts, Root Config, Misc","PowerShell Script",".ps1","26","790","0.77","6/4/2026 10:40:20 AM"
"scripts\run\start-api.ps1","07_Tools_Validation_Misc","Tools, Validation Scripts, Root Config, Misc","PowerShell Script",".ps1","25","572","0.56","6/4/2026 10:40:38 AM"
"scripts\run\start-local.ps1","07_Tools_Validation_Misc","Tools, Validation Scripts, Root Config, Misc","PowerShell Script",".ps1","43","1937","1.89","6/4/2026 10:49:53 AM"
"scripts\run\start-web.ps1","07_Tools_Validation_Misc","Tools, Validation Scripts, Root Config, Misc","PowerShell Script",".ps1","25","611","0.6","6/4/2026 10:40:38 AM"
"scripts\run\start-website.ps1","07_Tools_Validation_Misc","Tools, Validation Scripts, Root Config, Misc","PowerShell Script",".ps1","25","628","0.61","6/4/2026 10:40:39 AM"
"scripts\run\stop-local.ps1","07_Tools_Validation_Misc","Tools, Validation Scripts, Root Config, Misc","PowerShell Script",".ps1","20","608","0.59","6/4/2026 10:40:56 AM"
"scripts\run\validate-s1b-runtime.ps1","07_Tools_Validation_Misc","Tools, Validation Scripts, Root Config, Misc","PowerShell Script",".ps1","54","1738","1.7","6/4/2026 10:41:07 AM"
"scripts\run\validate-s1c-topology.ps1","07_Tools_Validation_Misc","Tools, Validation Scripts, Root Config, Misc","PowerShell Script",".ps1","58","2045","2","6/4/2026 10:50:01 AM"
"scripts\test\repo-sanity-s0.ps1","07_Tools_Validation_Misc","Tools, Validation Scripts, Root Config, Misc","PowerShell Script",".ps1","55","1884","1.84","6/4/2026 10:25:52 AM"
"scripts\test\validate-current-green.ps1","07_Tools_Validation_Misc","Tools, Validation Scripts, Root Config, Misc","PowerShell Script",".ps1","61","2262","2.21","6/4/2026 10:30:16 AM"
"tools\ci\run-backend-ci.sh","07_Tools_Validation_Misc","Tools, Validation Scripts, Root Config, Misc","Tooling Script",".sh","27","800","0.78","5/20/2026 11:33:48 AM"
"tools\ci\run-ef-migrations.sh","07_Tools_Validation_Misc","Tools, Validation Scripts, Root Config, Misc","Tooling Script",".sh","33","1078","1.05","5/20/2026 11:23:18 AM"
"tools\ci\run-frontend-ci.sh","07_Tools_Validation_Misc","Tools, Validation Scripts, Root Config, Misc","Tooling Script",".sh","27","670","0.65","5/20/2026 11:23:57 AM"
"tools\ci\run-local-full-validation.ps1","07_Tools_Validation_Misc","Tools, Validation Scripts, Root Config, Misc","Tooling Script",".ps1","60","1742","1.7","5/20/2026 11:34:11 AM"
"tools\ci\run-website-ci.sh","07_Tools_Validation_Misc","Tools, Validation Scripts, Root Config, Misc","Tooling Script",".sh","18","491","0.48","5/20/2026 11:24:11 AM"
"tools\ci\wait-for-http.sh","07_Tools_Validation_Misc","Tools, Validation Scripts, Root Config, Misc","Tooling Script",".sh","46","1126","1.1","5/20/2026 11:22:29 AM"
"tools\dev\Install-GitHooks.ps1","07_Tools_Validation_Misc","Tools, Validation Scripts, Root Config, Misc","Tooling Script",".ps1","15","469","0.46","5/31/2026 11:30:39 AM"
"tools\dev\Restart-PPIQ-Local.ps1","07_Tools_Validation_Misc","Tools, Validation Scripts, Root Config, Misc","Tooling Script",".ps1","18","503","0.49","5/31/2026 11:07:49 AM"
"tools\dev\Show-PPIQ-PortOwner.ps1","07_Tools_Validation_Misc","Tools, Validation Scripts, Root Config, Misc","Tooling Script",".ps1","30","893","0.87","5/31/2026 11:30:39 AM"
"tools\dev\Stop-PPIQ-Port.ps1","07_Tools_Validation_Misc","Tools, Validation Scripts, Root Config, Misc","Tooling Script",".ps1","42","1151","1.12","5/31/2026 11:30:39 AM"
"tools\dev-bootstrap.ps1","07_Tools_Validation_Misc","Tools, Validation Scripts, Root Config, Misc","Tooling Script",".ps1","270","13276","12.96","5/31/2026 11:30:39 AM"
"tools\GeneratePlantProcessIQ_UltimateAudit.ps1","07_Tools_Validation_Misc","Tools, Validation Scripts, Root Config, Misc","Tooling Script",".ps1","1172","38945","38.03","5/20/2026 10:25:40 AM"
"tools\ml\Apply-PPIQ-v5-T209-T213.ps1","07_Tools_Validation_Misc","Tools, Validation Scripts, Root Config, Misc","Tooling Script",".ps1","1497","57100","55.76","5/30/2026 4:31:50 PM"
"tools\ml\Run-PPIQ-v5-DbAndFrontendProof-PS51.ps1","07_Tools_Validation_Misc","Tools, Validation Scripts, Root Config, Misc","Tooling Script",".ps1","299","12342","12.05","5/30/2026 4:48:38 PM"
"tools\post-deploy-smoke.sh","07_Tools_Validation_Misc","Tools, Validation Scripts, Root Config, Misc","Tooling Script",".sh","91","3085","3.01","5/30/2026 8:56:45 AM"
"tools\PPIQ_AUTH_STARTUP_DIAGNOSTIC.txt","07_Tools_Validation_Misc","Tools, Validation Scripts, Root Config, Misc","Tooling Script",".txt","924","65441","63.91","6/4/2026 1:19:42 AM"
"tools\ppiq_phase2_files.txt","07_Tools_Validation_Misc","Tools, Validation Scripts, Root Config, Misc","Tooling Script",".txt","2881","127905","124.91","6/4/2026 1:19:42 AM"
"tools\ppiq_phase3_backend.txt","07_Tools_Validation_Misc","Tools, Validation Scripts, Root Config, Misc","Tooling Script",".txt","573","24820","24.24","6/4/2026 1:19:42 AM"
"tools\scaffold-website-frontend.ps1","07_Tools_Validation_Misc","Tools, Validation Scripts, Root Config, Misc","Tooling Script",".ps1","1644","45672","44.6","5/19/2026 2:14:54 PM"
"tools\scaffold-website-frontend-v2.ps1","07_Tools_Validation_Misc","Tools, Validation Scripts, Root Config, Misc","Tooling Script",".ps1","1220","34964","34.14","5/19/2026 2:25:54 PM"
"tools\security\Scan-PPIQ-Phase1-Defaults.ps1","07_Tools_Validation_Misc","Tools, Validation Scripts, Root Config, Misc","Tooling Script",".ps1","34","1284","1.25","5/30/2026 8:56:49 AM"
"tools\tests\fix-api-integration-test-db-connection.cjs","07_Tools_Validation_Misc","Tools, Validation Scripts, Root Config, Misc","Tooling Script",".cjs","307","10058","9.82","5/30/2026 12:13:29 PM"
"tools\tests\patch-api-test-local-db-resolver.cjs","07_Tools_Validation_Misc","Tools, Validation Scripts, Root Config, Misc","Tooling Script",".cjs","60","2629","2.57","5/30/2026 12:26:19 PM"
"tools\validation\prove-standard-import-gate.cjs","07_Tools_Validation_Misc","Tools, Validation Scripts, Root Config, Misc","Tooling Script",".cjs","67","2278","2.22","5/31/2026 2:07:14 PM"
"tools\validation\Run-FullValidation.ps1","07_Tools_Validation_Misc","Tools, Validation Scripts, Root Config, Misc","Tooling Script",".ps1","55","1268","1.24","5/19/2026 12:19:15 AM"
"tools\validation\Run-P00A-StructuralGates.ps1","07_Tools_Validation_Misc","Tools, Validation Scripts, Root Config, Misc","Tooling Script",".ps1","59","2704","2.64","5/31/2026 2:11:35 PM"
"tools\validation\Validate-BeforeRefactor.ps1","07_Tools_Validation_Misc","Tools, Validation Scripts, Root Config, Misc","Tooling Script",".ps1","38","1090","1.06","5/19/2026 12:19:15 AM"
"tools\validation\Validate-Dimension2-Dimension6.ps1","07_Tools_Validation_Misc","Tools, Validation Scripts, Root Config, Misc","Tooling Script",".ps1","185","6569","6.42","5/21/2026 4:37:50 PM"
"tools\validation\Validate-Dimension7-Brand.ps1","07_Tools_Validation_Misc","Tools, Validation Scripts, Root Config, Misc","Tooling Script",".ps1","156","4760","4.65","5/21/2026 4:51:34 PM"
"tools\validation\validate-phase01-phase02-gates.mjs","07_Tools_Validation_Misc","Tools, Validation Scripts, Root Config, Misc","Tooling Script",".mjs","176","6597","6.44","5/31/2026 2:07:14 PM"
"tools\validation\Validate-Phase01-Phase02-Gates.ps1","07_Tools_Validation_Misc","Tools, Validation Scripts, Root Config, Misc","Tooling Script",".ps1","11","223","0.22","5/30/2026 3:06:41 PM"
"tools\validation\validate-phase01-phase02-v5-gates.mjs","07_Tools_Validation_Misc","Tools, Validation Scripts, Root Config, Misc","Tooling Script",".mjs","76","4427","4.32","6/4/2026 1:19:42 AM"
"tools\validation\Validate-Phase01-Phase02-v5-Gates.ps1","07_Tools_Validation_Misc","Tools, Validation Scripts, Root Config, Misc","Tooling Script",".ps1","12","238","0.23","5/30/2026 4:32:49 PM"
"tools\validation\validate-phase03-gates.mjs","07_Tools_Validation_Misc","Tools, Validation Scripts, Root Config, Misc","Tooling Script",".mjs","100","4313","4.21","5/31/2026 2:07:14 PM"
"tools\validation\Validate-Phase03-Gates.ps1","07_Tools_Validation_Misc","Tools, Validation Scripts, Root Config, Misc","Tooling Script",".ps1","10","206","0.2","5/30/2026 3:43:16 PM"
"tools\validation\Validate-Phase1-Hardening-Website.ps1","07_Tools_Validation_Misc","Tools, Validation Scripts, Root Config, Misc","Tooling Script",".ps1","155","5400","5.27","5/25/2026 12:37:24 PM"
"tools\validation\Validate-Phase2-Step1-Step2.ps1","07_Tools_Validation_Misc","Tools, Validation Scripts, Root Config, Misc","Tooling Script",".ps1","112","4222","4.12","5/25/2026 1:14:21 PM"
"tools\validation\Validate-Phase2-Step3-Step5.ps1","07_Tools_Validation_Misc","Tools, Validation Scripts, Root Config, Misc","Tooling Script",".ps1","77","3178","3.1","5/25/2026 1:54:07 PM"
"tools\validation\validate-sql-script-hygiene.cjs","07_Tools_Validation_Misc","Tools, Validation Scripts, Root Config, Misc","Tooling Script",".cjs","62","2179","2.13","5/31/2026 2:07:14 PM"
"tools\validation\validate-t208-exposure.cjs","07_Tools_Validation_Misc","Tools, Validation Scripts, Root Config, Misc","Tooling Script",".cjs","43","1621","1.58","5/31/2026 2:07:14 PM"
"tools\validation\validate-v6-phase01-phase02-completion.cjs","07_Tools_Validation_Misc","Tools, Validation Scripts, Root Config, Misc","Tooling Script",".cjs","49","3429","3.35","5/31/2026 2:07:14 PM"
"tools\validation\validate-v7-phase01.cjs","07_Tools_Validation_Misc","Tools, Validation Scripts, Root Config, Misc","Tooling Script",".cjs","73","3954","3.86","5/31/2026 2:07:14 PM"
"tools\validation\validate-v7-phase01-acceptance.cjs","07_Tools_Validation_Misc","Tools, Validation Scripts, Root Config, Misc","Tooling Script",".cjs","95","5270","5.15","5/31/2026 2:07:14 PM"
"tools\validation\validate-v7-phase02-phase03-acceptance.cjs","07_Tools_Validation_Misc","Tools, Validation Scripts, Root Config, Misc","Tooling Script",".cjs","74","3777","3.69","5/31/2026 2:07:14 PM"
"tools\validation\validate-v7-phase04-phase05-acceptance.cjs","07_Tools_Validation_Misc","Tools, Validation Scripts, Root Config, Misc","Tooling Script",".cjs","49","2590","2.53","5/31/2026 2:07:14 PM"
"tools\validation\validate-v7-phase04-phase05-completion.cjs","07_Tools_Validation_Misc","Tools, Validation Scripts, Root Config, Misc","Tooling Script",".cjs","59","3666","3.58","5/31/2026 2:07:14 PM"
"Website\PlantProcess.Website\.dockerignore","08_Website","Website: PlantProcess.Website","Website Config / Asset",".dockerignore","16","321","0.31","5/19/2026 3:44:31 PM"
"Website\PlantProcess.Website\.env.example","08_Website","Website: PlantProcess.Website","Website Config / Asset",".example","1","52","0.05","5/19/2026 2:26:36 PM"
"Website\PlantProcess.Website\.env.local","08_Website","Website: PlantProcess.Website","Website Config / Asset",".local","1","52","0.05","6/4/2026 12:16:50 PM"
"Website\PlantProcess.Website\Dockerfile","08_Website","Website: PlantProcess.Website","Website Config / Asset","","23","683","0.67","5/19/2026 3:03:14 PM"
"Website\PlantProcess.Website\docs\phase10-acceptance.md","08_Website","Website: PlantProcess.Website","Website Config / Asset",".md","156","1648","1.61","6/3/2026 11:45:31 AM"
"Website\PlantProcess.Website\index.html","08_Website","Website: PlantProcess.Website","Website Config / Asset",".html","19","685","0.67","5/20/2026 9:23:57 AM"
"Website\PlantProcess.Website\nginx.conf","08_Website","Website: PlantProcess.Website","Website Config / Asset",".conf","20","449","0.44","5/19/2026 2:26:36 PM"
"Website\PlantProcess.Website\package.json","08_Website","Website: PlantProcess.Website","Website Config / Asset",".json","34","1671","1.63","6/3/2026 11:33:07 AM"
"Website\PlantProcess.Website\postcss.config.cjs","08_Website","Website: PlantProcess.Website","Website Config / Asset",".cjs","3","37","0.04","5/19/2026 2:58:18 PM"
"Website\PlantProcess.Website\public\brand\plantprocess-iq-engineer-brief.html","08_Website","Website: PlantProcess.Website","Website Config / Asset",".html","171","4852","4.74","5/21/2026 4:44:43 PM"
"Website\PlantProcess.Website\public\brand\plantprocess-iq-logo.svg","08_Website","Website: PlantProcess.Website","Website Config / Asset",".svg","51","2168","2.12","5/20/2026 9:31:14 AM"
"Website\PlantProcess.Website\public\brand\sou-icon.svg","08_Website","Website: PlantProcess.Website","Website Config / Asset",".svg","50","1743","1.7","5/20/2026 9:19:52 AM"
"Website\PlantProcess.Website\public\brand\sou-logo-horizontal.svg","08_Website","Website: PlantProcess.Website","Website Config / Asset",".svg","40","1813","1.77","5/20/2026 9:19:52 AM"
"Website\PlantProcess.Website\public\favicon.svg","08_Website","Website: PlantProcess.Website","Website Config / Asset",".svg","50","1743","1.7","5/20/2026 9:19:52 AM"
"Website\PlantProcess.Website\scripts\phase10-website-e2e.mjs","08_Website","Website: PlantProcess.Website","Website Config / Asset",".mjs","123","3312","3.23","6/3/2026 3:17:09 PM"
"Website\PlantProcess.Website\scripts\validate-website-content.mjs","08_Website","Website: PlantProcess.Website","Website Config / Asset",".mjs","133","3950","3.86","6/3/2026 3:10:18 PM"
"Website\PlantProcess.Website\src\App.tsx","08_Website","Website: PlantProcess.Website","Website Source",".tsx","539","20299","19.82","6/3/2026 11:33:11 AM"
"Website\PlantProcess.Website\src\brand\plantProcessBrand.ts","08_Website","Website: PlantProcess.Website","Website Source",".ts","61","2207","2.16","5/21/2026 4:43:21 PM"
"Website\PlantProcess.Website\src\brand\plantprocess-iq-architecture.svg","08_Website","Website: PlantProcess.Website","Website Source",".svg","87","5621","5.49","5/21/2026 4:44:08 PM"
"Website\PlantProcess.Website\src\components\brand\sou-brand.css","08_Website","Website: PlantProcess.Website","Website Component",".css","165","3398","3.32","5/20/2026 9:22:15 AM"
"Website\PlantProcess.Website\src\components\brand\SOUBrand.tsx","08_Website","Website: PlantProcess.Website","Website Component",".tsx","40","993","0.97","5/20/2026 9:20:58 AM"
"Website\PlantProcess.Website\src\components\BrandProofSection.tsx","08_Website","Website: PlantProcess.Website","Website Component",".tsx","60","1814","1.77","5/21/2026 4:56:19 PM"
"Website\PlantProcess.Website\src\components\proof\ConnectorHonestyBlock.tsx","08_Website","Website: PlantProcess.Website","Website Component",".tsx","39","1273","1.24","5/25/2026 12:32:05 PM"
"Website\PlantProcess.Website\src\components\proof\PositioningTruthBlock.tsx","08_Website","Website: PlantProcess.Website","Website Component",".tsx","30","1002","0.98","5/25/2026 12:31:45 PM"
"Website\PlantProcess.Website\src\components\proof\PricingLicenseMatrix.tsx","08_Website","Website: PlantProcess.Website","Website Component",".tsx","65","1987","1.94","5/25/2026 12:31:23 PM"
"Website\PlantProcess.Website\src\components\proof\ProductScreenshotShowcase.tsx","08_Website","Website: PlantProcess.Website","Website Component",".tsx","53","1954","1.91","5/25/2026 12:31:10 PM"
"Website\PlantProcess.Website\src\components\proof\RequestDemoForm.tsx","08_Website","Website: PlantProcess.Website","Website Component",".tsx","328","11677","11.4","6/3/2026 2:58:11 PM"
"Website\PlantProcess.Website\src\content\phase1WebsiteProof.ts","08_Website","Website: PlantProcess.Website","Website Source",".ts","175","5394","5.27","5/25/2026 12:30:39 PM"
"Website\PlantProcess.Website\src\main.tsx","08_Website","Website: PlantProcess.Website","Website Source",".tsx","14","380","0.37","5/25/2026 12:33:21 PM"
"Website\PlantProcess.Website\src\styles\global.css","08_Website","Website: PlantProcess.Website","Website Source",".css","838","14549","14.21","6/3/2026 11:52:14 AM"
"Website\PlantProcess.Website\src\styles\phase10.css","08_Website","Website: PlantProcess.Website","Website Source",".css","421","9044","8.83","6/4/2026 1:19:42 AM"
"Website\PlantProcess.Website\src\styles\phase1-proof.css","08_Website","Website: PlantProcess.Website","Website Source",".css","332","6664","6.51","5/25/2026 12:32:38 PM"
"Website\PlantProcess.Website\src\vite-env.d.ts","08_Website","Website: PlantProcess.Website","Website Source",".ts","10","239","0.23","5/19/2026 2:54:50 PM"
"Website\PlantProcess.Website\tsconfig.app.json","08_Website","Website: PlantProcess.Website","Website Config / Asset",".json","18","428","0.42","5/19/2026 2:26:36 PM"
"Website\PlantProcess.Website\tsconfig.json","08_Website","Website: PlantProcess.Website","Website Config / Asset",".json","7","123","0.12","5/19/2026 2:26:36 PM"
"Website\PlantProcess.Website\tsconfig.node.json","08_Website","Website: PlantProcess.Website","Website Config / Asset",".json","13","262","0.26","5/19/2026 2:26:36 PM"
"Website\PlantProcess.Website\vite.config.ts","08_Website","Website: PlantProcess.Website","Website Config / Asset",".ts","14","246","0.24","5/19/2026 2:26:36 PM"
