schema,object,ordinal,column,type,nullability,default_expression
    ELSE ((included)::numeric / (population)::numeric),,,,,,
    ELSE (after_value - before_value),,,,,,
    WHEN ((before_value IS NULL) OR (after_value IS NULL)) THEN NULL::numeric,,,,,,
    WHEN (population <= 0) THEN (0)::numeric,,,,,,
CASE,,,,,,
CASE,,,,,,
END,,,,,,
END,,,,,,
canon,assistant_widget_result,1,id,uuid,not_null,gen_random_uuid()
canon,assistant_widget_result,10,result_json,jsonb,not_null,
canon,assistant_widget_result,11,result_fingerprint,text,not_null,
canon,assistant_widget_result,12,created_at_utc,timestamp with time zone,not_null,now()
canon,assistant_widget_result,2,tenant_id,uuid,not_null,
canon,assistant_widget_result,3,page_code,text,not_null,
canon,assistant_widget_result,4,widget_code,text,not_null,
canon,assistant_widget_result,5,widget_definition_id,uuid,nullable,
canon,assistant_widget_result,6,query_fingerprint,text,not_null,
canon,assistant_widget_result,7,generated_at_utc,timestamp with time zone,not_null,
canon,assistant_widget_result,8,filter_context_json,jsonb,not_null,'{}'::jsonb
canon,assistant_widget_result,9,population_count,integer,not_null,
canon,vw_kpi_data_coverage_completeness,1,kpi_code,text,nullable,
canon,vw_kpi_data_coverage_completeness,2,kpi_name,text,nullable,
canon,vw_kpi_data_coverage_completeness,3,unit,text,nullable,
canon,vw_kpi_data_coverage_completeness,4,value,"numeric(18,4)",nullable,
canon,vw_kpi_data_coverage_completeness,5,warning_at,"numeric(18,4)",nullable,
canon,vw_kpi_data_coverage_completeness,6,critical_at,"numeric(18,4)",nullable,
canon,vw_kpi_data_coverage_completeness,7,alert_direction,text,nullable,
canon,vw_kpi_data_coverage_completeness,8,metadata,text,nullable,
canon,vw_kpi_defect_escape_rate,1,kpi_code,text,nullable,
canon,vw_kpi_defect_escape_rate,2,kpi_name,text,nullable,
canon,vw_kpi_defect_escape_rate,3,unit,text,nullable,
canon,vw_kpi_defect_escape_rate,4,value,"numeric(18,4)",nullable,
canon,vw_kpi_defect_escape_rate,5,warning_at,"numeric(18,4)",nullable,
canon,vw_kpi_defect_escape_rate,6,critical_at,"numeric(18,4)",nullable,
canon,vw_kpi_defect_escape_rate,7,alert_direction,text,nullable,
canon,vw_kpi_defect_escape_rate,8,metadata,text,nullable,
canon,vw_kpi_first_pass_quality_yield,1,kpi_code,text,nullable,
canon,vw_kpi_first_pass_quality_yield,2,kpi_name,text,nullable,
canon,vw_kpi_first_pass_quality_yield,3,unit,text,nullable,
canon,vw_kpi_first_pass_quality_yield,4,value,"numeric(18,4)",nullable,
canon,vw_kpi_first_pass_quality_yield,5,warning_at,"numeric(18,4)",nullable,
canon,vw_kpi_first_pass_quality_yield,6,critical_at,"numeric(18,4)",nullable,
canon,vw_kpi_first_pass_quality_yield,7,alert_direction,text,nullable,
canon,vw_kpi_first_pass_quality_yield,8,metadata,text,nullable,
canon,vw_kpi_production_impact_minutes,1,kpi_code,text,nullable,
canon,vw_kpi_production_impact_minutes,2,kpi_name,text,nullable,
canon,vw_kpi_production_impact_minutes,3,unit,text,nullable,
canon,vw_kpi_production_impact_minutes,4,value,"numeric(18,4)",nullable,
canon,vw_kpi_production_impact_minutes,5,warning_at,"numeric(18,4)",nullable,
canon,vw_kpi_production_impact_minutes,6,critical_at,"numeric(18,4)",nullable,
canon,vw_kpi_production_impact_minutes,7,alert_direction,text,nullable,
canon,vw_kpi_production_impact_minutes,8,metadata,text,nullable,
ppiq_forensics,wipe_audit,1,id,bigint,not_null,nextval('ppiq_forensics.wipe_audit_id_seq'::regclass)
ppiq_forensics,wipe_audit,10,backend_pid,integer,nullable,
ppiq_forensics,wipe_audit,2,occurred_at,timestamp with time zone,not_null,now()
ppiq_forensics,wipe_audit,3,table_name,text,nullable,
ppiq_forensics,wipe_audit,4,operation,text,nullable,
ppiq_forensics,wipe_audit,5,rows_before,bigint,nullable,
ppiq_forensics,wipe_audit,6,query,text,nullable,
ppiq_forensics,wipe_audit,7,application_name,text,nullable,
ppiq_forensics,wipe_audit,8,client_addr,text,nullable,
ppiq_forensics,wipe_audit,9,session_user_name,text,nullable,
ppiq_meta,aggregation_kinds,1,aggregation_kind,character varying(32),not_null,
ppiq_meta,aggregation_kinds,2,description,text,not_null,
ppiq_meta,aggregation_kinds,3,requires_time_basis,boolean,not_null,false
ppiq_meta,aggregation_kinds,4,executes_in_m2,boolean,not_null,true
ppiq_meta,alert_rules,1,id,uuid,not_null,gen_random_uuid()
ppiq_meta,alert_rules,2,rule_name,text,not_null,
ppiq_meta,alert_rules,3,parameter_code,text,not_null,
ppiq_meta,alert_rules,4,comparator,text,not_null,
ppiq_meta,alert_rules,5,limit_value,double precision,not_null,
ppiq_meta,alert_rules,6,severity,text,not_null,'Warning'::text
ppiq_meta,alert_rules,7,is_active,boolean,not_null,true
ppiq_meta,alert_rules,8,created_at_utc,timestamp with time zone,not_null,now()
ppiq_meta,analysis_details,1,definition_version_id,uuid,not_null,
ppiq_meta,analysis_details,2,outcome_code,text,nullable,
ppiq_meta,analysis_details,3,grain_code,text,nullable,
ppiq_meta,analysis_details,4,window_declaration,jsonb,nullable,
ppiq_meta,analysis_details,5,method_code,character varying(60),nullable,
ppiq_meta,analysis_details,6,population_filters,jsonb,not_null,'[]'::jsonb
ppiq_meta,analysis_details,7,stratification_dimensions,jsonb,not_null,'[]'::jsonb
ppiq_meta,analysis_grain_definitions,1,id,uuid,not_null,gen_random_uuid()
ppiq_meta,analysis_grain_definitions,10,expected_cardinality_per_day,bigint,nullable,
ppiq_meta,analysis_grain_definitions,11,effective_from_utc,timestamp with time zone,not_null,
ppiq_meta,analysis_grain_definitions,12,effective_to_utc,timestamp with time zone,nullable,
ppiq_meta,analysis_grain_definitions,13,created_at_utc,timestamp with time zone,not_null,now()
ppiq_meta,analysis_grain_definitions,14,created_by,uuid,nullable,
ppiq_meta,analysis_grain_definitions,15,source_system,character varying(100),nullable,
ppiq_meta,analysis_grain_definitions,16,source_record_id,character varying(200),nullable,
ppiq_meta,analysis_grain_definitions,2,tenant_id,uuid,not_null,
ppiq_meta,analysis_grain_definitions,3,grain_code,character varying(80),not_null,
ppiq_meta,analysis_grain_definitions,4,grain_kind,character varying(32),not_null,
ppiq_meta,analysis_grain_definitions,5,time_semantics,character varying(16),not_null,
ppiq_meta,analysis_grain_definitions,6,identity_definition_id,uuid,not_null,
ppiq_meta,analysis_grain_definitions,7,identity_definition_version,integer,not_null,
ppiq_meta,analysis_grain_definitions,8,parent_grain_code,character varying(80),nullable,
ppiq_meta,analysis_grain_definitions,9,is_primary,boolean,not_null,false
ppiq_meta,app_users,1,id,uuid,not_null,gen_random_uuid()
ppiq_meta,app_users,10,compatibility_role,text,not_null,
ppiq_meta,app_users,11,is_owner,boolean,not_null,false
ppiq_meta,app_users,12,is_enabled,boolean,not_null,true
ppiq_meta,app_users,13,force_password_change,boolean,not_null,false
ppiq_meta,app_users,14,created_at_utc,timestamp with time zone,not_null,now()
ppiq_meta,app_users,15,updated_at_utc,timestamp with time zone,nullable,
ppiq_meta,app_users,16,password_algorithm,text,not_null,'pbkdf2-sha256'::text
ppiq_meta,app_users,17,password_hash_parameters,jsonb,not_null,'{}'::jsonb
ppiq_meta,app_users,2,tenant_id,uuid,not_null,
ppiq_meta,app_users,3,user_name,text,not_null,
ppiq_meta,app_users,4,normalized_user_name,text,not_null,
ppiq_meta,app_users,5,display_name,text,nullable,
ppiq_meta,app_users,6,password_hash,text,not_null,
ppiq_meta,app_users,7,password_salt,text,not_null,
ppiq_meta,app_users,8,password_iterations,integer,not_null,210000
ppiq_meta,app_users,9,plant_role,text,not_null,
ppiq_meta,assistant_audit_log,1,id,uuid,not_null,gen_random_uuid()
ppiq_meta,assistant_audit_log,10,model_version,text,not_null,
ppiq_meta,assistant_audit_log,11,redaction_summary,text,not_null,'none'::text
ppiq_meta,assistant_audit_log,12,grounded_answer,text,nullable,
ppiq_meta,assistant_audit_log,13,is_refusal,boolean,not_null,false
ppiq_meta,assistant_audit_log,14,refusal_reason,text,nullable,
ppiq_meta,assistant_audit_log,15,blocked_sentences,jsonb,not_null,'[]'::jsonb
ppiq_meta,assistant_audit_log,16,created_at_utc,timestamp with time zone,not_null,now()
ppiq_meta,assistant_audit_log,2,tenant_id,uuid,not_null,
ppiq_meta,assistant_audit_log,3,user_id,text,nullable,
ppiq_meta,assistant_audit_log,4,role_name,text,not_null,
ppiq_meta,assistant_audit_log,5,license_tier,text,nullable,
ppiq_meta,assistant_audit_log,6,prompt,text,not_null,
ppiq_meta,assistant_audit_log,7,retrieved_handles,jsonb,not_null,'[]'::jsonb
ppiq_meta,assistant_audit_log,8,provider_key,text,not_null,
ppiq_meta,assistant_audit_log,9,model_key,text,not_null,
ppiq_meta,assistant_chunk,1,id,uuid,not_null,gen_random_uuid()
ppiq_meta,assistant_chunk,10,is_stale,boolean,not_null,false
ppiq_meta,assistant_chunk,11,indexed_at,timestamp with time zone,not_null,now()
ppiq_meta,assistant_chunk,2,tenant_id,uuid,not_null,
ppiq_meta,assistant_chunk,3,scope_role,text,nullable,
ppiq_meta,assistant_chunk,4,source_kind,text,not_null,
ppiq_meta,assistant_chunk,5,source_ref,text,not_null,
ppiq_meta,assistant_chunk,6,content,text,not_null,
ppiq_meta,assistant_chunk,7,embedding_json,jsonb,not_null,'[]'::jsonb
ppiq_meta,assistant_chunk,8,content_hash,text,not_null,
ppiq_meta,assistant_chunk,9,is_synthetic,boolean,not_null,false
ppiq_meta,assistant_embedding_provider_config,1,tenant_id,uuid,not_null,
ppiq_meta,assistant_embedding_provider_config,2,provider_key,text,not_null,
ppiq_meta,assistant_embedding_provider_config,3,model_key,text,not_null,
ppiq_meta,assistant_embedding_provider_config,4,model_version,text,not_null,
ppiq_meta,assistant_embedding_provider_config,5,provider_mode,text,not_null,
ppiq_meta,assistant_embedding_provider_config,6,air_gapped,boolean,not_null,true
ppiq_meta,assistant_embedding_provider_config,7,endpoint_url,text,nullable,
ppiq_meta,assistant_embedding_provider_config,8,is_active,boolean,not_null,true
ppiq_meta,assistant_embedding_provider_config,9,updated_at_utc,timestamp with time zone,not_null,now()
ppiq_meta,assistant_eval_case,1,id,uuid,not_null,gen_random_uuid()
ppiq_meta,assistant_eval_case,10,created_at_utc,timestamp with time zone,not_null,now()
ppiq_meta,assistant_eval_case,2,case_key,text,not_null,
ppiq_meta,assistant_eval_case,3,tenant_id,uuid,nullable,
ppiq_meta,assistant_eval_case,4,question,text,not_null,
ppiq_meta,assistant_eval_case,5,expected_answerable,boolean,not_null,
ppiq_meta,assistant_eval_case,6,expected_handles,jsonb,not_null,'[]'::jsonb
ppiq_meta,assistant_eval_case,7,forbidden_numbers,jsonb,not_null,'[]'::jsonb
ppiq_meta,assistant_eval_case,8,min_precision,"numeric(6,4)",not_null,0.8000
ppiq_meta,assistant_eval_case,9,is_active,boolean,not_null,true
ppiq_meta,assistant_index_run,1,id,uuid,not_null,gen_random_uuid()
ppiq_meta,assistant_index_run,2,tenant_id,uuid,not_null,
ppiq_meta,assistant_index_run,3,chunk_count,integer,not_null,0
ppiq_meta,assistant_index_run,4,replaced_count,integer,not_null,0
ppiq_meta,assistant_index_run,5,correlation_id,text,not_null,
ppiq_meta,assistant_index_run,6,started_at,timestamp with time zone,not_null,now()
ppiq_meta,assistant_index_run,7,finished_at,timestamp with time zone,nullable,
ppiq_meta,assistant_retrieval_index_job,1,id,uuid,not_null,gen_random_uuid()
ppiq_meta,assistant_retrieval_index_job,10,completed_at_utc,timestamp with time zone,nullable,
ppiq_meta,assistant_retrieval_index_job,11,message,text,nullable,
ppiq_meta,assistant_retrieval_index_job,2,tenant_id,uuid,not_null,
ppiq_meta,assistant_retrieval_index_job,3,correlation_id,text,not_null,
ppiq_meta,assistant_retrieval_index_job,4,source_kind,text,not_null,
ppiq_meta,assistant_retrieval_index_job,5,status,text,not_null,'pending'::text
ppiq_meta,assistant_retrieval_index_job,6,chunk_count,integer,not_null,0
ppiq_meta,assistant_retrieval_index_job,7,replaced_count,integer,not_null,0
ppiq_meta,assistant_retrieval_index_job,8,changed_only,boolean,not_null,true
ppiq_meta,assistant_retrieval_index_job,9,started_at_utc,timestamp with time zone,not_null,now()
ppiq_meta,audit_log_entries,1,id,uuid,not_null,
ppiq_meta,audit_log_entries,10,resource_id,character varying(100),nullable,
ppiq_meta,audit_log_entries,11,client_ip,character varying(45),nullable,
ppiq_meta,audit_log_entries,12,user_agent,character varying(500),nullable,
ppiq_meta,audit_log_entries,13,correlation_id,character varying(100),nullable,
ppiq_meta,audit_log_entries,14,http_status_code,integer,nullable,
ppiq_meta,audit_log_entries,15,metadata_json,jsonb,nullable,
ppiq_meta,audit_log_entries,16,created_at_utc,timestamp with time zone,not_null,
ppiq_meta,audit_log_entries,17,updated_at_utc,timestamp with time zone,nullable,
ppiq_meta,audit_log_entries,18,is_synthetic,boolean,not_null,
ppiq_meta,audit_log_entries,19,source_system,character varying(100),nullable,
ppiq_meta,audit_log_entries,2,occurred_at_utc,timestamp with time zone,not_null,
ppiq_meta,audit_log_entries,20,source_record_id,character varying(200),nullable,
ppiq_meta,audit_log_entries,21,is_deleted,boolean,not_null,
ppiq_meta,audit_log_entries,22,deleted_at_utc,timestamp with time zone,nullable,
ppiq_meta,audit_log_entries,23,deleted_reason,character varying(500),nullable,
ppiq_meta,audit_log_entries,3,http_method,character varying(10),not_null,
ppiq_meta,audit_log_entries,4,endpoint,character varying(500),not_null,
ppiq_meta,audit_log_entries,5,action_category,character varying(50),not_null,
ppiq_meta,audit_log_entries,6,outcome_status,character varying(50),not_null,
ppiq_meta,audit_log_entries,7,user_id,character varying(100),nullable,
ppiq_meta,audit_log_entries,8,user_name,character varying(200),nullable,
ppiq_meta,audit_log_entries,9,resource_type,character varying(100),nullable,
ppiq_meta,auth_refresh_tokens,1,id,uuid,not_null,gen_random_uuid()
ppiq_meta,auth_refresh_tokens,10,client_ip,text,nullable,
ppiq_meta,auth_refresh_tokens,2,tenant_id,uuid,not_null,
ppiq_meta,auth_refresh_tokens,3,user_id,uuid,not_null,
ppiq_meta,auth_refresh_tokens,4,token_hash,text,not_null,
ppiq_meta,auth_refresh_tokens,5,issued_at_utc,timestamp with time zone,not_null,now()
ppiq_meta,auth_refresh_tokens,6,expires_at_utc,timestamp with time zone,not_null,
ppiq_meta,auth_refresh_tokens,7,revoked_at_utc,timestamp with time zone,nullable,
ppiq_meta,auth_refresh_tokens,8,replaced_by_token_hash,text,nullable,
ppiq_meta,auth_refresh_tokens,9,user_agent,text,nullable,
ppiq_meta,canonical_schema_view_audit,1,id,uuid,not_null,gen_random_uuid()
ppiq_meta,canonical_schema_view_audit,2,canonical_schema_view_id,uuid,nullable,
ppiq_meta,canonical_schema_view_audit,3,action_code,text,not_null,
ppiq_meta,canonical_schema_view_audit,4,action_status,text,not_null,
ppiq_meta,canonical_schema_view_audit,5,action_message,text,nullable,
ppiq_meta,canonical_schema_view_audit,6,payload_json,jsonb,not_null,'{}'::jsonb
ppiq_meta,canonical_schema_view_audit,7,executed_by,text,nullable,
ppiq_meta,canonical_schema_view_audit,8,executed_at_utc,timestamp with time zone,not_null,now()
ppiq_meta,canonical_schema_views,1,id,uuid,not_null,gen_random_uuid()
ppiq_meta,canonical_schema_views,10,mapping_json,jsonb,not_null,'{}'::jsonb
ppiq_meta,canonical_schema_views,11,source_dataset_ids,jsonb,not_null,'[]'::jsonb
ppiq_meta,canonical_schema_views,12,attached_scope_type,text,nullable,
ppiq_meta,canonical_schema_views,13,attached_scope_code,text,nullable,
ppiq_meta,canonical_schema_views,14,is_registered,boolean,not_null,true
ppiq_meta,canonical_schema_views,15,is_approved,boolean,not_null,false
ppiq_meta,canonical_schema_views,16,is_active,boolean,not_null,true
ppiq_meta,canonical_schema_views,17,is_system_seed,boolean,not_null,false
ppiq_meta,canonical_schema_views,18,last_validated_at_utc,timestamp with time zone,nullable,
ppiq_meta,canonical_schema_views,19,last_validation_status,text,nullable,
ppiq_meta,canonical_schema_views,2,view_code,text,not_null,
ppiq_meta,canonical_schema_views,20,last_validation_message,text,nullable,
ppiq_meta,canonical_schema_views,21,last_executed_at_utc,timestamp with time zone,nullable,
ppiq_meta,canonical_schema_views,22,last_execution_status,text,nullable,
ppiq_meta,canonical_schema_views,23,last_execution_message,text,nullable,
ppiq_meta,canonical_schema_views,24,last_execution_row_count,integer,nullable,
ppiq_meta,canonical_schema_views,25,created_by,text,nullable,
ppiq_meta,canonical_schema_views,26,created_at_utc,timestamp with time zone,not_null,now()
ppiq_meta,canonical_schema_views,27,updated_at_utc,timestamp with time zone,nullable,
ppiq_meta,canonical_schema_views,28,is_deleted,boolean,not_null,false
ppiq_meta,canonical_schema_views,29,deleted_at_utc,timestamp with time zone,nullable,
ppiq_meta,canonical_schema_views,3,view_name,text,not_null,
ppiq_meta,canonical_schema_views,30,deleted_reason,text,nullable,
ppiq_meta,canonical_schema_views,4,view_kind,text,not_null,
ppiq_meta,canonical_schema_views,5,target_entity,text,not_null,
ppiq_meta,canonical_schema_views,6,physical_schema,text,not_null,'public'::text
ppiq_meta,canonical_schema_views,7,physical_view_name,text,not_null,
ppiq_meta,canonical_schema_views,8,sql_text,text,not_null,
ppiq_meta,canonical_schema_views,9,output_schema_json,jsonb,not_null,'[]'::jsonb
ppiq_meta,connection_profiles,1,id,uuid,not_null,
ppiq_meta,connection_profiles,10,schema_name,character varying(200),nullable,
ppiq_meta,connection_profiles,11,file_root_path,character varying(1000),nullable,
ppiq_meta,connection_profiles,12,api_base_url,character varying(1000),nullable,
ppiq_meta,connection_profiles,13,secret_reference,character varying(500),nullable,
ppiq_meta,connection_profiles,14,connection_options_json,jsonb,not_null,'{}'::jsonb
ppiq_meta,connection_profiles,15,import_schedule_expression,character varying(250),not_null,'Every 15 minutes'::character varying
ppiq_meta,connection_profiles,16,import_interval_minutes,integer,not_null,15
ppiq_meta,connection_profiles,17,is_active,boolean,not_null,
ppiq_meta,connection_profiles,18,read_only_enforced,boolean,not_null,
ppiq_meta,connection_profiles,19,description,character varying(1000),nullable,
ppiq_meta,connection_profiles,2,source_system_definition_id,uuid,not_null,
ppiq_meta,connection_profiles,20,last_tested_at_utc,timestamp with time zone,nullable,
ppiq_meta,connection_profiles,21,last_test_status,character varying(50),nullable,
ppiq_meta,connection_profiles,22,last_test_message,character varying(2000),nullable,
ppiq_meta,connection_profiles,23,created_at_utc,timestamp with time zone,not_null,
ppiq_meta,connection_profiles,24,updated_at_utc,timestamp with time zone,nullable,
ppiq_meta,connection_profiles,25,is_synthetic,boolean,not_null,
ppiq_meta,connection_profiles,26,source_system,character varying(100),nullable,
ppiq_meta,connection_profiles,27,source_record_id,character varying(100),nullable,
ppiq_meta,connection_profiles,28,is_deleted,boolean,not_null,
ppiq_meta,connection_profiles,29,deleted_at_utc,timestamp with time zone,nullable,
ppiq_meta,connection_profiles,3,connection_profile_code,character varying(100),not_null,
ppiq_meta,connection_profiles,30,deleted_reason,character varying(500),nullable,
ppiq_meta,connection_profiles,4,connection_profile_name,character varying(200),not_null,
ppiq_meta,connection_profiles,5,provider_type,character varying(50),not_null,
ppiq_meta,connection_profiles,6,connection_mode,character varying(50),not_null,
ppiq_meta,connection_profiles,7,host_name,character varying(300),nullable,
ppiq_meta,connection_profiles,8,port,integer,nullable,
ppiq_meta,connection_profiles,9,database_name,character varying(200),nullable,
ppiq_meta,cost_assumption,1,id,uuid,not_null,gen_random_uuid()
ppiq_meta,cost_assumption,10,downgrade_delta_high,"numeric(18,4)",nullable,
ppiq_meta,cost_assumption,11,scrap_cost_low,"numeric(18,4)",nullable,
ppiq_meta,cost_assumption,12,scrap_cost_mid,"numeric(18,4)",nullable,
ppiq_meta,cost_assumption,13,scrap_cost_high,"numeric(18,4)",nullable,
ppiq_meta,cost_assumption,14,downtime_cost_min_low,"numeric(18,4)",nullable,
ppiq_meta,cost_assumption,15,downtime_cost_min_mid,"numeric(18,4)",nullable,
ppiq_meta,cost_assumption,16,downtime_cost_min_high,"numeric(18,4)",nullable,
ppiq_meta,cost_assumption,17,grade_premium_low,"numeric(18,4)",nullable,
ppiq_meta,cost_assumption,18,grade_premium_mid,"numeric(18,4)",nullable,
ppiq_meta,cost_assumption,19,grade_premium_high,"numeric(18,4)",nullable,
ppiq_meta,cost_assumption,2,tenant_id,uuid,not_null,
ppiq_meta,cost_assumption,20,energy_price_low,"numeric(18,4)",nullable,
ppiq_meta,cost_assumption,21,energy_price_mid,"numeric(18,4)",nullable,
ppiq_meta,cost_assumption,22,energy_price_high,"numeric(18,4)",nullable,
ppiq_meta,cost_assumption,23,created_by,text,not_null,'system'::text
ppiq_meta,cost_assumption,24,created_at,timestamp with time zone,not_null,now()
ppiq_meta,cost_assumption,25,effective_from_utc,timestamp with time zone,not_null,now()
ppiq_meta,cost_assumption,3,version,integer,not_null,
ppiq_meta,cost_assumption,4,currency,text,not_null,'EUR'::text
ppiq_meta,cost_assumption,5,cost_per_ton_low,"numeric(18,4)",nullable,
ppiq_meta,cost_assumption,6,cost_per_ton_mid,"numeric(18,4)",nullable,
ppiq_meta,cost_assumption,7,cost_per_ton_high,"numeric(18,4)",nullable,
ppiq_meta,cost_assumption,8,downgrade_delta_low,"numeric(18,4)",nullable,
ppiq_meta,cost_assumption,9,downgrade_delta_mid,"numeric(18,4)",nullable,
ppiq_meta,cost_assumption_audit,1,id,uuid,not_null,gen_random_uuid()
ppiq_meta,cost_assumption_audit,2,tenant_id,uuid,not_null,
ppiq_meta,cost_assumption_audit,3,from_version,integer,nullable,
ppiq_meta,cost_assumption_audit,4,to_version,integer,not_null,
ppiq_meta,cost_assumption_audit,5,actor,text,not_null,'system'::text
ppiq_meta,cost_assumption_audit,6,before_json,jsonb,not_null,'{}'::jsonb
ppiq_meta,cost_assumption_audit,7,after_json,jsonb,not_null,'{}'::jsonb
ppiq_meta,cost_assumption_audit,8,changed_at,timestamp with time zone,not_null,now()
ppiq_meta,customer_assessment_versions,1,assessment_version_id,uuid,not_null,
ppiq_meta,customer_assessment_versions,2,assessment_id,uuid,not_null,
ppiq_meta,customer_assessment_versions,3,version_number,integer,not_null,
ppiq_meta,customer_assessment_versions,4,contract_version,character varying(32),not_null,
ppiq_meta,customer_assessment_versions,5,rule_version,character varying(32),not_null,
ppiq_meta,customer_assessment_versions,6,semantic_fingerprint,character(64),not_null,
ppiq_meta,customer_assessment_versions,7,intake_json,jsonb,not_null,
ppiq_meta,customer_assessment_versions,8,report_json,jsonb,not_null,
ppiq_meta,customer_assessment_versions,9,created_at_utc,timestamp with time zone,not_null,(now() AT TIME ZONE 'utc'::text)
ppiq_meta,customer_assessments,1,assessment_id,uuid,not_null,
ppiq_meta,customer_assessments,2,tenant_id,uuid,not_null,
ppiq_meta,customer_assessments,3,lineage_code,character varying(128),not_null,
ppiq_meta,customer_assessments,4,display_name,character varying(256),nullable,
ppiq_meta,customer_assessments,5,created_at_utc,timestamp with time zone,not_null,(now() AT TIME ZONE 'utc'::text)
ppiq_meta,dashboard_definitions,1,id,uuid,not_null,
ppiq_meta,dashboard_definitions,10,created_at_utc,timestamp with time zone,not_null,
ppiq_meta,dashboard_definitions,11,updated_at_utc,timestamp with time zone,nullable,
ppiq_meta,dashboard_definitions,12,is_synthetic,boolean,not_null,
ppiq_meta,dashboard_definitions,13,source_system,character varying(100),nullable,
ppiq_meta,dashboard_definitions,14,source_record_id,character varying(100),nullable,
ppiq_meta,dashboard_definitions,15,is_deleted,boolean,not_null,
ppiq_meta,dashboard_definitions,16,deleted_at_utc,timestamp with time zone,nullable,
ppiq_meta,dashboard_definitions,17,deleted_reason,character varying(500),nullable,
ppiq_meta,dashboard_definitions,2,user_id,uuid,nullable,
ppiq_meta,dashboard_definitions,3,dashboard_code,character varying(100),not_null,
ppiq_meta,dashboard_definitions,4,name,character varying(200),not_null,
ppiq_meta,dashboard_definitions,5,description,character varying(1000),nullable,
ppiq_meta,dashboard_definitions,6,layout_json,jsonb,not_null,
ppiq_meta,dashboard_definitions,7,is_default,boolean,not_null,
ppiq_meta,dashboard_definitions,8,is_system_template,boolean,not_null,
ppiq_meta,dashboard_definitions,9,is_active,boolean,not_null,
ppiq_meta,dashboard_widget_definitions,1,id,uuid,not_null,
ppiq_meta,dashboard_widget_definitions,10,filter_json,jsonb,not_null,
ppiq_meta,dashboard_widget_definitions,11,layout_json,jsonb,not_null,
ppiq_meta,dashboard_widget_definitions,12,display_options_json,jsonb,not_null,
ppiq_meta,dashboard_widget_definitions,13,sort_order,integer,not_null,0
ppiq_meta,dashboard_widget_definitions,14,is_active,boolean,not_null,
ppiq_meta,dashboard_widget_definitions,15,query_expression,text,nullable,
ppiq_meta,dashboard_widget_definitions,16,advanced_expression_json,jsonb,not_null,'{}'::jsonb
ppiq_meta,dashboard_widget_definitions,17,expression_version,smallint,not_null,1
ppiq_meta,dashboard_widget_definitions,18,expression_enabled,boolean,not_null,false
ppiq_meta,dashboard_widget_definitions,19,expression_last_validated_at_utc,timestamp with time zone,nullable,
ppiq_meta,dashboard_widget_definitions,2,dashboard_definition_id,uuid,not_null,
ppiq_meta,dashboard_widget_definitions,20,expression_last_validation_status,smallint,not_null,0
ppiq_meta,dashboard_widget_definitions,21,expression_last_validation_message,text,nullable,
ppiq_meta,dashboard_widget_definitions,22,created_at_utc,timestamp with time zone,not_null,
ppiq_meta,dashboard_widget_definitions,23,updated_at_utc,timestamp with time zone,nullable,
ppiq_meta,dashboard_widget_definitions,24,is_synthetic,boolean,not_null,
ppiq_meta,dashboard_widget_definitions,25,source_system,character varying(100),nullable,
ppiq_meta,dashboard_widget_definitions,26,source_record_id,character varying(100),nullable,
ppiq_meta,dashboard_widget_definitions,27,is_deleted,boolean,not_null,
ppiq_meta,dashboard_widget_definitions,28,deleted_at_utc,timestamp with time zone,nullable,
ppiq_meta,dashboard_widget_definitions,29,deleted_reason,character varying(500),nullable,
ppiq_meta,dashboard_widget_definitions,3,widget_code,character varying(100),not_null,
ppiq_meta,dashboard_widget_definitions,4,widget_title,character varying(200),not_null,
ppiq_meta,dashboard_widget_definitions,5,widget_type,character varying(50),not_null,
ppiq_meta,dashboard_widget_definitions,6,chart_type,character varying(50),not_null,
ppiq_meta,dashboard_widget_definitions,7,dimension_code,character varying(100),not_null,
ppiq_meta,dashboard_widget_definitions,8,measure_code,character varying(100),not_null,
ppiq_meta,dashboard_widget_definitions,9,parameter_code,character varying(100),nullable,
ppiq_meta,dashboard_widget_expression_audit,1,id,uuid,not_null,gen_random_uuid()
ppiq_meta,dashboard_widget_expression_audit,2,dashboard_widget_definition_id,uuid,not_null,
ppiq_meta,dashboard_widget_expression_audit,3,expression_version,smallint,not_null,
ppiq_meta,dashboard_widget_expression_audit,4,validation_status,smallint,not_null,
ppiq_meta,dashboard_widget_expression_audit,5,validation_message,text,nullable,
ppiq_meta,dashboard_widget_expression_audit,6,query_expression,text,nullable,
ppiq_meta,dashboard_widget_expression_audit,7,advanced_expression_json,jsonb,not_null,'{}'::jsonb
ppiq_meta,dashboard_widget_expression_audit,8,created_at_utc,timestamp with time zone,not_null,now()
ppiq_meta,defect_catalogs,1,id,uuid,not_null,
ppiq_meta,defect_catalogs,10,source_record_id,character varying(100),nullable,
ppiq_meta,defect_catalogs,11,is_deleted,boolean,not_null,
ppiq_meta,defect_catalogs,12,deleted_at_utc,timestamp with time zone,nullable,
ppiq_meta,defect_catalogs,13,deleted_reason,character varying(500),nullable,
ppiq_meta,defect_catalogs,2,defect_code,character varying(100),not_null,
ppiq_meta,defect_catalogs,3,defect_name,character varying(200),not_null,
ppiq_meta,defect_catalogs,4,defect_category,character varying(100),nullable,
ppiq_meta,defect_catalogs,5,industry_template,character varying(100),nullable,
ppiq_meta,defect_catalogs,6,created_at_utc,timestamp with time zone,not_null,
ppiq_meta,defect_catalogs,7,updated_at_utc,timestamp with time zone,nullable,
ppiq_meta,defect_catalogs,8,is_synthetic,boolean,not_null,
ppiq_meta,defect_catalogs,9,source_system,character varying(100),nullable,
ppiq_meta,definition_dependencies,1,id,uuid,not_null,gen_random_uuid()
ppiq_meta,definition_dependencies,10,updated_at_utc,timestamp with time zone,nullable,
ppiq_meta,definition_dependencies,11,updated_by,uuid,nullable,
ppiq_meta,definition_dependencies,12,is_deleted,boolean,not_null,false
ppiq_meta,definition_dependencies,13,deleted_at_utc,timestamp with time zone,nullable,
ppiq_meta,definition_dependencies,14,deleted_reason,character varying(500),nullable,
ppiq_meta,definition_dependencies,15,is_synthetic,boolean,not_null,false
ppiq_meta,definition_dependencies,2,tenant_id,uuid,not_null,
ppiq_meta,definition_dependencies,3,definition_id,uuid,not_null,
ppiq_meta,definition_dependencies,4,depends_on_definition_id,uuid,not_null,
ppiq_meta,definition_dependencies,5,depends_on_version,integer,nullable,
ppiq_meta,definition_dependencies,6,dependency_kind,character varying(30),not_null,
ppiq_meta,definition_dependencies,7,is_required,boolean,not_null,true
ppiq_meta,definition_dependencies,8,created_at_utc,timestamp with time zone,not_null,now()
ppiq_meta,definition_dependencies,9,created_by,uuid,nullable,
ppiq_meta,definition_export_artifacts,1,id,uuid,not_null,gen_random_uuid()
ppiq_meta,definition_export_artifacts,10,signature,character varying(256),nullable,
ppiq_meta,definition_export_artifacts,2,definition_version_id,uuid,not_null,
ppiq_meta,definition_export_artifacts,3,artifact_kind,character varying(20),not_null,
ppiq_meta,definition_export_artifacts,4,storage_uri,character varying(1000),not_null,
ppiq_meta,definition_export_artifacts,5,content_hash,character varying(64),not_null,
ppiq_meta,definition_export_artifacts,6,size_bytes,bigint,nullable,
ppiq_meta,definition_export_artifacts,7,created_at_utc,timestamp with time zone,not_null,now()
ppiq_meta,definition_export_artifacts,8,created_by,uuid,nullable,
ppiq_meta,definition_export_artifacts,9,expires_at_utc,timestamp with time zone,nullable,
ppiq_meta,definition_store,1,id,uuid,not_null,gen_random_uuid()
ppiq_meta,definition_store,10,current_version,integer,not_null,0
ppiq_meta,definition_store,11,is_locked,boolean,not_null,false
ppiq_meta,definition_store,12,created_at_utc,timestamp with time zone,not_null,now()
ppiq_meta,definition_store,13,created_by,uuid,nullable,
ppiq_meta,definition_store,14,updated_at_utc,timestamp with time zone,nullable,
ppiq_meta,definition_store,15,updated_by,uuid,nullable,
ppiq_meta,definition_store,16,is_deleted,boolean,not_null,false
ppiq_meta,definition_store,17,deleted_at_utc,timestamp with time zone,nullable,
ppiq_meta,definition_store,18,deleted_reason,character varying(500),nullable,
ppiq_meta,definition_store,19,is_synthetic,boolean,not_null,false
ppiq_meta,definition_store,2,tenant_id,uuid,not_null,
ppiq_meta,definition_store,3,definition_code,character varying(100),not_null,
ppiq_meta,definition_store,4,surface,character varying(4),not_null,
ppiq_meta,definition_store,5,definition_kind,character varying(40),not_null,
ppiq_meta,definition_store,6,name,character varying(200),not_null,
ppiq_meta,definition_store,7,owner_id,uuid,not_null,
ppiq_meta,definition_store,8,folder_path,character varying(500),nullable,
ppiq_meta,definition_store,9,tags,text[],nullable,
ppiq_meta,definition_versions,1,id,uuid,not_null,gen_random_uuid()
ppiq_meta,definition_versions,10,definition_hash,character varying(64),not_null,
ppiq_meta,definition_versions,11,input_bindings,jsonb,nullable,
ppiq_meta,definition_versions,12,output_schema,jsonb,nullable,
ppiq_meta,definition_versions,13,validation_result,jsonb,nullable,
ppiq_meta,definition_versions,14,validated_at_utc,timestamp with time zone,nullable,
ppiq_meta,definition_versions,15,published_at_utc,timestamp with time zone,nullable,
ppiq_meta,definition_versions,16,published_by,uuid,nullable,
ppiq_meta,definition_versions,17,rollback_pointer,integer,nullable,
ppiq_meta,definition_versions,18,drift_detail,jsonb,nullable,
ppiq_meta,definition_versions,19,created_at_utc,timestamp with time zone,not_null,now()
ppiq_meta,definition_versions,2,tenant_id,uuid,not_null,
ppiq_meta,definition_versions,20,created_by,uuid,nullable,
ppiq_meta,definition_versions,21,updated_at_utc,timestamp with time zone,nullable,
ppiq_meta,definition_versions,22,updated_by,uuid,nullable,
ppiq_meta,definition_versions,23,is_deleted,boolean,not_null,false
ppiq_meta,definition_versions,24,deleted_at_utc,timestamp with time zone,nullable,
ppiq_meta,definition_versions,25,deleted_reason,character varying(500),nullable,
ppiq_meta,definition_versions,26,is_synthetic,boolean,not_null,false
ppiq_meta,definition_versions,3,definition_id,uuid,not_null,
ppiq_meta,definition_versions,4,version_number,integer,not_null,
ppiq_meta,definition_versions,5,status,character varying(20),not_null,
ppiq_meta,definition_versions,6,mode,character varying(6),not_null,
ppiq_meta,definition_versions,7,graph_json,jsonb,nullable,
ppiq_meta,definition_versions,8,sql_text,text,nullable,
ppiq_meta,definition_versions,9,compiled_sql,text,nullable,
ppiq_meta,demo_language_truth_rules,1,id,uuid,not_null,
ppiq_meta,demo_language_truth_rules,2,rule_code,text,not_null,
ppiq_meta,demo_language_truth_rules,3,forbidden_phrase,text,not_null,
ppiq_meta,demo_language_truth_rules,4,safer_replacement,text,not_null,
ppiq_meta,demo_language_truth_rules,5,severity,text,not_null,'Critical'::text
ppiq_meta,demo_language_truth_rules,6,rationale,text,not_null,
ppiq_meta,demo_language_truth_rules,7,is_active,boolean,not_null,true
ppiq_meta,demo_language_truth_rules,8,created_at_utc,timestamp with time zone,not_null,now()
ppiq_meta,demo_language_truth_rules,9,updated_at_utc,timestamp with time zone,nullable,
ppiq_meta,edge_collectors,1,id,uuid,not_null,gen_random_uuid()
ppiq_meta,edge_collectors,10,buffer_retention_hours,integer,not_null,72
ppiq_meta,edge_collectors,11,is_active,boolean,not_null,true
ppiq_meta,edge_collectors,12,registered_at_utc,timestamp with time zone,not_null,now()
ppiq_meta,edge_collectors,13,last_push_at_utc,timestamp with time zone,nullable,
ppiq_meta,edge_collectors,14,credential_rotated_at_utc,timestamp with time zone,nullable,
ppiq_meta,edge_collectors,2,tenant_id,uuid,not_null,
ppiq_meta,edge_collectors,3,collector_code,text,not_null,
ppiq_meta,edge_collectors,4,site_code,text,not_null,
ppiq_meta,edge_collectors,5,source_system_code,text,not_null,
ppiq_meta,edge_collectors,6,credential_fingerprint,text,not_null,
ppiq_meta,edge_collectors,7,one_way_push_only,boolean,not_null,true
ppiq_meta,edge_collectors,8,no_inbound_network_path,boolean,not_null,true
ppiq_meta,edge_collectors,9,no_control_path,boolean,not_null,true
ppiq_meta,feature_set_details,1,definition_version_id,uuid,not_null,
ppiq_meta,feature_set_details,2,feature_list,jsonb,not_null,'[]'::jsonb
ppiq_meta,feature_set_details,3,grain_code,text,nullable,
ppiq_meta,feature_set_details,4,window_declaration,jsonb,nullable,
ppiq_meta,feature_set_details,5,missing_value_policy,character varying(40),nullable,
ppiq_meta,feature_set_details,6,scaling_policy,character varying(40),nullable,
ppiq_meta,historian_tag_mappings,1,id,uuid,not_null,gen_random_uuid()
ppiq_meta,historian_tag_mappings,2,tenant_id,uuid,not_null,
ppiq_meta,historian_tag_mappings,3,source_system_code,text,not_null,
ppiq_meta,historian_tag_mappings,4,tag_name,text,not_null,
ppiq_meta,historian_tag_mappings,5,parameter_code,text,not_null,
ppiq_meta,historian_tag_mappings,6,unit_override,text,nullable,
ppiq_meta,historian_tag_mappings,7,is_active,boolean,not_null,true
ppiq_meta,historian_tag_mappings,8,created_at_utc,timestamp with time zone,not_null,now()
ppiq_meta,industry_templates,1,id,uuid,not_null,
ppiq_meta,industry_templates,10,is_synthetic,boolean,not_null,
ppiq_meta,industry_templates,11,source_system,character varying(100),nullable,
ppiq_meta,industry_templates,12,source_record_id,character varying(100),nullable,
ppiq_meta,industry_templates,13,is_deleted,boolean,not_null,
ppiq_meta,industry_templates,14,deleted_at_utc,timestamp with time zone,nullable,
ppiq_meta,industry_templates,15,deleted_reason,character varying(500),nullable,
ppiq_meta,industry_templates,2,template_code,character varying(100),not_null,
ppiq_meta,industry_templates,3,template_name,character varying(200),not_null,
ppiq_meta,industry_templates,4,industry_name,character varying(100),not_null,
ppiq_meta,industry_templates,5,description,character varying(1000),nullable,
ppiq_meta,industry_templates,6,version,character varying(50),not_null,
ppiq_meta,industry_templates,7,is_active,boolean,not_null,
ppiq_meta,industry_templates,8,created_at_utc,timestamp with time zone,not_null,
ppiq_meta,industry_templates,9,updated_at_utc,timestamp with time zone,nullable,
ppiq_meta,inspection_jobs,1,id,uuid,not_null,
ppiq_meta,inspection_jobs,10,rule_json,jsonb,not_null,'{}'::jsonb
ppiq_meta,inspection_jobs,11,schedule_expression,text,not_null,'Manual'::text
ppiq_meta,inspection_jobs,12,is_enabled,boolean,not_null,true
ppiq_meta,inspection_jobs,13,honest_state,text,not_null,'RuleBasedMonitoring'::text
ppiq_meta,inspection_jobs,14,last_run_at_utc,timestamp with time zone,nullable,
ppiq_meta,inspection_jobs,15,last_run_status,text,nullable,
ppiq_meta,inspection_jobs,16,last_result_json,jsonb,nullable,
ppiq_meta,inspection_jobs,17,description,text,nullable,
ppiq_meta,inspection_jobs,18,is_synthetic,boolean,not_null,false
ppiq_meta,inspection_jobs,19,source_system,text,nullable,
ppiq_meta,inspection_jobs,2,inspection_job_code,text,not_null,
ppiq_meta,inspection_jobs,20,source_record_id,text,nullable,
ppiq_meta,inspection_jobs,21,created_at_utc,timestamp with time zone,not_null,now()
ppiq_meta,inspection_jobs,22,updated_at_utc,timestamp with time zone,nullable,
ppiq_meta,inspection_jobs,23,is_deleted,boolean,not_null,false
ppiq_meta,inspection_jobs,24,deleted_at_utc,timestamp with time zone,nullable,
ppiq_meta,inspection_jobs,25,deleted_reason,text,nullable,
ppiq_meta,inspection_jobs,26,target_definition_kind,character varying(64),nullable,
ppiq_meta,inspection_jobs,27,target_definition_id,uuid,nullable,
ppiq_meta,inspection_jobs,28,target_definition_version,integer,nullable,
ppiq_meta,inspection_jobs,29,target_version_policy,character varying(20),nullable,
ppiq_meta,inspection_jobs,3,inspection_job_name,text,not_null,
ppiq_meta,inspection_jobs,30,target_parameters,jsonb,nullable,
ppiq_meta,inspection_jobs,4,inspection_type,text,not_null,
ppiq_meta,inspection_jobs,5,source_correlation_run_id,uuid,nullable,
ppiq_meta,inspection_jobs,6,parameter_code,text,nullable,
ppiq_meta,inspection_jobs,7,defect_type,text,nullable,
ppiq_meta,inspection_jobs,8,site_id,uuid,nullable,
ppiq_meta,inspection_jobs,9,equipment_id,uuid,nullable,
ppiq_meta,job_definitions,1,id,uuid,not_null,
ppiq_meta,job_definitions,10,last_run_completed_at_utc,timestamp with time zone,nullable,
ppiq_meta,job_definitions,11,last_run_duration_ms,bigint,nullable,
ppiq_meta,job_definitions,12,last_run_status,character varying(50),not_null,
ppiq_meta,job_definitions,13,last_failure_reason,character varying(4000),nullable,
ppiq_meta,job_definitions,14,next_run_at_utc,timestamp with time zone,nullable,
ppiq_meta,job_definitions,15,description,character varying(1000),nullable,
ppiq_meta,job_definitions,16,created_at_utc,timestamp with time zone,not_null,
ppiq_meta,job_definitions,17,updated_at_utc,timestamp with time zone,nullable,
ppiq_meta,job_definitions,18,is_synthetic,boolean,not_null,
ppiq_meta,job_definitions,19,source_system,character varying(100),nullable,
ppiq_meta,job_definitions,2,job_code,character varying(120),not_null,
ppiq_meta,job_definitions,20,source_record_id,character varying(100),nullable,
ppiq_meta,job_definitions,21,is_deleted,boolean,not_null,
ppiq_meta,job_definitions,22,deleted_at_utc,timestamp with time zone,nullable,
ppiq_meta,job_definitions,23,deleted_reason,character varying(500),nullable,
ppiq_meta,job_definitions,24,target_definition_id,uuid,nullable,
ppiq_meta,job_definitions,25,target_definition_kind,character varying(64),nullable,
ppiq_meta,job_definitions,26,target_definition_version,integer,nullable,
ppiq_meta,job_definitions,27,target_version_policy,character varying(20),nullable,
ppiq_meta,job_definitions,28,target_parameters,jsonb,nullable,
ppiq_meta,job_definitions,3,job_name,character varying(250),not_null,
ppiq_meta,job_definitions,4,job_type,character varying(80),not_null,
ppiq_meta,job_definitions,5,target_id,uuid,nullable,
ppiq_meta,job_definitions,6,target_type,character varying(120),nullable,
ppiq_meta,job_definitions,7,schedule_expression,character varying(250),not_null,
ppiq_meta,job_definitions,8,is_enabled,boolean,not_null,
ppiq_meta,job_definitions,9,last_run_started_at_utc,timestamp with time zone,nullable,
ppiq_meta,job_dependencies,1,id,uuid,not_null,gen_random_uuid()
ppiq_meta,job_dependencies,10,deleted_at_utc,timestamp with time zone,nullable,
ppiq_meta,job_dependencies,11,deleted_reason,character varying(500),nullable,
ppiq_meta,job_dependencies,12,dependency_kind,character varying(20),not_null,'data'::character varying
ppiq_meta,job_dependencies,13,is_required,boolean,not_null,true
ppiq_meta,job_dependencies,14,depends_on_version,integer,nullable,
ppiq_meta,job_dependencies,15,staleness_tolerance_minutes,integer,nullable,
ppiq_meta,job_dependencies,2,job_definition_id,uuid,not_null,
ppiq_meta,job_dependencies,3,depends_on_job_definition_id,uuid,not_null,
ppiq_meta,job_dependencies,4,created_at_utc,timestamp with time zone,not_null,now()
ppiq_meta,job_dependencies,5,updated_at_utc,timestamp with time zone,nullable,
ppiq_meta,job_dependencies,6,is_synthetic,boolean,not_null,false
ppiq_meta,job_dependencies,7,source_system,character varying(100),nullable,
ppiq_meta,job_dependencies,8,source_record_id,character varying(100),nullable,
ppiq_meta,job_dependencies,9,is_deleted,boolean,not_null,false
ppiq_meta,job_log,1,id,uuid,not_null,gen_random_uuid()
ppiq_meta,job_log,2,occurred_at_utc,timestamp with time zone,not_null,now()
ppiq_meta,job_log,3,job_type,text,not_null,
ppiq_meta,job_log,4,job_name,text,not_null,
ppiq_meta,job_log,5,run_id,uuid,nullable,
ppiq_meta,job_log,6,severity,text,not_null,
ppiq_meta,job_log,7,message,text,not_null,
ppiq_meta,job_log,8,context,jsonb,not_null,'{}'::jsonb
ppiq_meta,job_log,9,site_code,text,nullable,
ppiq_meta,job_run_dependencies,1,id,uuid,not_null,gen_random_uuid()
ppiq_meta,job_run_dependencies,10,reason,text,nullable,
ppiq_meta,job_run_dependencies,11,watermark_inherited,text,nullable,
ppiq_meta,job_run_dependencies,12,created_at_utc,timestamp with time zone,not_null,now()
ppiq_meta,job_run_dependencies,13,updated_at_utc,timestamp with time zone,nullable,
ppiq_meta,job_run_dependencies,14,is_synthetic,boolean,not_null,false
ppiq_meta,job_run_dependencies,15,source_system,character varying(100),nullable,
ppiq_meta,job_run_dependencies,16,source_record_id,character varying(100),nullable,
ppiq_meta,job_run_dependencies,17,is_deleted,boolean,not_null,false
ppiq_meta,job_run_dependencies,18,deleted_at_utc,timestamp with time zone,nullable,
ppiq_meta,job_run_dependencies,19,deleted_reason,character varying(500),nullable,
ppiq_meta,job_run_dependencies,2,run_id,uuid,not_null,
ppiq_meta,job_run_dependencies,3,depends_on_run_id,uuid,nullable,
ppiq_meta,job_run_dependencies,4,job_definition_id,uuid,not_null,
ppiq_meta,job_run_dependencies,5,depends_on_job_definition_id,uuid,not_null,
ppiq_meta,job_run_dependencies,6,resolution,character varying(20),not_null,
ppiq_meta,job_run_dependencies,7,resolved_at_utc,timestamp with time zone,not_null,now()
ppiq_meta,job_run_dependencies,8,expected_version,integer,nullable,
ppiq_meta,job_run_dependencies,9,actual_version,integer,nullable,
ppiq_meta,job_run_histories,1,id,uuid,not_null,
ppiq_meta,job_run_histories,10,trigger_source,character varying(120),not_null,
ppiq_meta,job_run_histories,11,triggered_by,character varying(200),nullable,
ppiq_meta,job_run_histories,12,correlation_id,character varying(120),nullable,
ppiq_meta,job_run_histories,13,failure_reason,character varying(4000),nullable,
ppiq_meta,job_run_histories,14,run_message,character varying(4000),nullable,
ppiq_meta,job_run_histories,15,result_summary_json,jsonb,nullable,
ppiq_meta,job_run_histories,16,created_at_utc,timestamp with time zone,not_null,
ppiq_meta,job_run_histories,17,updated_at_utc,timestamp with time zone,nullable,
ppiq_meta,job_run_histories,18,is_synthetic,boolean,not_null,
ppiq_meta,job_run_histories,19,source_system,character varying(100),nullable,
ppiq_meta,job_run_histories,2,job_definition_id,uuid,not_null,
ppiq_meta,job_run_histories,20,source_record_id,character varying(100),nullable,
ppiq_meta,job_run_histories,21,is_deleted,boolean,not_null,
ppiq_meta,job_run_histories,22,deleted_at_utc,timestamp with time zone,nullable,
ppiq_meta,job_run_histories,23,deleted_reason,character varying(500),nullable,
ppiq_meta,job_run_histories,24,target_definition_id,uuid,nullable,
ppiq_meta,job_run_histories,25,target_definition_kind,character varying(64),nullable,
ppiq_meta,job_run_histories,26,target_definition_version,integer,nullable,
ppiq_meta,job_run_histories,27,target_version_policy,character varying(20),nullable,
ppiq_meta,job_run_histories,28,target_parameters,jsonb,nullable,
ppiq_meta,job_run_histories,3,job_code,character varying(120),not_null,
ppiq_meta,job_run_histories,4,job_name,character varying(250),not_null,
ppiq_meta,job_run_histories,5,job_type,character varying(80),not_null,
ppiq_meta,job_run_histories,6,status,character varying(50),not_null,
ppiq_meta,job_run_histories,7,started_at_utc,timestamp with time zone,not_null,
ppiq_meta,job_run_histories,8,completed_at_utc,timestamp with time zone,nullable,
ppiq_meta,job_run_histories,9,duration_ms,bigint,nullable,
ppiq_meta,kpi_definitions,1,id,uuid,not_null,
ppiq_meta,kpi_definitions,10,aggregation_type,character varying(80),not_null,
ppiq_meta,kpi_definitions,11,kpi_options_json,jsonb,not_null,'{}'::jsonb
ppiq_meta,kpi_definitions,12,is_active,boolean,not_null,
ppiq_meta,kpi_definitions,13,description,character varying(1000),nullable,
ppiq_meta,kpi_definitions,14,created_at_utc,timestamp with time zone,not_null,
ppiq_meta,kpi_definitions,15,updated_at_utc,timestamp with time zone,nullable,
ppiq_meta,kpi_definitions,16,is_synthetic,boolean,not_null,
ppiq_meta,kpi_definitions,17,source_system,character varying(100),nullable,
ppiq_meta,kpi_definitions,18,source_record_id,character varying(100),nullable,
ppiq_meta,kpi_definitions,19,is_deleted,boolean,not_null,
ppiq_meta,kpi_definitions,2,schema_view_definition_id,uuid,nullable,
ppiq_meta,kpi_definitions,20,deleted_at_utc,timestamp with time zone,nullable,
ppiq_meta,kpi_definitions,21,deleted_reason,character varying(500),nullable,
ppiq_meta,kpi_definitions,3,kpi_code,character varying(120),not_null,
ppiq_meta,kpi_definitions,4,kpi_name,character varying(250),not_null,
ppiq_meta,kpi_definitions,5,kpi_category,character varying(80),not_null,
ppiq_meta,kpi_definitions,6,value_expression,character varying(2000),not_null,
ppiq_meta,kpi_definitions,7,unit,character varying(80),nullable,
ppiq_meta,kpi_definitions,8,dimension_expression,character varying(1000),nullable,
ppiq_meta,kpi_definitions,9,filter_expression,character varying(2000),nullable,
ppiq_meta,kpi_evaluation_alerts,1,id,uuid,not_null,gen_random_uuid()
ppiq_meta,kpi_evaluation_alerts,2,tenant_id,uuid,not_null,
ppiq_meta,kpi_evaluation_alerts,3,kpi_code,text,not_null,
ppiq_meta,kpi_evaluation_alerts,4,evaluated_value,double precision,nullable,
ppiq_meta,kpi_evaluation_alerts,5,target_value,double precision,nullable,
ppiq_meta,kpi_evaluation_alerts,6,severity,text,not_null,
ppiq_meta,kpi_evaluation_alerts,7,message,text,nullable,
ppiq_meta,kpi_evaluation_alerts,8,created_at_utc,timestamp with time zone,not_null,now()
ppiq_meta,kpi_parameter_bindings,1,id,uuid,not_null,
ppiq_meta,kpi_parameter_bindings,10,source_system,text,nullable,
ppiq_meta,kpi_parameter_bindings,11,source_record_id,text,nullable,
ppiq_meta,kpi_parameter_bindings,12,created_at_utc,timestamp with time zone,not_null,now()
ppiq_meta,kpi_parameter_bindings,13,updated_at_utc,timestamp with time zone,nullable,
ppiq_meta,kpi_parameter_bindings,14,is_deleted,boolean,not_null,false
ppiq_meta,kpi_parameter_bindings,15,deleted_at_utc,timestamp with time zone,nullable,
ppiq_meta,kpi_parameter_bindings,16,deleted_reason,text,nullable,
ppiq_meta,kpi_parameter_bindings,17,tenant_id,uuid,nullable,
ppiq_meta,kpi_parameter_bindings,18,aggregation_kind_override,character varying(32),nullable,
ppiq_meta,kpi_parameter_bindings,19,weight_basis_override,character varying(32),nullable,
ppiq_meta,kpi_parameter_bindings,2,kpi_code,text,not_null,
ppiq_meta,kpi_parameter_bindings,20,window_semantics_override,jsonb,nullable,
ppiq_meta,kpi_parameter_bindings,3,kpi_name,text,not_null,
ppiq_meta,kpi_parameter_bindings,4,parameter_definition_id,uuid,not_null,
ppiq_meta,kpi_parameter_bindings,5,aggregation_method,text,not_null,'Average'::text
ppiq_meta,kpi_parameter_bindings,6,unit_of_measure,text,nullable,
ppiq_meta,kpi_parameter_bindings,7,filter_json,jsonb,not_null,'{}'::jsonb
ppiq_meta,kpi_parameter_bindings,8,is_active,boolean,not_null,true
ppiq_meta,kpi_parameter_bindings,9,is_synthetic,boolean,not_null,false
ppiq_meta,kpi_targets,1,id,uuid,not_null,gen_random_uuid()
ppiq_meta,kpi_targets,10,effective_to_utc,timestamp with time zone,nullable,
ppiq_meta,kpi_targets,11,is_active,boolean,not_null,true
ppiq_meta,kpi_targets,12,created_at_utc,timestamp with time zone,not_null,now()
ppiq_meta,kpi_targets,13,updated_at_utc,timestamp with time zone,nullable,
ppiq_meta,kpi_targets,2,tenant_id,uuid,not_null,
ppiq_meta,kpi_targets,3,kpi_code,text,not_null,
ppiq_meta,kpi_targets,4,target_value,double precision,not_null,
ppiq_meta,kpi_targets,5,alert_direction,text,not_null,'BelowTargetIsBad'::text
ppiq_meta,kpi_targets,6,warning_at,double precision,nullable,
ppiq_meta,kpi_targets,7,critical_at,double precision,nullable,
ppiq_meta,kpi_targets,8,unit,text,nullable,
ppiq_meta,kpi_targets,9,effective_from_utc,timestamp with time zone,not_null,now()
ppiq_meta,log_rule_details,1,definition_version_id,uuid,not_null,
ppiq_meta,log_rule_details,2,condition_expression,text,nullable,
ppiq_meta,log_rule_details,3,severity,character varying(20),nullable,
ppiq_meta,log_rule_details,4,message_template,text,nullable,
ppiq_meta,log_rule_details,5,scope_declaration,jsonb,nullable,
ppiq_meta,long_operation_progress,1,id,uuid,not_null,
ppiq_meta,long_operation_progress,10,message,text,nullable,
ppiq_meta,long_operation_progress,11,started_at_utc,timestamp with time zone,not_null,now()
ppiq_meta,long_operation_progress,12,completed_at_utc,timestamp with time zone,nullable,
ppiq_meta,long_operation_progress,13,failed_at_utc,timestamp with time zone,nullable,
ppiq_meta,long_operation_progress,14,failure_reason,text,nullable,
ppiq_meta,long_operation_progress,15,correlation_id,text,nullable,
ppiq_meta,long_operation_progress,16,requested_by,text,nullable,
ppiq_meta,long_operation_progress,17,metadata_json,jsonb,not_null,'{}'::jsonb
ppiq_meta,long_operation_progress,18,created_at_utc,timestamp with time zone,not_null,now()
ppiq_meta,long_operation_progress,19,updated_at_utc,timestamp with time zone,nullable,
ppiq_meta,long_operation_progress,2,operation_code,text,not_null,
ppiq_meta,long_operation_progress,3,operation_type,text,not_null,
ppiq_meta,long_operation_progress,4,operation_name,text,not_null,
ppiq_meta,long_operation_progress,5,status,text,not_null,'Queued'::text
ppiq_meta,long_operation_progress,6,percent_complete,"numeric(5,2)",not_null,0
ppiq_meta,long_operation_progress,7,current_step,text,nullable,
ppiq_meta,long_operation_progress,8,total_steps,integer,nullable,
ppiq_meta,long_operation_progress,9,completed_steps,integer,nullable,
ppiq_meta,mapping_definitions,1,id,uuid,not_null,
ppiq_meta,mapping_definitions,10,description,character varying(1000),nullable,
ppiq_meta,mapping_definitions,11,created_at_utc,timestamp with time zone,not_null,
ppiq_meta,mapping_definitions,12,updated_at_utc,timestamp with time zone,nullable,
ppiq_meta,mapping_definitions,13,is_synthetic,boolean,not_null,
ppiq_meta,mapping_definitions,14,source_system,character varying(100),nullable,
ppiq_meta,mapping_definitions,15,source_record_id,character varying(100),nullable,
ppiq_meta,mapping_definitions,16,is_deleted,boolean,not_null,
ppiq_meta,mapping_definitions,17,deleted_at_utc,timestamp with time zone,nullable,
ppiq_meta,mapping_definitions,18,deleted_reason,character varying(500),nullable,
ppiq_meta,mapping_definitions,2,source_system_definition_id,uuid,not_null,
ppiq_meta,mapping_definitions,3,mapping_code,character varying(100),not_null,
ppiq_meta,mapping_definitions,4,mapping_name,character varying(200),not_null,
ppiq_meta,mapping_definitions,5,source_object_name,character varying(200),not_null,
ppiq_meta,mapping_definitions,6,target_entity_name,character varying(100),not_null,
ppiq_meta,mapping_definitions,7,mapping_json,jsonb,not_null,
ppiq_meta,mapping_definitions,8,mapping_version,character varying(50),not_null,
ppiq_meta,mapping_definitions,9,is_active,boolean,not_null,
ppiq_meta,material_unit_type_definitions,1,id,uuid,not_null,
ppiq_meta,material_unit_type_definitions,10,is_synthetic,boolean,not_null,
ppiq_meta,material_unit_type_definitions,11,source_system,character varying(100),nullable,
ppiq_meta,material_unit_type_definitions,12,source_record_id,character varying(100),nullable,
ppiq_meta,material_unit_type_definitions,13,is_deleted,boolean,not_null,
ppiq_meta,material_unit_type_definitions,14,deleted_at_utc,timestamp with time zone,nullable,
ppiq_meta,material_unit_type_definitions,15,deleted_reason,character varying(500),nullable,
ppiq_meta,material_unit_type_definitions,2,industry_template_id,uuid,not_null,
ppiq_meta,material_unit_type_definitions,3,material_unit_type_code,character varying(100),not_null,
ppiq_meta,material_unit_type_definitions,4,material_unit_type_name,character varying(200),not_null,
ppiq_meta,material_unit_type_definitions,5,description,character varying(1000),nullable,
ppiq_meta,material_unit_type_definitions,6,sort_order,integer,not_null,
ppiq_meta,material_unit_type_definitions,7,is_active,boolean,not_null,
ppiq_meta,material_unit_type_definitions,8,created_at_utc,timestamp with time zone,not_null,
ppiq_meta,material_unit_type_definitions,9,updated_at_utc,timestamp with time zone,nullable,
ppiq_meta,ml_ai_provider_catalog_v1,1,provider_key,text,not_null,
ppiq_meta,ml_ai_provider_catalog_v1,10,safety_policy,text,not_null,
ppiq_meta,ml_ai_provider_catalog_v1,11,created_at_utc,timestamp with time zone,not_null,now()
ppiq_meta,ml_ai_provider_catalog_v1,12,updated_at_utc,timestamp with time zone,nullable,
ppiq_meta,ml_ai_provider_catalog_v1,2,provider_kind,text,not_null,
ppiq_meta,ml_ai_provider_catalog_v1,3,provider_mode,text,not_null,
ppiq_meta,ml_ai_provider_catalog_v1,4,is_enabled,boolean,not_null,true
ppiq_meta,ml_ai_provider_catalog_v1,5,is_default,boolean,not_null,false
ppiq_meta,ml_ai_provider_catalog_v1,6,sends_raw_plant_data,boolean,not_null,false
ppiq_meta,ml_ai_provider_catalog_v1,7,supports_air_gapped,boolean,not_null,false
ppiq_meta,ml_ai_provider_catalog_v1,8,supports_api_mode,boolean,not_null,false
ppiq_meta,ml_ai_provider_catalog_v1,9,model_key,text,not_null,
ppiq_meta,ml_correlation_compute_runs,1,id,uuid,not_null,gen_random_uuid()
ppiq_meta,ml_correlation_compute_runs,10,message,text,nullable,
ppiq_meta,ml_correlation_compute_runs,11,request_json,jsonb,not_null,'{}'::jsonb
ppiq_meta,ml_correlation_compute_runs,12,tenant_id,uuid,nullable,
ppiq_meta,ml_correlation_compute_runs,2,engine_key,text,not_null,
ppiq_meta,ml_correlation_compute_runs,3,target_outcome_key,text,not_null,
ppiq_meta,ml_correlation_compute_runs,4,grain,text,not_null,
ppiq_meta,ml_correlation_compute_runs,5,window_days,integer,not_null,
ppiq_meta,ml_correlation_compute_runs,6,status,text,not_null,
ppiq_meta,ml_correlation_compute_runs,7,started_at_utc,timestamp with time zone,not_null,now()
ppiq_meta,ml_correlation_compute_runs,8,completed_at_utc,timestamp with time zone,nullable,
ppiq_meta,ml_correlation_compute_runs,9,duration_ms,integer,not_null,0
ppiq_meta,ml_feature_definitions,1,id,uuid,not_null,gen_random_uuid()
ppiq_meta,ml_feature_definitions,10,source_view_code,text,nullable,
ppiq_meta,ml_feature_definitions,11,source_column,text,nullable,
ppiq_meta,ml_feature_definitions,12,genealogy_required,boolean,not_null,false
ppiq_meta,ml_feature_definitions,13,is_missingness_informative,boolean,not_null,false
ppiq_meta,ml_feature_definitions,14,version,integer,not_null,1
ppiq_meta,ml_feature_definitions,15,status,text,not_null,'Active'::text
ppiq_meta,ml_feature_definitions,16,metadata_json,jsonb,not_null,'{}'::jsonb
ppiq_meta,ml_feature_definitions,17,created_at_utc,timestamp with time zone,not_null,now()
ppiq_meta,ml_feature_definitions,18,updated_at_utc,timestamp with time zone,nullable,
ppiq_meta,ml_feature_definitions,19,is_deleted,boolean,not_null,false
ppiq_meta,ml_feature_definitions,2,feature_key,text,not_null,
ppiq_meta,ml_feature_definitions,3,display_name,text,not_null,
ppiq_meta,ml_feature_definitions,4,feature_group,text,not_null,
ppiq_meta,ml_feature_definitions,5,grain,text,not_null,
ppiq_meta,ml_feature_definitions,6,value_type,text,not_null,
ppiq_meta,ml_feature_definitions,7,unit,text,nullable,
ppiq_meta,ml_feature_definitions,8,formula_kind,text,not_null,'Observed'::text
ppiq_meta,ml_feature_definitions,9,formula_sql,text,nullable,
ppiq_meta,ml_feature_store_refresh_runs,1,id,uuid,not_null,gen_random_uuid()
ppiq_meta,ml_feature_store_refresh_runs,10,engine_key,text,nullable,
ppiq_meta,ml_feature_store_refresh_runs,11,engine_version,text,nullable,
ppiq_meta,ml_feature_store_refresh_runs,2,status,text,not_null,
ppiq_meta,ml_feature_store_refresh_runs,3,window_days,integer,not_null,
ppiq_meta,ml_feature_store_refresh_runs,4,feature_row_count,integer,not_null,0
ppiq_meta,ml_feature_store_refresh_runs,5,outcome_row_count,integer,not_null,0
ppiq_meta,ml_feature_store_refresh_runs,6,started_at_utc,timestamp with time zone,not_null,now()
ppiq_meta,ml_feature_store_refresh_runs,7,completed_at_utc,timestamp with time zone,nullable,
ppiq_meta,ml_feature_store_refresh_runs,8,duration_ms,integer,not_null,0
ppiq_meta,ml_feature_store_refresh_runs,9,message,text,nullable,
ppiq_meta,ml_job_lifecycle_states,1,id,uuid,not_null,
ppiq_meta,ml_job_lifecycle_states,10,next_recommended_action,text,nullable,
ppiq_meta,ml_job_lifecycle_states,11,no_production_prediction,boolean,not_null,true
ppiq_meta,ml_job_lifecycle_states,12,metadata_json,jsonb,not_null,'{}'::jsonb
ppiq_meta,ml_job_lifecycle_states,13,is_active,boolean,not_null,true
ppiq_meta,ml_job_lifecycle_states,14,created_at_utc,timestamp with time zone,not_null,now()
ppiq_meta,ml_job_lifecycle_states,15,updated_at_utc,timestamp with time zone,nullable,
ppiq_meta,ml_job_lifecycle_states,16,is_deleted,boolean,not_null,false
ppiq_meta,ml_job_lifecycle_states,2,ml_job_code,text,not_null,
ppiq_meta,ml_job_lifecycle_states,3,ml_job_name,text,not_null,
ppiq_meta,ml_job_lifecycle_states,4,state,text,not_null,
ppiq_meta,ml_job_lifecycle_states,5,state_reason,text,not_null,
ppiq_meta,ml_job_lifecycle_states,6,readiness_score,"numeric(5,2)",nullable,
ppiq_meta,ml_job_lifecycle_states,7,label_count,integer,nullable,
ppiq_meta,ml_job_lifecycle_states,8,feature_count,integer,nullable,
ppiq_meta,ml_job_lifecycle_states,9,last_evaluated_at_utc,timestamp with time zone,nullable,
ppiq_meta,ml_knowledge_base_items,1,id,uuid,not_null,gen_random_uuid()
ppiq_meta,ml_knowledge_base_items,10,grade,text,nullable,
ppiq_meta,ml_knowledge_base_items,11,line,text,nullable,
ppiq_meta,ml_knowledge_base_items,12,window_code,text,nullable,
ppiq_meta,ml_knowledge_base_items,13,q_value,double precision,nullable,
ppiq_meta,ml_knowledge_base_items,14,source_result_id,uuid,nullable,
ppiq_meta,ml_knowledge_base_items,15,created_at_utc,timestamp with time zone,not_null,now()
ppiq_meta,ml_knowledge_base_items,16,updated_at_utc,timestamp with time zone,nullable,
ppiq_meta,ml_knowledge_base_items,17,is_deleted,boolean,not_null,false
ppiq_meta,ml_knowledge_base_items,2,item_key,text,not_null,
ppiq_meta,ml_knowledge_base_items,3,item_type,text,not_null,
ppiq_meta,ml_knowledge_base_items,4,title,text,not_null,
ppiq_meta,ml_knowledge_base_items,5,body,text,not_null,
ppiq_meta,ml_knowledge_base_items,6,embedding_json,jsonb,not_null,'[]'::jsonb
ppiq_meta,ml_knowledge_base_items,7,metadata_json,jsonb,not_null,'{}'::jsonb
ppiq_meta,ml_knowledge_base_items,8,area,text,nullable,
ppiq_meta,ml_knowledge_base_items,9,defect_class,text,nullable,
ppiq_meta,ml_learning_backoff_audit_v1,1,id,uuid,not_null,gen_random_uuid()
ppiq_meta,ml_learning_backoff_audit_v1,2,job_code,text,not_null,
ppiq_meta,ml_learning_backoff_audit_v1,3,previous_backoff_minutes,integer,not_null,
ppiq_meta,ml_learning_backoff_audit_v1,4,next_backoff_minutes,integer,not_null,
ppiq_meta,ml_learning_backoff_audit_v1,5,cap_minutes,integer,not_null,
ppiq_meta,ml_learning_backoff_audit_v1,6,failure_reason,text,not_null,
ppiq_meta,ml_learning_backoff_audit_v1,7,created_at_utc,timestamp with time zone,not_null,now()
ppiq_meta,ml_learning_golden_test_results_v1,1,id,uuid,not_null,gen_random_uuid()
ppiq_meta,ml_learning_golden_test_results_v1,2,test_code,text,not_null,
ppiq_meta,ml_learning_golden_test_results_v1,3,passed,boolean,not_null,
ppiq_meta,ml_learning_golden_test_results_v1,4,details,jsonb,not_null,'{}'::jsonb
ppiq_meta,ml_learning_golden_test_results_v1,5,created_at_utc,timestamp with time zone,not_null,now()
ppiq_meta,ml_learning_job_catalog_v1,1,job_code,text,not_null,
ppiq_meta,ml_learning_job_catalog_v1,10,backoff_minutes,integer,not_null,60
ppiq_meta,ml_learning_job_catalog_v1,11,max_backoff_minutes,integer,not_null,1440
ppiq_meta,ml_learning_job_catalog_v1,12,last_status,text,nullable,
ppiq_meta,ml_learning_job_catalog_v1,13,last_run_id,uuid,nullable,
ppiq_meta,ml_learning_job_catalog_v1,14,last_started_at_utc,timestamp with time zone,nullable,
ppiq_meta,ml_learning_job_catalog_v1,15,last_finished_at_utc,timestamp with time zone,nullable,
ppiq_meta,ml_learning_job_catalog_v1,16,next_run_hint_utc,timestamp with time zone,nullable,
ppiq_meta,ml_learning_job_catalog_v1,17,last_error,text,nullable,
ppiq_meta,ml_learning_job_catalog_v1,18,created_at_utc,timestamp with time zone,not_null,now()
ppiq_meta,ml_learning_job_catalog_v1,19,updated_at_utc,timestamp with time zone,nullable,
ppiq_meta,ml_learning_job_catalog_v1,2,job_name,text,not_null,
ppiq_meta,ml_learning_job_catalog_v1,3,job_type,text,not_null,
ppiq_meta,ml_learning_job_catalog_v1,4,outcome_family,text,not_null,
ppiq_meta,ml_learning_job_catalog_v1,5,default_schedule,text,not_null,
ppiq_meta,ml_learning_job_catalog_v1,6,default_window_days,integer,not_null,
ppiq_meta,ml_learning_job_catalog_v1,7,is_enabled,boolean,not_null,false
ppiq_meta,ml_learning_job_catalog_v1,8,is_user_overridable,boolean,not_null,true
ppiq_meta,ml_learning_job_catalog_v1,9,readiness_gate_code,text,not_null,'ml_readiness_required'::text
ppiq_meta,ml_learning_runs_v1,1,id,uuid,not_null,gen_random_uuid()
ppiq_meta,ml_learning_runs_v1,10,readiness_message,text,nullable,
ppiq_meta,ml_learning_runs_v1,11,error_message,text,nullable,
ppiq_meta,ml_learning_runs_v1,12,request_json,jsonb,not_null,'{}'::jsonb
ppiq_meta,ml_learning_runs_v1,2,job_code,text,not_null,
ppiq_meta,ml_learning_runs_v1,3,outcome_family,text,not_null,
ppiq_meta,ml_learning_runs_v1,4,window_days,integer,not_null,
ppiq_meta,ml_learning_runs_v1,5,status,text,not_null,
ppiq_meta,ml_learning_runs_v1,6,started_at_utc,timestamp with time zone,not_null,now()
ppiq_meta,ml_learning_runs_v1,7,finished_at_utc,timestamp with time zone,nullable,
ppiq_meta,ml_learning_runs_v1,8,result_count,integer,not_null,0
ppiq_meta,ml_learning_runs_v1,9,readiness_status,text,not_null,'NotEvaluated'::text
ppiq_meta,ml_narrative_safety_audit_v1,1,id,uuid,not_null,gen_random_uuid()
ppiq_meta,ml_narrative_safety_audit_v1,10,safety_status,text,not_null,
ppiq_meta,ml_narrative_safety_audit_v1,11,created_at_utc,timestamp with time zone,not_null,now()
ppiq_meta,ml_narrative_safety_audit_v1,2,provider_key,text,not_null,
ppiq_meta,ml_narrative_safety_audit_v1,3,request_purpose,text,not_null,
ppiq_meta,ml_narrative_safety_audit_v1,4,sanitized_payload,jsonb,not_null,
ppiq_meta,ml_narrative_safety_audit_v1,5,raw_payload_contains_material_ids,boolean,not_null,false
ppiq_meta,ml_narrative_safety_audit_v1,6,raw_payload_contains_source_rows,boolean,not_null,false
ppiq_meta,ml_narrative_safety_audit_v1,7,raw_payload_contains_equipment_logs,boolean,not_null,false
ppiq_meta,ml_narrative_safety_audit_v1,8,used_external_api,boolean,not_null,false
ppiq_meta,ml_narrative_safety_audit_v1,9,degraded_offline,boolean,not_null,false
ppiq_meta,ml_outcome_definitions,1,id,uuid,nullable,
ppiq_meta,ml_outcome_definitions,10,taxonomy_json,jsonb,nullable,
ppiq_meta,ml_outcome_definitions,11,created_at_utc,timestamp with time zone,nullable,
ppiq_meta,ml_outcome_definitions,12,updated_at_utc,timestamp with time zone,nullable,
ppiq_meta,ml_outcome_definitions,13,is_deleted,boolean,nullable,
ppiq_meta,ml_outcome_definitions,14,definition_version_id,uuid,nullable,
ppiq_meta,ml_outcome_definitions,15,definition_id,uuid,nullable,
ppiq_meta,ml_outcome_definitions,2,outcome_key,text,nullable,
ppiq_meta,ml_outcome_definitions,3,display_name,text,nullable,
ppiq_meta,ml_outcome_definitions,4,outcome_group,text,nullable,
ppiq_meta,ml_outcome_definitions,5,grain,text,nullable,
ppiq_meta,ml_outcome_definitions,6,outcome_type,character varying(20),nullable,
ppiq_meta,ml_outcome_definitions,7,unit,text,nullable,
ppiq_meta,ml_outcome_definitions,8,version,integer,nullable,
ppiq_meta,ml_outcome_definitions,9,status,character varying(20),nullable,
ppiq_meta,model_details,1,definition_version_id,uuid,not_null,
ppiq_meta,model_details,2,algorithm_code,character varying(60),nullable,
ppiq_meta,model_details,3,hyperparameters,jsonb,not_null,'{}'::jsonb
ppiq_meta,model_details,4,split_strategy,jsonb,nullable,
ppiq_meta,model_details,5,acceptance_floor,jsonb,nullable,
ppiq_meta,model_registries,1,id,uuid,not_null,
ppiq_meta,model_registries,10,metrics_json,jsonb,nullable,
ppiq_meta,model_registries,11,is_active,boolean,not_null,
ppiq_meta,model_registries,12,registered_at_utc,timestamp with time zone,not_null,
ppiq_meta,model_registries,13,created_at_utc,timestamp with time zone,not_null,
ppiq_meta,model_registries,14,updated_at_utc,timestamp with time zone,nullable,
ppiq_meta,model_registries,15,is_synthetic,boolean,not_null,
ppiq_meta,model_registries,16,source_system,character varying(100),nullable,
ppiq_meta,model_registries,17,source_record_id,character varying(100),nullable,
ppiq_meta,model_registries,18,is_deleted,boolean,not_null,
ppiq_meta,model_registries,19,deleted_at_utc,timestamp with time zone,nullable,
ppiq_meta,model_registries,2,model_code,character varying(100),not_null,
ppiq_meta,model_registries,20,deleted_reason,character varying(500),nullable,
ppiq_meta,model_registries,3,model_name,character varying(200),not_null,
ppiq_meta,model_registries,4,model_type,character varying(50),not_null,
ppiq_meta,model_registries,5,model_version,character varying(100),not_null,
ppiq_meta,model_registries,6,risk_type,character varying(100),not_null,
ppiq_meta,model_registries,7,description,character varying(1000),nullable,
ppiq_meta,model_registries,8,artifact_uri,character varying(1000),nullable,
ppiq_meta,model_registries,9,training_data_summary_json,jsonb,nullable,
ppiq_meta,operation_definitions,1,id,uuid,not_null,
ppiq_meta,operation_definitions,10,updated_at_utc,timestamp with time zone,nullable,
ppiq_meta,operation_definitions,11,is_synthetic,boolean,not_null,
ppiq_meta,operation_definitions,12,source_system,character varying(100),nullable,
ppiq_meta,operation_definitions,13,source_record_id,character varying(100),nullable,
ppiq_meta,operation_definitions,14,is_deleted,boolean,not_null,
ppiq_meta,operation_definitions,15,deleted_at_utc,timestamp with time zone,nullable,
ppiq_meta,operation_definitions,16,deleted_reason,character varying(500),nullable,
ppiq_meta,operation_definitions,2,industry_template_id,uuid,not_null,
ppiq_meta,operation_definitions,3,operation_code,character varying(100),not_null,
ppiq_meta,operation_definitions,4,operation_name,character varying(200),not_null,
ppiq_meta,operation_definitions,5,operation_category,character varying(100),nullable,
ppiq_meta,operation_definitions,6,description,character varying(1000),nullable,
ppiq_meta,operation_definitions,7,sort_order,integer,not_null,
ppiq_meta,operation_definitions,8,is_active,boolean,not_null,
ppiq_meta,operation_definitions,9,created_at_utc,timestamp with time zone,not_null,
ppiq_meta,outcome_details,1,definition_version_id,uuid,not_null,
ppiq_meta,outcome_details,10,unit_code,text,nullable,
ppiq_meta,outcome_details,11,censoring_policy,character varying(20),not_null,'none'::character varying
ppiq_meta,outcome_details,2,outcome_code,text,not_null,
ppiq_meta,outcome_details,3,outcome_type,character varying(20),not_null,
ppiq_meta,outcome_details,4,class_taxonomy_ref,text,nullable,
ppiq_meta,outcome_details,5,ordinal_rank_map,jsonb,nullable,
ppiq_meta,outcome_details,6,grain_code,text,not_null,
ppiq_meta,outcome_details,7,detection_position_code,text,not_null,
ppiq_meta,outcome_details,8,detection_timestamp_field,text,not_null,
ppiq_meta,outcome_details,9,direction,character varying(20),not_null,'none'::character varying
ppiq_meta,page_definition_audit,1,id,uuid,not_null,gen_random_uuid()
ppiq_meta,page_definition_audit,2,page_definition_id,uuid,not_null,
ppiq_meta,page_definition_audit,3,audit_action,text,not_null,
ppiq_meta,page_definition_audit,4,actor_user_name,text,not_null,
ppiq_meta,page_definition_audit,5,version,integer,not_null,
ppiq_meta,page_definition_audit,6,created_at_utc,timestamp with time zone,not_null,now()
ppiq_meta,page_definition_audit,7,payload_json,jsonb,nullable,
ppiq_meta,page_definition_shares,1,id,uuid,not_null,gen_random_uuid()
ppiq_meta,page_definition_shares,2,page_definition_id,uuid,not_null,
ppiq_meta,page_definition_shares,3,shared_with_user_name,text,not_null,
ppiq_meta,page_definition_shares,4,permission,text,not_null,'Viewer'::text
ppiq_meta,page_definition_shares,5,created_at_utc,timestamp with time zone,not_null,now()
ppiq_meta,page_definitions,1,id,uuid,not_null,gen_random_uuid()
ppiq_meta,page_definitions,10,is_deleted,boolean,not_null,false
ppiq_meta,page_definitions,11,created_at_utc,timestamp with time zone,not_null,now()
ppiq_meta,page_definitions,12,updated_at_utc,timestamp with time zone,not_null,now()
ppiq_meta,page_definitions,13,audience_roles,jsonb,not_null,'[]'::jsonb
ppiq_meta,page_definitions,14,backing_dashboard_definition_id,uuid,nullable,
ppiq_meta,page_definitions,15,published_at_utc,timestamp with time zone,nullable,
ppiq_meta,page_definitions,2,tenant_id,text,not_null,'demo'::text
ppiq_meta,page_definitions,3,slug,text,not_null,
ppiq_meta,page_definitions,4,title,text,not_null,
ppiq_meta,page_definitions,5,owner_user_name,text,not_null,
ppiq_meta,page_definitions,6,visibility,text,not_null,'Private'::text
ppiq_meta,page_definitions,7,version,integer,not_null,1
ppiq_meta,page_definitions,8,layout_json,jsonb,not_null,"'{""widgets"": []}'::jsonb"
ppiq_meta,page_definitions,9,widget_bindings_json,jsonb,not_null,"'{""bindings"": []}'::jsonb"
ppiq_meta,page_details,1,definition_version_id,uuid,not_null,
ppiq_meta,page_details,2,layout_json,jsonb,not_null,'{}'::jsonb
ppiq_meta,page_details,3,sheets,jsonb,not_null,'[]'::jsonb
ppiq_meta,page_details,4,audience_roles,jsonb,not_null,'[]'::jsonb
ppiq_meta,page_details,5,default_filters,jsonb,not_null,'[]'::jsonb
ppiq_meta,parameter_definitions,1,id,uuid,not_null,
ppiq_meta,parameter_definitions,10,created_at_utc,timestamp with time zone,not_null,
ppiq_meta,parameter_definitions,11,updated_at_utc,timestamp with time zone,nullable,
ppiq_meta,parameter_definitions,12,is_synthetic,boolean,not_null,
ppiq_meta,parameter_definitions,13,source_system,character varying(100),nullable,
ppiq_meta,parameter_definitions,14,source_record_id,character varying(100),nullable,
ppiq_meta,parameter_definitions,15,is_deleted,boolean,not_null,
ppiq_meta,parameter_definitions,16,deleted_at_utc,timestamp with time zone,nullable,
ppiq_meta,parameter_definitions,17,deleted_reason,character varying(500),nullable,
ppiq_meta,parameter_definitions,18,tenant_id,uuid,nullable,
ppiq_meta,parameter_definitions,19,signal_kind,character varying(32),nullable,
ppiq_meta,parameter_definitions,2,parameter_code,character varying(100),not_null,
ppiq_meta,parameter_definitions,20,sampling_basis,character varying(32),nullable,
ppiq_meta,parameter_definitions,21,aggregation_kind,character varying(32),nullable,
ppiq_meta,parameter_definitions,22,interpolation_kind,character varying(32),nullable,
ppiq_meta,parameter_definitions,23,weight_basis,character varying(32),nullable,
ppiq_meta,parameter_definitions,24,maximum_gap_seconds,integer,nullable,
ppiq_meta,parameter_definitions,25,counter_reset_policy,character varying(32),nullable,
ppiq_meta,parameter_definitions,26,quality_policy,character varying(32),nullable,
ppiq_meta,parameter_definitions,27,time_basis,character varying(32),nullable,
ppiq_meta,parameter_definitions,28,semantics_version,integer,not_null,0
ppiq_meta,parameter_definitions,29,semantics_declared_at_utc,timestamp with time zone,nullable,
ppiq_meta,parameter_definitions,3,parameter_name,character varying(200),not_null,
ppiq_meta,parameter_definitions,4,value_type,character varying(50),not_null,
ppiq_meta,parameter_definitions,5,unit_of_measure,character varying(50),nullable,
ppiq_meta,parameter_definitions,6,parameter_category,character varying(100),nullable,
ppiq_meta,parameter_definitions,7,industry_template,character varying(100),nullable,
ppiq_meta,parameter_definitions,8,expected_min_value,"numeric(18,6)",nullable,
ppiq_meta,parameter_definitions,9,expected_max_value,"numeric(18,6)",nullable,
ppiq_meta,parameter_signal_semantics_history,1,id,uuid,not_null,gen_random_uuid()
ppiq_meta,parameter_signal_semantics_history,10,maximum_gap_seconds,integer,nullable,
ppiq_meta,parameter_signal_semantics_history,11,counter_reset_policy,character varying(32),nullable,
ppiq_meta,parameter_signal_semantics_history,12,quality_policy,character varying(32),nullable,
ppiq_meta,parameter_signal_semantics_history,13,time_basis,character varying(32),nullable,
ppiq_meta,parameter_signal_semantics_history,14,effective_from_utc,timestamp with time zone,nullable,
ppiq_meta,parameter_signal_semantics_history,15,superseded_at_utc,timestamp with time zone,not_null,now()
ppiq_meta,parameter_signal_semantics_history,2,parameter_definition_id,uuid,not_null,
ppiq_meta,parameter_signal_semantics_history,3,tenant_id,uuid,nullable,
ppiq_meta,parameter_signal_semantics_history,4,semantics_version,integer,not_null,
ppiq_meta,parameter_signal_semantics_history,5,signal_kind,character varying(32),nullable,
ppiq_meta,parameter_signal_semantics_history,6,sampling_basis,character varying(32),nullable,
ppiq_meta,parameter_signal_semantics_history,7,aggregation_kind,character varying(32),nullable,
ppiq_meta,parameter_signal_semantics_history,8,interpolation_kind,character varying(32),nullable,
ppiq_meta,parameter_signal_semantics_history,9,weight_basis,character varying(32),nullable,
ppiq_meta,plant_relationship_members,1,id,uuid,not_null,gen_random_uuid()
ppiq_meta,plant_relationship_members,2,relationship_id,uuid,not_null,
ppiq_meta,plant_relationship_members,3,left_column,character varying(200),not_null,
ppiq_meta,plant_relationship_members,4,right_column,character varying(200),not_null,
ppiq_meta,plant_relationship_members,5,member_order,smallint,not_null,
ppiq_meta,plant_relationship_members,6,comparison,character varying(10),not_null,'='::character varying
ppiq_meta,plant_relationship_paths,1,id,uuid,not_null,gen_random_uuid()
ppiq_meta,plant_relationship_paths,2,tenant_id,uuid,not_null,
ppiq_meta,plant_relationship_paths,3,from_entity,character varying(100),not_null,
ppiq_meta,plant_relationship_paths,4,to_entity,character varying(100),not_null,
ppiq_meta,plant_relationship_paths,5,hop_count,smallint,not_null,
ppiq_meta,plant_relationship_paths,6,path_json,jsonb,not_null,
ppiq_meta,plant_relationship_paths,7,crosses_grain,boolean,not_null,
ppiq_meta,plant_relationship_paths,8,is_preferred,boolean,not_null,false
ppiq_meta,plant_relationship_paths,9,computed_at_utc,timestamp with time zone,not_null,now()
ppiq_meta,plant_relationships,1,id,uuid,not_null,gen_random_uuid()
ppiq_meta,plant_relationships,10,is_grain_converting,boolean,nullable,((grain_left)::text <> (grain_right)::text)
ppiq_meta,plant_relationships,11,attribution_rule,character varying(30),nullable,
ppiq_meta,plant_relationships,12,attribution_expression,text,nullable,
ppiq_meta,plant_relationships,13,is_preferred_path,boolean,not_null,false
ppiq_meta,plant_relationships,14,ambiguity_state,character varying(20),not_null,'unambiguous'::character varying
ppiq_meta,plant_relationships,15,validation_state,character varying(20),not_null,'unproven'::character varying
ppiq_meta,plant_relationships,16,validation_detail,jsonb,nullable,
ppiq_meta,plant_relationships,17,source_definition_id,uuid,not_null,
ppiq_meta,plant_relationships,18,source_definition_version,integer,not_null,
ppiq_meta,plant_relationships,19,effective_from_utc,timestamp with time zone,not_null,
ppiq_meta,plant_relationships,2,tenant_id,uuid,not_null,
ppiq_meta,plant_relationships,20,retired_at_utc,timestamp with time zone,nullable,
ppiq_meta,plant_relationships,3,relationship_code,character varying(100),not_null,
ppiq_meta,plant_relationships,4,left_entity,character varying(100),not_null,
ppiq_meta,plant_relationships,5,right_entity,character varying(100),not_null,
ppiq_meta,plant_relationships,6,join_type,character varying(10),not_null,
ppiq_meta,plant_relationships,7,cardinality,character varying(10),not_null,
ppiq_meta,plant_relationships,8,grain_left,character varying(50),not_null,
ppiq_meta,plant_relationships,9,grain_right,character varying(50),not_null,
ppiq_meta,ppiq_access_audit_log,1,id,bigint,not_null,
ppiq_meta,ppiq_access_audit_log,10,role,text,nullable,
ppiq_meta,ppiq_access_audit_log,11,compatibility_role,text,nullable,
ppiq_meta,ppiq_access_audit_log,12,license_tier,text,nullable,
ppiq_meta,ppiq_access_audit_log,13,trace_id,text,nullable,
ppiq_meta,ppiq_access_audit_log,14,remote_ip,text,nullable,
ppiq_meta,ppiq_access_audit_log,15,user_agent,text,nullable,
ppiq_meta,ppiq_access_audit_log,16,metadata,jsonb,not_null,'{}'::jsonb
ppiq_meta,ppiq_access_audit_log,2,occurred_at_utc,timestamp with time zone,not_null,now()
ppiq_meta,ppiq_access_audit_log,3,tenant_id,uuid,nullable,
ppiq_meta,ppiq_access_audit_log,4,user_id,uuid,nullable,
ppiq_meta,ppiq_access_audit_log,5,user_name,text,nullable,
ppiq_meta,ppiq_access_audit_log,6,request_method,text,not_null,
ppiq_meta,ppiq_access_audit_log,7,request_path,text,not_null,
ppiq_meta,ppiq_access_audit_log,8,decision,text,not_null,
ppiq_meta,ppiq_access_audit_log,9,reason,text,nullable,
ppiq_meta,ppiq_account_protection_state,1,id,uuid,not_null,gen_random_uuid()
ppiq_meta,ppiq_account_protection_state,2,tenant_id,uuid,not_null,
ppiq_meta,ppiq_account_protection_state,3,normalized_user_name,text,not_null,
ppiq_meta,ppiq_account_protection_state,4,failed_attempts,integer,not_null,0
ppiq_meta,ppiq_account_protection_state,5,first_failed_at_utc,timestamp with time zone,nullable,
ppiq_meta,ppiq_account_protection_state,6,locked_until_utc,timestamp with time zone,nullable,
ppiq_meta,ppiq_account_protection_state,7,last_success_at_utc,timestamp with time zone,nullable,
ppiq_meta,ppiq_account_protection_state,8,updated_at_utc,timestamp with time zone,not_null,now()
ppiq_meta,ppiq_assistant_audit_log,1,id,uuid,not_null,gen_random_uuid()
ppiq_meta,ppiq_assistant_audit_log,10,model_version,text,not_null,
ppiq_meta,ppiq_assistant_audit_log,11,serving_mode,text,not_null,
ppiq_meta,ppiq_assistant_audit_log,12,redaction_summary,jsonb,not_null,'{}'::jsonb
ppiq_meta,ppiq_assistant_audit_log,13,outbound_payload_hash,text,nullable,
ppiq_meta,ppiq_assistant_audit_log,14,grounded_answer,text,not_null,
ppiq_meta,ppiq_assistant_audit_log,15,citations,jsonb,not_null,'[]'::jsonb
ppiq_meta,ppiq_assistant_audit_log,16,grounding_passed,boolean,not_null,
ppiq_meta,ppiq_assistant_audit_log,17,forbidden_phrase_detected,boolean,not_null,false
ppiq_meta,ppiq_assistant_audit_log,18,created_at_utc,timestamp with time zone,not_null,now()
ppiq_meta,ppiq_assistant_audit_log,2,tenant_id,uuid,not_null,
ppiq_meta,ppiq_assistant_audit_log,3,user_id,uuid,nullable,
ppiq_meta,ppiq_assistant_audit_log,4,question_hash,text,not_null,
ppiq_meta,ppiq_assistant_audit_log,5,question_redacted,text,not_null,
ppiq_meta,ppiq_assistant_audit_log,6,retrieved_handles,jsonb,not_null,'[]'::jsonb
ppiq_meta,ppiq_assistant_audit_log,7,provider_code,text,not_null,
ppiq_meta,ppiq_assistant_audit_log,8,provider_type,text,not_null,
ppiq_meta,ppiq_assistant_audit_log,9,model_name,text,not_null,
ppiq_meta,ppiq_assistant_eval_cases,1,id,uuid,not_null,gen_random_uuid()
ppiq_meta,ppiq_assistant_eval_cases,10,created_at_utc,timestamp with time zone,not_null,now()
ppiq_meta,ppiq_assistant_eval_cases,2,tenant_id,uuid,not_null,
ppiq_meta,ppiq_assistant_eval_cases,3,case_code,text,not_null,
ppiq_meta,ppiq_assistant_eval_cases,4,question,text,not_null,
ppiq_meta,ppiq_assistant_eval_cases,5,expected_behavior,text,not_null,
ppiq_meta,ppiq_assistant_eval_cases,6,expected_citation_handles,jsonb,not_null,'[]'::jsonb
ppiq_meta,ppiq_assistant_eval_cases,7,must_refuse,boolean,not_null,false
ppiq_meta,ppiq_assistant_eval_cases,8,forbidden_phrases,jsonb,not_null,"'[""root cause"", ""guaranteed"", ""autonomous optimization""]'::jsonb"
ppiq_meta,ppiq_assistant_eval_cases,9,is_enabled,boolean,not_null,true
ppiq_meta,ppiq_assistant_eval_runs,1,id,uuid,not_null,gen_random_uuid()
ppiq_meta,ppiq_assistant_eval_runs,10,is_green,boolean,not_null,
ppiq_meta,ppiq_assistant_eval_runs,11,details,jsonb,not_null,'{}'::jsonb
ppiq_meta,ppiq_assistant_eval_runs,12,created_at_utc,timestamp with time zone,not_null,now()
ppiq_meta,ppiq_assistant_eval_runs,2,tenant_id,uuid,not_null,
ppiq_meta,ppiq_assistant_eval_runs,3,provider_code,text,not_null,
ppiq_meta,ppiq_assistant_eval_runs,4,model_name,text,not_null,
ppiq_meta,ppiq_assistant_eval_runs,5,model_version,text,not_null,
ppiq_meta,ppiq_assistant_eval_runs,6,total_cases,integer,not_null,
ppiq_meta,ppiq_assistant_eval_runs,7,passed_cases,integer,not_null,
ppiq_meta,ppiq_assistant_eval_runs,8,score,"numeric(18,6)",not_null,
ppiq_meta,ppiq_assistant_eval_runs,9,threshold,"numeric(18,6)",not_null,0.95
ppiq_meta,ppiq_assistant_model_pins,1,id,uuid,not_null,gen_random_uuid()
ppiq_meta,ppiq_assistant_model_pins,2,tenant_id,uuid,not_null,
ppiq_meta,ppiq_assistant_model_pins,3,environment_code,text,not_null,
ppiq_meta,ppiq_assistant_model_pins,4,provider_code,text,not_null,
ppiq_meta,ppiq_assistant_model_pins,5,model_name,text,not_null,
ppiq_meta,ppiq_assistant_model_pins,6,model_version,text,not_null,
ppiq_meta,ppiq_assistant_model_pins,7,pinned_at_utc,timestamp with time zone,not_null,now()
ppiq_meta,ppiq_assistant_model_pins,8,changelog,text,not_null,''::text
ppiq_meta,ppiq_assistant_prompt_governance_events,1,id,uuid,not_null,gen_random_uuid()
ppiq_meta,ppiq_assistant_prompt_governance_events,10,grounded,boolean,not_null,false
ppiq_meta,ppiq_assistant_prompt_governance_events,11,abstained,boolean,not_null,false
ppiq_meta,ppiq_assistant_prompt_governance_events,12,retention_policy_code,text,not_null,'assistant-governance-180d'::text
ppiq_meta,ppiq_assistant_prompt_governance_events,13,created_at_utc,timestamp with time zone,not_null,now()
ppiq_meta,ppiq_assistant_prompt_governance_events,2,tenant_id,uuid,not_null,
ppiq_meta,ppiq_assistant_prompt_governance_events,3,endpoint_code,text,not_null,
ppiq_meta,ppiq_assistant_prompt_governance_events,4,model_version,text,not_null,
ppiq_meta,ppiq_assistant_prompt_governance_events,5,prompt_hash,text,not_null,
ppiq_meta,ppiq_assistant_prompt_governance_events,6,response_hash,text,not_null,
ppiq_meta,ppiq_assistant_prompt_governance_events,7,redaction_summary,text,not_null,
ppiq_meta,ppiq_assistant_prompt_governance_events,8,retrieved_handles_json,jsonb,not_null,'[]'::jsonb
ppiq_meta,ppiq_assistant_prompt_governance_events,9,citations_json,jsonb,not_null,'[]'::jsonb
ppiq_meta,ppiq_assistant_provider_configs,1,id,uuid,not_null,gen_random_uuid()
ppiq_meta,ppiq_assistant_provider_configs,10,is_external,boolean,not_null,false
ppiq_meta,ppiq_assistant_provider_configs,11,requires_redaction,boolean,not_null,true
ppiq_meta,ppiq_assistant_provider_configs,12,zero_data_retention_asserted,boolean,not_null,false
ppiq_meta,ppiq_assistant_provider_configs,13,encrypted_api_key_secret_name,text,nullable,
ppiq_meta,ppiq_assistant_provider_configs,14,timeout_ms,integer,not_null,30000
ppiq_meta,ppiq_assistant_provider_configs,15,max_retries,integer,not_null,2
ppiq_meta,ppiq_assistant_provider_configs,16,circuit_breaker_failures,integer,not_null,3
ppiq_meta,ppiq_assistant_provider_configs,17,created_at_utc,timestamp with time zone,not_null,now()
ppiq_meta,ppiq_assistant_provider_configs,18,updated_at_utc,timestamp with time zone,not_null,now()
ppiq_meta,ppiq_assistant_provider_configs,2,tenant_id,uuid,not_null,
ppiq_meta,ppiq_assistant_provider_configs,3,provider_code,text,not_null,
ppiq_meta,ppiq_assistant_provider_configs,4,provider_type,text,not_null,
ppiq_meta,ppiq_assistant_provider_configs,5,endpoint_url,text,nullable,
ppiq_meta,ppiq_assistant_provider_configs,6,model_name,text,not_null,
ppiq_meta,ppiq_assistant_provider_configs,7,model_version,text,not_null,
ppiq_meta,ppiq_assistant_provider_configs,8,serving_mode,text,not_null,'extractive'::text
ppiq_meta,ppiq_assistant_provider_configs,9,is_enabled,boolean,not_null,true
ppiq_meta,ppiq_assistant_redaction_policies,1,id,uuid,not_null,gen_random_uuid()
ppiq_meta,ppiq_assistant_redaction_policies,10,created_at_utc,timestamp with time zone,not_null,now()
ppiq_meta,ppiq_assistant_redaction_policies,11,updated_at_utc,timestamp with time zone,not_null,now()
ppiq_meta,ppiq_assistant_redaction_policies,2,tenant_id,uuid,not_null,
ppiq_meta,ppiq_assistant_redaction_policies,3,policy_code,text,not_null,
ppiq_meta,ppiq_assistant_redaction_policies,4,redact_emails,boolean,not_null,true
ppiq_meta,ppiq_assistant_redaction_policies,5,redact_credentials,boolean,not_null,true
ppiq_meta,ppiq_assistant_redaction_policies,6,redact_customer_ids,boolean,not_null,true
ppiq_meta,ppiq_assistant_redaction_policies,7,redact_tenant_dictionary_terms,boolean,not_null,true
ppiq_meta,ppiq_assistant_redaction_policies,8,tenant_dictionary,jsonb,not_null,'[]'::jsonb
ppiq_meta,ppiq_assistant_redaction_policies,9,is_enabled,boolean,not_null,true
ppiq_meta,ppiq_audit_events,1,id,uuid,not_null,gen_random_uuid()
ppiq_meta,ppiq_audit_events,10,new_value_json,jsonb,nullable,
ppiq_meta,ppiq_audit_events,11,reason,text,nullable,
ppiq_meta,ppiq_audit_events,12,source_ip_hash,text,nullable,
ppiq_meta,ppiq_audit_events,13,user_agent_hash,text,nullable,
ppiq_meta,ppiq_audit_events,14,previous_hash,text,not_null,''::text
ppiq_meta,ppiq_audit_events,15,event_hash,text,not_null,
ppiq_meta,ppiq_audit_events,16,created_at_utc,timestamp with time zone,not_null,now()
ppiq_meta,ppiq_audit_events,2,tenant_id,uuid,not_null,
ppiq_meta,ppiq_audit_events,3,event_time_utc,timestamp with time zone,not_null,now()
ppiq_meta,ppiq_audit_events,4,actor_id,text,not_null,
ppiq_meta,ppiq_audit_events,5,actor_role,text,not_null,'unknown'::text
ppiq_meta,ppiq_audit_events,6,action_code,text,not_null,
ppiq_meta,ppiq_audit_events,7,entity_type,text,not_null,
ppiq_meta,ppiq_audit_events,8,entity_id,text,not_null,
ppiq_meta,ppiq_audit_events,9,old_value_json,jsonb,nullable,
ppiq_meta,ppiq_auth_audit_events,1,id,uuid,not_null,gen_random_uuid()
ppiq_meta,ppiq_auth_audit_events,10,created_at_utc,timestamp with time zone,not_null,now()
ppiq_meta,ppiq_auth_audit_events,2,tenant_id,uuid,not_null,
ppiq_meta,ppiq_auth_audit_events,3,user_id,uuid,nullable,
ppiq_meta,ppiq_auth_audit_events,4,normalized_user_name,text,nullable,
ppiq_meta,ppiq_auth_audit_events,5,event_type,text,not_null,
ppiq_meta,ppiq_auth_audit_events,6,outcome,text,not_null,
ppiq_meta,ppiq_auth_audit_events,7,client_ip,text,nullable,
ppiq_meta,ppiq_auth_audit_events,8,user_agent,text,nullable,
ppiq_meta,ppiq_auth_audit_events,9,details,jsonb,not_null,'{}'::jsonb
ppiq_meta,ppiq_auth_users,1,id,uuid,not_null,gen_random_uuid()
ppiq_meta,ppiq_auth_users,10,compatibility_role,text,not_null,'Viewer'::text
ppiq_meta,ppiq_auth_users,11,is_active,boolean,not_null,true
ppiq_meta,ppiq_auth_users,12,force_password_change_required,boolean,not_null,false
ppiq_meta,ppiq_auth_users,13,failed_access_count,integer,not_null,0
ppiq_meta,ppiq_auth_users,14,lockout_until_utc,timestamp with time zone,nullable,
ppiq_meta,ppiq_auth_users,15,last_login_at_utc,timestamp with time zone,nullable,
ppiq_meta,ppiq_auth_users,16,created_at_utc,timestamp with time zone,not_null,now()
ppiq_meta,ppiq_auth_users,17,updated_at_utc,timestamp with time zone,not_null,now()
ppiq_meta,ppiq_auth_users,2,tenant_id,uuid,not_null,
ppiq_meta,ppiq_auth_users,3,user_name,text,not_null,
ppiq_meta,ppiq_auth_users,4,normalized_user_name,text,not_null,
ppiq_meta,ppiq_auth_users,5,display_name,text,nullable,
ppiq_meta,ppiq_auth_users,6,email,text,nullable,
ppiq_meta,ppiq_auth_users,7,password_hash,text,not_null,
ppiq_meta,ppiq_auth_users,8,password_salt,text,nullable,
ppiq_meta,ppiq_auth_users,9,role,text,not_null,'Viewer'::text
ppiq_meta,ppiq_business_key_definitions,1,id,uuid,not_null,gen_random_uuid()
ppiq_meta,ppiq_business_key_definitions,2,tenant_id,uuid,not_null,'00000000-0000-0000-0000-000000000001'::uuid
ppiq_meta,ppiq_business_key_definitions,3,key_code,text,not_null,
ppiq_meta,ppiq_business_key_definitions,4,entity_scope,text,nullable,
ppiq_meta,ppiq_business_key_definitions,5,version_number,integer,not_null,1
ppiq_meta,ppiq_business_key_definitions,6,created_at_utc,timestamp with time zone,not_null,now()
ppiq_meta,ppiq_business_key_members,1,id,uuid,not_null,gen_random_uuid()
ppiq_meta,ppiq_business_key_members,2,definition_id,uuid,not_null,
ppiq_meta,ppiq_business_key_members,3,member_role,text,nullable,
ppiq_meta,ppiq_business_key_members,4,source_field,text,nullable,
ppiq_meta,ppiq_business_key_members,5,sort_order,integer,not_null,0
ppiq_meta,ppiq_business_key_members,6,created_at_utc,timestamp with time zone,not_null,now()
ppiq_meta,ppiq_business_key_rules,1,id,uuid,not_null,gen_random_uuid()
ppiq_meta,ppiq_business_key_rules,2,tenant_id,uuid,nullable,
ppiq_meta,ppiq_business_key_rules,3,key_type,text,not_null,
ppiq_meta,ppiq_business_key_rules,4,description,text,nullable,
ppiq_meta,ppiq_business_key_rules,5,strip_alpha_prefix,boolean,not_null,true
ppiq_meta,ppiq_business_key_rules,6,strip_leading_zeros,boolean,not_null,true
ppiq_meta,ppiq_business_key_rules,7,case_insensitive,boolean,not_null,true
ppiq_meta,ppiq_business_key_rules,8,is_active,boolean,not_null,true
ppiq_meta,ppiq_business_key_rules,9,created_at_utc,timestamp with time zone,not_null,now()
ppiq_meta,ppiq_catalog_audit,1,id,bigint,not_null,nextval('ppiq_meta.ppiq_catalog_audit_id_seq'::regclass)
ppiq_meta,ppiq_catalog_audit,2,executed_at_utc,timestamp with time zone,not_null,now()
ppiq_meta,ppiq_catalog_audit,3,action,text,not_null,
ppiq_meta,ppiq_catalog_audit,4,detail,text,not_null,
ppiq_meta,ppiq_closure_runtime_probe_results,1,id,uuid,not_null,gen_random_uuid()
ppiq_meta,ppiq_closure_runtime_probe_results,2,task_id,text,not_null,
ppiq_meta,ppiq_closure_runtime_probe_results,3,probe_code,text,not_null,
ppiq_meta,ppiq_closure_runtime_probe_results,4,probe_status,text,not_null,
ppiq_meta,ppiq_closure_runtime_probe_results,5,evidence_json,jsonb,not_null,'{}'::jsonb
ppiq_meta,ppiq_closure_runtime_probe_results,6,created_at_utc,timestamp with time zone,not_null,now()
ppiq_meta,ppiq_connector_backfill_jobs,1,id,uuid,not_null,gen_random_uuid()
ppiq_meta,ppiq_connector_backfill_jobs,10,checkpoint,text,nullable,
ppiq_meta,ppiq_connector_backfill_jobs,11,error_message,text,nullable,
ppiq_meta,ppiq_connector_backfill_jobs,12,started_at_utc,timestamp with time zone,nullable,
ppiq_meta,ppiq_connector_backfill_jobs,13,completed_at_utc,timestamp with time zone,nullable,
ppiq_meta,ppiq_connector_backfill_jobs,14,created_at_utc,timestamp with time zone,not_null,now()
ppiq_meta,ppiq_connector_backfill_jobs,2,tenant_id,uuid,not_null,
ppiq_meta,ppiq_connector_backfill_jobs,3,connector_id,uuid,not_null,
ppiq_meta,ppiq_connector_backfill_jobs,4,tag_paths,jsonb,not_null,'[]'::jsonb
ppiq_meta,ppiq_connector_backfill_jobs,5,from_utc,timestamp with time zone,not_null,
ppiq_meta,ppiq_connector_backfill_jobs,6,to_utc,timestamp with time zone,not_null,
ppiq_meta,ppiq_connector_backfill_jobs,7,status,text,not_null,'queued'::text
ppiq_meta,ppiq_connector_backfill_jobs,8,rows_read,bigint,not_null,0
ppiq_meta,ppiq_connector_backfill_jobs,9,rows_written,bigint,not_null,0
ppiq_meta,ppiq_connector_runtime_events,1,id,uuid,not_null,gen_random_uuid()
ppiq_meta,ppiq_connector_runtime_events,2,tenant_id,uuid,not_null,
ppiq_meta,ppiq_connector_runtime_events,3,provider_code,text,not_null,
ppiq_meta,ppiq_connector_runtime_events,4,event_code,text,not_null,
ppiq_meta,ppiq_connector_runtime_events,5,event_status,text,not_null,
ppiq_meta,ppiq_connector_runtime_events,6,evidence_json,jsonb,not_null,'{}'::jsonb
ppiq_meta,ppiq_connector_runtime_events,7,created_at_utc,timestamp with time zone,not_null,now()
ppiq_meta,ppiq_connector_runtime_sources,1,id,uuid,not_null,gen_random_uuid()
ppiq_meta,ppiq_connector_runtime_sources,10,is_reachable,boolean,not_null,true
ppiq_meta,ppiq_connector_runtime_sources,11,lag_seconds,integer,not_null,0
ppiq_meta,ppiq_connector_runtime_sources,12,status,text,not_null,'ready'::text
ppiq_meta,ppiq_connector_runtime_sources,13,last_successful_read_utc,timestamp with time zone,nullable,
ppiq_meta,ppiq_connector_runtime_sources,14,last_error,text,nullable,
ppiq_meta,ppiq_connector_runtime_sources,15,created_at_utc,timestamp with time zone,not_null,now()
ppiq_meta,ppiq_connector_runtime_sources,16,updated_at_utc,timestamp with time zone,not_null,now()
ppiq_meta,ppiq_connector_runtime_sources,2,tenant_id,uuid,not_null,
ppiq_meta,ppiq_connector_runtime_sources,3,provider_code,text,not_null,
ppiq_meta,ppiq_connector_runtime_sources,4,connector_kind,text,not_null,'mock-historian'::text
ppiq_meta,ppiq_connector_runtime_sources,5,display_name,text,not_null,
ppiq_meta,ppiq_connector_runtime_sources,6,endpoint_label,text,not_null,'local deterministic mock historian'::text
ppiq_meta,ppiq_connector_runtime_sources,7,is_read_only,boolean,not_null,true
ppiq_meta,ppiq_connector_runtime_sources,8,is_certified,boolean,not_null,false
ppiq_meta,ppiq_connector_runtime_sources,9,certification_scope,text,not_null,'runtime-proof'::text
ppiq_meta,ppiq_connector_schema_drift_events,1,id,uuid,not_null,gen_random_uuid()
ppiq_meta,ppiq_connector_schema_drift_events,2,tenant_id,uuid,not_null,
ppiq_meta,ppiq_connector_schema_drift_events,3,connector_id,uuid,not_null,
ppiq_meta,ppiq_connector_schema_drift_events,4,drift_type,text,not_null,
ppiq_meta,ppiq_connector_schema_drift_events,5,tag_path,text,nullable,
ppiq_meta,ppiq_connector_schema_drift_events,6,previous_schema_hash,text,nullable,
ppiq_meta,ppiq_connector_schema_drift_events,7,current_schema_hash,text,nullable,
ppiq_meta,ppiq_connector_schema_drift_events,8,message,text,not_null,
ppiq_meta,ppiq_connector_schema_drift_events,9,detected_at_utc,timestamp with time zone,not_null,now()
ppiq_meta,ppiq_connector_tag_catalog,1,id,uuid,not_null,gen_random_uuid()
ppiq_meta,ppiq_connector_tag_catalog,10,discovered_at_utc,timestamp with time zone,not_null,now()
ppiq_meta,ppiq_connector_tag_catalog,2,tenant_id,uuid,not_null,
ppiq_meta,ppiq_connector_tag_catalog,3,connector_id,uuid,not_null,
ppiq_meta,ppiq_connector_tag_catalog,4,tag_path,text,not_null,
ppiq_meta,ppiq_connector_tag_catalog,5,display_name,text,not_null,
ppiq_meta,ppiq_connector_tag_catalog,6,engineering_unit,text,nullable,
ppiq_meta,ppiq_connector_tag_catalog,7,data_type,text,not_null,'numeric'::text
ppiq_meta,ppiq_connector_tag_catalog,8,canonical_target,text,not_null,'parameter_observations'::text
ppiq_meta,ppiq_connector_tag_catalog,9,is_enabled,boolean,not_null,true
ppiq_meta,ppiq_connector_truth_snapshots,1,id,uuid,not_null,gen_random_uuid()
ppiq_meta,ppiq_connector_truth_snapshots,10,last_failure_at_utc,timestamp with time zone,nullable,
ppiq_meta,ppiq_connector_truth_snapshots,11,message,text,not_null,''::text
ppiq_meta,ppiq_connector_truth_snapshots,12,captured_at_utc,timestamp with time zone,not_null,now()
ppiq_meta,ppiq_connector_truth_snapshots,2,tenant_id,uuid,not_null,
ppiq_meta,ppiq_connector_truth_snapshots,3,connector_id,uuid,not_null,
ppiq_meta,ppiq_connector_truth_snapshots,4,reachable,boolean,not_null,
ppiq_meta,ppiq_connector_truth_snapshots,5,live_state,text,not_null,'unknown'::text
ppiq_meta,ppiq_connector_truth_snapshots,6,certified_state,text,not_null,'mock_certified'::text
ppiq_meta,ppiq_connector_truth_snapshots,7,schema_hash,text,nullable,
ppiq_meta,ppiq_connector_truth_snapshots,8,tag_count,integer,not_null,0
ppiq_meta,ppiq_connector_truth_snapshots,9,last_success_at_utc,timestamp with time zone,nullable,
ppiq_meta,ppiq_control_evidence_matrix,1,id,uuid,not_null,gen_random_uuid()
ppiq_meta,ppiq_control_evidence_matrix,2,control_code,text,not_null,
ppiq_meta,ppiq_control_evidence_matrix,3,framework,text,not_null,
ppiq_meta,ppiq_control_evidence_matrix,4,control_title,text,not_null,
ppiq_meta,ppiq_control_evidence_matrix,5,product_control,text,not_null,
ppiq_meta,ppiq_control_evidence_matrix,6,evidence_location,text,not_null,
ppiq_meta,ppiq_control_evidence_matrix,7,implementation_status,text,not_null,'implemented'::text
ppiq_meta,ppiq_control_evidence_matrix,8,created_at_utc,timestamp with time zone,not_null,now()
ppiq_meta,ppiq_data_subject_requests,1,id,uuid,not_null,gen_random_uuid()
ppiq_meta,ppiq_data_subject_requests,10,created_at_utc,timestamp with time zone,not_null,now()
ppiq_meta,ppiq_data_subject_requests,11,completed_at_utc,timestamp with time zone,nullable,
ppiq_meta,ppiq_data_subject_requests,2,tenant_id,uuid,not_null,
ppiq_meta,ppiq_data_subject_requests,3,request_code,text,not_null,
ppiq_meta,ppiq_data_subject_requests,4,subject_key,text,not_null,
ppiq_meta,ppiq_data_subject_requests,5,request_type,text,not_null,
ppiq_meta,ppiq_data_subject_requests,6,status,text,not_null,'received'::text
ppiq_meta,ppiq_data_subject_requests,7,export_json,jsonb,nullable,
ppiq_meta,ppiq_data_subject_requests,8,erasure_policy,text,nullable,
ppiq_meta,ppiq_data_subject_requests,9,anonymized_at_utc,timestamp with time zone,nullable,
ppiq_meta,ppiq_defect_catalog_mappings,1,id,uuid,not_null,gen_random_uuid()
ppiq_meta,ppiq_defect_catalog_mappings,10,created_at_utc,timestamp with time zone,not_null,now()
ppiq_meta,ppiq_defect_catalog_mappings,2,tenant_id,uuid,not_null,
ppiq_meta,ppiq_defect_catalog_mappings,3,source_system,text,not_null,
ppiq_meta,ppiq_defect_catalog_mappings,4,source_defect_code,text,not_null,
ppiq_meta,ppiq_defect_catalog_mappings,5,source_defect_name,text,nullable,
ppiq_meta,ppiq_defect_catalog_mappings,6,canonical_defect_code,text,not_null,
ppiq_meta,ppiq_defect_catalog_mappings,7,canonical_defect_name,text,not_null,
ppiq_meta,ppiq_defect_catalog_mappings,8,confidence,"numeric(9,6)",not_null,0.800000
ppiq_meta,ppiq_defect_catalog_mappings,9,status,text,not_null,'active'::text
ppiq_meta,ppiq_deployment_airgap_bundles,1,id,uuid,not_null,gen_random_uuid()
ppiq_meta,ppiq_deployment_airgap_bundles,10,no_external_egress_required,boolean,not_null,true
ppiq_meta,ppiq_deployment_airgap_bundles,11,self_hosted_model_option,boolean,not_null,true
ppiq_meta,ppiq_deployment_airgap_bundles,12,sizing_tier,text,not_null,'small'::text
ppiq_meta,ppiq_deployment_airgap_bundles,13,status,text,not_null,'ready'::text
ppiq_meta,ppiq_deployment_airgap_bundles,14,created_at_utc,timestamp with time zone,not_null,now()
ppiq_meta,ppiq_deployment_airgap_bundles,2,tenant_id,uuid,not_null,
ppiq_meta,ppiq_deployment_airgap_bundles,3,bundle_code,text,not_null,
ppiq_meta,ppiq_deployment_airgap_bundles,4,version,text,not_null,
ppiq_meta,ppiq_deployment_airgap_bundles,5,bundle_type,text,not_null,'airgap-offline'::text
ppiq_meta,ppiq_deployment_airgap_bundles,6,docker_compose_path,text,not_null,
ppiq_meta,ppiq_deployment_airgap_bundles,7,image_manifest_path,text,not_null,
ppiq_meta,ppiq_deployment_airgap_bundles,8,install_script_path,text,not_null,
ppiq_meta,ppiq_deployment_airgap_bundles,9,preflight_script_path,text,not_null,
ppiq_meta,ppiq_deployment_dr_drills,1,id,uuid,not_null,gen_random_uuid()
ppiq_meta,ppiq_deployment_dr_drills,10,measured_rto_minutes,integer,nullable,
ppiq_meta,ppiq_deployment_dr_drills,11,data_check_status,text,not_null,'pending'::text
ppiq_meta,ppiq_deployment_dr_drills,12,failover_status,text,not_null,'not_run'::text
ppiq_meta,ppiq_deployment_dr_drills,13,evidence_json,jsonb,not_null,'{}'::jsonb
ppiq_meta,ppiq_deployment_dr_drills,14,created_at_utc,timestamp with time zone,not_null,now()
ppiq_meta,ppiq_deployment_dr_drills,2,tenant_id,uuid,not_null,
ppiq_meta,ppiq_deployment_dr_drills,3,drill_code,text,not_null,
ppiq_meta,ppiq_deployment_dr_drills,4,drill_type,text,not_null,
ppiq_meta,ppiq_deployment_dr_drills,5,started_at_utc,timestamp with time zone,not_null,now()
ppiq_meta,ppiq_deployment_dr_drills,6,completed_at_utc,timestamp with time zone,nullable,
ppiq_meta,ppiq_deployment_dr_drills,7,target_rpo_minutes,integer,not_null,
ppiq_meta,ppiq_deployment_dr_drills,8,target_rto_minutes,integer,not_null,
ppiq_meta,ppiq_deployment_dr_drills,9,measured_rpo_minutes,integer,nullable,
ppiq_meta,ppiq_ed25519_activated_licenses,1,id,uuid,not_null,gen_random_uuid()
ppiq_meta,ppiq_ed25519_activated_licenses,10,issued_at_utc,timestamp with time zone,not_null,
ppiq_meta,ppiq_ed25519_activated_licenses,11,expires_at_utc,timestamp with time zone,not_null,
ppiq_meta,ppiq_ed25519_activated_licenses,12,instance_id,text,nullable,
ppiq_meta,ppiq_ed25519_activated_licenses,13,verification_status,text,not_null,'valid'::text
ppiq_meta,ppiq_ed25519_activated_licenses,14,activation_status,text,not_null,'active'::text
ppiq_meta,ppiq_ed25519_activated_licenses,15,verification_error,text,nullable,
ppiq_meta,ppiq_ed25519_activated_licenses,16,activated_at_utc,timestamp with time zone,not_null,now()
ppiq_meta,ppiq_ed25519_activated_licenses,17,last_verified_at_utc,timestamp with time zone,not_null,now()
ppiq_meta,ppiq_ed25519_activated_licenses,2,tenant_id,uuid,not_null,
ppiq_meta,ppiq_ed25519_activated_licenses,3,license_key,text,not_null,
ppiq_meta,ppiq_ed25519_activated_licenses,4,key_id,text,not_null,
ppiq_meta,ppiq_ed25519_activated_licenses,5,compact_jws,text,not_null,
ppiq_meta,ppiq_ed25519_activated_licenses,6,tier,text,not_null,
ppiq_meta,ppiq_ed25519_activated_licenses,7,payload_json,jsonb,not_null,
ppiq_meta,ppiq_ed25519_activated_licenses,8,features_json,jsonb,not_null,'[]'::jsonb
ppiq_meta,ppiq_ed25519_activated_licenses,9,limits_json,jsonb,not_null,'{}'::jsonb
ppiq_meta,ppiq_ed25519_entitlement_audit,1,id,uuid,not_null,gen_random_uuid()
ppiq_meta,ppiq_ed25519_entitlement_audit,10,evidence_json,jsonb,not_null,'{}'::jsonb
ppiq_meta,ppiq_ed25519_entitlement_audit,2,tenant_id,uuid,not_null,
ppiq_meta,ppiq_ed25519_entitlement_audit,3,license_key,text,not_null,
ppiq_meta,ppiq_ed25519_entitlement_audit,4,requested_feature,text,not_null,
ppiq_meta,ppiq_ed25519_entitlement_audit,5,verified_tier,text,not_null,
ppiq_meta,ppiq_ed25519_entitlement_audit,6,required_tier,text,not_null,
ppiq_meta,ppiq_ed25519_entitlement_audit,7,is_allowed,boolean,not_null,
ppiq_meta,ppiq_ed25519_entitlement_audit,8,ignored_db_tier_override,text,nullable,
ppiq_meta,ppiq_ed25519_entitlement_audit,9,checked_at_utc,timestamp with time zone,not_null,now()
ppiq_meta,ppiq_ed25519_license_public_keys,1,id,uuid,not_null,gen_random_uuid()
ppiq_meta,ppiq_ed25519_license_public_keys,2,tenant_id,uuid,not_null,
ppiq_meta,ppiq_ed25519_license_public_keys,3,key_id,text,not_null,
ppiq_meta,ppiq_ed25519_license_public_keys,4,public_key_b64,text,not_null,
ppiq_meta,ppiq_ed25519_license_public_keys,5,algorithm,text,not_null,'Ed25519'::text
ppiq_meta,ppiq_ed25519_license_public_keys,6,status,text,not_null,'active'::text
ppiq_meta,ppiq_ed25519_license_public_keys,7,created_at_utc,timestamp with time zone,not_null,now()
ppiq_meta,ppiq_ed25519_license_public_keys,8,retired_at_utc,timestamp with time zone,nullable,
ppiq_meta,ppiq_i18n_locales,1,id,uuid,not_null,gen_random_uuid()
ppiq_meta,ppiq_i18n_locales,2,locale_code,text,not_null,
ppiq_meta,ppiq_i18n_locales,3,display_name,text,not_null,
ppiq_meta,ppiq_i18n_locales,4,direction,text,not_null,'ltr'::text
ppiq_meta,ppiq_i18n_locales,5,is_enabled,boolean,not_null,true
ppiq_meta,ppiq_i18n_locales,6,created_at_utc,timestamp with time zone,not_null,now()
ppiq_meta,ppiq_i18n_string_keys,1,id,uuid,not_null,gen_random_uuid()
ppiq_meta,ppiq_i18n_string_keys,2,namespace,text,not_null,
ppiq_meta,ppiq_i18n_string_keys,3,string_key,text,not_null,
ppiq_meta,ppiq_i18n_string_keys,4,default_text,text,not_null,
ppiq_meta,ppiq_i18n_string_keys,5,screen_code,text,not_null,
ppiq_meta,ppiq_i18n_string_keys,6,is_high_traffic,boolean,not_null,false
ppiq_meta,ppiq_i18n_string_keys,7,created_at_utc,timestamp with time zone,not_null,now()
ppiq_meta,ppiq_i18n_translations,1,id,uuid,not_null,gen_random_uuid()
ppiq_meta,ppiq_i18n_translations,2,locale_code,text,not_null,
ppiq_meta,ppiq_i18n_translations,3,namespace,text,not_null,
ppiq_meta,ppiq_i18n_translations,4,string_key,text,not_null,
ppiq_meta,ppiq_i18n_translations,5,translated_text,text,not_null,
ppiq_meta,ppiq_i18n_translations,6,updated_at_utc,timestamp with time zone,not_null,now()
ppiq_meta,ppiq_identity_policy,1,id,uuid,not_null,gen_random_uuid()
ppiq_meta,ppiq_identity_policy,10,password_min_length,integer,not_null,12
ppiq_meta,ppiq_identity_policy,11,password_requires_upper,boolean,not_null,true
ppiq_meta,ppiq_identity_policy,12,password_requires_lower,boolean,not_null,true
ppiq_meta,ppiq_identity_policy,13,password_requires_digit,boolean,not_null,true
ppiq_meta,ppiq_identity_policy,14,password_requires_symbol,boolean,not_null,true
ppiq_meta,ppiq_identity_policy,15,breached_password_check_enabled,boolean,not_null,false
ppiq_meta,ppiq_identity_policy,16,updated_at_utc,timestamp with time zone,not_null,now()
ppiq_meta,ppiq_identity_policy,2,tenant_id,uuid,not_null,
ppiq_meta,ppiq_identity_policy,3,mfa_required_for_admins,boolean,not_null,true
ppiq_meta,ppiq_identity_policy,4,mfa_required_for_all_users,boolean,not_null,false
ppiq_meta,ppiq_identity_policy,5,max_active_sessions,integer,not_null,5
ppiq_meta,ppiq_identity_policy,6,idle_timeout_minutes,integer,not_null,60
ppiq_meta,ppiq_identity_policy,7,absolute_timeout_minutes,integer,not_null,720
ppiq_meta,ppiq_identity_policy,8,max_failed_login_attempts,integer,not_null,5
ppiq_meta,ppiq_identity_policy,9,lockout_minutes,integer,not_null,15
ppiq_meta,ppiq_identity_provisioning_audit,1,id,uuid,not_null,gen_random_uuid()
ppiq_meta,ppiq_identity_provisioning_audit,2,tenant_id,uuid,not_null,
ppiq_meta,ppiq_identity_provisioning_audit,3,source,text,not_null,
ppiq_meta,ppiq_identity_provisioning_audit,4,action,text,not_null,
ppiq_meta,ppiq_identity_provisioning_audit,5,subject,text,not_null,
ppiq_meta,ppiq_identity_provisioning_audit,6,outcome,text,not_null,
ppiq_meta,ppiq_identity_provisioning_audit,7,details,jsonb,not_null,'{}'::jsonb
ppiq_meta,ppiq_identity_provisioning_audit,8,created_at_utc,timestamp with time zone,not_null,now()
ppiq_meta,ppiq_lead_captures,1,id,uuid,not_null,gen_random_uuid()
ppiq_meta,ppiq_lead_captures,10,plant_type,text,nullable,
ppiq_meta,ppiq_lead_captures,11,interest_area,text,nullable,
ppiq_meta,ppiq_lead_captures,12,pain_points,text,nullable,
ppiq_meta,ppiq_lead_captures,13,preferred_contact,text,nullable,
ppiq_meta,ppiq_lead_captures,14,consent_given,boolean,not_null,false
ppiq_meta,ppiq_lead_captures,15,gdpr_consent_text,text,not_null,''::text
ppiq_meta,ppiq_lead_captures,16,honeypot,text,nullable,
ppiq_meta,ppiq_lead_captures,17,spam_score,"numeric(9,4)",not_null,0
ppiq_meta,ppiq_lead_captures,18,fit_score,"numeric(9,4)",not_null,0
ppiq_meta,ppiq_lead_captures,19,status,text,not_null,'new'::text
ppiq_meta,ppiq_lead_captures,2,tenant_id,uuid,not_null,
ppiq_meta,ppiq_lead_captures,20,client_ip_hash,text,nullable,
ppiq_meta,ppiq_lead_captures,21,user_agent_hash,text,nullable,
ppiq_meta,ppiq_lead_captures,22,created_at_utc,timestamp with time zone,not_null,now()
ppiq_meta,ppiq_lead_captures,23,updated_at_utc,timestamp with time zone,not_null,now()
ppiq_meta,ppiq_lead_captures,3,source,text,not_null,'website'::text
ppiq_meta,ppiq_lead_captures,4,company_name,text,not_null,
ppiq_meta,ppiq_lead_captures,5,contact_name,text,not_null,
ppiq_meta,ppiq_lead_captures,6,email,text,not_null,
ppiq_meta,ppiq_lead_captures,7,phone,text,nullable,
ppiq_meta,ppiq_lead_captures,8,job_title,text,nullable,
ppiq_meta,ppiq_lead_captures,9,country,text,nullable,
ppiq_meta,ppiq_license_entitlement_projection,1,id,uuid,not_null,gen_random_uuid()
ppiq_meta,ppiq_license_entitlement_projection,10,features,jsonb,not_null,'{}'::jsonb
ppiq_meta,ppiq_license_entitlement_projection,11,issued_at_utc,timestamp with time zone,not_null,
ppiq_meta,ppiq_license_entitlement_projection,12,expires_at_utc,timestamp with time zone,not_null,
ppiq_meta,ppiq_license_entitlement_projection,13,grace_until_utc,timestamp with time zone,nullable,
ppiq_meta,ppiq_license_entitlement_projection,14,is_valid,boolean,not_null,false
ppiq_meta,ppiq_license_entitlement_projection,15,source_of_truth,text,not_null,'verified_signed_license'::text
ppiq_meta,ppiq_license_entitlement_projection,16,updated_at_utc,timestamp with time zone,not_null,now()
ppiq_meta,ppiq_license_entitlement_projection,2,tenant_id,uuid,not_null,
ppiq_meta,ppiq_license_entitlement_projection,3,license_artifact_id,uuid,not_null,
ppiq_meta,ppiq_license_entitlement_projection,4,tier,text,not_null,
ppiq_meta,ppiq_license_entitlement_projection,5,max_users,integer,not_null,
ppiq_meta,ppiq_license_entitlement_projection,6,max_sources,integer,not_null,
ppiq_meta,ppiq_license_entitlement_projection,7,max_pages,integer,not_null,
ppiq_meta,ppiq_license_entitlement_projection,8,assistant_mode,text,not_null,
ppiq_meta,ppiq_license_entitlement_projection,9,deployment_mode,text,not_null,
ppiq_meta,ppiq_license_events,1,id,uuid,not_null,gen_random_uuid()
ppiq_meta,ppiq_license_events,2,tenant_id,uuid,not_null,
ppiq_meta,ppiq_license_events,3,license_artifact_id,uuid,nullable,
ppiq_meta,ppiq_license_events,4,event_type,text,not_null,
ppiq_meta,ppiq_license_events,5,outcome,text,not_null,
ppiq_meta,ppiq_license_events,6,message,text,not_null,
ppiq_meta,ppiq_license_events,7,details,jsonb,not_null,'{}'::jsonb
ppiq_meta,ppiq_license_events,8,created_at_utc,timestamp with time zone,not_null,now()
ppiq_meta,ppiq_license_feature_defaults,1,tier,text,not_null,
ppiq_meta,ppiq_license_feature_defaults,2,feature,text,not_null,
ppiq_meta,ppiq_license_feature_defaults,3,lock_reason,text,nullable,
ppiq_meta,ppiq_license_feature_defaults,4,created_at_utc,timestamp with time zone,not_null,now()
ppiq_meta,ppiq_license_signing_keys,1,id,uuid,not_null,gen_random_uuid()
ppiq_meta,ppiq_license_signing_keys,2,key_id,text,not_null,
ppiq_meta,ppiq_license_signing_keys,3,algorithm,text,not_null,'ecdsa-p256-dev'::text
ppiq_meta,ppiq_license_signing_keys,4,public_key_pem,text,not_null,
ppiq_meta,ppiq_license_signing_keys,5,private_key_pem_encrypted,text,nullable,
ppiq_meta,ppiq_license_signing_keys,6,is_active,boolean,not_null,true
ppiq_meta,ppiq_license_signing_keys,7,created_at_utc,timestamp with time zone,not_null,now()
ppiq_meta,ppiq_license_signing_keys,8,retired_at_utc,timestamp with time zone,nullable,
ppiq_meta,ppiq_mapping_versions,1,id,uuid,not_null,gen_random_uuid()
ppiq_meta,ppiq_mapping_versions,10,created_at_utc,timestamp with time zone,not_null,now()
ppiq_meta,ppiq_mapping_versions,2,tenant_id,uuid,not_null,'00000000-0000-0000-0000-000000000001'::uuid
ppiq_meta,ppiq_mapping_versions,3,mapping_code,text,nullable,
ppiq_meta,ppiq_mapping_versions,4,display_name,text,nullable,
ppiq_meta,ppiq_mapping_versions,5,canonical_entity,text,nullable,
ppiq_meta,ppiq_mapping_versions,6,environment,text,nullable,
ppiq_meta,ppiq_mapping_versions,7,version_number,integer,nullable,
ppiq_meta,ppiq_mapping_versions,8,definition,jsonb,not_null,'{}'::jsonb
ppiq_meta,ppiq_mapping_versions,9,status,text,not_null,'Draft'::text
ppiq_meta,ppiq_mfa_recovery_codes,1,id,uuid,not_null,gen_random_uuid()
ppiq_meta,ppiq_mfa_recovery_codes,2,tenant_id,uuid,not_null,
ppiq_meta,ppiq_mfa_recovery_codes,3,user_id,uuid,not_null,
ppiq_meta,ppiq_mfa_recovery_codes,4,code_hash,text,not_null,
ppiq_meta,ppiq_mfa_recovery_codes,5,used_at_utc,timestamp with time zone,nullable,
ppiq_meta,ppiq_mfa_recovery_codes,6,created_at_utc,timestamp with time zone,not_null,now()
ppiq_meta,ppiq_mfa_totp_enrollments,1,id,uuid,not_null,gen_random_uuid()
ppiq_meta,ppiq_mfa_totp_enrollments,10,last_verified_at_utc,timestamp with time zone,nullable,
ppiq_meta,ppiq_mfa_totp_enrollments,2,tenant_id,uuid,not_null,
ppiq_meta,ppiq_mfa_totp_enrollments,3,user_id,uuid,not_null,
ppiq_meta,ppiq_mfa_totp_enrollments,4,secret_ciphertext,text,not_null,
ppiq_meta,ppiq_mfa_totp_enrollments,5,secret_hint,text,not_null,
ppiq_meta,ppiq_mfa_totp_enrollments,6,is_verified,boolean,not_null,false
ppiq_meta,ppiq_mfa_totp_enrollments,7,enabled_at_utc,timestamp with time zone,nullable,
ppiq_meta,ppiq_mfa_totp_enrollments,8,disabled_at_utc,timestamp with time zone,nullable,
ppiq_meta,ppiq_mfa_totp_enrollments,9,created_at_utc,timestamp with time zone,not_null,now()
ppiq_meta,ppiq_mobile_readiness_checks,1,id,uuid,not_null,gen_random_uuid()
ppiq_meta,ppiq_mobile_readiness_checks,2,screen_code,text,not_null,
ppiq_meta,ppiq_mobile_readiness_checks,3,viewport_code,text,not_null,
ppiq_meta,ppiq_mobile_readiness_checks,4,touch_target_min_px,integer,not_null,44
ppiq_meta,ppiq_mobile_readiness_checks,5,table_strategy,text,not_null,'card_or_horizontal_scroll'::text
ppiq_meta,ppiq_mobile_readiness_checks,6,overflow_checked,boolean,not_null,true
ppiq_meta,ppiq_mobile_readiness_checks,7,result,text,not_null,'pending'::text
ppiq_meta,ppiq_mobile_readiness_checks,8,evidence,text,not_null,''::text
ppiq_meta,ppiq_mobile_readiness_checks,9,checked_at_utc,timestamp with time zone,not_null,now()
ppiq_meta,ppiq_model_eval_golden_cases,1,id,uuid,not_null,gen_random_uuid()
ppiq_meta,ppiq_model_eval_golden_cases,10,is_enabled,boolean,not_null,true
ppiq_meta,ppiq_model_eval_golden_cases,11,created_at_utc,timestamp with time zone,not_null,now()
ppiq_meta,ppiq_model_eval_golden_cases,2,tenant_id,uuid,not_null,
ppiq_meta,ppiq_model_eval_golden_cases,3,case_code,text,not_null,
ppiq_meta,ppiq_model_eval_golden_cases,4,case_title,text,not_null,
ppiq_meta,ppiq_model_eval_golden_cases,5,prompt,text,not_null,
ppiq_meta,ppiq_model_eval_golden_cases,6,expected_behavior,text,not_null,
ppiq_meta,ppiq_model_eval_golden_cases,7,requires_citation,boolean,not_null,true
ppiq_meta,ppiq_model_eval_golden_cases,8,forbids_uncited_numbers,boolean,not_null,true
ppiq_meta,ppiq_model_eval_golden_cases,9,expected_status,text,not_null,'pass'::text
ppiq_meta,ppiq_model_eval_runs,1,id,uuid,not_null,gen_random_uuid()
ppiq_meta,ppiq_model_eval_runs,10,threshold,"numeric(8,4)",not_null,0.95
ppiq_meta,ppiq_model_eval_runs,11,run_status,text,not_null,'pending'::text
ppiq_meta,ppiq_model_eval_runs,12,evidence_json,jsonb,not_null,'{}'::jsonb
ppiq_meta,ppiq_model_eval_runs,13,created_at_utc,timestamp with time zone,not_null,now()
ppiq_meta,ppiq_model_eval_runs,2,tenant_id,uuid,not_null,
ppiq_meta,ppiq_model_eval_runs,3,run_code,text,not_null,
ppiq_meta,ppiq_model_eval_runs,4,endpoint_code,text,not_null,
ppiq_meta,ppiq_model_eval_runs,5,model_version,text,not_null,
ppiq_meta,ppiq_model_eval_runs,6,total_cases,integer,not_null,0
ppiq_meta,ppiq_model_eval_runs,7,passed_cases,integer,not_null,0
ppiq_meta,ppiq_model_eval_runs,8,failed_cases,integer,not_null,0
ppiq_meta,ppiq_model_eval_runs,9,pass_rate,"numeric(8,4)",not_null,0
ppiq_meta,ppiq_model_gateway_policy_results,1,id,uuid,not_null,gen_random_uuid()
ppiq_meta,ppiq_model_gateway_policy_results,2,tenant_id,uuid,not_null,
ppiq_meta,ppiq_model_gateway_policy_results,3,endpoint_code,text,not_null,
ppiq_meta,ppiq_model_gateway_policy_results,4,policy_code,text,not_null,
ppiq_meta,ppiq_model_gateway_policy_results,5,policy_status,text,not_null,
ppiq_meta,ppiq_model_gateway_policy_results,6,evidence_json,jsonb,not_null,'{}'::jsonb
ppiq_meta,ppiq_model_gateway_policy_results,7,created_at_utc,timestamp with time zone,not_null,now()
ppiq_meta,ppiq_mostly_green_task_closure,1,task_id,text,not_null,
ppiq_meta,ppiq_mostly_green_task_closure,10,closed_at_utc,timestamp with time zone,not_null,now()
ppiq_meta,ppiq_mostly_green_task_closure,2,phase_code,text,not_null,
ppiq_meta,ppiq_mostly_green_task_closure,3,task_name,text,not_null,
ppiq_meta,ppiq_mostly_green_task_closure,4,closure_category,text,not_null,
ppiq_meta,ppiq_mostly_green_task_closure,5,closure_status,text,not_null,
ppiq_meta,ppiq_mostly_green_task_closure,6,validation_status,text,not_null,
ppiq_meta,ppiq_mostly_green_task_closure,7,evidence_summary,text,not_null,
ppiq_meta,ppiq_mostly_green_task_closure,8,evidence_files,text[],not_null,ARRAY[]::text[]
ppiq_meta,ppiq_mostly_green_task_closure,9,closure_notes,text,not_null,''::text
ppiq_meta,ppiq_notification_channels,1,id,uuid,not_null,gen_random_uuid()
ppiq_meta,ppiq_notification_channels,2,tenant_id,uuid,not_null,
ppiq_meta,ppiq_notification_channels,3,channel_code,text,not_null,
ppiq_meta,ppiq_notification_channels,4,channel_type,text,not_null,
ppiq_meta,ppiq_notification_channels,5,display_name,text,not_null,
ppiq_meta,ppiq_notification_channels,6,destination,text,not_null,
ppiq_meta,ppiq_notification_channels,7,is_enabled,boolean,not_null,true
ppiq_meta,ppiq_notification_channels,8,retry_count,integer,not_null,3
ppiq_meta,ppiq_notification_channels,9,created_at_utc,timestamp with time zone,not_null,now()
ppiq_meta,ppiq_notification_deliveries,1,id,uuid,not_null,gen_random_uuid()
ppiq_meta,ppiq_notification_deliveries,10,next_attempt_at_utc,timestamp with time zone,nullable,
ppiq_meta,ppiq_notification_deliveries,11,last_attempt_at_utc,timestamp with time zone,nullable,
ppiq_meta,ppiq_notification_deliveries,12,delivered_at_utc,timestamp with time zone,nullable,
ppiq_meta,ppiq_notification_deliveries,13,failure_reason,text,nullable,
ppiq_meta,ppiq_notification_deliveries,14,created_at_utc,timestamp with time zone,not_null,now()
ppiq_meta,ppiq_notification_deliveries,2,tenant_id,uuid,not_null,
ppiq_meta,ppiq_notification_deliveries,3,channel_id,uuid,not_null,
ppiq_meta,ppiq_notification_deliveries,4,event_type,text,not_null,
ppiq_meta,ppiq_notification_deliveries,5,severity,text,not_null,'info'::text
ppiq_meta,ppiq_notification_deliveries,6,subject,text,not_null,
ppiq_meta,ppiq_notification_deliveries,7,payload_json,jsonb,not_null,
ppiq_meta,ppiq_notification_deliveries,8,status,text,not_null,'queued'::text
ppiq_meta,ppiq_notification_deliveries,9,attempt_count,integer,not_null,0
ppiq_meta,ppiq_notification_preferences,1,id,uuid,not_null,gen_random_uuid()
ppiq_meta,ppiq_notification_preferences,2,tenant_id,uuid,not_null,
ppiq_meta,ppiq_notification_preferences,3,user_id,uuid,nullable,
ppiq_meta,ppiq_notification_preferences,4,role_code,text,nullable,
ppiq_meta,ppiq_notification_preferences,5,event_type,text,not_null,
ppiq_meta,ppiq_notification_preferences,6,channel_code,text,not_null,
ppiq_meta,ppiq_notification_preferences,7,is_enabled,boolean,not_null,true
ppiq_meta,ppiq_notification_preferences,8,created_at_utc,timestamp with time zone,not_null,now()
ppiq_meta,ppiq_oidc_runtime_jwks_keys,1,id,uuid,not_null,gen_random_uuid()
ppiq_meta,ppiq_oidc_runtime_jwks_keys,10,status,text,not_null,'active'::text
ppiq_meta,ppiq_oidc_runtime_jwks_keys,11,created_at_utc,timestamp with time zone,not_null,now()
ppiq_meta,ppiq_oidc_runtime_jwks_keys,12,retired_at_utc,timestamp with time zone,nullable,
ppiq_meta,ppiq_oidc_runtime_jwks_keys,2,tenant_id,uuid,not_null,
ppiq_meta,ppiq_oidc_runtime_jwks_keys,3,provider_code,text,not_null,
ppiq_meta,ppiq_oidc_runtime_jwks_keys,4,key_id,text,not_null,
ppiq_meta,ppiq_oidc_runtime_jwks_keys,5,issuer,text,not_null,
ppiq_meta,ppiq_oidc_runtime_jwks_keys,6,audience,text,not_null,
ppiq_meta,ppiq_oidc_runtime_jwks_keys,7,algorithm,text,not_null,'RS256'::text
ppiq_meta,ppiq_oidc_runtime_jwks_keys,8,jwk_n_b64url,text,not_null,
ppiq_meta,ppiq_oidc_runtime_jwks_keys,9,jwk_e_b64url,text,not_null,
ppiq_meta,ppiq_open_format_export_bundles,1,id,uuid,not_null,gen_random_uuid()
ppiq_meta,ppiq_open_format_export_bundles,10,dictionary_definitions_included,boolean,not_null,true
ppiq_meta,ppiq_open_format_export_bundles,11,reimport_smoke_status,text,not_null,'not_run'::text
ppiq_meta,ppiq_open_format_export_bundles,12,checksum,text,not_null,''::text
ppiq_meta,ppiq_open_format_export_bundles,13,created_at_utc,timestamp with time zone,not_null,now()
ppiq_meta,ppiq_open_format_export_bundles,2,tenant_id,uuid,not_null,
ppiq_meta,ppiq_open_format_export_bundles,3,export_code,text,not_null,
ppiq_meta,ppiq_open_format_export_bundles,4,schema_version,text,not_null,
ppiq_meta,ppiq_open_format_export_bundles,5,format_set,text,not_null,'csv-json-parquet-compatible'::text
ppiq_meta,ppiq_open_format_export_bundles,6,manifest_path,text,not_null,
ppiq_meta,ppiq_open_format_export_bundles,7,canonical_model_included,boolean,not_null,true
ppiq_meta,ppiq_open_format_export_bundles,8,telemetry_included,boolean,not_null,true
ppiq_meta,ppiq_open_format_export_bundles,9,mapping_definitions_included,boolean,not_null,true
ppiq_meta,ppiq_plant_connectors,1,id,uuid,not_null,gen_random_uuid()
ppiq_meta,ppiq_plant_connectors,10,last_success_at_utc,timestamp with time zone,nullable,
ppiq_meta,ppiq_plant_connectors,11,last_failure_at_utc,timestamp with time zone,nullable,
ppiq_meta,ppiq_plant_connectors,12,last_error,text,nullable,
ppiq_meta,ppiq_plant_connectors,13,created_at_utc,timestamp with time zone,not_null,now()
ppiq_meta,ppiq_plant_connectors,14,updated_at_utc,timestamp with time zone,not_null,now()
ppiq_meta,ppiq_plant_connectors,2,tenant_id,uuid,not_null,
ppiq_meta,ppiq_plant_connectors,3,connector_code,text,not_null,
ppiq_meta,ppiq_plant_connectors,4,display_name,text,not_null,
ppiq_meta,ppiq_plant_connectors,5,connector_type,text,not_null,'mock_historian'::text
ppiq_meta,ppiq_plant_connectors,6,endpoint_url,text,nullable,
ppiq_meta,ppiq_plant_connectors,7,is_read_only,boolean,not_null,true
ppiq_meta,ppiq_plant_connectors,8,is_enabled,boolean,not_null,true
ppiq_meta,ppiq_plant_connectors,9,certification_status,text,not_null,'mock_certified'::text
ppiq_meta,ppiq_private_model_endpoint_configs,1,id,uuid,not_null,gen_random_uuid()
ppiq_meta,ppiq_private_model_endpoint_configs,10,zero_data_retention_confirmed,boolean,not_null,false
ppiq_meta,ppiq_private_model_endpoint_configs,11,data_residency_region,text,not_null,'customer-controlled'::text
ppiq_meta,ppiq_private_model_endpoint_configs,12,customer_key_reference,text,nullable,
ppiq_meta,ppiq_private_model_endpoint_configs,13,public_network_allowed,boolean,not_null,false
ppiq_meta,ppiq_private_model_endpoint_configs,14,is_byom,boolean,not_null,false
ppiq_meta,ppiq_private_model_endpoint_configs,15,is_enabled,boolean,not_null,true
ppiq_meta,ppiq_private_model_endpoint_configs,16,validation_status,text,not_null,'pending'::text
ppiq_meta,ppiq_private_model_endpoint_configs,17,validation_message,text,not_null,''::text
ppiq_meta,ppiq_private_model_endpoint_configs,18,created_at_utc,timestamp with time zone,not_null,now()
ppiq_meta,ppiq_private_model_endpoint_configs,19,updated_at_utc,timestamp with time zone,not_null,now()
ppiq_meta,ppiq_private_model_endpoint_configs,2,tenant_id,uuid,not_null,
ppiq_meta,ppiq_private_model_endpoint_configs,3,endpoint_code,text,not_null,
ppiq_meta,ppiq_private_model_endpoint_configs,4,provider_type,text,not_null,
ppiq_meta,ppiq_private_model_endpoint_configs,5,model_family,text,not_null,'assistant'::text
ppiq_meta,ppiq_private_model_endpoint_configs,6,model_version,text,not_null,
ppiq_meta,ppiq_private_model_endpoint_configs,7,base_url,text,not_null,
ppiq_meta,ppiq_private_model_endpoint_configs,8,network_boundary,text,not_null,
ppiq_meta,ppiq_private_model_endpoint_configs,9,zero_data_retention_required,boolean,not_null,true
ppiq_meta,ppiq_product_module_refactor_inventory,1,id,uuid,not_null,gen_random_uuid()
ppiq_meta,ppiq_product_module_refactor_inventory,2,artifact_path,text,not_null,
ppiq_meta,ppiq_product_module_refactor_inventory,3,current_line_count,integer,not_null,
ppiq_meta,ppiq_product_module_refactor_inventory,4,target_module,text,not_null,
ppiq_meta,ppiq_product_module_refactor_inventory,5,refactor_status,text,not_null,'inventory'::text
ppiq_meta,ppiq_product_module_refactor_inventory,6,legacy_import_count,integer,not_null,0
ppiq_meta,ppiq_product_module_refactor_inventory,7,phase_named_artifact,boolean,not_null,false
ppiq_meta,ppiq_product_module_refactor_inventory,8,evidence,text,not_null,''::text
ppiq_meta,ppiq_product_module_refactor_inventory,9,scanned_at_utc,timestamp with time zone,not_null,now()
ppiq_meta,ppiq_purge_audit,1,id,bigint,not_null,nextval('ppiq_meta.ppiq_purge_audit_id_seq'::regclass)
ppiq_meta,ppiq_purge_audit,2,executed_at_utc,timestamp with time zone,not_null,now()
ppiq_meta,ppiq_purge_audit,3,action,text,not_null,
ppiq_meta,ppiq_purge_audit,4,detail,text,not_null,
ppiq_meta,ppiq_refresh_token_reuse_events,1,id,uuid,not_null,gen_random_uuid()
ppiq_meta,ppiq_refresh_token_reuse_events,2,tenant_id,uuid,not_null,
ppiq_meta,ppiq_refresh_token_reuse_events,3,user_id,uuid,not_null,
ppiq_meta,ppiq_refresh_token_reuse_events,4,refresh_token_family_id,uuid,not_null,
ppiq_meta,ppiq_refresh_token_reuse_events,5,detected_at_utc,timestamp with time zone,not_null,now()
ppiq_meta,ppiq_refresh_token_reuse_events,6,action_taken,text,not_null,'family_revoked'::text
ppiq_meta,ppiq_refresh_token_reuse_events,7,evidence,text,not_null,
ppiq_meta,ppiq_refresh_tokens,1,id,uuid,not_null,gen_random_uuid()
ppiq_meta,ppiq_refresh_tokens,10,revoked_by_ip,text,nullable,
ppiq_meta,ppiq_refresh_tokens,11,user_agent,text,nullable,
ppiq_meta,ppiq_refresh_tokens,2,tenant_id,uuid,not_null,
ppiq_meta,ppiq_refresh_tokens,3,user_id,uuid,not_null,
ppiq_meta,ppiq_refresh_tokens,4,token_hash,text,not_null,
ppiq_meta,ppiq_refresh_tokens,5,replaced_by_token_hash,text,nullable,
ppiq_meta,ppiq_refresh_tokens,6,created_at_utc,timestamp with time zone,not_null,now()
ppiq_meta,ppiq_refresh_tokens,7,expires_at_utc,timestamp with time zone,not_null,
ppiq_meta,ppiq_refresh_tokens,8,revoked_at_utc,timestamp with time zone,nullable,
ppiq_meta,ppiq_refresh_tokens,9,created_by_ip,text,nullable,
ppiq_meta,ppiq_retention_policies,1,id,uuid,not_null,gen_random_uuid()
ppiq_meta,ppiq_retention_policies,2,tenant_id,uuid,not_null,
ppiq_meta,ppiq_retention_policies,3,dataset_name,text,not_null,
ppiq_meta,ppiq_retention_policies,4,retention_days,integer,not_null,
ppiq_meta,ppiq_retention_policies,5,action_after_expiry,text,not_null,'anonymize'::text
ppiq_meta,ppiq_retention_policies,6,is_enabled,boolean,not_null,true
ppiq_meta,ppiq_retention_policies,7,legal_hold_enabled,boolean,not_null,false
ppiq_meta,ppiq_retention_policies,8,updated_at_utc,timestamp with time zone,not_null,now()
ppiq_meta,ppiq_retention_run_logs,1,id,uuid,not_null,gen_random_uuid()
ppiq_meta,ppiq_retention_run_logs,2,tenant_id,uuid,not_null,
ppiq_meta,ppiq_retention_run_logs,3,dataset_name,text,not_null,
ppiq_meta,ppiq_retention_run_logs,4,evaluated_count,integer,not_null,0
ppiq_meta,ppiq_retention_run_logs,5,affected_count,integer,not_null,0
ppiq_meta,ppiq_retention_run_logs,6,action_taken,text,not_null,
ppiq_meta,ppiq_retention_run_logs,7,run_at_utc,timestamp with time zone,not_null,now()
ppiq_meta,ppiq_retention_run_logs,8,evidence_json,jsonb,not_null,'{}'::jsonb
ppiq_meta,ppiq_role_permission_defaults,1,role,text,not_null,
ppiq_meta,ppiq_role_permission_defaults,2,permission,text,not_null,
ppiq_meta,ppiq_role_permission_defaults,3,created_at_utc,timestamp with time zone,not_null,now()
ppiq_meta,ppiq_schema_drift_events,1,drift_event_id,uuid,not_null,gen_random_uuid()
ppiq_meta,ppiq_schema_drift_events,10,after_value,text,nullable,
ppiq_meta,ppiq_schema_drift_events,11,blocks_ingestion,boolean,not_null,false
ppiq_meta,ppiq_schema_drift_events,12,remediation_prompt,text,not_null,
ppiq_meta,ppiq_schema_drift_events,13,detected_at_utc,timestamp with time zone,not_null,now()
ppiq_meta,ppiq_schema_drift_events,14,resolved_at_utc,timestamp with time zone,nullable,
ppiq_meta,ppiq_schema_drift_events,15,resolved_by,text,nullable,
ppiq_meta,ppiq_schema_drift_events,16,resolution_note,text,nullable,
ppiq_meta,ppiq_schema_drift_events,17,source_code,text,not_null,''::text
ppiq_meta,ppiq_schema_drift_events,2,tenant_id,uuid,not_null,
ppiq_meta,ppiq_schema_drift_events,3,source_system_code,text,not_null,
ppiq_meta,ppiq_schema_drift_events,4,expected_snapshot_id,uuid,nullable,
ppiq_meta,ppiq_schema_drift_events,5,actual_snapshot_id,uuid,nullable,
ppiq_meta,ppiq_schema_drift_events,6,field_name,text,not_null,
ppiq_meta,ppiq_schema_drift_events,7,drift_type,text,not_null,
ppiq_meta,ppiq_schema_drift_events,8,severity,text,not_null,
ppiq_meta,ppiq_schema_drift_events,9,before_value,text,nullable,
ppiq_meta,ppiq_scim_bearer_tokens,1,id,uuid,not_null,gen_random_uuid()
ppiq_meta,ppiq_scim_bearer_tokens,2,tenant_id,uuid,not_null,
ppiq_meta,ppiq_scim_bearer_tokens,3,token_hash,text,not_null,
ppiq_meta,ppiq_scim_bearer_tokens,4,display_name,text,not_null,
ppiq_meta,ppiq_scim_bearer_tokens,5,is_enabled,boolean,not_null,true
ppiq_meta,ppiq_scim_bearer_tokens,6,expires_at_utc,timestamp with time zone,nullable,
ppiq_meta,ppiq_scim_bearer_tokens,7,created_at_utc,timestamp with time zone,not_null,now()
ppiq_meta,ppiq_scim_group_members,1,id,uuid,not_null,gen_random_uuid()
ppiq_meta,ppiq_scim_group_members,2,tenant_id,uuid,not_null,
ppiq_meta,ppiq_scim_group_members,3,group_id,uuid,not_null,
ppiq_meta,ppiq_scim_group_members,4,user_id,uuid,not_null,
ppiq_meta,ppiq_scim_group_members,5,created_at_utc,timestamp with time zone,not_null,now()
ppiq_meta,ppiq_scim_groups,1,id,uuid,not_null,gen_random_uuid()
ppiq_meta,ppiq_scim_groups,2,tenant_id,uuid,not_null,
ppiq_meta,ppiq_scim_groups,3,external_id,text,nullable,
ppiq_meta,ppiq_scim_groups,4,display_name,text,not_null,
ppiq_meta,ppiq_scim_groups,5,raw_scim,jsonb,not_null,'{}'::jsonb
ppiq_meta,ppiq_scim_groups,6,active,boolean,not_null,true
ppiq_meta,ppiq_scim_groups,7,created_at_utc,timestamp with time zone,not_null,now()
ppiq_meta,ppiq_scim_groups,8,updated_at_utc,timestamp with time zone,not_null,now()
ppiq_meta,ppiq_scim_runtime_contract_events,1,id,uuid,not_null,gen_random_uuid()
ppiq_meta,ppiq_scim_runtime_contract_events,2,tenant_id,uuid,not_null,
ppiq_meta,ppiq_scim_runtime_contract_events,3,event_code,text,not_null,
ppiq_meta,ppiq_scim_runtime_contract_events,4,subject,text,not_null,
ppiq_meta,ppiq_scim_runtime_contract_events,5,outcome,text,not_null,
ppiq_meta,ppiq_scim_runtime_contract_events,6,evidence_json,jsonb,not_null,'{}'::jsonb
ppiq_meta,ppiq_scim_runtime_contract_events,7,created_at_utc,timestamp with time zone,not_null,now()
ppiq_meta,ppiq_scim_users,1,id,uuid,not_null,gen_random_uuid()
ppiq_meta,ppiq_scim_users,10,app_role,text,not_null,'Viewer'::text
ppiq_meta,ppiq_scim_users,11,plant_role,text,not_null,'Viewer'::text
ppiq_meta,ppiq_scim_users,12,raw_scim,jsonb,not_null,'{}'::jsonb
ppiq_meta,ppiq_scim_users,13,created_at_utc,timestamp with time zone,not_null,now()
ppiq_meta,ppiq_scim_users,14,updated_at_utc,timestamp with time zone,not_null,now()
ppiq_meta,ppiq_scim_users,15,deactivated_at_utc,timestamp with time zone,nullable,
ppiq_meta,ppiq_scim_users,2,tenant_id,uuid,not_null,
ppiq_meta,ppiq_scim_users,3,external_id,text,nullable,
ppiq_meta,ppiq_scim_users,4,user_name,text,not_null,
ppiq_meta,ppiq_scim_users,5,display_name,text,nullable,
ppiq_meta,ppiq_scim_users,6,given_name,text,nullable,
ppiq_meta,ppiq_scim_users,7,family_name,text,nullable,
ppiq_meta,ppiq_scim_users,8,email,text,nullable,
ppiq_meta,ppiq_scim_users,9,active,boolean,not_null,true
ppiq_meta,ppiq_secret_store,1,id,uuid,not_null,gen_random_uuid()
ppiq_meta,ppiq_secret_store,2,tenant_id,uuid,nullable,
ppiq_meta,ppiq_secret_store,3,secret_name,text,not_null,
ppiq_meta,ppiq_secret_store,4,ciphertext,bytea,not_null,
ppiq_meta,ppiq_secret_store,5,key_version,text,not_null,'v1'::text
ppiq_meta,ppiq_secret_store,6,created_at_utc,timestamp with time zone,not_null,now()
ppiq_meta,ppiq_secret_store,7,rotated_at_utc,timestamp with time zone,nullable,
ppiq_meta,ppiq_secret_store,8,is_active,boolean,not_null,true
ppiq_meta,ppiq_sensitive_data_catalog,1,id,uuid,not_null,gen_random_uuid()
ppiq_meta,ppiq_sensitive_data_catalog,2,table_name,text,not_null,
ppiq_meta,ppiq_sensitive_data_catalog,3,column_name,text,not_null,
ppiq_meta,ppiq_sensitive_data_catalog,4,sensitivity_class,text,not_null,
ppiq_meta,ppiq_sensitive_data_catalog,5,protection_required,text,not_null,
ppiq_meta,ppiq_sensitive_data_catalog,6,current_status,text,not_null,'cataloged'::text
ppiq_meta,ppiq_sensitive_data_catalog,7,owner_module,text,not_null,
ppiq_meta,ppiq_sensitive_data_catalog,8,notes,text,not_null,''::text
ppiq_meta,ppiq_sensitive_data_catalog,9,created_at_utc,timestamp with time zone,not_null,now()
ppiq_meta,ppiq_signed_license_artifacts,1,id,uuid,not_null,gen_random_uuid()
ppiq_meta,ppiq_signed_license_artifacts,10,expires_at_utc,timestamp with time zone,not_null,
ppiq_meta,ppiq_signed_license_artifacts,11,grace_until_utc,timestamp with time zone,nullable,
ppiq_meta,ppiq_signed_license_artifacts,12,verification_status,text,not_null,'pending'::text
ppiq_meta,ppiq_signed_license_artifacts,13,verification_error,text,nullable,
ppiq_meta,ppiq_signed_license_artifacts,14,activated_at_utc,timestamp with time zone,not_null,now()
ppiq_meta,ppiq_signed_license_artifacts,15,is_active,boolean,not_null,true
ppiq_meta,ppiq_signed_license_artifacts,2,tenant_id,uuid,not_null,
ppiq_meta,ppiq_signed_license_artifacts,3,license_key,text,not_null,
ppiq_meta,ppiq_signed_license_artifacts,4,key_id,text,not_null,
ppiq_meta,ppiq_signed_license_artifacts,5,algorithm,text,not_null,
ppiq_meta,ppiq_signed_license_artifacts,6,payload_json,jsonb,not_null,
ppiq_meta,ppiq_signed_license_artifacts,7,payload_canonical,text,not_null,
ppiq_meta,ppiq_signed_license_artifacts,8,signature_base64,text,not_null,
ppiq_meta,ppiq_signed_license_artifacts,9,issued_at_utc,timestamp with time zone,not_null,
ppiq_meta,ppiq_source_code_escrow_records,1,id,uuid,not_null,gen_random_uuid()
ppiq_meta,ppiq_source_code_escrow_records,10,reviewed_by,text,nullable,
ppiq_meta,ppiq_source_code_escrow_records,11,reviewed_at_utc,timestamp with time zone,nullable,
ppiq_meta,ppiq_source_code_escrow_records,12,created_at_utc,timestamp with time zone,not_null,now()
ppiq_meta,ppiq_source_code_escrow_records,2,tenant_id,uuid,not_null,
ppiq_meta,ppiq_source_code_escrow_records,3,escrow_code,text,not_null,
ppiq_meta,ppiq_source_code_escrow_records,4,package_version,text,not_null,
ppiq_meta,ppiq_source_code_escrow_records,5,release_conditions,text,not_null,
ppiq_meta,ppiq_source_code_escrow_records,6,includes_source,boolean,not_null,true
ppiq_meta,ppiq_source_code_escrow_records,7,includes_build_docs,boolean,not_null,true
ppiq_meta,ppiq_source_code_escrow_records,8,includes_db_scripts,boolean,not_null,true
ppiq_meta,ppiq_source_code_escrow_records,9,includes_open_format_schema,boolean,not_null,true
ppiq_meta,ppiq_source_schema_snapshot_fields,1,snapshot_field_id,uuid,not_null,gen_random_uuid()
ppiq_meta,ppiq_source_schema_snapshot_fields,10,is_mapped,boolean,not_null,false
ppiq_meta,ppiq_source_schema_snapshot_fields,11,canonical_target,text,nullable,
ppiq_meta,ppiq_source_schema_snapshot_fields,12,ignored_reason,text,nullable,
ppiq_meta,ppiq_source_schema_snapshot_fields,13,sample_stats_json,jsonb,not_null,'{}'::jsonb
ppiq_meta,ppiq_source_schema_snapshot_fields,14,ordinal_position,integer,nullable,
ppiq_meta,ppiq_source_schema_snapshot_fields,15,metadata_json,jsonb,not_null,'{}'::jsonb
ppiq_meta,ppiq_source_schema_snapshot_fields,2,snapshot_id,uuid,not_null,
ppiq_meta,ppiq_source_schema_snapshot_fields,3,tenant_id,uuid,not_null,
ppiq_meta,ppiq_source_schema_snapshot_fields,4,source_system_code,text,not_null,
ppiq_meta,ppiq_source_schema_snapshot_fields,5,field_name,text,not_null,
ppiq_meta,ppiq_source_schema_snapshot_fields,6,data_type,text,not_null,
ppiq_meta,ppiq_source_schema_snapshot_fields,7,unit,text,nullable,
ppiq_meta,ppiq_source_schema_snapshot_fields,8,is_required,boolean,not_null,false
ppiq_meta,ppiq_source_schema_snapshot_fields,9,is_nullable,boolean,not_null,true
ppiq_meta,ppiq_source_schema_snapshots,1,snapshot_id,uuid,not_null,gen_random_uuid()
ppiq_meta,ppiq_source_schema_snapshots,2,tenant_id,uuid,not_null,
ppiq_meta,ppiq_source_schema_snapshots,3,source_system_code,text,not_null,
ppiq_meta,ppiq_source_schema_snapshots,4,source_kind,text,not_null,'unknown'::text
ppiq_meta,ppiq_source_schema_snapshots,5,schema_hash,text,not_null,
ppiq_meta,ppiq_source_schema_snapshots,6,captured_at_utc,timestamp with time zone,not_null,now()
ppiq_meta,ppiq_source_schema_snapshots,7,captured_by,text,not_null,CURRENT_USER
ppiq_meta,ppiq_source_schema_snapshots,8,sync_correlation_id,text,nullable,
ppiq_meta,ppiq_source_schema_snapshots,9,metadata_json,jsonb,not_null,'{}'::jsonb
ppiq_meta,ppiq_sso_principals,1,id,uuid,not_null,gen_random_uuid()
ppiq_meta,ppiq_sso_principals,10,is_enabled,boolean,not_null,true
ppiq_meta,ppiq_sso_principals,11,created_at_utc,timestamp with time zone,not_null,now()
ppiq_meta,ppiq_sso_principals,12,updated_at_utc,timestamp with time zone,not_null,now()
ppiq_meta,ppiq_sso_principals,2,tenant_id,uuid,not_null,
ppiq_meta,ppiq_sso_principals,3,provider_id,uuid,not_null,
ppiq_meta,ppiq_sso_principals,4,external_subject,text,not_null,
ppiq_meta,ppiq_sso_principals,5,email,text,not_null,
ppiq_meta,ppiq_sso_principals,6,display_name,text,not_null,
ppiq_meta,ppiq_sso_principals,7,app_role,text,not_null,
ppiq_meta,ppiq_sso_principals,8,plant_role,text,not_null,
ppiq_meta,ppiq_sso_principals,9,last_login_at_utc,timestamp with time zone,nullable,
ppiq_meta,ppiq_sso_provider_configs,1,id,uuid,not_null,gen_random_uuid()
ppiq_meta,ppiq_sso_provider_configs,10,metadata_json,jsonb,not_null,'{}'::jsonb
ppiq_meta,ppiq_sso_provider_configs,11,default_role,text,not_null,'Viewer'::text
ppiq_meta,ppiq_sso_provider_configs,12,jit_provisioning_enabled,boolean,not_null,true
ppiq_meta,ppiq_sso_provider_configs,13,is_enabled,boolean,not_null,true
ppiq_meta,ppiq_sso_provider_configs,14,created_at_utc,timestamp with time zone,not_null,now()
ppiq_meta,ppiq_sso_provider_configs,15,updated_at_utc,timestamp with time zone,not_null,now()
ppiq_meta,ppiq_sso_provider_configs,2,tenant_id,uuid,not_null,
ppiq_meta,ppiq_sso_provider_configs,3,provider_code,text,not_null,
ppiq_meta,ppiq_sso_provider_configs,4,display_name,text,not_null,
ppiq_meta,ppiq_sso_provider_configs,5,protocol,text,not_null,'oidc'::text
ppiq_meta,ppiq_sso_provider_configs,6,issuer,text,not_null,
ppiq_meta,ppiq_sso_provider_configs,7,authorization_endpoint,text,nullable,
ppiq_meta,ppiq_sso_provider_configs,8,token_endpoint,text,nullable,
ppiq_meta,ppiq_sso_provider_configs,9,jwks_uri,text,nullable,
ppiq_meta,ppiq_sso_role_mappings,1,id,uuid,not_null,gen_random_uuid()
ppiq_meta,ppiq_sso_role_mappings,10,created_at_utc,timestamp with time zone,not_null,now()
ppiq_meta,ppiq_sso_role_mappings,2,tenant_id,uuid,not_null,
ppiq_meta,ppiq_sso_role_mappings,3,provider_id,uuid,not_null,
ppiq_meta,ppiq_sso_role_mappings,4,claim_type,text,not_null,
ppiq_meta,ppiq_sso_role_mappings,5,claim_value,text,not_null,
ppiq_meta,ppiq_sso_role_mappings,6,app_role,text,not_null,
ppiq_meta,ppiq_sso_role_mappings,7,plant_role,text,not_null,'Viewer'::text
ppiq_meta,ppiq_sso_role_mappings,8,priority,integer,not_null,100
ppiq_meta,ppiq_sso_role_mappings,9,is_enabled,boolean,not_null,true
ppiq_meta,ppiq_sso_runtime_validation_events,1,id,uuid,not_null,gen_random_uuid()
ppiq_meta,ppiq_sso_runtime_validation_events,10,failure_reason,text,nullable,
ppiq_meta,ppiq_sso_runtime_validation_events,11,app_role,text,nullable,
ppiq_meta,ppiq_sso_runtime_validation_events,12,plant_role,text,nullable,
ppiq_meta,ppiq_sso_runtime_validation_events,13,created_at_utc,timestamp with time zone,not_null,now()
ppiq_meta,ppiq_sso_runtime_validation_events,14,evidence_json,jsonb,not_null,'{}'::jsonb
ppiq_meta,ppiq_sso_runtime_validation_events,2,tenant_id,uuid,not_null,
ppiq_meta,ppiq_sso_runtime_validation_events,3,provider_code,text,not_null,
ppiq_meta,ppiq_sso_runtime_validation_events,4,subject,text,not_null,
ppiq_meta,ppiq_sso_runtime_validation_events,5,email,text,nullable,
ppiq_meta,ppiq_sso_runtime_validation_events,6,issuer,text,not_null,
ppiq_meta,ppiq_sso_runtime_validation_events,7,audience,text,not_null,
ppiq_meta,ppiq_sso_runtime_validation_events,8,token_key_id,text,not_null,
ppiq_meta,ppiq_sso_runtime_validation_events,9,outcome,text,not_null,
ppiq_meta,ppiq_suggestion_action_outcomes,1,id,uuid,not_null,gen_random_uuid()
ppiq_meta,ppiq_suggestion_action_outcomes,10,after_window_start_utc,timestamp with time zone,nullable,
ppiq_meta,ppiq_suggestion_action_outcomes,11,after_window_end_utc,timestamp with time zone,nullable,
ppiq_meta,ppiq_suggestion_action_outcomes,12,target_kpi,text,not_null,'quality_risk'::text
ppiq_meta,ppiq_suggestion_action_outcomes,13,before_value,"numeric(18,6)",nullable,
ppiq_meta,ppiq_suggestion_action_outcomes,14,after_value,"numeric(18,6)",nullable,
ppiq_meta,ppiq_suggestion_action_outcomes,15,delta_value,"numeric(18,6)",nullable,
ppiq_meta,ppiq_suggestion_action_outcomes,16,outcome_direction,text,not_null,'unknown'::text
ppiq_meta,ppiq_suggestion_action_outcomes,17,confidence,text,not_null,'insufficient_data'::text
ppiq_meta,ppiq_suggestion_action_outcomes,18,honesty_note,text,not_null,'This measurement tracks association after action and does not claim causation.'::text
ppiq_meta,ppiq_suggestion_action_outcomes,19,evidence_json,jsonb,not_null,'{}'::jsonb
ppiq_meta,ppiq_suggestion_action_outcomes,2,tenant_id,uuid,not_null,
ppiq_meta,ppiq_suggestion_action_outcomes,20,created_at_utc,timestamp with time zone,not_null,now()
ppiq_meta,ppiq_suggestion_action_outcomes,3,suggestion_id,text,not_null,
ppiq_meta,ppiq_suggestion_action_outcomes,4,material_unit_id,uuid,nullable,
ppiq_meta,ppiq_suggestion_action_outcomes,5,action_taken,text,not_null,
ppiq_meta,ppiq_suggestion_action_outcomes,6,acted_by,text,nullable,
ppiq_meta,ppiq_suggestion_action_outcomes,7,acted_at_utc,timestamp with time zone,not_null,now()
ppiq_meta,ppiq_suggestion_action_outcomes,8,before_window_start_utc,timestamp with time zone,nullable,
ppiq_meta,ppiq_suggestion_action_outcomes,9,before_window_end_utc,timestamp with time zone,nullable,
ppiq_meta,ppiq_telemetry_ingestion_metrics,1,id,uuid,not_null,gen_random_uuid()
ppiq_meta,ppiq_telemetry_ingestion_metrics,10,rows_per_second,"numeric(18,3)",not_null,0
ppiq_meta,ppiq_telemetry_ingestion_metrics,11,lag_seconds,"numeric(18,3)",nullable,
ppiq_meta,ppiq_telemetry_ingestion_metrics,12,started_at_utc,timestamp with time zone,not_null,now()
ppiq_meta,ppiq_telemetry_ingestion_metrics,13,completed_at_utc,timestamp with time zone,nullable,
ppiq_meta,ppiq_telemetry_ingestion_metrics,14,error_message,text,nullable,
ppiq_meta,ppiq_telemetry_ingestion_metrics,2,tenant_id,uuid,not_null,
ppiq_meta,ppiq_telemetry_ingestion_metrics,3,source_code,text,not_null,
ppiq_meta,ppiq_telemetry_ingestion_metrics,4,stream_code,text,not_null,
ppiq_meta,ppiq_telemetry_ingestion_metrics,5,batch_id,uuid,not_null,gen_random_uuid()
ppiq_meta,ppiq_telemetry_ingestion_metrics,6,rows_received,integer,not_null,0
ppiq_meta,ppiq_telemetry_ingestion_metrics,7,rows_written,integer,not_null,0
ppiq_meta,ppiq_telemetry_ingestion_metrics,8,rows_rejected,integer,not_null,0
ppiq_meta,ppiq_telemetry_ingestion_metrics,9,duration_ms,integer,not_null,0
ppiq_meta,ppiq_tenants,1,id,uuid,not_null,gen_random_uuid()
ppiq_meta,ppiq_tenants,2,tenant_code,text,not_null,
ppiq_meta,ppiq_tenants,3,display_name,text,not_null,
ppiq_meta,ppiq_tenants,4,license_tier,text,not_null,'Enterprise'::text
ppiq_meta,ppiq_tenants,5,is_active,boolean,not_null,true
ppiq_meta,ppiq_tenants,6,created_at_utc,timestamp with time zone,not_null,now()
ppiq_meta,ppiq_tenants,7,updated_at_utc,timestamp with time zone,not_null,now()
ppiq_meta,ppiq_time_series_capabilities,1,id,integer,not_null,1
ppiq_meta,ppiq_time_series_capabilities,2,installed_at_utc,timestamp with time zone,not_null,now()
ppiq_meta,ppiq_time_series_capabilities,3,timescaledb_extension_available,boolean,not_null,false
ppiq_meta,ppiq_time_series_capabilities,4,timescaledb_extension_installed,boolean,not_null,false
ppiq_meta,ppiq_time_series_capabilities,5,telemetry_table,text,not_null,'parameter_observations'::text
ppiq_meta,ppiq_time_series_capabilities,6,telemetry_time_column,text,not_null,'observed_at_utc'::text
ppiq_meta,ppiq_time_series_capabilities,7,telemetry_mode,text,not_null,'native_partition_fallback'::text
ppiq_meta,ppiq_time_series_capabilities,8,notes,text,not_null,''::text
ppiq_meta,ppiq_time_series_capabilities,9,updated_at_utc,timestamp with time zone,not_null,now()
ppiq_meta,ppiq_time_series_policy,1,id,integer,not_null,1
ppiq_meta,ppiq_time_series_policy,2,compress_after_days,integer,not_null,7
ppiq_meta,ppiq_time_series_policy,3,retain_raw_months,integer,not_null,11
ppiq_meta,ppiq_time_series_policy,4,retain_rollup_months,integer,not_null,60
ppiq_meta,ppiq_time_series_policy,5,dashboard_rollup_preference,text,not_null,'hourly_then_daily'::text
ppiq_meta,ppiq_time_series_policy,6,updated_at_utc,timestamp with time zone,not_null,now()
ppiq_meta,ppiq_user_sessions,1,id,uuid,not_null,gen_random_uuid()
ppiq_meta,ppiq_user_sessions,10,idle_expires_at_utc,timestamp with time zone,not_null,
ppiq_meta,ppiq_user_sessions,11,absolute_expires_at_utc,timestamp with time zone,not_null,
ppiq_meta,ppiq_user_sessions,12,revoked_at_utc,timestamp with time zone,nullable,
ppiq_meta,ppiq_user_sessions,13,revoke_reason,text,nullable,
ppiq_meta,ppiq_user_sessions,14,is_current,boolean,not_null,true
ppiq_meta,ppiq_user_sessions,2,tenant_id,uuid,not_null,
ppiq_meta,ppiq_user_sessions,3,user_id,uuid,not_null,
ppiq_meta,ppiq_user_sessions,4,refresh_token_family_id,uuid,not_null,
ppiq_meta,ppiq_user_sessions,5,device_label,text,nullable,
ppiq_meta,ppiq_user_sessions,6,user_agent,text,nullable,
ppiq_meta,ppiq_user_sessions,7,client_ip,text,nullable,
ppiq_meta,ppiq_user_sessions,8,created_at_utc,timestamp with time zone,not_null,now()
ppiq_meta,ppiq_user_sessions,9,last_seen_at_utc,timestamp with time zone,not_null,now()
ppiq_meta,ppiq_visual_mapper_business_keys,1,id,uuid,not_null,gen_random_uuid()
ppiq_meta,ppiq_visual_mapper_business_keys,2,tenant_id,uuid,not_null,
ppiq_meta,ppiq_visual_mapper_business_keys,3,session_id,uuid,not_null,
ppiq_meta,ppiq_visual_mapper_business_keys,4,key_code,text,not_null,
ppiq_meta,ppiq_visual_mapper_business_keys,5,display_name,text,not_null,
ppiq_meta,ppiq_visual_mapper_business_keys,6,column_ids,uuid[],not_null,ARRAY[]::uuid[]
ppiq_meta,ppiq_visual_mapper_business_keys,7,normalization_rule,text,not_null,'trim_upper'::text
ppiq_meta,ppiq_visual_mapper_business_keys,8,is_composite,boolean,not_null,false
ppiq_meta,ppiq_visual_mapper_business_keys,9,created_at_utc,timestamp with time zone,not_null,now()
ppiq_meta,ppiq_visual_mapper_canonical_suggestions,1,id,uuid,not_null,gen_random_uuid()
ppiq_meta,ppiq_visual_mapper_canonical_suggestions,10,accepted,boolean,nullable,
ppiq_meta,ppiq_visual_mapper_canonical_suggestions,11,created_at_utc,timestamp with time zone,not_null,now()
ppiq_meta,ppiq_visual_mapper_canonical_suggestions,2,tenant_id,uuid,not_null,
ppiq_meta,ppiq_visual_mapper_canonical_suggestions,3,session_id,uuid,not_null,
ppiq_meta,ppiq_visual_mapper_canonical_suggestions,4,source_table,text,not_null,
ppiq_meta,ppiq_visual_mapper_canonical_suggestions,5,source_column,text,not_null,
ppiq_meta,ppiq_visual_mapper_canonical_suggestions,6,canonical_entity,text,not_null,
ppiq_meta,ppiq_visual_mapper_canonical_suggestions,7,canonical_field,text,not_null,
ppiq_meta,ppiq_visual_mapper_canonical_suggestions,8,confidence,"numeric(9,6)",not_null,0.500000
ppiq_meta,ppiq_visual_mapper_canonical_suggestions,9,explanation,text,not_null,
ppiq_meta,ppiq_visual_mapper_columns,1,id,uuid,not_null,gen_random_uuid()
ppiq_meta,ppiq_visual_mapper_columns,10,normalization_rule,text,not_null,'trim_upper'::text
ppiq_meta,ppiq_visual_mapper_columns,11,created_at_utc,timestamp with time zone,not_null,now()
ppiq_meta,ppiq_visual_mapper_columns,2,tenant_id,uuid,not_null,
ppiq_meta,ppiq_visual_mapper_columns,3,table_id,uuid,not_null,
ppiq_meta,ppiq_visual_mapper_columns,4,column_name,text,not_null,
ppiq_meta,ppiq_visual_mapper_columns,5,data_type,text,not_null,
ppiq_meta,ppiq_visual_mapper_columns,6,ordinal_position,integer,not_null,0
ppiq_meta,ppiq_visual_mapper_columns,7,is_nullable,boolean,not_null,true
ppiq_meta,ppiq_visual_mapper_columns,8,sample_values,jsonb,not_null,'[]'::jsonb
ppiq_meta,ppiq_visual_mapper_columns,9,is_business_key,boolean,not_null,false
ppiq_meta,ppiq_visual_mapper_dry_runs,1,id,uuid,not_null,gen_random_uuid()
ppiq_meta,ppiq_visual_mapper_dry_runs,10,type_failure_rows,bigint,not_null,0
ppiq_meta,ppiq_visual_mapper_dry_runs,11,coverage_percent,"numeric(9,4)",not_null,0
ppiq_meta,ppiq_visual_mapper_dry_runs,12,status,text,not_null,'created'::text
ppiq_meta,ppiq_visual_mapper_dry_runs,13,details,jsonb,not_null,'{}'::jsonb
ppiq_meta,ppiq_visual_mapper_dry_runs,14,created_at_utc,timestamp with time zone,not_null,now()
ppiq_meta,ppiq_visual_mapper_dry_runs,2,tenant_id,uuid,not_null,
ppiq_meta,ppiq_visual_mapper_dry_runs,3,session_id,uuid,not_null,
ppiq_meta,ppiq_visual_mapper_dry_runs,4,generated_sql,text,nullable,
ppiq_meta,ppiq_visual_mapper_dry_runs,5,safe_sql_passed,boolean,not_null,false
ppiq_meta,ppiq_visual_mapper_dry_runs,6,total_rows,bigint,not_null,0
ppiq_meta,ppiq_visual_mapper_dry_runs,7,mapped_rows,bigint,not_null,0
ppiq_meta,ppiq_visual_mapper_dry_runs,8,null_key_rows,bigint,not_null,0
ppiq_meta,ppiq_visual_mapper_dry_runs,9,unmatched_key_rows,bigint,not_null,0
ppiq_meta,ppiq_visual_mapper_joins,1,id,uuid,not_null,gen_random_uuid()
ppiq_meta,ppiq_visual_mapper_joins,2,tenant_id,uuid,not_null,
ppiq_meta,ppiq_visual_mapper_joins,3,session_id,uuid,not_null,
ppiq_meta,ppiq_visual_mapper_joins,4,left_table_id,uuid,not_null,
ppiq_meta,ppiq_visual_mapper_joins,5,right_table_id,uuid,not_null,
ppiq_meta,ppiq_visual_mapper_joins,6,join_type,text,not_null,'inner'::text
ppiq_meta,ppiq_visual_mapper_joins,7,join_columns,jsonb,not_null,'[]'::jsonb
ppiq_meta,ppiq_visual_mapper_joins,8,preview_rows,jsonb,not_null,'[]'::jsonb
ppiq_meta,ppiq_visual_mapper_joins,9,created_at_utc,timestamp with time zone,not_null,now()
ppiq_meta,ppiq_visual_mapper_sessions,1,id,uuid,not_null,gen_random_uuid()
ppiq_meta,ppiq_visual_mapper_sessions,10,updated_at_utc,timestamp with time zone,not_null,now()
ppiq_meta,ppiq_visual_mapper_sessions,11,draft_definition,jsonb,nullable,
ppiq_meta,ppiq_visual_mapper_sessions,2,tenant_id,uuid,not_null,
ppiq_meta,ppiq_visual_mapper_sessions,3,source_code,text,not_null,
ppiq_meta,ppiq_visual_mapper_sessions,4,display_name,text,not_null,
ppiq_meta,ppiq_visual_mapper_sessions,5,source_kind,text,not_null,'generic_relational'::text
ppiq_meta,ppiq_visual_mapper_sessions,6,status,text,not_null,'draft'::text
ppiq_meta,ppiq_visual_mapper_sessions,7,active_version_id,uuid,nullable,
ppiq_meta,ppiq_visual_mapper_sessions,8,created_by,text,nullable,
ppiq_meta,ppiq_visual_mapper_sessions,9,created_at_utc,timestamp with time zone,not_null,now()
ppiq_meta,ppiq_visual_mapper_tables,1,id,uuid,not_null,gen_random_uuid()
ppiq_meta,ppiq_visual_mapper_tables,2,tenant_id,uuid,not_null,
ppiq_meta,ppiq_visual_mapper_tables,3,session_id,uuid,not_null,
ppiq_meta,ppiq_visual_mapper_tables,4,table_name,text,not_null,
ppiq_meta,ppiq_visual_mapper_tables,5,table_schema,text,not_null,'public'::text
ppiq_meta,ppiq_visual_mapper_tables,6,row_count_estimate,bigint,nullable,
ppiq_meta,ppiq_visual_mapper_tables,7,sample_json,jsonb,not_null,'[]'::jsonb
ppiq_meta,ppiq_visual_mapper_tables,8,discovered_at_utc,timestamp with time zone,not_null,now()
ppiq_meta,ppiq_visual_mapper_templates,1,id,uuid,not_null,gen_random_uuid()
ppiq_meta,ppiq_visual_mapper_templates,2,tenant_id,uuid,nullable,
ppiq_meta,ppiq_visual_mapper_templates,3,template_code,text,not_null,
ppiq_meta,ppiq_visual_mapper_templates,4,display_name,text,not_null,
ppiq_meta,ppiq_visual_mapper_templates,5,source_archetype,text,not_null,
ppiq_meta,ppiq_visual_mapper_templates,6,template_definition,jsonb,not_null,
ppiq_meta,ppiq_visual_mapper_templates,7,is_builtin,boolean,not_null,true
ppiq_meta,ppiq_visual_mapper_templates,8,created_at_utc,timestamp with time zone,not_null,now()
ppiq_meta,ppiq_visual_mapper_versions,1,id,uuid,not_null,gen_random_uuid()
ppiq_meta,ppiq_visual_mapper_versions,10,rolled_back_from_version_id,uuid,nullable,
ppiq_meta,ppiq_visual_mapper_versions,2,tenant_id,uuid,not_null,
ppiq_meta,ppiq_visual_mapper_versions,3,session_id,uuid,not_null,
ppiq_meta,ppiq_visual_mapper_versions,4,version_number,integer,not_null,
ppiq_meta,ppiq_visual_mapper_versions,5,version_status,text,not_null,'published'::text
ppiq_meta,ppiq_visual_mapper_versions,6,mapping_definition,jsonb,not_null,
ppiq_meta,ppiq_visual_mapper_versions,7,dry_run_id,uuid,nullable,
ppiq_meta,ppiq_visual_mapper_versions,8,published_by,text,nullable,
ppiq_meta,ppiq_visual_mapper_versions,9,published_at_utc,timestamp with time zone,not_null,now()
ppiq_meta,practice_details,1,definition_version_id,uuid,not_null,
ppiq_meta,practice_details,2,context_dimensions,jsonb,not_null,'[]'::jsonb
ppiq_meta,practice_details,3,parameter_set,jsonb,not_null,'[]'::jsonb
ppiq_meta,practice_details,4,tolerances,jsonb,nullable,
ppiq_meta,practice_details,5,window_rule,jsonb,nullable,
ppiq_meta,practice_details,6,outcomes,jsonb,not_null,'[]'::jsonb
ppiq_meta,practice_details,7,confounders,jsonb,not_null,'[]'::jsonb
ppiq_meta,practice_details,8,minimum_support,integer,nullable,
ppiq_meta,product_specifications,1,id,uuid,not_null,
ppiq_meta,product_specifications,10,effective_from_utc,timestamp with time zone,not_null,
ppiq_meta,product_specifications,11,effective_to_utc,timestamp with time zone,nullable,
ppiq_meta,product_specifications,12,provenance,character varying(200),nullable,
ppiq_meta,product_specifications,13,created_at_utc,timestamp with time zone,not_null,
ppiq_meta,product_specifications,14,updated_at_utc,timestamp with time zone,nullable,
ppiq_meta,product_specifications,15,is_synthetic,boolean,not_null,
ppiq_meta,product_specifications,16,source_system,character varying(100),nullable,
ppiq_meta,product_specifications,17,source_record_id,character varying(100),nullable,
ppiq_meta,product_specifications,18,is_deleted,boolean,not_null,
ppiq_meta,product_specifications,19,deleted_at_utc,timestamp with time zone,nullable,
ppiq_meta,product_specifications,2,specification_code,character varying(100),not_null,
ppiq_meta,product_specifications,20,deleted_reason,character varying(500),nullable,
ppiq_meta,product_specifications,3,product_family,character varying(100),nullable,
ppiq_meta,product_specifications,4,grade_or_recipe,character varying(100),not_null,
ppiq_meta,product_specifications,5,parameter_definition_id,uuid,not_null,
ppiq_meta,product_specifications,6,min_value,numeric,nullable,
ppiq_meta,product_specifications,7,target_value,numeric,nullable,
ppiq_meta,product_specifications,8,max_value,numeric,nullable,
ppiq_meta,product_specifications,9,unit_of_measure,character varying(50),nullable,
ppiq_meta,read_model_refresh_runs,1,id,uuid,not_null,gen_random_uuid()
ppiq_meta,read_model_refresh_runs,10,message,text,nullable,
ppiq_meta,read_model_refresh_runs,11,created_at_utc,timestamp with time zone,not_null,now()
ppiq_meta,read_model_refresh_runs,2,dataset,text,not_null,
ppiq_meta,read_model_refresh_runs,3,status,text,not_null,
ppiq_meta,read_model_refresh_runs,4,started_at_utc,timestamp with time zone,not_null,now()
ppiq_meta,read_model_refresh_runs,5,completed_at_utc,timestamp with time zone,nullable,
ppiq_meta,read_model_refresh_runs,6,duration_ms,integer,not_null,0
ppiq_meta,read_model_refresh_runs,7,affected_views,text[],not_null,'{}'::text[]
ppiq_meta,read_model_refresh_runs,8,affected_widgets,text[],not_null,'{}'::text[]
ppiq_meta,read_model_refresh_runs,9,row_counts_json,jsonb,not_null,'{}'::jsonb
ppiq_meta,report_details,1,definition_version_id,uuid,not_null,
ppiq_meta,report_details,2,sections,jsonb,not_null,'[]'::jsonb
ppiq_meta,report_details,3,period_declaration,jsonb,nullable,
ppiq_meta,report_details,4,recipients,jsonb,not_null,'[]'::jsonb
ppiq_meta,report_details,5,schedule_declaration,jsonb,nullable,
ppiq_meta,report_details,6,delivery_targets,jsonb,not_null,'[]'::jsonb
ppiq_meta,route_steps,1,id,uuid,not_null,
ppiq_meta,route_steps,10,is_synthetic,boolean,not_null,
ppiq_meta,route_steps,11,source_system,character varying(100),nullable,
ppiq_meta,route_steps,12,source_record_id,character varying(100),nullable,
ppiq_meta,route_steps,13,is_deleted,boolean,not_null,
ppiq_meta,route_steps,14,deleted_at_utc,timestamp with time zone,nullable,
ppiq_meta,route_steps,15,deleted_reason,character varying(500),nullable,
ppiq_meta,route_steps,2,route_id,uuid,not_null,
ppiq_meta,route_steps,3,operation_definition_id,uuid,not_null,
ppiq_meta,route_steps,4,sequence_no,integer,not_null,
ppiq_meta,route_steps,5,expected_material_unit_type,character varying(100),nullable,
ppiq_meta,route_steps,6,is_required,boolean,not_null,
ppiq_meta,route_steps,7,description,character varying(1000),nullable,
ppiq_meta,route_steps,8,created_at_utc,timestamp with time zone,not_null,
ppiq_meta,route_steps,9,updated_at_utc,timestamp with time zone,nullable,
ppiq_meta,routes,1,id,uuid,not_null,
ppiq_meta,routes,10,is_synthetic,boolean,not_null,
ppiq_meta,routes,11,source_system,character varying(100),nullable,
ppiq_meta,routes,12,source_record_id,character varying(100),nullable,
ppiq_meta,routes,13,is_deleted,boolean,not_null,
ppiq_meta,routes,14,deleted_at_utc,timestamp with time zone,nullable,
ppiq_meta,routes,15,deleted_reason,character varying(500),nullable,
ppiq_meta,routes,2,industry_template_id,uuid,not_null,
ppiq_meta,routes,3,route_code,character varying(100),not_null,
ppiq_meta,routes,4,route_name,character varying(200),not_null,
ppiq_meta,routes,5,product_family,character varying(100),nullable,
ppiq_meta,routes,6,description,character varying(1000),nullable,
ppiq_meta,routes,7,is_active,boolean,not_null,
ppiq_meta,routes,8,created_at_utc,timestamp with time zone,not_null,
ppiq_meta,routes,9,updated_at_utc,timestamp with time zone,nullable,
ppiq_meta,sampling_bases,1,sampling_basis,character varying(32),not_null,
ppiq_meta,sampling_bases,2,description,text,not_null,
ppiq_meta,scenario_details,1,definition_version_id,uuid,not_null,
ppiq_meta,scenario_details,2,variables,jsonb,not_null,'[]'::jsonb
ppiq_meta,scenario_details,3,ranges,jsonb,not_null,'[]'::jsonb
ppiq_meta,scenario_details,4,fixed_assumptions,jsonb,not_null,'{}'::jsonb
ppiq_meta,scenario_details,5,baseline_declaration,jsonb,nullable,
ppiq_meta,scenario_details,6,model_version_ref,uuid,nullable,
ppiq_meta,schema_drift_events,1,id,uuid,not_null,gen_random_uuid()
ppiq_meta,schema_drift_events,10,after_value,text,not_null,
ppiq_meta,schema_drift_events,11,blocks_ingestion,boolean,not_null,
ppiq_meta,schema_drift_events,12,remediation_prompt,text,not_null,
ppiq_meta,schema_drift_events,13,is_acknowledged,boolean,not_null,false
ppiq_meta,schema_drift_events,14,acknowledged_by,text,nullable,
ppiq_meta,schema_drift_events,15,acknowledged_at_utc,timestamp with time zone,nullable,
ppiq_meta,schema_drift_events,2,tenant_id,uuid,not_null,
ppiq_meta,schema_drift_events,3,source_system_code,text,not_null,
ppiq_meta,schema_drift_events,4,source_object_name,text,not_null,
ppiq_meta,schema_drift_events,5,detected_at_utc,timestamp with time zone,not_null,now()
ppiq_meta,schema_drift_events,6,field_name,text,not_null,
ppiq_meta,schema_drift_events,7,drift_type,text,not_null,
ppiq_meta,schema_drift_events,8,severity,text,not_null,
ppiq_meta,schema_drift_events,9,before_value,text,not_null,
ppiq_meta,schema_mapping_executions,1,id,uuid,not_null,gen_random_uuid()
ppiq_meta,schema_mapping_executions,10,executed_by,text,nullable,
ppiq_meta,schema_mapping_executions,11,started_at_utc,timestamp with time zone,not_null,now()
ppiq_meta,schema_mapping_executions,12,completed_at_utc,timestamp with time zone,nullable,
ppiq_meta,schema_mapping_executions,13,details_json,jsonb,not_null,'{}'::jsonb
ppiq_meta,schema_mapping_executions,2,canonical_schema_view_id,uuid,nullable,
ppiq_meta,schema_mapping_executions,3,view_code,text,not_null,
ppiq_meta,schema_mapping_executions,4,target_entity,text,not_null,
ppiq_meta,schema_mapping_executions,5,execution_mode,text,not_null,'ValidateAndRefreshView'::text
ppiq_meta,schema_mapping_executions,6,status,text,not_null,
ppiq_meta,schema_mapping_executions,7,message,text,nullable,
ppiq_meta,schema_mapping_executions,8,row_count,integer,not_null,0
ppiq_meta,schema_mapping_executions,9,duration_ms,integer,not_null,0
ppiq_meta,schema_view_definitions,1,id,uuid,not_null,
ppiq_meta,schema_view_definitions,10,timeout_seconds,integer,not_null,
ppiq_meta,schema_view_definitions,11,is_approved,boolean,not_null,
ppiq_meta,schema_view_definitions,12,is_active,boolean,not_null,
ppiq_meta,schema_view_definitions,13,last_validated_at_utc,timestamp with time zone,nullable,
ppiq_meta,schema_view_definitions,14,last_validation_status,character varying(50),nullable,
ppiq_meta,schema_view_definitions,15,last_validation_message,character varying(2000),nullable,
ppiq_meta,schema_view_definitions,16,description,character varying(1000),nullable,
ppiq_meta,schema_view_definitions,17,created_at_utc,timestamp with time zone,not_null,
ppiq_meta,schema_view_definitions,18,updated_at_utc,timestamp with time zone,nullable,
ppiq_meta,schema_view_definitions,19,is_synthetic,boolean,not_null,
ppiq_meta,schema_view_definitions,2,schema_view_code,character varying(120),not_null,
ppiq_meta,schema_view_definitions,20,source_system,character varying(100),nullable,
ppiq_meta,schema_view_definitions,21,source_record_id,character varying(100),nullable,
ppiq_meta,schema_view_definitions,22,is_deleted,boolean,not_null,
ppiq_meta,schema_view_definitions,23,deleted_at_utc,timestamp with time zone,nullable,
ppiq_meta,schema_view_definitions,24,deleted_reason,character varying(500),nullable,
ppiq_meta,schema_view_definitions,3,schema_view_name,character varying(250),not_null,
ppiq_meta,schema_view_definitions,4,view_kind,character varying(80),not_null,
ppiq_meta,schema_view_definitions,5,primary_source_dataset_definition_id,uuid,nullable,
ppiq_meta,schema_view_definitions,6,sql_text,text,not_null,
ppiq_meta,schema_view_definitions,7,source_dataset_ids_json,jsonb,not_null,'[]'::jsonb
ppiq_meta,schema_view_definitions,8,output_schema_json,jsonb,not_null,'[]'::jsonb
ppiq_meta,schema_view_definitions,9,max_preview_rows,integer,not_null,
ppiq_meta,signal_aggregation_compatibility,1,signal_kind,character varying(32),not_null,
ppiq_meta,signal_aggregation_compatibility,2,aggregation_kind,character varying(32),not_null,
ppiq_meta,signal_aggregation_compatibility,3,requires_sampling_basis,character varying(32),nullable,
ppiq_meta,signal_kinds,1,signal_kind,character varying(32),not_null,
ppiq_meta,signal_kinds,2,description,text,not_null,
ppiq_meta,source_dataset_definitions,1,id,uuid,not_null,
ppiq_meta,source_dataset_definitions,10,incremental_cursor_field,character varying(200),nullable,
ppiq_meta,source_dataset_definitions,11,last_cursor_value,character varying(500),nullable,
ppiq_meta,source_dataset_definitions,12,refresh_interval_seconds,integer,not_null,
ppiq_meta,source_dataset_definitions,13,dataset_options_json,jsonb,not_null,'{}'::jsonb
ppiq_meta,source_dataset_definitions,14,is_active,boolean,not_null,
ppiq_meta,source_dataset_definitions,15,description,character varying(1000),nullable,
ppiq_meta,source_dataset_definitions,16,created_at_utc,timestamp with time zone,not_null,
ppiq_meta,source_dataset_definitions,17,updated_at_utc,timestamp with time zone,nullable,
ppiq_meta,source_dataset_definitions,18,is_synthetic,boolean,not_null,
ppiq_meta,source_dataset_definitions,19,source_system,character varying(100),nullable,
ppiq_meta,source_dataset_definitions,2,connection_profile_id,uuid,not_null,
ppiq_meta,source_dataset_definitions,20,source_record_id,character varying(100),nullable,
ppiq_meta,source_dataset_definitions,21,is_deleted,boolean,not_null,
ppiq_meta,source_dataset_definitions,22,deleted_at_utc,timestamp with time zone,nullable,
ppiq_meta,source_dataset_definitions,23,deleted_reason,character varying(500),nullable,
ppiq_meta,source_dataset_definitions,3,dataset_code,character varying(100),not_null,
ppiq_meta,source_dataset_definitions,4,dataset_name,character varying(200),not_null,
ppiq_meta,source_dataset_definitions,5,dataset_kind,character varying(50),not_null,
ppiq_meta,source_dataset_definitions,6,next_run_at_utc,timestamp with time zone,nullable,
ppiq_meta,source_dataset_definitions,7,source_object_name,character varying(300),not_null,
ppiq_meta,source_dataset_definitions,8,source_schema_name,character varying(200),nullable,
ppiq_meta,source_dataset_definitions,9,primary_timestamp_field,character varying(200),nullable,
ppiq_meta,source_field_definitions,1,id,uuid,not_null,
ppiq_meta,source_field_definitions,10,numeric_scale,integer,nullable,
ppiq_meta,source_field_definitions,11,sample_value,character varying(2000),nullable,
ppiq_meta,source_field_definitions,12,is_primary_key_candidate,boolean,not_null,
ppiq_meta,source_field_definitions,13,is_timestamp_candidate,boolean,not_null,
ppiq_meta,source_field_definitions,14,is_active,boolean,not_null,
ppiq_meta,source_field_definitions,15,created_at_utc,timestamp with time zone,not_null,
ppiq_meta,source_field_definitions,16,updated_at_utc,timestamp with time zone,nullable,
ppiq_meta,source_field_definitions,17,is_synthetic,boolean,not_null,
ppiq_meta,source_field_definitions,18,source_system,character varying(100),nullable,
ppiq_meta,source_field_definitions,19,source_record_id,character varying(100),nullable,
ppiq_meta,source_field_definitions,2,source_dataset_definition_id,uuid,not_null,
ppiq_meta,source_field_definitions,20,is_deleted,boolean,not_null,
ppiq_meta,source_field_definitions,21,deleted_at_utc,timestamp with time zone,nullable,
ppiq_meta,source_field_definitions,22,deleted_reason,character varying(500),nullable,
ppiq_meta,source_field_definitions,3,field_name,character varying(200),not_null,
ppiq_meta,source_field_definitions,4,display_name,character varying(200),not_null,
ppiq_meta,source_field_definitions,5,source_data_type,character varying(100),not_null,
ppiq_meta,source_field_definitions,6,ordinal,integer,not_null,
ppiq_meta,source_field_definitions,7,is_nullable,boolean,not_null,
ppiq_meta,source_field_definitions,8,max_length,integer,nullable,
ppiq_meta,source_field_definitions,9,numeric_precision,integer,nullable,
ppiq_meta,source_system_definitions,1,id,uuid,not_null,
ppiq_meta,source_system_definitions,10,is_synthetic,boolean,not_null,
ppiq_meta,source_system_definitions,11,source_system,character varying(100),nullable,
ppiq_meta,source_system_definitions,12,source_record_id,character varying(100),nullable,
ppiq_meta,source_system_definitions,13,is_deleted,boolean,not_null,
ppiq_meta,source_system_definitions,14,deleted_at_utc,timestamp with time zone,nullable,
ppiq_meta,source_system_definitions,15,deleted_reason,character varying(500),nullable,
ppiq_meta,source_system_definitions,2,source_system_code,character varying(100),not_null,
ppiq_meta,source_system_definitions,3,source_system_name,character varying(200),not_null,
ppiq_meta,source_system_definitions,4,source_system_type,character varying(50),not_null,
ppiq_meta,source_system_definitions,5,description,character varying(1000),nullable,
ppiq_meta,source_system_definitions,6,is_read_only_source,boolean,not_null,
ppiq_meta,source_system_definitions,7,is_active,boolean,not_null,true
ppiq_meta,source_system_definitions,8,created_at_utc,timestamp with time zone,not_null,
ppiq_meta,source_system_definitions,9,updated_at_utc,timestamp with time zone,nullable,
ppiq_meta,suggestion_audit,1,id,uuid,not_null,gen_random_uuid()
ppiq_meta,suggestion_audit,2,tenant_id,uuid,not_null,
ppiq_meta,suggestion_audit,3,suggestion_id,uuid,not_null,
ppiq_meta,suggestion_audit,4,actor,text,not_null,'system'::text
ppiq_meta,suggestion_audit,5,from_status,text,nullable,
ppiq_meta,suggestion_audit,6,to_status,text,not_null,
ppiq_meta,suggestion_audit,7,note,text,nullable,
ppiq_meta,suggestion_audit,8,changed_at,timestamp with time zone,not_null,now()
ppiq_meta,tenant_isolation_decisions,1,id,uuid,not_null,
ppiq_meta,tenant_isolation_decisions,10,valid_until_utc,timestamp with time zone,nullable,
ppiq_meta,tenant_isolation_decisions,11,approved_by,text,nullable,
ppiq_meta,tenant_isolation_decisions,12,evidence_json,jsonb,not_null,'{}'::jsonb
ppiq_meta,tenant_isolation_decisions,13,created_at_utc,timestamp with time zone,not_null,now()
ppiq_meta,tenant_isolation_decisions,14,updated_at_utc,timestamp with time zone,nullable,
ppiq_meta,tenant_isolation_decisions,15,is_deleted,boolean,not_null,false
ppiq_meta,tenant_isolation_decisions,2,decision_code,text,not_null,
ppiq_meta,tenant_isolation_decisions,3,decision_title,text,not_null,
ppiq_meta,tenant_isolation_decisions,4,selected_model,text,not_null,
ppiq_meta,tenant_isolation_decisions,5,decision_status,text,not_null,'LockedForPilot'::text
ppiq_meta,tenant_isolation_decisions,6,decision_reason,text,not_null,
ppiq_meta,tenant_isolation_decisions,7,allowed_scope,text,not_null,
ppiq_meta,tenant_isolation_decisions,8,blocked_scope,text,not_null,
ppiq_meta,tenant_isolation_decisions,9,valid_from_utc,timestamp with time zone,not_null,now()
ppiq_meta,tenants,1,id,uuid,not_null,gen_random_uuid()
ppiq_meta,tenants,2,tenant_code,text,not_null,
ppiq_meta,tenants,3,display_name,text,not_null,
ppiq_meta,tenants,4,environment_name,text,not_null,'Demo'::text
ppiq_meta,tenants,5,is_active,boolean,not_null,true
ppiq_meta,tenants,6,created_at_utc,timestamp with time zone,not_null,now()
ppiq_meta,transformation_details,1,definition_version_id,uuid,not_null,
ppiq_meta,transformation_details,2,target_entities,jsonb,not_null,'[]'::jsonb
ppiq_meta,transformation_details,3,alias_declarations,jsonb,not_null,'[]'::jsonb
ppiq_meta,transformation_details,4,emitted_relationship_ids,jsonb,not_null,'[]'::jsonb
ppiq_meta,transformation_details,5,projection_mode,character varying(30),nullable,
ppiq_meta,widget_details,1,definition_version_id,uuid,not_null,
ppiq_meta,widget_details,2,widget_kind,character varying(40),nullable,
ppiq_meta,widget_details,3,chart_type,character varying(40),nullable,
ppiq_meta,widget_details,4,dimension_code,character varying(100),nullable,
ppiq_meta,widget_details,5,measure_code,character varying(100),nullable,
ppiq_meta,widget_details,6,column_roles,jsonb,not_null,'{}'::jsonb
ppiq_meta,widget_details,7,saved_filter_json,jsonb,nullable,
ppiq_meta,widget_details,8,source_kind,character varying(40),nullable,
ppiq_meta,widget_details,9,intelligence_source,character varying(100),nullable,
ppiq_plant,analysis_subjects,1,subject_id,uuid,not_null,gen_random_uuid()
ppiq_plant,analysis_subjects,10,context,jsonb,not_null,'{}'::jsonb
ppiq_plant,analysis_subjects,11,lineage_hash,character(64),not_null,
ppiq_plant,analysis_subjects,12,created_at_utc,timestamp with time zone,not_null,now()
ppiq_plant,analysis_subjects,13,created_by,uuid,nullable,
ppiq_plant,analysis_subjects,14,source_system,character varying(100),nullable,
ppiq_plant,analysis_subjects,15,source_record_id,character varying(200),nullable,
ppiq_plant,analysis_subjects,2,tenant_id,uuid,not_null,
ppiq_plant,analysis_subjects,3,grain_definition_id,uuid,not_null,
ppiq_plant,analysis_subjects,4,subject_kind,character varying(40),not_null,
ppiq_plant,analysis_subjects,5,entity_kind,character varying(80),nullable,
ppiq_plant,analysis_subjects,6,entity_id,uuid,nullable,
ppiq_plant,analysis_subjects,7,subject_key,character varying(200),nullable,
ppiq_plant,analysis_subjects,8,window_from_utc,timestamp with time zone,nullable,
ppiq_plant,analysis_subjects,9,window_to_utc,timestamp with time zone,nullable,
ppiq_plant,areas,1,id,uuid,not_null,
ppiq_plant,areas,10,is_synthetic,boolean,not_null,
ppiq_plant,areas,11,source_system,character varying(100),nullable,
ppiq_plant,areas,12,source_record_id,character varying(100),nullable,
ppiq_plant,areas,13,is_deleted,boolean,not_null,
ppiq_plant,areas,14,deleted_at_utc,timestamp with time zone,nullable,
ppiq_plant,areas,15,deleted_reason,character varying(500),nullable,
ppiq_plant,areas,2,site_id,uuid,not_null,
ppiq_plant,areas,3,parent_area_id,uuid,nullable,
ppiq_plant,areas,4,area_code,character varying(100),not_null,
ppiq_plant,areas,5,area_name,character varying(200),not_null,
ppiq_plant,areas,6,area_type,character varying(100),nullable,
ppiq_plant,areas,7,sort_order,integer,nullable,
ppiq_plant,areas,8,created_at_utc,timestamp with time zone,not_null,
ppiq_plant,areas,9,updated_at_utc,timestamp with time zone,nullable,
ppiq_plant,blended_material_provenance,1,material_id,text,not_null,
ppiq_plant,blended_material_provenance,2,parent_material_id,text,not_null,
ppiq_plant,blended_material_provenance,3,weight,"numeric(12,8)",not_null,
ppiq_plant,blended_material_provenance,4,contribution_basis,text,not_null,
ppiq_plant,blended_material_provenance,5,provenance_confidence,text,not_null,
ppiq_plant,blended_material_provenance,6,is_transition,boolean,not_null,false
ppiq_plant,blended_material_provenance,7,created_at_utc,timestamp with time zone,not_null,now()
ppiq_plant,canonical_business_keys,1,id,uuid,not_null,gen_random_uuid()
ppiq_plant,canonical_business_keys,2,tenant_id,uuid,not_null,'00000000-0000-0000-0000-000000000001'::uuid
ppiq_plant,canonical_business_keys,3,key_code,text,not_null,
ppiq_plant,canonical_business_keys,4,canonical_entity,text,nullable,
ppiq_plant,canonical_business_keys,5,created_at_utc,timestamp with time zone,not_null,now()
ppiq_plant,canonical_parameter_observations,1,id,uuid,not_null,gen_random_uuid()
ppiq_plant,canonical_parameter_observations,2,tenant_id,uuid,not_null,'00000000-0000-0000-0000-000000000001'::uuid
ppiq_plant,canonical_parameter_observations,3,material_unit_id,uuid,not_null,
ppiq_plant,canonical_parameter_observations,4,parameter_code,text,nullable,
ppiq_plant,canonical_parameter_observations,5,observed_at_utc,timestamp with time zone,nullable,
ppiq_plant,canonical_parameter_observations,6,numeric_value,numeric,nullable,
ppiq_plant,canonical_parameter_observations,7,text_value,text,nullable,
ppiq_plant,canonical_parameter_observations,8,unit,text,nullable,
ppiq_plant,canonical_parameter_observations,9,attributes,jsonb,not_null,'{}'::jsonb
ppiq_plant,canonical_process_step_executions,1,id,uuid,not_null,gen_random_uuid()
ppiq_plant,canonical_process_step_executions,2,tenant_id,uuid,not_null,'00000000-0000-0000-0000-000000000001'::uuid
ppiq_plant,canonical_process_step_executions,3,material_unit_id,uuid,not_null,
ppiq_plant,canonical_process_step_executions,4,process_code,text,nullable,
ppiq_plant,canonical_process_step_executions,5,start_utc,timestamp with time zone,nullable,
ppiq_plant,canonical_process_step_executions,6,end_utc,timestamp with time zone,nullable,
ppiq_plant,canonical_process_step_executions,7,equipment_id,uuid,nullable,
ppiq_plant,canonical_process_step_executions,8,attributes,jsonb,not_null,'{}'::jsonb
ppiq_plant,correlation_results,1,id,uuid,not_null,
ppiq_plant,correlation_results,10,is_synthetic,boolean,not_null,
ppiq_plant,correlation_results,11,source_system,character varying(100),nullable,
ppiq_plant,correlation_results,12,source_record_id,character varying(100),nullable,
ppiq_plant,correlation_results,13,is_deleted,boolean,not_null,
ppiq_plant,correlation_results,14,deleted_at_utc,timestamp with time zone,nullable,
ppiq_plant,correlation_results,15,deleted_reason,character varying(500),nullable,
ppiq_plant,correlation_results,2,correlation_type,character varying(100),not_null,
ppiq_plant,correlation_results,3,subject_code,character varying(200),not_null,
ppiq_plant,correlation_results,4,outcome_code,character varying(200),not_null,
ppiq_plant,correlation_results,5,score,"numeric(18,6)",nullable,
ppiq_plant,correlation_results,6,result_json,jsonb,not_null,
ppiq_plant,correlation_results,7,calculated_at_utc,timestamp with time zone,not_null,
ppiq_plant,correlation_results,8,created_at_utc,timestamp with time zone,not_null,
ppiq_plant,correlation_results,9,updated_at_utc,timestamp with time zone,nullable,
ppiq_plant,data_quality_issues,1,id,uuid,not_null,
ppiq_plant,data_quality_issues,10,is_synthetic,boolean,not_null,
ppiq_plant,data_quality_issues,11,source_system,character varying(100),nullable,
ppiq_plant,data_quality_issues,12,source_record_id,character varying(100),nullable,
ppiq_plant,data_quality_issues,13,is_deleted,boolean,not_null,
ppiq_plant,data_quality_issues,14,deleted_at_utc,timestamp with time zone,nullable,
ppiq_plant,data_quality_issues,15,deleted_reason,character varying(500),nullable,
ppiq_plant,data_quality_issues,2,material_unit_id,uuid,nullable,
ppiq_plant,data_quality_issues,3,issue_type,character varying(100),not_null,
ppiq_plant,data_quality_issues,4,severity,character varying(50),not_null,
ppiq_plant,data_quality_issues,5,description,character varying(2000),not_null,
ppiq_plant,data_quality_issues,6,affected_entity_name,character varying(200),nullable,
ppiq_plant,data_quality_issues,7,affected_entity_id,uuid,nullable,
ppiq_plant,data_quality_issues,8,created_at_utc,timestamp with time zone,not_null,
ppiq_plant,data_quality_issues,9,updated_at_utc,timestamp with time zone,nullable,
ppiq_plant,downtime_events,1,id,uuid,not_null,
ppiq_plant,downtime_events,10,plant_utc_offset_minutes,integer,not_null,
ppiq_plant,downtime_events,11,downtime_type,character varying(100),not_null,
ppiq_plant,downtime_events,12,reason_code,character varying(100),nullable,
ppiq_plant,downtime_events,13,description,character varying(1000),nullable,
ppiq_plant,downtime_events,14,created_at_utc,timestamp with time zone,not_null,
ppiq_plant,downtime_events,15,updated_at_utc,timestamp with time zone,nullable,
ppiq_plant,downtime_events,16,is_synthetic,boolean,not_null,
ppiq_plant,downtime_events,17,source_system,character varying(100),nullable,
ppiq_plant,downtime_events,18,source_record_id,character varying(100),nullable,
ppiq_plant,downtime_events,19,is_deleted,boolean,not_null,
ppiq_plant,downtime_events,2,material_unit_id,uuid,nullable,
ppiq_plant,downtime_events,20,deleted_at_utc,timestamp with time zone,nullable,
ppiq_plant,downtime_events,21,deleted_reason,character varying(500),nullable,
ppiq_plant,downtime_events,22,production_impact_minutes,"numeric(12,3)",not_null,0.0
ppiq_plant,downtime_events,23,stopped_minutes,"numeric(12,3)",not_null,0.0
ppiq_plant,downtime_events,3,process_step_execution_id,uuid,nullable,
ppiq_plant,downtime_events,4,equipment_id,uuid,nullable,
ppiq_plant,downtime_events,5,started_at_utc,timestamp with time zone,not_null,
ppiq_plant,downtime_events,6,ended_at_utc,timestamp with time zone,nullable,
ppiq_plant,downtime_events,7,started_at_local,timestamp without time zone,not_null,
ppiq_plant,downtime_events,8,ended_at_local,timestamp without time zone,nullable,
ppiq_plant,downtime_events,9,plant_time_zone_id,character varying(100),not_null,
ppiq_plant,equipment,1,id,uuid,not_null,
ppiq_plant,equipment,10,sort_order,integer,nullable,
ppiq_plant,equipment,11,created_at_utc,timestamp with time zone,not_null,
ppiq_plant,equipment,12,updated_at_utc,timestamp with time zone,nullable,
ppiq_plant,equipment,13,is_synthetic,boolean,not_null,
ppiq_plant,equipment,14,source_system,character varying(100),nullable,
ppiq_plant,equipment,15,source_record_id,character varying(100),nullable,
ppiq_plant,equipment,16,is_deleted,boolean,not_null,
ppiq_plant,equipment,17,deleted_at_utc,timestamp with time zone,nullable,
ppiq_plant,equipment,18,deleted_reason,character varying(500),nullable,
ppiq_plant,equipment,2,site_id,uuid,not_null,
ppiq_plant,equipment,3,area_id,uuid,nullable,
ppiq_plant,equipment,4,parent_equipment_id,uuid,nullable,
ppiq_plant,equipment,5,equipment_code,character varying(100),not_null,
ppiq_plant,equipment,6,equipment_name,character varying(200),not_null,
ppiq_plant,equipment,7,equipment_type,character varying(100),not_null,
ppiq_plant,equipment,8,manufacturer,character varying(200),nullable,
ppiq_plant,equipment,9,is_active,boolean,not_null,
ppiq_plant,finding_coverage_evidence,1,finding_ref,text,not_null,
ppiq_plant,finding_coverage_evidence,2,population,integer,not_null,
ppiq_plant,finding_coverage_evidence,3,included,integer,not_null,
ppiq_plant,finding_coverage_evidence,4,excluded,integer,not_null,
ppiq_plant,finding_coverage_evidence,5,excluded_reasons,jsonb,not_null,'{}'::jsonb
ppiq_plant,finding_coverage_evidence,6,completeness,"numeric(10,6)",nullable,
ppiq_plant,finding_coverage_evidence,7,created_at_utc,timestamp with time zone,not_null,now()
ppiq_plant,genealogy_edges,1,id,uuid,not_null,
ppiq_plant,genealogy_edges,10,created_at_utc,timestamp with time zone,not_null,
ppiq_plant,genealogy_edges,11,updated_at_utc,timestamp with time zone,nullable,
ppiq_plant,genealogy_edges,12,is_synthetic,boolean,not_null,
ppiq_plant,genealogy_edges,13,source_system,character varying(100),nullable,
ppiq_plant,genealogy_edges,14,source_record_id,character varying(100),nullable,
ppiq_plant,genealogy_edges,15,is_deleted,boolean,not_null,
ppiq_plant,genealogy_edges,16,deleted_at_utc,timestamp with time zone,nullable,
ppiq_plant,genealogy_edges,17,deleted_reason,character varying(500),nullable,
ppiq_plant,genealogy_edges,2,parent_material_unit_id,uuid,not_null,
ppiq_plant,genealogy_edges,3,child_material_unit_id,uuid,not_null,
ppiq_plant,genealogy_edges,4,relationship_type,character varying(50),not_null,
ppiq_plant,genealogy_edges,5,effective_from_utc,timestamp with time zone,nullable,
ppiq_plant,genealogy_edges,6,effective_to_utc,timestamp with time zone,nullable,
ppiq_plant,genealogy_edges,7,contribution_weight,"numeric(9,6)",not_null,1.0
ppiq_plant,genealogy_edges,8,is_transition,boolean,not_null,false
ppiq_plant,genealogy_edges,9,provenance_confidence,"numeric(9,6)",not_null,1.0
ppiq_plant,material_aliases,1,id,uuid,not_null,
ppiq_plant,material_aliases,10,is_deleted,boolean,not_null,
ppiq_plant,material_aliases,11,deleted_at_utc,timestamp with time zone,nullable,
ppiq_plant,material_aliases,12,deleted_reason,character varying(500),nullable,
ppiq_plant,material_aliases,13,normalized_alias_code,text,nullable,
ppiq_plant,material_aliases,2,material_unit_id,uuid,not_null,
ppiq_plant,material_aliases,3,alias_code,character varying(100),not_null,
ppiq_plant,material_aliases,4,alias_type,character varying(50),not_null,
ppiq_plant,material_aliases,5,created_at_utc,timestamp with time zone,not_null,
ppiq_plant,material_aliases,6,updated_at_utc,timestamp with time zone,nullable,
ppiq_plant,material_aliases,7,is_synthetic,boolean,not_null,
ppiq_plant,material_aliases,8,source_system,character varying(100),not_null,
ppiq_plant,material_aliases,9,source_record_id,character varying(100),nullable,
ppiq_plant,material_units,1,id,uuid,not_null,
ppiq_plant,material_units,10,production_end_local,timestamp without time zone,nullable,
ppiq_plant,material_units,11,plant_time_zone_id,character varying(100),not_null,
ppiq_plant,material_units,12,plant_utc_offset_minutes,integer,not_null,
ppiq_plant,material_units,13,created_at_utc,timestamp with time zone,not_null,
ppiq_plant,material_units,14,updated_at_utc,timestamp with time zone,nullable,
ppiq_plant,material_units,15,is_synthetic,boolean,not_null,
ppiq_plant,material_units,16,source_system,character varying(100),nullable,
ppiq_plant,material_units,17,source_record_id,character varying(100),nullable,
ppiq_plant,material_units,18,is_deleted,boolean,not_null,
ppiq_plant,material_units,19,deleted_at_utc,timestamp with time zone,nullable,
ppiq_plant,material_units,2,material_code,character varying(100),not_null,
ppiq_plant,material_units,20,deleted_reason,character varying(500),nullable,
ppiq_plant,material_units,3,material_unit_type,character varying(50),not_null,
ppiq_plant,material_units,4,product_family,character varying(100),nullable,
ppiq_plant,material_units,5,grade_or_recipe,character varying(100),nullable,
ppiq_plant,material_units,6,site_id,uuid,not_null,
ppiq_plant,material_units,7,production_start_utc,timestamp with time zone,nullable,
ppiq_plant,material_units,8,production_end_utc,timestamp with time zone,nullable,
ppiq_plant,material_units,9,production_start_local,timestamp without time zone,nullable,
ppiq_plant,ml_correlation_results_v2,1,id,uuid,not_null,gen_random_uuid()
ppiq_plant,ml_correlation_results_v2,10,effect_size,double precision,nullable,
ppiq_plant,ml_correlation_results_v2,11,effect_size_type,text,nullable,
ppiq_plant,ml_correlation_results_v2,12,p_value,double precision,nullable,
ppiq_plant,ml_correlation_results_v2,13,q_value,double precision,nullable,
ppiq_plant,ml_correlation_results_v2,14,ci_low,double precision,nullable,
ppiq_plant,ml_correlation_results_v2,15,ci_high,double precision,nullable,
ppiq_plant,ml_correlation_results_v2,16,sample_size,integer,not_null,
ppiq_plant,ml_correlation_results_v2,17,effective_n,integer,not_null,
ppiq_plant,ml_correlation_results_v2,18,stratum,text,nullable,
ppiq_plant,ml_correlation_results_v2,19,stability_score,double precision,nullable,
ppiq_plant,ml_correlation_results_v2,2,compute_run_id,uuid,not_null,
ppiq_plant,ml_correlation_results_v2,20,is_stable,boolean,nullable,
ppiq_plant,ml_correlation_results_v2,21,window_start_utc,timestamp with time zone,nullable,
ppiq_plant,ml_correlation_results_v2,22,window_end_utc,timestamp with time zone,nullable,
ppiq_plant,ml_correlation_results_v2,23,evidence_json,jsonb,not_null,'{}'::jsonb
ppiq_plant,ml_correlation_results_v2,24,created_at_utc,timestamp with time zone,not_null,now()
ppiq_plant,ml_correlation_results_v2,25,tenant_id,uuid,nullable,
ppiq_plant,ml_correlation_results_v2,3,model_version_id,uuid,nullable,
ppiq_plant,ml_correlation_results_v2,4,feature_key,text,not_null,
ppiq_plant,ml_correlation_results_v2,5,feature_grain,text,not_null,
ppiq_plant,ml_correlation_results_v2,6,outcome_key,text,not_null,
ppiq_plant,ml_correlation_results_v2,7,outcome_type,text,not_null,
ppiq_plant,ml_correlation_results_v2,8,method,text,not_null,
ppiq_plant,ml_correlation_results_v2,9,coefficient,double precision,nullable,
ppiq_plant,ml_feature_values,1,id,uuid,not_null,gen_random_uuid()
ppiq_plant,ml_feature_values,10,slab_id,text,nullable,
ppiq_plant,ml_feature_values,11,coil_id,text,nullable,
ppiq_plant,ml_feature_values,12,location_id,text,nullable,
ppiq_plant,ml_feature_values,13,batch_id,text,nullable,
ppiq_plant,ml_feature_values,14,lot_id,text,nullable,
ppiq_plant,ml_feature_values,15,roll_id,text,nullable,
ppiq_plant,ml_feature_values,16,generic_unit_id,text,nullable,
ppiq_plant,ml_feature_values,17,effective_sample_key,text,not_null,
ppiq_plant,ml_feature_values,18,observed_at_utc,timestamp with time zone,nullable,
ppiq_plant,ml_feature_values,19,window_start_utc,timestamp with time zone,nullable,
ppiq_plant,ml_feature_values,2,feature_definition_id,uuid,nullable,
ppiq_plant,ml_feature_values,20,window_end_utc,timestamp with time zone,nullable,
ppiq_plant,ml_feature_values,21,numeric_value,double precision,nullable,
ppiq_plant,ml_feature_values,22,text_value,text,nullable,
ppiq_plant,ml_feature_values,23,boolean_value,boolean,nullable,
ppiq_plant,ml_feature_values,24,category_value,text,nullable,
ppiq_plant,ml_feature_values,25,missing_reason,text,nullable,
ppiq_plant,ml_feature_values,26,missingness_flag,boolean,not_null,false
ppiq_plant,ml_feature_values,27,source_system,text,nullable,
ppiq_plant,ml_feature_values,28,source_record_id,text,nullable,
ppiq_plant,ml_feature_values,29,source_json,jsonb,not_null,'{}'::jsonb
ppiq_plant,ml_feature_values,3,feature_key,text,not_null,
ppiq_plant,ml_feature_values,30,created_at_utc,timestamp with time zone,not_null,now()
ppiq_plant,ml_feature_values,31,native_grain,text,nullable,
ppiq_plant,ml_feature_values,32,genealogy_json,jsonb,not_null,'{}'::jsonb
ppiq_plant,ml_feature_values,33,provenance_json,jsonb,not_null,'{}'::jsonb
ppiq_plant,ml_feature_values,34,feature_quality_score,double precision,nullable,
ppiq_plant,ml_feature_values,35,refresh_run_id,uuid,not_null,
ppiq_plant,ml_feature_values,4,feature_version,integer,not_null,1
ppiq_plant,ml_feature_values,5,grain,text,not_null,
ppiq_plant,ml_feature_values,6,material_unit_id,uuid,nullable,
ppiq_plant,ml_feature_values,7,heat_id,text,nullable,
ppiq_plant,ml_feature_values,8,sequence_id,text,nullable,
ppiq_plant,ml_feature_values,9,strand,text,nullable,
ppiq_plant,ml_learning_observations_v1,1,observation_id,uuid,not_null,gen_random_uuid()
ppiq_plant,ml_learning_observations_v1,10,true_superheat_c,double precision,not_null,
ppiq_plant,ml_learning_observations_v1,11,casting_speed_delta_mpm,double precision,not_null,
ppiq_plant,ml_learning_observations_v1,12,reduction_ratio,double precision,not_null,
ppiq_plant,ml_learning_observations_v1,13,cooling_rate_cps,double precision,not_null,
ppiq_plant,ml_learning_observations_v1,14,grade_family,text,not_null,
ppiq_plant,ml_learning_observations_v1,15,gauge_band,text,not_null,
ppiq_plant,ml_learning_observations_v1,16,crew_shift,text,not_null,
ppiq_plant,ml_learning_observations_v1,17,planted_noise,numeric,not_null,
ppiq_plant,ml_learning_observations_v1,18,defect_rate_per_m2,double precision,not_null,
ppiq_plant,ml_learning_observations_v1,19,defect_hold_binary,double precision,not_null,
ppiq_plant,ml_learning_observations_v1,2,material_code,text,not_null,
ppiq_plant,ml_learning_observations_v1,20,defect_class,text,not_null,
ppiq_plant,ml_learning_observations_v1,21,defect_severity,double precision,not_null,
ppiq_plant,ml_learning_observations_v1,22,defect_position,text,not_null,
ppiq_plant,ml_learning_observations_v1,23,equipment_stoppage_min,double precision,not_null,
ppiq_plant,ml_learning_observations_v1,24,production_stoppage_min,double precision,not_null,
ppiq_plant,ml_learning_observations_v1,25,buffer_absorbed_flag,boolean,not_null,
ppiq_plant,ml_learning_observations_v1,26,cascade_amplified_flag,boolean,not_null,
ppiq_plant,ml_learning_observations_v1,27,kpi_prime_yield,double precision,not_null,
ppiq_plant,ml_learning_observations_v1,28,kpi_energy_per_ton,double precision,not_null,
ppiq_plant,ml_learning_observations_v1,29,created_at_utc,timestamp with time zone,not_null,now()
ppiq_plant,ml_learning_observations_v1,3,heat_id,text,not_null,
ppiq_plant,ml_learning_observations_v1,4,sequence_id,text,not_null,
ppiq_plant,ml_learning_observations_v1,5,strand_no,integer,not_null,
ppiq_plant,ml_learning_observations_v1,6,slab_id,text,not_null,
ppiq_plant,ml_learning_observations_v1,7,coil_id,text,not_null,
ppiq_plant,ml_learning_observations_v1,8,location_code,text,not_null,
ppiq_plant,ml_learning_observations_v1,9,observed_at_utc,timestamp with time zone,not_null,
ppiq_plant,ml_learning_results_v1,1,id,uuid,not_null,gen_random_uuid()
ppiq_plant,ml_learning_results_v1,10,method,text,not_null,
ppiq_plant,ml_learning_results_v1,11,coefficient,double precision,nullable,
ppiq_plant,ml_learning_results_v1,12,effect_size,double precision,nullable,
ppiq_plant,ml_learning_results_v1,13,effect_size_type,text,not_null,
ppiq_plant,ml_learning_results_v1,14,direction,text,not_null,
ppiq_plant,ml_learning_results_v1,15,raw_statistic,double precision,nullable,
ppiq_plant,ml_learning_results_v1,16,p_value,double precision,nullable,
ppiq_plant,ml_learning_results_v1,17,q_value,double precision,nullable,
ppiq_plant,ml_learning_results_v1,18,ci_low,double precision,nullable,
ppiq_plant,ml_learning_results_v1,19,ci_high,double precision,nullable,
ppiq_plant,ml_learning_results_v1,2,run_id,uuid,not_null,
ppiq_plant,ml_learning_results_v1,20,sample_size,integer,not_null,
ppiq_plant,ml_learning_results_v1,21,effective_n,integer,not_null,
ppiq_plant,ml_learning_results_v1,22,independent_unit_type,text,not_null,'heat'::text
ppiq_plant,ml_learning_results_v1,23,power_status,text,not_null,
ppiq_plant,ml_learning_results_v1,24,strength_bucket,text,not_null,
ppiq_plant,ml_learning_results_v1,25,stability_score,double precision,not_null,
ppiq_plant,ml_learning_results_v1,26,is_stable,boolean,not_null,
ppiq_plant,ml_learning_results_v1,27,confounding_note,text,nullable,
ppiq_plant,ml_learning_results_v1,28,vif_group_key,text,nullable,
ppiq_plant,ml_learning_results_v1,29,finding_status,text,not_null,
ppiq_plant,ml_learning_results_v1,3,job_code,text,not_null,
ppiq_plant,ml_learning_results_v1,30,window_start_utc,timestamp with time zone,nullable,
ppiq_plant,ml_learning_results_v1,31,window_end_utc,timestamp with time zone,nullable,
ppiq_plant,ml_learning_results_v1,32,evidence_json,jsonb,not_null,'{}'::jsonb
ppiq_plant,ml_learning_results_v1,33,created_at_utc,timestamp with time zone,not_null,now()
ppiq_plant,ml_learning_results_v1,4,outcome_family,text,not_null,
ppiq_plant,ml_learning_results_v1,5,feature_key,text,not_null,
ppiq_plant,ml_learning_results_v1,6,feature_grain,text,not_null,
ppiq_plant,ml_learning_results_v1,7,feature_value_type,text,not_null,
ppiq_plant,ml_learning_results_v1,8,outcome_key,text,not_null,
ppiq_plant,ml_learning_results_v1,9,outcome_type,text,not_null,
ppiq_plant,ml_outcome_values,1,id,uuid,not_null,gen_random_uuid()
ppiq_plant,ml_outcome_values,10,slab_id,text,nullable,
ppiq_plant,ml_outcome_values,11,coil_id,text,nullable,
ppiq_plant,ml_outcome_values,12,effective_sample_key,text,not_null,
ppiq_plant,ml_outcome_values,13,observed_at_utc,timestamp with time zone,nullable,
ppiq_plant,ml_outcome_values,14,window_start_utc,timestamp with time zone,nullable,
ppiq_plant,ml_outcome_values,15,window_end_utc,timestamp with time zone,nullable,
ppiq_plant,ml_outcome_values,16,numeric_value,double precision,nullable,
ppiq_plant,ml_outcome_values,17,category_value,text,nullable,
ppiq_plant,ml_outcome_values,18,severity_value,text,nullable,
ppiq_plant,ml_outcome_values,19,position_value,text,nullable,
ppiq_plant,ml_outcome_values,2,outcome_definition_id,uuid,nullable,
ppiq_plant,ml_outcome_values,20,duration_seconds,double precision,nullable,
ppiq_plant,ml_outcome_values,21,normalization_denominator,double precision,nullable,
ppiq_plant,ml_outcome_values,22,source_system,text,nullable,
ppiq_plant,ml_outcome_values,23,source_record_id,text,nullable,
ppiq_plant,ml_outcome_values,24,source_json,jsonb,not_null,'{}'::jsonb
ppiq_plant,ml_outcome_values,25,created_at_utc,timestamp with time zone,not_null,now()
ppiq_plant,ml_outcome_values,26,native_grain,text,nullable,
ppiq_plant,ml_outcome_values,27,location_id,text,nullable,
ppiq_plant,ml_outcome_values,28,batch_id,text,nullable,
ppiq_plant,ml_outcome_values,29,lot_id,text,nullable,
ppiq_plant,ml_outcome_values,3,outcome_key,text,not_null,
ppiq_plant,ml_outcome_values,30,roll_id,text,nullable,
ppiq_plant,ml_outcome_values,31,generic_unit_id,text,nullable,
ppiq_plant,ml_outcome_values,32,genealogy_json,jsonb,not_null,'{}'::jsonb
ppiq_plant,ml_outcome_values,33,provenance_json,jsonb,not_null,'{}'::jsonb
ppiq_plant,ml_outcome_values,34,outcome_quality_score,double precision,nullable,
ppiq_plant,ml_outcome_values,35,refresh_run_id,uuid,not_null,
ppiq_plant,ml_outcome_values,4,outcome_version,integer,not_null,1
ppiq_plant,ml_outcome_values,5,grain,text,not_null,
ppiq_plant,ml_outcome_values,6,material_unit_id,uuid,nullable,
ppiq_plant,ml_outcome_values,7,heat_id,text,nullable,
ppiq_plant,ml_outcome_values,8,sequence_id,text,nullable,
ppiq_plant,ml_outcome_values,9,strand,text,nullable,
ppiq_plant,parameter_observations,1,id,uuid,not_null,
ppiq_plant,parameter_observations,10,numeric_value,"numeric(18,6)",nullable,
ppiq_plant,parameter_observations,11,text_value,character varying(500),nullable,
ppiq_plant,parameter_observations,12,boolean_value,boolean,nullable,
ppiq_plant,parameter_observations,13,unit_of_measure,character varying(50),nullable,
ppiq_plant,parameter_observations,14,quality_flag,character varying(50),not_null,
ppiq_plant,parameter_observations,15,raw_value,character varying(500),nullable,
ppiq_plant,parameter_observations,16,created_at_utc,timestamp with time zone,not_null,
ppiq_plant,parameter_observations,17,updated_at_utc,timestamp with time zone,nullable,
ppiq_plant,parameter_observations,18,is_synthetic,boolean,not_null,
ppiq_plant,parameter_observations,19,source_system,character varying(100),nullable,
ppiq_plant,parameter_observations,2,material_unit_id,uuid,not_null,
ppiq_plant,parameter_observations,20,source_record_id,character varying(100),nullable,
ppiq_plant,parameter_observations,21,is_deleted,boolean,not_null,
ppiq_plant,parameter_observations,22,deleted_at_utc,timestamp with time zone,nullable,
ppiq_plant,parameter_observations,23,deleted_reason,character varying(500),nullable,
ppiq_plant,parameter_observations,3,process_step_execution_id,uuid,nullable,
ppiq_plant,parameter_observations,4,parameter_definition_id,uuid,not_null,
ppiq_plant,parameter_observations,5,equipment_id,uuid,nullable,
ppiq_plant,parameter_observations,6,observed_at_utc,timestamp with time zone,not_null,
ppiq_plant,parameter_observations,7,observed_at_local,timestamp without time zone,not_null,
ppiq_plant,parameter_observations,8,plant_time_zone_id,character varying(100),not_null,
ppiq_plant,parameter_observations,9,plant_utc_offset_minutes,integer,not_null,
ppiq_plant,plant_data_log,1,id,uuid,not_null,gen_random_uuid()
ppiq_plant,plant_data_log,10,message,text,not_null,
ppiq_plant,plant_data_log,11,logged_at_utc,timestamp with time zone,not_null,now()
ppiq_plant,plant_data_log,2,alert_rule_id,uuid,not_null,
ppiq_plant,plant_data_log,3,parameter_observation_id,uuid,nullable,
ppiq_plant,plant_data_log,4,material_code,text,nullable,
ppiq_plant,plant_data_log,5,parameter_code,text,not_null,
ppiq_plant,plant_data_log,6,observed_value,double precision,nullable,
ppiq_plant,plant_data_log,7,comparator,text,not_null,
ppiq_plant,plant_data_log,8,limit_value,double precision,not_null,
ppiq_plant,plant_data_log,9,severity,text,not_null,
ppiq_plant,ppiq_analysis_population_evidence,1,evidence_id,uuid,not_null,gen_random_uuid()
ppiq_plant,ppiq_analysis_population_evidence,10,generated_by,text,not_null,CURRENT_USER
ppiq_plant,ppiq_analysis_population_evidence,11,provenance_json,jsonb,not_null,'{}'::jsonb
ppiq_plant,ppiq_analysis_population_evidence,2,tenant_id,uuid,not_null,
ppiq_plant,ppiq_analysis_population_evidence,3,analysis_key,text,not_null,
ppiq_plant,ppiq_analysis_population_evidence,4,source_system_code,text,nullable,
ppiq_plant,ppiq_analysis_population_evidence,5,population_total,integer,not_null,0
ppiq_plant,ppiq_analysis_population_evidence,6,population_included,integer,not_null,0
ppiq_plant,ppiq_analysis_population_evidence,7,population_excluded,integer,not_null,0
ppiq_plant,ppiq_analysis_population_evidence,8,exclusion_reasons_json,jsonb,not_null,'[]'::jsonb
ppiq_plant,ppiq_analysis_population_evidence,9,generated_at_utc,timestamp with time zone,not_null,now()
ppiq_plant,ppiq_telemetry_rollup_daily,1,tenant_id,uuid,not_null,
ppiq_plant,ppiq_telemetry_rollup_daily,10,refreshed_at_utc,timestamp with time zone,not_null,now()
ppiq_plant,ppiq_telemetry_rollup_daily,2,parameter_definition_id,uuid,not_null,
ppiq_plant,ppiq_telemetry_rollup_daily,3,material_unit_id,uuid,not_null,
ppiq_plant,ppiq_telemetry_rollup_daily,4,bucket_utc,timestamp with time zone,not_null,
ppiq_plant,ppiq_telemetry_rollup_daily,5,sample_count,bigint,not_null,
ppiq_plant,ppiq_telemetry_rollup_daily,6,min_value,"numeric(18,6)",nullable,
ppiq_plant,ppiq_telemetry_rollup_daily,7,max_value,"numeric(18,6)",nullable,
ppiq_plant,ppiq_telemetry_rollup_daily,8,avg_value,"numeric(18,6)",nullable,
ppiq_plant,ppiq_telemetry_rollup_daily,9,p95_value,"numeric(18,6)",nullable,
ppiq_plant,ppiq_telemetry_rollup_hourly,1,tenant_id,uuid,not_null,
ppiq_plant,ppiq_telemetry_rollup_hourly,10,refreshed_at_utc,timestamp with time zone,not_null,now()
ppiq_plant,ppiq_telemetry_rollup_hourly,2,parameter_definition_id,uuid,not_null,
ppiq_plant,ppiq_telemetry_rollup_hourly,3,material_unit_id,uuid,not_null,
ppiq_plant,ppiq_telemetry_rollup_hourly,4,bucket_utc,timestamp with time zone,not_null,
ppiq_plant,ppiq_telemetry_rollup_hourly,5,sample_count,bigint,not_null,
ppiq_plant,ppiq_telemetry_rollup_hourly,6,min_value,"numeric(18,6)",nullable,
ppiq_plant,ppiq_telemetry_rollup_hourly,7,max_value,"numeric(18,6)",nullable,
ppiq_plant,ppiq_telemetry_rollup_hourly,8,avg_value,"numeric(18,6)",nullable,
ppiq_plant,ppiq_telemetry_rollup_hourly,9,p95_value,"numeric(18,6)",nullable,
ppiq_plant,process_events,1,id,uuid,not_null,
ppiq_plant,process_events,10,event_value,character varying(200),nullable,
ppiq_plant,process_events,11,description,character varying(1000),nullable,
ppiq_plant,process_events,12,created_at_utc,timestamp with time zone,not_null,
ppiq_plant,process_events,13,updated_at_utc,timestamp with time zone,nullable,
ppiq_plant,process_events,14,is_synthetic,boolean,not_null,
ppiq_plant,process_events,15,source_system,character varying(100),nullable,
ppiq_plant,process_events,16,source_record_id,character varying(100),nullable,
ppiq_plant,process_events,17,is_deleted,boolean,not_null,
ppiq_plant,process_events,18,deleted_at_utc,timestamp with time zone,nullable,
ppiq_plant,process_events,19,deleted_reason,character varying(500),nullable,
ppiq_plant,process_events,2,material_unit_id,uuid,nullable,
ppiq_plant,process_events,3,process_step_execution_id,uuid,nullable,
ppiq_plant,process_events,4,equipment_id,uuid,nullable,
ppiq_plant,process_events,5,event_type,character varying(100),not_null,
ppiq_plant,process_events,6,event_at_utc,timestamp with time zone,not_null,
ppiq_plant,process_events,7,event_at_local,timestamp without time zone,not_null,
ppiq_plant,process_events,8,plant_time_zone_id,character varying(100),not_null,
ppiq_plant,process_events,9,plant_utc_offset_minutes,integer,not_null,
ppiq_plant,process_step_executions,1,id,uuid,not_null,
ppiq_plant,process_step_executions,10,started_at_local,timestamp without time zone,not_null,
ppiq_plant,process_step_executions,11,ended_at_local,timestamp without time zone,nullable,
ppiq_plant,process_step_executions,12,plant_time_zone_id,character varying(100),not_null,
ppiq_plant,process_step_executions,13,plant_utc_offset_minutes,integer,not_null,
ppiq_plant,process_step_executions,14,execution_status,character varying(50),not_null,
ppiq_plant,process_step_executions,15,created_at_utc,timestamp with time zone,not_null,
ppiq_plant,process_step_executions,16,updated_at_utc,timestamp with time zone,nullable,
ppiq_plant,process_step_executions,17,is_synthetic,boolean,not_null,
ppiq_plant,process_step_executions,18,source_system,character varying(100),nullable,
ppiq_plant,process_step_executions,19,source_record_id,character varying(100),nullable,
ppiq_plant,process_step_executions,2,material_unit_id,uuid,not_null,
ppiq_plant,process_step_executions,20,is_deleted,boolean,not_null,
ppiq_plant,process_step_executions,21,deleted_at_utc,timestamp with time zone,nullable,
ppiq_plant,process_step_executions,22,deleted_reason,character varying(500),nullable,
ppiq_plant,process_step_executions,3,equipment_id,uuid,nullable,
ppiq_plant,process_step_executions,4,operation_definition_id,uuid,nullable,
ppiq_plant,process_step_executions,5,operation_type,character varying(100),not_null,
ppiq_plant,process_step_executions,6,operation_code,character varying(100),nullable,
ppiq_plant,process_step_executions,7,crew_code,character varying(100),nullable,
ppiq_plant,process_step_executions,8,started_at_utc,timestamp with time zone,not_null,
ppiq_plant,process_step_executions,9,ended_at_utc,timestamp with time zone,nullable,
ppiq_plant,quality_events,1,id,uuid,not_null,
ppiq_plant,quality_events,10,decision,character varying(100),nullable,
ppiq_plant,quality_events,11,description,character varying(1000),nullable,
ppiq_plant,quality_events,12,created_at_utc,timestamp with time zone,not_null,
ppiq_plant,quality_events,13,updated_at_utc,timestamp with time zone,nullable,
ppiq_plant,quality_events,14,is_synthetic,boolean,not_null,
ppiq_plant,quality_events,15,source_system,character varying(100),nullable,
ppiq_plant,quality_events,16,source_record_id,character varying(100),nullable,
ppiq_plant,quality_events,17,is_deleted,boolean,not_null,
ppiq_plant,quality_events,18,deleted_at_utc,timestamp with time zone,nullable,
ppiq_plant,quality_events,19,deleted_reason,character varying(500),nullable,
ppiq_plant,quality_events,2,material_unit_id,uuid,not_null,
ppiq_plant,quality_events,20,position_end_m,numeric,nullable,
ppiq_plant,quality_events,21,position_start_m,numeric,nullable,
ppiq_plant,quality_events,22,width_position_mm,numeric,nullable,
ppiq_plant,quality_events,3,defect_catalog_id,uuid,nullable,
ppiq_plant,quality_events,4,event_at_utc,timestamp with time zone,not_null,
ppiq_plant,quality_events,5,event_at_local,timestamp without time zone,not_null,
ppiq_plant,quality_events,6,plant_time_zone_id,character varying(100),not_null,
ppiq_plant,quality_events,7,plant_utc_offset_minutes,integer,not_null,
ppiq_plant,quality_events,8,event_type,character varying(100),not_null,
ppiq_plant,quality_events,9,severity,character varying(50),nullable,
ppiq_plant,risk_scores,1,id,uuid,not_null,
ppiq_plant,risk_scores,10,plant_time_zone_id,character varying(100),not_null,
ppiq_plant,risk_scores,11,plant_utc_offset_minutes,integer,not_null,
ppiq_plant,risk_scores,12,model_version,character varying(100),nullable,
ppiq_plant,risk_scores,13,created_at_utc,timestamp with time zone,not_null,
ppiq_plant,risk_scores,14,updated_at_utc,timestamp with time zone,nullable,
ppiq_plant,risk_scores,15,is_synthetic,boolean,not_null,
ppiq_plant,risk_scores,16,source_system,character varying(100),nullable,
ppiq_plant,risk_scores,17,source_record_id,character varying(100),nullable,
ppiq_plant,risk_scores,18,is_deleted,boolean,not_null,
ppiq_plant,risk_scores,19,deleted_at_utc,timestamp with time zone,nullable,
ppiq_plant,risk_scores,2,material_unit_id,uuid,not_null,
ppiq_plant,risk_scores,20,deleted_reason,character varying(500),nullable,
ppiq_plant,risk_scores,3,risk_type,character varying(100),not_null,
ppiq_plant,risk_scores,4,score,"numeric(8,6)",not_null,
ppiq_plant,risk_scores,5,risk_class,character varying(50),nullable,
ppiq_plant,risk_scores,6,main_contributors_json,jsonb,nullable,
ppiq_plant,risk_scores,7,explanation_json,jsonb,nullable,
ppiq_plant,risk_scores,8,scored_at_utc,timestamp with time zone,not_null,
ppiq_plant,risk_scores,9,scored_at_local,timestamp without time zone,not_null,
ppiq_plant,sites,1,id,uuid,not_null,
ppiq_plant,sites,10,source_system,character varying(100),nullable,
ppiq_plant,sites,11,source_record_id,character varying(100),nullable,
ppiq_plant,sites,12,is_deleted,boolean,not_null,
ppiq_plant,sites,13,deleted_at_utc,timestamp with time zone,nullable,
ppiq_plant,sites,14,deleted_reason,character varying(500),nullable,
ppiq_plant,sites,2,site_code,character varying(100),not_null,
ppiq_plant,sites,3,site_name,character varying(200),not_null,
ppiq_plant,sites,4,company_name,character varying(200),nullable,
ppiq_plant,sites,5,country_code,character varying(10),nullable,
ppiq_plant,sites,6,time_zone_id,character varying(100),not_null,
ppiq_plant,sites,7,created_at_utc,timestamp with time zone,not_null,
ppiq_plant,sites,8,updated_at_utc,timestamp with time zone,nullable,
ppiq_plant,sites,9,is_synthetic,boolean,not_null,
ppiq_plant,suggestion,1,id,uuid,not_null,gen_random_uuid()
ppiq_plant,suggestion,10,evidence,jsonb,not_null,'[]'::jsonb
ppiq_plant,suggestion,11,honesty_text,text,not_null,
ppiq_plant,suggestion,12,superseded_by,uuid,nullable,
ppiq_plant,suggestion,13,created_at,timestamp with time zone,not_null,now()
ppiq_plant,suggestion,14,updated_at,timestamp with time zone,not_null,now()
ppiq_plant,suggestion,15,suggestion_key,text,nullable,
ppiq_plant,suggestion,16,source_findings,jsonb,not_null,'[]'::jsonb
ppiq_plant,suggestion,17,assigned_role,text,nullable,
ppiq_plant,suggestion,18,population,integer,not_null,0
ppiq_plant,suggestion,19,method,text,not_null,''::text
ppiq_plant,suggestion,2,tenant_id,uuid,not_null,
ppiq_plant,suggestion,3,title,text,not_null,
ppiq_plant,suggestion,4,action_type,text,not_null,
ppiq_plant,suggestion,5,status,text,not_null,'open'::text
ppiq_plant,suggestion,6,confidence,"numeric(5,4)",not_null,
ppiq_plant,suggestion,7,impact_eur_low,"numeric(18,2)",nullable,
ppiq_plant,suggestion,8,impact_eur_high,"numeric(18,2)",nullable,
ppiq_plant,suggestion,9,owner_user_id,uuid,nullable,
ppiq_plant,suggestion_comment,1,id,uuid,not_null,gen_random_uuid()
ppiq_plant,suggestion_comment,2,tenant_id,uuid,not_null,
ppiq_plant,suggestion_comment,3,suggestion_id,uuid,not_null,
ppiq_plant,suggestion_comment,4,author,text,not_null,
ppiq_plant,suggestion_comment,5,body,text,not_null,
ppiq_plant,suggestion_comment,6,created_at,timestamp with time zone,not_null,now()
ppiq_plant,value_impact,1,id,uuid,not_null,gen_random_uuid()
ppiq_plant,value_impact,10,assumption_version,integer,not_null,
ppiq_plant,value_impact,11,is_abstained,boolean,not_null,false
ppiq_plant,value_impact,12,evidence,jsonb,not_null,'{}'::jsonb
ppiq_plant,value_impact,13,computed_at,timestamp with time zone,not_null,now()
ppiq_plant,value_impact,14,created_at,timestamp with time zone,not_null,now()
ppiq_plant,value_impact,2,tenant_id,uuid,not_null,
ppiq_plant,value_impact,3,finding_ref,text,not_null,
ppiq_plant,value_impact,4,coil_id,text,nullable,
ppiq_plant,value_impact,5,defect_code,text,nullable,
ppiq_plant,value_impact,6,currency,text,not_null,'EUR'::text
ppiq_plant,value_impact,7,impact_eur_low,"numeric(18,2)",not_null,
ppiq_plant,value_impact,8,impact_eur_mid,"numeric(18,2)",not_null,
ppiq_plant,value_impact,9,impact_eur_high,"numeric(18,2)",not_null,
ppiq_plant,value_impact_result,1,id,uuid,not_null,gen_random_uuid()
ppiq_plant,value_impact_result,10,assumption_version,integer,not_null,
ppiq_plant,value_impact_result,11,is_abstained,boolean,not_null,
ppiq_plant,value_impact_result,12,abstain_reason,text,nullable,
ppiq_plant,value_impact_result,13,terms_json,jsonb,not_null,'[]'::jsonb
ppiq_plant,value_impact_result,14,provenance_handle,text,not_null,
ppiq_plant,value_impact_result,15,honesty_caveat,text,not_null,
ppiq_plant,value_impact_result,16,created_at_utc,timestamp with time zone,not_null,now()
ppiq_plant,value_impact_result,2,tenant_id,uuid,not_null,
ppiq_plant,value_impact_result,3,finding_ref,text,not_null,
ppiq_plant,value_impact_result,4,material_id,text,nullable,
ppiq_plant,value_impact_result,5,defect_code,text,nullable,
ppiq_plant,value_impact_result,6,currency,text,not_null,
ppiq_plant,value_impact_result,7,low_value,"numeric(18,4)",not_null,
ppiq_plant,value_impact_result,8,mid_value,"numeric(18,4)",not_null,
ppiq_plant,value_impact_result,9,high_value,"numeric(18,4)",not_null,
ppiq_plant,value_realization_ledger,1,id,uuid,not_null,gen_random_uuid()
ppiq_plant,value_realization_ledger,10,improvement_units,"numeric(18,4)",not_null,
ppiq_plant,value_realization_ledger,11,potential_eur_low,"numeric(18,2)",not_null,
ppiq_plant,value_realization_ledger,12,potential_eur_mid,"numeric(18,2)",not_null,
ppiq_plant,value_realization_ledger,13,potential_eur_high,"numeric(18,2)",not_null,
ppiq_plant,value_realization_ledger,14,realized_eur_low,"numeric(18,2)",not_null,
ppiq_plant,value_realization_ledger,15,realized_eur_mid,"numeric(18,2)",not_null,
ppiq_plant,value_realization_ledger,16,realized_eur_high,"numeric(18,2)",not_null,
ppiq_plant,value_realization_ledger,17,capture_rate_mid,"numeric(18,4)",nullable,
ppiq_plant,value_realization_ledger,18,roi_mid,"numeric(18,4)",nullable,
ppiq_plant,value_realization_ledger,19,status,text,not_null,
ppiq_plant,value_realization_ledger,2,tenant_id,uuid,not_null,
ppiq_plant,value_realization_ledger,20,attribution_caveat,text,not_null,
ppiq_plant,value_realization_ledger,21,evidence,jsonb,not_null,'{}'::jsonb
ppiq_plant,value_realization_ledger,22,recorded_at_utc,timestamp with time zone,not_null,now()
ppiq_plant,value_realization_ledger,23,recorded_by,text,nullable,
ppiq_plant,value_realization_ledger,3,tracking_code,text,not_null,
ppiq_plant,value_realization_ledger,4,source_recommendation_id,text,nullable,
ppiq_plant,value_realization_ledger,5,source_value_impact_id,uuid,nullable,
ppiq_plant,value_realization_ledger,6,metric_code,text,not_null,
ppiq_plant,value_realization_ledger,7,currency,text,not_null,'EUR'::text
ppiq_plant,value_realization_ledger,8,baseline_value,"numeric(18,4)",not_null,
ppiq_plant,value_realization_ledger,9,actual_value,"numeric(18,4)",not_null,
ppiq_plant,vw_dashboard_correlation_summary,1,correlation_type,character varying(100),nullable,
ppiq_plant,vw_dashboard_correlation_summary,2,subject_code,character varying(200),nullable,
ppiq_plant,vw_dashboard_correlation_summary,3,outcome_code,character varying(200),nullable,
ppiq_plant,vw_dashboard_correlation_summary,4,calculation_count,bigint,nullable,
ppiq_plant,vw_dashboard_correlation_summary,5,average_score,numeric,nullable,
ppiq_plant,vw_dashboard_correlation_summary,6,latest_calculated_at_utc,timestamp with time zone,nullable,
ppiq_plant,vw_dashboard_data_quality_summary,1,site_id,uuid,nullable,
ppiq_plant,vw_dashboard_data_quality_summary,2,severity,character varying(50),nullable,
ppiq_plant,vw_dashboard_data_quality_summary,3,issue_type,character varying(100),nullable,
ppiq_plant,vw_dashboard_data_quality_summary,4,issue_count,bigint,nullable,
ppiq_plant,vw_dashboard_latest_risk_by_material,1,material_unit_id,uuid,nullable,
ppiq_plant,vw_dashboard_latest_risk_by_material,10,model_version,character varying(100),nullable,
ppiq_plant,vw_dashboard_latest_risk_by_material,11,scored_at_utc,timestamp with time zone,nullable,
ppiq_plant,vw_dashboard_latest_risk_by_material,12,main_contributors_json,jsonb,nullable,
ppiq_plant,vw_dashboard_latest_risk_by_material,2,material_code,character varying(100),nullable,
ppiq_plant,vw_dashboard_latest_risk_by_material,3,material_unit_type,character varying(50),nullable,
ppiq_plant,vw_dashboard_latest_risk_by_material,4,product_family,character varying(100),nullable,
ppiq_plant,vw_dashboard_latest_risk_by_material,5,grade_or_recipe,character varying(100),nullable,
ppiq_plant,vw_dashboard_latest_risk_by_material,6,site_id,uuid,nullable,
ppiq_plant,vw_dashboard_latest_risk_by_material,7,risk_type,character varying(100),nullable,
ppiq_plant,vw_dashboard_latest_risk_by_material,8,score,"numeric(8,6)",nullable,
ppiq_plant,vw_dashboard_latest_risk_by_material,9,risk_class,character varying(50),nullable,
ppiq_plant,vw_dashboard_quality_overview,1,site_id,uuid,nullable,
ppiq_plant,vw_dashboard_quality_overview,2,event_day_utc,timestamp with time zone,nullable,
ppiq_plant,vw_dashboard_quality_overview,3,quality_event_count,bigint,nullable,
ppiq_plant,vw_dashboard_quality_overview,4,defect_event_count,bigint,nullable,
ppiq_plant,vw_dashboard_quality_overview,5,affected_material_count,bigint,nullable,
ppiq_staging,edge_collector_batches,1,id,uuid,not_null,gen_random_uuid()
ppiq_staging,edge_collector_batches,10,accepted_row_count,integer,not_null,0
ppiq_staging,edge_collector_batches,11,signature_hash,text,not_null,
ppiq_staging,edge_collector_batches,12,status,text,not_null,'Accepted'::text
ppiq_staging,edge_collector_batches,13,pushed_at_utc,timestamp with time zone,not_null,now()
ppiq_staging,edge_collector_batches,2,tenant_id,uuid,not_null,
ppiq_staging,edge_collector_batches,3,collector_id,uuid,not_null,
ppiq_staging,edge_collector_batches,4,source_system_code,text,not_null,
ppiq_staging,edge_collector_batches,5,source_object_name,text,not_null,
ppiq_staging,edge_collector_batches,6,batch_id,text,not_null,
ppiq_staging,edge_collector_batches,7,captured_from_utc,timestamp with time zone,not_null,
ppiq_staging,edge_collector_batches,8,captured_to_utc,timestamp with time zone,not_null,
ppiq_staging,edge_collector_batches,9,row_count,integer,not_null,
ppiq_staging,edge_collector_buffer_status,1,collector_id,uuid,not_null,
ppiq_staging,edge_collector_buffer_status,2,last_push_at_utc,timestamp with time zone,not_null,
ppiq_staging,edge_collector_buffer_status,3,lag_seconds,integer,not_null,0
ppiq_staging,edge_collector_buffer_status,4,buffered_batch_count,integer,not_null,0
ppiq_staging,edge_collector_buffer_status,5,buffered_row_count,integer,not_null,0
ppiq_staging,edge_collector_buffer_status,6,health_status,text,not_null,'Healthy'::text
ppiq_staging,edge_collector_buffer_status,7,network_proof,text,not_null,'one-way-push-only/no-inbound-piq-to-ot/no-control-path'::text
ppiq_staging,edge_collector_buffer_status,8,credential_status,text,not_null,'active'::text
ppiq_staging,edge_collector_buffer_status,9,updated_at_utc,timestamp with time zone,not_null,now()
ppiq_staging,import_batches,1,id,uuid,not_null,
ppiq_staging,import_batches,10,checksum,character varying(200),nullable,
ppiq_staging,import_batches,11,row_count,integer,nullable,
ppiq_staging,import_batches,12,error_message,character varying(2000),nullable,
ppiq_staging,import_batches,13,created_at_utc,timestamp with time zone,not_null,
ppiq_staging,import_batches,14,updated_at_utc,timestamp with time zone,nullable,
ppiq_staging,import_batches,15,is_synthetic,boolean,not_null,
ppiq_staging,import_batches,16,source_system,character varying(100),nullable,
ppiq_staging,import_batches,17,source_record_id,character varying(100),nullable,
ppiq_staging,import_batches,18,is_deleted,boolean,not_null,
ppiq_staging,import_batches,19,deleted_at_utc,timestamp with time zone,nullable,
ppiq_staging,import_batches,2,source_system_definition_id,uuid,not_null,
ppiq_staging,import_batches,20,deleted_reason,character varying(500),nullable,
ppiq_staging,import_batches,3,import_batch_code,character varying(100),not_null,
ppiq_staging,import_batches,4,import_type,character varying(100),not_null,
ppiq_staging,import_batches,5,status,character varying(50),not_null,
ppiq_staging,import_batches,6,started_at_utc,timestamp with time zone,not_null,
ppiq_staging,import_batches,7,completed_at_utc,timestamp with time zone,nullable,
ppiq_staging,import_batches,8,source_object_name,character varying(200),nullable,
ppiq_staging,import_batches,9,file_name,character varying(500),nullable,
ppiq_staging,ppiq_connector_backfill_checkpoints,1,id,uuid,not_null,gen_random_uuid()
ppiq_staging,ppiq_connector_backfill_checkpoints,10,started_at_utc,timestamp with time zone,not_null,now()
ppiq_staging,ppiq_connector_backfill_checkpoints,11,completed_at_utc,timestamp with time zone,nullable,
ppiq_staging,ppiq_connector_backfill_checkpoints,12,evidence_json,jsonb,not_null,'{}'::jsonb
ppiq_staging,ppiq_connector_backfill_checkpoints,2,tenant_id,uuid,not_null,
ppiq_staging,ppiq_connector_backfill_checkpoints,3,provider_code,text,not_null,
ppiq_staging,ppiq_connector_backfill_checkpoints,4,run_id,uuid,not_null,
ppiq_staging,ppiq_connector_backfill_checkpoints,5,window_start_utc,timestamp with time zone,not_null,
ppiq_staging,ppiq_connector_backfill_checkpoints,6,window_end_utc,timestamp with time zone,not_null,
ppiq_staging,ppiq_connector_backfill_checkpoints,7,checkpoint_to_utc,timestamp with time zone,not_null,
ppiq_staging,ppiq_connector_backfill_checkpoints,8,rows_ingested,integer,not_null,0
ppiq_staging,ppiq_connector_backfill_checkpoints,9,status,text,not_null,'running'::text
ppiq_staging,ppiq_connector_runtime_readings,1,id,uuid,not_null,gen_random_uuid()
ppiq_staging,ppiq_connector_runtime_readings,10,created_at_utc,timestamp with time zone,not_null,now()
ppiq_staging,ppiq_connector_runtime_readings,2,tenant_id,uuid,not_null,
ppiq_staging,ppiq_connector_runtime_readings,3,source_id,uuid,not_null,
ppiq_staging,ppiq_connector_runtime_readings,4,provider_code,text,not_null,
ppiq_staging,ppiq_connector_runtime_readings,5,tag_path,text,not_null,
ppiq_staging,ppiq_connector_runtime_readings,6,observed_at_utc,timestamp with time zone,not_null,
ppiq_staging,ppiq_connector_runtime_readings,7,numeric_value,"numeric(18,6)",not_null,
ppiq_staging,ppiq_connector_runtime_readings,8,quality,text,not_null,'Good'::text
ppiq_staging,ppiq_connector_runtime_readings,9,raw_json,jsonb,not_null,'{}'::jsonb
ppiq_staging,ppiq_connector_sync_checkpoints,1,id,uuid,not_null,gen_random_uuid()
ppiq_staging,ppiq_connector_sync_checkpoints,2,tenant_id,uuid,not_null,
ppiq_staging,ppiq_connector_sync_checkpoints,3,connector_id,uuid,not_null,
ppiq_staging,ppiq_connector_sync_checkpoints,4,tag_path,text,not_null,
ppiq_staging,ppiq_connector_sync_checkpoints,5,last_timestamp_utc,timestamp with time zone,nullable,
ppiq_staging,ppiq_connector_sync_checkpoints,6,last_source_offset,text,nullable,
ppiq_staging,ppiq_connector_sync_checkpoints,7,rows_synced,bigint,not_null,0
ppiq_staging,ppiq_connector_sync_checkpoints,8,updated_at_utc,timestamp with time zone,not_null,now()
ppiq_staging,ppiq_connector_telemetry_samples,1,id,uuid,not_null,gen_random_uuid()
ppiq_staging,ppiq_connector_telemetry_samples,2,tenant_id,uuid,not_null,
ppiq_staging,ppiq_connector_telemetry_samples,3,connector_id,uuid,not_null,
ppiq_staging,ppiq_connector_telemetry_samples,4,tag_path,text,not_null,
ppiq_staging,ppiq_connector_telemetry_samples,5,observed_at_utc,timestamp with time zone,not_null,
ppiq_staging,ppiq_connector_telemetry_samples,6,numeric_value,"numeric(18,6)",nullable,
ppiq_staging,ppiq_connector_telemetry_samples,7,text_value,text,nullable,
ppiq_staging,ppiq_connector_telemetry_samples,8,source_offset,text,nullable,
ppiq_staging,ppiq_connector_telemetry_samples,9,inserted_at_utc,timestamp with time zone,not_null,now()
ppiq_staging,ppiq_telemetry_ingestion_checkpoints,1,id,uuid,not_null,gen_random_uuid()
ppiq_staging,ppiq_telemetry_ingestion_checkpoints,2,tenant_id,uuid,not_null,
ppiq_staging,ppiq_telemetry_ingestion_checkpoints,3,source_code,text,not_null,
ppiq_staging,ppiq_telemetry_ingestion_checkpoints,4,stream_code,text,not_null,
ppiq_staging,ppiq_telemetry_ingestion_checkpoints,5,last_observed_at_utc,timestamp with time zone,nullable,
ppiq_staging,ppiq_telemetry_ingestion_checkpoints,6,last_source_offset,text,nullable,
ppiq_staging,ppiq_telemetry_ingestion_checkpoints,7,rows_ingested,bigint,not_null,0
ppiq_staging,ppiq_telemetry_ingestion_checkpoints,8,updated_at_utc,timestamp with time zone,not_null,now()
ppiq_staging,staging_records,1,id,uuid,not_null,
ppiq_staging,staging_records,10,canonical_entity_id,uuid,nullable,
ppiq_staging,staging_records,11,canonical_entity_name,character varying(200),nullable,
ppiq_staging,staging_records,12,created_at_utc,timestamp with time zone,not_null,
ppiq_staging,staging_records,13,updated_at_utc,timestamp with time zone,nullable,
ppiq_staging,staging_records,14,is_synthetic,boolean,not_null,
ppiq_staging,staging_records,15,source_system,character varying(100),nullable,
ppiq_staging,staging_records,16,source_record_id,character varying(100),nullable,
ppiq_staging,staging_records,17,is_deleted,boolean,not_null,
ppiq_staging,staging_records,18,deleted_at_utc,timestamp with time zone,nullable,
ppiq_staging,staging_records,19,deleted_reason,character varying(500),nullable,
ppiq_staging,staging_records,2,import_batch_id,uuid,not_null,
ppiq_staging,staging_records,3,source_object_name,character varying(200),not_null,
ppiq_staging,staging_records,4,row_number,integer,not_null,
ppiq_staging,staging_records,5,raw_json,jsonb,not_null,
ppiq_staging,staging_records,6,is_processed,boolean,not_null,
ppiq_staging,staging_records,7,processed_at_utc,timestamp with time zone,nullable,
ppiq_staging,staging_records,8,processing_status,character varying(50),not_null,
ppiq_staging,staging_records,9,processing_error,character varying(4000),nullable,
public,__EFMigrationsHistory,1,migration_id,character varying(150),not_null,
public,__EFMigrationsHistory,2,product_version,character varying(32),not_null,
public,canonical_downtime_events,1,id,uuid,nullable,
public,canonical_downtime_events,2,tenant_id,uuid,nullable,
public,canonical_downtime_events,3,equipment_id,uuid,nullable,
public,canonical_downtime_events,4,stoppage_class,character varying(100),nullable,
public,canonical_downtime_events,5,reason,character varying(100),nullable,
public,canonical_downtime_events,6,equipment_stoppage_minutes,numeric,nullable,
public,canonical_downtime_events,7,buffer_absorbed_minutes,numeric,nullable,
public,canonical_downtime_events,8,cascade_amplification_factor,numeric,nullable,
public,canonical_downtime_events,9,production_stoppage_minutes,numeric,nullable,
public,canonical_equipment,1,id,uuid,nullable,
public,canonical_equipment,2,tenant_id,uuid,nullable,
public,canonical_equipment,3,equipment_code,character varying(100),nullable,
public,canonical_genealogy_edges,1,id,uuid,nullable,
public,canonical_genealogy_edges,2,tenant_id,uuid,nullable,
public,canonical_genealogy_edges,3,parent_material_unit_id,uuid,nullable,
public,canonical_genealogy_edges,4,child_material_unit_id,uuid,nullable,
public,canonical_genealogy_edges,5,edge_type,character varying(50),nullable,
public,canonical_genealogy_edges,6,confidence,"numeric(9,6)",nullable,
public,canonical_material_units,1,id,uuid,nullable,
public,canonical_material_units,2,tenant_id,uuid,nullable,
public,canonical_material_units,3,material_key,character varying(100),nullable,
public,canonical_material_units,4,material_type,character varying(50),nullable,
public,canonical_material_units,5,production_start_utc,timestamp with time zone,nullable,
public,canonical_material_units,6,created_at_utc,timestamp with time zone,nullable,
public,canonical_material_units,7,heat_key,text,nullable,
public,canonical_material_units,8,attributes,jsonb,nullable,
public,canonical_quality_events,1,id,uuid,nullable,
public,canonical_quality_events,2,tenant_id,uuid,nullable,
public,canonical_quality_events,3,material_unit_id,uuid,nullable,
public,canonical_quality_events,4,quality_event_type,character varying(100),nullable,
public,canonical_quality_events,5,event_time_utc,timestamp with time zone,nullable,
public,canonical_quality_events,6,severity,text,nullable,
public,canonical_quality_events,7,description,text,nullable,
public,canonical_quality_events,8,defect_code,text,nullable,
public,canonical_quality_events,9,attributes,jsonb,nullable,
public,mv_dashboard_daily_production,1,site_id,uuid,nullable,
public,mv_dashboard_daily_production,2,production_day_utc,timestamp with time zone,nullable,
public,mv_dashboard_daily_production,3,product_family,character varying(100),nullable,
public,mv_dashboard_daily_production,4,material_count,bigint,nullable,
public,mv_dashboard_defect_breakdown,1,site_id,uuid,nullable,
public,mv_dashboard_defect_breakdown,2,defect_code,character varying(100),nullable,
public,mv_dashboard_defect_breakdown,3,defect_name,character varying(200),nullable,
public,mv_dashboard_defect_breakdown,4,defect_category,character varying(100),nullable,
public,mv_dashboard_defect_breakdown,5,defect_count,bigint,nullable,
public,mv_dashboard_defect_by_product_family,1,site_id,uuid,nullable,
public,mv_dashboard_defect_by_product_family,2,product_family,character varying(100),nullable,
public,mv_dashboard_defect_by_product_family,3,event_day_utc,timestamp with time zone,nullable,
public,mv_dashboard_defect_by_product_family,4,defect_count,bigint,nullable,
public,mv_dashboard_downtime_by_area,1,site_id,uuid,nullable,
public,mv_dashboard_downtime_by_area,2,area_id,uuid,nullable,
public,mv_dashboard_downtime_by_area,3,area_code,character varying(100),nullable,
public,mv_dashboard_downtime_by_area,4,area_name,character varying(200),nullable,
public,mv_dashboard_downtime_by_area,5,downtime_event_count,bigint,nullable,
public,mv_dashboard_downtime_by_area,6,downtime_minutes,"numeric(18,2)",nullable,
public,mv_dashboard_equipment_stoppage,1,site_id,uuid,nullable,
public,mv_dashboard_equipment_stoppage,2,equipment_id,uuid,nullable,
public,mv_dashboard_equipment_stoppage,3,equipment_code,character varying(100),nullable,
public,mv_dashboard_equipment_stoppage,4,equipment_name,character varying(200),nullable,
public,mv_dashboard_equipment_stoppage,5,equipment_type,character varying(100),nullable,
public,mv_dashboard_equipment_stoppage,6,stoppage_count,bigint,nullable,
public,mv_dashboard_equipment_stoppage,7,stoppage_minutes,"numeric(18,2)",nullable,
public,mv_dashboard_material_summary,1,material_unit_id,uuid,nullable,
public,mv_dashboard_material_summary,10,process_step_count,bigint,nullable,
public,mv_dashboard_material_summary,11,parameter_observation_count,bigint,nullable,
public,mv_dashboard_material_summary,12,quality_event_count,bigint,nullable,
public,mv_dashboard_material_summary,13,defect_event_count,bigint,nullable,
public,mv_dashboard_material_summary,14,max_risk_score,numeric,nullable,
public,mv_dashboard_material_summary,15,latest_risk_class,text,nullable,
public,mv_dashboard_material_summary,16,latest_scored_at_utc,timestamp with time zone,nullable,
public,mv_dashboard_material_summary,2,material_code,character varying(100),nullable,
public,mv_dashboard_material_summary,3,material_unit_type,character varying(50),nullable,
public,mv_dashboard_material_summary,4,product_family,character varying(100),nullable,
public,mv_dashboard_material_summary,5,grade_or_recipe,character varying(100),nullable,
public,mv_dashboard_material_summary,6,site_id,uuid,nullable,
public,mv_dashboard_material_summary,7,production_start_utc,timestamp with time zone,nullable,
public,mv_dashboard_material_summary,8,production_end_utc,timestamp with time zone,nullable,
public,mv_dashboard_material_summary,9,source_system,character varying(100),nullable,
public,mv_dashboard_parameter_by_grade,1,site_id,uuid,nullable,
public,mv_dashboard_parameter_by_grade,2,parameter_code,character varying(100),nullable,
public,mv_dashboard_parameter_by_grade,3,parameter_name,character varying(200),nullable,
public,mv_dashboard_parameter_by_grade,4,unit_of_measure,character varying(50),nullable,
public,mv_dashboard_parameter_by_grade,5,grade_or_recipe,character varying(100),nullable,
public,mv_dashboard_parameter_by_grade,6,avg_value,"numeric(18,4)",nullable,
public,mv_dashboard_parameter_by_grade,7,sample_size,bigint,nullable,
public,mv_dashboard_parameter_trend,1,parameter_code,character varying(100),nullable,
public,mv_dashboard_parameter_trend,2,parameter_name,character varying(200),nullable,
public,mv_dashboard_parameter_trend,3,unit_of_measure,character varying(50),nullable,
public,mv_dashboard_parameter_trend,4,parameter_category,character varying(100),nullable,
public,mv_dashboard_parameter_trend,5,observed_day_utc,timestamp with time zone,nullable,
public,mv_dashboard_parameter_trend,6,avg_value,"numeric(18,4)",nullable,
public,mv_dashboard_parameter_trend,7,sample_size,bigint,nullable,
public,mv_dashboard_quality_daily,1,site_id,uuid,nullable,
public,mv_dashboard_quality_daily,2,day_utc,timestamp with time zone,nullable,
public,mv_dashboard_quality_daily,3,material_count,bigint,nullable,
public,mv_dashboard_quality_daily,4,quality_event_count,bigint,nullable,
public,mv_dashboard_quality_daily,5,defect_event_count,bigint,nullable,
public,mv_dashboard_quality_daily,6,defect_rate_percent,numeric,nullable,
public,ppiq_correlation_run_timeout_config,1,engine_key,text,not_null,
public,ppiq_correlation_run_timeout_config,2,max_runtime_minutes,integer,not_null,
public,ppiq_correlation_run_timeout_config,3,updated_at_utc,timestamp with time zone,not_null,now()
public,ppiq_correlation_run_timeout_config,4,notes,text,nullable,
public,ppiq_ml_unit_heat_lineage,1,unit_id,uuid,nullable,
public,ppiq_ml_unit_heat_lineage,2,heat_code,character varying(100),nullable,
public,ppiq_v5_blended_genealogy_edges,1,id,uuid,nullable,
public,ppiq_v5_blended_genealogy_edges,10,effective_from_utc,timestamp with time zone,nullable,
public,ppiq_v5_blended_genealogy_edges,11,effective_to_utc,timestamp with time zone,nullable,
public,ppiq_v5_blended_genealogy_edges,12,source_system,character varying(100),nullable,
public,ppiq_v5_blended_genealogy_edges,13,source_record_id,character varying(100),nullable,
public,ppiq_v5_blended_genealogy_edges,2,parent_material_unit_id,uuid,nullable,
public,ppiq_v5_blended_genealogy_edges,3,parent_material_code,character varying(100),nullable,
public,ppiq_v5_blended_genealogy_edges,4,child_material_unit_id,uuid,nullable,
public,ppiq_v5_blended_genealogy_edges,5,child_material_code,character varying(100),nullable,
public,ppiq_v5_blended_genealogy_edges,6,relationship_type,character varying(50),nullable,
public,ppiq_v5_blended_genealogy_edges,7,contribution_weight,"numeric(9,6)",nullable,
public,ppiq_v5_blended_genealogy_edges,8,is_transition,boolean,nullable,
public,ppiq_v5_blended_genealogy_edges,9,provenance_confidence,"numeric(9,6)",nullable,
public,ppiq_v5_child_weight_status,1,child_material_unit_id,uuid,nullable,
public,ppiq_v5_child_weight_status,2,parent_count,bigint,nullable,
public,ppiq_v5_child_weight_status,3,contribution_sum,numeric,nullable,
public,ppiq_v5_child_weight_status,4,has_transition,boolean,nullable,
public,ppiq_v5_child_weight_status,5,min_confidence,numeric,nullable,
public,ppiq_v5_child_weight_status,6,is_green,boolean,nullable,
public,ppiq_v5_license_source_of_truth,1,tenant_id,uuid,nullable,
public,ppiq_v5_license_source_of_truth,10,grace_until_utc,timestamp with time zone,nullable,
public,ppiq_v5_license_source_of_truth,11,is_valid,boolean,nullable,
public,ppiq_v5_license_source_of_truth,12,source_of_truth,text,nullable,
public,ppiq_v5_license_source_of_truth,2,tier,text,nullable,
public,ppiq_v5_license_source_of_truth,3,max_users,integer,nullable,
public,ppiq_v5_license_source_of_truth,4,max_sources,integer,nullable,
public,ppiq_v5_license_source_of_truth,5,max_pages,integer,nullable,
public,ppiq_v5_license_source_of_truth,6,assistant_mode,text,nullable,
public,ppiq_v5_license_source_of_truth,7,deployment_mode,text,nullable,
public,ppiq_v5_license_source_of_truth,8,features,jsonb,nullable,
public,ppiq_v5_license_source_of_truth,9,expires_at_utc,timestamp with time zone,nullable,
public,ppiq_v5_rls_status,1,schema_name,name,nullable,
public,ppiq_v5_rls_status,2,table_name,name,nullable,
public,ppiq_v5_rls_status,3,rls_enabled,boolean,nullable,
public,ppiq_v5_rls_status,4,rls_forced,boolean,nullable,
public,ppiq_v5_rls_status,5,has_ppiq_policy,boolean,nullable,
public,ppiq_v5_runtime_role_status,1,runtime_role,name,nullable,
public,ppiq_v5_runtime_role_status,2,has_bypassrls,boolean,nullable,
public,ppiq_v5_runtime_role_status,3,is_superuser,boolean,nullable,
public,ppiq_v5_runtime_role_status,4,evidence,text,nullable,
public,ppiq_v_connector_runtime_truth_state,1,tenant_id,uuid,nullable,
public,ppiq_v_connector_runtime_truth_state,10,lag_seconds,integer,nullable,
public,ppiq_v_connector_runtime_truth_state,11,status,text,nullable,
public,ppiq_v_connector_runtime_truth_state,12,last_successful_read_utc,timestamp with time zone,nullable,
public,ppiq_v_connector_runtime_truth_state,13,reading_count,bigint,nullable,
public,ppiq_v_connector_runtime_truth_state,14,latest_reading_utc,timestamp with time zone,nullable,
public,ppiq_v_connector_runtime_truth_state,15,computed_truth_status,text,nullable,
public,ppiq_v_connector_runtime_truth_state,2,provider_code,text,nullable,
public,ppiq_v_connector_runtime_truth_state,3,connector_kind,text,nullable,
public,ppiq_v_connector_runtime_truth_state,4,display_name,text,nullable,
public,ppiq_v_connector_runtime_truth_state,5,endpoint_label,text,nullable,
public,ppiq_v_connector_runtime_truth_state,6,is_read_only,boolean,nullable,
public,ppiq_v_connector_runtime_truth_state,7,is_certified,boolean,nullable,
public,ppiq_v_connector_runtime_truth_state,8,certification_scope,text,nullable,
public,ppiq_v_connector_runtime_truth_state,9,is_reachable,boolean,nullable,
public,ppiq_v_ed25519_current_entitlements,1,tenant_id,uuid,nullable,
public,ppiq_v_ed25519_current_entitlements,10,instance_id,text,nullable,
public,ppiq_v_ed25519_current_entitlements,11,verification_status,text,nullable,
public,ppiq_v_ed25519_current_entitlements,12,activation_status,text,nullable,
public,ppiq_v_ed25519_current_entitlements,13,activated_at_utc,timestamp with time zone,nullable,
public,ppiq_v_ed25519_current_entitlements,14,last_verified_at_utc,timestamp with time zone,nullable,
public,ppiq_v_ed25519_current_entitlements,2,license_key,text,nullable,
public,ppiq_v_ed25519_current_entitlements,3,key_id,text,nullable,
public,ppiq_v_ed25519_current_entitlements,4,tier,text,nullable,
public,ppiq_v_ed25519_current_entitlements,5,payload_json,jsonb,nullable,
public,ppiq_v_ed25519_current_entitlements,6,features_json,jsonb,nullable,
public,ppiq_v_ed25519_current_entitlements,7,limits_json,jsonb,nullable,
public,ppiq_v_ed25519_current_entitlements,8,issued_at_utc,timestamp with time zone,nullable,
public,ppiq_v_ed25519_current_entitlements,9,expires_at_utc,timestamp with time zone,nullable,
public,ppiq_v_phase34_mapping_health_summary,1,tenant_id,uuid,nullable,
public,ppiq_v_phase34_mapping_health_summary,10,last_snapshot_at_utc,timestamp with time zone,nullable,
public,ppiq_v_phase34_mapping_health_summary,11,health_status,text,nullable,
public,ppiq_v_phase34_mapping_health_summary,2,source_system_code,text,nullable,
public,ppiq_v_phase34_mapping_health_summary,3,source_kind,text,nullable,
public,ppiq_v_phase34_mapping_health_summary,4,schema_hash,text,nullable,
public,ppiq_v_phase34_mapping_health_summary,5,total_field_count,bigint,nullable,
public,ppiq_v_phase34_mapping_health_summary,6,mapped_field_count,bigint,nullable,
public,ppiq_v_phase34_mapping_health_summary,7,unmapped_required_count,bigint,nullable,
public,ppiq_v_phase34_mapping_health_summary,8,drift_event_count,bigint,nullable,
public,ppiq_v_phase34_mapping_health_summary,9,has_blocking_drift,boolean,nullable,
public,ppiq_v_private_model_gateway_truth,1,tenant_id,uuid,nullable,
public,ppiq_v_private_model_gateway_truth,10,is_byom,boolean,nullable,
public,ppiq_v_private_model_gateway_truth,11,is_enabled,boolean,nullable,
public,ppiq_v_private_model_gateway_truth,12,validation_status,text,nullable,
public,ppiq_v_private_model_gateway_truth,13,computed_truth_status,text,nullable,
public,ppiq_v_private_model_gateway_truth,14,updated_at_utc,timestamp with time zone,nullable,
public,ppiq_v_private_model_gateway_truth,2,endpoint_code,text,nullable,
public,ppiq_v_private_model_gateway_truth,3,provider_type,text,nullable,
public,ppiq_v_private_model_gateway_truth,4,model_version,text,nullable,
public,ppiq_v_private_model_gateway_truth,5,base_url,text,nullable,
public,ppiq_v_private_model_gateway_truth,6,network_boundary,text,nullable,
public,ppiq_v_private_model_gateway_truth,7,zero_data_retention_required,boolean,nullable,
public,ppiq_v_private_model_gateway_truth,8,zero_data_retention_confirmed,boolean,nullable,
public,ppiq_v_private_model_gateway_truth,9,public_network_allowed,boolean,nullable,
public,schema_migrations,1,script_name,text,not_null,
public,schema_migrations,2,checksum,text,not_null,
public,schema_migrations,3,applied_at_utc,timestamp with time zone,not_null,now()
public,v_ml_learning_jobs_monitor_v1,1,job_definition_id,uuid,nullable,
public,v_ml_learning_jobs_monitor_v1,10,last_run_status,character varying(50),nullable,
public,v_ml_learning_jobs_monitor_v1,11,last_failure_reason,character varying(4000),nullable,
public,v_ml_learning_jobs_monitor_v1,12,next_run_at_utc,timestamp with time zone,nullable,
public,v_ml_learning_jobs_monitor_v1,13,description,character varying(1000),nullable,
public,v_ml_learning_jobs_monitor_v1,14,last_run_id,uuid,nullable,
public,v_ml_learning_jobs_monitor_v1,15,outcome_family,text,nullable,
public,v_ml_learning_jobs_monitor_v1,16,readiness_gate_code,text,nullable,
public,v_ml_learning_jobs_monitor_v1,17,backoff_minutes,integer,nullable,
public,v_ml_learning_jobs_monitor_v1,18,max_backoff_minutes,integer,nullable,
public,v_ml_learning_jobs_monitor_v1,19,ml_last_status,text,nullable,
public,v_ml_learning_jobs_monitor_v1,2,job_code,character varying(120),nullable,
public,v_ml_learning_jobs_monitor_v1,20,next_run_hint_utc,timestamp with time zone,nullable,
public,v_ml_learning_jobs_monitor_v1,21,is_ml_job,boolean,nullable,
public,v_ml_learning_jobs_monitor_v1,3,job_name,character varying(250),nullable,
public,v_ml_learning_jobs_monitor_v1,4,job_type,character varying(80),nullable,
public,v_ml_learning_jobs_monitor_v1,5,schedule_expression,character varying(250),nullable,
public,v_ml_learning_jobs_monitor_v1,6,is_enabled,boolean,nullable,
public,v_ml_learning_jobs_monitor_v1,7,last_run_started_at_utc,timestamp with time zone,nullable,
public,v_ml_learning_jobs_monitor_v1,8,last_run_completed_at_utc,timestamp with time zone,nullable,
public,v_ml_learning_jobs_monitor_v1,9,last_run_duration_ms,bigint,nullable,
public,v_ppiq_effective_entitlements,1,user_id,uuid,nullable,
public,v_ppiq_effective_entitlements,10,features,text[],nullable,
public,v_ppiq_effective_entitlements,11,lock_reasons,jsonb,nullable,
public,v_ppiq_effective_entitlements,12,is_active,boolean,nullable,
public,v_ppiq_effective_entitlements,13,tenant_is_active,boolean,nullable,
public,v_ppiq_effective_entitlements,2,tenant_id,uuid,nullable,
public,v_ppiq_effective_entitlements,3,tenant_code,text,nullable,
public,v_ppiq_effective_entitlements,4,user_name,text,nullable,
public,v_ppiq_effective_entitlements,5,display_name,text,nullable,
public,v_ppiq_effective_entitlements,6,role,text,nullable,
public,v_ppiq_effective_entitlements,7,compatibility_role,text,nullable,
public,v_ppiq_effective_entitlements,8,tier,text,nullable,
public,v_ppiq_effective_entitlements,9,permissions,text[],nullable,
public,v_ppiq_p04_completion_golden_thread,1,section_code,text,nullable,
public,v_ppiq_p04_completion_golden_thread,2,sequence_no,integer,nullable,
public,v_ppiq_p04_completion_golden_thread,3,material_key,text,nullable,
public,v_ppiq_p04_completion_golden_thread,4,material_type,text,nullable,
public,v_ppiq_p04_completion_golden_thread,5,object_code,text,nullable,
public,v_ppiq_p04_completion_golden_thread,6,event_time_utc,timestamp with time zone,nullable,
public,v_ppiq_p04_completion_golden_thread,7,severity,text,nullable,
public,v_ppiq_p04_completion_golden_thread,8,message,text,nullable,
public,v_ppiq_p04_completion_golden_thread,9,payload,jsonb,nullable,
public,v_ppiq_p04_downtime_value_impact,1,tenant_code,text,nullable,
public,v_ppiq_p04_downtime_value_impact,2,equipment_code,character varying,nullable,
public,v_ppiq_p04_downtime_value_impact,3,stoppage_class,character varying(100),nullable,
public,v_ppiq_p04_downtime_value_impact,4,reason,character varying(100),nullable,
public,v_ppiq_p04_downtime_value_impact,5,equipment_stoppage_minutes,numeric,nullable,
public,v_ppiq_p04_downtime_value_impact,6,buffer_absorbed_minutes,numeric,nullable,
public,v_ppiq_p04_downtime_value_impact,7,cascade_amplification_factor,numeric,nullable,
public,v_ppiq_p04_downtime_value_impact,8,production_stoppage_minutes,numeric,nullable,
public,v_ppiq_p04_downtime_value_impact,9,impact_class,text,nullable,
public,v_read_model_staleness,1,dataset,text,nullable,
public,v_read_model_staleness,2,last_successful_refresh_utc,timestamp with time zone,nullable,
public,v_read_model_staleness,3,age,interval,nullable,
public,v_read_model_staleness,4,is_stale,boolean,nullable,
