sample_id,coil_id,slab_id,heat_id,sample_time_utc,quality_label,defect_code,disposition
QA-900001,C-0040002,SLAB-500002,H-3001,2026-05-02T15:11:00Z,PASS,SCALE,RELEASE
QA-900002,C-0040005,SLAB-500005,H-3001,2026-05-04T01:18:00Z,FAIL,SCALE,RELEASE
QA-900003,C-0040008,SLAB-500008,H-3002,2026-05-03T16:09:00Z,FAIL,EDGE_CRACK,DOWNGRADE
QA-900004,C-0040011,SLAB-500011,H-3002,2026-05-01T23:56:00Z,PASS,ROLLED_IN_SCALE,RELEASE
QA-900005,C-0040014,SLAB-500014,H-3002,2026-05-03T09:46:00Z,FAIL,INCLUSION,DOWNGRADE
QA-900006,C-0040017,SLAB-500017,H-3002,2026-05-03T22:43:00Z,PASS,SLIVER,RELEASE
QA-900007,C-0040020,SLAB-500020,H-3003,2026-05-02T21:53:00Z,PASS,ROLLED_IN_SCALE,REWORK
QA-900008,C-0040023,SLAB-500023,H-3003,2026-05-03T16:46:00Z,FAIL,SLIVER,RELEASE
QA-900009,C-0040026,SLAB-500026,H-3004,2026-05-03T14:17:00Z,PASS,ROLLED_IN_SCALE,RELEASE
QA-900010,C-0040029,SLAB-500029,H-3004,2026-05-03T15:26:00Z,PASS,SCALE,RELEASE
QA-900011,C-0040032,SLAB-500032,H-3004,2026-05-02T21:34:00Z,PASS,SLIVER,RELEASE
QA-900012,C-0040035,SLAB-500035,H-3005,2026-05-02T19:42:00Z,PASS,SLIVER,DOWNGRADE
QA-900013,C-0040038,SLAB-500038,H-3005,2026-05-02T20:40:00Z,HOLD,SCALE,SCRAP
QA-900014,C-0040041,SLAB-500041,H-3006,2026-05-03T09:36:00Z,PASS,SLIVER,REWORK
QA-900015,C-0040044,SLAB-500044,H-3006,2026-05-02T11:48:00Z,FAIL,EDGE_CRACK,DOWNGRADE
QA-900016,C-0040047,SLAB-500047,H-3006,2026-05-02T09:43:00Z,PASS,ROLLED_IN_SCALE,REWORK
QA-900017,C-0040050,SLAB-500050,H-3006,2026-05-03T14:44:00Z,FAIL,SCALE,REWORK
QA-900018,C-0040053,SLAB-500053,H-3007,2026-05-03T17:24:00Z,PASS,INCLUSION,RELEASE
QA-900019,C-0040056,SLAB-500056,H-3007,2026-05-04T02:16:00Z,PASS,SLIVER,DOWNGRADE
QA-900020,C-0040059,SLAB-500059,H-3007,2026-05-03T13:00:00Z,PASS,EDGE_CRACK,REWORK
QA-900021,C-0040062,SLAB-500062,H-3008,2026-05-03T02:18:00Z,PASS,ROLLED_IN_SCALE,DOWNGRADE
QA-900022,C-0040065,SLAB-500065,H-3008,2026-05-02T08:10:00Z,PASS,SLIVER,REWORK
QA-900023,C-0040068,SLAB-500068,H-3008,2026-05-01T18:17:00Z,FAIL,ROLLED_IN_SCALE,REWORK
QA-900024,C-0040071,SLAB-500071,H-3008,2026-05-04T03:13:00Z,PASS,EDGE_CRACK,RELEASE
QA-900025,C-0040074,SLAB-500074,H-3009,2026-05-03T07:25:00Z,PASS,INCLUSION,REWORK
QA-900026,C-0040077,SLAB-500077,H-3009,2026-05-02T18:52:00Z,PASS,INCLUSION,RELEASE
QA-900027,C-0040080,SLAB-500080,H-3009,2026-05-02T19:53:00Z,HOLD,EDGE_CRACK,DOWNGRADE
QA-900028,C-0040083,SLAB-500083,H-3010,2026-05-02T14:38:00Z,FAIL,ROLLED_IN_SCALE,SCRAP
QA-900029,C-0040086,SLAB-500086,H-3010,2026-05-03T19:45:00Z,FAIL,INCLUSION,DOWNGRADE
QA-900030,C-0040089,SLAB-500089,H-3010,2026-05-03T23:35:00Z,FAIL,SCALE,DOWNGRADE
QA-900031,C-0040092,SLAB-500092,H-3011,2026-05-03T02:11:00Z,FAIL,INCLUSION,RELEASE
QA-900032,C-0040095,SLAB-500095,H-3011,2026-05-01T22:10:00Z,FAIL,EDGE_CRACK,RELEASE
QA-900033,C-0040098,SLAB-500098,H-3011,2026-05-03T06:25:00Z,FAIL,SLIVER,DOWNGRADE
QA-900034,C-0040101,SLAB-500101,H-3012,2026-05-02T06:52:00Z,PASS,SCALE,RELEASE
QA-900035,C-0040104,SLAB-500104,H-3012,2026-05-04T11:11:00Z,PASS,SLIVER,REWORK
QA-900036,C-0040107,SLAB-500107,H-3012,2026-05-04T00:09:00Z,PASS,ROLLED_IN_SCALE,SCRAP
QA-900037,C-0040110,SLAB-500110,H-3012,2026-05-03T05:03:00Z,FAIL,SCALE,RELEASE
QA-900038,C-0040113,SLAB-500113,H-3013,2026-05-03T12:34:00Z,PASS,EDGE_CRACK,RELEASE
QA-900039,C-0040116,SLAB-500116,H-3013,2026-05-03T06:33:00Z,HOLD,EDGE_CRACK,RELEASE
QA-900040,C-0040119,SLAB-500119,H-3014,2026-05-03T16:16:00Z,PASS,ROLLED_IN_SCALE,SCRAP
QA-900041,C-0040122,SLAB-500122,H-3014,2026-05-03T05:55:00Z,HOLD,EDGE_CRACK,RELEASE
QA-900042,C-0040125,SLAB-500125,H-3014,2026-05-03T06:10:00Z,PASS,INCLUSION,RELEASE
QA-900043,C-0040128,SLAB-500128,H-3014,2026-05-02T14:23:00Z,PASS,SCALE,RELEASE
QA-900044,C-0040131,SLAB-500131,H-3015,2026-05-04T09:43:00Z,FAIL,SLIVER,RELEASE
QA-900045,C-0040134,SLAB-500134,H-3015,2026-05-03T19:27:00Z,PASS,ROLLED_IN_SCALE,DOWNGRADE
QA-900046,C-0040137,SLAB-500137,H-3015,2026-05-02T16:21:00Z,PASS,EDGE_CRACK,REWORK
QA-900047,C-0040140,SLAB-500140,H-3016,2026-05-03T09:19:00Z,PASS,INCLUSION,DOWNGRADE
QA-900048,C-0040143,SLAB-500143,H-3016,2026-05-04T13:34:00Z,PASS,INCLUSION,RELEASE
QA-900049,C-0040146,SLAB-500146,H-3017,2026-05-03T05:19:00Z,PASS,EDGE_CRACK,RELEASE
QA-900050,C-0040149,SLAB-500149,H-3017,2026-05-03T05:13:00Z,PASS,INCLUSION,REWORK
QA-900051,C-0040152,SLAB-500152,H-3017,2026-05-02T22:20:00Z,HOLD,INCLUSION,DOWNGRADE
QA-900052,C-0040155,SLAB-500155,H-3017,2026-05-03T05:55:00Z,HOLD,SCALE,SCRAP
QA-900053,C-0040158,SLAB-500158,H-3018,2026-05-03T10:05:00Z,PASS,ROLLED_IN_SCALE,RELEASE
QA-900054,C-0040161,SLAB-500161,H-3018,2026-05-03T21:51:00Z,HOLD,SLIVER,REWORK
QA-900055,C-0040164,SLAB-500164,H-3018,2026-05-03T07:50:00Z,PASS,SCALE,RELEASE
QA-900056,C-0040167,SLAB-500167,H-3019,2026-05-02T15:29:00Z,PASS,SCALE,SCRAP
QA-900057,C-0040170,SLAB-500170,H-3019,2026-05-03T15:03:00Z,PASS,SCALE,RELEASE
QA-900058,C-0040173,SLAB-500173,H-3019,2026-05-03T00:10:00Z,HOLD,EDGE_CRACK,DOWNGRADE
QA-900059,C-0040176,SLAB-500176,H-3020,2026-05-03T01:04:00Z,FAIL,ROLLED_IN_SCALE,SCRAP
QA-900060,C-0040179,SLAB-500179,H-3020,2026-05-04T05:19:00Z,FAIL,SLIVER,SCRAP
QA-900061,C-0040182,SLAB-500182,H-3020,2026-05-03T04:15:00Z,PASS,SCALE,RELEASE
QA-900062,C-0040185,SLAB-500185,H-3021,2026-05-02T22:39:00Z,FAIL,ROLLED_IN_SCALE,RELEASE
QA-900063,C-0040188,SLAB-500188,H-3021,2026-05-03T03:37:00Z,PASS,EDGE_CRACK,RELEASE
QA-900064,C-0040191,SLAB-500191,H-3021,2026-05-03T04:04:00Z,PASS,SCALE,RELEASE
QA-900065,C-0040194,SLAB-500194,H-3021,2026-05-03T21:39:00Z,PASS,SCALE,SCRAP
QA-900066,C-0040197,SLAB-500197,H-3022,2026-05-03T23:37:00Z,PASS,SLIVER,DOWNGRADE
QA-900067,C-0040200,SLAB-500200,H-3022,2026-05-03T16:30:00Z,PASS,INCLUSION,RELEASE
QA-900068,C-0040203,SLAB-500203,H-3023,2026-05-03T20:23:00Z,PASS,INCLUSION,SCRAP
QA-900069,C-0040206,SLAB-500206,H-3023,2026-05-04T20:22:00Z,PASS,SLIVER,REWORK
QA-900070,C-0040209,SLAB-500209,H-3023,2026-05-02T08:42:00Z,PASS,ROLLED_IN_SCALE,RELEASE
QA-900071,C-0040212,SLAB-500212,H-3024,2026-05-03T22:37:00Z,HOLD,ROLLED_IN_SCALE,REWORK
QA-900072,C-0040215,SLAB-500215,H-3024,2026-05-03T20:49:00Z,HOLD,SLIVER,RELEASE
QA-900073,C-0040218,SLAB-500218,H-3025,2026-05-02T17:41:00Z,PASS,EDGE_CRACK,SCRAP
QA-900074,C-0040221,SLAB-500221,H-3025,2026-05-03T01:55:00Z,FAIL,EDGE_CRACK,DOWNGRADE
QA-900075,C-0040224,SLAB-500224,H-3025,2026-05-03T19:12:00Z,PASS,SCALE,RELEASE
QA-900076,C-0040227,SLAB-500227,H-3026,2026-05-03T21:49:00Z,FAIL,EDGE_CRACK,RELEASE
QA-900077,C-0040230,SLAB-500230,H-3026,2026-05-02T10:00:00Z,PASS,ROLLED_IN_SCALE,DOWNGRADE
QA-900078,C-0040233,SLAB-500233,H-3026,2026-05-04T12:45:00Z,HOLD,EDGE_CRACK,RELEASE
QA-900079,C-0040236,SLAB-500236,H-3027,2026-05-04T13:32:00Z,HOLD,SCALE,SCRAP
QA-900080,C-0040239,SLAB-500239,H-3027,2026-05-04T18:38:00Z,PASS,SCALE,RELEASE
QA-900081,C-0040242,SLAB-500242,H-3027,2026-05-03T04:39:00Z,PASS,EDGE_CRACK,REWORK
QA-900082,C-0040245,SLAB-500245,H-3028,2026-05-03T05:05:00Z,HOLD,EDGE_CRACK,RELEASE
QA-900083,C-0040248,SLAB-500248,H-3028,2026-05-04T14:40:00Z,HOLD,INCLUSION,REWORK
QA-900084,C-0040251,SLAB-500251,H-3028,2026-05-04T03:03:00Z,PASS,ROLLED_IN_SCALE,RELEASE
QA-900085,C-0040254,SLAB-500254,H-3029,2026-05-03T19:12:00Z,FAIL,SCALE,RELEASE
QA-900086,C-0040257,SLAB-500257,H-3029,2026-05-02T22:17:00Z,PASS,SCALE,DOWNGRADE
QA-900087,C-0040260,SLAB-500260,H-3029,2026-05-04T09:38:00Z,PASS,INCLUSION,RELEASE
QA-900088,C-0040263,SLAB-500263,H-3029,2026-05-03T17:15:00Z,FAIL,ROLLED_IN_SCALE,DOWNGRADE
QA-900089,C-0040266,SLAB-500266,H-3030,2026-05-04T02:02:00Z,PASS,EDGE_CRACK,RELEASE
QA-900090,C-0040269,SLAB-500269,H-3030,2026-05-04T06:22:00Z,HOLD,SLIVER,REWORK
QA-900091,C-0040272,SLAB-500272,H-3030,2026-05-03T21:04:00Z,FAIL,ROLLED_IN_SCALE,DOWNGRADE
QA-900092,C-0040275,SLAB-500275,H-3031,2026-05-03T06:20:00Z,PASS,EDGE_CRACK,DOWNGRADE
QA-900093,C-0040278,SLAB-500278,H-3031,2026-05-02T05:40:00Z,PASS,INCLUSION,DOWNGRADE
QA-900094,C-0040281,SLAB-500281,H-3031,2026-05-03T08:50:00Z,FAIL,SCALE,RELEASE
QA-900095,C-0040284,SLAB-500284,H-3032,2026-05-03T21:16:00Z,PASS,SCALE,REWORK
QA-900096,C-0040287,SLAB-500287,H-3032,2026-05-04T02:45:00Z,HOLD,SLIVER,RELEASE
QA-900097,C-0040290,SLAB-500290,H-3032,2026-05-04T07:39:00Z,PASS,ROLLED_IN_SCALE,REWORK
QA-900098,C-0040293,SLAB-500293,H-3033,2026-05-04T06:46:00Z,HOLD,EDGE_CRACK,REWORK
QA-900099,C-0040296,SLAB-500296,H-3033,2026-05-02T08:32:00Z,PASS,ROLLED_IN_SCALE,RELEASE
QA-900100,C-0040299,SLAB-500299,H-3033,2026-05-03T05:01:00Z,FAIL,SCALE,RELEASE
QA-900101,C-0040302,SLAB-500302,H-3033,2026-05-04T02:10:00Z,PASS,SCALE,RELEASE
QA-900102,C-0040305,SLAB-500305,H-3034,2026-05-02T17:55:00Z,PASS,SLIVER,SCRAP
QA-900103,C-0040308,SLAB-500308,H-3034,2026-05-04T02:52:00Z,PASS,SCALE,SCRAP
QA-900104,C-0040311,SLAB-500311,H-3035,2026-05-03T18:16:00Z,HOLD,INCLUSION,DOWNGRADE
QA-900105,C-0040314,SLAB-500314,H-3035,2026-05-03T23:29:00Z,FAIL,SLIVER,SCRAP
QA-900106,C-0040317,SLAB-500317,H-3035,2026-05-04T17:13:00Z,PASS,SCALE,RELEASE
QA-900107,C-0040320,SLAB-500320,H-3036,2026-05-02T09:02:00Z,PASS,EDGE_CRACK,SCRAP
QA-900108,C-0040323,SLAB-500323,H-3036,2026-05-03T09:56:00Z,HOLD,ROLLED_IN_SCALE,SCRAP
QA-900109,C-0040326,SLAB-500326,H-3036,2026-05-04T12:07:00Z,HOLD,ROLLED_IN_SCALE,SCRAP
QA-900110,C-0040329,SLAB-500329,H-3037,2026-05-03T01:51:00Z,FAIL,EDGE_CRACK,SCRAP
QA-900111,C-0040332,SLAB-500332,H-3037,2026-05-04T13:02:00Z,HOLD,ROLLED_IN_SCALE,SCRAP
QA-900112,C-0040335,SLAB-500335,H-3037,2026-05-04T04:56:00Z,PASS,INCLUSION,DOWNGRADE
QA-900113,C-0040338,SLAB-500338,H-3038,2026-05-03T21:18:00Z,PASS,SCALE,SCRAP
QA-900114,C-0040341,SLAB-500341,H-3038,2026-05-03T15:42:00Z,PASS,ROLLED_IN_SCALE,SCRAP
QA-900115,C-0040344,SLAB-500344,H-3038,2026-05-03T21:37:00Z,PASS,EDGE_CRACK,RELEASE
QA-900116,C-0040347,SLAB-500347,H-3038,2026-05-04T21:50:00Z,PASS,ROLLED_IN_SCALE,RELEASE
QA-900117,C-0040350,SLAB-500350,H-3039,2026-05-04T13:31:00Z,FAIL,INCLUSION,DOWNGRADE
QA-900118,C-0040353,SLAB-500353,H-3039,2026-05-03T13:28:00Z,HOLD,SLIVER,DOWNGRADE
QA-900119,C-0040356,SLAB-500356,H-3039,2026-05-05T03:59:00Z,HOLD,SLIVER,SCRAP
QA-900120,C-0040359,SLAB-500359,H-3040,2026-05-03T04:55:00Z,HOLD,INCLUSION,DOWNGRADE
QA-900121,C-0040362,SLAB-500362,H-3040,2026-05-03T00:58:00Z,PASS,SCALE,RELEASE
QA-900122,C-0040365,SLAB-500365,H-3040,2026-05-04T13:59:00Z,FAIL,ROLLED_IN_SCALE,RELEASE
QA-900123,C-0040368,SLAB-500368,H-3041,2026-05-04T15:25:00Z,PASS,SCALE,RELEASE
QA-900124,C-0040371,SLAB-500371,H-3041,2026-05-04T09:19:00Z,PASS,SCALE,DOWNGRADE
QA-900125,C-0040374,SLAB-500374,H-3041,2026-05-04T06:25:00Z,PASS,INCLUSION,RELEASE
QA-900126,C-0040377,SLAB-500377,H-3042,2026-05-03T14:50:00Z,PASS,SLIVER,DOWNGRADE
QA-900127,C-0040380,SLAB-500380,H-3042,2026-05-04T07:59:00Z,PASS,INCLUSION,RELEASE
QA-900128,C-0040383,SLAB-500383,H-3043,2026-05-03T08:26:00Z,HOLD,EDGE_CRACK,DOWNGRADE
QA-900129,C-0040386,SLAB-500386,H-3043,2026-05-04T10:12:00Z,PASS,SCALE,DOWNGRADE
QA-900130,C-0040389,SLAB-500389,H-3043,2026-05-04T00:59:00Z,PASS,SLIVER,DOWNGRADE
QA-900131,C-0040392,SLAB-500392,H-3044,2026-05-04T04:57:00Z,HOLD,ROLLED_IN_SCALE,RELEASE
QA-900132,C-0040395,SLAB-500395,H-3044,2026-05-04T15:38:00Z,FAIL,ROLLED_IN_SCALE,REWORK
QA-900133,C-0040398,SLAB-500398,H-3044,2026-05-04T15:02:00Z,PASS,EDGE_CRACK,RELEASE
QA-900134,C-0040401,SLAB-500401,H-3044,2026-05-04T13:17:00Z,HOLD,SCALE,RELEASE
QA-900135,C-0040404,SLAB-500404,H-3045,2026-05-04T14:21:00Z,PASS,EDGE_CRACK,RELEASE
QA-900136,C-0040407,SLAB-500407,H-3045,2026-05-03T10:27:00Z,FAIL,EDGE_CRACK,RELEASE
QA-900137,C-0040410,SLAB-500410,H-3045,2026-05-03T06:10:00Z,PASS,ROLLED_IN_SCALE,REWORK
QA-900138,C-0040413,SLAB-500413,H-3046,2026-05-03T22:45:00Z,PASS,EDGE_CRACK,RELEASE
QA-900139,C-0040416,SLAB-500416,H-3046,2026-05-03T13:06:00Z,HOLD,SCALE,REWORK
QA-900140,C-0040419,SLAB-500419,H-3046,2026-05-05T12:01:00Z,FAIL,INCLUSION,DOWNGRADE
QA-900141,C-0040422,SLAB-500422,H-3047,2026-05-03T18:32:00Z,PASS,INCLUSION,DOWNGRADE
QA-900142,C-0040425,SLAB-500425,H-3047,2026-05-04T04:43:00Z,FAIL,INCLUSION,RELEASE
QA-900143,C-0040428,SLAB-500428,H-3047,2026-05-03T20:24:00Z,FAIL,SCALE,RELEASE
QA-900144,C-0040431,SLAB-500431,H-3048,2026-05-03T07:17:00Z,PASS,SCALE,DOWNGRADE
QA-900145,C-0040434,SLAB-500434,H-3048,2026-05-05T14:35:00Z,PASS,SLIVER,RELEASE
QA-900146,C-0040437,SLAB-500437,H-3048,2026-05-03T04:36:00Z,HOLD,INCLUSION,SCRAP
QA-900147,C-0040440,SLAB-500440,H-3049,2026-05-04T07:18:00Z,PASS,ROLLED_IN_SCALE,SCRAP
QA-900148,C-0040443,SLAB-500443,H-3049,2026-05-03T21:13:00Z,PASS,SLIVER,REWORK
QA-900149,C-0040446,SLAB-500446,H-3049,2026-05-04T20:19:00Z,PASS,ROLLED_IN_SCALE,SCRAP
QA-900150,C-0040449,SLAB-500449,H-3050,2026-05-02T21:43:00Z,HOLD,INCLUSION,DOWNGRADE
QA-900151,C-0040452,SLAB-500452,H-3050,2026-05-03T03:32:00Z,PASS,ROLLED_IN_SCALE,SCRAP
QA-900152,C-0040455,SLAB-500455,H-3050,2026-05-04T13:27:00Z,PASS,EDGE_CRACK,REWORK
QA-900153,C-0040458,SLAB-500458,H-3050,2026-05-03T10:38:00Z,HOLD,EDGE_CRACK,REWORK
QA-900154,C-0040461,SLAB-500461,H-3051,2026-05-04T16:47:00Z,PASS,ROLLED_IN_SCALE,RELEASE
QA-900155,C-0040464,SLAB-500464,H-3051,2026-05-03T20:46:00Z,PASS,SCALE,DOWNGRADE
QA-900156,C-0040467,SLAB-500467,H-3051,2026-05-04T01:04:00Z,HOLD,SCALE,SCRAP
QA-900157,C-0040470,SLAB-500470,H-3052,2026-05-03T16:34:00Z,PASS,ROLLED_IN_SCALE,SCRAP
QA-900158,C-0040473,SLAB-500473,H-3052,2026-05-04T07:46:00Z,FAIL,EDGE_CRACK,REWORK
QA-900159,C-0040476,SLAB-500476,H-3053,2026-05-03T06:42:00Z,PASS,INCLUSION,RELEASE
QA-900160,C-0040479,SLAB-500479,H-3053,2026-05-04T00:32:00Z,PASS,ROLLED_IN_SCALE,RELEASE
QA-900161,C-0040482,SLAB-500482,H-3053,2026-05-05T10:50:00Z,HOLD,SLIVER,SCRAP
QA-900162,C-0040485,SLAB-500485,H-3054,2026-05-03T18:37:00Z,PASS,SLIVER,DOWNGRADE
QA-900163,C-0040488,SLAB-500488,H-3054,2026-05-04T05:25:00Z,PASS,SCALE,SCRAP
QA-900164,C-0040491,SLAB-500491,H-3054,2026-05-05T01:09:00Z,PASS,EDGE_CRACK,REWORK
QA-900165,C-0040494,SLAB-500494,H-3054,2026-05-04T03:06:00Z,HOLD,ROLLED_IN_SCALE,RELEASE
QA-900166,C-0040497,SLAB-500497,H-3055,2026-05-04T19:28:00Z,PASS,SLIVER,SCRAP
QA-900167,C-0040500,SLAB-500500,H-3055,2026-05-05T19:14:00Z,PASS,SCALE,DOWNGRADE
QA-900168,C-0040503,SLAB-500503,H-3056,2026-05-04T09:32:00Z,PASS,SCALE,DOWNGRADE
QA-900169,C-0040506,SLAB-500506,H-3056,2026-05-05T04:54:00Z,FAIL,SLIVER,RELEASE
QA-900170,C-0040509,SLAB-500509,H-3056,2026-05-04T15:43:00Z,HOLD,EDGE_CRACK,RELEASE
QA-900171,C-0040512,SLAB-500512,H-3057,2026-05-05T15:57:00Z,PASS,EDGE_CRACK,DOWNGRADE
QA-900172,C-0040515,SLAB-500515,H-3057,2026-05-04T04:03:00Z,HOLD,EDGE_CRACK,SCRAP
QA-900173,C-0040518,SLAB-500518,H-3057,2026-05-03T13:28:00Z,HOLD,ROLLED_IN_SCALE,SCRAP
QA-900174,C-0040521,SLAB-500521,H-3058,2026-05-04T01:10:00Z,HOLD,INCLUSION,DOWNGRADE
QA-900175,C-0040524,SLAB-500524,H-3058,2026-05-04T16:35:00Z,FAIL,SCALE,DOWNGRADE
QA-900176,C-0040527,SLAB-500527,H-3059,2026-05-03T02:48:00Z,FAIL,INCLUSION,RELEASE
QA-900177,C-0040530,SLAB-500530,H-3059,2026-05-05T07:03:00Z,PASS,SCALE,SCRAP
QA-900178,C-0040533,SLAB-500533,H-3059,2026-05-03T17:42:00Z,HOLD,EDGE_CRACK,REWORK
QA-900179,C-0040536,SLAB-500536,H-3060,2026-05-04T06:19:00Z,PASS,SCALE,RELEASE
QA-900180,C-0040539,SLAB-500539,H-3060,2026-05-04T09:18:00Z,HOLD,SLIVER,SCRAP
QA-900181,C-0040542,SLAB-500542,H-3060,2026-05-04T12:50:00Z,HOLD,INCLUSION,RELEASE
QA-900182,C-0040545,SLAB-500545,H-3060,2026-05-04T15:24:00Z,FAIL,SLIVER,RELEASE
QA-900183,C-0040548,SLAB-500548,H-3061,2026-05-04T05:01:00Z,HOLD,ROLLED_IN_SCALE,REWORK
QA-900184,C-0040551,SLAB-500551,H-3061,2026-05-03T21:07:00Z,FAIL,SCALE,RELEASE
QA-900185,C-0040554,SLAB-500554,H-3061,2026-05-05T06:53:00Z,FAIL,EDGE_CRACK,REWORK
QA-900186,C-0040557,SLAB-500557,H-3062,2026-05-03T12:54:00Z,PASS,SCALE,REWORK
QA-900187,C-0040560,SLAB-500560,H-3062,2026-05-04T07:57:00Z,HOLD,INCLUSION,REWORK
QA-900188,C-0040563,SLAB-500563,H-3062,2026-05-05T07:29:00Z,PASS,SLIVER,REWORK
QA-900189,C-0040566,SLAB-500566,H-3062,2026-05-04T03:31:00Z,FAIL,EDGE_CRACK,REWORK
QA-900190,C-0040569,SLAB-500569,H-3063,2026-05-04T22:51:00Z,PASS,SLIVER,RELEASE
QA-900191,C-0040572,SLAB-500572,H-3063,2026-05-04T05:31:00Z,PASS,SCALE,DOWNGRADE
QA-900192,C-0040575,SLAB-500575,H-3063,2026-05-04T16:16:00Z,FAIL,INCLUSION,DOWNGRADE
QA-900193,C-0040578,SLAB-500578,H-3064,2026-05-04T11:27:00Z,PASS,SCALE,RELEASE
QA-900194,C-0040581,SLAB-500581,H-3064,2026-05-05T16:17:00Z,HOLD,INCLUSION,RELEASE
QA-900195,C-0040584,SLAB-500584,H-3064,2026-05-04T13:12:00Z,HOLD,EDGE_CRACK,DOWNGRADE
QA-900196,C-0040587,SLAB-500587,H-3065,2026-05-05T07:58:00Z,FAIL,INCLUSION,RELEASE
QA-900197,C-0040590,SLAB-500590,H-3065,2026-05-04T11:05:00Z,PASS,SCALE,REWORK
QA-900198,C-0040593,SLAB-500593,H-3065,2026-05-04T04:14:00Z,HOLD,SCALE,DOWNGRADE
QA-900199,C-0040596,SLAB-500596,H-3065,2026-05-05T11:58:00Z,HOLD,EDGE_CRACK,RELEASE
QA-900200,C-0040599,SLAB-500599,H-3066,2026-05-05T19:39:00Z,FAIL,EDGE_CRACK,REWORK
QA-900201,C-0040602,SLAB-500602,H-3066,2026-05-03T12:37:00Z,HOLD,SCALE,RELEASE
QA-900202,C-0040605,SLAB-500605,H-3066,2026-05-05T07:41:00Z,HOLD,EDGE_CRACK,REWORK
QA-900203,C-0040608,SLAB-500608,H-3067,2026-05-05T03:43:00Z,FAIL,ROLLED_IN_SCALE,SCRAP
QA-900204,C-0040611,SLAB-500611,H-3067,2026-05-03T15:44:00Z,PASS,SLIVER,RELEASE
QA-900205,C-0040614,SLAB-500614,H-3067,2026-05-04T15:30:00Z,PASS,INCLUSION,SCRAP
QA-900206,C-0040617,SLAB-500617,H-3068,2026-05-04T13:44:00Z,PASS,SCALE,REWORK
QA-900207,C-0040620,SLAB-500620,H-3068,2026-05-03T22:02:00Z,PASS,SLIVER,RELEASE
QA-900208,C-0040623,SLAB-500623,H-3068,2026-05-05T20:54:00Z,PASS,EDGE_CRACK,DOWNGRADE
QA-900209,C-0040626,SLAB-500626,H-3069,2026-05-04T16:14:00Z,FAIL,INCLUSION,RELEASE
QA-900210,C-0040629,SLAB-500629,H-3069,2026-05-04T17:42:00Z,HOLD,ROLLED_IN_SCALE,SCRAP
QA-900211,C-0040632,SLAB-500632,H-3070,2026-05-04T20:57:00Z,PASS,INCLUSION,SCRAP
QA-900212,C-0040635,SLAB-500635,H-3070,2026-05-04T18:34:00Z,FAIL,SLIVER,RELEASE
QA-900213,C-0040638,SLAB-500638,H-3071,2026-05-05T04:58:00Z,PASS,SLIVER,RELEASE
QA-900214,C-0040641,SLAB-500641,H-3071,2026-05-04T21:52:00Z,PASS,SLIVER,DOWNGRADE
QA-900215,C-0040644,SLAB-500644,H-3071,2026-05-04T00:18:00Z,PASS,INCLUSION,RELEASE
QA-900216,C-0040647,SLAB-500647,H-3071,2026-05-05T13:26:00Z,PASS,EDGE_CRACK,REWORK
QA-900217,C-0040650,SLAB-500650,H-3072,2026-05-03T21:50:00Z,PASS,INCLUSION,RELEASE
QA-900218,C-0040653,SLAB-500653,H-3072,2026-05-05T03:13:00Z,HOLD,INCLUSION,SCRAP
QA-900219,C-0040656,SLAB-500656,H-3072,2026-05-04T14:03:00Z,PASS,ROLLED_IN_SCALE,SCRAP
QA-900220,C-0040659,SLAB-500659,H-3073,2026-05-04T15:24:00Z,PASS,SCALE,RELEASE
QA-900221,C-0040662,SLAB-500662,H-3073,2026-05-04T16:57:00Z,PASS,SLIVER,DOWNGRADE
QA-900222,C-0040665,SLAB-500665,H-3073,2026-05-03T21:12:00Z,PASS,INCLUSION,DOWNGRADE
QA-900223,C-0040668,SLAB-500668,H-3074,2026-05-05T07:08:00Z,PASS,SLIVER,RELEASE
QA-900224,C-0040671,SLAB-500671,H-3074,2026-05-04T12:10:00Z,PASS,ROLLED_IN_SCALE,SCRAP
QA-900225,C-0040674,SLAB-500674,H-3074,2026-05-03T15:24:00Z,PASS,SLIVER,RELEASE
QA-900226,C-0040677,SLAB-500677,H-3074,2026-05-05T06:08:00Z,FAIL,INCLUSION,DOWNGRADE
QA-900227,C-0040680,SLAB-500680,H-3075,2026-05-04T19:02:00Z,PASS,SLIVER,REWORK
QA-900228,C-0040683,SLAB-500683,H-3075,2026-05-03T22:46:00Z,HOLD,SLIVER,SCRAP
QA-900229,C-0040686,SLAB-500686,H-3075,2026-05-05T16:57:00Z,PASS,ROLLED_IN_SCALE,RELEASE
QA-900230,C-0040689,SLAB-500689,H-3076,2026-05-04T22:04:00Z,FAIL,INCLUSION,SCRAP
QA-900231,C-0040692,SLAB-500692,H-3076,2026-05-05T00:59:00Z,FAIL,ROLLED_IN_SCALE,RELEASE
QA-900232,C-0040695,SLAB-500695,H-3076,2026-05-05T00:33:00Z,PASS,INCLUSION,RELEASE
QA-900233,C-0040698,SLAB-500698,H-3077,2026-05-06T10:43:00Z,HOLD,EDGE_CRACK,RELEASE
QA-900234,C-0040701,SLAB-500701,H-3077,2026-05-04T22:28:00Z,PASS,SLIVER,RELEASE
QA-900235,C-0040704,SLAB-500704,H-3077,2026-05-05T00:08:00Z,PASS,EDGE_CRACK,RELEASE
QA-900236,C-0040707,SLAB-500707,H-3078,2026-05-05T11:05:00Z,HOLD,SCALE,SCRAP
QA-900237,C-0040710,SLAB-500710,H-3078,2026-05-04T16:47:00Z,PASS,ROLLED_IN_SCALE,SCRAP
QA-900238,C-0040713,SLAB-500713,H-3078,2026-05-04T06:41:00Z,HOLD,INCLUSION,DOWNGRADE
QA-900239,C-0040716,SLAB-500716,H-3079,2026-05-04T20:28:00Z,HOLD,EDGE_CRACK,DOWNGRADE
QA-900240,C-0040719,SLAB-500719,H-3079,2026-05-05T13:19:00Z,PASS,EDGE_CRACK,SCRAP
QA-900241,C-0040722,SLAB-500722,H-3079,2026-05-05T11:07:00Z,PASS,INCLUSION,RELEASE
QA-900242,C-0040725,SLAB-500725,H-3080,2026-05-05T09:37:00Z,HOLD,EDGE_CRACK,RELEASE
QA-900243,C-0040728,SLAB-500728,H-3080,2026-05-05T06:09:00Z,PASS,ROLLED_IN_SCALE,REWORK
QA-900244,C-0040731,SLAB-500731,H-3080,2026-05-04T13:18:00Z,HOLD,INCLUSION,REWORK
QA-900245,C-0040734,SLAB-500734,H-3081,2026-05-05T14:07:00Z,FAIL,ROLLED_IN_SCALE,RELEASE
QA-900246,C-0040737,SLAB-500737,H-3081,2026-05-04T04:25:00Z,FAIL,SLIVER,RELEASE
QA-900247,C-0040740,SLAB-500740,H-3082,2026-05-05T10:37:00Z,FAIL,INCLUSION,DOWNGRADE
QA-900248,C-0040743,SLAB-500743,H-3082,2026-05-04T12:27:00Z,PASS,ROLLED_IN_SCALE,RELEASE
QA-900249,C-0040746,SLAB-500746,H-3082,2026-05-06T13:12:00Z,FAIL,SCALE,SCRAP
QA-900250,C-0040749,SLAB-500749,H-3083,2026-05-04T12:16:00Z,PASS,ROLLED_IN_SCALE,REWORK
QA-900251,C-0040752,SLAB-500752,H-3083,2026-05-04T07:59:00Z,PASS,EDGE_CRACK,DOWNGRADE
QA-900252,C-0040755,SLAB-500755,H-3084,2026-05-04T10:17:00Z,FAIL,EDGE_CRACK,DOWNGRADE
QA-900253,C-0040758,SLAB-500758,H-3084,2026-05-05T10:12:00Z,HOLD,SCALE,RELEASE
QA-900254,C-0040761,SLAB-500761,H-3084,2026-05-05T18:28:00Z,PASS,SCALE,RELEASE
QA-900255,C-0040764,SLAB-500764,H-3085,2026-05-05T23:48:00Z,HOLD,INCLUSION,RELEASE
QA-900256,C-0040767,SLAB-500767,H-3085,2026-05-04T18:48:00Z,PASS,EDGE_CRACK,RELEASE
QA-900257,C-0040770,SLAB-500770,H-3085,2026-05-04T15:01:00Z,PASS,SLIVER,SCRAP
QA-900258,C-0040773,SLAB-500773,H-3085,2026-05-04T21:40:00Z,FAIL,SCALE,SCRAP
QA-900259,C-0040776,SLAB-500776,H-3086,2026-05-05T10:08:00Z,PASS,SLIVER,SCRAP
QA-900260,C-0040779,SLAB-500779,H-3086,2026-05-04T08:44:00Z,PASS,INCLUSION,REWORK
QA-900261,C-0040782,SLAB-500782,H-3086,2026-05-04T07:43:00Z,PASS,EDGE_CRACK,RELEASE
QA-900262,C-0040785,SLAB-500785,H-3087,2026-05-04T17:49:00Z,HOLD,SCALE,SCRAP
QA-900263,C-0040788,SLAB-500788,H-3087,2026-05-06T01:53:00Z,PASS,EDGE_CRACK,DOWNGRADE
QA-900264,C-0040791,SLAB-500791,H-3087,2026-05-05T04:14:00Z,HOLD,INCLUSION,REWORK
QA-900265,C-0040794,SLAB-500794,H-3087,2026-05-05T03:15:00Z,HOLD,INCLUSION,DOWNGRADE
QA-900266,C-0040797,SLAB-500797,H-3088,2026-05-05T14:03:00Z,PASS,SLIVER,DOWNGRADE
QA-900267,C-0040800,SLAB-500800,H-3088,2026-05-05T11:05:00Z,FAIL,ROLLED_IN_SCALE,SCRAP
QA-900268,C-0040803,SLAB-500803,H-3088,2026-05-05T06:40:00Z,HOLD,INCLUSION,REWORK
QA-900269,C-0040806,SLAB-500806,H-3089,2026-05-05T18:14:00Z,PASS,ROLLED_IN_SCALE,RELEASE
QA-900270,C-0040809,SLAB-500809,H-3089,2026-05-05T12:29:00Z,FAIL,ROLLED_IN_SCALE,REWORK
QA-900271,C-0040812,SLAB-500812,H-3089,2026-05-05T04:38:00Z,PASS,EDGE_CRACK,DOWNGRADE
QA-900272,C-0040815,SLAB-500815,H-3090,2026-05-06T02:39:00Z,PASS,INCLUSION,RELEASE
QA-900273,C-0040818,SLAB-500818,H-3090,2026-05-04T06:43:00Z,HOLD,ROLLED_IN_SCALE,RELEASE
QA-900274,C-0040821,SLAB-500821,H-3090,2026-05-05T19:36:00Z,PASS,EDGE_CRACK,RELEASE
QA-900275,C-0040824,SLAB-500824,H-3091,2026-05-04T04:43:00Z,PASS,EDGE_CRACK,REWORK
QA-900276,C-0040827,SLAB-500827,H-3091,2026-05-05T18:11:00Z,PASS,INCLUSION,SCRAP
QA-900277,C-0040830,SLAB-500830,H-3091,2026-05-06T14:46:00Z,FAIL,SLIVER,RELEASE
QA-900278,C-0040833,SLAB-500833,H-3092,2026-05-06T09:54:00Z,PASS,ROLLED_IN_SCALE,RELEASE
QA-900279,C-0040836,SLAB-500836,H-3092,2026-05-05T01:55:00Z,HOLD,INCLUSION,SCRAP
QA-900280,C-0040839,SLAB-500839,H-3092,2026-05-05T18:26:00Z,PASS,SCALE,DOWNGRADE
QA-900281,C-0040842,SLAB-500842,H-3093,2026-05-05T14:13:00Z,FAIL,SCALE,SCRAP
QA-900282,C-0040845,SLAB-500845,H-3093,2026-05-06T08:59:00Z,HOLD,INCLUSION,RELEASE
QA-900283,C-0040848,SLAB-500848,H-3094,2026-05-06T16:59:00Z,PASS,INCLUSION,DOWNGRADE
QA-900284,C-0040851,SLAB-500851,H-3094,2026-05-05T00:18:00Z,PASS,EDGE_CRACK,DOWNGRADE
QA-900285,C-0040854,SLAB-500854,H-3094,2026-05-04T14:16:00Z,HOLD,SCALE,SCRAP
QA-900286,C-0040857,SLAB-500857,H-3094,2026-05-04T13:25:00Z,PASS,EDGE_CRACK,SCRAP
QA-900287,C-0040860,SLAB-500860,H-3095,2026-05-05T03:53:00Z,PASS,SCALE,DOWNGRADE
QA-900288,C-0040863,SLAB-500863,H-3095,2026-05-04T10:59:00Z,PASS,ROLLED_IN_SCALE,SCRAP
QA-900289,C-0040866,SLAB-500866,H-3096,2026-05-04T15:10:00Z,PASS,SLIVER,RELEASE
QA-900290,C-0040869,SLAB-500869,H-3096,2026-05-05T01:29:00Z,FAIL,ROLLED_IN_SCALE,DOWNGRADE
QA-900291,C-0040872,SLAB-500872,H-3096,2026-05-05T07:22:00Z,PASS,SLIVER,DOWNGRADE
QA-900292,C-0040875,SLAB-500875,H-3097,2026-05-05T16:06:00Z,PASS,SLIVER,RELEASE
QA-900293,C-0040878,SLAB-500878,H-3097,2026-05-06T00:53:00Z,PASS,SLIVER,RELEASE
QA-900294,C-0040881,SLAB-500881,H-3097,2026-05-04T22:11:00Z,PASS,INCLUSION,DOWNGRADE
QA-900295,C-0040884,SLAB-500884,H-3098,2026-05-06T09:57:00Z,PASS,ROLLED_IN_SCALE,RELEASE
QA-900296,C-0040887,SLAB-500887,H-3098,2026-05-06T01:37:00Z,PASS,SCALE,RELEASE
QA-900297,C-0040890,SLAB-500890,H-3098,2026-05-06T00:49:00Z,PASS,EDGE_CRACK,RELEASE
QA-900298,C-0040893,SLAB-500893,H-3099,2026-05-06T08:01:00Z,PASS,SLIVER,SCRAP
QA-900299,C-0040896,SLAB-500896,H-3099,2026-05-04T17:53:00Z,FAIL,SCALE,DOWNGRADE
QA-900300,C-0040899,SLAB-500899,H-3099,2026-05-05T15:27:00Z,FAIL,SCALE,RELEASE
QA-900301,C-0040902,SLAB-500902,H-3100,2026-05-06T18:09:00Z,PASS,EDGE_CRACK,REWORK
QA-900302,C-0040905,SLAB-500905,H-3100,2026-05-05T18:01:00Z,PASS,SCALE,SCRAP
QA-900303,C-0040908,SLAB-500908,H-3100,2026-05-06T16:51:00Z,FAIL,INCLUSION,DOWNGRADE
QA-900304,C-0040911,SLAB-500911,H-3101,2026-05-04T08:57:00Z,PASS,ROLLED_IN_SCALE,RELEASE
QA-900305,C-0040914,SLAB-500914,H-3101,2026-05-05T22:41:00Z,FAIL,SCALE,REWORK
QA-900306,C-0040917,SLAB-500917,H-3101,2026-05-06T03:35:00Z,PASS,EDGE_CRACK,RELEASE
QA-900307,C-0040920,SLAB-500920,H-3102,2026-05-05T07:06:00Z,PASS,INCLUSION,REWORK
QA-900308,C-0040923,SLAB-500923,H-3102,2026-05-06T12:21:00Z,PASS,EDGE_CRACK,SCRAP
QA-900309,C-0040926,SLAB-500926,H-3103,2026-05-06T08:01:00Z,PASS,ROLLED_IN_SCALE,RELEASE
QA-900310,C-0040929,SLAB-500929,H-3103,2026-05-06T15:27:00Z,PASS,SCALE,RELEASE
QA-900311,C-0040932,SLAB-500932,H-3103,2026-05-05T15:16:00Z,HOLD,ROLLED_IN_SCALE,DOWNGRADE
QA-900312,C-0040935,SLAB-500935,H-3104,2026-05-05T06:35:00Z,PASS,EDGE_CRACK,RELEASE
QA-900313,C-0040938,SLAB-500938,H-3104,2026-05-05T07:50:00Z,PASS,EDGE_CRACK,REWORK
QA-900314,C-0040941,SLAB-500941,H-3104,2026-05-06T17:49:00Z,PASS,ROLLED_IN_SCALE,DOWNGRADE
QA-900315,C-0040944,SLAB-500944,H-3105,2026-05-06T09:32:00Z,FAIL,ROLLED_IN_SCALE,DOWNGRADE
QA-900316,C-0040947,SLAB-500947,H-3105,2026-05-05T19:43:00Z,PASS,SLIVER,DOWNGRADE
QA-900317,C-0040950,SLAB-500950,H-3105,2026-05-05T13:25:00Z,FAIL,EDGE_CRACK,REWORK
QA-900318,C-0040953,SLAB-500953,H-3105,2026-05-05T18:50:00Z,PASS,EDGE_CRACK,DOWNGRADE
QA-900319,C-0040956,SLAB-500956,H-3106,2026-05-05T08:40:00Z,PASS,INCLUSION,RELEASE
QA-900320,C-0040959,SLAB-500959,H-3106,2026-05-06T16:41:00Z,PASS,SLIVER,RELEASE
QA-900321,C-0040962,SLAB-500962,H-3107,2026-05-06T20:46:00Z,PASS,EDGE_CRACK,REWORK
QA-900322,C-0040965,SLAB-500965,H-3107,2026-05-07T05:00:00Z,HOLD,SCALE,REWORK
QA-900323,C-0040968,SLAB-500968,H-3107,2026-05-07T01:25:00Z,PASS,INCLUSION,RELEASE
QA-900324,C-0040971,SLAB-500971,H-3107,2026-05-06T01:59:00Z,PASS,SLIVER,RELEASE
QA-900325,C-0040974,SLAB-500974,H-3108,2026-05-06T09:18:00Z,PASS,EDGE_CRACK,RELEASE
QA-900326,C-0040977,SLAB-500977,H-3108,2026-05-05T13:18:00Z,HOLD,EDGE_CRACK,REWORK
QA-900327,C-0040980,SLAB-500980,H-3109,2026-05-06T00:36:00Z,FAIL,INCLUSION,DOWNGRADE
QA-900328,C-0040983,SLAB-500983,H-3109,2026-05-06T03:09:00Z,PASS,SCALE,RELEASE
QA-900329,C-0040986,SLAB-500986,H-3109,2026-05-05T13:14:00Z,PASS,SCALE,REWORK
QA-900330,C-0040989,SLAB-500989,H-3109,2026-05-06T18:10:00Z,PASS,EDGE_CRACK,DOWNGRADE
QA-900331,C-0040992,SLAB-500992,H-3110,2026-05-05T17:34:00Z,PASS,INCLUSION,RELEASE
QA-900332,C-0040995,SLAB-500995,H-3110,2026-05-06T03:04:00Z,FAIL,INCLUSION,RELEASE
QA-900333,C-0040998,SLAB-500998,H-3110,2026-05-06T07:44:00Z,HOLD,EDGE_CRACK,RELEASE
QA-900334,C-0041001,SLAB-501001,H-3111,2026-05-06T19:31:00Z,HOLD,ROLLED_IN_SCALE,RELEASE
QA-900335,C-0041004,SLAB-501004,H-3111,2026-05-05T22:07:00Z,PASS,SCALE,SCRAP
QA-900336,C-0041007,SLAB-501007,H-3111,2026-05-06T08:23:00Z,PASS,ROLLED_IN_SCALE,RELEASE
QA-900337,C-0041010,SLAB-501010,H-3111,2026-05-06T06:07:00Z,HOLD,SCALE,REWORK
QA-900338,C-0041013,SLAB-501013,H-3112,2026-05-05T19:56:00Z,PASS,SCALE,RELEASE
QA-900339,C-0041016,SLAB-501016,H-3112,2026-05-06T02:31:00Z,PASS,SCALE,REWORK
QA-900340,C-0041019,SLAB-501019,H-3112,2026-05-05T15:06:00Z,PASS,ROLLED_IN_SCALE,RELEASE
QA-900341,C-0041022,SLAB-501022,H-3113,2026-05-06T04:20:00Z,FAIL,INCLUSION,RELEASE
QA-900342,C-0041025,SLAB-501025,H-3113,2026-05-06T12:17:00Z,FAIL,INCLUSION,RELEASE
QA-900343,C-0041028,SLAB-501028,H-3114,2026-05-05T02:24:00Z,HOLD,SCALE,RELEASE
QA-900344,C-0041031,SLAB-501031,H-3114,2026-05-06T10:49:00Z,HOLD,EDGE_CRACK,RELEASE
QA-900345,C-0041034,SLAB-501034,H-3114,2026-05-05T23:49:00Z,PASS,ROLLED_IN_SCALE,DOWNGRADE
QA-900346,C-0041037,SLAB-501037,H-3114,2026-05-06T10:25:00Z,PASS,SCALE,RELEASE
QA-900347,C-0041040,SLAB-501040,H-3115,2026-05-06T18:30:00Z,HOLD,INCLUSION,REWORK
QA-900348,C-0041043,SLAB-501043,H-3115,2026-05-07T14:33:00Z,PASS,INCLUSION,DOWNGRADE
QA-900349,C-0041046,SLAB-501046,H-3115,2026-05-05T01:16:00Z,PASS,SLIVER,RELEASE
QA-900350,C-0041049,SLAB-501049,H-3116,2026-05-05T09:32:00Z,PASS,SLIVER,SCRAP
QA-900351,C-0041052,SLAB-501052,H-3116,2026-05-05T07:05:00Z,FAIL,SLIVER,SCRAP
QA-900352,C-0041055,SLAB-501055,H-3116,2026-05-05T13:37:00Z,HOLD,INCLUSION,DOWNGRADE
QA-900353,C-0041058,SLAB-501058,H-3116,2026-05-07T13:46:00Z,PASS,SLIVER,RELEASE
QA-900354,C-0041061,SLAB-501061,H-3117,2026-05-05T10:20:00Z,FAIL,SCALE,REWORK
QA-900355,C-0041064,SLAB-501064,H-3117,2026-05-05T05:37:00Z,PASS,EDGE_CRACK,REWORK
QA-900356,C-0041067,SLAB-501067,H-3117,2026-05-06T08:23:00Z,FAIL,ROLLED_IN_SCALE,SCRAP
QA-900357,C-0041070,SLAB-501070,H-3118,2026-05-06T12:14:00Z,FAIL,INCLUSION,RELEASE
QA-900358,C-0041073,SLAB-501073,H-3118,2026-05-05T16:31:00Z,PASS,SLIVER,RELEASE
QA-900359,C-0041076,SLAB-501076,H-3118,2026-05-06T05:33:00Z,PASS,SCALE,RELEASE
QA-900360,C-0041079,SLAB-501079,H-3118,2026-05-06T04:34:00Z,FAIL,INCLUSION,RELEASE
QA-900361,C-0041082,SLAB-501082,H-3119,2026-05-06T10:56:00Z,HOLD,EDGE_CRACK,SCRAP
QA-900362,C-0041085,SLAB-501085,H-3119,2026-05-05T18:53:00Z,PASS,SCALE,RELEASE
QA-900363,C-0041088,SLAB-501088,H-3119,2026-05-07T05:51:00Z,PASS,SCALE,RELEASE
QA-900364,C-0041091,SLAB-501091,H-3120,2026-05-05T20:33:00Z,FAIL,ROLLED_IN_SCALE,DOWNGRADE
QA-900365,C-0041094,SLAB-501094,H-3120,2026-05-06T08:34:00Z,HOLD,SLIVER,SCRAP
QA-900366,C-0041097,SLAB-501097,H-3120,2026-05-05T22:12:00Z,PASS,SLIVER,RELEASE
QA-900367,C-0041100,SLAB-501100,H-3120,2026-05-06T11:11:00Z,FAIL,EDGE_CRACK,SCRAP
QA-900368,C-0041103,SLAB-501103,H-3121,2026-05-06T07:19:00Z,HOLD,SLIVER,SCRAP
QA-900369,C-0041106,SLAB-501106,H-3121,2026-05-06T01:30:00Z,HOLD,SCALE,SCRAP
QA-900370,C-0041109,SLAB-501109,H-3121,2026-05-06T21:17:00Z,HOLD,SCALE,DOWNGRADE
QA-900371,C-0041112,SLAB-501112,H-3122,2026-05-05T18:06:00Z,PASS,ROLLED_IN_SCALE,REWORK
QA-900372,C-0041115,SLAB-501115,H-3122,2026-05-06T19:45:00Z,PASS,EDGE_CRACK,RELEASE
QA-900373,C-0041118,SLAB-501118,H-3122,2026-05-06T00:11:00Z,PASS,SCALE,RELEASE
QA-900374,C-0041121,SLAB-501121,H-3123,2026-05-06T02:27:00Z,PASS,INCLUSION,RELEASE
QA-900375,C-0041124,SLAB-501124,H-3123,2026-05-06T16:55:00Z,PASS,SCALE,DOWNGRADE
QA-900376,C-0041127,SLAB-501127,H-3123,2026-05-05T22:49:00Z,HOLD,EDGE_CRACK,RELEASE
QA-900377,C-0041130,SLAB-501130,H-3123,2026-05-06T20:51:00Z,HOLD,EDGE_CRACK,RELEASE
QA-900378,C-0041133,SLAB-501133,H-3124,2026-05-07T07:24:00Z,PASS,SLIVER,RELEASE
QA-900379,C-0041136,SLAB-501136,H-3124,2026-05-06T10:29:00Z,HOLD,EDGE_CRACK,SCRAP
QA-900380,C-0041139,SLAB-501139,H-3124,2026-05-07T10:35:00Z,HOLD,EDGE_CRACK,REWORK
QA-900381,C-0041142,SLAB-501142,H-3125,2026-05-05T23:07:00Z,FAIL,INCLUSION,DOWNGRADE
QA-900382,C-0041145,SLAB-501145,H-3125,2026-05-06T20:01:00Z,PASS,EDGE_CRACK,RELEASE
QA-900383,C-0041148,SLAB-501148,H-3125,2026-05-07T18:06:00Z,PASS,INCLUSION,SCRAP
QA-900384,C-0041151,SLAB-501151,H-3126,2026-05-06T15:30:00Z,PASS,SLIVER,RELEASE
QA-900385,C-0041154,SLAB-501154,H-3126,2026-05-06T09:47:00Z,FAIL,ROLLED_IN_SCALE,RELEASE
QA-900386,C-0041157,SLAB-501157,H-3126,2026-05-06T22:04:00Z,FAIL,SLIVER,REWORK
QA-900387,C-0041160,SLAB-501160,H-3127,2026-05-06T13:37:00Z,HOLD,ROLLED_IN_SCALE,REWORK
QA-900388,C-0041163,SLAB-501163,H-3127,2026-05-07T03:58:00Z,PASS,SLIVER,REWORK
QA-900389,C-0041166,SLAB-501166,H-3128,2026-05-07T17:56:00Z,PASS,EDGE_CRACK,DOWNGRADE
QA-900390,C-0041169,SLAB-501169,H-3128,2026-05-06T09:24:00Z,FAIL,ROLLED_IN_SCALE,REWORK
QA-900391,C-0041172,SLAB-501172,H-3128,2026-05-06T08:22:00Z,HOLD,EDGE_CRACK,SCRAP
QA-900392,C-0041175,SLAB-501175,H-3128,2026-05-06T17:18:00Z,HOLD,INCLUSION,DOWNGRADE
QA-900393,C-0041178,SLAB-501178,H-3129,2026-05-06T19:05:00Z,PASS,SLIVER,RELEASE
QA-900394,C-0041181,SLAB-501181,H-3129,2026-05-06T13:48:00Z,FAIL,INCLUSION,RELEASE
QA-900395,C-0041184,SLAB-501184,H-3129,2026-05-06T18:01:00Z,HOLD,EDGE_CRACK,REWORK
QA-900396,C-0041187,SLAB-501187,H-3130,2026-05-07T02:15:00Z,FAIL,ROLLED_IN_SCALE,SCRAP
QA-900397,C-0041190,SLAB-501190,H-3130,2026-05-05T23:31:00Z,PASS,ROLLED_IN_SCALE,SCRAP
QA-900398,C-0041193,SLAB-501193,H-3130,2026-05-06T11:31:00Z,FAIL,SCALE,RELEASE
QA-900399,C-0041196,SLAB-501196,H-3130,2026-05-07T21:14:00Z,PASS,ROLLED_IN_SCALE,SCRAP
QA-900400,C-0041199,SLAB-501199,H-3131,2026-05-06T23:51:00Z,FAIL,INCLUSION,DOWNGRADE
QA-900401,C-0041202,SLAB-501202,H-3131,2026-05-06T20:06:00Z,HOLD,INCLUSION,DOWNGRADE
QA-900402,C-0041205,SLAB-501205,H-3131,2026-05-07T10:42:00Z,PASS,INCLUSION,SCRAP
QA-900403,C-0041208,SLAB-501208,H-3132,2026-05-06T04:15:00Z,HOLD,INCLUSION,RELEASE
QA-900404,C-0041211,SLAB-501211,H-3132,2026-05-07T06:08:00Z,PASS,SLIVER,RELEASE
QA-900405,C-0041214,SLAB-501214,H-3132,2026-05-06T22:12:00Z,PASS,SCALE,RELEASE
QA-900406,C-0041217,SLAB-501217,H-3132,2026-05-05T23:54:00Z,PASS,INCLUSION,RELEASE
QA-900407,C-0041220,SLAB-501220,H-3133,2026-05-07T14:47:00Z,PASS,SLIVER,RELEASE
QA-900408,C-0041223,SLAB-501223,H-3133,2026-05-06T01:33:00Z,FAIL,EDGE_CRACK,SCRAP
QA-900409,C-0041226,SLAB-501226,H-3133,2026-05-05T19:34:00Z,PASS,SLIVER,RELEASE
QA-900410,C-0041229,SLAB-501229,H-3134,2026-05-07T04:12:00Z,PASS,EDGE_CRACK,RELEASE
QA-900411,C-0041232,SLAB-501232,H-3134,2026-05-05T18:17:00Z,HOLD,SCALE,RELEASE
QA-900412,C-0041235,SLAB-501235,H-3135,2026-05-07T04:42:00Z,FAIL,ROLLED_IN_SCALE,RELEASE
QA-900413,C-0041238,SLAB-501238,H-3135,2026-05-06T23:28:00Z,PASS,INCLUSION,RELEASE
QA-900414,C-0041241,SLAB-501241,H-3135,2026-05-07T04:40:00Z,PASS,INCLUSION,DOWNGRADE
QA-900415,C-0041244,SLAB-501244,H-3136,2026-05-06T04:26:00Z,FAIL,SCALE,REWORK
QA-900416,C-0041247,SLAB-501247,H-3136,2026-05-06T09:18:00Z,HOLD,EDGE_CRACK,REWORK
QA-900417,C-0041250,SLAB-501250,H-3136,2026-05-05T22:30:00Z,PASS,SCALE,REWORK
QA-900418,C-0041253,SLAB-501253,H-3137,2026-05-06T02:35:00Z,PASS,INCLUSION,RELEASE
QA-900419,C-0041256,SLAB-501256,H-3137,2026-05-06T21:44:00Z,PASS,SLIVER,REWORK
QA-900420,C-0041259,SLAB-501259,H-3138,2026-05-07T01:12:00Z,FAIL,SCALE,REWORK
QA-900421,C-0041262,SLAB-501262,H-3138,2026-05-07T02:09:00Z,PASS,EDGE_CRACK,DOWNGRADE
QA-900422,C-0041265,SLAB-501265,H-3138,2026-05-06T00:11:00Z,PASS,INCLUSION,REWORK
QA-900423,C-0041268,SLAB-501268,H-3138,2026-05-06T14:24:00Z,HOLD,SCALE,REWORK
QA-900424,C-0041271,SLAB-501271,H-3139,2026-05-07T01:53:00Z,PASS,EDGE_CRACK,RELEASE
QA-900425,C-0041274,SLAB-501274,H-3139,2026-05-05T15:28:00Z,HOLD,SCALE,RELEASE
QA-900426,C-0041277,SLAB-501277,H-3139,2026-05-06T23:32:00Z,PASS,INCLUSION,RELEASE
QA-900427,C-0041280,SLAB-501280,H-3140,2026-05-05T20:56:00Z,PASS,INCLUSION,DOWNGRADE
QA-900428,C-0041283,SLAB-501283,H-3140,2026-05-07T07:23:00Z,FAIL,SCALE,RELEASE
QA-900429,C-0041286,SLAB-501286,H-3140,2026-05-06T20:59:00Z,FAIL,SCALE,SCRAP
QA-900430,C-0041289,SLAB-501289,H-3140,2026-05-06T15:14:00Z,PASS,ROLLED_IN_SCALE,REWORK
QA-900431,C-0041292,SLAB-501292,H-3141,2026-05-08T05:08:00Z,PASS,INCLUSION,REWORK
QA-900432,C-0041295,SLAB-501295,H-3141,2026-05-06T10:21:00Z,FAIL,INCLUSION,DOWNGRADE
QA-900433,C-0041298,SLAB-501298,H-3141,2026-05-06T15:23:00Z,PASS,ROLLED_IN_SCALE,DOWNGRADE
QA-900434,C-0041301,SLAB-501301,H-3142,2026-05-07T02:37:00Z,PASS,SCALE,REWORK
QA-900435,C-0041304,SLAB-501304,H-3142,2026-05-07T08:51:00Z,PASS,INCLUSION,RELEASE
QA-900436,C-0041307,SLAB-501307,H-3142,2026-05-08T01:01:00Z,PASS,EDGE_CRACK,RELEASE
QA-900437,C-0041310,SLAB-501310,H-3143,2026-05-07T12:20:00Z,PASS,SLIVER,DOWNGRADE
QA-900438,C-0041313,SLAB-501313,H-3143,2026-05-06T12:02:00Z,HOLD,INCLUSION,SCRAP
QA-900439,C-0041316,SLAB-501316,H-3143,2026-05-06T22:03:00Z,PASS,INCLUSION,SCRAP
QA-900440,C-0041319,SLAB-501319,H-3144,2026-05-07T03:41:00Z,PASS,ROLLED_IN_SCALE,RELEASE
QA-900441,C-0041322,SLAB-501322,H-3144,2026-05-06T12:48:00Z,PASS,SCALE,REWORK
QA-900442,C-0041325,SLAB-501325,H-3144,2026-05-06T11:48:00Z,PASS,SCALE,RELEASE
QA-900443,C-0041328,SLAB-501328,H-3144,2026-05-06T14:51:00Z,HOLD,EDGE_CRACK,RELEASE
QA-900444,C-0041331,SLAB-501331,H-3145,2026-05-06T03:41:00Z,FAIL,EDGE_CRACK,RELEASE
QA-900445,C-0041334,SLAB-501334,H-3145,2026-05-07T09:53:00Z,PASS,EDGE_CRACK,SCRAP
QA-900446,C-0041337,SLAB-501337,H-3145,2026-05-07T15:39:00Z,HOLD,SCALE,SCRAP
QA-900447,C-0041340,SLAB-501340,H-3146,2026-05-05T16:07:00Z,PASS,INCLUSION,SCRAP
QA-900448,C-0041343,SLAB-501343,H-3146,2026-05-06T21:41:00Z,PASS,SCALE,REWORK
QA-900449,C-0041346,SLAB-501346,H-3146,2026-05-07T16:08:00Z,PASS,INCLUSION,REWORK
QA-900450,C-0041349,SLAB-501349,H-3146,2026-05-06T12:01:00Z,PASS,SCALE,RELEASE
QA-900451,C-0041352,SLAB-501352,H-3147,2026-05-06T05:08:00Z,HOLD,SCALE,RELEASE
QA-900452,C-0041355,SLAB-501355,H-3147,2026-05-06T19:32:00Z,PASS,INCLUSION,RELEASE
QA-900453,C-0041358,SLAB-501358,H-3148,2026-05-06T12:56:00Z,PASS,INCLUSION,RELEASE
QA-900454,C-0041361,SLAB-501361,H-3148,2026-05-07T18:21:00Z,HOLD,ROLLED_IN_SCALE,RELEASE
QA-900455,C-0041364,SLAB-501364,H-3148,2026-05-06T05:51:00Z,HOLD,EDGE_CRACK,DOWNGRADE
QA-900456,C-0041367,SLAB-501367,H-3148,2026-05-07T20:35:00Z,HOLD,EDGE_CRACK,SCRAP
QA-900457,C-0041370,SLAB-501370,H-3149,2026-05-07T13:50:00Z,PASS,INCLUSION,REWORK
QA-900458,C-0041373,SLAB-501373,H-3149,2026-05-07T03:37:00Z,PASS,SLIVER,RELEASE
QA-900459,C-0041376,SLAB-501376,H-3150,2026-05-06T22:11:00Z,PASS,SCALE,RELEASE
QA-900460,C-0041379,SLAB-501379,H-3150,2026-05-05T17:46:00Z,HOLD,SCALE,REWORK
QA-900461,C-0041382,SLAB-501382,H-3150,2026-05-06T03:59:00Z,PASS,ROLLED_IN_SCALE,RELEASE
QA-900462,C-0041385,SLAB-501385,H-3150,2026-05-06T06:56:00Z,PASS,SCALE,RELEASE
QA-900463,C-0041388,SLAB-501388,H-3151,2026-05-08T07:08:00Z,HOLD,SCALE,REWORK
QA-900464,C-0041391,SLAB-501391,H-3151,2026-05-06T15:44:00Z,PASS,SLIVER,SCRAP
QA-900465,C-0041394,SLAB-501394,H-3151,2026-05-06T10:02:00Z,PASS,INCLUSION,SCRAP
QA-900466,C-0041397,SLAB-501397,H-3152,2026-05-07T22:03:00Z,HOLD,ROLLED_IN_SCALE,REWORK
QA-900467,C-0041400,SLAB-501400,H-3152,2026-05-07T11:59:00Z,FAIL,ROLLED_IN_SCALE,DOWNGRADE
QA-900468,C-0041403,SLAB-501403,H-3152,2026-05-07T07:50:00Z,PASS,SCALE,SCRAP
QA-900469,C-0041406,SLAB-501406,H-3153,2026-05-07T23:10:00Z,PASS,SLIVER,REWORK
QA-900470,C-0041409,SLAB-501409,H-3153,2026-05-07T08:26:00Z,HOLD,ROLLED_IN_SCALE,REWORK
QA-900471,C-0041412,SLAB-501412,H-3153,2026-05-07T13:05:00Z,FAIL,INCLUSION,RELEASE
QA-900472,C-0041415,SLAB-501415,H-3154,2026-05-07T17:41:00Z,PASS,SCALE,REWORK
QA-900473,C-0041418,SLAB-501418,H-3154,2026-05-07T23:33:00Z,FAIL,SCALE,RELEASE
QA-900474,C-0041421,SLAB-501421,H-3154,2026-05-06T12:36:00Z,PASS,ROLLED_IN_SCALE,SCRAP
QA-900475,C-0041424,SLAB-501424,H-3154,2026-05-07T02:40:00Z,HOLD,ROLLED_IN_SCALE,REWORK
QA-900476,C-0041427,SLAB-501427,H-3155,2026-05-07T07:18:00Z,PASS,ROLLED_IN_SCALE,RELEASE
QA-900477,C-0041430,SLAB-501430,H-3155,2026-05-06T20:28:00Z,FAIL,SCALE,RELEASE
QA-900478,C-0041433,SLAB-501433,H-3155,2026-05-07T22:31:00Z,FAIL,INCLUSION,RELEASE
QA-900479,C-0041436,SLAB-501436,H-3156,2026-05-07T07:14:00Z,HOLD,SCALE,DOWNGRADE
QA-900480,C-0041439,SLAB-501439,H-3156,2026-05-06T17:08:00Z,HOLD,SCALE,RELEASE
QA-900481,C-0041442,SLAB-501442,H-3156,2026-05-06T06:57:00Z,PASS,EDGE_CRACK,SCRAP
QA-900482,C-0041445,SLAB-501445,H-3156,2026-05-07T22:22:00Z,PASS,EDGE_CRACK,RELEASE
QA-900483,C-0041448,SLAB-501448,H-3157,2026-05-08T06:42:00Z,PASS,SCALE,SCRAP
QA-900484,C-0041451,SLAB-501451,H-3157,2026-05-08T03:37:00Z,PASS,ROLLED_IN_SCALE,SCRAP
QA-900485,C-0041454,SLAB-501454,H-3157,2026-05-08T02:47:00Z,HOLD,SCALE,SCRAP
QA-900486,C-0041457,SLAB-501457,H-3158,2026-05-08T00:54:00Z,PASS,SCALE,SCRAP
QA-900487,C-0041460,SLAB-501460,H-3158,2026-05-07T09:41:00Z,PASS,SLIVER,RELEASE
QA-900488,C-0041463,SLAB-501463,H-3159,2026-05-07T12:09:00Z,HOLD,EDGE_CRACK,RELEASE
QA-900489,C-0041466,SLAB-501466,H-3159,2026-05-07T01:55:00Z,PASS,SLIVER,RELEASE
QA-900490,C-0041469,SLAB-501469,H-3159,2026-05-07T04:55:00Z,HOLD,EDGE_CRACK,DOWNGRADE
QA-900491,C-0041472,SLAB-501472,H-3160,2026-05-07T08:59:00Z,PASS,SLIVER,RELEASE
QA-900492,C-0041475,SLAB-501475,H-3160,2026-05-07T21:02:00Z,HOLD,EDGE_CRACK,REWORK
QA-900493,C-0041478,SLAB-501478,H-3160,2026-05-07T13:44:00Z,FAIL,INCLUSION,RELEASE
QA-900494,C-0041481,SLAB-501481,H-3161,2026-05-06T20:14:00Z,PASS,EDGE_CRACK,SCRAP
QA-900495,C-0041484,SLAB-501484,H-3161,2026-05-07T08:44:00Z,HOLD,SCALE,RELEASE
QA-900496,C-0041487,SLAB-501487,H-3161,2026-05-08T10:18:00Z,PASS,ROLLED_IN_SCALE,RELEASE
QA-900497,C-0041490,SLAB-501490,H-3162,2026-05-07T22:45:00Z,FAIL,EDGE_CRACK,DOWNGRADE
QA-900498,C-0041493,SLAB-501493,H-3162,2026-05-07T12:27:00Z,PASS,SCALE,REWORK
QA-900499,C-0041496,SLAB-501496,H-3162,2026-05-07T07:26:00Z,FAIL,SCALE,RELEASE
QA-900500,C-0041499,SLAB-501499,H-3163,2026-05-07T19:19:00Z,PASS,EDGE_CRACK,DOWNGRADE
QA-900501,C-0041502,SLAB-501502,H-3163,2026-05-07T11:42:00Z,PASS,ROLLED_IN_SCALE,RELEASE
QA-900502,C-0041505,SLAB-501505,H-3163,2026-05-08T00:01:00Z,FAIL,INCLUSION,RELEASE
QA-900503,C-0041508,SLAB-501508,H-3164,2026-05-06T01:29:00Z,PASS,SLIVER,RELEASE
QA-900504,C-0041511,SLAB-501511,H-3164,2026-05-06T21:40:00Z,PASS,SCALE,RELEASE
QA-900505,C-0041514,SLAB-501514,H-3164,2026-05-07T00:39:00Z,FAIL,ROLLED_IN_SCALE,RELEASE
QA-900506,C-0041517,SLAB-501517,H-3165,2026-05-08T08:21:00Z,FAIL,ROLLED_IN_SCALE,RELEASE
QA-900507,C-0041520,SLAB-501520,H-3165,2026-05-08T00:32:00Z,PASS,SCALE,RELEASE
QA-900508,C-0041523,SLAB-501523,H-3165,2026-05-08T15:20:00Z,PASS,SLIVER,REWORK
QA-900509,C-0041526,SLAB-501526,H-3166,2026-05-07T17:10:00Z,PASS,ROLLED_IN_SCALE,REWORK
QA-900510,C-0041529,SLAB-501529,H-3166,2026-05-08T18:02:00Z,PASS,EDGE_CRACK,SCRAP
QA-900511,C-0041532,SLAB-501532,H-3166,2026-05-08T00:14:00Z,PASS,INCLUSION,DOWNGRADE
QA-900512,C-0041535,SLAB-501535,H-3166,2026-05-08T12:20:00Z,HOLD,SLIVER,RELEASE
QA-900513,C-0041538,SLAB-501538,H-3167,2026-05-06T20:37:00Z,FAIL,ROLLED_IN_SCALE,RELEASE
QA-900514,C-0041541,SLAB-501541,H-3167,2026-05-07T23:02:00Z,FAIL,SCALE,RELEASE
QA-900515,C-0041544,SLAB-501544,H-3167,2026-05-06T23:58:00Z,PASS,EDGE_CRACK,RELEASE
QA-900516,C-0041547,SLAB-501547,H-3168,2026-05-07T11:10:00Z,HOLD,ROLLED_IN_SCALE,RELEASE
QA-900517,C-0041550,SLAB-501550,H-3168,2026-05-06T13:15:00Z,PASS,SCALE,SCRAP
QA-900518,C-0041553,SLAB-501553,H-3168,2026-05-07T22:06:00Z,HOLD,SLIVER,REWORK
QA-900519,C-0041556,SLAB-501556,H-3169,2026-05-08T11:02:00Z,PASS,ROLLED_IN_SCALE,RELEASE
QA-900520,C-0041559,SLAB-501559,H-3169,2026-05-07T08:08:00Z,PASS,SLIVER,REWORK
QA-900521,C-0041562,SLAB-501562,H-3169,2026-05-08T07:06:00Z,PASS,INCLUSION,RELEASE
QA-900522,C-0041565,SLAB-501565,H-3169,2026-05-08T13:06:00Z,FAIL,EDGE_CRACK,RELEASE
QA-900523,C-0041568,SLAB-501568,H-3170,2026-05-07T12:51:00Z,PASS,INCLUSION,REWORK
QA-900524,C-0041571,SLAB-501571,H-3170,2026-05-08T00:02:00Z,FAIL,INCLUSION,REWORK
QA-900525,C-0041574,SLAB-501574,H-3170,2026-05-07T12:06:00Z,FAIL,SCALE,SCRAP
QA-900526,C-0041577,SLAB-501577,H-3171,2026-05-07T01:05:00Z,FAIL,SCALE,DOWNGRADE
QA-900527,C-0041580,SLAB-501580,H-3171,2026-05-07T14:41:00Z,HOLD,SCALE,RELEASE
QA-900528,C-0041583,SLAB-501583,H-3171,2026-05-07T20:29:00Z,PASS,INCLUSION,RELEASE
QA-900529,C-0041586,SLAB-501586,H-3171,2026-05-07T11:15:00Z,FAIL,ROLLED_IN_SCALE,REWORK
QA-900530,C-0041589,SLAB-501589,H-3172,2026-05-07T09:07:00Z,FAIL,INCLUSION,DOWNGRADE
QA-900531,C-0041592,SLAB-501592,H-3172,2026-05-07T09:08:00Z,FAIL,ROLLED_IN_SCALE,SCRAP
QA-900532,C-0041595,SLAB-501595,H-3173,2026-05-07T02:59:00Z,PASS,SCALE,RELEASE
QA-900533,C-0041598,SLAB-501598,H-3173,2026-05-08T04:09:00Z,PASS,EDGE_CRACK,RELEASE
QA-900534,C-0041601,SLAB-501601,H-3173,2026-05-06T11:25:00Z,FAIL,EDGE_CRACK,RELEASE
QA-900535,C-0041604,SLAB-501604,H-3174,2026-05-08T08:45:00Z,FAIL,INCLUSION,SCRAP
QA-900536,C-0041607,SLAB-501607,H-3174,2026-05-07T10:37:00Z,PASS,EDGE_CRACK,REWORK
QA-900537,C-0041610,SLAB-501610,H-3174,2026-05-08T19:23:00Z,PASS,ROLLED_IN_SCALE,DOWNGRADE
QA-900538,C-0041613,SLAB-501613,H-3175,2026-05-06T17:55:00Z,HOLD,ROLLED_IN_SCALE,RELEASE
QA-900539,C-0041616,SLAB-501616,H-3175,2026-05-07T23:52:00Z,HOLD,SLIVER,RELEASE
QA-900540,C-0041619,SLAB-501619,H-3175,2026-05-07T20:00:00Z,FAIL,SLIVER,DOWNGRADE
QA-900541,C-0041622,SLAB-501622,H-3176,2026-05-07T07:49:00Z,PASS,SLIVER,RELEASE
QA-900542,C-0041625,SLAB-501625,H-3176,2026-05-08T09:34:00Z,PASS,INCLUSION,RELEASE
QA-900543,C-0041628,SLAB-501628,H-3176,2026-05-08T11:50:00Z,PASS,SCALE,REWORK
QA-900544,C-0041631,SLAB-501631,H-3176,2026-05-08T20:32:00Z,PASS,SCALE,DOWNGRADE
QA-900545,C-0041634,SLAB-501634,H-3177,2026-05-08T11:50:00Z,FAIL,ROLLED_IN_SCALE,RELEASE
QA-900546,C-0041637,SLAB-501637,H-3177,2026-05-07T09:32:00Z,HOLD,EDGE_CRACK,RELEASE
QA-900547,C-0041640,SLAB-501640,H-3178,2026-05-08T20:01:00Z,FAIL,SCALE,REWORK
QA-900548,C-0041643,SLAB-501643,H-3178,2026-05-08T04:59:00Z,PASS,INCLUSION,REWORK
QA-900549,C-0041646,SLAB-501646,H-3178,2026-05-08T01:06:00Z,FAIL,SLIVER,RELEASE
QA-900550,C-0041649,SLAB-501649,H-3179,2026-05-08T10:24:00Z,PASS,INCLUSION,DOWNGRADE
QA-900551,C-0041652,SLAB-501652,H-3179,2026-05-07T22:25:00Z,HOLD,EDGE_CRACK,REWORK
QA-900552,C-0041655,SLAB-501655,H-3179,2026-05-07T09:07:00Z,PASS,SCALE,DOWNGRADE
QA-900553,C-0041658,SLAB-501658,H-3180,2026-05-08T12:39:00Z,PASS,SCALE,SCRAP
QA-900554,C-0041661,SLAB-501661,H-3180,2026-05-08T10:31:00Z,FAIL,SLIVER,DOWNGRADE
QA-900555,C-0041664,SLAB-501664,H-3180,2026-05-08T01:24:00Z,HOLD,INCLUSION,SCRAP
QA-900556,C-0041667,SLAB-501667,H-3181,2026-05-08T07:17:00Z,PASS,SCALE,RELEASE
QA-900557,C-0041670,SLAB-501670,H-3181,2026-05-06T21:30:00Z,PASS,EDGE_CRACK,RELEASE
QA-900558,C-0041673,SLAB-501673,H-3181,2026-05-08T10:33:00Z,FAIL,INCLUSION,DOWNGRADE
QA-900559,C-0041676,SLAB-501676,H-3182,2026-05-07T23:54:00Z,PASS,SLIVER,SCRAP
QA-900560,C-0041679,SLAB-501679,H-3182,2026-05-07T22:38:00Z,FAIL,EDGE_CRACK,RELEASE
QA-900561,C-0041682,SLAB-501682,H-3182,2026-05-07T19:51:00Z,PASS,EDGE_CRACK,DOWNGRADE
QA-900562,C-0041685,SLAB-501685,H-3183,2026-05-08T03:39:00Z,PASS,SCALE,RELEASE
QA-900563,C-0041688,SLAB-501688,H-3183,2026-05-08T09:52:00Z,FAIL,INCLUSION,REWORK
QA-900564,C-0041691,SLAB-501691,H-3183,2026-05-08T19:54:00Z,PASS,ROLLED_IN_SCALE,REWORK
QA-900565,C-0041694,SLAB-501694,H-3184,2026-05-07T07:12:00Z,FAIL,INCLUSION,RELEASE
QA-900566,C-0041697,SLAB-501697,H-3184,2026-05-08T06:21:00Z,FAIL,EDGE_CRACK,REWORK
QA-900567,C-0041700,SLAB-501700,H-3185,2026-05-09T08:20:00Z,FAIL,EDGE_CRACK,RELEASE
QA-900568,C-0041703,SLAB-501703,H-3185,2026-05-08T04:16:00Z,PASS,INCLUSION,REWORK
QA-900569,C-0041706,SLAB-501706,H-3185,2026-05-08T08:22:00Z,PASS,EDGE_CRACK,DOWNGRADE
QA-900570,C-0041709,SLAB-501709,H-3185,2026-05-07T17:58:00Z,PASS,EDGE_CRACK,DOWNGRADE
QA-900571,C-0041712,SLAB-501712,H-3186,2026-05-08T20:41:00Z,PASS,EDGE_CRACK,REWORK
QA-900572,C-0041715,SLAB-501715,H-3186,2026-05-08T21:43:00Z,PASS,ROLLED_IN_SCALE,RELEASE
QA-900573,C-0041718,SLAB-501718,H-3186,2026-05-08T16:41:00Z,FAIL,ROLLED_IN_SCALE,REWORK
QA-900574,C-0041721,SLAB-501721,H-3187,2026-05-06T22:19:00Z,PASS,SLIVER,RELEASE
QA-900575,C-0041724,SLAB-501724,H-3187,2026-05-09T03:29:00Z,FAIL,ROLLED_IN_SCALE,REWORK
QA-900576,C-0041727,SLAB-501727,H-3187,2026-05-07T06:51:00Z,PASS,SCALE,REWORK
QA-900577,C-0041730,SLAB-501730,H-3188,2026-05-07T15:50:00Z,FAIL,SLIVER,RELEASE
QA-900578,C-0041733,SLAB-501733,H-3188,2026-05-08T17:58:00Z,HOLD,SCALE,RELEASE
QA-900579,C-0041736,SLAB-501736,H-3188,2026-05-08T09:09:00Z,PASS,EDGE_CRACK,RELEASE
QA-900580,C-0041739,SLAB-501739,H-3189,2026-05-07T12:35:00Z,PASS,SCALE,SCRAP
QA-900581,C-0041742,SLAB-501742,H-3189,2026-05-08T12:32:00Z,PASS,ROLLED_IN_SCALE,DOWNGRADE
QA-900582,C-0041745,SLAB-501745,H-3189,2026-05-08T12:26:00Z,FAIL,ROLLED_IN_SCALE,DOWNGRADE
QA-900583,C-0041748,SLAB-501748,H-3190,2026-05-08T13:25:00Z,FAIL,INCLUSION,REWORK
QA-900584,C-0041751,SLAB-501751,H-3190,2026-05-08T07:47:00Z,HOLD,INCLUSION,RELEASE
QA-900585,C-0041754,SLAB-501754,H-3190,2026-05-09T00:46:00Z,PASS,SLIVER,RELEASE
QA-900586,C-0041757,SLAB-501757,H-3191,2026-05-09T01:30:00Z,PASS,EDGE_CRACK,RELEASE
QA-900587,C-0041760,SLAB-501760,H-3191,2026-05-09T08:10:00Z,FAIL,EDGE_CRACK,DOWNGRADE
QA-900588,C-0041763,SLAB-501763,H-3191,2026-05-07T22:44:00Z,HOLD,SCALE,DOWNGRADE
QA-900589,C-0041766,SLAB-501766,H-3192,2026-05-07T23:35:00Z,HOLD,EDGE_CRACK,RELEASE
QA-900590,C-0041769,SLAB-501769,H-3192,2026-05-09T09:42:00Z,FAIL,EDGE_CRACK,SCRAP
QA-900591,C-0041772,SLAB-501772,H-3192,2026-05-07T22:01:00Z,HOLD,INCLUSION,DOWNGRADE
QA-900592,C-0041775,SLAB-501775,H-3193,2026-05-08T12:46:00Z,PASS,SCALE,DOWNGRADE
QA-900593,C-0041778,SLAB-501778,H-3193,2026-05-08T09:43:00Z,HOLD,INCLUSION,SCRAP
QA-900594,C-0041781,SLAB-501781,H-3193,2026-05-09T13:22:00Z,FAIL,SCALE,REWORK
QA-900595,C-0041784,SLAB-501784,H-3194,2026-05-08T17:09:00Z,FAIL,EDGE_CRACK,DOWNGRADE
QA-900596,C-0041787,SLAB-501787,H-3194,2026-05-09T08:14:00Z,PASS,ROLLED_IN_SCALE,RELEASE
QA-900597,C-0041790,SLAB-501790,H-3194,2026-05-07T18:36:00Z,FAIL,EDGE_CRACK,DOWNGRADE
QA-900598,C-0041793,SLAB-501793,H-3195,2026-05-08T18:06:00Z,PASS,EDGE_CRACK,RELEASE
QA-900599,C-0041796,SLAB-501796,H-3195,2026-05-08T15:02:00Z,PASS,ROLLED_IN_SCALE,REWORK
QA-900600,C-0041799,SLAB-501799,H-3195,2026-05-08T20:50:00Z,PASS,INCLUSION,SCRAP
QA-900601,C-0041802,SLAB-501802,H-3195,2026-05-07T07:11:00Z,PASS,SCALE,RELEASE
QA-900602,C-0041805,SLAB-501805,H-3196,2026-05-07T08:49:00Z,PASS,INCLUSION,RELEASE
QA-900603,C-0041808,SLAB-501808,H-3196,2026-05-08T19:24:00Z,HOLD,ROLLED_IN_SCALE,DOWNGRADE
QA-900604,C-0041811,SLAB-501811,H-3196,2026-05-08T11:24:00Z,PASS,SCALE,RELEASE
QA-900605,C-0041814,SLAB-501814,H-3197,2026-05-07T13:02:00Z,PASS,SLIVER,RELEASE
QA-900606,C-0041817,SLAB-501817,H-3197,2026-05-09T02:29:00Z,HOLD,SLIVER,SCRAP
QA-900607,C-0041820,SLAB-501820,H-3197,2026-05-09T06:20:00Z,PASS,INCLUSION,SCRAP
QA-900608,C-0041823,SLAB-501823,H-3198,2026-05-08T04:17:00Z,HOLD,SLIVER,REWORK
QA-900609,C-0041826,SLAB-501826,H-3198,2026-05-07T09:44:00Z,HOLD,SLIVER,RELEASE
QA-900610,C-0041829,SLAB-501829,H-3198,2026-05-08T23:04:00Z,FAIL,ROLLED_IN_SCALE,RELEASE
QA-900611,C-0041832,SLAB-501832,H-3199,2026-05-09T01:10:00Z,FAIL,INCLUSION,RELEASE
QA-900612,C-0041835,SLAB-501835,H-3199,2026-05-08T21:24:00Z,PASS,SLIVER,REWORK
QA-900613,C-0041838,SLAB-501838,H-3199,2026-05-08T21:14:00Z,PASS,SLIVER,REWORK
QA-900614,C-0041841,SLAB-501841,H-3200,2026-05-09T11:59:00Z,HOLD,INCLUSION,RELEASE
QA-900615,C-0041844,SLAB-501844,H-3200,2026-05-07T18:53:00Z,FAIL,SLIVER,REWORK
QA-900616,C-0041847,SLAB-501847,H-3200,2026-05-08T19:19:00Z,FAIL,EDGE_CRACK,RELEASE
QA-900617,C-0041850,SLAB-501850,H-3201,2026-05-07T12:23:00Z,PASS,EDGE_CRACK,RELEASE
QA-900618,C-0041853,SLAB-501853,H-3201,2026-05-07T20:17:00Z,PASS,INCLUSION,SCRAP
QA-900619,C-0041856,SLAB-501856,H-3201,2026-05-09T11:55:00Z,HOLD,ROLLED_IN_SCALE,SCRAP
QA-900620,C-0041859,SLAB-501859,H-3201,2026-05-09T01:55:00Z,PASS,INCLUSION,RELEASE
QA-900621,C-0041862,SLAB-501862,H-3202,2026-05-07T19:29:00Z,PASS,INCLUSION,REWORK
QA-900622,C-0041865,SLAB-501865,H-3202,2026-05-08T10:43:00Z,HOLD,INCLUSION,REWORK
QA-900623,C-0041868,SLAB-501868,H-3203,2026-05-07T15:11:00Z,PASS,EDGE_CRACK,SCRAP
QA-900624,C-0041871,SLAB-501871,H-3203,2026-05-08T13:54:00Z,PASS,SCALE,DOWNGRADE
QA-900625,C-0041874,SLAB-501874,H-3203,2026-05-08T10:07:00Z,HOLD,SCALE,SCRAP
QA-900626,C-0041877,SLAB-501877,H-3203,2026-05-09T04:24:00Z,HOLD,EDGE_CRACK,SCRAP
QA-900627,C-0041880,SLAB-501880,H-3204,2026-05-08T20:44:00Z,FAIL,INCLUSION,SCRAP
QA-900628,C-0041883,SLAB-501883,H-3204,2026-05-07T10:55:00Z,PASS,SCALE,DOWNGRADE
QA-900629,C-0041886,SLAB-501886,H-3204,2026-05-08T16:09:00Z,HOLD,SCALE,REWORK
QA-900630,C-0041889,SLAB-501889,H-3205,2026-05-09T12:15:00Z,FAIL,SCALE,RELEASE
QA-900631,C-0041892,SLAB-501892,H-3205,2026-05-09T01:13:00Z,PASS,ROLLED_IN_SCALE,DOWNGRADE
QA-900632,C-0041895,SLAB-501895,H-3205,2026-05-09T15:09:00Z,HOLD,SLIVER,DOWNGRADE
QA-900633,C-0041898,SLAB-501898,H-3205,2026-05-09T09:49:00Z,PASS,ROLLED_IN_SCALE,SCRAP
QA-900634,C-0041901,SLAB-501901,H-3206,2026-05-08T14:06:00Z,HOLD,EDGE_CRACK,DOWNGRADE
QA-900635,C-0041904,SLAB-501904,H-3206,2026-05-10T00:18:00Z,PASS,EDGE_CRACK,SCRAP
QA-900636,C-0041907,SLAB-501907,H-3207,2026-05-09T10:35:00Z,PASS,EDGE_CRACK,RELEASE
QA-900637,C-0041910,SLAB-501910,H-3207,2026-05-08T22:24:00Z,PASS,EDGE_CRACK,RELEASE
QA-900638,C-0041913,SLAB-501913,H-3207,2026-05-07T18:07:00Z,PASS,ROLLED_IN_SCALE,SCRAP
QA-900639,C-0041916,SLAB-501916,H-3208,2026-05-07T21:26:00Z,FAIL,SCALE,REWORK
QA-900640,C-0041919,SLAB-501919,H-3208,2026-05-07T16:47:00Z,PASS,EDGE_CRACK,RELEASE
QA-900641,C-0041922,SLAB-501922,H-3208,2026-05-09T07:34:00Z,HOLD,ROLLED_IN_SCALE,RELEASE
QA-900642,C-0041925,SLAB-501925,H-3208,2026-05-08T11:27:00Z,PASS,SLIVER,RELEASE
QA-900643,C-0041928,SLAB-501928,H-3209,2026-05-08T16:14:00Z,PASS,EDGE_CRACK,REWORK
QA-900644,C-0041931,SLAB-501931,H-3209,2026-05-08T22:31:00Z,PASS,ROLLED_IN_SCALE,RELEASE
QA-900645,C-0041934,SLAB-501934,H-3209,2026-05-08T00:17:00Z,PASS,SLIVER,RELEASE
QA-900646,C-0041937,SLAB-501937,H-3210,2026-05-08T15:48:00Z,PASS,EDGE_CRACK,DOWNGRADE
QA-900647,C-0041940,SLAB-501940,H-3210,2026-05-08T00:11:00Z,PASS,ROLLED_IN_SCALE,SCRAP
QA-900648,C-0041943,SLAB-501943,H-3210,2026-05-08T00:11:00Z,PASS,SLIVER,REWORK
QA-900649,C-0041946,SLAB-501946,H-3210,2026-05-09T10:07:00Z,PASS,SCALE,SCRAP
QA-900650,C-0041949,SLAB-501949,H-3211,2026-05-07T20:19:00Z,PASS,EDGE_CRACK,RELEASE
QA-900651,C-0041952,SLAB-501952,H-3211,2026-05-09T09:27:00Z,PASS,ROLLED_IN_SCALE,DOWNGRADE
QA-900652,C-0041955,SLAB-501955,H-3211,2026-05-09T17:24:00Z,HOLD,EDGE_CRACK,DOWNGRADE
QA-900653,C-0041958,SLAB-501958,H-3212,2026-05-10T05:38:00Z,PASS,SLIVER,RELEASE
QA-900654,C-0041961,SLAB-501961,H-3212,2026-05-08T16:07:00Z,PASS,INCLUSION,RELEASE
QA-900655,C-0041964,SLAB-501964,H-3212,2026-05-08T06:34:00Z,PASS,INCLUSION,RELEASE
QA-900656,C-0041967,SLAB-501967,H-3213,2026-05-09T20:02:00Z,PASS,SCALE,SCRAP
QA-900657,C-0041970,SLAB-501970,H-3213,2026-05-07T19:21:00Z,FAIL,SCALE,SCRAP
QA-900658,C-0041973,SLAB-501973,H-3213,2026-05-09T00:48:00Z,PASS,INCLUSION,DOWNGRADE
QA-900659,C-0041976,SLAB-501976,H-3214,2026-05-09T14:22:00Z,PASS,INCLUSION,RELEASE
QA-900660,C-0041979,SLAB-501979,H-3214,2026-05-08T15:41:00Z,PASS,ROLLED_IN_SCALE,DOWNGRADE
QA-900661,C-0041982,SLAB-501982,H-3214,2026-05-08T22:04:00Z,FAIL,SLIVER,RELEASE
QA-900662,C-0041985,SLAB-501985,H-3215,2026-05-09T04:53:00Z,PASS,SCALE,RELEASE
QA-900663,C-0041988,SLAB-501988,H-3215,2026-05-08T03:39:00Z,PASS,EDGE_CRACK,REWORK
QA-900664,C-0041991,SLAB-501991,H-3216,2026-05-09T07:02:00Z,FAIL,INCLUSION,RELEASE
QA-900665,C-0041994,SLAB-501994,H-3216,2026-05-10T03:03:00Z,HOLD,ROLLED_IN_SCALE,RELEASE
QA-900666,C-0041997,SLAB-501997,H-3216,2026-05-09T16:18:00Z,HOLD,INCLUSION,DOWNGRADE
QA-900667,C-0042000,SLAB-502000,H-3216,2026-05-09T02:59:00Z,PASS,SLIVER,RELEASE
QA-900668,C-0042003,SLAB-502003,H-3217,2026-05-09T08:59:00Z,HOLD,SCALE,RELEASE
QA-900669,C-0042006,SLAB-502006,H-3217,2026-05-08T12:41:00Z,PASS,SLIVER,DOWNGRADE
QA-900670,C-0042009,SLAB-502009,H-3217,2026-05-09T16:39:00Z,PASS,EDGE_CRACK,RELEASE
QA-900671,C-0042012,SLAB-502012,H-3217,2026-05-08T17:07:00Z,HOLD,EDGE_CRACK,RELEASE
QA-900672,C-0042015,SLAB-502015,H-3218,2026-05-09T21:16:00Z,FAIL,INCLUSION,RELEASE
QA-900673,C-0042018,SLAB-502018,H-3218,2026-05-09T19:44:00Z,PASS,SLIVER,RELEASE
QA-900674,C-0042021,SLAB-502021,H-3218,2026-05-10T01:36:00Z,PASS,EDGE_CRACK,RELEASE
QA-900675,C-0042024,SLAB-502024,H-3219,2026-05-09T15:13:00Z,HOLD,EDGE_CRACK,SCRAP
QA-900676,C-0042027,SLAB-502027,H-3219,2026-05-08T01:29:00Z,PASS,INCLUSION,SCRAP
QA-900677,C-0042030,SLAB-502030,H-3219,2026-05-09T22:19:00Z,PASS,EDGE_CRACK,RELEASE
QA-900678,C-0042033,SLAB-502033,H-3220,2026-05-08T21:08:00Z,FAIL,ROLLED_IN_SCALE,RELEASE
QA-900679,C-0042036,SLAB-502036,H-3220,2026-05-08T08:41:00Z,FAIL,EDGE_CRACK,REWORK
QA-900680,C-0042039,SLAB-502039,H-3221,2026-05-09T04:30:00Z,PASS,EDGE_CRACK,RELEASE
QA-900681,C-0042042,SLAB-502042,H-3221,2026-05-08T02:34:00Z,PASS,INCLUSION,RELEASE
QA-900682,C-0042045,SLAB-502045,H-3221,2026-05-09T13:50:00Z,PASS,SCALE,RELEASE
QA-900683,C-0042048,SLAB-502048,H-3221,2026-05-09T15:57:00Z,PASS,INCLUSION,SCRAP
QA-900684,C-0042051,SLAB-502051,H-3222,2026-05-09T02:41:00Z,PASS,SCALE,DOWNGRADE
QA-900685,C-0042054,SLAB-502054,H-3222,2026-05-08T16:22:00Z,PASS,EDGE_CRACK,RELEASE
QA-900686,C-0042057,SLAB-502057,H-3222,2026-05-08T12:38:00Z,PASS,INCLUSION,REWORK
QA-900687,C-0042060,SLAB-502060,H-3223,2026-05-08T15:57:00Z,FAIL,SCALE,RELEASE
QA-900688,C-0042063,SLAB-502063,H-3223,2026-05-10T06:18:00Z,PASS,SLIVER,DOWNGRADE
QA-900689,C-0042066,SLAB-502066,H-3223,2026-05-08T08:03:00Z,PASS,EDGE_CRACK,RELEASE
QA-900690,C-0042069,SLAB-502069,H-3224,2026-05-09T12:46:00Z,PASS,INCLUSION,SCRAP
QA-900691,C-0042072,SLAB-502072,H-3224,2026-05-08T14:28:00Z,PASS,EDGE_CRACK,SCRAP
QA-900692,C-0042075,SLAB-502075,H-3224,2026-05-09T01:44:00Z,PASS,SCALE,RELEASE
QA-900693,C-0042078,SLAB-502078,H-3225,2026-05-08T20:07:00Z,PASS,SLIVER,DOWNGRADE
QA-900694,C-0042081,SLAB-502081,H-3225,2026-05-10T07:03:00Z,PASS,SLIVER,SCRAP
QA-900695,C-0042084,SLAB-502084,H-3225,2026-05-08T16:55:00Z,HOLD,INCLUSION,SCRAP
QA-900696,C-0042087,SLAB-502087,H-3225,2026-05-09T03:05:00Z,PASS,INCLUSION,RELEASE
QA-900697,C-0042090,SLAB-502090,H-3226,2026-05-09T07:25:00Z,PASS,INCLUSION,DOWNGRADE
QA-900698,C-0042093,SLAB-502093,H-3226,2026-05-09T17:20:00Z,PASS,ROLLED_IN_SCALE,DOWNGRADE
QA-900699,C-0042096,SLAB-502096,H-3227,2026-05-09T11:26:00Z,PASS,EDGE_CRACK,RELEASE
QA-900700,C-0042099,SLAB-502099,H-3227,2026-05-08T10:31:00Z,PASS,INCLUSION,DOWNGRADE
QA-900701,C-0042102,SLAB-502102,H-3227,2026-05-09T09:38:00Z,FAIL,INCLUSION,RELEASE
QA-900702,C-0042105,SLAB-502105,H-3228,2026-05-09T09:14:00Z,FAIL,INCLUSION,DOWNGRADE
QA-900703,C-0042108,SLAB-502108,H-3228,2026-05-10T08:14:00Z,PASS,SCALE,SCRAP
QA-900704,C-0042111,SLAB-502111,H-3228,2026-05-09T23:06:00Z,FAIL,ROLLED_IN_SCALE,SCRAP
QA-900705,C-0042114,SLAB-502114,H-3229,2026-05-09T02:15:00Z,FAIL,SLIVER,RELEASE
QA-900706,C-0042117,SLAB-502117,H-3229,2026-05-09T21:57:00Z,PASS,SLIVER,RELEASE
QA-900707,C-0042120,SLAB-502120,H-3229,2026-05-09T02:54:00Z,PASS,SLIVER,SCRAP
QA-900708,C-0042123,SLAB-502123,H-3230,2026-05-09T13:35:00Z,FAIL,SCALE,SCRAP
QA-900709,C-0042126,SLAB-502126,H-3230,2026-05-09T18:56:00Z,FAIL,ROLLED_IN_SCALE,RELEASE
QA-900710,C-0042129,SLAB-502129,H-3230,2026-05-10T08:02:00Z,FAIL,SCALE,RELEASE
QA-900711,C-0042132,SLAB-502132,H-3231,2026-05-10T02:28:00Z,FAIL,SLIVER,RELEASE
QA-900712,C-0042135,SLAB-502135,H-3231,2026-05-09T22:26:00Z,FAIL,ROLLED_IN_SCALE,RELEASE
QA-900713,C-0042138,SLAB-502138,H-3231,2026-05-10T13:38:00Z,FAIL,ROLLED_IN_SCALE,SCRAP
QA-900714,C-0042141,SLAB-502141,H-3232,2026-05-09T13:43:00Z,PASS,ROLLED_IN_SCALE,REWORK
QA-900715,C-0042144,SLAB-502144,H-3232,2026-05-10T11:50:00Z,FAIL,INCLUSION,REWORK
QA-900716,C-0042147,SLAB-502147,H-3232,2026-05-10T01:50:00Z,PASS,EDGE_CRACK,RELEASE
QA-900717,C-0042150,SLAB-502150,H-3233,2026-05-08T12:59:00Z,HOLD,ROLLED_IN_SCALE,DOWNGRADE
QA-900718,C-0042153,SLAB-502153,H-3233,2026-05-09T05:17:00Z,PASS,SLIVER,DOWNGRADE
QA-900719,C-0042156,SLAB-502156,H-3234,2026-05-09T02:30:00Z,FAIL,EDGE_CRACK,DOWNGRADE
QA-900720,C-0042159,SLAB-502159,H-3234,2026-05-10T04:33:00Z,HOLD,INCLUSION,DOWNGRADE
QA-900721,C-0042162,SLAB-502162,H-3234,2026-05-10T17:18:00Z,FAIL,INCLUSION,RELEASE
QA-900722,C-0042165,SLAB-502165,H-3234,2026-05-09T12:08:00Z,PASS,INCLUSION,RELEASE
QA-900723,C-0042168,SLAB-502168,H-3235,2026-05-10T22:06:00Z,PASS,ROLLED_IN_SCALE,REWORK
QA-900724,C-0042171,SLAB-502171,H-3235,2026-05-10T17:23:00Z,HOLD,EDGE_CRACK,RELEASE
QA-900725,C-0042174,SLAB-502174,H-3236,2026-05-09T13:33:00Z,PASS,SCALE,RELEASE
QA-900726,C-0042177,SLAB-502177,H-3236,2026-05-08T19:29:00Z,FAIL,SLIVER,SCRAP
QA-900727,C-0042180,SLAB-502180,H-3236,2026-05-09T09:49:00Z,PASS,EDGE_CRACK,RELEASE
QA-900728,C-0042183,SLAB-502183,H-3236,2026-05-08T05:42:00Z,PASS,SLIVER,DOWNGRADE
QA-900729,C-0042186,SLAB-502186,H-3237,2026-05-10T15:28:00Z,HOLD,SCALE,SCRAP
QA-900730,C-0042189,SLAB-502189,H-3237,2026-05-09T09:17:00Z,HOLD,SLIVER,RELEASE
QA-900731,C-0042192,SLAB-502192,H-3238,2026-05-10T03:16:00Z,HOLD,INCLUSION,REWORK
QA-900732,C-0042195,SLAB-502195,H-3238,2026-05-08T09:07:00Z,FAIL,INCLUSION,DOWNGRADE
QA-900733,C-0042198,SLAB-502198,H-3238,2026-05-09T11:07:00Z,HOLD,SLIVER,SCRAP
QA-900734,C-0042201,SLAB-502201,H-3239,2026-05-09T08:10:00Z,PASS,EDGE_CRACK,RELEASE
QA-900735,C-0042204,SLAB-502204,H-3239,2026-05-10T01:20:00Z,PASS,SCALE,DOWNGRADE
QA-900736,C-0042207,SLAB-502207,H-3239,2026-05-10T01:06:00Z,PASS,EDGE_CRACK,RELEASE
QA-900737,C-0042210,SLAB-502210,H-3240,2026-05-08T23:30:00Z,FAIL,EDGE_CRACK,DOWNGRADE
QA-900738,C-0042213,SLAB-502213,H-3240,2026-05-10T05:35:00Z,FAIL,SLIVER,DOWNGRADE
QA-900739,C-0042216,SLAB-502216,H-3240,2026-05-09T17:24:00Z,PASS,EDGE_CRACK,DOWNGRADE
QA-900740,C-0042219,SLAB-502219,H-3240,2026-05-09T18:48:00Z,PASS,ROLLED_IN_SCALE,SCRAP
QA-900741,C-0042222,SLAB-502222,H-3241,2026-05-09T16:16:00Z,PASS,ROLLED_IN_SCALE,RELEASE
QA-900742,C-0042225,SLAB-502225,H-3241,2026-05-10T12:17:00Z,PASS,SLIVER,RELEASE
QA-900743,C-0042228,SLAB-502228,H-3241,2026-05-10T06:12:00Z,HOLD,EDGE_CRACK,SCRAP
QA-900744,C-0042231,SLAB-502231,H-3242,2026-05-09T03:56:00Z,PASS,SLIVER,REWORK
QA-900745,C-0042234,SLAB-502234,H-3242,2026-05-09T19:59:00Z,PASS,ROLLED_IN_SCALE,REWORK
QA-900746,C-0042237,SLAB-502237,H-3242,2026-05-10T09:11:00Z,HOLD,ROLLED_IN_SCALE,DOWNGRADE
QA-900747,C-0042240,SLAB-502240,H-3243,2026-05-08T22:52:00Z,PASS,SLIVER,REWORK
QA-900748,C-0042243,SLAB-502243,H-3243,2026-05-10T09:54:00Z,PASS,ROLLED_IN_SCALE,SCRAP
QA-900749,C-0042246,SLAB-502246,H-3244,2026-05-09T19:21:00Z,PASS,SLIVER,SCRAP
QA-900750,C-0042249,SLAB-502249,H-3244,2026-05-10T02:14:00Z,PASS,EDGE_CRACK,REWORK
QA-900751,C-0042252,SLAB-502252,H-3245,2026-05-10T17:46:00Z,HOLD,SLIVER,RELEASE
QA-900752,C-0042255,SLAB-502255,H-3245,2026-05-09T16:46:00Z,HOLD,SLIVER,REWORK
QA-900753,C-0042258,SLAB-502258,H-3245,2026-05-10T12:31:00Z,HOLD,SCALE,SCRAP
QA-900754,C-0042261,SLAB-502261,H-3246,2026-05-10T18:32:00Z,PASS,SCALE,REWORK
QA-900755,C-0042264,SLAB-502264,H-3246,2026-05-10T00:57:00Z,PASS,EDGE_CRACK,DOWNGRADE
QA-900756,C-0042267,SLAB-502267,H-3246,2026-05-09T21:53:00Z,HOLD,ROLLED_IN_SCALE,REWORK
QA-900757,C-0042270,SLAB-502270,H-3247,2026-05-08T15:02:00Z,FAIL,ROLLED_IN_SCALE,RELEASE
QA-900758,C-0042273,SLAB-502273,H-3247,2026-05-11T06:19:00Z,FAIL,EDGE_CRACK,RELEASE
QA-900759,C-0042276,SLAB-502276,H-3247,2026-05-08T14:59:00Z,PASS,SLIVER,RELEASE
QA-900760,C-0042279,SLAB-502279,H-3247,2026-05-10T04:12:00Z,HOLD,EDGE_CRACK,RELEASE
QA-900761,C-0042282,SLAB-502282,H-3248,2026-05-09T21:19:00Z,HOLD,INCLUSION,DOWNGRADE
QA-900762,C-0042285,SLAB-502285,H-3248,2026-05-09T10:05:00Z,PASS,SCALE,DOWNGRADE
QA-900763,C-0042288,SLAB-502288,H-3248,2026-05-10T03:20:00Z,HOLD,EDGE_CRACK,REWORK
QA-900764,C-0042291,SLAB-502291,H-3248,2026-05-10T09:11:00Z,FAIL,SLIVER,SCRAP
QA-900765,C-0042294,SLAB-502294,H-3249,2026-05-08T19:36:00Z,PASS,SLIVER,SCRAP
QA-900766,C-0042297,SLAB-502297,H-3249,2026-05-09T12:41:00Z,PASS,SLIVER,RELEASE
QA-900767,C-0042300,SLAB-502300,H-3249,2026-05-09T03:56:00Z,FAIL,ROLLED_IN_SCALE,REWORK
QA-900768,C-0042303,SLAB-502303,H-3250,2026-05-10T01:22:00Z,PASS,ROLLED_IN_SCALE,REWORK
QA-900769,C-0042306,SLAB-502306,H-3250,2026-05-10T01:54:00Z,PASS,SCALE,REWORK
QA-900770,C-0042309,SLAB-502309,H-3250,2026-05-10T04:55:00Z,HOLD,SCALE,REWORK
QA-900771,C-0042312,SLAB-502312,H-3250,2026-05-09T15:40:00Z,PASS,INCLUSION,RELEASE
QA-900772,C-0042315,SLAB-502315,H-3251,2026-05-09T03:58:00Z,HOLD,SCALE,SCRAP
QA-900773,C-0042318,SLAB-502318,H-3251,2026-05-11T03:06:00Z,FAIL,ROLLED_IN_SCALE,RELEASE
QA-900774,C-0042321,SLAB-502321,H-3252,2026-05-11T03:32:00Z,PASS,SCALE,DOWNGRADE
QA-900775,C-0042324,SLAB-502324,H-3252,2026-05-09T18:51:00Z,PASS,EDGE_CRACK,REWORK
QA-900776,C-0042327,SLAB-502327,H-3253,2026-05-09T11:38:00Z,PASS,ROLLED_IN_SCALE,REWORK
QA-900777,C-0042330,SLAB-502330,H-3253,2026-05-08T22:21:00Z,HOLD,INCLUSION,RELEASE
QA-900778,C-0042333,SLAB-502333,H-3253,2026-05-10T05:37:00Z,FAIL,ROLLED_IN_SCALE,REWORK
QA-900779,C-0042336,SLAB-502336,H-3253,2026-05-09T06:10:00Z,PASS,EDGE_CRACK,RELEASE
QA-900780,C-0042339,SLAB-502339,H-3254,2026-05-08T21:24:00Z,PASS,SLIVER,RELEASE
QA-900781,C-0042342,SLAB-502342,H-3254,2026-05-08T18:27:00Z,PASS,SLIVER,DOWNGRADE
QA-900782,C-0042345,SLAB-502345,H-3254,2026-05-10T18:42:00Z,PASS,ROLLED_IN_SCALE,DOWNGRADE
QA-900783,C-0042348,SLAB-502348,H-3255,2026-05-10T07:01:00Z,FAIL,SLIVER,RELEASE
QA-900784,C-0042351,SLAB-502351,H-3255,2026-05-10T11:01:00Z,PASS,EDGE_CRACK,RELEASE
QA-900785,C-0042354,SLAB-502354,H-3255,2026-05-09T08:12:00Z,FAIL,EDGE_CRACK,RELEASE
QA-900786,C-0042357,SLAB-502357,H-3255,2026-05-10T23:03:00Z,PASS,SCALE,SCRAP
QA-900787,C-0042360,SLAB-502360,H-3256,2026-05-09T12:00:00Z,PASS,ROLLED_IN_SCALE,RELEASE
QA-900788,C-0042363,SLAB-502363,H-3256,2026-05-11T12:32:00Z,HOLD,ROLLED_IN_SCALE,DOWNGRADE
QA-900789,C-0042366,SLAB-502366,H-3256,2026-05-10T16:17:00Z,PASS,SLIVER,DOWNGRADE
QA-900790,C-0042369,SLAB-502369,H-3257,2026-05-09T12:55:00Z,PASS,ROLLED_IN_SCALE,RELEASE
QA-900791,C-0042372,SLAB-502372,H-3257,2026-05-10T01:12:00Z,PASS,EDGE_CRACK,RELEASE
QA-900792,C-0042375,SLAB-502375,H-3257,2026-05-09T07:12:00Z,FAIL,EDGE_CRACK,SCRAP
QA-900793,C-0042378,SLAB-502378,H-3257,2026-05-11T01:05:00Z,PASS,EDGE_CRACK,DOWNGRADE
QA-900794,C-0042381,SLAB-502381,H-3258,2026-05-10T15:57:00Z,PASS,ROLLED_IN_SCALE,REWORK
QA-900795,C-0042384,SLAB-502384,H-3258,2026-05-10T02:03:00Z,FAIL,SCALE,RELEASE
QA-900796,C-0042387,SLAB-502387,H-3258,2026-05-10T06:05:00Z,HOLD,SLIVER,DOWNGRADE
QA-900797,C-0042390,SLAB-502390,H-3259,2026-05-11T07:36:00Z,PASS,EDGE_CRACK,RELEASE
QA-900798,C-0042393,SLAB-502393,H-3259,2026-05-09T11:18:00Z,HOLD,EDGE_CRACK,RELEASE
QA-900799,C-0042396,SLAB-502396,H-3259,2026-05-09T15:02:00Z,PASS,EDGE_CRACK,DOWNGRADE
QA-900800,C-0042399,SLAB-502399,H-3260,2026-05-09T20:16:00Z,PASS,SCALE,RELEASE
QA-900801,C-0042402,SLAB-502402,H-3260,2026-05-10T22:19:00Z,PASS,SCALE,DOWNGRADE
QA-900802,C-0042405,SLAB-502405,H-3260,2026-05-09T06:15:00Z,PASS,INCLUSION,DOWNGRADE
QA-900803,C-0042408,SLAB-502408,H-3261,2026-05-10T13:37:00Z,PASS,ROLLED_IN_SCALE,SCRAP
QA-900804,C-0042411,SLAB-502411,H-3261,2026-05-11T15:48:00Z,FAIL,SLIVER,DOWNGRADE
QA-900805,C-0042414,SLAB-502414,H-3262,2026-05-09T21:05:00Z,HOLD,INCLUSION,DOWNGRADE
QA-900806,C-0042417,SLAB-502417,H-3262,2026-05-10T08:07:00Z,PASS,SCALE,REWORK
QA-900807,C-0042420,SLAB-502420,H-3262,2026-05-10T21:02:00Z,HOLD,INCLUSION,REWORK
QA-900808,C-0042423,SLAB-502423,H-3263,2026-05-10T22:04:00Z,FAIL,SLIVER,DOWNGRADE
QA-900809,C-0042426,SLAB-502426,H-3263,2026-05-10T21:31:00Z,HOLD,EDGE_CRACK,SCRAP
QA-900810,C-0042429,SLAB-502429,H-3263,2026-05-11T06:21:00Z,PASS,SLIVER,RELEASE
QA-900811,C-0042432,SLAB-502432,H-3264,2026-05-10T17:37:00Z,PASS,EDGE_CRACK,RELEASE
QA-900812,C-0042435,SLAB-502435,H-3264,2026-05-11T12:03:00Z,PASS,ROLLED_IN_SCALE,RELEASE
QA-900813,C-0042438,SLAB-502438,H-3264,2026-05-11T02:36:00Z,FAIL,SCALE,DOWNGRADE
QA-900814,C-0042441,SLAB-502441,H-3264,2026-05-09T03:01:00Z,PASS,INCLUSION,RELEASE
QA-900815,C-0042444,SLAB-502444,H-3265,2026-05-10T20:22:00Z,PASS,EDGE_CRACK,RELEASE
QA-900816,C-0042447,SLAB-502447,H-3265,2026-05-09T02:56:00Z,PASS,INCLUSION,RELEASE
QA-900817,C-0042450,SLAB-502450,H-3265,2026-05-10T19:24:00Z,PASS,EDGE_CRACK,RELEASE
QA-900818,C-0042453,SLAB-502453,H-3266,2026-05-09T10:37:00Z,PASS,SCALE,REWORK
QA-900819,C-0042456,SLAB-502456,H-3266,2026-05-11T15:30:00Z,PASS,SCALE,RELEASE
QA-900820,C-0042459,SLAB-502459,H-3267,2026-05-10T01:28:00Z,PASS,SCALE,DOWNGRADE
QA-900821,C-0042462,SLAB-502462,H-3267,2026-05-09T09:36:00Z,FAIL,INCLUSION,REWORK
QA-900822,C-0042465,SLAB-502465,H-3267,2026-05-11T02:33:00Z,HOLD,EDGE_CRACK,RELEASE
QA-900823,C-0042468,SLAB-502468,H-3268,2026-05-10T11:32:00Z,PASS,ROLLED_IN_SCALE,SCRAP
QA-900824,C-0042471,SLAB-502471,H-3268,2026-05-10T22:32:00Z,HOLD,SLIVER,SCRAP
QA-900825,C-0042474,SLAB-502474,H-3269,2026-05-10T11:48:00Z,PASS,SLIVER,REWORK
QA-900826,C-0042477,SLAB-502477,H-3269,2026-05-11T05:53:00Z,PASS,INCLUSION,RELEASE
QA-900827,C-0042480,SLAB-502480,H-3269,2026-05-11T09:36:00Z,HOLD,INCLUSION,RELEASE
QA-900828,C-0042483,SLAB-502483,H-3269,2026-05-10T05:58:00Z,PASS,ROLLED_IN_SCALE,DOWNGRADE
QA-900829,C-0042486,SLAB-502486,H-3270,2026-05-10T23:59:00Z,PASS,SCALE,SCRAP
QA-900830,C-0042489,SLAB-502489,H-3270,2026-05-09T22:58:00Z,FAIL,EDGE_CRACK,RELEASE
QA-900831,C-0042492,SLAB-502492,H-3270,2026-05-10T22:08:00Z,PASS,INCLUSION,RELEASE
QA-900832,C-0042495,SLAB-502495,H-3271,2026-05-11T02:58:00Z,HOLD,SLIVER,DOWNGRADE
QA-900833,C-0042498,SLAB-502498,H-3271,2026-05-10T15:51:00Z,PASS,INCLUSION,RELEASE
QA-900834,C-0042501,SLAB-502501,H-3271,2026-05-10T03:43:00Z,PASS,SCALE,SCRAP
QA-900835,C-0042504,SLAB-502504,H-3272,2026-05-10T12:27:00Z,PASS,SLIVER,RELEASE
QA-900836,C-0042507,SLAB-502507,H-3272,2026-05-11T06:18:00Z,HOLD,SLIVER,RELEASE
QA-900837,C-0042510,SLAB-502510,H-3272,2026-05-11T12:22:00Z,FAIL,INCLUSION,SCRAP
QA-900838,C-0042513,SLAB-502513,H-3273,2026-05-10T09:25:00Z,PASS,SCALE,DOWNGRADE
QA-900839,C-0042516,SLAB-502516,H-3273,2026-05-10T05:15:00Z,HOLD,EDGE_CRACK,RELEASE
QA-900840,C-0042519,SLAB-502519,H-3273,2026-05-10T18:18:00Z,PASS,ROLLED_IN_SCALE,REWORK
QA-900841,C-0042522,SLAB-502522,H-3274,2026-05-11T19:27:00Z,PASS,SLIVER,DOWNGRADE
QA-900842,C-0042525,SLAB-502525,H-3274,2026-05-10T20:17:00Z,FAIL,SCALE,DOWNGRADE
QA-900843,C-0042528,SLAB-502528,H-3274,2026-05-10T13:43:00Z,FAIL,SCALE,SCRAP
QA-900844,C-0042531,SLAB-502531,H-3274,2026-05-09T20:22:00Z,PASS,SCALE,RELEASE
QA-900845,C-0042534,SLAB-502534,H-3275,2026-05-11T06:38:00Z,PASS,SCALE,RELEASE
QA-900846,C-0042537,SLAB-502537,H-3275,2026-05-10T05:20:00Z,PASS,ROLLED_IN_SCALE,SCRAP
QA-900847,C-0042540,SLAB-502540,H-3276,2026-05-11T18:18:00Z,PASS,SCALE,RELEASE
QA-900848,C-0042543,SLAB-502543,H-3276,2026-05-10T13:15:00Z,FAIL,SLIVER,SCRAP
QA-900849,C-0042546,SLAB-502546,H-3276,2026-05-11T14:12:00Z,PASS,INCLUSION,RELEASE
QA-900850,C-0042549,SLAB-502549,H-3276,2026-05-09T23:23:00Z,PASS,SCALE,DOWNGRADE
QA-900851,C-0042552,SLAB-502552,H-3277,2026-05-10T03:39:00Z,FAIL,SCALE,DOWNGRADE
QA-900852,C-0042555,SLAB-502555,H-3277,2026-05-11T08:57:00Z,PASS,EDGE_CRACK,DOWNGRADE
QA-900853,C-0042558,SLAB-502558,H-3277,2026-05-09T20:29:00Z,PASS,ROLLED_IN_SCALE,DOWNGRADE
QA-900854,C-0042561,SLAB-502561,H-3278,2026-05-10T14:39:00Z,PASS,INCLUSION,DOWNGRADE
QA-900855,C-0042564,SLAB-502564,H-3278,2026-05-10T04:28:00Z,FAIL,EDGE_CRACK,REWORK
QA-900856,C-0042567,SLAB-502567,H-3278,2026-05-09T22:48:00Z,PASS,ROLLED_IN_SCALE,DOWNGRADE
QA-900857,C-0042570,SLAB-502570,H-3279,2026-05-10T07:09:00Z,PASS,EDGE_CRACK,RELEASE
QA-900858,C-0042573,SLAB-502573,H-3279,2026-05-11T10:21:00Z,PASS,SLIVER,SCRAP
QA-900859,C-0042576,SLAB-502576,H-3279,2026-05-10T09:04:00Z,FAIL,EDGE_CRACK,DOWNGRADE
QA-900860,C-0042579,SLAB-502579,H-3280,2026-05-10T19:48:00Z,PASS,SCALE,RELEASE
QA-900861,C-0042582,SLAB-502582,H-3280,2026-05-11T04:50:00Z,PASS,SLIVER,SCRAP
QA-900862,C-0042585,SLAB-502585,H-3280,2026-05-10T18:01:00Z,PASS,ROLLED_IN_SCALE,SCRAP
QA-900863,C-0042588,SLAB-502588,H-3281,2026-05-10T15:35:00Z,PASS,INCLUSION,RELEASE
QA-900864,C-0042591,SLAB-502591,H-3281,2026-05-10T17:53:00Z,HOLD,SLIVER,DOWNGRADE
QA-900865,C-0042594,SLAB-502594,H-3282,2026-05-11T04:24:00Z,FAIL,EDGE_CRACK,REWORK
QA-900866,C-0042597,SLAB-502597,H-3282,2026-05-11T16:13:00Z,HOLD,ROLLED_IN_SCALE,RELEASE
QA-900867,C-0042600,SLAB-502600,H-3282,2026-05-09T16:27:00Z,HOLD,SCALE,SCRAP
QA-900868,C-0042603,SLAB-502603,H-3283,2026-05-11T07:14:00Z,PASS,INCLUSION,SCRAP
QA-900869,C-0042606,SLAB-502606,H-3283,2026-05-09T19:49:00Z,FAIL,ROLLED_IN_SCALE,DOWNGRADE
QA-900870,C-0042609,SLAB-502609,H-3283,2026-05-10T22:52:00Z,PASS,EDGE_CRACK,SCRAP
QA-900871,C-0042612,SLAB-502612,H-3284,2026-05-11T03:45:00Z,PASS,INCLUSION,RELEASE
QA-900872,C-0042615,SLAB-502615,H-3284,2026-05-10T20:39:00Z,FAIL,ROLLED_IN_SCALE,RELEASE
QA-900873,C-0042618,SLAB-502618,H-3285,2026-05-11T07:46:00Z,PASS,EDGE_CRACK,RELEASE
QA-900874,C-0042621,SLAB-502621,H-3285,2026-05-11T21:30:00Z,FAIL,INCLUSION,REWORK
QA-900875,C-0042624,SLAB-502624,H-3285,2026-05-11T03:42:00Z,HOLD,INCLUSION,SCRAP
QA-900876,C-0042627,SLAB-502627,H-3285,2026-05-10T00:37:00Z,PASS,SCALE,RELEASE
QA-900877,C-0042630,SLAB-502630,H-3286,2026-05-11T10:00:00Z,PASS,INCLUSION,RELEASE
QA-900878,C-0042633,SLAB-502633,H-3286,2026-05-10T03:48:00Z,PASS,ROLLED_IN_SCALE,RELEASE
QA-900879,C-0042636,SLAB-502636,H-3287,2026-05-11T08:45:00Z,HOLD,SCALE,SCRAP
QA-900880,C-0042639,SLAB-502639,H-3287,2026-05-09T14:38:00Z,PASS,EDGE_CRACK,REWORK
QA-900881,C-0042642,SLAB-502642,H-3287,2026-05-10T06:54:00Z,PASS,EDGE_CRACK,DOWNGRADE
QA-900882,C-0042645,SLAB-502645,H-3288,2026-05-10T17:04:00Z,PASS,EDGE_CRACK,REWORK
QA-900883,C-0042648,SLAB-502648,H-3288,2026-05-09T22:24:00Z,PASS,SLIVER,RELEASE
QA-900884,C-0042651,SLAB-502651,H-3288,2026-05-11T21:43:00Z,HOLD,INCLUSION,REWORK
QA-900885,C-0042654,SLAB-502654,H-3289,2026-05-10T12:00:00Z,PASS,SLIVER,RELEASE
QA-900886,C-0042657,SLAB-502657,H-3289,2026-05-10T16:13:00Z,PASS,EDGE_CRACK,REWORK
QA-900887,C-0042660,SLAB-502660,H-3289,2026-05-11T00:04:00Z,PASS,ROLLED_IN_SCALE,DOWNGRADE
QA-900888,C-0042663,SLAB-502663,H-3290,2026-05-11T16:34:00Z,HOLD,INCLUSION,RELEASE
QA-900889,C-0042666,SLAB-502666,H-3290,2026-05-10T09:43:00Z,PASS,SLIVER,RELEASE
QA-900890,C-0042669,SLAB-502669,H-3290,2026-05-11T23:29:00Z,PASS,SCALE,DOWNGRADE
QA-900891,C-0042672,SLAB-502672,H-3291,2026-05-11T18:38:00Z,HOLD,SLIVER,RELEASE
QA-900892,C-0042675,SLAB-502675,H-3291,2026-05-11T07:29:00Z,FAIL,EDGE_CRACK,RELEASE
QA-900893,C-0042678,SLAB-502678,H-3291,2026-05-10T07:29:00Z,PASS,SLIVER,SCRAP
QA-900894,C-0042681,SLAB-502681,H-3292,2026-05-11T23:06:00Z,PASS,EDGE_CRACK,SCRAP
QA-900895,C-0042684,SLAB-502684,H-3292,2026-05-10T02:06:00Z,PASS,INCLUSION,REWORK
QA-900896,C-0042687,SLAB-502687,H-3292,2026-05-11T16:06:00Z,PASS,INCLUSION,REWORK
QA-900897,C-0042690,SLAB-502690,H-3293,2026-05-11T18:25:00Z,HOLD,EDGE_CRACK,REWORK
QA-900898,C-0042693,SLAB-502693,H-3293,2026-05-11T13:21:00Z,FAIL,INCLUSION,RELEASE
QA-900899,C-0042696,SLAB-502696,H-3293,2026-05-10T15:13:00Z,HOLD,SCALE,DOWNGRADE
QA-900900,C-0042699,SLAB-502699,H-3294,2026-05-11T07:11:00Z,PASS,EDGE_CRACK,SCRAP
QA-900901,C-0042702,SLAB-502702,H-3294,2026-05-11T12:17:00Z,FAIL,EDGE_CRACK,RELEASE
QA-900902,C-0042705,SLAB-502705,H-3295,2026-05-10T14:41:00Z,PASS,SLIVER,RELEASE
QA-900903,C-0042708,SLAB-502708,H-3295,2026-05-10T08:34:00Z,PASS,SCALE,DOWNGRADE
QA-900904,C-0042711,SLAB-502711,H-3295,2026-05-12T06:14:00Z,PASS,ROLLED_IN_SCALE,RELEASE
QA-900905,C-0042714,SLAB-502714,H-3295,2026-05-09T22:22:00Z,PASS,INCLUSION,SCRAP
QA-900906,C-0042717,SLAB-502717,H-3296,2026-05-10T11:04:00Z,PASS,EDGE_CRACK,RELEASE
QA-900907,C-0042720,SLAB-502720,H-3296,2026-05-10T11:50:00Z,PASS,INCLUSION,DOWNGRADE
QA-900908,C-0042723,SLAB-502723,H-3297,2026-05-11T03:46:00Z,PASS,SLIVER,RELEASE
QA-900909,C-0042726,SLAB-502726,H-3297,2026-05-11T11:52:00Z,PASS,SLIVER,RELEASE
QA-900910,C-0042729,SLAB-502729,H-3297,2026-05-12T04:22:00Z,HOLD,EDGE_CRACK,RELEASE
QA-900911,C-0042732,SLAB-502732,H-3298,2026-05-11T10:16:00Z,HOLD,INCLUSION,SCRAP
QA-900912,C-0042735,SLAB-502735,H-3298,2026-05-10T19:13:00Z,HOLD,SCALE,SCRAP
QA-900913,C-0042738,SLAB-502738,H-3298,2026-05-12T00:56:00Z,HOLD,ROLLED_IN_SCALE,RELEASE
QA-900914,C-0042741,SLAB-502741,H-3299,2026-05-11T12:48:00Z,FAIL,EDGE_CRACK,SCRAP
QA-900915,C-0042744,SLAB-502744,H-3299,2026-05-11T10:18:00Z,HOLD,INCLUSION,RELEASE
QA-900916,C-0042747,SLAB-502747,H-3299,2026-05-11T02:05:00Z,FAIL,SCALE,REWORK
QA-900917,C-0042750,SLAB-502750,H-3300,2026-05-10T20:57:00Z,HOLD,SCALE,SCRAP
QA-900918,C-0042753,SLAB-502753,H-3300,2026-05-11T02:57:00Z,PASS,EDGE_CRACK,RELEASE
QA-900919,C-0042756,SLAB-502756,H-3300,2026-05-11T12:40:00Z,PASS,SLIVER,DOWNGRADE
QA-900920,C-0042759,SLAB-502759,H-3301,2026-05-11T18:20:00Z,PASS,ROLLED_IN_SCALE,DOWNGRADE
QA-900921,C-0042762,SLAB-502762,H-3301,2026-05-11T12:02:00Z,PASS,EDGE_CRACK,REWORK
QA-900922,C-0042765,SLAB-502765,H-3302,2026-05-12T08:41:00Z,FAIL,SCALE,RELEASE
QA-900923,C-0042768,SLAB-502768,H-3302,2026-05-11T03:12:00Z,FAIL,SLIVER,RELEASE
QA-900924,C-0042771,SLAB-502771,H-3302,2026-05-12T00:04:00Z,PASS,SCALE,RELEASE
QA-900925,C-0042774,SLAB-502774,H-3302,2026-05-11T05:44:00Z,FAIL,SLIVER,DOWNGRADE
QA-900926,C-0042777,SLAB-502777,H-3303,2026-05-12T04:25:00Z,FAIL,ROLLED_IN_SCALE,REWORK
QA-900927,C-0042780,SLAB-502780,H-3303,2026-05-12T00:25:00Z,PASS,ROLLED_IN_SCALE,SCRAP
QA-900928,C-0042783,SLAB-502783,H-3303,2026-05-11T14:11:00Z,HOLD,SLIVER,RELEASE
QA-900929,C-0042786,SLAB-502786,H-3304,2026-05-12T04:42:00Z,FAIL,INCLUSION,RELEASE
QA-900930,C-0042789,SLAB-502789,H-3304,2026-05-11T23:40:00Z,HOLD,SCALE,SCRAP
QA-900931,C-0042792,SLAB-502792,H-3304,2026-05-11T06:45:00Z,PASS,SLIVER,DOWNGRADE
QA-900932,C-0042795,SLAB-502795,H-3305,2026-05-12T21:09:00Z,PASS,SLIVER,RELEASE
QA-900933,C-0042798,SLAB-502798,H-3305,2026-05-11T12:04:00Z,FAIL,ROLLED_IN_SCALE,SCRAP
QA-900934,C-0042801,SLAB-502801,H-3305,2026-05-11T13:40:00Z,HOLD,INCLUSION,DOWNGRADE
QA-900935,C-0042804,SLAB-502804,H-3305,2026-05-12T10:51:00Z,PASS,EDGE_CRACK,SCRAP
QA-900936,C-0042807,SLAB-502807,H-3306,2026-05-10T21:44:00Z,PASS,SCALE,DOWNGRADE
QA-900937,C-0042810,SLAB-502810,H-3306,2026-05-11T04:45:00Z,PASS,SCALE,RELEASE
QA-900938,C-0042813,SLAB-502813,H-3306,2026-05-12T16:30:00Z,HOLD,EDGE_CRACK,SCRAP
QA-900939,C-0042816,SLAB-502816,H-3307,2026-05-11T17:01:00Z,HOLD,ROLLED_IN_SCALE,REWORK
QA-900940,C-0042819,SLAB-502819,H-3307,2026-05-11T08:16:00Z,FAIL,SCALE,DOWNGRADE
QA-900941,C-0042822,SLAB-502822,H-3307,2026-05-10T22:08:00Z,HOLD,SLIVER,SCRAP
QA-900942,C-0042825,SLAB-502825,H-3308,2026-05-12T13:25:00Z,PASS,INCLUSION,DOWNGRADE
QA-900943,C-0042828,SLAB-502828,H-3308,2026-05-11T12:15:00Z,PASS,SLIVER,DOWNGRADE
QA-900944,C-0042831,SLAB-502831,H-3308,2026-05-12T03:07:00Z,HOLD,ROLLED_IN_SCALE,SCRAP
QA-900945,C-0042834,SLAB-502834,H-3308,2026-05-12T08:26:00Z,PASS,SCALE,RELEASE
QA-900946,C-0042837,SLAB-502837,H-3309,2026-05-12T06:30:00Z,PASS,SLIVER,DOWNGRADE
QA-900947,C-0042840,SLAB-502840,H-3309,2026-05-12T07:02:00Z,PASS,ROLLED_IN_SCALE,REWORK
QA-900948,C-0042843,SLAB-502843,H-3309,2026-05-11T01:01:00Z,PASS,ROLLED_IN_SCALE,RELEASE
QA-900949,C-0042846,SLAB-502846,H-3310,2026-05-11T16:45:00Z,HOLD,ROLLED_IN_SCALE,SCRAP
QA-900950,C-0042849,SLAB-502849,H-3310,2026-05-11T07:28:00Z,FAIL,EDGE_CRACK,RELEASE
QA-900951,C-0042852,SLAB-502852,H-3310,2026-05-11T10:45:00Z,PASS,ROLLED_IN_SCALE,RELEASE
QA-900952,C-0042855,SLAB-502855,H-3310,2026-05-12T08:17:00Z,PASS,ROLLED_IN_SCALE,RELEASE
QA-900953,C-0042858,SLAB-502858,H-3311,2026-05-11T17:24:00Z,PASS,SCALE,RELEASE
QA-900954,C-0042861,SLAB-502861,H-3311,2026-05-11T07:22:00Z,HOLD,SLIVER,RELEASE
QA-900955,C-0042864,SLAB-502864,H-3311,2026-05-11T11:04:00Z,PASS,SLIVER,REWORK
QA-900956,C-0042867,SLAB-502867,H-3312,2026-05-12T19:46:00Z,PASS,SCALE,RELEASE
QA-900957,C-0042870,SLAB-502870,H-3312,2026-05-11T21:35:00Z,PASS,SLIVER,SCRAP
QA-900958,C-0042873,SLAB-502873,H-3312,2026-05-10T22:51:00Z,HOLD,SCALE,RELEASE
QA-900959,C-0042876,SLAB-502876,H-3313,2026-05-11T06:33:00Z,FAIL,INCLUSION,DOWNGRADE
QA-900960,C-0042879,SLAB-502879,H-3313,2026-05-12T00:25:00Z,PASS,ROLLED_IN_SCALE,REWORK
QA-900961,C-0042882,SLAB-502882,H-3313,2026-05-12T22:17:00Z,HOLD,ROLLED_IN_SCALE,REWORK
QA-900962,C-0042885,SLAB-502885,H-3313,2026-05-13T02:14:00Z,FAIL,EDGE_CRACK,REWORK
QA-900963,C-0042888,SLAB-502888,H-3314,2026-05-11T03:56:00Z,FAIL,EDGE_CRACK,DOWNGRADE
QA-900964,C-0042891,SLAB-502891,H-3314,2026-05-11T16:12:00Z,PASS,ROLLED_IN_SCALE,RELEASE
QA-900965,C-0042894,SLAB-502894,H-3314,2026-05-11T03:52:00Z,PASS,ROLLED_IN_SCALE,RELEASE
QA-900966,C-0042897,SLAB-502897,H-3315,2026-05-11T08:23:00Z,PASS,SCALE,RELEASE
QA-900967,C-0042900,SLAB-502900,H-3315,2026-05-11T14:15:00Z,HOLD,INCLUSION,DOWNGRADE
QA-900968,C-0042903,SLAB-502903,H-3315,2026-05-12T20:58:00Z,PASS,ROLLED_IN_SCALE,DOWNGRADE
QA-900969,C-0042906,SLAB-502906,H-3316,2026-05-11T07:08:00Z,HOLD,SLIVER,RELEASE
QA-900970,C-0042909,SLAB-502909,H-3316,2026-05-12T02:39:00Z,PASS,SCALE,REWORK
QA-900971,C-0042912,SLAB-502912,H-3316,2026-05-10T13:19:00Z,PASS,ROLLED_IN_SCALE,RELEASE
QA-900972,C-0042915,SLAB-502915,H-3316,2026-05-10T21:21:00Z,PASS,SCALE,RELEASE
QA-900973,C-0042918,SLAB-502918,H-3317,2026-05-11T21:29:00Z,HOLD,ROLLED_IN_SCALE,RELEASE
QA-900974,C-0042921,SLAB-502921,H-3317,2026-05-11T20:14:00Z,HOLD,SLIVER,REWORK
QA-900975,C-0042924,SLAB-502924,H-3318,2026-05-11T23:06:00Z,FAIL,INCLUSION,SCRAP
QA-900976,C-0042927,SLAB-502927,H-3318,2026-05-12T16:25:00Z,FAIL,EDGE_CRACK,REWORK
QA-900977,C-0042930,SLAB-502930,H-3318,2026-05-11T03:39:00Z,PASS,SLIVER,DOWNGRADE
QA-900978,C-0042933,SLAB-502933,H-3318,2026-05-11T06:07:00Z,PASS,SLIVER,DOWNGRADE
QA-900979,C-0042936,SLAB-502936,H-3319,2026-05-13T02:37:00Z,PASS,ROLLED_IN_SCALE,DOWNGRADE
QA-900980,C-0042939,SLAB-502939,H-3319,2026-05-11T12:35:00Z,PASS,INCLUSION,RELEASE
QA-900981,C-0042942,SLAB-502942,H-3319,2026-05-13T03:26:00Z,PASS,EDGE_CRACK,RELEASE
QA-900982,C-0042945,SLAB-502945,H-3320,2026-05-12T14:55:00Z,FAIL,INCLUSION,RELEASE
QA-900983,C-0042948,SLAB-502948,H-3320,2026-05-11T18:48:00Z,HOLD,ROLLED_IN_SCALE,RELEASE
QA-900984,C-0042951,SLAB-502951,H-3321,2026-05-12T15:01:00Z,PASS,INCLUSION,REWORK
QA-900985,C-0042954,SLAB-502954,H-3321,2026-05-11T07:08:00Z,FAIL,INCLUSION,SCRAP
QA-900986,C-0042957,SLAB-502957,H-3321,2026-05-11T10:07:00Z,PASS,EDGE_CRACK,DOWNGRADE
QA-900987,C-0042960,SLAB-502960,H-3322,2026-05-11T12:34:00Z,PASS,EDGE_CRACK,RELEASE
QA-900988,C-0042963,SLAB-502963,H-3322,2026-05-12T20:26:00Z,PASS,ROLLED_IN_SCALE,SCRAP
QA-900989,C-0042966,SLAB-502966,H-3323,2026-05-11T06:28:00Z,HOLD,SCALE,REWORK
QA-900990,C-0042969,SLAB-502969,H-3323,2026-05-10T23:15:00Z,PASS,SLIVER,REWORK
QA-900991,C-0042972,SLAB-502972,H-3323,2026-05-12T02:13:00Z,HOLD,EDGE_CRACK,REWORK
QA-900992,C-0042975,SLAB-502975,H-3323,2026-05-12T03:21:00Z,PASS,SLIVER,SCRAP
QA-900993,C-0042978,SLAB-502978,H-3324,2026-05-11T11:43:00Z,PASS,SLIVER,RELEASE
QA-900994,C-0042981,SLAB-502981,H-3324,2026-05-12T05:10:00Z,HOLD,ROLLED_IN_SCALE,RELEASE
QA-900995,C-0042984,SLAB-502984,H-3324,2026-05-10T17:58:00Z,PASS,SCALE,REWORK
QA-900996,C-0042987,SLAB-502987,H-3325,2026-05-12T13:38:00Z,HOLD,SLIVER,RELEASE
QA-900997,C-0042990,SLAB-502990,H-3325,2026-05-12T20:39:00Z,HOLD,INCLUSION,REWORK
QA-900998,C-0042993,SLAB-502993,H-3326,2026-05-13T09:36:00Z,PASS,ROLLED_IN_SCALE,REWORK
QA-900999,C-0042996,SLAB-502996,H-3326,2026-05-12T20:24:00Z,FAIL,EDGE_CRACK,REWORK
QA-901000,C-0042999,SLAB-502999,H-3326,2026-05-11T00:15:00Z,FAIL,SLIVER,SCRAP
QA-901001,C-0043002,SLAB-503002,H-3327,2026-05-11T13:01:00Z,PASS,ROLLED_IN_SCALE,DOWNGRADE
QA-901002,C-0043005,SLAB-503005,H-3327,2026-05-12T16:54:00Z,PASS,INCLUSION,RELEASE
QA-901003,C-0043008,SLAB-503008,H-3327,2026-05-12T14:23:00Z,HOLD,INCLUSION,REWORK
QA-901004,C-0043011,SLAB-503011,H-3328,2026-05-12T10:35:00Z,HOLD,EDGE_CRACK,REWORK
QA-901005,C-0043014,SLAB-503014,H-3328,2026-05-11T13:12:00Z,PASS,INCLUSION,DOWNGRADE
QA-901006,C-0043017,SLAB-503017,H-3328,2026-05-12T02:59:00Z,PASS,EDGE_CRACK,REWORK
QA-901007,C-0043020,SLAB-503020,H-3329,2026-05-12T00:31:00Z,PASS,EDGE_CRACK,DOWNGRADE
QA-901008,C-0043023,SLAB-503023,H-3329,2026-05-12T15:27:00Z,PASS,SLIVER,SCRAP
QA-901009,C-0043026,SLAB-503026,H-3329,2026-05-13T02:12:00Z,PASS,SCALE,RELEASE
QA-901010,C-0043029,SLAB-503029,H-3330,2026-05-11T06:47:00Z,HOLD,EDGE_CRACK,RELEASE
QA-901011,C-0043032,SLAB-503032,H-3330,2026-05-11T23:12:00Z,PASS,ROLLED_IN_SCALE,RELEASE
QA-901012,C-0043035,SLAB-503035,H-3330,2026-05-11T21:59:00Z,PASS,INCLUSION,REWORK
QA-901013,C-0043038,SLAB-503038,H-3331,2026-05-11T21:51:00Z,HOLD,INCLUSION,REWORK
QA-901014,C-0043041,SLAB-503041,H-3331,2026-05-11T07:44:00Z,HOLD,INCLUSION,RELEASE
QA-901015,C-0043044,SLAB-503044,H-3331,2026-05-13T00:44:00Z,HOLD,SCALE,REWORK
QA-901016,C-0043047,SLAB-503047,H-3332,2026-05-13T04:17:00Z,FAIL,EDGE_CRACK,SCRAP
QA-901017,C-0043050,SLAB-503050,H-3332,2026-05-12T03:27:00Z,PASS,SCALE,SCRAP
QA-901018,C-0043053,SLAB-503053,H-3333,2026-05-11T20:09:00Z,PASS,SLIVER,SCRAP
QA-901019,C-0043056,SLAB-503056,H-3333,2026-05-11T22:01:00Z,FAIL,SLIVER,REWORK
QA-901020,C-0043059,SLAB-503059,H-3333,2026-05-12T13:20:00Z,PASS,INCLUSION,REWORK
QA-901021,C-0043062,SLAB-503062,H-3334,2026-05-13T16:52:00Z,PASS,INCLUSION,RELEASE
QA-901022,C-0043065,SLAB-503065,H-3334,2026-05-12T04:53:00Z,PASS,ROLLED_IN_SCALE,DOWNGRADE
QA-901023,C-0043068,SLAB-503068,H-3334,2026-05-12T05:51:00Z,PASS,INCLUSION,DOWNGRADE
QA-901024,C-0043071,SLAB-503071,H-3335,2026-05-11T12:33:00Z,HOLD,ROLLED_IN_SCALE,SCRAP
QA-901025,C-0043074,SLAB-503074,H-3335,2026-05-11T11:38:00Z,FAIL,ROLLED_IN_SCALE,DOWNGRADE
QA-901026,C-0043077,SLAB-503077,H-3335,2026-05-12T05:48:00Z,FAIL,ROLLED_IN_SCALE,RELEASE
QA-901027,C-0043080,SLAB-503080,H-3336,2026-05-11T23:03:00Z,PASS,SCALE,RELEASE
QA-901028,C-0043083,SLAB-503083,H-3336,2026-05-12T08:14:00Z,PASS,SCALE,REWORK
QA-901029,C-0043086,SLAB-503086,H-3336,2026-05-11T21:30:00Z,PASS,EDGE_CRACK,SCRAP
QA-901030,C-0043089,SLAB-503089,H-3336,2026-05-12T03:09:00Z,PASS,INCLUSION,REWORK
QA-901031,C-0043092,SLAB-503092,H-3337,2026-05-11T23:02:00Z,PASS,SCALE,RELEASE
QA-901032,C-0043095,SLAB-503095,H-3337,2026-05-13T19:59:00Z,PASS,SCALE,SCRAP
QA-901033,C-0043098,SLAB-503098,H-3338,2026-05-11T20:21:00Z,HOLD,ROLLED_IN_SCALE,RELEASE
QA-901034,C-0043101,SLAB-503101,H-3338,2026-05-13T04:27:00Z,PASS,SCALE,SCRAP
QA-901035,C-0043104,SLAB-503104,H-3338,2026-05-13T06:46:00Z,PASS,EDGE_CRACK,RELEASE
QA-901036,C-0043107,SLAB-503107,H-3338,2026-05-12T05:28:00Z,PASS,EDGE_CRACK,RELEASE
QA-901037,C-0043110,SLAB-503110,H-3339,2026-05-13T10:00:00Z,PASS,INCLUSION,SCRAP
QA-901038,C-0043113,SLAB-503113,H-3339,2026-05-12T18:09:00Z,PASS,SLIVER,DOWNGRADE
QA-901039,C-0043116,SLAB-503116,H-3340,2026-05-12T11:33:00Z,PASS,SCALE,SCRAP
QA-901040,C-0043119,SLAB-503119,H-3340,2026-05-13T00:48:00Z,FAIL,SLIVER,RELEASE
QA-901041,C-0043122,SLAB-503122,H-3340,2026-05-12T11:35:00Z,FAIL,SLIVER,SCRAP
QA-901042,C-0043125,SLAB-503125,H-3341,2026-05-11T16:54:00Z,PASS,EDGE_CRACK,SCRAP
QA-901043,C-0043128,SLAB-503128,H-3341,2026-05-12T18:51:00Z,HOLD,SLIVER,REWORK
QA-901044,C-0043131,SLAB-503131,H-3341,2026-05-12T22:42:00Z,HOLD,INCLUSION,RELEASE
QA-901045,C-0043134,SLAB-503134,H-3342,2026-05-12T07:24:00Z,PASS,INCLUSION,REWORK
QA-901046,C-0043137,SLAB-503137,H-3342,2026-05-11T23:07:00Z,HOLD,ROLLED_IN_SCALE,RELEASE
QA-901047,C-0043140,SLAB-503140,H-3342,2026-05-12T07:26:00Z,PASS,EDGE_CRACK,REWORK
QA-901048,C-0043143,SLAB-503143,H-3342,2026-05-13T21:35:00Z,PASS,SCALE,REWORK
QA-901049,C-0043146,SLAB-503146,H-3343,2026-05-12T00:33:00Z,PASS,INCLUSION,RELEASE
QA-901050,C-0043149,SLAB-503149,H-3343,2026-05-12T10:29:00Z,HOLD,SLIVER,SCRAP
QA-901051,C-0043152,SLAB-503152,H-3343,2026-05-13T12:27:00Z,PASS,INCLUSION,DOWNGRADE
QA-901052,C-0043155,SLAB-503155,H-3344,2026-05-13T03:44:00Z,FAIL,ROLLED_IN_SCALE,REWORK
QA-901053,C-0043158,SLAB-503158,H-3344,2026-05-12T20:57:00Z,PASS,INCLUSION,SCRAP
QA-901054,C-0043161,SLAB-503161,H-3344,2026-05-12T09:13:00Z,PASS,SLIVER,RELEASE
QA-901055,C-0043164,SLAB-503164,H-3345,2026-05-11T07:41:00Z,PASS,ROLLED_IN_SCALE,SCRAP
QA-901056,C-0043167,SLAB-503167,H-3345,2026-05-12T03:09:00Z,FAIL,SLIVER,RELEASE
QA-901057,C-0043170,SLAB-503170,H-3345,2026-05-12T16:20:00Z,PASS,SLIVER,DOWNGRADE
QA-901058,C-0043173,SLAB-503173,H-3345,2026-05-13T07:31:00Z,PASS,EDGE_CRACK,RELEASE
QA-901059,C-0043176,SLAB-503176,H-3346,2026-05-12T20:49:00Z,PASS,ROLLED_IN_SCALE,SCRAP
QA-901060,C-0043179,SLAB-503179,H-3346,2026-05-12T00:52:00Z,PASS,INCLUSION,RELEASE
QA-901061,C-0043182,SLAB-503182,H-3346,2026-05-13T09:16:00Z,PASS,EDGE_CRACK,RELEASE
QA-901062,C-0043185,SLAB-503185,H-3347,2026-05-13T03:26:00Z,PASS,ROLLED_IN_SCALE,RELEASE
QA-901063,C-0043188,SLAB-503188,H-3347,2026-05-11T11:50:00Z,FAIL,SCALE,REWORK
QA-901064,C-0043191,SLAB-503191,H-3347,2026-05-12T05:46:00Z,PASS,SLIVER,DOWNGRADE
QA-901065,C-0043194,SLAB-503194,H-3347,2026-05-13T06:30:00Z,PASS,SCALE,SCRAP
QA-901066,C-0043197,SLAB-503197,H-3348,2026-05-13T16:25:00Z,PASS,EDGE_CRACK,SCRAP
QA-901067,C-0043200,SLAB-503200,H-3348,2026-05-11T19:18:00Z,FAIL,SLIVER,RELEASE
QA-901068,C-0043203,SLAB-503203,H-3348,2026-05-13T06:15:00Z,PASS,SLIVER,REWORK
QA-901069,C-0043206,SLAB-503206,H-3349,2026-05-11T23:45:00Z,PASS,SCALE,RELEASE
QA-901070,C-0043209,SLAB-503209,H-3349,2026-05-12T18:46:00Z,PASS,SLIVER,SCRAP
QA-901071,C-0043212,SLAB-503212,H-3350,2026-05-12T10:43:00Z,PASS,INCLUSION,RELEASE
QA-901072,C-0043215,SLAB-503215,H-3350,2026-05-12T05:43:00Z,PASS,SCALE,REWORK
QA-901073,C-0043218,SLAB-503218,H-3350,2026-05-11T17:38:00Z,PASS,SCALE,REWORK
QA-901074,C-0043221,SLAB-503221,H-3351,2026-05-12T02:15:00Z,PASS,ROLLED_IN_SCALE,RELEASE
QA-901075,C-0043224,SLAB-503224,H-3351,2026-05-12T12:26:00Z,PASS,INCLUSION,RELEASE
QA-901076,C-0043227,SLAB-503227,H-3351,2026-05-13T21:02:00Z,PASS,EDGE_CRACK,RELEASE
QA-901077,C-0043230,SLAB-503230,H-3351,2026-05-14T01:18:00Z,FAIL,ROLLED_IN_SCALE,RELEASE
QA-901078,C-0043233,SLAB-503233,H-3352,2026-05-13T16:03:00Z,FAIL,SLIVER,RELEASE
QA-901079,C-0043236,SLAB-503236,H-3352,2026-05-14T07:23:00Z,PASS,INCLUSION,REWORK
QA-901080,C-0043239,SLAB-503239,H-3352,2026-05-12T11:05:00Z,PASS,ROLLED_IN_SCALE,RELEASE
QA-901081,C-0043242,SLAB-503242,H-3353,2026-05-13T06:35:00Z,FAIL,SCALE,SCRAP
QA-901082,C-0043245,SLAB-503245,H-3353,2026-05-13T21:21:00Z,PASS,ROLLED_IN_SCALE,DOWNGRADE
QA-901083,C-0043248,SLAB-503248,H-3354,2026-05-13T14:17:00Z,PASS,EDGE_CRACK,RELEASE
QA-901084,C-0043251,SLAB-503251,H-3354,2026-05-12T06:36:00Z,PASS,INCLUSION,RELEASE
QA-901085,C-0043254,SLAB-503254,H-3354,2026-05-12T04:53:00Z,PASS,ROLLED_IN_SCALE,SCRAP
QA-901086,C-0043257,SLAB-503257,H-3354,2026-05-11T17:23:00Z,FAIL,SCALE,RELEASE
QA-901087,C-0043260,SLAB-503260,H-3355,2026-05-12T15:51:00Z,PASS,INCLUSION,RELEASE
QA-901088,C-0043263,SLAB-503263,H-3355,2026-05-11T23:18:00Z,FAIL,INCLUSION,RELEASE
QA-901089,C-0043266,SLAB-503266,H-3356,2026-05-12T18:47:00Z,FAIL,SCALE,REWORK
QA-901090,C-0043269,SLAB-503269,H-3356,2026-05-12T02:44:00Z,FAIL,SLIVER,RELEASE
QA-901091,C-0043272,SLAB-503272,H-3357,2026-05-13T18:57:00Z,PASS,ROLLED_IN_SCALE,REWORK
QA-901092,C-0043275,SLAB-503275,H-3357,2026-05-11T18:16:00Z,HOLD,SLIVER,RELEASE
QA-901093,C-0043278,SLAB-503278,H-3357,2026-05-12T22:03:00Z,PASS,EDGE_CRACK,RELEASE
QA-901094,C-0043281,SLAB-503281,H-3358,2026-05-12T20:24:00Z,PASS,INCLUSION,RELEASE
QA-901095,C-0043284,SLAB-503284,H-3358,2026-05-12T13:05:00Z,PASS,SLIVER,REWORK
QA-901096,C-0043287,SLAB-503287,H-3358,2026-05-13T08:11:00Z,PASS,INCLUSION,DOWNGRADE
QA-901097,C-0043290,SLAB-503290,H-3359,2026-05-13T06:53:00Z,PASS,INCLUSION,DOWNGRADE
QA-901098,C-0043293,SLAB-503293,H-3359,2026-05-13T13:48:00Z,HOLD,ROLLED_IN_SCALE,DOWNGRADE
QA-901099,C-0043296,SLAB-503296,H-3359,2026-05-12T08:20:00Z,PASS,EDGE_CRACK,RELEASE
QA-901100,C-0043299,SLAB-503299,H-3360,2026-05-12T19:34:00Z,HOLD,SLIVER,RELEASE
QA-901101,C-0043302,SLAB-503302,H-3360,2026-05-13T23:40:00Z,FAIL,SLIVER,REWORK
QA-901102,C-0043305,SLAB-503305,H-3360,2026-05-12T18:37:00Z,PASS,SLIVER,RELEASE
QA-901103,C-0043308,SLAB-503308,H-3360,2026-05-13T11:18:00Z,PASS,INCLUSION,RELEASE
QA-901104,C-0043311,SLAB-503311,H-3361,2026-05-12T14:52:00Z,HOLD,ROLLED_IN_SCALE,RELEASE
QA-901105,C-0043314,SLAB-503314,H-3361,2026-05-14T05:15:00Z,FAIL,INCLUSION,RELEASE
QA-901106,C-0043317,SLAB-503317,H-3361,2026-05-13T15:11:00Z,PASS,SLIVER,SCRAP
QA-901107,C-0043320,SLAB-503320,H-3361,2026-05-13T01:38:00Z,PASS,EDGE_CRACK,SCRAP
QA-901108,C-0043323,SLAB-503323,H-3362,2026-05-13T10:42:00Z,FAIL,SLIVER,RELEASE
QA-901109,C-0043326,SLAB-503326,H-3362,2026-05-12T21:36:00Z,FAIL,EDGE_CRACK,DOWNGRADE
QA-901110,C-0043329,SLAB-503329,H-3363,2026-05-11T21:10:00Z,HOLD,EDGE_CRACK,SCRAP
QA-901111,C-0043332,SLAB-503332,H-3363,2026-05-13T13:42:00Z,PASS,SCALE,REWORK
QA-901112,C-0043335,SLAB-503335,H-3363,2026-05-13T01:51:00Z,PASS,EDGE_CRACK,REWORK
QA-901113,C-0043338,SLAB-503338,H-3364,2026-05-12T17:18:00Z,PASS,ROLLED_IN_SCALE,RELEASE
QA-901114,C-0043341,SLAB-503341,H-3364,2026-05-13T00:32:00Z,PASS,EDGE_CRACK,RELEASE
QA-901115,C-0043344,SLAB-503344,H-3365,2026-05-12T21:44:00Z,PASS,SCALE,DOWNGRADE
QA-901116,C-0043347,SLAB-503347,H-3365,2026-05-12T17:47:00Z,HOLD,SLIVER,RELEASE
QA-901117,C-0043350,SLAB-503350,H-3366,2026-05-14T03:17:00Z,PASS,INCLUSION,RELEASE
QA-901118,C-0043353,SLAB-503353,H-3366,2026-05-13T09:39:00Z,FAIL,SCALE,REWORK
QA-901119,C-0043356,SLAB-503356,H-3366,2026-05-12T17:01:00Z,PASS,ROLLED_IN_SCALE,REWORK
QA-901120,C-0043359,SLAB-503359,H-3367,2026-05-14T09:31:00Z,PASS,ROLLED_IN_SCALE,SCRAP
QA-901121,C-0043362,SLAB-503362,H-3367,2026-05-12T01:41:00Z,PASS,SCALE,REWORK
QA-901122,C-0043365,SLAB-503365,H-3367,2026-05-14T06:35:00Z,PASS,SCALE,DOWNGRADE
QA-901123,C-0043368,SLAB-503368,H-3368,2026-05-12T11:56:00Z,PASS,SCALE,RELEASE
QA-901124,C-0043371,SLAB-503371,H-3368,2026-05-14T00:01:00Z,FAIL,EDGE_CRACK,SCRAP
QA-901125,C-0043374,SLAB-503374,H-3368,2026-05-12T15:24:00Z,FAIL,EDGE_CRACK,REWORK
QA-901126,C-0043377,SLAB-503377,H-3368,2026-05-13T13:57:00Z,PASS,INCLUSION,RELEASE
QA-901127,C-0043380,SLAB-503380,H-3369,2026-05-13T04:51:00Z,HOLD,EDGE_CRACK,REWORK
QA-901128,C-0043383,SLAB-503383,H-3369,2026-05-14T09:01:00Z,PASS,SLIVER,SCRAP
QA-901129,C-0043386,SLAB-503386,H-3370,2026-05-14T00:20:00Z,PASS,INCLUSION,RELEASE
QA-901130,C-0043389,SLAB-503389,H-3370,2026-05-13T11:57:00Z,HOLD,INCLUSION,RELEASE
QA-901131,C-0043392,SLAB-503392,H-3370,2026-05-13T19:09:00Z,PASS,EDGE_CRACK,RELEASE
QA-901132,C-0043395,SLAB-503395,H-3370,2026-05-13T13:57:00Z,HOLD,SLIVER,RELEASE
QA-901133,C-0043398,SLAB-503398,H-3371,2026-05-14T05:14:00Z,FAIL,SCALE,SCRAP
QA-901134,C-0043401,SLAB-503401,H-3371,2026-05-12T20:03:00Z,HOLD,EDGE_CRACK,SCRAP
QA-901135,C-0043404,SLAB-503404,H-3372,2026-05-13T08:14:00Z,PASS,SLIVER,REWORK
QA-901136,C-0043407,SLAB-503407,H-3372,2026-05-14T05:16:00Z,PASS,EDGE_CRACK,DOWNGRADE
QA-901137,C-0043410,SLAB-503410,H-3372,2026-05-12T17:59:00Z,PASS,EDGE_CRACK,REWORK
QA-901138,C-0043413,SLAB-503413,H-3372,2026-05-13T01:26:00Z,PASS,SLIVER,SCRAP
QA-901139,C-0043416,SLAB-503416,H-3373,2026-05-14T00:38:00Z,PASS,SLIVER,DOWNGRADE
QA-901140,C-0043419,SLAB-503419,H-3373,2026-05-13T16:44:00Z,PASS,SLIVER,RELEASE
QA-901141,C-0043422,SLAB-503422,H-3373,2026-05-13T17:34:00Z,HOLD,ROLLED_IN_SCALE,REWORK
QA-901142,C-0043425,SLAB-503425,H-3374,2026-05-12T20:56:00Z,HOLD,SCALE,RELEASE
QA-901143,C-0043428,SLAB-503428,H-3374,2026-05-13T02:24:00Z,HOLD,EDGE_CRACK,RELEASE
QA-901144,C-0043431,SLAB-503431,H-3374,2026-05-13T05:56:00Z,PASS,SCALE,DOWNGRADE
QA-901145,C-0043434,SLAB-503434,H-3374,2026-05-12T12:57:00Z,PASS,SCALE,RELEASE
QA-901146,C-0043437,SLAB-503437,H-3375,2026-05-12T17:51:00Z,HOLD,SCALE,DOWNGRADE
QA-901147,C-0043440,SLAB-503440,H-3375,2026-05-13T19:29:00Z,FAIL,SLIVER,DOWNGRADE
QA-901148,C-0043443,SLAB-503443,H-3375,2026-05-12T18:54:00Z,PASS,ROLLED_IN_SCALE,REWORK
QA-901149,C-0043446,SLAB-503446,H-3375,2026-05-13T23:55:00Z,PASS,SLIVER,REWORK
QA-901150,C-0043449,SLAB-503449,H-3376,2026-05-13T07:04:00Z,PASS,SLIVER,SCRAP
QA-901151,C-0043452,SLAB-503452,H-3376,2026-05-13T15:51:00Z,PASS,ROLLED_IN_SCALE,SCRAP
QA-901152,C-0043455,SLAB-503455,H-3376,2026-05-13T09:40:00Z,PASS,EDGE_CRACK,RELEASE
QA-901153,C-0043458,SLAB-503458,H-3377,2026-05-13T00:54:00Z,FAIL,ROLLED_IN_SCALE,SCRAP
QA-901154,C-0043461,SLAB-503461,H-3377,2026-05-14T02:11:00Z,PASS,INCLUSION,SCRAP
QA-901155,C-0043464,SLAB-503464,H-3377,2026-05-13T10:02:00Z,PASS,EDGE_CRACK,REWORK
QA-901156,C-0043467,SLAB-503467,H-3378,2026-05-13T20:43:00Z,PASS,SLIVER,RELEASE
QA-901157,C-0043470,SLAB-503470,H-3378,2026-05-13T20:29:00Z,PASS,SCALE,DOWNGRADE
QA-901158,C-0043473,SLAB-503473,H-3378,2026-05-12T23:30:00Z,HOLD,EDGE_CRACK,SCRAP
QA-901159,C-0043476,SLAB-503476,H-3379,2026-05-14T11:46:00Z,PASS,ROLLED_IN_SCALE,DOWNGRADE
QA-901160,C-0043479,SLAB-503479,H-3379,2026-05-14T07:58:00Z,HOLD,SCALE,RELEASE
QA-901161,C-0043482,SLAB-503482,H-3379,2026-05-13T17:48:00Z,PASS,ROLLED_IN_SCALE,DOWNGRADE
QA-901162,C-0043485,SLAB-503485,H-3379,2026-05-13T09:07:00Z,PASS,ROLLED_IN_SCALE,REWORK
QA-901163,C-0043488,SLAB-503488,H-3380,2026-05-13T01:26:00Z,PASS,SCALE,RELEASE
QA-901164,C-0043491,SLAB-503491,H-3380,2026-05-13T15:13:00Z,PASS,ROLLED_IN_SCALE,RELEASE
QA-901165,C-0043494,SLAB-503494,H-3380,2026-05-12T19:01:00Z,HOLD,SCALE,REWORK
QA-901166,C-0043497,SLAB-503497,H-3381,2026-05-14T11:02:00Z,FAIL,SLIVER,REWORK
QA-901167,C-0043500,SLAB-503500,H-3381,2026-05-12T22:16:00Z,FAIL,INCLUSION,SCRAP
QA-901168,C-0043503,SLAB-503503,H-3381,2026-05-13T19:20:00Z,PASS,SCALE,REWORK
QA-901169,C-0043506,SLAB-503506,H-3382,2026-05-13T23:54:00Z,PASS,ROLLED_IN_SCALE,RELEASE
QA-901170,C-0043509,SLAB-503509,H-3382,2026-05-13T01:41:00Z,PASS,SCALE,DOWNGRADE
QA-901171,C-0043512,SLAB-503512,H-3382,2026-05-13T07:48:00Z,PASS,ROLLED_IN_SCALE,DOWNGRADE
QA-901172,C-0043515,SLAB-503515,H-3382,2026-05-14T07:08:00Z,HOLD,SLIVER,RELEASE
QA-901173,C-0043518,SLAB-503518,H-3383,2026-05-14T18:05:00Z,PASS,EDGE_CRACK,REWORK
QA-901174,C-0043521,SLAB-503521,H-3383,2026-05-14T16:09:00Z,HOLD,INCLUSION,REWORK
QA-901175,C-0043524,SLAB-503524,H-3383,2026-05-13T08:55:00Z,HOLD,SCALE,REWORK
QA-901176,C-0043527,SLAB-503527,H-3384,2026-05-14T08:32:00Z,PASS,EDGE_CRACK,SCRAP
QA-901177,C-0043530,SLAB-503530,H-3384,2026-05-13T04:26:00Z,PASS,EDGE_CRACK,REWORK
QA-901178,C-0043533,SLAB-503533,H-3384,2026-05-14T06:24:00Z,HOLD,EDGE_CRACK,DOWNGRADE
QA-901179,C-0043536,SLAB-503536,H-3385,2026-05-14T07:45:00Z,HOLD,SCALE,RELEASE
QA-901180,C-0043539,SLAB-503539,H-3385,2026-05-14T09:26:00Z,PASS,EDGE_CRACK,DOWNGRADE
QA-901181,C-0043542,SLAB-503542,H-3385,2026-05-13T08:24:00Z,PASS,INCLUSION,RELEASE
QA-901182,C-0043545,SLAB-503545,H-3385,2026-05-14T02:12:00Z,PASS,SLIVER,RELEASE
QA-901183,C-0043548,SLAB-503548,H-3386,2026-05-13T06:40:00Z,PASS,INCLUSION,REWORK
QA-901184,C-0043551,SLAB-503551,H-3386,2026-05-14T00:57:00Z,FAIL,SLIVER,REWORK
QA-901185,C-0043554,SLAB-503554,H-3387,2026-05-13T18:55:00Z,PASS,INCLUSION,RELEASE
QA-901186,C-0043557,SLAB-503557,H-3387,2026-05-13T10:16:00Z,HOLD,ROLLED_IN_SCALE,DOWNGRADE
QA-901187,C-0043560,SLAB-503560,H-3387,2026-05-13T02:17:00Z,PASS,ROLLED_IN_SCALE,REWORK
QA-901188,C-0043563,SLAB-503563,H-3387,2026-05-12T15:20:00Z,PASS,EDGE_CRACK,RELEASE
QA-901189,C-0043566,SLAB-503566,H-3388,2026-05-14T04:44:00Z,PASS,EDGE_CRACK,REWORK
QA-901190,C-0043569,SLAB-503569,H-3388,2026-05-13T14:04:00Z,PASS,INCLUSION,RELEASE
QA-901191,C-0043572,SLAB-503572,H-3388,2026-05-14T19:16:00Z,PASS,ROLLED_IN_SCALE,REWORK
QA-901192,C-0043575,SLAB-503575,H-3389,2026-05-13T14:14:00Z,HOLD,ROLLED_IN_SCALE,REWORK
QA-901193,C-0043578,SLAB-503578,H-3389,2026-05-13T21:22:00Z,PASS,SLIVER,REWORK
QA-901194,C-0043581,SLAB-503581,H-3389,2026-05-14T22:28:00Z,FAIL,ROLLED_IN_SCALE,RELEASE
QA-901195,C-0043584,SLAB-503584,H-3389,2026-05-13T17:11:00Z,PASS,INCLUSION,RELEASE
QA-901196,C-0043587,SLAB-503587,H-3390,2026-05-14T11:16:00Z,FAIL,EDGE_CRACK,SCRAP
QA-901197,C-0043590,SLAB-503590,H-3390,2026-05-14T09:04:00Z,HOLD,SCALE,RELEASE
QA-901198,C-0043593,SLAB-503593,H-3390,2026-05-12T21:30:00Z,PASS,ROLLED_IN_SCALE,REWORK
QA-901199,C-0043596,SLAB-503596,H-3390,2026-05-13T03:30:00Z,PASS,INCLUSION,REWORK
QA-901200,C-0043599,SLAB-503599,H-3391,2026-05-13T12:09:00Z,PASS,SCALE,DOWNGRADE
QA-901201,C-0043602,SLAB-503602,H-3391,2026-05-12T23:08:00Z,PASS,ROLLED_IN_SCALE,SCRAP
QA-901202,C-0043605,SLAB-503605,H-3391,2026-05-14T18:05:00Z,PASS,ROLLED_IN_SCALE,RELEASE
QA-901203,C-0043608,SLAB-503608,H-3392,2026-05-13T03:39:00Z,PASS,SLIVER,RELEASE
QA-901204,C-0043611,SLAB-503611,H-3392,2026-05-14T14:46:00Z,PASS,EDGE_CRACK,RELEASE
QA-901205,C-0043614,SLAB-503614,H-3392,2026-05-14T14:37:00Z,HOLD,SLIVER,SCRAP
QA-901206,C-0043617,SLAB-503617,H-3393,2026-05-14T14:26:00Z,FAIL,SLIVER,SCRAP
QA-901207,C-0043620,SLAB-503620,H-3393,2026-05-14T12:31:00Z,PASS,SLIVER,DOWNGRADE
QA-901208,C-0043623,SLAB-503623,H-3393,2026-05-13T20:20:00Z,PASS,SLIVER,SCRAP
QA-901209,C-0043626,SLAB-503626,H-3394,2026-05-14T13:07:00Z,PASS,SLIVER,SCRAP
QA-901210,C-0043629,SLAB-503629,H-3394,2026-05-14T04:56:00Z,PASS,SCALE,SCRAP
QA-901211,C-0043632,SLAB-503632,H-3394,2026-05-13T17:11:00Z,FAIL,SLIVER,DOWNGRADE
QA-901212,C-0043635,SLAB-503635,H-3394,2026-05-15T02:10:00Z,PASS,INCLUSION,RELEASE
QA-901213,C-0043638,SLAB-503638,H-3395,2026-05-14T11:48:00Z,FAIL,SLIVER,RELEASE
QA-901214,C-0043641,SLAB-503641,H-3395,2026-05-14T08:37:00Z,PASS,SLIVER,REWORK
QA-901215,C-0043644,SLAB-503644,H-3395,2026-05-12T17:39:00Z,HOLD,SLIVER,RELEASE
QA-901216,C-0043647,SLAB-503647,H-3396,2026-05-13T07:20:00Z,PASS,INCLUSION,RELEASE
QA-901217,C-0043650,SLAB-503650,H-3396,2026-05-13T15:32:00Z,FAIL,EDGE_CRACK,REWORK
QA-901218,C-0043653,SLAB-503653,H-3396,2026-05-13T21:21:00Z,FAIL,ROLLED_IN_SCALE,REWORK
QA-901219,C-0043656,SLAB-503656,H-3397,2026-05-14T20:32:00Z,FAIL,SCALE,DOWNGRADE
QA-901220,C-0043659,SLAB-503659,H-3397,2026-05-13T14:38:00Z,HOLD,SCALE,DOWNGRADE
QA-901221,C-0043662,SLAB-503662,H-3397,2026-05-14T20:53:00Z,PASS,INCLUSION,RELEASE
QA-901222,C-0043665,SLAB-503665,H-3397,2026-05-15T02:37:00Z,PASS,SLIVER,REWORK
QA-901223,C-0043668,SLAB-503668,H-3398,2026-05-13T19:03:00Z,FAIL,SLIVER,SCRAP
QA-901224,C-0043671,SLAB-503671,H-3398,2026-05-13T11:46:00Z,HOLD,EDGE_CRACK,RELEASE
QA-901225,C-0043674,SLAB-503674,H-3398,2026-05-14T07:02:00Z,PASS,INCLUSION,RELEASE
QA-901226,C-0043677,SLAB-503677,H-3399,2026-05-14T05:35:00Z,PASS,EDGE_CRACK,DOWNGRADE
QA-901227,C-0043680,SLAB-503680,H-3399,2026-05-14T10:10:00Z,PASS,ROLLED_IN_SCALE,RELEASE
QA-901228,C-0043683,SLAB-503683,H-3400,2026-05-14T01:52:00Z,PASS,INCLUSION,SCRAP
QA-901229,C-0043686,SLAB-503686,H-3400,2026-05-14T01:09:00Z,PASS,EDGE_CRACK,REWORK
QA-901230,C-0043689,SLAB-503689,H-3400,2026-05-15T03:13:00Z,PASS,EDGE_CRACK,RELEASE
QA-901231,C-0043692,SLAB-503692,H-3400,2026-05-13T23:12:00Z,PASS,ROLLED_IN_SCALE,DOWNGRADE
QA-901232,C-0043695,SLAB-503695,H-3401,2026-05-14T01:11:00Z,PASS,EDGE_CRACK,REWORK
QA-901233,C-0043698,SLAB-503698,H-3401,2026-05-15T12:46:00Z,FAIL,SCALE,SCRAP
QA-901234,C-0043701,SLAB-503701,H-3402,2026-05-14T03:04:00Z,PASS,EDGE_CRACK,REWORK
QA-901235,C-0043704,SLAB-503704,H-3402,2026-05-13T03:59:00Z,HOLD,EDGE_CRACK,REWORK
QA-901236,C-0043707,SLAB-503707,H-3402,2026-05-13T07:00:00Z,FAIL,ROLLED_IN_SCALE,RELEASE
QA-901237,C-0043710,SLAB-503710,H-3402,2026-05-14T07:07:00Z,PASS,EDGE_CRACK,RELEASE
QA-901238,C-0043713,SLAB-503713,H-3403,2026-05-15T12:03:00Z,PASS,EDGE_CRACK,RELEASE
QA-901239,C-0043716,SLAB-503716,H-3403,2026-05-13T12:19:00Z,PASS,EDGE_CRACK,REWORK
QA-901240,C-0043719,SLAB-503719,H-3403,2026-05-13T10:57:00Z,PASS,SLIVER,REWORK
QA-901241,C-0043722,SLAB-503722,H-3404,2026-05-14T02:54:00Z,HOLD,SCALE,DOWNGRADE
QA-901242,C-0043725,SLAB-503725,H-3404,2026-05-15T09:54:00Z,PASS,ROLLED_IN_SCALE,RELEASE
QA-901243,C-0043728,SLAB-503728,H-3405,2026-05-13T23:50:00Z,HOLD,ROLLED_IN_SCALE,DOWNGRADE
QA-901244,C-0043731,SLAB-503731,H-3405,2026-05-13T20:23:00Z,PASS,INCLUSION,SCRAP
QA-901245,C-0043734,SLAB-503734,H-3405,2026-05-13T23:11:00Z,HOLD,SCALE,DOWNGRADE
QA-901246,C-0043737,SLAB-503737,H-3406,2026-05-13T18:04:00Z,HOLD,INCLUSION,REWORK
QA-901247,C-0043740,SLAB-503740,H-3406,2026-05-14T09:43:00Z,HOLD,ROLLED_IN_SCALE,RELEASE
QA-901248,C-0043743,SLAB-503743,H-3406,2026-05-14T12:56:00Z,FAIL,INCLUSION,REWORK
QA-901249,C-0043746,SLAB-503746,H-3407,2026-05-13T17:10:00Z,PASS,SCALE,DOWNGRADE
QA-901250,C-0043749,SLAB-503749,H-3407,2026-05-14T00:09:00Z,PASS,ROLLED_IN_SCALE,DOWNGRADE
QA-901251,C-0043752,SLAB-503752,H-3407,2026-05-14T07:01:00Z,HOLD,SCALE,DOWNGRADE
QA-901252,C-0043755,SLAB-503755,H-3407,2026-05-14T23:36:00Z,HOLD,SCALE,SCRAP
QA-901253,C-0043758,SLAB-503758,H-3408,2026-05-14T03:50:00Z,FAIL,INCLUSION,SCRAP
QA-901254,C-0043761,SLAB-503761,H-3408,2026-05-14T00:26:00Z,FAIL,EDGE_CRACK,REWORK
QA-901255,C-0043764,SLAB-503764,H-3408,2026-05-14T18:35:00Z,PASS,INCLUSION,DOWNGRADE
QA-901256,C-0043767,SLAB-503767,H-3409,2026-05-14T15:20:00Z,PASS,SLIVER,REWORK
QA-901257,C-0043770,SLAB-503770,H-3409,2026-05-14T00:59:00Z,FAIL,INCLUSION,DOWNGRADE
QA-901258,C-0043773,SLAB-503773,H-3410,2026-05-14T22:49:00Z,HOLD,SLIVER,RELEASE
QA-901259,C-0043776,SLAB-503776,H-3410,2026-05-15T17:35:00Z,FAIL,EDGE_CRACK,RELEASE
QA-901260,C-0043779,SLAB-503779,H-3410,2026-05-15T20:43:00Z,PASS,SCALE,DOWNGRADE
QA-901261,C-0043782,SLAB-503782,H-3411,2026-05-14T07:38:00Z,HOLD,SCALE,RELEASE
QA-901262,C-0043785,SLAB-503785,H-3411,2026-05-15T02:24:00Z,PASS,INCLUSION,RELEASE
QA-901263,C-0043788,SLAB-503788,H-3411,2026-05-13T22:13:00Z,HOLD,ROLLED_IN_SCALE,RELEASE
QA-901264,C-0043791,SLAB-503791,H-3411,2026-05-15T06:47:00Z,FAIL,INCLUSION,RELEASE
QA-901265,C-0043794,SLAB-503794,H-3412,2026-05-14T18:03:00Z,FAIL,SCALE,RELEASE
QA-901266,C-0043797,SLAB-503797,H-3412,2026-05-14T13:07:00Z,PASS,EDGE_CRACK,DOWNGRADE
QA-901267,C-0043800,SLAB-503800,H-3412,2026-05-13T22:10:00Z,PASS,SCALE,RELEASE
QA-901268,C-0043803,SLAB-503803,H-3413,2026-05-13T06:15:00Z,PASS,SCALE,RELEASE
QA-901269,C-0043806,SLAB-503806,H-3413,2026-05-13T15:56:00Z,PASS,ROLLED_IN_SCALE,RELEASE
QA-901270,C-0043809,SLAB-503809,H-3413,2026-05-13T19:00:00Z,FAIL,ROLLED_IN_SCALE,RELEASE
QA-901271,C-0043812,SLAB-503812,H-3414,2026-05-13T18:20:00Z,PASS,INCLUSION,RELEASE
QA-901272,C-0043815,SLAB-503815,H-3414,2026-05-14T20:42:00Z,PASS,ROLLED_IN_SCALE,DOWNGRADE
QA-901273,C-0043818,SLAB-503818,H-3415,2026-05-14T17:40:00Z,PASS,INCLUSION,REWORK
QA-901274,C-0043821,SLAB-503821,H-3415,2026-05-15T02:25:00Z,HOLD,EDGE_CRACK,SCRAP
QA-901275,C-0043824,SLAB-503824,H-3416,2026-05-14T19:12:00Z,HOLD,INCLUSION,RELEASE
QA-901276,C-0043827,SLAB-503827,H-3416,2026-05-13T22:16:00Z,PASS,EDGE_CRACK,DOWNGRADE
QA-901277,C-0043830,SLAB-503830,H-3416,2026-05-14T21:53:00Z,FAIL,ROLLED_IN_SCALE,DOWNGRADE
QA-901278,C-0043833,SLAB-503833,H-3416,2026-05-14T16:09:00Z,PASS,SLIVER,DOWNGRADE
QA-901279,C-0043836,SLAB-503836,H-3417,2026-05-13T08:10:00Z,PASS,INCLUSION,DOWNGRADE
QA-901280,C-0043839,SLAB-503839,H-3417,2026-05-14T07:10:00Z,HOLD,ROLLED_IN_SCALE,RELEASE
QA-901281,C-0043842,SLAB-503842,H-3417,2026-05-15T14:08:00Z,HOLD,EDGE_CRACK,REWORK
QA-901282,C-0043845,SLAB-503845,H-3417,2026-05-14T08:09:00Z,PASS,ROLLED_IN_SCALE,SCRAP
QA-901283,C-0043848,SLAB-503848,H-3418,2026-05-14T11:10:00Z,FAIL,SCALE,REWORK
QA-901284,C-0043851,SLAB-503851,H-3418,2026-05-15T01:49:00Z,FAIL,SLIVER,REWORK
QA-901285,C-0043854,SLAB-503854,H-3418,2026-05-15T15:49:00Z,PASS,EDGE_CRACK,DOWNGRADE
QA-901286,C-0043857,SLAB-503857,H-3419,2026-05-15T05:56:00Z,HOLD,SLIVER,REWORK
QA-901287,C-0043860,SLAB-503860,H-3419,2026-05-15T16:05:00Z,HOLD,ROLLED_IN_SCALE,RELEASE
QA-901288,C-0043863,SLAB-503863,H-3419,2026-05-14T13:16:00Z,PASS,INCLUSION,SCRAP
QA-901289,C-0043866,SLAB-503866,H-3419,2026-05-14T23:10:00Z,FAIL,EDGE_CRACK,DOWNGRADE
QA-901290,C-0043869,SLAB-503869,H-3420,2026-05-14T17:17:00Z,PASS,INCLUSION,SCRAP
QA-901291,C-0043872,SLAB-503872,H-3420,2026-05-14T16:26:00Z,PASS,SLIVER,RELEASE
QA-901292,C-0043875,SLAB-503875,H-3421,2026-05-13T13:28:00Z,HOLD,SCALE,RELEASE
QA-901293,C-0043878,SLAB-503878,H-3421,2026-05-14T14:18:00Z,FAIL,EDGE_CRACK,DOWNGRADE
QA-901294,C-0043881,SLAB-503881,H-3421,2026-05-14T05:29:00Z,HOLD,ROLLED_IN_SCALE,REWORK
QA-901295,C-0043884,SLAB-503884,H-3422,2026-05-14T22:42:00Z,FAIL,SCALE,SCRAP
QA-901296,C-0043887,SLAB-503887,H-3422,2026-05-15T22:50:00Z,FAIL,SLIVER,SCRAP
QA-901297,C-0043890,SLAB-503890,H-3422,2026-05-15T23:38:00Z,PASS,ROLLED_IN_SCALE,SCRAP
QA-901298,C-0043893,SLAB-503893,H-3422,2026-05-14T16:31:00Z,HOLD,INCLUSION,RELEASE
QA-901299,C-0043896,SLAB-503896,H-3423,2026-05-14T21:51:00Z,PASS,INCLUSION,DOWNGRADE
QA-901300,C-0043899,SLAB-503899,H-3423,2026-05-15T11:47:00Z,PASS,SCALE,SCRAP
QA-901301,C-0043902,SLAB-503902,H-3423,2026-05-15T03:42:00Z,HOLD,ROLLED_IN_SCALE,REWORK
QA-901302,C-0043905,SLAB-503905,H-3424,2026-05-14T22:22:00Z,PASS,INCLUSION,SCRAP
QA-901303,C-0043908,SLAB-503908,H-3424,2026-05-14T11:35:00Z,PASS,SLIVER,RELEASE
QA-901304,C-0043911,SLAB-503911,H-3424,2026-05-14T06:26:00Z,PASS,SLIVER,DOWNGRADE
QA-901305,C-0043914,SLAB-503914,H-3424,2026-05-15T20:16:00Z,PASS,SCALE,SCRAP
QA-901306,C-0043917,SLAB-503917,H-3425,2026-05-15T04:42:00Z,PASS,SLIVER,SCRAP
QA-901307,C-0043920,SLAB-503920,H-3425,2026-05-16T02:02:00Z,FAIL,SLIVER,SCRAP
QA-901308,C-0043923,SLAB-503923,H-3425,2026-05-14T20:44:00Z,HOLD,ROLLED_IN_SCALE,REWORK
QA-901309,C-0043926,SLAB-503926,H-3426,2026-05-13T22:13:00Z,FAIL,EDGE_CRACK,REWORK
QA-901310,C-0043929,SLAB-503929,H-3426,2026-05-14T18:15:00Z,PASS,SLIVER,RELEASE
QA-901311,C-0043932,SLAB-503932,H-3426,2026-05-14T20:42:00Z,PASS,EDGE_CRACK,DOWNGRADE
QA-901312,C-0043935,SLAB-503935,H-3427,2026-05-14T06:10:00Z,PASS,EDGE_CRACK,REWORK
QA-901313,C-0043938,SLAB-503938,H-3427,2026-05-14T13:22:00Z,PASS,SLIVER,REWORK
QA-901314,C-0043941,SLAB-503941,H-3428,2026-05-15T21:23:00Z,PASS,ROLLED_IN_SCALE,REWORK
QA-901315,C-0043944,SLAB-503944,H-3428,2026-05-15T07:39:00Z,FAIL,SCALE,RELEASE
QA-901316,C-0043947,SLAB-503947,H-3428,2026-05-15T13:37:00Z,PASS,ROLLED_IN_SCALE,SCRAP
QA-901317,C-0043950,SLAB-503950,H-3429,2026-05-15T09:57:00Z,PASS,EDGE_CRACK,DOWNGRADE
QA-901318,C-0043953,SLAB-503953,H-3429,2026-05-15T23:32:00Z,FAIL,SCALE,RELEASE
QA-901319,C-0043956,SLAB-503956,H-3429,2026-05-15T04:40:00Z,PASS,ROLLED_IN_SCALE,RELEASE
QA-901320,C-0043959,SLAB-503959,H-3430,2026-05-15T20:22:00Z,HOLD,SCALE,SCRAP
QA-901321,C-0043962,SLAB-503962,H-3430,2026-05-15T05:10:00Z,PASS,SCALE,SCRAP
QA-901322,C-0043965,SLAB-503965,H-3430,2026-05-14T19:00:00Z,PASS,ROLLED_IN_SCALE,DOWNGRADE
QA-901323,C-0043968,SLAB-503968,H-3431,2026-05-15T09:50:00Z,PASS,SLIVER,REWORK
QA-901324,C-0043971,SLAB-503971,H-3431,2026-05-14T19:12:00Z,PASS,EDGE_CRACK,SCRAP
QA-901325,C-0043974,SLAB-503974,H-3432,2026-05-14T16:54:00Z,PASS,SLIVER,RELEASE
QA-901326,C-0043977,SLAB-503977,H-3432,2026-05-14T13:58:00Z,FAIL,EDGE_CRACK,RELEASE
QA-901327,C-0043980,SLAB-503980,H-3432,2026-05-16T14:02:00Z,HOLD,EDGE_CRACK,REWORK
QA-901328,C-0043983,SLAB-503983,H-3433,2026-05-16T08:34:00Z,PASS,ROLLED_IN_SCALE,DOWNGRADE
QA-901329,C-0043986,SLAB-503986,H-3433,2026-05-15T07:33:00Z,PASS,EDGE_CRACK,REWORK
QA-901330,C-0043989,SLAB-503989,H-3433,2026-05-15T14:51:00Z,PASS,SCALE,SCRAP
QA-901331,C-0043992,SLAB-503992,H-3433,2026-05-14T22:34:00Z,HOLD,SCALE,RELEASE
QA-901332,C-0043995,SLAB-503995,H-3434,2026-05-14T10:11:00Z,PASS,INCLUSION,REWORK
QA-901333,C-0043998,SLAB-503998,H-3434,2026-05-14T14:45:00Z,PASS,INCLUSION,SCRAP
QA-901334,C-0044001,SLAB-504001,H-3435,2026-05-13T23:22:00Z,HOLD,ROLLED_IN_SCALE,RELEASE
QA-901335,C-0044004,SLAB-504004,H-3435,2026-05-14T09:12:00Z,PASS,SLIVER,DOWNGRADE
QA-901336,C-0044007,SLAB-504007,H-3435,2026-05-14T20:17:00Z,HOLD,ROLLED_IN_SCALE,RELEASE
QA-901337,C-0044010,SLAB-504010,H-3436,2026-05-15T12:48:00Z,PASS,ROLLED_IN_SCALE,REWORK
QA-901338,C-0044013,SLAB-504013,H-3436,2026-05-14T08:31:00Z,PASS,SLIVER,RELEASE
QA-901339,C-0044016,SLAB-504016,H-3436,2026-05-14T18:18:00Z,HOLD,INCLUSION,RELEASE
QA-901340,C-0044019,SLAB-504019,H-3437,2026-05-14T19:13:00Z,FAIL,SLIVER,REWORK
QA-901341,C-0044022,SLAB-504022,H-3437,2026-05-15T11:40:00Z,PASS,SCALE,REWORK
QA-901342,C-0044025,SLAB-504025,H-3437,2026-05-15T22:08:00Z,PASS,SLIVER,REWORK
QA-901343,C-0044028,SLAB-504028,H-3438,2026-05-15T09:15:00Z,PASS,ROLLED_IN_SCALE,RELEASE
QA-901344,C-0044031,SLAB-504031,H-3438,2026-05-14T11:49:00Z,PASS,SCALE,SCRAP
QA-901345,C-0044034,SLAB-504034,H-3438,2026-05-14T22:04:00Z,FAIL,INCLUSION,SCRAP
QA-901346,C-0044037,SLAB-504037,H-3439,2026-05-15T05:59:00Z,PASS,ROLLED_IN_SCALE,DOWNGRADE
QA-901347,C-0044040,SLAB-504040,H-3439,2026-05-15T18:52:00Z,HOLD,EDGE_CRACK,RELEASE
QA-901348,C-0044043,SLAB-504043,H-3439,2026-05-14T12:58:00Z,PASS,EDGE_CRACK,REWORK
QA-901349,C-0044046,SLAB-504046,H-3440,2026-05-14T23:26:00Z,PASS,SLIVER,RELEASE
QA-901350,C-0044049,SLAB-504049,H-3440,2026-05-16T12:09:00Z,HOLD,SLIVER,RELEASE
QA-901351,C-0044052,SLAB-504052,H-3440,2026-05-14T23:10:00Z,PASS,ROLLED_IN_SCALE,REWORK
QA-901352,C-0044055,SLAB-504055,H-3440,2026-05-15T20:08:00Z,PASS,EDGE_CRACK,SCRAP
QA-901353,C-0044058,SLAB-504058,H-3441,2026-05-13T22:44:00Z,PASS,INCLUSION,RELEASE
QA-901354,C-0044061,SLAB-504061,H-3441,2026-05-15T17:00:00Z,PASS,SLIVER,DOWNGRADE
QA-901355,C-0044064,SLAB-504064,H-3442,2026-05-15T08:30:00Z,HOLD,INCLUSION,RELEASE
QA-901356,C-0044067,SLAB-504067,H-3442,2026-05-14T22:35:00Z,HOLD,SLIVER,REWORK
QA-901357,C-0044070,SLAB-504070,H-3442,2026-05-16T10:42:00Z,PASS,SLIVER,RELEASE
QA-901358,C-0044073,SLAB-504073,H-3443,2026-05-16T14:47:00Z,PASS,SCALE,DOWNGRADE
QA-901359,C-0044076,SLAB-504076,H-3443,2026-05-15T01:54:00Z,PASS,EDGE_CRACK,RELEASE
QA-901360,C-0044079,SLAB-504079,H-3443,2026-05-16T01:00:00Z,HOLD,SLIVER,SCRAP
QA-901361,C-0044082,SLAB-504082,H-3444,2026-05-14T22:51:00Z,PASS,EDGE_CRACK,REWORK
QA-901362,C-0044085,SLAB-504085,H-3444,2026-05-15T02:29:00Z,PASS,INCLUSION,DOWNGRADE
QA-901363,C-0044088,SLAB-504088,H-3445,2026-05-15T10:36:00Z,PASS,EDGE_CRACK,SCRAP
QA-901364,C-0044091,SLAB-504091,H-3445,2026-05-15T08:59:00Z,FAIL,SCALE,RELEASE
QA-901365,C-0044094,SLAB-504094,H-3445,2026-05-14T18:32:00Z,PASS,ROLLED_IN_SCALE,RELEASE
QA-901366,C-0044097,SLAB-504097,H-3446,2026-05-15T23:34:00Z,PASS,SLIVER,RELEASE
QA-901367,C-0044100,SLAB-504100,H-3446,2026-05-15T13:20:00Z,PASS,ROLLED_IN_SCALE,REWORK
QA-901368,C-0044103,SLAB-504103,H-3446,2026-05-15T02:12:00Z,PASS,SLIVER,REWORK
QA-901369,C-0044106,SLAB-504106,H-3447,2026-05-16T01:06:00Z,PASS,ROLLED_IN_SCALE,REWORK
QA-901370,C-0044109,SLAB-504109,H-3447,2026-05-14T20:03:00Z,PASS,ROLLED_IN_SCALE,REWORK
QA-901371,C-0044112,SLAB-504112,H-3447,2026-05-16T01:19:00Z,FAIL,SCALE,SCRAP
QA-901372,C-0044115,SLAB-504115,H-3448,2026-05-15T13:31:00Z,HOLD,EDGE_CRACK,DOWNGRADE
QA-901373,C-0044118,SLAB-504118,H-3448,2026-05-15T16:37:00Z,PASS,SCALE,SCRAP
QA-901374,C-0044121,SLAB-504121,H-3448,2026-05-15T13:42:00Z,HOLD,SLIVER,RELEASE
QA-901375,C-0044124,SLAB-504124,H-3449,2026-05-15T03:48:00Z,HOLD,SLIVER,RELEASE
QA-901376,C-0044127,SLAB-504127,H-3449,2026-05-16T15:45:00Z,PASS,ROLLED_IN_SCALE,SCRAP
QA-901377,C-0044130,SLAB-504130,H-3450,2026-05-16T10:36:00Z,PASS,EDGE_CRACK,REWORK
QA-901378,C-0044133,SLAB-504133,H-3450,2026-05-14T09:20:00Z,PASS,ROLLED_IN_SCALE,SCRAP
QA-901379,C-0044136,SLAB-504136,H-3450,2026-05-15T10:21:00Z,PASS,SLIVER,REWORK
QA-901380,C-0044139,SLAB-504139,H-3451,2026-05-15T22:12:00Z,HOLD,SLIVER,SCRAP
QA-901381,C-0044142,SLAB-504142,H-3451,2026-05-15T12:18:00Z,PASS,SLIVER,DOWNGRADE
QA-901382,C-0044145,SLAB-504145,H-3451,2026-05-17T01:23:00Z,HOLD,SLIVER,RELEASE
QA-901383,C-0044148,SLAB-504148,H-3452,2026-05-15T21:59:00Z,FAIL,INCLUSION,SCRAP
QA-901384,C-0044151,SLAB-504151,H-3452,2026-05-15T17:39:00Z,HOLD,EDGE_CRACK,REWORK
QA-901385,C-0044154,SLAB-504154,H-3452,2026-05-15T05:47:00Z,PASS,ROLLED_IN_SCALE,REWORK
QA-901386,C-0044157,SLAB-504157,H-3453,2026-05-16T16:13:00Z,PASS,SCALE,RELEASE
QA-901387,C-0044160,SLAB-504160,H-3453,2026-05-16T21:22:00Z,PASS,SCALE,RELEASE
QA-901388,C-0044163,SLAB-504163,H-3453,2026-05-14T22:17:00Z,PASS,SLIVER,RELEASE
QA-901389,C-0044166,SLAB-504166,H-3453,2026-05-16T23:07:00Z,HOLD,INCLUSION,SCRAP
QA-901390,C-0044169,SLAB-504169,H-3454,2026-05-16T08:51:00Z,FAIL,SCALE,REWORK
QA-901391,C-0044170,SLAB-504170,H-3454,2026-05-15T13:49:00Z,HOLD,EDGE_CRACK,REWORK
QA-901392,C-0044172,SLAB-504172,H-3454,2026-05-16T23:05:00Z,HOLD,INCLUSION,DOWNGRADE
QA-901393,C-0044175,SLAB-504175,H-3455,2026-05-15T11:35:00Z,PASS,SLIVER,RELEASE
QA-901394,C-0044178,SLAB-504178,H-3455,2026-05-15T09:34:00Z,FAIL,EDGE_CRACK,DOWNGRADE
QA-901395,C-0044181,SLAB-504181,H-3455,2026-05-15T10:28:00Z,PASS,INCLUSION,SCRAP
QA-901396,C-0044184,SLAB-504184,H-3456,2026-05-15T18:34:00Z,FAIL,ROLLED_IN_SCALE,RELEASE
QA-901397,C-0044187,SLAB-504187,H-3456,2026-05-15T13:41:00Z,PASS,SLIVER,RELEASE
QA-901398,C-0044190,SLAB-504190,H-3457,2026-05-15T03:13:00Z,FAIL,INCLUSION,SCRAP
QA-901399,C-0044193,SLAB-504193,H-3457,2026-05-15T16:00:00Z,FAIL,SCALE,SCRAP
QA-901400,C-0044196,SLAB-504196,H-3457,2026-05-15T09:06:00Z,HOLD,SLIVER,DOWNGRADE
QA-901401,C-0044199,SLAB-504199,H-3458,2026-05-15T16:49:00Z,PASS,SLIVER,RELEASE
QA-901402,C-0044202,SLAB-504202,H-3458,2026-05-16T07:46:00Z,PASS,SCALE,RELEASE
QA-901403,C-0044205,SLAB-504205,H-3459,2026-05-16T17:30:00Z,HOLD,EDGE_CRACK,RELEASE
QA-901404,C-0044208,SLAB-504208,H-3459,2026-05-16T02:01:00Z,PASS,SLIVER,DOWNGRADE
QA-901405,C-0044211,SLAB-504211,H-3459,2026-05-15T17:05:00Z,PASS,ROLLED_IN_SCALE,RELEASE
QA-901406,C-0044214,SLAB-504214,H-3459,2026-05-15T07:15:00Z,FAIL,EDGE_CRACK,SCRAP
QA-901407,C-0044217,SLAB-504217,H-3460,2026-05-16T14:59:00Z,PASS,INCLUSION,DOWNGRADE
QA-901408,C-0044220,SLAB-504220,H-3460,2026-05-16T03:19:00Z,FAIL,EDGE_CRACK,SCRAP
QA-901409,C-0044223,SLAB-504223,H-3461,2026-05-16T07:44:00Z,FAIL,INCLUSION,DOWNGRADE
QA-901410,C-0044226,SLAB-504226,H-3461,2026-05-16T15:21:00Z,HOLD,ROLLED_IN_SCALE,RELEASE
QA-901411,C-0044229,SLAB-504229,H-3461,2026-05-15T17:37:00Z,PASS,SCALE,RELEASE
QA-901412,C-0044232,SLAB-504232,H-3462,2026-05-15T22:19:00Z,PASS,EDGE_CRACK,RELEASE
QA-901413,C-0044235,SLAB-504235,H-3462,2026-05-15T11:19:00Z,PASS,SLIVER,REWORK
QA-901414,C-0044238,SLAB-504238,H-3462,2026-05-15T18:00:00Z,PASS,EDGE_CRACK,RELEASE
QA-901415,C-0044241,SLAB-504241,H-3463,2026-05-16T19:03:00Z,PASS,ROLLED_IN_SCALE,RELEASE
QA-901416,C-0044244,SLAB-504244,H-3463,2026-05-15T06:20:00Z,FAIL,SCALE,REWORK
QA-901417,C-0044247,SLAB-504247,H-3464,2026-05-16T19:10:00Z,FAIL,EDGE_CRACK,DOWNGRADE
QA-901418,C-0044250,SLAB-504250,H-3464,2026-05-15T13:11:00Z,PASS,ROLLED_IN_SCALE,RELEASE
QA-901419,C-0044253,SLAB-504253,H-3464,2026-05-16T20:53:00Z,HOLD,EDGE_CRACK,DOWNGRADE
QA-901420,C-0044256,SLAB-504256,H-3464,2026-05-15T20:11:00Z,PASS,ROLLED_IN_SCALE,REWORK
QA-901421,C-0044259,SLAB-504259,H-3465,2026-05-15T08:05:00Z,PASS,INCLUSION,SCRAP
QA-901422,C-0044262,SLAB-504262,H-3465,2026-05-14T22:06:00Z,PASS,SLIVER,RELEASE
QA-901423,C-0044265,SLAB-504265,H-3466,2026-05-16T22:08:00Z,PASS,SLIVER,RELEASE
QA-901424,C-0044268,SLAB-504268,H-3466,2026-05-14T16:54:00Z,FAIL,SCALE,DOWNGRADE
QA-901425,C-0044271,SLAB-504271,H-3466,2026-05-16T18:00:00Z,PASS,ROLLED_IN_SCALE,DOWNGRADE
QA-901426,C-0044274,SLAB-504274,H-3466,2026-05-15T07:20:00Z,PASS,SCALE,SCRAP
QA-901427,C-0044277,SLAB-504277,H-3467,2026-05-16T13:30:00Z,PASS,INCLUSION,RELEASE
QA-901428,C-0044280,SLAB-504280,H-3467,2026-05-16T10:21:00Z,HOLD,EDGE_CRACK,DOWNGRADE
QA-901429,C-0044283,SLAB-504283,H-3467,2026-05-15T21:44:00Z,PASS,EDGE_CRACK,SCRAP
QA-901430,C-0044286,SLAB-504286,H-3467,2026-05-16T07:36:00Z,PASS,SLIVER,SCRAP
QA-901431,C-0044289,SLAB-504289,H-3468,2026-05-16T00:12:00Z,PASS,SCALE,REWORK
QA-901432,C-0044292,SLAB-504292,H-3468,2026-05-15T08:12:00Z,HOLD,SLIVER,SCRAP
QA-901433,C-0044295,SLAB-504295,H-3468,2026-05-15T11:26:00Z,PASS,EDGE_CRACK,DOWNGRADE
QA-901434,C-0044298,SLAB-504298,H-3469,2026-05-16T18:14:00Z,FAIL,SCALE,RELEASE
QA-901435,C-0044301,SLAB-504301,H-3469,2026-05-17T04:11:00Z,FAIL,SCALE,DOWNGRADE
QA-901436,C-0044304,SLAB-504304,H-3470,2026-05-16T07:55:00Z,FAIL,EDGE_CRACK,DOWNGRADE
QA-901437,C-0044307,SLAB-504307,H-3470,2026-05-16T09:23:00Z,PASS,INCLUSION,SCRAP
QA-901438,C-0044310,SLAB-504310,H-3470,2026-05-15T17:45:00Z,PASS,SCALE,RELEASE
QA-901439,C-0044313,SLAB-504313,H-3470,2026-05-15T04:39:00Z,FAIL,SLIVER,REWORK
QA-901440,C-0044316,SLAB-504316,H-3471,2026-05-15T17:23:00Z,FAIL,ROLLED_IN_SCALE,SCRAP
QA-901441,C-0044319,SLAB-504319,H-3471,2026-05-16T23:16:00Z,PASS,ROLLED_IN_SCALE,RELEASE
QA-901442,C-0044322,SLAB-504322,H-3471,2026-05-16T18:39:00Z,PASS,ROLLED_IN_SCALE,DOWNGRADE
QA-901443,C-0044325,SLAB-504325,H-3472,2026-05-17T00:20:00Z,HOLD,SCALE,DOWNGRADE
QA-901444,C-0044328,SLAB-504328,H-3472,2026-05-15T04:07:00Z,PASS,EDGE_CRACK,RELEASE
QA-901445,C-0044331,SLAB-504331,H-3472,2026-05-15T09:16:00Z,PASS,ROLLED_IN_SCALE,REWORK
QA-901446,C-0044334,SLAB-504334,H-3472,2026-05-16T06:11:00Z,PASS,EDGE_CRACK,DOWNGRADE
QA-901447,C-0044337,SLAB-504337,H-3473,2026-05-15T18:53:00Z,HOLD,INCLUSION,RELEASE
QA-901448,C-0044340,SLAB-504340,H-3473,2026-05-15T06:04:00Z,PASS,ROLLED_IN_SCALE,SCRAP
QA-901449,C-0044343,SLAB-504343,H-3474,2026-05-15T17:39:00Z,PASS,INCLUSION,SCRAP
QA-901450,C-0044346,SLAB-504346,H-3474,2026-05-17T06:59:00Z,HOLD,SLIVER,DOWNGRADE
QA-901451,C-0044349,SLAB-504349,H-3474,2026-05-17T04:03:00Z,FAIL,SCALE,RELEASE
QA-901452,C-0044352,SLAB-504352,H-3475,2026-05-15T20:17:00Z,PASS,EDGE_CRACK,RELEASE
QA-901453,C-0044355,SLAB-504355,H-3475,2026-05-17T03:28:00Z,HOLD,SCALE,RELEASE
QA-901454,C-0044358,SLAB-504358,H-3475,2026-05-15T23:25:00Z,HOLD,EDGE_CRACK,SCRAP
QA-901455,C-0044361,SLAB-504361,H-3476,2026-05-16T02:49:00Z,PASS,EDGE_CRACK,RELEASE
QA-901456,C-0044364,SLAB-504364,H-3476,2026-05-16T18:38:00Z,FAIL,ROLLED_IN_SCALE,REWORK
QA-901457,C-0044367,SLAB-504367,H-3476,2026-05-15T06:18:00Z,PASS,SLIVER,RELEASE
QA-901458,C-0044370,SLAB-504370,H-3477,2026-05-16T18:34:00Z,PASS,ROLLED_IN_SCALE,REWORK
QA-901459,C-0044373,SLAB-504373,H-3477,2026-05-16T02:43:00Z,PASS,EDGE_CRACK,RELEASE
QA-901460,C-0044376,SLAB-504376,H-3477,2026-05-17T07:53:00Z,PASS,SCALE,RELEASE
QA-901461,C-0044379,SLAB-504379,H-3478,2026-05-15T20:54:00Z,HOLD,INCLUSION,DOWNGRADE
QA-901462,C-0044382,SLAB-504382,H-3478,2026-05-15T22:58:00Z,PASS,SLIVER,RELEASE
QA-901463,C-0044385,SLAB-504385,H-3478,2026-05-16T09:08:00Z,PASS,INCLUSION,DOWNGRADE
QA-901464,C-0044388,SLAB-504388,H-3478,2026-05-16T07:05:00Z,PASS,INCLUSION,SCRAP
QA-901465,C-0044391,SLAB-504391,H-3479,2026-05-17T20:43:00Z,PASS,ROLLED_IN_SCALE,RELEASE
QA-901466,C-0044394,SLAB-504394,H-3479,2026-05-15T22:04:00Z,PASS,SLIVER,REWORK
QA-901467,C-0044397,SLAB-504397,H-3480,2026-05-17T03:33:00Z,PASS,INCLUSION,DOWNGRADE
QA-901468,C-0044400,SLAB-504400,H-3480,2026-05-16T18:12:00Z,PASS,INCLUSION,DOWNGRADE
QA-901469,C-0044403,SLAB-504403,H-3480,2026-05-16T22:44:00Z,PASS,EDGE_CRACK,SCRAP
QA-901470,C-0044406,SLAB-504406,H-3481,2026-05-17T10:41:00Z,FAIL,SCALE,DOWNGRADE
QA-901471,C-0044409,SLAB-504409,H-3481,2026-05-16T10:07:00Z,PASS,EDGE_CRACK,REWORK
QA-901472,C-0044412,SLAB-504412,H-3481,2026-05-16T05:08:00Z,PASS,ROLLED_IN_SCALE,SCRAP
QA-901473,C-0044415,SLAB-504415,H-3482,2026-05-16T12:43:00Z,HOLD,SLIVER,SCRAP
QA-901474,C-0044418,SLAB-504418,H-3482,2026-05-16T23:47:00Z,PASS,EDGE_CRACK,DOWNGRADE
QA-901475,C-0044421,SLAB-504421,H-3482,2026-05-16T10:55:00Z,PASS,INCLUSION,DOWNGRADE
QA-901476,C-0044424,SLAB-504424,H-3483,2026-05-17T09:56:00Z,FAIL,SLIVER,REWORK
QA-901477,C-0044427,SLAB-504427,H-3483,2026-05-15T11:13:00Z,PASS,SLIVER,RELEASE
QA-901478,C-0044430,SLAB-504430,H-3484,2026-05-16T10:18:00Z,PASS,SCALE,REWORK
QA-901479,C-0044433,SLAB-504433,H-3484,2026-05-16T04:11:00Z,PASS,SLIVER,RELEASE
QA-901480,C-0044436,SLAB-504436,H-3484,2026-05-16T04:27:00Z,HOLD,ROLLED_IN_SCALE,REWORK
QA-901481,C-0044439,SLAB-504439,H-3485,2026-05-16T06:54:00Z,PASS,SLIVER,RELEASE
QA-901482,C-0044442,SLAB-504442,H-3485,2026-05-17T12:09:00Z,HOLD,SCALE,DOWNGRADE
QA-901483,C-0044445,SLAB-504445,H-3485,2026-05-16T20:03:00Z,PASS,SLIVER,REWORK
QA-901484,C-0044448,SLAB-504448,H-3486,2026-05-15T20:41:00Z,PASS,SCALE,REWORK
QA-901485,C-0044451,SLAB-504451,H-3486,2026-05-16T05:38:00Z,PASS,INCLUSION,RELEASE
QA-901486,C-0044454,SLAB-504454,H-3486,2026-05-16T00:39:00Z,PASS,EDGE_CRACK,RELEASE
QA-901487,C-0044457,SLAB-504457,H-3487,2026-05-16T05:11:00Z,PASS,SLIVER,REWORK
QA-901488,C-0044460,SLAB-504460,H-3487,2026-05-17T05:34:00Z,PASS,SCALE,RELEASE
QA-901489,C-0044463,SLAB-504463,H-3487,2026-05-17T06:11:00Z,PASS,ROLLED_IN_SCALE,REWORK
QA-901490,C-0044466,SLAB-504466,H-3488,2026-05-17T03:22:00Z,PASS,INCLUSION,REWORK
QA-901491,C-0044469,SLAB-504469,H-3488,2026-05-17T03:39:00Z,HOLD,ROLLED_IN_SCALE,RELEASE
QA-901492,C-0044472,SLAB-504472,H-3488,2026-05-16T14:17:00Z,PASS,SCALE,DOWNGRADE
QA-901493,C-0044475,SLAB-504475,H-3488,2026-05-15T12:16:00Z,PASS,SCALE,SCRAP
QA-901494,C-0044478,SLAB-504478,H-3489,2026-05-17T02:49:00Z,FAIL,ROLLED_IN_SCALE,RELEASE
QA-901495,C-0044481,SLAB-504481,H-3489,2026-05-16T03:35:00Z,PASS,SCALE,SCRAP
QA-901496,C-0044484,SLAB-504484,H-3490,2026-05-17T17:56:00Z,PASS,SLIVER,RELEASE
QA-901497,C-0044487,SLAB-504487,H-3490,2026-05-16T04:25:00Z,PASS,SCALE,REWORK
QA-901498,C-0044490,SLAB-504490,H-3490,2026-05-16T04:56:00Z,HOLD,EDGE_CRACK,RELEASE
QA-901499,C-0044493,SLAB-504493,H-3491,2026-05-17T07:35:00Z,HOLD,ROLLED_IN_SCALE,DOWNGRADE
QA-901500,C-0044496,SLAB-504496,H-3491,2026-05-16T13:31:00Z,PASS,EDGE_CRACK,DOWNGRADE
QA-901501,C-0044499,SLAB-504499,H-3492,2026-05-17T02:03:00Z,FAIL,EDGE_CRACK,REWORK
QA-901502,C-0044502,SLAB-504502,H-3492,2026-05-17T05:09:00Z,PASS,EDGE_CRACK,DOWNGRADE
QA-901503,C-0044505,SLAB-504505,H-3492,2026-05-17T00:36:00Z,HOLD,ROLLED_IN_SCALE,RELEASE
QA-901504,C-0044508,SLAB-504508,H-3493,2026-05-16T05:26:00Z,PASS,EDGE_CRACK,REWORK
QA-901505,C-0044511,SLAB-504511,H-3493,2026-05-17T04:41:00Z,FAIL,SLIVER,SCRAP
QA-901506,C-0044514,SLAB-504514,H-3493,2026-05-16T11:10:00Z,HOLD,EDGE_CRACK,SCRAP
QA-901507,C-0044517,SLAB-504517,H-3494,2026-05-16T17:27:00Z,PASS,EDGE_CRACK,REWORK
QA-901508,C-0044520,SLAB-504520,H-3494,2026-05-16T00:09:00Z,PASS,EDGE_CRACK,SCRAP
QA-901509,C-0044523,SLAB-504523,H-3494,2026-05-15T22:29:00Z,PASS,SCALE,REWORK
QA-901510,C-0044526,SLAB-504526,H-3495,2026-05-17T01:59:00Z,HOLD,INCLUSION,RELEASE
QA-901511,C-0044529,SLAB-504529,H-3495,2026-05-17T10:58:00Z,FAIL,INCLUSION,RELEASE
QA-901512,C-0044532,SLAB-504532,H-3495,2026-05-16T17:16:00Z,FAIL,INCLUSION,DOWNGRADE
QA-901513,C-0044535,SLAB-504535,H-3495,2026-05-15T21:08:00Z,PASS,EDGE_CRACK,SCRAP
QA-901514,C-0044538,SLAB-504538,H-3496,2026-05-15T13:24:00Z,HOLD,EDGE_CRACK,REWORK
QA-901515,C-0044541,SLAB-504541,H-3496,2026-05-16T02:26:00Z,PASS,INCLUSION,RELEASE
QA-901516,C-0044544,SLAB-504544,H-3497,2026-05-17T19:01:00Z,FAIL,ROLLED_IN_SCALE,DOWNGRADE
QA-901517,C-0044547,SLAB-504547,H-3497,2026-05-16T07:46:00Z,PASS,ROLLED_IN_SCALE,RELEASE
QA-901518,C-0044550,SLAB-504550,H-3497,2026-05-18T08:06:00Z,PASS,SLIVER,REWORK
QA-901519,C-0044553,SLAB-504553,H-3498,2026-05-16T13:27:00Z,PASS,SLIVER,RELEASE
QA-901520,C-0044556,SLAB-504556,H-3498,2026-05-17T08:57:00Z,HOLD,SCALE,DOWNGRADE
QA-901521,C-0044559,SLAB-504559,H-3498,2026-05-16T19:11:00Z,PASS,ROLLED_IN_SCALE,DOWNGRADE
QA-901522,C-0044562,SLAB-504562,H-3499,2026-05-16T16:28:00Z,PASS,INCLUSION,RELEASE
QA-901523,C-0044565,SLAB-504565,H-3499,2026-05-17T01:51:00Z,HOLD,SLIVER,RELEASE
QA-901524,C-0044568,SLAB-504568,H-3499,2026-05-17T22:59:00Z,PASS,SLIVER,RELEASE
QA-901525,C-0044571,SLAB-504571,H-3500,2026-05-17T06:04:00Z,HOLD,SCALE,RELEASE
QA-901526,C-0044574,SLAB-504574,H-3500,2026-05-17T17:18:00Z,HOLD,ROLLED_IN_SCALE,DOWNGRADE
QA-901527,C-0044577,SLAB-504577,H-3500,2026-05-17T18:46:00Z,PASS,SLIVER,SCRAP
QA-901528,C-0044580,SLAB-504580,H-3501,2026-05-16T20:12:00Z,PASS,EDGE_CRACK,DOWNGRADE
QA-901529,C-0044583,SLAB-504583,H-3501,2026-05-16T11:59:00Z,PASS,SLIVER,RELEASE
QA-901530,C-0044586,SLAB-504586,H-3502,2026-05-16T21:32:00Z,HOLD,EDGE_CRACK,DOWNGRADE
QA-901531,C-0044589,SLAB-504589,H-3502,2026-05-17T10:41:00Z,FAIL,INCLUSION,DOWNGRADE
QA-901532,C-0044592,SLAB-504592,H-3502,2026-05-18T05:30:00Z,HOLD,EDGE_CRACK,RELEASE
QA-901533,C-0044595,SLAB-504595,H-3503,2026-05-17T23:29:00Z,PASS,EDGE_CRACK,SCRAP
QA-901534,C-0044598,SLAB-504598,H-3503,2026-05-16T11:07:00Z,PASS,SLIVER,RELEASE
QA-901535,C-0044601,SLAB-504601,H-3503,2026-05-18T14:12:00Z,PASS,ROLLED_IN_SCALE,REWORK
QA-901536,C-0044604,SLAB-504604,H-3503,2026-05-18T00:28:00Z,PASS,INCLUSION,RELEASE
QA-901537,C-0044607,SLAB-504607,H-3504,2026-05-16T19:23:00Z,PASS,INCLUSION,SCRAP
QA-901538,C-0044610,SLAB-504610,H-3504,2026-05-17T13:06:00Z,FAIL,EDGE_CRACK,DOWNGRADE
QA-901539,C-0044613,SLAB-504613,H-3504,2026-05-17T13:54:00Z,PASS,INCLUSION,SCRAP
QA-901540,C-0044616,SLAB-504616,H-3505,2026-05-17T03:58:00Z,PASS,SCALE,RELEASE
QA-901541,C-0044619,SLAB-504619,H-3505,2026-05-16T21:56:00Z,HOLD,INCLUSION,SCRAP
QA-901542,C-0044622,SLAB-504622,H-3505,2026-05-18T00:58:00Z,PASS,INCLUSION,REWORK
QA-901543,C-0044625,SLAB-504625,H-3506,2026-05-17T03:24:00Z,PASS,INCLUSION,RELEASE
QA-901544,C-0044628,SLAB-504628,H-3506,2026-05-17T19:11:00Z,FAIL,SLIVER,SCRAP
QA-901545,C-0044631,SLAB-504631,H-3506,2026-05-17T14:20:00Z,HOLD,INCLUSION,DOWNGRADE
QA-901546,C-0044634,SLAB-504634,H-3506,2026-05-17T21:40:00Z,PASS,ROLLED_IN_SCALE,SCRAP
QA-901547,C-0044637,SLAB-504637,H-3507,2026-05-17T16:00:00Z,PASS,INCLUSION,DOWNGRADE
QA-901548,C-0044640,SLAB-504640,H-3507,2026-05-18T10:20:00Z,FAIL,SLIVER,RELEASE
QA-901549,C-0044643,SLAB-504643,H-3508,2026-05-17T12:49:00Z,PASS,EDGE_CRACK,SCRAP
QA-901550,C-0044646,SLAB-504646,H-3508,2026-05-17T00:21:00Z,HOLD,INCLUSION,SCRAP
QA-901551,C-0044649,SLAB-504649,H-3508,2026-05-17T22:44:00Z,PASS,ROLLED_IN_SCALE,REWORK
QA-901552,C-0044652,SLAB-504652,H-3509,2026-05-17T00:34:00Z,PASS,INCLUSION,SCRAP
QA-901553,C-0044655,SLAB-504655,H-3509,2026-05-18T09:34:00Z,FAIL,ROLLED_IN_SCALE,DOWNGRADE
QA-901554,C-0044658,SLAB-504658,H-3509,2026-05-17T18:50:00Z,PASS,SLIVER,DOWNGRADE
QA-901555,C-0044661,SLAB-504661,H-3510,2026-05-17T06:52:00Z,FAIL,ROLLED_IN_SCALE,SCRAP
QA-901556,C-0044664,SLAB-504664,H-3510,2026-05-17T20:44:00Z,FAIL,INCLUSION,RELEASE
QA-901557,C-0044667,SLAB-504667,H-3510,2026-05-17T10:44:00Z,PASS,SCALE,SCRAP
QA-901558,C-0044670,SLAB-504670,H-3511,2026-05-17T21:55:00Z,HOLD,INCLUSION,SCRAP
QA-901559,C-0044673,SLAB-504673,H-3511,2026-05-17T17:33:00Z,HOLD,INCLUSION,REWORK
QA-901560,C-0044676,SLAB-504676,H-3511,2026-05-17T22:40:00Z,PASS,INCLUSION,SCRAP
QA-901561,C-0044679,SLAB-504679,H-3512,2026-05-17T09:55:00Z,PASS,ROLLED_IN_SCALE,SCRAP
QA-901562,C-0044682,SLAB-504682,H-3512,2026-05-18T11:23:00Z,HOLD,INCLUSION,SCRAP
QA-901563,C-0044685,SLAB-504685,H-3513,2026-05-17T07:19:00Z,HOLD,INCLUSION,SCRAP
QA-901564,C-0044688,SLAB-504688,H-3513,2026-05-17T08:52:00Z,PASS,EDGE_CRACK,REWORK
QA-901565,C-0044691,SLAB-504691,H-3513,2026-05-18T08:24:00Z,HOLD,EDGE_CRACK,RELEASE
QA-901566,C-0044694,SLAB-504694,H-3513,2026-05-17T05:15:00Z,PASS,SLIVER,RELEASE
QA-901567,C-0044697,SLAB-504697,H-3514,2026-05-16T23:14:00Z,FAIL,EDGE_CRACK,REWORK
QA-901568,C-0044700,SLAB-504700,H-3514,2026-05-17T07:51:00Z,PASS,INCLUSION,DOWNGRADE
QA-901569,C-0044703,SLAB-504703,H-3514,2026-05-18T08:14:00Z,PASS,INCLUSION,REWORK
QA-901570,C-0044706,SLAB-504706,H-3515,2026-05-16T22:53:00Z,PASS,SLIVER,DOWNGRADE
QA-901571,C-0044709,SLAB-504709,H-3515,2026-05-18T08:31:00Z,PASS,INCLUSION,RELEASE
QA-901572,C-0044712,SLAB-504712,H-3516,2026-05-17T17:09:00Z,FAIL,ROLLED_IN_SCALE,RELEASE
QA-901573,C-0044715,SLAB-504715,H-3516,2026-05-17T14:12:00Z,PASS,INCLUSION,RELEASE
QA-901574,C-0044718,SLAB-504718,H-3517,2026-05-17T14:26:00Z,FAIL,INCLUSION,RELEASE
QA-901575,C-0044721,SLAB-504721,H-3517,2026-05-17T17:46:00Z,PASS,ROLLED_IN_SCALE,SCRAP
QA-901576,C-0044724,SLAB-504724,H-3517,2026-05-17T02:27:00Z,PASS,SCALE,DOWNGRADE
QA-901577,C-0044727,SLAB-504727,H-3518,2026-05-17T04:28:00Z,PASS,EDGE_CRACK,RELEASE
QA-901578,C-0044730,SLAB-504730,H-3518,2026-05-18T09:18:00Z,PASS,SLIVER,RELEASE
QA-901579,C-0044733,SLAB-504733,H-3518,2026-05-16T23:27:00Z,PASS,SCALE,DOWNGRADE
QA-901580,C-0044736,SLAB-504736,H-3519,2026-05-17T07:12:00Z,HOLD,SCALE,RELEASE
QA-901581,C-0044739,SLAB-504739,H-3519,2026-05-17T09:41:00Z,FAIL,EDGE_CRACK,DOWNGRADE
QA-901582,C-0044742,SLAB-504742,H-3519,2026-05-18T22:04:00Z,PASS,INCLUSION,DOWNGRADE
QA-901583,C-0044745,SLAB-504745,H-3520,2026-05-19T01:00:00Z,PASS,ROLLED_IN_SCALE,SCRAP
QA-901584,C-0044748,SLAB-504748,H-3520,2026-05-16T22:06:00Z,PASS,ROLLED_IN_SCALE,SCRAP
QA-901585,C-0044751,SLAB-504751,H-3520,2026-05-17T07:59:00Z,HOLD,ROLLED_IN_SCALE,RELEASE
QA-901586,C-0044754,SLAB-504754,H-3521,2026-05-17T04:24:00Z,PASS,ROLLED_IN_SCALE,RELEASE
QA-901587,C-0044757,SLAB-504757,H-3521,2026-05-19T04:24:00Z,PASS,EDGE_CRACK,RELEASE
QA-901588,C-0044760,SLAB-504760,H-3521,2026-05-17T21:54:00Z,PASS,SCALE,RELEASE
QA-901589,C-0044763,SLAB-504763,H-3521,2026-05-16T23:49:00Z,HOLD,SLIVER,DOWNGRADE
QA-901590,C-0044766,SLAB-504766,H-3522,2026-05-17T05:16:00Z,FAIL,INCLUSION,SCRAP
QA-901591,C-0044769,SLAB-504769,H-3522,2026-05-17T11:22:00Z,FAIL,INCLUSION,RELEASE
QA-901592,C-0044772,SLAB-504772,H-3522,2026-05-18T02:48:00Z,PASS,EDGE_CRACK,RELEASE
QA-901593,C-0044775,SLAB-504775,H-3523,2026-05-18T16:26:00Z,PASS,SLIVER,REWORK
QA-901594,C-0044778,SLAB-504778,H-3523,2026-05-17T23:34:00Z,FAIL,SCALE,DOWNGRADE
QA-901595,C-0044781,SLAB-504781,H-3523,2026-05-16T21:45:00Z,FAIL,EDGE_CRACK,DOWNGRADE
QA-901596,C-0044784,SLAB-504784,H-3524,2026-05-16T18:30:00Z,PASS,INCLUSION,RELEASE
QA-901597,C-0044787,SLAB-504787,H-3524,2026-05-18T04:35:00Z,PASS,SCALE,RELEASE
QA-901598,C-0044790,SLAB-504790,H-3524,2026-05-17T16:53:00Z,HOLD,SLIVER,RELEASE
QA-901599,C-0044793,SLAB-504793,H-3525,2026-05-17T19:02:00Z,PASS,SLIVER,RELEASE
QA-901600,C-0044796,SLAB-504796,H-3525,2026-05-18T21:22:00Z,PASS,INCLUSION,SCRAP
QA-901601,C-0044799,SLAB-504799,H-3525,2026-05-18T15:03:00Z,FAIL,SLIVER,SCRAP
QA-901602,C-0044802,SLAB-504802,H-3525,2026-05-18T13:24:00Z,FAIL,SLIVER,RELEASE
QA-901603,C-0044805,SLAB-504805,H-3526,2026-05-17T17:11:00Z,PASS,INCLUSION,RELEASE
QA-901604,C-0044808,SLAB-504808,H-3526,2026-05-17T16:44:00Z,PASS,SLIVER,RELEASE
QA-901605,C-0044811,SLAB-504811,H-3526,2026-05-17T03:47:00Z,HOLD,SCALE,REWORK
QA-901606,C-0044814,SLAB-504814,H-3527,2026-05-18T16:11:00Z,FAIL,ROLLED_IN_SCALE,SCRAP
QA-901607,C-0044817,SLAB-504817,H-3527,2026-05-17T02:45:00Z,PASS,SLIVER,DOWNGRADE
QA-901608,C-0044820,SLAB-504820,H-3527,2026-05-16T22:32:00Z,PASS,INCLUSION,DOWNGRADE
QA-901609,C-0044823,SLAB-504823,H-3528,2026-05-17T09:25:00Z,PASS,EDGE_CRACK,RELEASE
QA-901610,C-0044826,SLAB-504826,H-3528,2026-05-16T15:44:00Z,FAIL,SCALE,SCRAP
QA-901611,C-0044829,SLAB-504829,H-3528,2026-05-17T23:35:00Z,HOLD,ROLLED_IN_SCALE,RELEASE
QA-901612,C-0044832,SLAB-504832,H-3529,2026-05-17T13:57:00Z,FAIL,EDGE_CRACK,REWORK
QA-901613,C-0044835,SLAB-504835,H-3529,2026-05-18T16:12:00Z,PASS,SLIVER,RELEASE
QA-901614,C-0044838,SLAB-504838,H-3529,2026-05-17T22:57:00Z,PASS,ROLLED_IN_SCALE,REWORK
QA-901615,C-0044841,SLAB-504841,H-3530,2026-05-18T15:57:00Z,FAIL,SLIVER,SCRAP
QA-901616,C-0044844,SLAB-504844,H-3530,2026-05-18T12:44:00Z,PASS,INCLUSION,RELEASE
QA-901617,C-0044847,SLAB-504847,H-3530,2026-05-17T01:51:00Z,PASS,SLIVER,RELEASE
QA-901618,C-0044850,SLAB-504850,H-3531,2026-05-17T11:37:00Z,PASS,SCALE,DOWNGRADE
QA-901619,C-0044853,SLAB-504853,H-3531,2026-05-16T19:30:00Z,PASS,EDGE_CRACK,DOWNGRADE
QA-901620,C-0044856,SLAB-504856,H-3531,2026-05-17T05:15:00Z,PASS,INCLUSION,SCRAP
QA-901621,C-0044859,SLAB-504859,H-3532,2026-05-17T04:13:00Z,HOLD,SLIVER,REWORK
QA-901622,C-0044862,SLAB-504862,H-3532,2026-05-17T14:33:00Z,PASS,SCALE,SCRAP
QA-901623,C-0044865,SLAB-504865,H-3532,2026-05-18T04:29:00Z,HOLD,SLIVER,REWORK
QA-901624,C-0044868,SLAB-504868,H-3533,2026-05-19T00:10:00Z,FAIL,SCALE,SCRAP
QA-901625,C-0044871,SLAB-504871,H-3533,2026-05-18T11:35:00Z,PASS,INCLUSION,RELEASE
QA-901626,C-0044874,SLAB-504874,H-3533,2026-05-18T08:54:00Z,PASS,SCALE,REWORK
QA-901627,C-0044877,SLAB-504877,H-3534,2026-05-17T20:25:00Z,PASS,ROLLED_IN_SCALE,RELEASE
QA-901628,C-0044880,SLAB-504880,H-3534,2026-05-17T22:52:00Z,PASS,INCLUSION,SCRAP
QA-901629,C-0044883,SLAB-504883,H-3534,2026-05-19T05:35:00Z,HOLD,INCLUSION,RELEASE
QA-901630,C-0044886,SLAB-504886,H-3535,2026-05-18T15:25:00Z,PASS,EDGE_CRACK,DOWNGRADE
QA-901631,C-0044889,SLAB-504889,H-3535,2026-05-18T19:18:00Z,FAIL,SCALE,SCRAP
QA-901632,C-0044892,SLAB-504892,H-3535,2026-05-17T17:44:00Z,PASS,EDGE_CRACK,RELEASE
QA-901633,C-0044895,SLAB-504895,H-3536,2026-05-18T16:43:00Z,FAIL,SLIVER,SCRAP
QA-901634,C-0044898,SLAB-504898,H-3536,2026-05-17T16:29:00Z,PASS,SCALE,RELEASE
QA-901635,C-0044901,SLAB-504901,H-3536,2026-05-16T15:36:00Z,PASS,EDGE_CRACK,RELEASE
QA-901636,C-0044904,SLAB-504904,H-3537,2026-05-19T06:09:00Z,HOLD,INCLUSION,DOWNGRADE
QA-901637,C-0044907,SLAB-504907,H-3537,2026-05-17T20:41:00Z,HOLD,SLIVER,REWORK
QA-901638,C-0044910,SLAB-504910,H-3538,2026-05-19T03:14:00Z,PASS,SCALE,REWORK
QA-901639,C-0044913,SLAB-504913,H-3538,2026-05-18T04:11:00Z,FAIL,SLIVER,RELEASE
QA-901640,C-0044916,SLAB-504916,H-3538,2026-05-18T08:35:00Z,PASS,SLIVER,RELEASE
QA-901641,C-0044919,SLAB-504919,H-3538,2026-05-18T22:35:00Z,PASS,EDGE_CRACK,RELEASE
QA-901642,C-0044922,SLAB-504922,H-3539,2026-05-19T07:21:00Z,HOLD,ROLLED_IN_SCALE,SCRAP
QA-901643,C-0044925,SLAB-504925,H-3539,2026-05-18T21:02:00Z,HOLD,SCALE,REWORK
QA-901644,C-0044928,SLAB-504928,H-3539,2026-05-18T06:29:00Z,PASS,EDGE_CRACK,REWORK
QA-901645,C-0044931,SLAB-504931,H-3540,2026-05-17T14:22:00Z,PASS,SCALE,RELEASE
QA-901646,C-0044934,SLAB-504934,H-3540,2026-05-17T17:42:00Z,PASS,SCALE,REWORK
QA-901647,C-0044937,SLAB-504937,H-3540,2026-05-19T10:35:00Z,PASS,INCLUSION,RELEASE
QA-901648,C-0044940,SLAB-504940,H-3541,2026-05-17T23:11:00Z,PASS,ROLLED_IN_SCALE,REWORK
QA-901649,C-0044943,SLAB-504943,H-3541,2026-05-18T16:08:00Z,HOLD,EDGE_CRACK,DOWNGRADE
QA-901650,C-0044946,SLAB-504946,H-3541,2026-05-17T23:28:00Z,HOLD,SCALE,DOWNGRADE
QA-901651,C-0044949,SLAB-504949,H-3542,2026-05-18T18:44:00Z,FAIL,SLIVER,DOWNGRADE
QA-901652,C-0044952,SLAB-504952,H-3542,2026-05-19T10:54:00Z,FAIL,INCLUSION,REWORK
QA-901653,C-0044955,SLAB-504955,H-3542,2026-05-18T07:59:00Z,FAIL,INCLUSION,REWORK
QA-901654,C-0044958,SLAB-504958,H-3543,2026-05-17T09:58:00Z,PASS,INCLUSION,RELEASE
QA-901655,C-0044961,SLAB-504961,H-3543,2026-05-18T00:31:00Z,FAIL,EDGE_CRACK,RELEASE
QA-901656,C-0044964,SLAB-504964,H-3543,2026-05-18T07:39:00Z,PASS,INCLUSION,RELEASE
QA-901657,C-0044967,SLAB-504967,H-3543,2026-05-17T22:33:00Z,PASS,INCLUSION,DOWNGRADE
QA-901658,C-0044970,SLAB-504970,H-3544,2026-05-18T13:58:00Z,HOLD,SCALE,SCRAP
QA-901659,C-0044973,SLAB-504973,H-3544,2026-05-18T18:18:00Z,PASS,SLIVER,REWORK
QA-901660,C-0044976,SLAB-504976,H-3544,2026-05-18T12:00:00Z,FAIL,SLIVER,DOWNGRADE
QA-901661,C-0044979,SLAB-504979,H-3545,2026-05-17T10:31:00Z,FAIL,ROLLED_IN_SCALE,REWORK
QA-901662,C-0044982,SLAB-504982,H-3545,2026-05-17T11:25:00Z,FAIL,INCLUSION,RELEASE
QA-901663,C-0044985,SLAB-504985,H-3545,2026-05-18T16:37:00Z,FAIL,SLIVER,DOWNGRADE
QA-901664,C-0044988,SLAB-504988,H-3546,2026-05-18T01:39:00Z,PASS,INCLUSION,REWORK
QA-901665,C-0044991,SLAB-504991,H-3546,2026-05-18T15:01:00Z,HOLD,SCALE,DOWNGRADE
QA-901666,C-0044994,SLAB-504994,H-3546,2026-05-18T14:03:00Z,FAIL,EDGE_CRACK,RELEASE
QA-901667,C-0044997,SLAB-504997,H-3546,2026-05-19T03:56:00Z,PASS,ROLLED_IN_SCALE,RELEASE
QA-901668,C-0045000,SLAB-505000,H-3547,2026-05-18T08:19:00Z,PASS,INCLUSION,REWORK
QA-901669,C-0045003,SLAB-505003,H-3547,2026-05-17T16:22:00Z,PASS,EDGE_CRACK,REWORK
QA-901670,C-0045006,SLAB-505006,H-3548,2026-05-17T14:00:00Z,PASS,ROLLED_IN_SCALE,REWORK
QA-901671,C-0045009,SLAB-505009,H-3548,2026-05-18T23:51:00Z,PASS,SCALE,SCRAP
QA-901672,C-0045012,SLAB-505012,H-3548,2026-05-18T00:57:00Z,PASS,ROLLED_IN_SCALE,SCRAP
QA-901673,C-0045015,SLAB-505015,H-3549,2026-05-17T06:32:00Z,HOLD,EDGE_CRACK,DOWNGRADE
QA-901674,C-0045018,SLAB-505018,H-3549,2026-05-18T06:10:00Z,PASS,INCLUSION,RELEASE
QA-901675,C-0045021,SLAB-505021,H-3549,2026-05-18T14:06:00Z,PASS,SLIVER,DOWNGRADE
QA-901676,C-0045024,SLAB-505024,H-3550,2026-05-19T03:23:00Z,PASS,SCALE,REWORK
QA-901677,C-0045027,SLAB-505027,H-3550,2026-05-18T02:20:00Z,PASS,EDGE_CRACK,RELEASE
QA-901678,C-0045030,SLAB-505030,H-3551,2026-05-18T09:40:00Z,PASS,INCLUSION,REWORK
QA-901679,C-0045033,SLAB-505033,H-3551,2026-05-19T03:41:00Z,HOLD,ROLLED_IN_SCALE,REWORK
QA-901680,C-0045036,SLAB-505036,H-3551,2026-05-19T05:32:00Z,HOLD,SCALE,REWORK
QA-901681,C-0045039,SLAB-505039,H-3552,2026-05-19T07:03:00Z,PASS,SLIVER,SCRAP
QA-901682,C-0045042,SLAB-505042,H-3552,2026-05-17T18:47:00Z,HOLD,EDGE_CRACK,RELEASE
QA-901683,C-0045045,SLAB-505045,H-3552,2026-05-18T15:03:00Z,PASS,ROLLED_IN_SCALE,SCRAP
QA-901684,C-0045048,SLAB-505048,H-3553,2026-05-19T02:10:00Z,HOLD,INCLUSION,RELEASE
QA-901685,C-0045051,SLAB-505051,H-3553,2026-05-19T01:38:00Z,HOLD,EDGE_CRACK,DOWNGRADE
QA-901686,C-0045054,SLAB-505054,H-3553,2026-05-18T02:27:00Z,FAIL,ROLLED_IN_SCALE,DOWNGRADE
QA-901687,C-0045057,SLAB-505057,H-3554,2026-05-18T11:35:00Z,PASS,SLIVER,DOWNGRADE
QA-901688,C-0045060,SLAB-505060,H-3554,2026-05-19T08:57:00Z,PASS,EDGE_CRACK,SCRAP
QA-901689,C-0045063,SLAB-505063,H-3554,2026-05-19T02:43:00Z,PASS,INCLUSION,REWORK
QA-901690,C-0045066,SLAB-505066,H-3554,2026-05-17T16:39:00Z,PASS,INCLUSION,RELEASE
QA-901691,C-0045069,SLAB-505069,H-3555,2026-05-18T23:36:00Z,PASS,SCALE,SCRAP
QA-901692,C-0045072,SLAB-505072,H-3555,2026-05-18T04:06:00Z,PASS,EDGE_CRACK,REWORK
QA-901693,C-0045075,SLAB-505075,H-3556,2026-05-18T11:26:00Z,FAIL,SCALE,DOWNGRADE
QA-901694,C-0045078,SLAB-505078,H-3556,2026-05-18T02:37:00Z,PASS,EDGE_CRACK,SCRAP
QA-901695,C-0045081,SLAB-505081,H-3556,2026-05-18T14:51:00Z,PASS,ROLLED_IN_SCALE,RELEASE
QA-901696,C-0045084,SLAB-505084,H-3557,2026-05-18T21:07:00Z,PASS,SLIVER,RELEASE
QA-901697,C-0045087,SLAB-505087,H-3557,2026-05-18T03:28:00Z,HOLD,SLIVER,RELEASE
QA-901698,C-0045090,SLAB-505090,H-3557,2026-05-18T06:21:00Z,HOLD,SLIVER,SCRAP
QA-901699,C-0045093,SLAB-505093,H-3558,2026-05-17T21:34:00Z,PASS,SCALE,RELEASE
QA-901700,C-0045096,SLAB-505096,H-3558,2026-05-18T23:07:00Z,FAIL,ROLLED_IN_SCALE,RELEASE
QA-901701,C-0045099,SLAB-505099,H-3558,2026-05-18T10:05:00Z,PASS,ROLLED_IN_SCALE,SCRAP
QA-901702,C-0045102,SLAB-505102,H-3559,2026-05-19T02:12:00Z,HOLD,SCALE,SCRAP
QA-901703,C-0045105,SLAB-505105,H-3559,2026-05-19T13:13:00Z,HOLD,SLIVER,SCRAP
QA-901704,C-0045108,SLAB-505108,H-3559,2026-05-19T11:15:00Z,PASS,INCLUSION,RELEASE
QA-901705,C-0045111,SLAB-505111,H-3559,2026-05-17T19:28:00Z,HOLD,INCLUSION,SCRAP
QA-901706,C-0045114,SLAB-505114,H-3560,2026-05-18T19:05:00Z,PASS,EDGE_CRACK,RELEASE
QA-901707,C-0045117,SLAB-505117,H-3560,2026-05-17T18:12:00Z,PASS,SLIVER,RELEASE
QA-901708,C-0045120,SLAB-505120,H-3561,2026-05-18T19:16:00Z,PASS,INCLUSION,RELEASE
QA-901709,C-0045123,SLAB-505123,H-3561,2026-05-19T18:19:00Z,FAIL,SCALE,RELEASE
QA-901710,C-0045126,SLAB-505126,H-3561,2026-05-18T17:23:00Z,FAIL,INCLUSION,RELEASE
QA-901711,C-0045129,SLAB-505129,H-3562,2026-05-19T12:14:00Z,PASS,INCLUSION,RELEASE
QA-901712,C-0045132,SLAB-505132,H-3562,2026-05-17T14:51:00Z,PASS,SLIVER,SCRAP
QA-901713,C-0045135,SLAB-505135,H-3563,2026-05-18T12:58:00Z,HOLD,SCALE,DOWNGRADE
QA-901714,C-0045138,SLAB-505138,H-3563,2026-05-18T09:10:00Z,PASS,EDGE_CRACK,SCRAP
QA-901715,C-0045141,SLAB-505141,H-3563,2026-05-19T12:30:00Z,PASS,SLIVER,RELEASE
QA-901716,C-0045144,SLAB-505144,H-3564,2026-05-19T21:08:00Z,PASS,EDGE_CRACK,RELEASE
QA-901717,C-0045147,SLAB-505147,H-3564,2026-05-19T05:07:00Z,PASS,INCLUSION,DOWNGRADE
QA-901718,C-0045150,SLAB-505150,H-3564,2026-05-19T01:11:00Z,HOLD,EDGE_CRACK,DOWNGRADE
QA-901719,C-0045153,SLAB-505153,H-3565,2026-05-18T10:46:00Z,FAIL,INCLUSION,DOWNGRADE
QA-901720,C-0045156,SLAB-505156,H-3565,2026-05-19T06:17:00Z,FAIL,SLIVER,RELEASE
QA-901721,C-0045159,SLAB-505159,H-3565,2026-05-19T11:42:00Z,HOLD,INCLUSION,REWORK
QA-901722,C-0045162,SLAB-505162,H-3566,2026-05-20T09:59:00Z,PASS,SCALE,RELEASE
QA-901723,C-0045165,SLAB-505165,H-3566,2026-05-20T02:19:00Z,FAIL,EDGE_CRACK,RELEASE
QA-901724,C-0045168,SLAB-505168,H-3566,2026-05-19T12:00:00Z,HOLD,INCLUSION,RELEASE
QA-901725,C-0045171,SLAB-505171,H-3567,2026-05-19T01:14:00Z,PASS,SCALE,SCRAP
QA-901726,C-0045174,SLAB-505174,H-3567,2026-05-20T03:16:00Z,PASS,SLIVER,RELEASE
QA-901727,C-0045177,SLAB-505177,H-3567,2026-05-17T22:45:00Z,PASS,INCLUSION,RELEASE
QA-901728,C-0045180,SLAB-505180,H-3567,2026-05-19T07:13:00Z,FAIL,ROLLED_IN_SCALE,DOWNGRADE
QA-901729,C-0045183,SLAB-505183,H-3568,2026-05-19T22:22:00Z,FAIL,SCALE,REWORK
QA-901730,C-0045186,SLAB-505186,H-3568,2026-05-18T20:30:00Z,HOLD,SLIVER,RELEASE
QA-901731,C-0045189,SLAB-505189,H-3568,2026-05-18T05:29:00Z,HOLD,INCLUSION,RELEASE
QA-901732,C-0045192,SLAB-505192,H-3568,2026-05-19T16:43:00Z,HOLD,INCLUSION,SCRAP
QA-901733,C-0045195,SLAB-505195,H-3569,2026-05-19T17:32:00Z,PASS,ROLLED_IN_SCALE,RELEASE
QA-901734,C-0045198,SLAB-505198,H-3569,2026-05-19T07:07:00Z,PASS,EDGE_CRACK,REWORK
QA-901735,C-0045201,SLAB-505201,H-3569,2026-05-20T09:28:00Z,PASS,INCLUSION,REWORK
QA-901736,C-0045204,SLAB-505204,H-3570,2026-05-18T21:50:00Z,PASS,EDGE_CRACK,REWORK
QA-901737,C-0045207,SLAB-505207,H-3570,2026-05-18T22:12:00Z,HOLD,SCALE,DOWNGRADE
QA-901738,C-0045210,SLAB-505210,H-3570,2026-05-19T02:12:00Z,FAIL,EDGE_CRACK,RELEASE
QA-901739,C-0045213,SLAB-505213,H-3571,2026-05-17T16:02:00Z,HOLD,SCALE,REWORK
QA-901740,C-0045216,SLAB-505216,H-3571,2026-05-18T22:01:00Z,FAIL,SCALE,REWORK
QA-901741,C-0045219,SLAB-505219,H-3571,2026-05-18T04:50:00Z,PASS,SCALE,SCRAP
QA-901742,C-0045222,SLAB-505222,H-3572,2026-05-19T11:24:00Z,PASS,INCLUSION,RELEASE
QA-901743,C-0045225,SLAB-505225,H-3572,2026-05-18T23:21:00Z,HOLD,INCLUSION,DOWNGRADE
QA-901744,C-0045228,SLAB-505228,H-3572,2026-05-18T16:24:00Z,FAIL,SLIVER,REWORK
QA-901745,C-0045231,SLAB-505231,H-3572,2026-05-18T00:55:00Z,HOLD,SCALE,REWORK
QA-901746,C-0045234,SLAB-505234,H-3573,2026-05-18T14:51:00Z,PASS,EDGE_CRACK,REWORK
QA-901747,C-0045237,SLAB-505237,H-3573,2026-05-18T13:09:00Z,PASS,INCLUSION,REWORK
QA-901748,C-0045240,SLAB-505240,H-3573,2026-05-19T20:48:00Z,PASS,SLIVER,RELEASE
QA-901749,C-0045243,SLAB-505243,H-3574,2026-05-19T00:37:00Z,PASS,SLIVER,RELEASE
QA-901750,C-0045246,SLAB-505246,H-3574,2026-05-19T21:33:00Z,HOLD,INCLUSION,RELEASE
QA-901751,C-0045249,SLAB-505249,H-3574,2026-05-19T14:58:00Z,PASS,INCLUSION,DOWNGRADE
QA-901752,C-0045252,SLAB-505252,H-3575,2026-05-19T13:22:00Z,PASS,INCLUSION,SCRAP
QA-901753,C-0045255,SLAB-505255,H-3575,2026-05-19T23:46:00Z,PASS,EDGE_CRACK,SCRAP
QA-901754,C-0045258,SLAB-505258,H-3575,2026-05-18T13:24:00Z,PASS,ROLLED_IN_SCALE,DOWNGRADE
QA-901755,C-0045261,SLAB-505261,H-3575,2026-05-19T08:40:00Z,PASS,SCALE,SCRAP
QA-901756,C-0045264,SLAB-505264,H-3576,2026-05-19T03:56:00Z,PASS,EDGE_CRACK,DOWNGRADE
QA-901757,C-0045267,SLAB-505267,H-3576,2026-05-20T08:19:00Z,HOLD,INCLUSION,SCRAP
QA-901758,C-0045270,SLAB-505270,H-3577,2026-05-19T10:16:00Z,PASS,INCLUSION,DOWNGRADE
QA-901759,C-0045273,SLAB-505273,H-3577,2026-05-18T20:59:00Z,PASS,ROLLED_IN_SCALE,REWORK
QA-901760,C-0045276,SLAB-505276,H-3577,2026-05-20T05:16:00Z,PASS,EDGE_CRACK,DOWNGRADE
QA-901761,C-0045279,SLAB-505279,H-3577,2026-05-19T09:27:00Z,PASS,ROLLED_IN_SCALE,SCRAP
QA-901762,C-0045282,SLAB-505282,H-3578,2026-05-19T04:34:00Z,FAIL,ROLLED_IN_SCALE,RELEASE
QA-901763,C-0045285,SLAB-505285,H-3578,2026-05-19T09:56:00Z,PASS,SCALE,DOWNGRADE
QA-901764,C-0045288,SLAB-505288,H-3579,2026-05-19T03:57:00Z,HOLD,ROLLED_IN_SCALE,RELEASE
QA-901765,C-0045291,SLAB-505291,H-3579,2026-05-19T23:11:00Z,FAIL,SCALE,RELEASE
QA-901766,C-0045294,SLAB-505294,H-3579,2026-05-20T01:56:00Z,PASS,SLIVER,RELEASE
QA-901767,C-0045297,SLAB-505297,H-3580,2026-05-19T09:54:00Z,PASS,INCLUSION,DOWNGRADE
QA-901768,C-0045300,SLAB-505300,H-3580,2026-05-19T11:45:00Z,HOLD,ROLLED_IN_SCALE,REWORK
QA-901769,C-0045303,SLAB-505303,H-3580,2026-05-18T03:57:00Z,PASS,ROLLED_IN_SCALE,RELEASE
QA-901770,C-0045306,SLAB-505306,H-3581,2026-05-19T01:28:00Z,PASS,INCLUSION,RELEASE
QA-901771,C-0045309,SLAB-505309,H-3581,2026-05-20T06:48:00Z,HOLD,ROLLED_IN_SCALE,DOWNGRADE
QA-901772,C-0045312,SLAB-505312,H-3581,2026-05-19T01:35:00Z,FAIL,ROLLED_IN_SCALE,DOWNGRADE
QA-901773,C-0045315,SLAB-505315,H-3581,2026-05-20T07:44:00Z,PASS,SLIVER,SCRAP
QA-901774,C-0045318,SLAB-505318,H-3582,2026-05-19T17:12:00Z,PASS,EDGE_CRACK,DOWNGRADE
QA-901775,C-0045321,SLAB-505321,H-3582,2026-05-19T03:25:00Z,PASS,INCLUSION,RELEASE
QA-901776,C-0045324,SLAB-505324,H-3582,2026-05-18T19:11:00Z,HOLD,EDGE_CRACK,SCRAP
QA-901777,C-0045327,SLAB-505327,H-3582,2026-05-19T15:15:00Z,PASS,ROLLED_IN_SCALE,REWORK
QA-901778,C-0045330,SLAB-505330,H-3583,2026-05-19T16:25:00Z,PASS,SCALE,DOWNGRADE
QA-901779,C-0045333,SLAB-505333,H-3583,2026-05-19T11:07:00Z,HOLD,SCALE,RELEASE
QA-901780,C-0045336,SLAB-505336,H-3584,2026-05-19T21:56:00Z,HOLD,EDGE_CRACK,DOWNGRADE
QA-901781,C-0045339,SLAB-505339,H-3584,2026-05-19T02:03:00Z,PASS,ROLLED_IN_SCALE,RELEASE
QA-901782,C-0045342,SLAB-505342,H-3584,2026-05-19T02:32:00Z,FAIL,EDGE_CRACK,RELEASE
QA-901783,C-0045345,SLAB-505345,H-3584,2026-05-19T12:14:00Z,PASS,INCLUSION,DOWNGRADE
QA-901784,C-0045348,SLAB-505348,H-3585,2026-05-19T19:07:00Z,FAIL,SCALE,RELEASE
QA-901785,C-0045351,SLAB-505351,H-3585,2026-05-19T02:04:00Z,PASS,EDGE_CRACK,SCRAP
QA-901786,C-0045354,SLAB-505354,H-3585,2026-05-20T02:18:00Z,PASS,ROLLED_IN_SCALE,SCRAP
QA-901787,C-0045357,SLAB-505357,H-3586,2026-05-20T13:58:00Z,PASS,SCALE,RELEASE
QA-901788,C-0045360,SLAB-505360,H-3586,2026-05-18T07:59:00Z,PASS,EDGE_CRACK,SCRAP
QA-901789,C-0045363,SLAB-505363,H-3586,2026-05-19T00:54:00Z,HOLD,EDGE_CRACK,RELEASE
QA-901790,C-0045366,SLAB-505366,H-3587,2026-05-20T02:25:00Z,PASS,SLIVER,RELEASE
QA-901791,C-0045369,SLAB-505369,H-3587,2026-05-18T13:45:00Z,HOLD,SLIVER,REWORK
QA-901792,C-0045372,SLAB-505372,H-3587,2026-05-20T16:36:00Z,PASS,SLIVER,RELEASE
QA-901793,C-0045375,SLAB-505375,H-3587,2026-05-19T07:20:00Z,PASS,SCALE,RELEASE
QA-901794,C-0045378,SLAB-505378,H-3588,2026-05-19T15:02:00Z,PASS,SCALE,SCRAP
QA-901795,C-0045381,SLAB-505381,H-3588,2026-05-20T09:29:00Z,PASS,ROLLED_IN_SCALE,REWORK
QA-901796,C-0045384,SLAB-505384,H-3588,2026-05-19T20:02:00Z,PASS,ROLLED_IN_SCALE,DOWNGRADE
QA-901797,C-0045387,SLAB-505387,H-3589,2026-05-20T03:26:00Z,HOLD,SCALE,SCRAP
QA-901798,C-0045390,SLAB-505390,H-3589,2026-05-18T04:35:00Z,FAIL,INCLUSION,RELEASE
QA-901799,C-0045393,SLAB-505393,H-3590,2026-05-19T06:48:00Z,FAIL,EDGE_CRACK,RELEASE
QA-901800,C-0045396,SLAB-505396,H-3590,2026-05-20T01:00:00Z,PASS,INCLUSION,SCRAP
QA-901801,C-0045399,SLAB-505399,H-3590,2026-05-20T15:52:00Z,PASS,SCALE,RELEASE
QA-901802,C-0045402,SLAB-505402,H-3591,2026-05-18T19:28:00Z,PASS,INCLUSION,DOWNGRADE
QA-901803,C-0045405,SLAB-505405,H-3591,2026-05-18T19:17:00Z,PASS,ROLLED_IN_SCALE,SCRAP
QA-901804,C-0045408,SLAB-505408,H-3592,2026-05-20T15:01:00Z,PASS,SLIVER,REWORK
QA-901805,C-0045411,SLAB-505411,H-3592,2026-05-19T04:33:00Z,PASS,EDGE_CRACK,RELEASE
QA-901806,C-0045414,SLAB-505414,H-3592,2026-05-19T07:53:00Z,FAIL,INCLUSION,RELEASE
QA-901807,C-0045417,SLAB-505417,H-3593,2026-05-19T12:49:00Z,PASS,ROLLED_IN_SCALE,RELEASE
QA-901808,C-0045420,SLAB-505420,H-3593,2026-05-19T02:31:00Z,PASS,ROLLED_IN_SCALE,DOWNGRADE
QA-901809,C-0045423,SLAB-505423,H-3593,2026-05-19T20:52:00Z,PASS,SCALE,RELEASE
QA-901810,C-0045426,SLAB-505426,H-3594,2026-05-20T07:25:00Z,FAIL,SLIVER,REWORK
QA-901811,C-0045429,SLAB-505429,H-3594,2026-05-19T20:15:00Z,PASS,ROLLED_IN_SCALE,SCRAP
QA-901812,C-0045432,SLAB-505432,H-3594,2026-05-18T20:31:00Z,PASS,SCALE,RELEASE
QA-901813,C-0045435,SLAB-505435,H-3594,2026-05-21T00:27:00Z,PASS,INCLUSION,SCRAP
QA-901814,C-0045438,SLAB-505438,H-3595,2026-05-20T11:53:00Z,PASS,ROLLED_IN_SCALE,REWORK
QA-901815,C-0045441,SLAB-505441,H-3595,2026-05-20T14:46:00Z,PASS,SLIVER,REWORK
QA-901816,C-0045444,SLAB-505444,H-3595,2026-05-20T17:44:00Z,PASS,ROLLED_IN_SCALE,RELEASE
QA-901817,C-0045447,SLAB-505447,H-3596,2026-05-20T18:02:00Z,HOLD,ROLLED_IN_SCALE,REWORK
QA-901818,C-0045450,SLAB-505450,H-3596,2026-05-19T03:58:00Z,PASS,ROLLED_IN_SCALE,REWORK
QA-901819,C-0045453,SLAB-505453,H-3597,2026-05-20T07:37:00Z,FAIL,SLIVER,RELEASE
QA-901820,C-0045456,SLAB-505456,H-3597,2026-05-19T07:23:00Z,FAIL,EDGE_CRACK,RELEASE
QA-901821,C-0045459,SLAB-505459,H-3597,2026-05-19T18:30:00Z,PASS,EDGE_CRACK,RELEASE
QA-901822,C-0045462,SLAB-505462,H-3597,2026-05-19T17:03:00Z,PASS,INCLUSION,DOWNGRADE
QA-901823,C-0045465,SLAB-505465,H-3598,2026-05-20T05:46:00Z,HOLD,ROLLED_IN_SCALE,REWORK
QA-901824,C-0045468,SLAB-505468,H-3598,2026-05-21T09:28:00Z,PASS,SLIVER,RELEASE
QA-901825,C-0045471,SLAB-505471,H-3598,2026-05-19T00:25:00Z,PASS,INCLUSION,DOWNGRADE
QA-901826,C-0045474,SLAB-505474,H-3599,2026-05-20T05:31:00Z,HOLD,SCALE,SCRAP
QA-901827,C-0045477,SLAB-505477,H-3599,2026-05-19T01:45:00Z,FAIL,SLIVER,REWORK
QA-901828,C-0045480,SLAB-505480,H-3599,2026-05-20T11:30:00Z,FAIL,EDGE_CRACK,RELEASE
QA-901829,C-0045483,SLAB-505483,H-3600,2026-05-19T14:11:00Z,PASS,EDGE_CRACK,RELEASE
QA-901830,C-0045486,SLAB-505486,H-3600,2026-05-20T18:08:00Z,PASS,EDGE_CRACK,REWORK
QA-901831,C-0045489,SLAB-505489,H-3600,2026-05-20T09:34:00Z,PASS,EDGE_CRACK,REWORK
QA-901832,C-0045492,SLAB-505492,H-3601,2026-05-19T17:10:00Z,FAIL,SCALE,REWORK
QA-901833,C-0045495,SLAB-505495,H-3601,2026-05-20T04:27:00Z,HOLD,SCALE,RELEASE
QA-901834,C-0045498,SLAB-505498,H-3601,2026-05-20T00:39:00Z,FAIL,SLIVER,SCRAP
QA-901835,C-0045501,SLAB-505501,H-3602,2026-05-20T05:59:00Z,PASS,SLIVER,RELEASE
QA-901836,C-0045504,SLAB-505504,H-3602,2026-05-20T06:43:00Z,PASS,INCLUSION,REWORK
QA-901837,C-0045507,SLAB-505507,H-3602,2026-05-19T22:00:00Z,PASS,INCLUSION,DOWNGRADE
QA-901838,C-0045510,SLAB-505510,H-3603,2026-05-20T07:55:00Z,HOLD,EDGE_CRACK,SCRAP
QA-901839,C-0045513,SLAB-505513,H-3603,2026-05-20T17:52:00Z,PASS,INCLUSION,RELEASE
QA-901840,C-0045516,SLAB-505516,H-3604,2026-05-20T03:32:00Z,PASS,INCLUSION,RELEASE
QA-901841,C-0045519,SLAB-505519,H-3604,2026-05-21T04:07:00Z,FAIL,EDGE_CRACK,DOWNGRADE
QA-901842,C-0045522,SLAB-505522,H-3604,2026-05-19T09:55:00Z,HOLD,EDGE_CRACK,RELEASE
QA-901843,C-0045525,SLAB-505525,H-3605,2026-05-19T11:54:00Z,PASS,SLIVER,RELEASE
QA-901844,C-0045528,SLAB-505528,H-3605,2026-05-21T07:55:00Z,HOLD,SLIVER,RELEASE
QA-901845,C-0045531,SLAB-505531,H-3606,2026-05-20T20:57:00Z,HOLD,SLIVER,DOWNGRADE
QA-901846,C-0045534,SLAB-505534,H-3606,2026-05-20T22:41:00Z,PASS,INCLUSION,DOWNGRADE
QA-901847,C-0045537,SLAB-505537,H-3606,2026-05-20T07:54:00Z,PASS,EDGE_CRACK,RELEASE
QA-901848,C-0045540,SLAB-505540,H-3606,2026-05-20T18:00:00Z,PASS,SLIVER,RELEASE
QA-901849,C-0045543,SLAB-505543,H-3607,2026-05-20T10:27:00Z,PASS,EDGE_CRACK,REWORK
QA-901850,C-0045546,SLAB-505546,H-3607,2026-05-19T06:25:00Z,PASS,SLIVER,SCRAP
QA-901851,C-0045549,SLAB-505549,H-3607,2026-05-19T12:36:00Z,HOLD,INCLUSION,SCRAP
QA-901852,C-0045552,SLAB-505552,H-3608,2026-05-20T21:35:00Z,PASS,SCALE,REWORK
QA-901853,C-0045555,SLAB-505555,H-3608,2026-05-20T11:12:00Z,PASS,EDGE_CRACK,RELEASE
QA-901854,C-0045558,SLAB-505558,H-3608,2026-05-21T00:11:00Z,FAIL,ROLLED_IN_SCALE,REWORK
QA-901855,C-0045561,SLAB-505561,H-3609,2026-05-19T18:49:00Z,PASS,EDGE_CRACK,DOWNGRADE
QA-901856,C-0045564,SLAB-505564,H-3609,2026-05-20T00:09:00Z,PASS,SLIVER,RELEASE
QA-901857,C-0045567,SLAB-505567,H-3609,2026-05-20T08:01:00Z,FAIL,ROLLED_IN_SCALE,DOWNGRADE
QA-901858,C-0045570,SLAB-505570,H-3610,2026-05-20T13:12:00Z,HOLD,INCLUSION,REWORK
QA-901859,C-0045573,SLAB-505573,H-3610,2026-05-19T00:19:00Z,HOLD,INCLUSION,DOWNGRADE
QA-901860,C-0045576,SLAB-505576,H-3610,2026-05-20T19:30:00Z,PASS,ROLLED_IN_SCALE,RELEASE
QA-901861,C-0045579,SLAB-505579,H-3611,2026-05-21T08:41:00Z,HOLD,SCALE,RELEASE
QA-901862,C-0045582,SLAB-505582,H-3611,2026-05-20T01:05:00Z,HOLD,SLIVER,DOWNGRADE
QA-901863,C-0045585,SLAB-505585,H-3611,2026-05-20T03:33:00Z,PASS,INCLUSION,DOWNGRADE
QA-901864,C-0045588,SLAB-505588,H-3612,2026-05-19T04:55:00Z,PASS,EDGE_CRACK,SCRAP
QA-901865,C-0045591,SLAB-505591,H-3612,2026-05-20T13:50:00Z,PASS,ROLLED_IN_SCALE,RELEASE
QA-901866,C-0045594,SLAB-505594,H-3612,2026-05-20T22:53:00Z,PASS,SCALE,RELEASE
QA-901867,C-0045597,SLAB-505597,H-3612,2026-05-19T09:32:00Z,PASS,ROLLED_IN_SCALE,REWORK
QA-901868,C-0045600,SLAB-505600,H-3613,2026-05-19T16:44:00Z,PASS,EDGE_CRACK,SCRAP
