"Fingerprint","RelativePath","LineNumber","Category","RiskLevel","RefactorTrack","Evidence","Status"
"EDE9B39012525479","Backend\PlantProcess.Api\AssistantGateway\V5AssistantGateway.cs","326","DIRECT_NPGSQL_IN_API","HIGH_DIRECT_API_DB_ACCESS","CanonicalDataAndIntegrationRuntime","await using var tenantCmd = connection.CreateCommand();","REMAINING_IN_API"
"C61504C2AAB165EF","Backend\PlantProcess.Api\AssistantGateway\V5AssistantGateway.cs","331","DIRECT_NPGSQL_IN_API","HIGH_DIRECT_API_DB_ACCESS","CanonicalDataAndIntegrationRuntime","await using var cmd = connection.CreateCommand();","REMAINING_IN_API"
"4A354EA6C5261F6D","Backend\PlantProcess.Api\AssistantGateway\V5AssistantGateway.cs","406","DIRECT_NPGSQL_IN_API","HIGH_DIRECT_API_DB_ACCESS","CanonicalDataAndIntegrationRuntime","await using var tenantCmd = connection.CreateCommand();","REMAINING_IN_API"
"B18350664AD49691","Backend\PlantProcess.Api\AssistantGateway\V5AssistantGateway.cs","411","DIRECT_NPGSQL_IN_API","HIGH_DIRECT_API_DB_ACCESS","CanonicalDataAndIntegrationRuntime","await using var cmd = connection.CreateCommand();","REMAINING_IN_API"
"78E63ED11E4F6D79","Backend\PlantProcess.Api\AssistantGateway\V5AssistantGateway.cs","545","DIRECT_NPGSQL_IN_API","HIGH_DIRECT_API_DB_ACCESS","CanonicalDataAndIntegrationRuntime","await using var tenantCmd = connection.CreateCommand();","REMAINING_IN_API"
"C8B85647FDD1AD6D","Backend\PlantProcess.Api\AssistantGateway\V5AssistantGateway.cs","550","DIRECT_NPGSQL_IN_API","HIGH_DIRECT_API_DB_ACCESS","CanonicalDataAndIntegrationRuntime","await using var cmd = connection.CreateCommand();","REMAINING_IN_API"
"8DF8BD3047283EFB","Backend\PlantProcess.Api\AssistantGateway\V5AssistantGateway.cs","606","DIRECT_NPGSQL_IN_API","HIGH_DIRECT_API_DB_ACCESS","CanonicalDataAndIntegrationRuntime","await using var tenantCmd = connection.CreateCommand();","REMAINING_IN_API"
"FA99AFD71AB7FE20","Backend\PlantProcess.Api\AssistantGateway\V5AssistantGateway.cs","611","DIRECT_NPGSQL_IN_API","HIGH_DIRECT_API_DB_ACCESS","CanonicalDataAndIntegrationRuntime","await using var cmd = connection.CreateCommand();","REMAINING_IN_API"
"E078C52E842E284C","Backend\PlantProcess.Api\AssistantGateway\V5PrivateModelGatewayCertificationEndpoints.cs","132","DIRECT_NPGSQL_IN_API","HIGH_DIRECT_API_DB_ACCESS","CanonicalDataAndIntegrationRuntime","await using var cmd = connection.CreateCommand();","REMAINING_IN_API"
"EC4508BF700616C0","Backend\PlantProcess.Api\AssistantGateway\V5PrivateModelGatewayCertificationEndpoints.cs","194","DIRECT_NPGSQL_IN_API","HIGH_DIRECT_API_DB_ACCESS","CanonicalDataAndIntegrationRuntime","await using var cmd = connection.CreateCommand();","REMAINING_IN_API"
"84A91ECB8E937A15","Backend\PlantProcess.Api\AssistantGateway\V5PrivateModelGatewayCertificationEndpoints.cs","297","DIRECT_NPGSQL_IN_API","HIGH_DIRECT_API_DB_ACCESS","CanonicalDataAndIntegrationRuntime","await using var cmd = connection.CreateCommand();","REMAINING_IN_API"
"AF497EACF4E1E88D","Backend\PlantProcess.Api\AssistantGateway\V5PrivateModelGatewayCertificationEndpoints.cs","377","DIRECT_NPGSQL_IN_API","HIGH_DIRECT_API_DB_ACCESS","CanonicalDataAndIntegrationRuntime","await using var cmd = connection.CreateCommand();","REMAINING_IN_API"
"46DDC67E1618E950","Backend\PlantProcess.Api\AssistantGateway\V5PrivateModelGatewayCertificationEndpoints.cs","544","DIRECT_NPGSQL_IN_API","HIGH_DIRECT_API_DB_ACCESS","CanonicalDataAndIntegrationRuntime","await using var cmd = connection.CreateCommand();","REMAINING_IN_API"
"158AB42A18042943","Backend\PlantProcess.Api\AssistantGateway\V5PrivateModelGatewayCertificationEndpoints.cs","628","DIRECT_NPGSQL_IN_API","HIGH_DIRECT_API_DB_ACCESS","CanonicalDataAndIntegrationRuntime","await using var cmd = connection.CreateCommand();","REMAINING_IN_API"
"C50348F8E15A4EEF","Backend\PlantProcess.Api\AssistantGateway\V5PrivateModelGatewayCertificationEndpoints.cs","662","DIRECT_NPGSQL_IN_API","HIGH_DIRECT_API_DB_ACCESS","CanonicalDataAndIntegrationRuntime","await using var cmd = connection.CreateCommand();","REMAINING_IN_API"
"7296E94F498A8A65","Backend\PlantProcess.Api\AssistantGateway\V5PrivateModelGatewayCertificationEndpoints.cs","755","DIRECT_NPGSQL_IN_API","HIGH_DIRECT_API_DB_ACCESS","CanonicalDataAndIntegrationRuntime","await using var cmd = connection.CreateCommand();","REMAINING_IN_API"
"71A323A11EB904A5","Backend\PlantProcess.Api\BlendedProvenance\V5BlendedProvenanceEndpoints.cs","34","DIRECT_NPGSQL_IN_API","HIGH_DIRECT_API_DB_ACCESS","CanonicalDataAndIntegrationRuntime","await using var cmd = connection.CreateCommand();","REMAINING_IN_API"
"CBB976C8363E0113","Backend\PlantProcess.Api\BlendedProvenance\V5BlendedProvenanceEndpoints.cs","83","DIRECT_NPGSQL_IN_API","HIGH_DIRECT_API_DB_ACCESS","CanonicalDataAndIntegrationRuntime","await using var cmd = connection.CreateCommand();","REMAINING_IN_API"
"A53DEED313284475","Backend\PlantProcess.Api\BlendedProvenance\V5BlendedProvenanceEndpoints.cs","137","DIRECT_NPGSQL_IN_API","HIGH_DIRECT_API_DB_ACCESS","CanonicalDataAndIntegrationRuntime","await using var cmd = connection.CreateCommand();","REMAINING_IN_API"
"7EDB5B806F954548","Backend\PlantProcess.Api\ComplianceControls\V5ComplianceControlsEndpoints.cs","96","DIRECT_NPGSQL_IN_API","HIGH_DIRECT_API_DB_ACCESS","CanonicalDataAndIntegrationRuntime","await using var cmd = connection.CreateCommand();","REMAINING_IN_API"
"1BB6B4229D024E7F","Backend\PlantProcess.Api\ComplianceControls\V5ComplianceControlsEndpoints.cs","162","DIRECT_NPGSQL_IN_API","HIGH_DIRECT_API_DB_ACCESS","CanonicalDataAndIntegrationRuntime","await using var cmd = connection.CreateCommand();","REMAINING_IN_API"
"830744F19ED2888D","Backend\PlantProcess.Api\ComplianceControls\V5ComplianceControlsEndpoints.cs","243","DIRECT_NPGSQL_IN_API","HIGH_DIRECT_API_DB_ACCESS","CanonicalDataAndIntegrationRuntime","await using var cmd = connection.CreateCommand();","REMAINING_IN_API"
"4CC464971B426F14","Backend\PlantProcess.Api\ComplianceControls\V5ComplianceControlsEndpoints.cs","305","DIRECT_NPGSQL_IN_API","HIGH_DIRECT_API_DB_ACCESS","CanonicalDataAndIntegrationRuntime","await using var cmd = connection.CreateCommand();","REMAINING_IN_API"
"42E3667ED72D3D67","Backend\PlantProcess.Api\ComplianceControls\V5ComplianceControlsEndpoints.cs","377","DIRECT_NPGSQL_IN_API","HIGH_DIRECT_API_DB_ACCESS","CanonicalDataAndIntegrationRuntime","await using var cmd = connection.CreateCommand();","REMAINING_IN_API"
"3C6A913F410B52FF","Backend\PlantProcess.Api\ComplianceControls\V5ComplianceControlsEndpoints.cs","437","DIRECT_NPGSQL_IN_API","HIGH_DIRECT_API_DB_ACCESS","CanonicalDataAndIntegrationRuntime","await using var cmd = connection.CreateCommand();","REMAINING_IN_API"
"388DD85ADEF0058E","Backend\PlantProcess.Api\ComplianceControls\V5ComplianceControlsEndpoints.cs","482","DIRECT_NPGSQL_IN_API","HIGH_DIRECT_API_DB_ACCESS","CanonicalDataAndIntegrationRuntime","await using var cmd = connection.CreateCommand();","REMAINING_IN_API"
"A670315308C761F6","Backend\PlantProcess.Api\DeploymentPortability\V5DeploymentPortabilityEndpoints.cs","56","DIRECT_NPGSQL_IN_API","HIGH_DIRECT_API_DB_ACCESS","CanonicalDataAndIntegrationRuntime","await using var cmd = connection.CreateCommand();","REMAINING_IN_API"
"AFC0050821748C9F","Backend\PlantProcess.Api\DeploymentPortability\V5DeploymentPortabilityEndpoints.cs","112","DIRECT_NPGSQL_IN_API","HIGH_DIRECT_API_DB_ACCESS","CanonicalDataAndIntegrationRuntime","await using var cmd = connection.CreateCommand();","REMAINING_IN_API"
"339B0EE9C24F6775","Backend\PlantProcess.Api\DeploymentPortability\V5DeploymentPortabilityEndpoints.cs","184","DIRECT_NPGSQL_IN_API","HIGH_DIRECT_API_DB_ACCESS","CanonicalDataAndIntegrationRuntime","await using var cmd = connection.CreateCommand();","REMAINING_IN_API"
"3F3E5834E28708FA","Backend\PlantProcess.Api\DeploymentPortability\V5DeploymentPortabilityEndpoints.cs","267","DIRECT_NPGSQL_IN_API","HIGH_DIRECT_API_DB_ACCESS","CanonicalDataAndIntegrationRuntime","await using var cmd = connection.CreateCommand();","REMAINING_IN_API"
"D56D05D7D28EF8F4","Backend\PlantProcess.Api\Endpoints\PageBuilder\PageDefinitionEndpoints.cs","45","DIRECT_NPGSQL_IN_API","HIGH_DIRECT_API_DB_ACCESS","CanonicalDataAndIntegrationRuntime","await using var command = new NpgsqlCommand(","REMAINING_IN_API"
"C32643AEB19668B7","Backend\PlantProcess.Api\Endpoints\PageBuilder\PageDefinitionEndpoints.cs","85","DIRECT_NPGSQL_IN_API","HIGH_DIRECT_API_DB_ACCESS","CanonicalDataAndIntegrationRuntime","await using var command = new NpgsqlCommand(","REMAINING_IN_API"
"9316AFF64C1D795D","Backend\PlantProcess.Api\Endpoints\PageBuilder\PageDefinitionEndpoints.cs","131","DIRECT_NPGSQL_IN_API","HIGH_DIRECT_API_DB_ACCESS","CanonicalDataAndIntegrationRuntime","await using var command = new NpgsqlCommand(","REMAINING_IN_API"
"994C1A1DD156E2B9","Backend\PlantProcess.Api\Endpoints\PageBuilder\PageDefinitionEndpoints.cs","183","DIRECT_NPGSQL_IN_API","HIGH_DIRECT_API_DB_ACCESS","CanonicalDataAndIntegrationRuntime","await using var command = new NpgsqlCommand(","REMAINING_IN_API"
"C84F26EEEDA1D67F","Backend\PlantProcess.Api\Endpoints\PageBuilder\PageDefinitionEndpoints.cs","226","DIRECT_NPGSQL_IN_API","HIGH_DIRECT_API_DB_ACCESS","CanonicalDataAndIntegrationRuntime","await using var command = new NpgsqlCommand(","REMAINING_IN_API"
"06500DA99B19B87C","Backend\PlantProcess.Api\Endpoints\PageBuilder\PageDefinitionEndpoints.cs","284","DIRECT_NPGSQL_IN_API","HIGH_DIRECT_API_DB_ACCESS","CanonicalDataAndIntegrationRuntime","await using var command = new NpgsqlCommand(sql, connection);","REMAINING_IN_API"
"F9F0D8ABD9A003CA","Backend\PlantProcess.Api\Endpoints\PageBuilder\PageDefinitionEndpoints.cs","299","DIRECT_NPGSQL_IN_API","HIGH_DIRECT_API_DB_ACCESS","CanonicalDataAndIntegrationRuntime","NpgsqlCommand command,","REMAINING_IN_API"
"7795C9FF81CE4B74","Backend\PlantProcess.Api\Endpoints\Phase2\Phase2LifecycleProofEndpoints.cs","33","DIRECT_NPGSQL_IN_API","HIGH_DIRECT_API_DB_ACCESS","CanonicalDataAndIntegrationRuntime","await using var command = new NpgsqlCommand(","REMAINING_IN_API"
"8240D6FDBE11E2F1","Backend\PlantProcess.Api\Endpoints\Phase2\Phase2LifecycleProofEndpoints.cs","103","DIRECT_NPGSQL_IN_API","HIGH_DIRECT_API_DB_ACCESS","CanonicalDataAndIntegrationRuntime","await using var command = new NpgsqlCommand(","REMAINING_IN_API"
"62CF4893117897A2","Backend\PlantProcess.Api\Endpoints\Phase2\Phase2LifecycleProofEndpoints.cs","167","DIRECT_NPGSQL_IN_API","HIGH_DIRECT_API_DB_ACCESS","CanonicalDataAndIntegrationRuntime","await using var command = new NpgsqlCommand(","REMAINING_IN_API"
"0AC6D5346F480477","Backend\PlantProcess.Api\Endpoints\Phase2\Phase2LifecycleProofEndpoints.cs","246","DIRECT_NPGSQL_IN_API","HIGH_DIRECT_API_DB_ACCESS","CanonicalDataAndIntegrationRuntime","await using var command = new NpgsqlCommand(sql, connection);","REMAINING_IN_API"
"11BE7804DC72F3BE","Backend\PlantProcess.Api\Endpoints\Phase2\Phase2LifecycleProofEndpoints.cs","383","DIRECT_NPGSQL_IN_API","HIGH_DIRECT_API_DB_ACCESS","CanonicalDataAndIntegrationRuntime","await using var command = new NpgsqlCommand(sql, connection);","REMAINING_IN_API"
"F15F553D3E0D694A","Backend\PlantProcess.Api\Endpoints\Phase45\Phase45ClosureEndpoints.cs","217","DIRECT_NPGSQL_IN_API","HIGH_DIRECT_API_DB_ACCESS","CanonicalDataAndIntegrationRuntime","await using var command = new NpgsqlCommand(sql, connection);","REMAINING_IN_API"
"1BED085FF5C2015C","Backend\PlantProcess.Api\Endpoints\Phase45\Phase45ClosureEndpoints.cs","363","DIRECT_NPGSQL_IN_API","HIGH_DIRECT_API_DB_ACCESS","CanonicalDataAndIntegrationRuntime","await using var command = new NpgsqlCommand(sql, connection);","REMAINING_IN_API"
"F3C118C866A74B76","Backend\PlantProcess.Api\Endpoints\Phase45\Phase45ClosureEndpoints.cs","383","DIRECT_NPGSQL_IN_API","HIGH_DIRECT_API_DB_ACCESS","CanonicalDataAndIntegrationRuntime","await using var command = new NpgsqlCommand(sql, connection);","REMAINING_IN_API"
"1E5F5A5A732A2FAD","Backend\PlantProcess.Api\Endpoints\Phase45\Phase45ClosureEndpoints.cs","546","DIRECT_NPGSQL_IN_API","HIGH_DIRECT_API_DB_ACCESS","CanonicalDataAndIntegrationRuntime","await using var command = new NpgsqlCommand(sql, connection);","REMAINING_IN_API"
"EE084DC2F2BF6DA1","Backend\PlantProcess.Api\Endpoints\Reporting\CustomerDemoReportEndpoints.cs","150","DIRECT_NPGSQL_IN_API","HIGH_DIRECT_API_DB_ACCESS","CanonicalDataAndIntegrationRuntime","await using var command = connection.CreateCommand();","REMAINING_IN_API"
"E02B99A5E3B05CF5","Backend\PlantProcess.Api\EnterpriseIdentity\V5EnterpriseIdentityEndpoints.cs","48","DIRECT_NPGSQL_IN_API","HIGH_DIRECT_API_DB_ACCESS","CanonicalDataAndIntegrationRuntime","await using var cmd = connection.CreateCommand();","REMAINING_IN_API"
"A6AA45EA9DFBB04B","Backend\PlantProcess.Api\EnterpriseIdentity\V5EnterpriseIdentityEndpoints.cs","113","DIRECT_NPGSQL_IN_API","HIGH_DIRECT_API_DB_ACCESS","CanonicalDataAndIntegrationRuntime","await using var cmd = connection.CreateCommand();","REMAINING_IN_API"
"C0C5BB73E5CA08E5","Backend\PlantProcess.Api\EnterpriseIdentity\V5EnterpriseIdentityEndpoints.cs","149","DIRECT_NPGSQL_IN_API","HIGH_DIRECT_API_DB_ACCESS","CanonicalDataAndIntegrationRuntime","await using var deleteCodes = connection.CreateCommand();","REMAINING_IN_API"
"EE3FF24B0421B5D2","Backend\PlantProcess.Api\EnterpriseIdentity\V5EnterpriseIdentityEndpoints.cs","162","DIRECT_NPGSQL_IN_API","HIGH_DIRECT_API_DB_ACCESS","CanonicalDataAndIntegrationRuntime","await using var codeCmd = connection.CreateCommand();","REMAINING_IN_API"
"A8110F73C7200950","Backend\PlantProcess.Api\EnterpriseIdentity\V5EnterpriseIdentityEndpoints.cs","234","DIRECT_NPGSQL_IN_API","HIGH_DIRECT_API_DB_ACCESS","CanonicalDataAndIntegrationRuntime","await using var cmd = connection.CreateCommand();","REMAINING_IN_API"
"5E5BBA73A92D759B","Backend\PlantProcess.Api\EnterpriseIdentity\V5EnterpriseIdentityEndpoints.cs","280","DIRECT_NPGSQL_IN_API","HIGH_DIRECT_API_DB_ACCESS","CanonicalDataAndIntegrationRuntime","await using var cmd = connection.CreateCommand();","REMAINING_IN_API"
"1867FC74D38ED75D","Backend\PlantProcess.Api\EnterpriseIdentity\V5EnterpriseIdentityEndpoints.cs","342","DIRECT_NPGSQL_IN_API","HIGH_DIRECT_API_DB_ACCESS","CanonicalDataAndIntegrationRuntime","await using var cmd = connection.CreateCommand();","REMAINING_IN_API"
"BDDBEBA26582FA11","Backend\PlantProcess.Api\EnterpriseIdentity\V5EnterpriseIdentityEndpoints.cs","403","DIRECT_NPGSQL_IN_API","HIGH_DIRECT_API_DB_ACCESS","CanonicalDataAndIntegrationRuntime","await using var cmd = connection.CreateCommand();","REMAINING_IN_API"
"CF9436B78BBABBCD","Backend\PlantProcess.Api\EnterpriseIdentity\V5EnterpriseIdentityEndpoints.cs","500","DIRECT_NPGSQL_IN_API","HIGH_DIRECT_API_DB_ACCESS","CanonicalDataAndIntegrationRuntime","await using var cmd = connection.CreateCommand();","REMAINING_IN_API"
"CB81B5472105FA62","Backend\PlantProcess.Api\EnterpriseIdentity\V5EnterpriseIdentityEndpoints.cs","567","DIRECT_NPGSQL_IN_API","HIGH_DIRECT_API_DB_ACCESS","CanonicalDataAndIntegrationRuntime","await using var cmd = connection.CreateCommand();","REMAINING_IN_API"
"34FC642F3EEDC0ED","Backend\PlantProcess.Api\EnterpriseIdentity\V5EnterpriseIdentityEndpoints.cs","586","DIRECT_NPGSQL_IN_API","HIGH_DIRECT_API_DB_ACCESS","CanonicalDataAndIntegrationRuntime","await using var cmd = connection.CreateCommand();","REMAINING_IN_API"
"C53A19D9F6D296A0","Backend\PlantProcess.Api\EnterpriseIdentity\V5EnterpriseIdentityEndpoints.cs","636","DIRECT_NPGSQL_IN_API","HIGH_DIRECT_API_DB_ACCESS","CanonicalDataAndIntegrationRuntime","await using var cmd = connection.CreateCommand();","REMAINING_IN_API"
"B458248D672189AD","Backend\PlantProcess.Api\EnterpriseIdentity\V5EnterpriseIdentityEndpoints.cs","671","DIRECT_NPGSQL_IN_API","HIGH_DIRECT_API_DB_ACCESS","CanonicalDataAndIntegrationRuntime","await using var cmd = connection.CreateCommand();","REMAINING_IN_API"
"5F468D49C3F81071","Backend\PlantProcess.Api\EnterpriseIdentity\V5EnterpriseIdentityEndpoints.cs","697","DIRECT_NPGSQL_IN_API","HIGH_DIRECT_API_DB_ACCESS","CanonicalDataAndIntegrationRuntime","await using var cmd = connection.CreateCommand();","REMAINING_IN_API"
"675696FCDB475448","Backend\PlantProcess.Api\EnterpriseIdentity\V5EnterpriseIdentityEndpoints.cs","726","DIRECT_NPGSQL_IN_API","HIGH_DIRECT_API_DB_ACCESS","CanonicalDataAndIntegrationRuntime","await using var cmd = connection.CreateCommand();","REMAINING_IN_API"
"F3EEF3B378FAA1AA","Backend\PlantProcess.Api\EnterpriseIdentity\V5EnterpriseIdentityEndpoints.cs","800","DIRECT_NPGSQL_IN_API","HIGH_DIRECT_API_DB_ACCESS","CanonicalDataAndIntegrationRuntime","await using var cmd = connection.CreateCommand();","REMAINING_IN_API"
"26FEE08799D9F9C2","Backend\PlantProcess.Api\EnterpriseSsoScim\V5EnterpriseSsoScimEndpoints.cs","150","DIRECT_NPGSQL_IN_API","HIGH_DIRECT_API_DB_ACCESS","CanonicalDataAndIntegrationRuntime","await using var cmd = connection.CreateCommand();","REMAINING_IN_API"
"B62FEE8E4574F516","Backend\PlantProcess.Api\EnterpriseSsoScim\V5EnterpriseSsoScimEndpoints.cs","206","DIRECT_NPGSQL_IN_API","HIGH_DIRECT_API_DB_ACCESS","CanonicalDataAndIntegrationRuntime","await using var cmd = connection.CreateCommand();","REMAINING_IN_API"
"CCB60FBDF60BFD7F","Backend\PlantProcess.Api\EnterpriseSsoScim\V5EnterpriseSsoScimEndpoints.cs","315","DIRECT_NPGSQL_IN_API","HIGH_DIRECT_API_DB_ACCESS","CanonicalDataAndIntegrationRuntime","await using var cmd = connection.CreateCommand();","REMAINING_IN_API"
"6C85DE48E455DE7F","Backend\PlantProcess.Api\EnterpriseSsoScim\V5EnterpriseSsoScimEndpoints.cs","364","DIRECT_NPGSQL_IN_API","HIGH_DIRECT_API_DB_ACCESS","CanonicalDataAndIntegrationRuntime","await using var cmd = connection.CreateCommand();","REMAINING_IN_API"
"47490138F8BE2011","Backend\PlantProcess.Api\EnterpriseSsoScim\V5EnterpriseSsoScimEndpoints.cs","410","DIRECT_NPGSQL_IN_API","HIGH_DIRECT_API_DB_ACCESS","CanonicalDataAndIntegrationRuntime","await using var cmd = connection.CreateCommand();","REMAINING_IN_API"
"D76D4A6428AD0E4D","Backend\PlantProcess.Api\EnterpriseSsoScim\V5EnterpriseSsoScimEndpoints.cs","467","DIRECT_NPGSQL_IN_API","HIGH_DIRECT_API_DB_ACCESS","CanonicalDataAndIntegrationRuntime","await using var cmd = connection.CreateCommand();","REMAINING_IN_API"
"6312E4A16D49C8D7","Backend\PlantProcess.Api\EnterpriseSsoScim\V5EnterpriseSsoScimEndpoints.cs","496","DIRECT_NPGSQL_IN_API","HIGH_DIRECT_API_DB_ACCESS","CanonicalDataAndIntegrationRuntime","await using var cmd = connection.CreateCommand();","REMAINING_IN_API"
"96CC87104201724A","Backend\PlantProcess.Api\EnterpriseSsoScim\V5EnterpriseSsoScimEndpoints.cs","529","DIRECT_NPGSQL_IN_API","HIGH_DIRECT_API_DB_ACCESS","CanonicalDataAndIntegrationRuntime","await using var cmd = connection.CreateCommand();","REMAINING_IN_API"
"4E4A9F8A3C8FAE35","Backend\PlantProcess.Api\EnterpriseSsoScim\V5EnterpriseSsoScimEndpoints.cs","582","DIRECT_NPGSQL_IN_API","HIGH_DIRECT_API_DB_ACCESS","CanonicalDataAndIntegrationRuntime","await using var cmd = connection.CreateCommand();","REMAINING_IN_API"
"C69871BAD46ECAAA","Backend\PlantProcess.Api\EnterpriseSsoScim\V5EnterpriseSsoScimEndpoints.cs","642","DIRECT_NPGSQL_IN_API","HIGH_DIRECT_API_DB_ACCESS","CanonicalDataAndIntegrationRuntime","await using var cmd = connection.CreateCommand();","REMAINING_IN_API"
"838498855FBA8B00","Backend\PlantProcess.Api\EnterpriseSsoScim\V5EnterpriseSsoScimEndpoints.cs","695","DIRECT_NPGSQL_IN_API","HIGH_DIRECT_API_DB_ACCESS","CanonicalDataAndIntegrationRuntime","await using var cmd = connection.CreateCommand();","REMAINING_IN_API"
"7AD2AAD34D6B47B6","Backend\PlantProcess.Api\EnterpriseSsoScim\V5EnterpriseSsoScimEndpoints.cs","774","DIRECT_NPGSQL_IN_API","HIGH_DIRECT_API_DB_ACCESS","CanonicalDataAndIntegrationRuntime","await using var cmd = connection.CreateCommand();","REMAINING_IN_API"
"A55E16E320195584","Backend\PlantProcess.Api\EnterpriseSsoScim\V5EnterpriseSsoScimEndpoints.cs","853","DIRECT_NPGSQL_IN_API","HIGH_DIRECT_API_DB_ACCESS","CanonicalDataAndIntegrationRuntime","await using var cmd = connection.CreateCommand();","REMAINING_IN_API"
"0F5017B8744992F3","Backend\PlantProcess.Api\EnterpriseSsoScim\V5IdentityRuntimeCertificationEndpoints.cs","68","DIRECT_NPGSQL_IN_API","HIGH_DIRECT_API_DB_ACCESS","CanonicalDataAndIntegrationRuntime","await using var cmd = connection.CreateCommand();","REMAINING_IN_API"
"BD0A40114BE76803","Backend\PlantProcess.Api\EnterpriseSsoScim\V5IdentityRuntimeCertificationEndpoints.cs","200","DIRECT_NPGSQL_IN_API","HIGH_DIRECT_API_DB_ACCESS","CanonicalDataAndIntegrationRuntime","await using var cmd = connection.CreateCommand();","REMAINING_IN_API"
"06C31BC36C658546","Backend\PlantProcess.Api\EnterpriseSsoScim\V5IdentityRuntimeCertificationEndpoints.cs","301","DIRECT_NPGSQL_IN_API","HIGH_DIRECT_API_DB_ACCESS","CanonicalDataAndIntegrationRuntime","await using var cmd = connection.CreateCommand();","REMAINING_IN_API"
"967E81B78636E7AD","Backend\PlantProcess.Api\EnterpriseSsoScim\V5IdentityRuntimeCertificationEndpoints.cs","480","DIRECT_NPGSQL_IN_API","HIGH_DIRECT_API_DB_ACCESS","CanonicalDataAndIntegrationRuntime","await using var cmd = connection.CreateCommand();","REMAINING_IN_API"
"81EFDDE75E856773","Backend\PlantProcess.Api\EnterpriseSsoScim\V5IdentityRuntimeCertificationEndpoints.cs","515","DIRECT_NPGSQL_IN_API","HIGH_DIRECT_API_DB_ACCESS","CanonicalDataAndIntegrationRuntime","await using var cmd = connection.CreateCommand();","REMAINING_IN_API"
"93601E82C158D2EA","Backend\PlantProcess.Api\EnterpriseSsoScim\V5IdentityRuntimeCertificationEndpoints.cs","554","DIRECT_NPGSQL_IN_API","HIGH_DIRECT_API_DB_ACCESS","CanonicalDataAndIntegrationRuntime","await using var cmd = connection.CreateCommand();","REMAINING_IN_API"
"0016EC7192CBEB5B","Backend\PlantProcess.Api\EnterpriseSsoScim\V5IdentityRuntimeCertificationEndpoints.cs","618","DIRECT_NPGSQL_IN_API","HIGH_DIRECT_API_DB_ACCESS","CanonicalDataAndIntegrationRuntime","await using var cmd = connection.CreateCommand();","REMAINING_IN_API"
"60115F3687199B64","Backend\PlantProcess.Api\EnterpriseSsoScim\V5IdentityRuntimeCertificationEndpoints.cs","677","DIRECT_NPGSQL_IN_API","HIGH_DIRECT_API_DB_ACCESS","CanonicalDataAndIntegrationRuntime","await using var cmd = connection.CreateCommand();","REMAINING_IN_API"
"043F81EFD3514C79","Backend\PlantProcess.Api\EnterpriseSsoScim\V5IdentityRuntimeCertificationEndpoints.cs","798","DIRECT_NPGSQL_IN_API","HIGH_DIRECT_API_DB_ACCESS","CanonicalDataAndIntegrationRuntime","await using var cmd = connection.CreateCommand();","REMAINING_IN_API"
"617F8A445CBA8C5A","Backend\PlantProcess.Api\Hosting\ReadModelRefreshHostedService.cs","89","DIRECT_NPGSQL_IN_API","HIGH_DIRECT_API_DB_ACCESS","CanonicalDataAndIntegrationRuntime","await using var cmd = dataSource.CreateCommand(","REMAINING_IN_API"
"874B0C4F81AC6AFD","Backend\PlantProcess.Api\OutboundLeadSystem\V5OutboundLeadSystemEndpoints.cs","156","DIRECT_NPGSQL_IN_API","HIGH_DIRECT_API_DB_ACCESS","CanonicalDataAndIntegrationRuntime","await using var cmd = connection.CreateCommand();","REMAINING_IN_API"
"5DD53422F66CF814","Backend\PlantProcess.Api\OutboundLeadSystem\V5OutboundLeadSystemEndpoints.cs","209","DIRECT_NPGSQL_IN_API","HIGH_DIRECT_API_DB_ACCESS","CanonicalDataAndIntegrationRuntime","await using var cmd = connection.CreateCommand();","REMAINING_IN_API"
"B1C9B5EA5E227092","Backend\PlantProcess.Api\OutboundLeadSystem\V5OutboundLeadSystemEndpoints.cs","295","DIRECT_NPGSQL_IN_API","HIGH_DIRECT_API_DB_ACCESS","CanonicalDataAndIntegrationRuntime","await using var cmd = connection.CreateCommand();","REMAINING_IN_API"
"2AF69F9835E4CE1F","Backend\PlantProcess.Api\OutboundLeadSystem\V5OutboundLeadSystemEndpoints.cs","341","DIRECT_NPGSQL_IN_API","HIGH_DIRECT_API_DB_ACCESS","CanonicalDataAndIntegrationRuntime","await using var cmd = connection.CreateCommand();","REMAINING_IN_API"
"7501AF48AFBFA6D0","Backend\PlantProcess.Api\OutboundLeadSystem\V5OutboundLeadSystemEndpoints.cs","421","DIRECT_NPGSQL_IN_API","HIGH_DIRECT_API_DB_ACCESS","CanonicalDataAndIntegrationRuntime","await using var cmd = connection.CreateCommand();","REMAINING_IN_API"
"CCD877C260D25A31","Backend\PlantProcess.Api\OutboundLeadSystem\V5OutboundLeadSystemEndpoints.cs","470","DIRECT_NPGSQL_IN_API","HIGH_DIRECT_API_DB_ACCESS","CanonicalDataAndIntegrationRuntime","await using var cmd = connection.CreateCommand();","REMAINING_IN_API"
"DB0094DB764006C9","Backend\PlantProcess.Api\OutboundLeadSystem\V5OutboundLeadSystemEndpoints.cs","556","DIRECT_NPGSQL_IN_API","HIGH_DIRECT_API_DB_ACCESS","CanonicalDataAndIntegrationRuntime","await using var cmd = connection.CreateCommand();","REMAINING_IN_API"
"19E8DC61829F5FF2","Backend\PlantProcess.Api\OutboundLeadSystem\V5OutboundLeadSystemEndpoints.cs","732","DIRECT_NPGSQL_IN_API","HIGH_DIRECT_API_DB_ACCESS","CanonicalDataAndIntegrationRuntime","await using var cmd = connection.CreateCommand();","REMAINING_IN_API"
"5EEDEB4A2DAE84DA","Backend\PlantProcess.Api\PlantConnectors\V5ConnectorRuntimeCertificationEndpoints.cs","128","DIRECT_NPGSQL_IN_API","HIGH_DIRECT_API_DB_ACCESS","CanonicalDataAndIntegrationRuntime","await using var cmd = connection.CreateCommand();","REMAINING_IN_API"
"29690B361A1F7887","Backend\PlantProcess.Api\PlantConnectors\V5ConnectorRuntimeCertificationEndpoints.cs","376","DIRECT_NPGSQL_IN_API","HIGH_DIRECT_API_DB_ACCESS","CanonicalDataAndIntegrationRuntime","await using var cmd = connection.CreateCommand();","REMAINING_IN_API"
"E313F0C9B22D24F2","Backend\PlantProcess.Api\PlantConnectors\V5ConnectorRuntimeCertificationEndpoints.cs","441","DIRECT_NPGSQL_IN_API","HIGH_DIRECT_API_DB_ACCESS","CanonicalDataAndIntegrationRuntime","await using var cmd = connection.CreateCommand();","REMAINING_IN_API"
"FDE3837F95978360","Backend\PlantProcess.Api\PlantConnectors\V5ConnectorRuntimeCertificationEndpoints.cs","529","DIRECT_NPGSQL_IN_API","HIGH_DIRECT_API_DB_ACCESS","CanonicalDataAndIntegrationRuntime","await using var cmd = connection.CreateCommand();","REMAINING_IN_API"
"DEA22DAD6B23812A","Backend\PlantProcess.Api\PlantConnectors\V5ConnectorRuntimeCertificationEndpoints.cs","613","DIRECT_NPGSQL_IN_API","HIGH_DIRECT_API_DB_ACCESS","CanonicalDataAndIntegrationRuntime","await using var cmd = connection.CreateCommand();","REMAINING_IN_API"
"38BADEC8EDFA98E2","Backend\PlantProcess.Api\PlantConnectors\V5ConnectorRuntimeCertificationEndpoints.cs","696","DIRECT_NPGSQL_IN_API","HIGH_DIRECT_API_DB_ACCESS","CanonicalDataAndIntegrationRuntime","await using var cmd = connection.CreateCommand();","REMAINING_IN_API"
"81180F21F7F4408C","Backend\PlantProcess.Api\PlantConnectors\V5ConnectorRuntimeCertificationEndpoints.cs","752","DIRECT_NPGSQL_IN_API","HIGH_DIRECT_API_DB_ACCESS","CanonicalDataAndIntegrationRuntime","await using var cmd = connection.CreateCommand();","REMAINING_IN_API"
"1FEC7D2C211CC18C","Backend\PlantProcess.Api\PlantConnectors\V5ConnectorRuntimeCertificationEndpoints.cs","790","DIRECT_NPGSQL_IN_API","HIGH_DIRECT_API_DB_ACCESS","CanonicalDataAndIntegrationRuntime","await using var cmd = connection.CreateCommand();","REMAINING_IN_API"
"6119481F40FBEE2D","Backend\PlantProcess.Api\PlantConnectors\V5ConnectorRuntimeCertificationEndpoints.cs","820","DIRECT_NPGSQL_IN_API","HIGH_DIRECT_API_DB_ACCESS","CanonicalDataAndIntegrationRuntime","await using var cmd = connection.CreateCommand();","REMAINING_IN_API"
"1C8D1F2862FDE7CF","Backend\PlantProcess.Api\PlantConnectors\V5ConnectorRuntimeCertificationEndpoints.cs","893","DIRECT_NPGSQL_IN_API","HIGH_DIRECT_API_DB_ACCESS","CanonicalDataAndIntegrationRuntime","await using var cmd = connection.CreateCommand();","REMAINING_IN_API"
"A62F98C394A2F48A","Backend\PlantProcess.Api\PlantConnectors\V5PlantConnectorEndpoints.cs","104","DIRECT_NPGSQL_IN_API","HIGH_DIRECT_API_DB_ACCESS","CanonicalDataAndIntegrationRuntime","await using var cmd = connection.CreateCommand();","REMAINING_IN_API"
"8DE1DE77CCDF5E95","Backend\PlantProcess.Api\PlantConnectors\V5PlantConnectorEndpoints.cs","293","DIRECT_NPGSQL_IN_API","HIGH_DIRECT_API_DB_ACCESS","CanonicalDataAndIntegrationRuntime","await using var cmd = connection.CreateCommand();","REMAINING_IN_API"
"C3E31C00B045E5F0","Backend\PlantProcess.Api\PlantConnectors\V5PlantConnectorEndpoints.cs","337","DIRECT_NPGSQL_IN_API","HIGH_DIRECT_API_DB_ACCESS","CanonicalDataAndIntegrationRuntime","await using var cmd = connection.CreateCommand();","REMAINING_IN_API"
"2B95AD49D51880A0","Backend\PlantProcess.Api\PlantConnectors\V5PlantConnectorEndpoints.cs","361","DIRECT_NPGSQL_IN_API","HIGH_DIRECT_API_DB_ACCESS","CanonicalDataAndIntegrationRuntime","await using var cmd = connection.CreateCommand();","REMAINING_IN_API"
"4B3474EAD606D9FD","Backend\PlantProcess.Api\PlantConnectors\V5PlantConnectorEndpoints.cs","410","DIRECT_NPGSQL_IN_API","HIGH_DIRECT_API_DB_ACCESS","CanonicalDataAndIntegrationRuntime","await using var cmd = connection.CreateCommand();","REMAINING_IN_API"
"A29F2FF64EF0F45B","Backend\PlantProcess.Api\PlantConnectors\V5PlantConnectorEndpoints.cs","460","DIRECT_NPGSQL_IN_API","HIGH_DIRECT_API_DB_ACCESS","CanonicalDataAndIntegrationRuntime","await using var cmd = connection.CreateCommand();","REMAINING_IN_API"
"181D06F794ECE84A","Backend\PlantProcess.Api\PlantConnectors\V5PlantConnectorEndpoints.cs","502","DIRECT_NPGSQL_IN_API","HIGH_DIRECT_API_DB_ACCESS","CanonicalDataAndIntegrationRuntime","await using var cmd = connection.CreateCommand();","REMAINING_IN_API"
"00F74AD33EED9043","Backend\PlantProcess.Api\PlantConnectors\V5PlantConnectorEndpoints.cs","533","DIRECT_NPGSQL_IN_API","HIGH_DIRECT_API_DB_ACCESS","CanonicalDataAndIntegrationRuntime","await using var cmd = connection.CreateCommand();","REMAINING_IN_API"
"E7E8792AB696B11F","Backend\PlantProcess.Api\PlantConnectors\V5PlantConnectorEndpoints.cs","577","DIRECT_NPGSQL_IN_API","HIGH_DIRECT_API_DB_ACCESS","CanonicalDataAndIntegrationRuntime","await using var cmd = connection.CreateCommand();","REMAINING_IN_API"
"D7AA7093DB9B2355","Backend\PlantProcess.Api\PlantConnectors\V5PlantConnectorEndpoints.cs","630","DIRECT_NPGSQL_IN_API","HIGH_DIRECT_API_DB_ACCESS","CanonicalDataAndIntegrationRuntime","await using var cmd = connection.CreateCommand();","REMAINING_IN_API"
"F66209BDE319B68A","Backend\PlantProcess.Api\Security\AuthStore.cs","39","DIRECT_NPGSQL_IN_API","HIGH_DIRECT_API_DB_ACCESS","CanonicalDataAndIntegrationRuntime","await using var cmd = _db.Database.GetDbConnection().CreateCommand();","REMAINING_IN_API"
"A038A7F929F6D20D","Backend\PlantProcess.Api\Security\AuthStore.cs","52","DIRECT_NPGSQL_IN_API","HIGH_DIRECT_API_DB_ACCESS","CanonicalDataAndIntegrationRuntime","await using var cmd = _db.Database.GetDbConnection().CreateCommand();","REMAINING_IN_API"
"7FD7FD88E48D6CEF","Backend\PlantProcess.Api\Security\AuthStore.cs","152","DIRECT_NPGSQL_IN_API","HIGH_DIRECT_API_DB_ACCESS","CanonicalDataAndIntegrationRuntime","await using var cmd = _db.Database.GetDbConnection().CreateCommand();","REMAINING_IN_API"
"F55AF4BD0C257D07","Backend\PlantProcess.Api\Security\AuthStore.cs","222","DIRECT_NPGSQL_IN_API","HIGH_DIRECT_API_DB_ACCESS","CanonicalDataAndIntegrationRuntime","await using var cmd = _db.Database.GetDbConnection().CreateCommand();","REMAINING_IN_API"
"82C641B1B876D8D9","Backend\PlantProcess.Api\Security\AuthStore.cs","244","DIRECT_NPGSQL_IN_API","HIGH_DIRECT_API_DB_ACCESS","CanonicalDataAndIntegrationRuntime","await using var cmd = _db.Database.GetDbConnection().CreateCommand();","REMAINING_IN_API"
"C629E3744A23BAFF","Backend\PlantProcess.Api\Security\AuthStore.cs","280","DIRECT_NPGSQL_IN_API","HIGH_DIRECT_API_DB_ACCESS","CanonicalDataAndIntegrationRuntime","await using var cmd = _db.Database.GetDbConnection().CreateCommand();","REMAINING_IN_API"
"4F0555A2BB11E609","Backend\PlantProcess.Api\Security\AuthStore.cs","300","DIRECT_NPGSQL_IN_API","HIGH_DIRECT_API_DB_ACCESS","CanonicalDataAndIntegrationRuntime","await using var cmd = _db.Database.GetDbConnection().CreateCommand();","REMAINING_IN_API"
"0F321670712B9736","Backend\PlantProcess.Api\SignedLicensing\V5Ed25519LicenseEndpoints.cs","208","DIRECT_NPGSQL_IN_API","HIGH_DIRECT_API_DB_ACCESS","CanonicalDataAndIntegrationRuntime","await using var cmd = connection.CreateCommand();","REMAINING_IN_API"
"0DFCC542554C7875","Backend\PlantProcess.Api\SignedLicensing\V5Ed25519LicenseEndpoints.cs","289","DIRECT_NPGSQL_IN_API","HIGH_DIRECT_API_DB_ACCESS","CanonicalDataAndIntegrationRuntime","await using var audit = connection.CreateCommand();","REMAINING_IN_API"
"C7EF627134328191","Backend\PlantProcess.Api\SignedLicensing\V5Ed25519LicenseEndpoints.cs","359","DIRECT_NPGSQL_IN_API","HIGH_DIRECT_API_DB_ACCESS","CanonicalDataAndIntegrationRuntime","await using var cmd = connection.CreateCommand();","REMAINING_IN_API"
"D4FC6ADD1F3FA8D1","Backend\PlantProcess.Api\SignedLicensing\V5Ed25519LicenseEndpoints.cs","382","DIRECT_NPGSQL_IN_API","HIGH_DIRECT_API_DB_ACCESS","CanonicalDataAndIntegrationRuntime","await using var cmd = connection.CreateCommand();","REMAINING_IN_API"
"CB2422D4B28CBC07","Backend\PlantProcess.Api\SignedLicensing\V5Ed25519LicenseEndpoints.cs","410","DIRECT_NPGSQL_IN_API","HIGH_DIRECT_API_DB_ACCESS","CanonicalDataAndIntegrationRuntime","await using (var supersede = connection.CreateCommand())","REMAINING_IN_API"
"520DBE65E1772A95","Backend\PlantProcess.Api\SignedLicensing\V5Ed25519LicenseEndpoints.cs","426","DIRECT_NPGSQL_IN_API","HIGH_DIRECT_API_DB_ACCESS","CanonicalDataAndIntegrationRuntime","await using (var cmd = connection.CreateCommand())","REMAINING_IN_API"
"6CD52BBAC8BD2129","Backend\PlantProcess.Api\SignedLicensing\V5Ed25519LicenseEndpoints.cs","692","DIRECT_NPGSQL_IN_API","HIGH_DIRECT_API_DB_ACCESS","CanonicalDataAndIntegrationRuntime","await using var cmd = connection.CreateCommand();","REMAINING_IN_API"
"A66283DFCA0086DA","Backend\PlantProcess.Api\SignedLicensing\V5SignedLicensingEndpoints.cs","192","DIRECT_NPGSQL_IN_API","HIGH_DIRECT_API_DB_ACCESS","CanonicalDataAndIntegrationRuntime","await using var cmd = connection.CreateCommand();","REMAINING_IN_API"
"3B9C0A378F1095BF","Backend\PlantProcess.Api\SignedLicensing\V5SignedLicensingEndpoints.cs","306","DIRECT_NPGSQL_IN_API","HIGH_DIRECT_API_DB_ACCESS","CanonicalDataAndIntegrationRuntime","await using var cmd = connection.CreateCommand();","REMAINING_IN_API"
"9EA171A070D3237F","Backend\PlantProcess.Api\SignedLicensing\V5SignedLicensingEndpoints.cs","338","DIRECT_NPGSQL_IN_API","HIGH_DIRECT_API_DB_ACCESS","CanonicalDataAndIntegrationRuntime","await using var cmd = connection.CreateCommand();","REMAINING_IN_API"
"6C13C0AFA2435E55","Backend\PlantProcess.Api\SignedLicensing\V5SignedLicensingEndpoints.cs","362","DIRECT_NPGSQL_IN_API","HIGH_DIRECT_API_DB_ACCESS","CanonicalDataAndIntegrationRuntime","await using var cmd = connection.CreateCommand();","REMAINING_IN_API"
"B2824BCE5CC32159","Backend\PlantProcess.Api\SignedLicensing\V5SignedLicensingEndpoints.cs","427","DIRECT_NPGSQL_IN_API","HIGH_DIRECT_API_DB_ACCESS","CanonicalDataAndIntegrationRuntime","await using var cmd = connection.CreateCommand();","REMAINING_IN_API"
"213E3BD30DB12A9B","Backend\PlantProcess.Api\SignedLicensing\V5SignedLicensingEndpoints.cs","501","DIRECT_NPGSQL_IN_API","HIGH_DIRECT_API_DB_ACCESS","CanonicalDataAndIntegrationRuntime","await using var cmd = connection.CreateCommand();","REMAINING_IN_API"
"D2DBFF48FE210A11","Backend\PlantProcess.Api\SignedLicensing\V5SignedLicensingEndpoints.cs","584","DIRECT_NPGSQL_IN_API","HIGH_DIRECT_API_DB_ACCESS","CanonicalDataAndIntegrationRuntime","await using var cmd = connection.CreateCommand();","REMAINING_IN_API"
"BCB112AF9214A841","Backend\PlantProcess.Api\SignedLicensing\V5SignedLicensingEndpoints.cs","689","DIRECT_NPGSQL_IN_API","HIGH_DIRECT_API_DB_ACCESS","CanonicalDataAndIntegrationRuntime","await using var cmd = connection.CreateCommand();","REMAINING_IN_API"
"C439CA99778039E1","Backend\PlantProcess.Api\SignedLicensing\VerifiedEd25519LicenseService.cs","281","DIRECT_NPGSQL_IN_API","HIGH_DIRECT_API_DB_ACCESS","CanonicalDataAndIntegrationRuntime","using (var tenantCmd = connection.CreateCommand())","REMAINING_IN_API"
"247AB11962DD8FE2","Backend\PlantProcess.Api\SignedLicensing\VerifiedEd25519LicenseService.cs","288","DIRECT_NPGSQL_IN_API","HIGH_DIRECT_API_DB_ACCESS","CanonicalDataAndIntegrationRuntime","using var cmd = connection.CreateCommand();","REMAINING_IN_API"
"004CD0489F693D65","Backend\PlantProcess.Api\VisualMapper\V5VisualMapperEndpoints.cs","76","DIRECT_NPGSQL_IN_API","HIGH_DIRECT_API_DB_ACCESS","CanonicalDataAndIntegrationRuntime","await using var cmd = connection.CreateCommand();","REMAINING_IN_API"
"B4AD18CD1FF1CA0C","Backend\PlantProcess.Api\VisualMapper\V5VisualMapperEndpoints.cs","112","DIRECT_NPGSQL_IN_API","HIGH_DIRECT_API_DB_ACCESS","CanonicalDataAndIntegrationRuntime","await using var cmd = connection.CreateCommand();","REMAINING_IN_API"
"A4678F64AA421199","Backend\PlantProcess.Api\VisualMapper\V5VisualMapperEndpoints.cs","223","DIRECT_NPGSQL_IN_API","HIGH_DIRECT_API_DB_ACCESS","CanonicalDataAndIntegrationRuntime","await using var cmd = connection.CreateCommand();","REMAINING_IN_API"
"2009D142D4EE4926","Backend\PlantProcess.Api\VisualMapper\V5VisualMapperEndpoints.cs","292","DIRECT_NPGSQL_IN_API","HIGH_DIRECT_API_DB_ACCESS","CanonicalDataAndIntegrationRuntime","await using var cmd = connection.CreateCommand();","REMAINING_IN_API"
"9B38787F12A5EC16","Backend\PlantProcess.Api\VisualMapper\V5VisualMapperEndpoints.cs","349","DIRECT_NPGSQL_IN_API","HIGH_DIRECT_API_DB_ACCESS","CanonicalDataAndIntegrationRuntime","await using var cmd = connection.CreateCommand();","REMAINING_IN_API"
"8227416D8354F914","Backend\PlantProcess.Api\VisualMapper\V5VisualMapperEndpoints.cs","417","DIRECT_NPGSQL_IN_API","HIGH_DIRECT_API_DB_ACCESS","CanonicalDataAndIntegrationRuntime","await using var cmd = connection.CreateCommand();","REMAINING_IN_API"
"7D3CE96F7ECA2072","Backend\PlantProcess.Api\VisualMapper\V5VisualMapperEndpoints.cs","498","DIRECT_NPGSQL_IN_API","HIGH_DIRECT_API_DB_ACCESS","CanonicalDataAndIntegrationRuntime","await using var cmd = connection.CreateCommand();","REMAINING_IN_API"
"2BA917A9EE826026","Backend\PlantProcess.Api\VisualMapper\V5VisualMapperEndpoints.cs","532","DIRECT_NPGSQL_IN_API","HIGH_DIRECT_API_DB_ACCESS","CanonicalDataAndIntegrationRuntime","await using var update = connection.CreateCommand();","REMAINING_IN_API"
"86863780CA14E74B","Backend\PlantProcess.Api\VisualMapper\V5VisualMapperEndpoints.cs","570","DIRECT_NPGSQL_IN_API","HIGH_DIRECT_API_DB_ACCESS","CanonicalDataAndIntegrationRuntime","await using var cmd = connection.CreateCommand();","REMAINING_IN_API"
"071C58532116CF02","Backend\PlantProcess.Api\VisualMapper\V5VisualMapperEndpoints.cs","613","DIRECT_NPGSQL_IN_API","HIGH_DIRECT_API_DB_ACCESS","CanonicalDataAndIntegrationRuntime","await using var cmd = connection.CreateCommand();","REMAINING_IN_API"
"0BF4D2BF150E05B5","Backend\PlantProcess.Api\VisualMapper\V5VisualMapperEndpoints.cs","660","DIRECT_NPGSQL_IN_API","HIGH_DIRECT_API_DB_ACCESS","CanonicalDataAndIntegrationRuntime","await using var cmd = connection.CreateCommand();","REMAINING_IN_API"
"58ED2E172F9AD5CD","Backend\PlantProcess.Api\VisualMapper\V5VisualMapperEndpoints.cs","712","DIRECT_NPGSQL_IN_API","HIGH_DIRECT_API_DB_ACCESS","CanonicalDataAndIntegrationRuntime","await using var cmd = connection.CreateCommand();","REMAINING_IN_API"
"63D3EF0A621015AA","Backend\PlantProcess.Api\Endpoints\Demo\DemoLifecycleEndpoints.cs","129","EF_RAW_SQL_IN_API","HIGH_DYNAMIC_SQL_REVIEW","CanonicalDataAndIntegrationRuntime","await dbContext.Database.ExecuteSqlInterpolatedAsync($@""","REMAINING_IN_API"
"05B7EEE258F6AFB2","Backend\PlantProcess.Api\Endpoints\Demo\DemoLifecycleEndpoints.cs","188","EF_RAW_SQL_IN_API","HIGH_DYNAMIC_SQL_REVIEW","CanonicalDataAndIntegrationRuntime","await dbContext.Database.ExecuteSqlInterpolatedAsync($@""","REMAINING_IN_API"
"F6E7E7C601BB6C91","Backend\PlantProcess.Api\Endpoints\Demo\DemoLifecycleEndpoints.cs","208","EF_RAW_SQL_IN_API","HIGH_DYNAMIC_SQL_REVIEW","CanonicalDataAndIntegrationRuntime","await dbContext.Database.ExecuteSqlInterpolatedAsync($@""","REMAINING_IN_API"
"5EBD8BE46EA1C2C0","Backend\PlantProcess.Api\AssistantGateway\V5PrivateModelGatewayCertificationEndpoints.cs","197","SQL_TEXT_INSIDE_API_SURFACE","HIGH_WRITE_OR_DDL_REVIEW","CanonicalDataAndIntegrationRuntime","INSERT INTO public.ppiq_assistant_prompt_governance_events","REMAINING_IN_API"
"FEE53EA66BCF1CCC","Backend\PlantProcess.Api\AssistantGateway\V5PrivateModelGatewayCertificationEndpoints.cs","300","SQL_TEXT_INSIDE_API_SURFACE","HIGH_WRITE_OR_DDL_REVIEW","CanonicalDataAndIntegrationRuntime","INSERT INTO public.ppiq_model_eval_runs","REMAINING_IN_API"
"7FB089C0864B866B","Backend\PlantProcess.Api\AssistantGateway\V5PrivateModelGatewayCertificationEndpoints.cs","547","SQL_TEXT_INSIDE_API_SURFACE","HIGH_WRITE_OR_DDL_REVIEW","CanonicalDataAndIntegrationRuntime","INSERT INTO public.ppiq_private_model_endpoint_configs","REMAINING_IN_API"
"62B1C375AB8465AC","Backend\PlantProcess.Api\AssistantGateway\V5PrivateModelGatewayCertificationEndpoints.cs","586","SQL_TEXT_INSIDE_API_SURFACE","HIGH_WRITE_OR_DDL_REVIEW","CanonicalDataAndIntegrationRuntime","DO UPDATE SET","REMAINING_IN_API"
"450221B9CA38840F","Backend\PlantProcess.Api\AssistantGateway\V5PrivateModelGatewayCertificationEndpoints.cs","631","SQL_TEXT_INSIDE_API_SURFACE","HIGH_WRITE_OR_DDL_REVIEW","CanonicalDataAndIntegrationRuntime","INSERT INTO public.ppiq_model_gateway_policy_results","REMAINING_IN_API"
"54489EFB19696879","Backend\PlantProcess.Api\ComplianceControls\V5ComplianceControlsEndpoints.cs","165","SQL_TEXT_INSIDE_API_SURFACE","HIGH_WRITE_OR_DDL_REVIEW","CanonicalDataAndIntegrationRuntime","INSERT INTO public.ppiq_data_subject_requests","REMAINING_IN_API"
"7A7A69555BB417C7","Backend\PlantProcess.Api\ComplianceControls\V5ComplianceControlsEndpoints.cs","188","SQL_TEXT_INSIDE_API_SURFACE","HIGH_WRITE_OR_DDL_REVIEW","CanonicalDataAndIntegrationRuntime","DO UPDATE SET","REMAINING_IN_API"
"C1853E7D487311DA","Backend\PlantProcess.Api\ComplianceControls\V5ComplianceControlsEndpoints.cs","246","SQL_TEXT_INSIDE_API_SURFACE","HIGH_WRITE_OR_DDL_REVIEW","CanonicalDataAndIntegrationRuntime","INSERT INTO public.ppiq_retention_run_logs","REMAINING_IN_API"
"6D53094F9C189866","Backend\PlantProcess.Api\ComplianceControls\V5ComplianceControlsEndpoints.cs","380","SQL_TEXT_INSIDE_API_SURFACE","HIGH_WRITE_OR_DDL_REVIEW","CanonicalDataAndIntegrationRuntime","INSERT INTO public.ppiq_audit_events","REMAINING_IN_API"
"7912A720BCD067E5","Backend\PlantProcess.Api\DeploymentPortability\V5DeploymentPortabilityEndpoints.cs","115","SQL_TEXT_INSIDE_API_SURFACE","HIGH_WRITE_OR_DDL_REVIEW","CanonicalDataAndIntegrationRuntime","INSERT INTO public.ppiq_deployment_dr_drills","REMAINING_IN_API"
"4CBC80808F8BA373","Backend\PlantProcess.Api\DeploymentPortability\V5DeploymentPortabilityEndpoints.cs","144","SQL_TEXT_INSIDE_API_SURFACE","HIGH_WRITE_OR_DDL_REVIEW","CanonicalDataAndIntegrationRuntime","DO UPDATE SET","REMAINING_IN_API"
"15949AEA377C8160","Backend\PlantProcess.Api\DeploymentPortability\V5DeploymentPortabilityEndpoints.cs","187","SQL_TEXT_INSIDE_API_SURFACE","HIGH_WRITE_OR_DDL_REVIEW","CanonicalDataAndIntegrationRuntime","INSERT INTO public.ppiq_open_format_export_bundles","REMAINING_IN_API"
"16AFC9F245736B89","Backend\PlantProcess.Api\DeploymentPortability\V5DeploymentPortabilityEndpoints.cs","206","SQL_TEXT_INSIDE_API_SURFACE","HIGH_WRITE_OR_DDL_REVIEW","CanonicalDataAndIntegrationRuntime","DO UPDATE SET","REMAINING_IN_API"
"22990839CCFF2455","Backend\PlantProcess.Api\Endpoints\Demo\DemoLifecycleEndpoints.cs","130","SQL_TEXT_INSIDE_API_SURFACE","HIGH_WRITE_OR_DDL_REVIEW","CanonicalDataAndIntegrationRuntime","INSERT INTO demo_lifecycle_reset_audit","REMAINING_IN_API"
"26282497D6BD7582","Backend\PlantProcess.Api\Endpoints\Demo\DemoLifecycleEndpoints.cs","177","SQL_TEXT_INSIDE_API_SURFACE","HIGH_WRITE_OR_DDL_REVIEW","CanonicalDataAndIntegrationRuntime","INSERT INTO demo_runtime_settings(key, value, updated_at_utc)","REMAINING_IN_API"
"BDCE461B3DB2259C","Backend\PlantProcess.Api\Endpoints\Demo\DemoLifecycleEndpoints.cs","180","SQL_TEXT_INSIDE_API_SURFACE","HIGH_WRITE_OR_DDL_REVIEW","CanonicalDataAndIntegrationRuntime","DO UPDATE SET value = EXCLUDED.value, updated_at_utc = NOW();","REMAINING_IN_API"
"5831E163604268C5","Backend\PlantProcess.Api\Endpoints\Demo\DemoLifecycleEndpoints.cs","189","SQL_TEXT_INSIDE_API_SURFACE","HIGH_WRITE_OR_DDL_REVIEW","CanonicalDataAndIntegrationRuntime","UPDATE demo_lifecycle_reset_audit","REMAINING_IN_API"
"D58D11D4C7F3F2E1","Backend\PlantProcess.Api\Endpoints\Demo\DemoLifecycleEndpoints.cs","209","SQL_TEXT_INSIDE_API_SURFACE","HIGH_WRITE_OR_DDL_REVIEW","CanonicalDataAndIntegrationRuntime","INSERT INTO demo_lifecycle_reset_audit","REMAINING_IN_API"
"EFEC792D93DE802E","Backend\PlantProcess.Api\Endpoints\PageBuilder\PageDefinitionEndpoints.cs","133","SQL_TEXT_INSIDE_API_SURFACE","HIGH_WRITE_OR_DDL_REVIEW","CanonicalDataAndIntegrationRuntime","INSERT INTO page_definitions","REMAINING_IN_API"
"9386B5F996DBDF4D","Backend\PlantProcess.Api\Endpoints\PageBuilder\PageDefinitionEndpoints.cs","139","SQL_TEXT_INSIDE_API_SURFACE","HIGH_WRITE_OR_DDL_REVIEW","CanonicalDataAndIntegrationRuntime","DO UPDATE SET","REMAINING_IN_API"
"4BC334BFEB088E0F","Backend\PlantProcess.Api\Endpoints\Phase2\Phase2LifecycleProofEndpoints.cs","301","SQL_TEXT_INSIDE_API_SURFACE","HIGH_WRITE_OR_DDL_REVIEW","CanonicalDataAndIntegrationRuntime","""INSERT INTO phase2_source_lifecycle_evidence"",","REMAINING_IN_API"
"87D366A9104B9BEA","Backend\PlantProcess.Api\Endpoints\Phase2\Phase2LifecycleProofEndpoints.cs","312","SQL_TEXT_INSIDE_API_SURFACE","HIGH_WRITE_OR_DDL_REVIEW","CanonicalDataAndIntegrationRuntime","""ON CONFLICT (source_code) DO UPDATE SET"",","REMAINING_IN_API"
"F6400C1FDDA06C18","Backend\PlantProcess.Api\Endpoints\Phase2\Phase2LifecycleProofEndpoints.cs","326","SQL_TEXT_INSIDE_API_SURFACE","HIGH_WRITE_OR_DDL_REVIEW","CanonicalDataAndIntegrationRuntime","""INSERT INTO phase2_genealogy_link_evidence"",","REMAINING_IN_API"
"867B46268514B0E0","Backend\PlantProcess.Api\Endpoints\Phase2\Phase2LifecycleProofEndpoints.cs","339","SQL_TEXT_INSIDE_API_SURFACE","HIGH_WRITE_OR_DDL_REVIEW","CanonicalDataAndIntegrationRuntime","""ON CONFLICT (material_code, step_order) DO UPDATE SET"",","REMAINING_IN_API"
"69194C5197D067DD","Backend\PlantProcess.Api\Endpoints\Phase2\Phase2LifecycleProofEndpoints.cs","351","SQL_TEXT_INSIDE_API_SURFACE","HIGH_WRITE_OR_DDL_REVIEW","CanonicalDataAndIntegrationRuntime","""INSERT INTO phase2_genealogy_link_evidence"",","REMAINING_IN_API"
"348F02A435A84063","Backend\PlantProcess.Api\Endpoints\Phase2\Phase2LifecycleProofEndpoints.cs","355","SQL_TEXT_INSIDE_API_SURFACE","HIGH_WRITE_OR_DDL_REVIEW","CanonicalDataAndIntegrationRuntime","""ON CONFLICT (material_code, step_order) DO UPDATE SET"",","REMAINING_IN_API"
"B206FC5C42E12287","Backend\PlantProcess.Api\Endpoints\Phase2\Phase2LifecycleProofEndpoints.cs","366","SQL_TEXT_INSIDE_API_SURFACE","HIGH_WRITE_OR_DDL_REVIEW","CanonicalDataAndIntegrationRuntime","""INSERT INTO phase2_import_lifecycle_evidence"",","REMAINING_IN_API"
"6F924AFCB5EA1C5D","Backend\PlantProcess.Api\Endpoints\Phase2\Phase2LifecycleProofEndpoints.cs","375","SQL_TEXT_INSIDE_API_SURFACE","HIGH_WRITE_OR_DDL_REVIEW","CanonicalDataAndIntegrationRuntime","""ON CONFLICT (proof_code) DO UPDATE SET"",","REMAINING_IN_API"
"570A6E5354A23A6D","Backend\PlantProcess.Api\Endpoints\Phase45\Phase45ClosureEndpoints.cs","214","SQL_TEXT_INSIDE_API_SURFACE","HIGH_WRITE_OR_DDL_REVIEW","CanonicalDataAndIntegrationRuntime","? ""UPDATE phase5_learning_job_evidence SET lifecycle_state = 'Completed', last_run_status = 'Passed', last_run_utc = now(), next_run_utc = now() + interval '1 hour', run_count = run_count + 1, backoff_seconds = 0;""","REMAINING_IN_API"
"1298A87F81901048","Backend\PlantProcess.Api\Endpoints\Phase45\Phase45ClosureEndpoints.cs","215","SQL_TEXT_INSIDE_API_SURFACE","HIGH_WRITE_OR_DDL_REVIEW","CanonicalDataAndIntegrationRuntime",": ""UPDATE phase5_learning_job_evidence SET lifecycle_state = 'Completed', last_run_status = 'Passed', last_run_utc = now(), next_run_utc = now() + interval '1 hour', run_count = run_count + 1, backoff_seconds = 0 WHERE job_code = @jobCode;"";","REMAINING_IN_API"
"486850872F64A7D2","Backend\PlantProcess.Api\Endpoints\Phase45\Phase45ClosureEndpoints.cs","487","SQL_TEXT_INSIDE_API_SURFACE","HIGH_WRITE_OR_DDL_REVIEW","CanonicalDataAndIntegrationRuntime","""INSERT INTO phase4_feature_store_evidence (feature_code, feature_name, grain, material_code, source_code, value_numeric, value_text, freshness_status, is_ready) VALUES"",","REMAINING_IN_API"
"EF16310FABBE95BB","Backend\PlantProcess.Api\Endpoints\Phase45\Phase45ClosureEndpoints.cs","497","SQL_TEXT_INSIDE_API_SURFACE","HIGH_WRITE_OR_DDL_REVIEW","CanonicalDataAndIntegrationRuntime","""ON CONFLICT (feature_code) DO UPDATE SET feature_name = EXCLUDED.feature_name, grain = EXCLUDED.grain, material_code = EXCLUDED.material_code, source_code = EXCLUDED.source_code, value_numeric = EXCLUDED.value_numeric, value_text = EXCLUDED.value_text, freshness_status = EXCLUDED.freshness_status, is_ready = EXCLUDED.is_ready, generated_at_utc = now();"",","REMAINING_IN_API"
"7B11287B09133670","Backend\PlantProcess.Api\Endpoints\Phase45\Phase45ClosureEndpoints.cs","499","SQL_TEXT_INSIDE_API_SURFACE","HIGH_WRITE_OR_DDL_REVIEW","CanonicalDataAndIntegrationRuntime","""INSERT INTO phase4_outcome_evidence (outcome_code, outcome_name, grain, material_code, value_numeric, value_text, label_completeness_percent, is_ready) VALUES"",","REMAINING_IN_API"
"5106C518AD3B4321","Backend\PlantProcess.Api\Endpoints\Phase45\Phase45ClosureEndpoints.cs","505","SQL_TEXT_INSIDE_API_SURFACE","HIGH_WRITE_OR_DDL_REVIEW","CanonicalDataAndIntegrationRuntime","""ON CONFLICT (outcome_code) DO UPDATE SET outcome_name = EXCLUDED.outcome_name, grain = EXCLUDED.grain, material_code = EXCLUDED.material_code, value_numeric = EXCLUDED.value_numeric, value_text = EXCLUDED.value_text, label_completeness_percent = EXCLUDED.label_completeness_percent, is_ready = EXCLUDED.is_ready, generated_at_utc = now();"",","REMAINING_IN_API"
"BA65B62B2B1B2E67","Backend\PlantProcess.Api\Endpoints\Phase45\Phase45ClosureEndpoints.cs","507","SQL_TEXT_INSIDE_API_SURFACE","HIGH_WRITE_OR_DDL_REVIEW","CanonicalDataAndIntegrationRuntime","""INSERT INTO phase4_cascade_downtime_evidence (event_code, equipment_stop_minutes, production_impact_minutes, buffer_absorbed_minutes, cascade_amplification_factor, classification, is_ready) VALUES"",","REMAINING_IN_API"
"5079F6C086E5E8CC","Backend\PlantProcess.Api\Endpoints\Phase45\Phase45ClosureEndpoints.cs","512","SQL_TEXT_INSIDE_API_SURFACE","HIGH_WRITE_OR_DDL_REVIEW","CanonicalDataAndIntegrationRuntime","""ON CONFLICT (event_code) DO UPDATE SET equipment_stop_minutes = EXCLUDED.equipment_stop_minutes, production_impact_minutes = EXCLUDED.production_impact_minutes, buffer_absorbed_minutes = EXCLUDED.buffer_absorbed_minutes, cascade_amplification_factor = EXCLUDED.cascade_amplification_factor, classification = EXCLUDED.classification, is_ready = EXCLUDED.is_ready;"",","REMAINING_IN_API"
"A6E6A79DFE90A280","Backend\PlantProcess.Api\Endpoints\Phase45\Phase45ClosureEndpoints.cs","514","SQL_TEXT_INSIDE_API_SURFACE","HIGH_WRITE_OR_DDL_REVIEW","CanonicalDataAndIntegrationRuntime","""INSERT INTO phase4_compute_provider_evidence (method_code, method_name, supports_type_pair, has_p_value, has_effect_size, has_governance, is_ready) VALUES"",","REMAINING_IN_API"
"7674CDE45428E66A","Backend\PlantProcess.Api\Endpoints\Phase45\Phase45ClosureEndpoints.cs","521","SQL_TEXT_INSIDE_API_SURFACE","HIGH_WRITE_OR_DDL_REVIEW","CanonicalDataAndIntegrationRuntime","""ON CONFLICT (method_code) DO UPDATE SET method_name = EXCLUDED.method_name, supports_type_pair = EXCLUDED.supports_type_pair, has_p_value = EXCLUDED.has_p_value, has_effect_size = EXCLUDED.has_effect_size, has_governance = EXCLUDED.has_governance, is_ready = EXCLUDED.is_ready;"",","REMAINING_IN_API"
"745171BCFB6E17C1","Backend\PlantProcess.Api\Endpoints\Phase45\Phase45ClosureEndpoints.cs","523","SQL_TEXT_INSIDE_API_SURFACE","HIGH_WRITE_OR_DDL_REVIEW","CanonicalDataAndIntegrationRuntime","""INSERT INTO phase5_learning_job_evidence (job_code, job_name, schedule_expression, lifecycle_state, enabled, readiness_gate_status, last_run_status, next_run_utc, last_run_utc, run_count, backoff_seconds, governance_message) VALUES"",","REMAINING_IN_API"
"C1E54ADE0796F63E","Backend\PlantProcess.Api\Endpoints\Phase45\Phase45ClosureEndpoints.cs","528","SQL_TEXT_INSIDE_API_SURFACE","HIGH_WRITE_OR_DDL_REVIEW","CanonicalDataAndIntegrationRuntime","""ON CONFLICT (job_code) DO UPDATE SET job_name = EXCLUDED.job_name, schedule_expression = EXCLUDED.schedule_expression, lifecycle_state = EXCLUDED.lifecycle_state, enabled = EXCLUDED.enabled, readiness_gate_status = EXCLUDED.readiness_gate_status, last_run_status = EXCLUDED.last_run_status, next_run_utc = EXCLUDED.next_run_utc, last_run_utc = EXCLUDED.last_run_utc, run_count = GREATEST(phase5_learning_job_evidence.run_count, EXCLUDED.run_count), backoff_seconds = EXCLUDED.backoff_seconds, governance_message = EXCLUDED.governance_message;"",","REMAINING_IN_API"
"1F444C248C822723","Backend\PlantProcess.Api\Endpoints\Phase45\Phase45ClosureEndpoints.cs","530","SQL_TEXT_INSIDE_API_SURFACE","HIGH_WRITE_OR_DDL_REVIEW","CanonicalDataAndIntegrationRuntime","""INSERT INTO phase5_correlation_result_evidence (result_code, job_code, subject_code, outcome_code, method_code, effect_size, p_value, q_value, confidence_low, confidence_high, sample_size, stability_score, ranking, lifecycle_state) VALUES"",","REMAINING_IN_API"
"81EBF52D9E554823","Backend\PlantProcess.Api\Endpoints\Phase45\Phase45ClosureEndpoints.cs","535","SQL_TEXT_INSIDE_API_SURFACE","HIGH_WRITE_OR_DDL_REVIEW","CanonicalDataAndIntegrationRuntime","""ON CONFLICT (result_code) DO UPDATE SET job_code = EXCLUDED.job_code, subject_code = EXCLUDED.subject_code, outcome_code = EXCLUDED.outcome_code, method_code = EXCLUDED.method_code, effect_size = EXCLUDED.effect_size, p_value = EXCLUDED.p_value, q_value = EXCLUDED.q_value, confidence_low = EXCLUDED.confidence_low, confidence_high = EXCLUDED.confidence_high, sample_size = EXCLUDED.sample_size, stability_score = EXCLUDED.stability_score, ranking = EXCLUDED.ranking, lifecycle_state = EXCLUDED.lifecycle_state;"",","REMAINING_IN_API"
"296891EBD918A5AB","Backend\PlantProcess.Api\Endpoints\Phase45\Phase45ClosureEndpoints.cs","537","SQL_TEXT_INSIDE_API_SURFACE","HIGH_WRITE_OR_DDL_REVIEW","CanonicalDataAndIntegrationRuntime","""INSERT INTO phase5_golden_dataset_evidence (check_code, check_name, status, expected_behavior, evidence, signal_recovered, noise_rejected, deterministic, fdr_controlled) VALUES"",","REMAINING_IN_API"
"652F04249A6C3923","Backend\PlantProcess.Api\Endpoints\Phase45\Phase45ClosureEndpoints.cs","543","SQL_TEXT_INSIDE_API_SURFACE","HIGH_WRITE_OR_DDL_REVIEW","CanonicalDataAndIntegrationRuntime","""ON CONFLICT (check_code) DO UPDATE SET check_name = EXCLUDED.check_name, status = EXCLUDED.status, expected_behavior = EXCLUDED.expected_behavior, evidence = EXCLUDED.evidence, signal_recovered = EXCLUDED.signal_recovered, noise_rejected = EXCLUDED.noise_rejected, deterministic = EXCLUDED.deterministic, fdr_controlled = EXCLUDED.fdr_controlled;""","REMAINING_IN_API"
"98ACB0C2C8F63E33","Backend\PlantProcess.Api\EnterpriseIdentity\V5EnterpriseIdentityEndpoints.cs","117","SQL_TEXT_INSIDE_API_SURFACE","HIGH_WRITE_OR_DDL_REVIEW","CanonicalDataAndIntegrationRuntime","INSERT INTO public.ppiq_mfa_totp_enrollments","REMAINING_IN_API"
"3D434DAB6C5E2F9E","Backend\PlantProcess.Api\EnterpriseIdentity\V5EnterpriseIdentityEndpoints.cs","132","SQL_TEXT_INSIDE_API_SURFACE","HIGH_WRITE_OR_DDL_REVIEW","CanonicalDataAndIntegrationRuntime","DO UPDATE SET","REMAINING_IN_API"
"1BA38F1FF1B60EF3","Backend\PlantProcess.Api\EnterpriseIdentity\V5EnterpriseIdentityEndpoints.cs","153","SQL_TEXT_INSIDE_API_SURFACE","HIGH_WRITE_OR_DDL_REVIEW","CanonicalDataAndIntegrationRuntime","DELETE FROM public.ppiq_mfa_recovery_codes","REMAINING_IN_API"
"4FC1A6F8741C87ED","Backend\PlantProcess.Api\EnterpriseIdentity\V5EnterpriseIdentityEndpoints.cs","166","SQL_TEXT_INSIDE_API_SURFACE","HIGH_WRITE_OR_DDL_REVIEW","CanonicalDataAndIntegrationRuntime","INSERT INTO public.ppiq_mfa_recovery_codes","REMAINING_IN_API"
"478F272B449FF97F","Backend\PlantProcess.Api\EnterpriseIdentity\V5EnterpriseIdentityEndpoints.cs","283","SQL_TEXT_INSIDE_API_SURFACE","HIGH_WRITE_OR_DDL_REVIEW","CanonicalDataAndIntegrationRuntime","INSERT INTO public.ppiq_user_sessions","REMAINING_IN_API"
"A4DAB3CBF066A629","Backend\PlantProcess.Api\EnterpriseIdentity\V5EnterpriseIdentityEndpoints.cs","570","SQL_TEXT_INSIDE_API_SURFACE","HIGH_WRITE_OR_DDL_REVIEW","CanonicalDataAndIntegrationRuntime","INSERT INTO public.ppiq_identity_policy(tenant_id)","REMAINING_IN_API"
"42F9EFDA6BA5C960","Backend\PlantProcess.Api\EnterpriseIdentity\V5EnterpriseIdentityEndpoints.cs","589","SQL_TEXT_INSIDE_API_SURFACE","HIGH_WRITE_OR_DDL_REVIEW","CanonicalDataAndIntegrationRuntime","INSERT INTO public.ppiq_account_protection_state","REMAINING_IN_API"
"290204142BC9EEF5","Backend\PlantProcess.Api\EnterpriseIdentity\V5EnterpriseIdentityEndpoints.cs","606","SQL_TEXT_INSIDE_API_SURFACE","HIGH_WRITE_OR_DDL_REVIEW","CanonicalDataAndIntegrationRuntime","DO UPDATE SET","REMAINING_IN_API"
"3B0DFDED6DE5443D","Backend\PlantProcess.Api\EnterpriseIdentity\V5EnterpriseIdentityEndpoints.cs","639","SQL_TEXT_INSIDE_API_SURFACE","HIGH_WRITE_OR_DDL_REVIEW","CanonicalDataAndIntegrationRuntime","INSERT INTO public.ppiq_account_protection_state","REMAINING_IN_API"
"7F5750980E5EF4B2","Backend\PlantProcess.Api\EnterpriseIdentity\V5EnterpriseIdentityEndpoints.cs","654","SQL_TEXT_INSIDE_API_SURFACE","HIGH_WRITE_OR_DDL_REVIEW","CanonicalDataAndIntegrationRuntime","DO UPDATE SET","REMAINING_IN_API"
"3EEA5C40FE26F2BA","Backend\PlantProcess.Api\EnterpriseIdentity\V5EnterpriseIdentityEndpoints.cs","733","SQL_TEXT_INSIDE_API_SURFACE","HIGH_WRITE_OR_DDL_REVIEW","CanonicalDataAndIntegrationRuntime","INSERT INTO public.ppiq_auth_audit_events","REMAINING_IN_API"
"83EFC666E54F46C2","Backend\PlantProcess.Api\EnterpriseSsoScim\V5EnterpriseSsoScimEndpoints.cs","209","SQL_TEXT_INSIDE_API_SURFACE","HIGH_WRITE_OR_DDL_REVIEW","CanonicalDataAndIntegrationRuntime","INSERT INTO public.ppiq_sso_role_mappings","REMAINING_IN_API"
"A844FFB93D7DADE4","Backend\PlantProcess.Api\EnterpriseSsoScim\V5EnterpriseSsoScimEndpoints.cs","230","SQL_TEXT_INSIDE_API_SURFACE","HIGH_WRITE_OR_DDL_REVIEW","CanonicalDataAndIntegrationRuntime","DO UPDATE SET","REMAINING_IN_API"
"D75F98D9932BB923","Backend\PlantProcess.Api\EnterpriseSsoScim\V5EnterpriseSsoScimEndpoints.cs","532","SQL_TEXT_INSIDE_API_SURFACE","HIGH_WRITE_OR_DDL_REVIEW","CanonicalDataAndIntegrationRuntime","INSERT INTO public.ppiq_sso_principals","REMAINING_IN_API"
"54326874CB4BE45A","Backend\PlantProcess.Api\EnterpriseSsoScim\V5EnterpriseSsoScimEndpoints.cs","555","SQL_TEXT_INSIDE_API_SURFACE","HIGH_WRITE_OR_DDL_REVIEW","CanonicalDataAndIntegrationRuntime","DO UPDATE SET","REMAINING_IN_API"
"2FC6DEA7650D3FCE","Backend\PlantProcess.Api\EnterpriseSsoScim\V5EnterpriseSsoScimEndpoints.cs","585","SQL_TEXT_INSIDE_API_SURFACE","HIGH_WRITE_OR_DDL_REVIEW","CanonicalDataAndIntegrationRuntime","INSERT INTO public.ppiq_scim_users","REMAINING_IN_API"
"6DCCF000A36F0ABF","Backend\PlantProcess.Api\EnterpriseSsoScim\V5EnterpriseSsoScimEndpoints.cs","610","SQL_TEXT_INSIDE_API_SURFACE","HIGH_WRITE_OR_DDL_REVIEW","CanonicalDataAndIntegrationRuntime","DO UPDATE SET","REMAINING_IN_API"
"9817214004CD3F3A","Backend\PlantProcess.Api\EnterpriseSsoScim\V5EnterpriseSsoScimEndpoints.cs","645","SQL_TEXT_INSIDE_API_SURFACE","HIGH_WRITE_OR_DDL_REVIEW","CanonicalDataAndIntegrationRuntime","INSERT INTO public.ppiq_scim_groups","REMAINING_IN_API"
"E2DF2C755367F510","Backend\PlantProcess.Api\EnterpriseSsoScim\V5EnterpriseSsoScimEndpoints.cs","662","SQL_TEXT_INSIDE_API_SURFACE","HIGH_WRITE_OR_DDL_REVIEW","CanonicalDataAndIntegrationRuntime","DO UPDATE SET","REMAINING_IN_API"
"6790897A7264C291","Backend\PlantProcess.Api\EnterpriseSsoScim\V5EnterpriseSsoScimEndpoints.cs","777","SQL_TEXT_INSIDE_API_SURFACE","HIGH_WRITE_OR_DDL_REVIEW","CanonicalDataAndIntegrationRuntime","INSERT INTO public.ppiq_identity_provisioning_audit","REMAINING_IN_API"
"A280FF0AAFEEA81C","Backend\PlantProcess.Api\EnterpriseSsoScim\V5IdentityRuntimeCertificationEndpoints.cs","71","SQL_TEXT_INSIDE_API_SURFACE","HIGH_WRITE_OR_DDL_REVIEW","CanonicalDataAndIntegrationRuntime","INSERT INTO public.ppiq_oidc_runtime_jwks_keys","REMAINING_IN_API"
"B34B77008CFC95B8","Backend\PlantProcess.Api\EnterpriseSsoScim\V5IdentityRuntimeCertificationEndpoints.cs","96","SQL_TEXT_INSIDE_API_SURFACE","HIGH_WRITE_OR_DDL_REVIEW","CanonicalDataAndIntegrationRuntime","DO UPDATE SET","REMAINING_IN_API"
"5F4782621E3B1B9D","Backend\PlantProcess.Api\EnterpriseSsoScim\V5IdentityRuntimeCertificationEndpoints.cs","557","SQL_TEXT_INSIDE_API_SURFACE","HIGH_WRITE_OR_DDL_REVIEW","CanonicalDataAndIntegrationRuntime","INSERT INTO public.ppiq_sso_principals","REMAINING_IN_API"
"BA327B9F870E2725","Backend\PlantProcess.Api\EnterpriseSsoScim\V5IdentityRuntimeCertificationEndpoints.cs","582","SQL_TEXT_INSIDE_API_SURFACE","HIGH_WRITE_OR_DDL_REVIEW","CanonicalDataAndIntegrationRuntime","DO UPDATE SET","REMAINING_IN_API"
"93870CF662AB0356","Backend\PlantProcess.Api\EnterpriseSsoScim\V5IdentityRuntimeCertificationEndpoints.cs","621","SQL_TEXT_INSIDE_API_SURFACE","HIGH_WRITE_OR_DDL_REVIEW","CanonicalDataAndIntegrationRuntime","INSERT INTO public.ppiq_sso_runtime_validation_events","REMAINING_IN_API"
"18236F1AFED1C3F4","Backend\PlantProcess.Api\EnterpriseSsoScim\V5IdentityRuntimeCertificationEndpoints.cs","680","SQL_TEXT_INSIDE_API_SURFACE","HIGH_WRITE_OR_DDL_REVIEW","CanonicalDataAndIntegrationRuntime","INSERT INTO public.ppiq_scim_runtime_contract_events","REMAINING_IN_API"
"63D452A75A917B68","Backend\PlantProcess.Api\OutboundLeadSystem\V5OutboundLeadSystemEndpoints.cs","212","SQL_TEXT_INSIDE_API_SURFACE","HIGH_WRITE_OR_DDL_REVIEW","CanonicalDataAndIntegrationRuntime","INSERT INTO public.ppiq_notification_channels","REMAINING_IN_API"
"808E7AF4782DC6E9","Backend\PlantProcess.Api\OutboundLeadSystem\V5OutboundLeadSystemEndpoints.cs","231","SQL_TEXT_INSIDE_API_SURFACE","HIGH_WRITE_OR_DDL_REVIEW","CanonicalDataAndIntegrationRuntime","DO UPDATE SET","REMAINING_IN_API"
"78235DCA7739805D","Backend\PlantProcess.Api\OutboundLeadSystem\V5OutboundLeadSystemEndpoints.cs","344","SQL_TEXT_INSIDE_API_SURFACE","HIGH_WRITE_OR_DDL_REVIEW","CanonicalDataAndIntegrationRuntime","INSERT INTO public.ppiq_suggestion_action_outcomes","REMAINING_IN_API"
"EA9390E46980B2BF","Backend\PlantProcess.Api\OutboundLeadSystem\V5OutboundLeadSystemEndpoints.cs","474","SQL_TEXT_INSIDE_API_SURFACE","HIGH_WRITE_OR_DDL_REVIEW","CanonicalDataAndIntegrationRuntime","INSERT INTO public.ppiq_lead_captures","REMAINING_IN_API"
"47ACDF4039D17710","Backend\PlantProcess.Api\OutboundLeadSystem\V5OutboundLeadSystemEndpoints.cs","560","SQL_TEXT_INSIDE_API_SURFACE","HIGH_WRITE_OR_DDL_REVIEW","CanonicalDataAndIntegrationRuntime","INSERT INTO public.ppiq_notification_deliveries","REMAINING_IN_API"
"2374D2A296BBA6F7","Backend\PlantProcess.Api\PlantConnectors\V5ConnectorRuntimeCertificationEndpoints.cs","532","SQL_TEXT_INSIDE_API_SURFACE","HIGH_WRITE_OR_DDL_REVIEW","CanonicalDataAndIntegrationRuntime","INSERT INTO public.ppiq_connector_runtime_sources","REMAINING_IN_API"
"9346A599BD6C3D73","Backend\PlantProcess.Api\PlantConnectors\V5ConnectorRuntimeCertificationEndpoints.cs","563","SQL_TEXT_INSIDE_API_SURFACE","HIGH_WRITE_OR_DDL_REVIEW","CanonicalDataAndIntegrationRuntime","DO UPDATE SET","REMAINING_IN_API"
"6FDFBEB5E9B01B09","Backend\PlantProcess.Api\PlantConnectors\V5ConnectorRuntimeCertificationEndpoints.cs","635","SQL_TEXT_INSIDE_API_SURFACE","HIGH_WRITE_OR_DDL_REVIEW","CanonicalDataAndIntegrationRuntime","INSERT INTO public.ppiq_connector_runtime_readings","REMAINING_IN_API"
"E3816B18CB71F958","Backend\PlantProcess.Api\PlantConnectors\V5ConnectorRuntimeCertificationEndpoints.cs","699","SQL_TEXT_INSIDE_API_SURFACE","HIGH_WRITE_OR_DDL_REVIEW","CanonicalDataAndIntegrationRuntime","INSERT INTO public.ppiq_connector_backfill_checkpoints","REMAINING_IN_API"
"4D991CCEB791E16E","Backend\PlantProcess.Api\PlantConnectors\V5ConnectorRuntimeCertificationEndpoints.cs","726","SQL_TEXT_INSIDE_API_SURFACE","HIGH_WRITE_OR_DDL_REVIEW","CanonicalDataAndIntegrationRuntime","DO UPDATE SET","REMAINING_IN_API"
"C7225FE491F70FA9","Backend\PlantProcess.Api\PlantConnectors\V5ConnectorRuntimeCertificationEndpoints.cs","823","SQL_TEXT_INSIDE_API_SURFACE","HIGH_WRITE_OR_DDL_REVIEW","CanonicalDataAndIntegrationRuntime","INSERT INTO public.ppiq_connector_runtime_events","REMAINING_IN_API"
"DEAD51081B184D12","Backend\PlantProcess.Api\PlantConnectors\V5PlantConnectorEndpoints.cs","296","SQL_TEXT_INSIDE_API_SURFACE","HIGH_WRITE_OR_DDL_REVIEW","CanonicalDataAndIntegrationRuntime","INSERT INTO public.ppiq_plant_connectors","REMAINING_IN_API"
"908D4E1666CC6087","Backend\PlantProcess.Api\PlantConnectors\V5PlantConnectorEndpoints.cs","317","SQL_TEXT_INSIDE_API_SURFACE","HIGH_WRITE_OR_DDL_REVIEW","CanonicalDataAndIntegrationRuntime","DO UPDATE SET","REMAINING_IN_API"
"8A3DB44097675712","Backend\PlantProcess.Api\PlantConnectors\V5PlantConnectorEndpoints.cs","364","SQL_TEXT_INSIDE_API_SURFACE","HIGH_WRITE_OR_DDL_REVIEW","CanonicalDataAndIntegrationRuntime","INSERT INTO public.ppiq_connector_tag_catalog","REMAINING_IN_API"
"0F2D19212F47E5AD","Backend\PlantProcess.Api\PlantConnectors\V5PlantConnectorEndpoints.cs","385","SQL_TEXT_INSIDE_API_SURFACE","HIGH_WRITE_OR_DDL_REVIEW","CanonicalDataAndIntegrationRuntime","DO UPDATE SET","REMAINING_IN_API"
"D846391CB497217A","Backend\PlantProcess.Api\PlantConnectors\V5PlantConnectorEndpoints.cs","413","SQL_TEXT_INSIDE_API_SURFACE","HIGH_WRITE_OR_DDL_REVIEW","CanonicalDataAndIntegrationRuntime","INSERT INTO public.ppiq_connector_truth_snapshots","REMAINING_IN_API"
"C933211DF72E4001","Backend\PlantProcess.Api\PlantConnectors\V5PlantConnectorEndpoints.cs","463","SQL_TEXT_INSIDE_API_SURFACE","HIGH_WRITE_OR_DDL_REVIEW","CanonicalDataAndIntegrationRuntime","INSERT INTO public.ppiq_connector_backfill_jobs","REMAINING_IN_API"
"B5F6B8EFD943BBC1","Backend\PlantProcess.Api\PlantConnectors\V5PlantConnectorEndpoints.cs","536","SQL_TEXT_INSIDE_API_SURFACE","HIGH_WRITE_OR_DDL_REVIEW","CanonicalDataAndIntegrationRuntime","INSERT INTO public.ppiq_connector_telemetry_samples","REMAINING_IN_API"
"FAB0084C1796A90D","Backend\PlantProcess.Api\PlantConnectors\V5PlantConnectorEndpoints.cs","580","SQL_TEXT_INSIDE_API_SURFACE","HIGH_WRITE_OR_DDL_REVIEW","CanonicalDataAndIntegrationRuntime","INSERT INTO public.ppiq_connector_sync_checkpoints","REMAINING_IN_API"
"470624BD751352C0","Backend\PlantProcess.Api\PlantConnectors\V5PlantConnectorEndpoints.cs","599","SQL_TEXT_INSIDE_API_SURFACE","HIGH_WRITE_OR_DDL_REVIEW","CanonicalDataAndIntegrationRuntime","DO UPDATE SET","REMAINING_IN_API"
"EEE86878726C517A","Backend\PlantProcess.Api\SignedLicensing\V5Ed25519LicenseEndpoints.cs","292","SQL_TEXT_INSIDE_API_SURFACE","HIGH_WRITE_OR_DDL_REVIEW","CanonicalDataAndIntegrationRuntime","INSERT INTO public.ppiq_ed25519_entitlement_audit","REMAINING_IN_API"
"18DE5F797BBC83DA","Backend\PlantProcess.Api\SignedLicensing\V5Ed25519LicenseEndpoints.cs","431","SQL_TEXT_INSIDE_API_SURFACE","HIGH_WRITE_OR_DDL_REVIEW","CanonicalDataAndIntegrationRuntime","INSERT INTO public.ppiq_ed25519_activated_licenses","REMAINING_IN_API"
"7A3B50793A4A01F4","Backend\PlantProcess.Api\SignedLicensing\V5Ed25519LicenseEndpoints.cs","468","SQL_TEXT_INSIDE_API_SURFACE","HIGH_WRITE_OR_DDL_REVIEW","CanonicalDataAndIntegrationRuntime","DO UPDATE SET","REMAINING_IN_API"
"315F4021177E4BED","Backend\PlantProcess.Api\SignedLicensing\V5SignedLicensingEndpoints.cs","309","SQL_TEXT_INSIDE_API_SURFACE","HIGH_WRITE_OR_DDL_REVIEW","CanonicalDataAndIntegrationRuntime","INSERT INTO public.ppiq_license_signing_keys","REMAINING_IN_API"
"405103BBB92C1764","Backend\PlantProcess.Api\SignedLicensing\V5SignedLicensingEndpoints.cs","431","SQL_TEXT_INSIDE_API_SURFACE","HIGH_WRITE_OR_DDL_REVIEW","CanonicalDataAndIntegrationRuntime","INSERT INTO public.ppiq_signed_license_artifacts","REMAINING_IN_API"
"E98665FE53644B8F","Backend\PlantProcess.Api\SignedLicensing\V5SignedLicensingEndpoints.cs","464","SQL_TEXT_INSIDE_API_SURFACE","HIGH_WRITE_OR_DDL_REVIEW","CanonicalDataAndIntegrationRuntime","DO UPDATE SET","REMAINING_IN_API"
"3DC9215E587845B7","Backend\PlantProcess.Api\SignedLicensing\V5SignedLicensingEndpoints.cs","505","SQL_TEXT_INSIDE_API_SURFACE","HIGH_WRITE_OR_DDL_REVIEW","CanonicalDataAndIntegrationRuntime","INSERT INTO public.ppiq_license_entitlement_projection","REMAINING_IN_API"
"7742048CD867D3A1","Backend\PlantProcess.Api\SignedLicensing\V5SignedLicensingEndpoints.cs","540","SQL_TEXT_INSIDE_API_SURFACE","HIGH_WRITE_OR_DDL_REVIEW","CanonicalDataAndIntegrationRuntime","DO UPDATE SET","REMAINING_IN_API"
"524E87C0F1091FA5","Backend\PlantProcess.Api\SignedLicensing\V5SignedLicensingEndpoints.cs","588","SQL_TEXT_INSIDE_API_SURFACE","HIGH_WRITE_OR_DDL_REVIEW","CanonicalDataAndIntegrationRuntime","INSERT INTO public.ppiq_license_events","REMAINING_IN_API"
"FBBEFC4F85FEF064","Backend\PlantProcess.Api\VisualMapper\V5VisualMapperEndpoints.cs","115","SQL_TEXT_INSIDE_API_SURFACE","HIGH_WRITE_OR_DDL_REVIEW","CanonicalDataAndIntegrationRuntime","INSERT INTO public.ppiq_visual_mapper_sessions","REMAINING_IN_API"
"A0E06D83F4FE3538","Backend\PlantProcess.Api\VisualMapper\V5VisualMapperEndpoints.cs","132","SQL_TEXT_INSIDE_API_SURFACE","HIGH_WRITE_OR_DDL_REVIEW","CanonicalDataAndIntegrationRuntime","DO UPDATE SET","REMAINING_IN_API"
"245370EBF5B0FD7F","Backend\PlantProcess.Api\VisualMapper\V5VisualMapperEndpoints.cs","226","SQL_TEXT_INSIDE_API_SURFACE","HIGH_WRITE_OR_DDL_REVIEW","CanonicalDataAndIntegrationRuntime","INSERT INTO public.ppiq_visual_mapper_business_keys","REMAINING_IN_API"
"99FC334CFBCEEB8C","Backend\PlantProcess.Api\VisualMapper\V5VisualMapperEndpoints.cs","247","SQL_TEXT_INSIDE_API_SURFACE","HIGH_WRITE_OR_DDL_REVIEW","CanonicalDataAndIntegrationRuntime","DO UPDATE SET","REMAINING_IN_API"
"D0FA423BEC833017","Backend\PlantProcess.Api\VisualMapper\V5VisualMapperEndpoints.cs","295","SQL_TEXT_INSIDE_API_SURFACE","HIGH_WRITE_OR_DDL_REVIEW","CanonicalDataAndIntegrationRuntime","INSERT INTO public.ppiq_visual_mapper_joins","REMAINING_IN_API"
"CA951C95A44031D0","Backend\PlantProcess.Api\VisualMapper\V5VisualMapperEndpoints.cs","352","SQL_TEXT_INSIDE_API_SURFACE","HIGH_WRITE_OR_DDL_REVIEW","CanonicalDataAndIntegrationRuntime","INSERT INTO public.ppiq_visual_mapper_canonical_suggestions","REMAINING_IN_API"
"4168F4D3EFDA6D5F","Backend\PlantProcess.Api\VisualMapper\V5VisualMapperEndpoints.cs","420","SQL_TEXT_INSIDE_API_SURFACE","HIGH_WRITE_OR_DDL_REVIEW","CanonicalDataAndIntegrationRuntime","INSERT INTO public.ppiq_visual_mapper_dry_runs","REMAINING_IN_API"
"7BC122B71957E5DC","Backend\PlantProcess.Api\VisualMapper\V5VisualMapperEndpoints.cs","502","SQL_TEXT_INSIDE_API_SURFACE","HIGH_WRITE_OR_DDL_REVIEW","CanonicalDataAndIntegrationRuntime","INSERT INTO public.ppiq_visual_mapper_versions","REMAINING_IN_API"
"60B5E61EA298A426","Backend\PlantProcess.Api\VisualMapper\V5VisualMapperEndpoints.cs","573","SQL_TEXT_INSIDE_API_SURFACE","HIGH_WRITE_OR_DDL_REVIEW","CanonicalDataAndIntegrationRuntime","INSERT INTO public.ppiq_visual_mapper_tables","REMAINING_IN_API"
"2BD98F4FBC6BF29F","Backend\PlantProcess.Api\VisualMapper\V5VisualMapperEndpoints.cs","588","SQL_TEXT_INSIDE_API_SURFACE","HIGH_WRITE_OR_DDL_REVIEW","CanonicalDataAndIntegrationRuntime","DO UPDATE SET","REMAINING_IN_API"
"4516EA4FFDDA8ABB","Backend\PlantProcess.Api\VisualMapper\V5VisualMapperEndpoints.cs","616","SQL_TEXT_INSIDE_API_SURFACE","HIGH_WRITE_OR_DDL_REVIEW","CanonicalDataAndIntegrationRuntime","INSERT INTO public.ppiq_visual_mapper_columns","REMAINING_IN_API"
"45FB0D4F1B24D39C","Backend\PlantProcess.Api\VisualMapper\V5VisualMapperEndpoints.cs","637","SQL_TEXT_INSIDE_API_SURFACE","HIGH_WRITE_OR_DDL_REVIEW","CanonicalDataAndIntegrationRuntime","DO UPDATE SET","REMAINING_IN_API"
"73DCC77A2D9E5447","Backend\PlantProcess.Api\Endpoints\Demo\DemoLifecycleEndpoints.cs","154","EF_RAW_SQL_IN_API","MEDIUM_EF_RAW_SQL","CanonicalDataAndIntegrationRuntime","await dbContext.Database.ExecuteSqlRawAsync(""""""","REMAINING_IN_API"
"790F5537231AE00D","Backend\PlantProcess.Api\Endpoints\Demo\DemoLifecycleEndpoints.cs","169","EF_RAW_SQL_IN_API","MEDIUM_EF_RAW_SQL","CanonicalDataAndIntegrationRuntime","await dbContext.Database.ExecuteSqlRawAsync(""""""","REMAINING_IN_API"
"F872731FE02D8C74","Backend\PlantProcess.Api\Endpoints\Demo\DemoLifecycleEndpoints.cs","185","EF_RAW_SQL_IN_API","MEDIUM_EF_RAW_SQL","CanonicalDataAndIntegrationRuntime","await dbContext.Database.ExecuteSqlRawAsync(""SELECT 1;"");","REMAINING_IN_API"
"688BF06167205C1F","Backend\PlantProcess.Api\Endpoints\Demo\DemoLifecycleEndpoints.cs","253","EF_RAW_SQL_IN_API","MEDIUM_EF_RAW_SQL","CanonicalDataAndIntegrationRuntime","await dbContext.Database.ExecuteSqlRawAsync(""""""","REMAINING_IN_API"
"1A7C60FA9DEBA118","Backend\PlantProcess.Api\AssistantGateway\V5AssistantGateway.cs","329","RAW_COMMAND_EXECUTION_IN_API","MEDIUM_RAW_SQL_TOUCHPOINT","CanonicalDataAndIntegrationRuntime","await tenantCmd.ExecuteNonQueryAsync(cancellationToken);","REMAINING_IN_API"
"00368099C22D39A8","Backend\PlantProcess.Api\AssistantGateway\V5AssistantGateway.cs","358","RAW_COMMAND_EXECUTION_IN_API","MEDIUM_RAW_SQL_TOUCHPOINT","CanonicalDataAndIntegrationRuntime","await using var reader = await cmd.ExecuteReaderAsync(cancellationToken);","REMAINING_IN_API"
"4340365A631FF115","Backend\PlantProcess.Api\AssistantGateway\V5AssistantGateway.cs","409","RAW_COMMAND_EXECUTION_IN_API","MEDIUM_RAW_SQL_TOUCHPOINT","CanonicalDataAndIntegrationRuntime","await tenantCmd.ExecuteNonQueryAsync(cancellationToken);","REMAINING_IN_API"
"2683BAFD29A31C02","Backend\PlantProcess.Api\AssistantGateway\V5AssistantGateway.cs","469","RAW_COMMAND_EXECUTION_IN_API","MEDIUM_RAW_SQL_TOUCHPOINT","CanonicalDataAndIntegrationRuntime","await cmd.ExecuteNonQueryAsync(cancellationToken);","REMAINING_IN_API"
"B5904E6F069B7FF6","Backend\PlantProcess.Api\AssistantGateway\V5AssistantGateway.cs","548","RAW_COMMAND_EXECUTION_IN_API","MEDIUM_RAW_SQL_TOUCHPOINT","CanonicalDataAndIntegrationRuntime","await tenantCmd.ExecuteNonQueryAsync(cancellationToken);","REMAINING_IN_API"
"0CBB0EFC07C88684","Backend\PlantProcess.Api\AssistantGateway\V5AssistantGateway.cs","583","RAW_COMMAND_EXECUTION_IN_API","MEDIUM_RAW_SQL_TOUCHPOINT","CanonicalDataAndIntegrationRuntime","var id = await cmd.ExecuteScalarAsync(cancellationToken);","REMAINING_IN_API"
"73B8281A4D122963","Backend\PlantProcess.Api\AssistantGateway\V5AssistantGateway.cs","609","RAW_COMMAND_EXECUTION_IN_API","MEDIUM_RAW_SQL_TOUCHPOINT","CanonicalDataAndIntegrationRuntime","await tenantCmd.ExecuteNonQueryAsync(cancellationToken);","REMAINING_IN_API"
"FC16C2DCBA93E814","Backend\PlantProcess.Api\AssistantGateway\V5AssistantGateway.cs","632","RAW_COMMAND_EXECUTION_IN_API","MEDIUM_RAW_SQL_TOUCHPOINT","CanonicalDataAndIntegrationRuntime","await using var reader = await cmd.ExecuteReaderAsync(cancellationToken);","REMAINING_IN_API"
"1A1C697D1E6FC0F3","Backend\PlantProcess.Api\AssistantGateway\V5PrivateModelGatewayCertificationEndpoints.cs","154","RAW_COMMAND_EXECUTION_IN_API","MEDIUM_RAW_SQL_TOUCHPOINT","CanonicalDataAndIntegrationRuntime","await using var reader = await cmd.ExecuteReaderAsync(cancellationToken);","REMAINING_IN_API"
"9658C547414724ED","Backend\PlantProcess.Api\AssistantGateway\V5PrivateModelGatewayCertificationEndpoints.cs","238","RAW_COMMAND_EXECUTION_IN_API","MEDIUM_RAW_SQL_TOUCHPOINT","CanonicalDataAndIntegrationRuntime","var id = await cmd.ExecuteScalarAsync(cancellationToken);","REMAINING_IN_API"
"E1108B9A9A2C26EF","Backend\PlantProcess.Api\AssistantGateway\V5PrivateModelGatewayCertificationEndpoints.cs","348","RAW_COMMAND_EXECUTION_IN_API","MEDIUM_RAW_SQL_TOUCHPOINT","CanonicalDataAndIntegrationRuntime","var id = await cmd.ExecuteScalarAsync(cancellationToken);","REMAINING_IN_API"
"5653D32DB2FFD72B","Backend\PlantProcess.Api\AssistantGateway\V5PrivateModelGatewayCertificationEndpoints.cs","398","RAW_COMMAND_EXECUTION_IN_API","MEDIUM_RAW_SQL_TOUCHPOINT","CanonicalDataAndIntegrationRuntime","await using var reader = await cmd.ExecuteReaderAsync(cancellationToken);","REMAINING_IN_API"
"5B9276E3DDA66447","Backend\PlantProcess.Api\AssistantGateway\V5PrivateModelGatewayCertificationEndpoints.cs","616","RAW_COMMAND_EXECUTION_IN_API","MEDIUM_RAW_SQL_TOUCHPOINT","CanonicalDataAndIntegrationRuntime","await cmd.ExecuteNonQueryAsync(cancellationToken);","REMAINING_IN_API"
"3EF63B6562238500","Backend\PlantProcess.Api\AssistantGateway\V5PrivateModelGatewayCertificationEndpoints.cs","654","RAW_COMMAND_EXECUTION_IN_API","MEDIUM_RAW_SQL_TOUCHPOINT","CanonicalDataAndIntegrationRuntime","await cmd.ExecuteNonQueryAsync(cancellationToken);","REMAINING_IN_API"
"471F00D7444CBB8B","Backend\PlantProcess.Api\AssistantGateway\V5PrivateModelGatewayCertificationEndpoints.cs","679","RAW_COMMAND_EXECUTION_IN_API","MEDIUM_RAW_SQL_TOUCHPOINT","CanonicalDataAndIntegrationRuntime","await using var reader = await cmd.ExecuteReaderAsync(cancellationToken);","REMAINING_IN_API"
"DEBCDF8B1D3F1918","Backend\PlantProcess.Api\AssistantGateway\V5PrivateModelGatewayCertificationEndpoints.cs","756","SQL_TEXT_INSIDE_API_SURFACE","MEDIUM_RAW_SQL_TOUCHPOINT","CanonicalDataAndIntegrationRuntime","cmd.CommandText = ""SELECT set_config('app.current_tenant', @tenant_id, false)"";","REMAINING_IN_API"
"E6AA287616815743","Backend\PlantProcess.Api\AssistantGateway\V5PrivateModelGatewayCertificationEndpoints.cs","758","RAW_COMMAND_EXECUTION_IN_API","MEDIUM_RAW_SQL_TOUCHPOINT","CanonicalDataAndIntegrationRuntime","await cmd.ExecuteNonQueryAsync(cancellationToken);","REMAINING_IN_API"
"D73EC4CFEA9BA40A","Backend\PlantProcess.Api\BlendedProvenance\V5BlendedProvenanceEndpoints.cs","49","RAW_COMMAND_EXECUTION_IN_API","MEDIUM_RAW_SQL_TOUCHPOINT","CanonicalDataAndIntegrationRuntime","await using var reader = await cmd.ExecuteReaderAsync(cancellationToken);","REMAINING_IN_API"
"943808A103CBA36D","Backend\PlantProcess.Api\BlendedProvenance\V5BlendedProvenanceEndpoints.cs","99","RAW_COMMAND_EXECUTION_IN_API","MEDIUM_RAW_SQL_TOUCHPOINT","CanonicalDataAndIntegrationRuntime","await using var reader = await cmd.ExecuteReaderAsync(cancellationToken);","REMAINING_IN_API"
"246BB1FF28517F4C","Backend\PlantProcess.Api\BlendedProvenance\V5BlendedProvenanceEndpoints.cs","138","SQL_TEXT_INSIDE_API_SURFACE","MEDIUM_RAW_SQL_TOUCHPOINT","CanonicalDataAndIntegrationRuntime","cmd.CommandText = ""SELECT set_config('app.current_tenant', @tenant_id, false)"";","REMAINING_IN_API"
"571C65AF671CDB83","Backend\PlantProcess.Api\BlendedProvenance\V5BlendedProvenanceEndpoints.cs","140","RAW_COMMAND_EXECUTION_IN_API","MEDIUM_RAW_SQL_TOUCHPOINT","CanonicalDataAndIntegrationRuntime","await cmd.ExecuteNonQueryAsync(cancellationToken);","REMAINING_IN_API"
"11E2D49B27E512D1","Backend\PlantProcess.Api\ComplianceControls\V5ComplianceControlsEndpoints.cs","117","RAW_COMMAND_EXECUTION_IN_API","MEDIUM_RAW_SQL_TOUCHPOINT","CanonicalDataAndIntegrationRuntime","await using var reader = await cmd.ExecuteReaderAsync(cancellationToken);","REMAINING_IN_API"
"D83C516DBC1FF5A0","Backend\PlantProcess.Api\ComplianceControls\V5ComplianceControlsEndpoints.cs","205","RAW_COMMAND_EXECUTION_IN_API","MEDIUM_RAW_SQL_TOUCHPOINT","CanonicalDataAndIntegrationRuntime","var id = await cmd.ExecuteScalarAsync(cancellationToken);","REMAINING_IN_API"
"C9913D015C4A1642","Backend\PlantProcess.Api\ComplianceControls\V5ComplianceControlsEndpoints.cs","274","RAW_COMMAND_EXECUTION_IN_API","MEDIUM_RAW_SQL_TOUCHPOINT","CanonicalDataAndIntegrationRuntime","var id = await cmd.ExecuteScalarAsync(cancellationToken);","REMAINING_IN_API"
"6292085ADA332E65","Backend\PlantProcess.Api\ComplianceControls\V5ComplianceControlsEndpoints.cs","320","RAW_COMMAND_EXECUTION_IN_API","MEDIUM_RAW_SQL_TOUCHPOINT","CanonicalDataAndIntegrationRuntime","await using var reader = await cmd.ExecuteReaderAsync(cancellationToken);","REMAINING_IN_API"
"64195C53F2BB8E29","Backend\PlantProcess.Api\ComplianceControls\V5ComplianceControlsEndpoints.cs","429","RAW_COMMAND_EXECUTION_IN_API","MEDIUM_RAW_SQL_TOUCHPOINT","CanonicalDataAndIntegrationRuntime","return (Guid)(await cmd.ExecuteScalarAsync(cancellationToken) ?? Guid.Empty);","REMAINING_IN_API"
"85CBE9C098CDAB05","Backend\PlantProcess.Api\ComplianceControls\V5ComplianceControlsEndpoints.cs","440","SQL_TEXT_INSIDE_API_SURFACE","MEDIUM_RAW_SQL_TOUCHPOINT","CanonicalDataAndIntegrationRuntime","SELECT event_hash","REMAINING_IN_API"
"DF77481B695DE30A","Backend\PlantProcess.Api\ComplianceControls\V5ComplianceControlsEndpoints.cs","448","RAW_COMMAND_EXECUTION_IN_API","MEDIUM_RAW_SQL_TOUCHPOINT","CanonicalDataAndIntegrationRuntime","return (await cmd.ExecuteScalarAsync(cancellationToken))?.ToString() ?? """";","REMAINING_IN_API"
"9C178F2665B2CDBF","Backend\PlantProcess.Api\ComplianceControls\V5ComplianceControlsEndpoints.cs","483","SQL_TEXT_INSIDE_API_SURFACE","MEDIUM_RAW_SQL_TOUCHPOINT","CanonicalDataAndIntegrationRuntime","cmd.CommandText = ""SELECT set_config('app.current_tenant', @tenant_id, false)"";","REMAINING_IN_API"
"4E29E42F3E2F861A","Backend\PlantProcess.Api\ComplianceControls\V5ComplianceControlsEndpoints.cs","485","RAW_COMMAND_EXECUTION_IN_API","MEDIUM_RAW_SQL_TOUCHPOINT","CanonicalDataAndIntegrationRuntime","await cmd.ExecuteNonQueryAsync(cancellationToken);","REMAINING_IN_API"
"2AA7B0E463604485","Backend\PlantProcess.Api\DeploymentPortability\V5DeploymentPortabilityEndpoints.cs","78","RAW_COMMAND_EXECUTION_IN_API","MEDIUM_RAW_SQL_TOUCHPOINT","CanonicalDataAndIntegrationRuntime","await using var reader = await cmd.ExecuteReaderAsync(cancellationToken);","REMAINING_IN_API"
"F4F9EF47A469D032","Backend\PlantProcess.Api\DeploymentPortability\V5DeploymentPortabilityEndpoints.cs","168","RAW_COMMAND_EXECUTION_IN_API","MEDIUM_RAW_SQL_TOUCHPOINT","CanonicalDataAndIntegrationRuntime","var id = await cmd.ExecuteScalarAsync(cancellationToken);","REMAINING_IN_API"
"0888B5388061D73F","Backend\PlantProcess.Api\DeploymentPortability\V5DeploymentPortabilityEndpoints.cs","221","RAW_COMMAND_EXECUTION_IN_API","MEDIUM_RAW_SQL_TOUCHPOINT","CanonicalDataAndIntegrationRuntime","var id = await cmd.ExecuteScalarAsync(cancellationToken);","REMAINING_IN_API"
"66FA520456E28551","Backend\PlantProcess.Api\DeploymentPortability\V5DeploymentPortabilityEndpoints.cs","268","SQL_TEXT_INSIDE_API_SURFACE","MEDIUM_RAW_SQL_TOUCHPOINT","CanonicalDataAndIntegrationRuntime","cmd.CommandText = ""SELECT set_config('app.current_tenant', @tenant_id, false)"";","REMAINING_IN_API"
"929CFC7D2AE724E7","Backend\PlantProcess.Api\DeploymentPortability\V5DeploymentPortabilityEndpoints.cs","270","RAW_COMMAND_EXECUTION_IN_API","MEDIUM_RAW_SQL_TOUCHPOINT","CanonicalDataAndIntegrationRuntime","await cmd.ExecuteNonQueryAsync(cancellationToken);","REMAINING_IN_API"
"BE2A2F219B6C07B4","Backend\PlantProcess.Api\Endpoints\Demo\DemoLifecycleEndpoints.cs","158","SQL_TEXT_INSIDE_API_SURFACE","MEDIUM_RAW_SQL_TOUCHPOINT","CanonicalDataAndIntegrationRuntime","SELECT 1","REMAINING_IN_API"
"0C1F7EFABC12D61E","Backend\PlantProcess.Api\Endpoints\PageBuilder\PageDefinitionEndpoints.cs","47","SQL_TEXT_INSIDE_API_SURFACE","MEDIUM_RAW_SQL_TOUCHPOINT","CanonicalDataAndIntegrationRuntime","SELECT id, tenant_id, slug, title, owner_user_name, visibility, version,","REMAINING_IN_API"
"F8AB46AF25B07B04","Backend\PlantProcess.Api\Endpoints\PageBuilder\PageDefinitionEndpoints.cs","62","RAW_COMMAND_EXECUTION_IN_API","MEDIUM_RAW_SQL_TOUCHPOINT","CanonicalDataAndIntegrationRuntime","await using var reader = await command.ExecuteReaderAsync(cancellationToken);","REMAINING_IN_API"
"422BC44CAB789AFD","Backend\PlantProcess.Api\Endpoints\PageBuilder\PageDefinitionEndpoints.cs","87","SQL_TEXT_INSIDE_API_SURFACE","MEDIUM_RAW_SQL_TOUCHPOINT","CanonicalDataAndIntegrationRuntime","SELECT id, tenant_id, slug, title, owner_user_name, visibility, version,","REMAINING_IN_API"
"A87209C3E0124A7D","Backend\PlantProcess.Api\Endpoints\PageBuilder\PageDefinitionEndpoints.cs","102","RAW_COMMAND_EXECUTION_IN_API","MEDIUM_RAW_SQL_TOUCHPOINT","CanonicalDataAndIntegrationRuntime","await using var reader = await command.ExecuteReaderAsync(cancellationToken);","REMAINING_IN_API"
"5B29741547C590AD","Backend\PlantProcess.Api\Endpoints\PageBuilder\PageDefinitionEndpoints.cs","154","RAW_COMMAND_EXECUTION_IN_API","MEDIUM_RAW_SQL_TOUCHPOINT","CanonicalDataAndIntegrationRuntime","await using var reader = await command.ExecuteReaderAsync(cancellationToken);","REMAINING_IN_API"
"1F5FDBBC4F236170","Backend\PlantProcess.Api\Endpoints\PageBuilder\PageDefinitionEndpoints.cs","203","RAW_COMMAND_EXECUTION_IN_API","MEDIUM_RAW_SQL_TOUCHPOINT","CanonicalDataAndIntegrationRuntime","await using var reader = await command.ExecuteReaderAsync(cancellationToken);","REMAINING_IN_API"
"DDC835BA69320E59","Backend\PlantProcess.Api\Endpoints\PageBuilder\PageDefinitionEndpoints.cs","242","RAW_COMMAND_EXECUTION_IN_API","MEDIUM_RAW_SQL_TOUCHPOINT","CanonicalDataAndIntegrationRuntime","var affected = await command.ExecuteNonQueryAsync(cancellationToken);","REMAINING_IN_API"
"0E87CC2C88F6640D","Backend\PlantProcess.Api\Endpoints\PageBuilder\PageDefinitionEndpoints.cs","285","RAW_COMMAND_EXECUTION_IN_API","MEDIUM_RAW_SQL_TOUCHPOINT","CanonicalDataAndIntegrationRuntime","await command.ExecuteNonQueryAsync(cancellationToken);","REMAINING_IN_API"
"BD0E37881C078016","Backend\PlantProcess.Api\Endpoints\Phase2\Phase2LifecycleProofEndpoints.cs","36","SQL_TEXT_INSIDE_API_SURFACE","MEDIUM_RAW_SQL_TOUCHPOINT","CanonicalDataAndIntegrationRuntime","""SELECT source_code, display_name, provider_type, source_role, lifecycle_stage,"",","REMAINING_IN_API"
"58A70B12412FE2FD","Backend\PlantProcess.Api\Endpoints\Phase2\Phase2LifecycleProofEndpoints.cs","46","RAW_COMMAND_EXECUTION_IN_API","MEDIUM_RAW_SQL_TOUCHPOINT","CanonicalDataAndIntegrationRuntime","await using var reader = await command.ExecuteReaderAsync(cancellationToken);","REMAINING_IN_API"
"C1B757E098783E0F","Backend\PlantProcess.Api\Endpoints\Phase2\Phase2LifecycleProofEndpoints.cs","106","SQL_TEXT_INSIDE_API_SURFACE","MEDIUM_RAW_SQL_TOUCHPOINT","CanonicalDataAndIntegrationRuntime","""SELECT material_code, step_order, canonical_grain, source_role, source_code,"",","REMAINING_IN_API"
"985B643E3C9CB7FA","Backend\PlantProcess.Api\Endpoints\Phase2\Phase2LifecycleProofEndpoints.cs","118","RAW_COMMAND_EXECUTION_IN_API","MEDIUM_RAW_SQL_TOUCHPOINT","CanonicalDataAndIntegrationRuntime","await using var reader = await command.ExecuteReaderAsync(cancellationToken);","REMAINING_IN_API"
"6A4E20C4D529DFBE","Backend\PlantProcess.Api\Endpoints\Phase2\Phase2LifecycleProofEndpoints.cs","170","SQL_TEXT_INSIDE_API_SURFACE","MEDIUM_RAW_SQL_TOUCHPOINT","CanonicalDataAndIntegrationRuntime","""SELECT proof_code, proof_name, status, expected_behavior, evidence, last_run_utc"",","REMAINING_IN_API"
"8DE1D643BDC09360","Backend\PlantProcess.Api\Endpoints\Phase2\Phase2LifecycleProofEndpoints.cs","178","RAW_COMMAND_EXECUTION_IN_API","MEDIUM_RAW_SQL_TOUCHPOINT","CanonicalDataAndIntegrationRuntime","await using var reader = await command.ExecuteReaderAsync(cancellationToken);","REMAINING_IN_API"
"CED0297E7AEA51E6","Backend\PlantProcess.Api\Endpoints\Phase2\Phase2LifecycleProofEndpoints.cs","209","SQL_TEXT_INSIDE_API_SURFACE","MEDIUM_RAW_SQL_TOUCHPOINT","CanonicalDataAndIntegrationRuntime","""SELECT COUNT(*) FROM phase2_source_lifecycle_evidence WHERE is_available_now = true AND mapping_status = 'Mapped';"",","REMAINING_IN_API"
"3CDA2010D948127A","Backend\PlantProcess.Api\Endpoints\Phase2\Phase2LifecycleProofEndpoints.cs","214","SQL_TEXT_INSIDE_API_SURFACE","MEDIUM_RAW_SQL_TOUCHPOINT","CanonicalDataAndIntegrationRuntime","""SELECT COUNT(*) FROM phase2_genealogy_link_evidence WHERE material_code = 'ADV_COIL4002' AND is_resolved = true;"",","REMAINING_IN_API"
"1A8ADDFDED5A282B","Backend\PlantProcess.Api\Endpoints\Phase2\Phase2LifecycleProofEndpoints.cs","219","SQL_TEXT_INSIDE_API_SURFACE","MEDIUM_RAW_SQL_TOUCHPOINT","CanonicalDataAndIntegrationRuntime","""SELECT COUNT(*) FROM phase2_import_lifecycle_evidence WHERE status = 'Passed';"",","REMAINING_IN_API"
"83C1ADADF0B38C43","Backend\PlantProcess.Api\Endpoints\Phase2\Phase2LifecycleProofEndpoints.cs","247","RAW_COMMAND_EXECUTION_IN_API","MEDIUM_RAW_SQL_TOUCHPOINT","CanonicalDataAndIntegrationRuntime","var result = await command.ExecuteScalarAsync(cancellationToken);","REMAINING_IN_API"
"995180F00F126961","Backend\PlantProcess.Api\Endpoints\Phase2\Phase2LifecycleProofEndpoints.cs","384","RAW_COMMAND_EXECUTION_IN_API","MEDIUM_RAW_SQL_TOUCHPOINT","CanonicalDataAndIntegrationRuntime","await command.ExecuteNonQueryAsync(cancellationToken);","REMAINING_IN_API"
"6DAAC0E4912A567D","Backend\PlantProcess.Api\Endpoints\Phase45\Phase45ClosureEndpoints.cs","44","SQL_TEXT_INSIDE_API_SURFACE","MEDIUM_RAW_SQL_TOUCHPOINT","CanonicalDataAndIntegrationRuntime","""SELECT feature_code, feature_name, grain, material_code, source_code, value_numeric, value_text, freshness_status, is_ready FROM phase4_feature_store_evidence ORDER BY grain, feature_code;"",","REMAINING_IN_API"
"D8F47F3F523D6991","Backend\PlantProcess.Api\Endpoints\Phase45\Phase45ClosureEndpoints.cs","78","SQL_TEXT_INSIDE_API_SURFACE","MEDIUM_RAW_SQL_TOUCHPOINT","CanonicalDataAndIntegrationRuntime","""SELECT outcome_code, outcome_name, grain, material_code, value_numeric, value_text, label_completeness_percent, is_ready FROM phase4_outcome_evidence ORDER BY outcome_code;"",","REMAINING_IN_API"
"41D82D33E84503BC","Backend\PlantProcess.Api\Endpoints\Phase45\Phase45ClosureEndpoints.cs","109","SQL_TEXT_INSIDE_API_SURFACE","MEDIUM_RAW_SQL_TOUCHPOINT","CanonicalDataAndIntegrationRuntime","""SELECT event_code, equipment_stop_minutes, production_impact_minutes, buffer_absorbed_minutes, cascade_amplification_factor, classification, is_ready FROM phase4_cascade_downtime_evidence ORDER BY event_code;"",","REMAINING_IN_API"
"0EEE9613E566C6E5","Backend\PlantProcess.Api\Endpoints\Phase45\Phase45ClosureEndpoints.cs","142","SQL_TEXT_INSIDE_API_SURFACE","MEDIUM_RAW_SQL_TOUCHPOINT","CanonicalDataAndIntegrationRuntime","""SELECT method_code, method_name, supports_type_pair, has_p_value, has_effect_size, has_governance, is_ready FROM phase4_compute_provider_evidence ORDER BY method_code;"",","REMAINING_IN_API"
"D79893376581FC54","Backend\PlantProcess.Api\Endpoints\Phase45\Phase45ClosureEndpoints.cs","169","SQL_TEXT_INSIDE_API_SURFACE","MEDIUM_RAW_SQL_TOUCHPOINT","CanonicalDataAndIntegrationRuntime","var featureCount = await CountAsync(db, ""SELECT COUNT(*) FROM phase4_feature_store_evidence WHERE is_ready = true;"", cancellationToken);","REMAINING_IN_API"
"A6FF9F09C086AD27","Backend\PlantProcess.Api\Endpoints\Phase45\Phase45ClosureEndpoints.cs","170","SQL_TEXT_INSIDE_API_SURFACE","MEDIUM_RAW_SQL_TOUCHPOINT","CanonicalDataAndIntegrationRuntime","var outcomeCount = await CountAsync(db, ""SELECT COUNT(*) FROM phase4_outcome_evidence WHERE is_ready = true;"", cancellationToken);","REMAINING_IN_API"
"FEAD0B93449F27BE","Backend\PlantProcess.Api\Endpoints\Phase45\Phase45ClosureEndpoints.cs","171","SQL_TEXT_INSIDE_API_SURFACE","MEDIUM_RAW_SQL_TOUCHPOINT","CanonicalDataAndIntegrationRuntime","var cascadeCount = await CountAsync(db, ""SELECT COUNT(*) FROM phase4_cascade_downtime_evidence WHERE is_ready = true;"", cancellationToken);","REMAINING_IN_API"
"776E58A5B574D13D","Backend\PlantProcess.Api\Endpoints\Phase45\Phase45ClosureEndpoints.cs","172","SQL_TEXT_INSIDE_API_SURFACE","MEDIUM_RAW_SQL_TOUCHPOINT","CanonicalDataAndIntegrationRuntime","var computeCount = await CountAsync(db, ""SELECT COUNT(*) FROM phase4_compute_provider_evidence WHERE is_ready = true;"", cancellationToken);","REMAINING_IN_API"
"DCEA5C8AF22354E5","Backend\PlantProcess.Api\Endpoints\Phase45\Phase45ClosureEndpoints.cs","194","SQL_TEXT_INSIDE_API_SURFACE","MEDIUM_RAW_SQL_TOUCHPOINT","CanonicalDataAndIntegrationRuntime","""SELECT job_code, job_name, schedule_expression, lifecycle_state, enabled, readiness_gate_status, last_run_status, next_run_utc, last_run_utc, run_count, backoff_seconds, governance_message FROM phase5_learning_job_evidence ORDER BY job_code;"",","REMAINING_IN_API"
"8E2BA94813794CF9","Backend\PlantProcess.Api\Endpoints\Phase45\Phase45ClosureEndpoints.cs","224","RAW_COMMAND_EXECUTION_IN_API","MEDIUM_RAW_SQL_TOUCHPOINT","CanonicalDataAndIntegrationRuntime","var affected = await command.ExecuteNonQueryAsync(cancellationToken);","REMAINING_IN_API"
"7ED3988079605934","Backend\PlantProcess.Api\Endpoints\Phase45\Phase45ClosureEndpoints.cs","241","SQL_TEXT_INSIDE_API_SURFACE","MEDIUM_RAW_SQL_TOUCHPOINT","CanonicalDataAndIntegrationRuntime","""SELECT job_code, job_name, schedule_expression, lifecycle_state, enabled, readiness_gate_status, last_run_status, next_run_utc, last_run_utc, run_count, backoff_seconds, governance_message FROM phase5_learning_job_evidence ORDER BY job_code;"",","REMAINING_IN_API"
"D25D8C0BBBE6015F","Backend\PlantProcess.Api\Endpoints\Phase45\Phase45ClosureEndpoints.cs","247","SQL_TEXT_INSIDE_API_SURFACE","MEDIUM_RAW_SQL_TOUCHPOINT","CanonicalDataAndIntegrationRuntime","""SELECT result_code, job_code, subject_code, outcome_code, method_code, effect_size, p_value, q_value, confidence_low, confidence_high, sample_size, stability_score, ranking, lifecycle_state FROM phase5_correlation_result_evidence ORDER BY ranking;"",","REMAINING_IN_API"
"3898960ACEB26522","Backend\PlantProcess.Api\Endpoints\Phase45\Phase45ClosureEndpoints.cs","288","SQL_TEXT_INSIDE_API_SURFACE","MEDIUM_RAW_SQL_TOUCHPOINT","CanonicalDataAndIntegrationRuntime","""SELECT check_code, check_name, status, expected_behavior, evidence, signal_recovered, noise_rejected, deterministic, fdr_controlled FROM phase5_golden_dataset_evidence ORDER BY check_code;"",","REMAINING_IN_API"
"69D0928ABAF9D334","Backend\PlantProcess.Api\Endpoints\Phase45\Phase45ClosureEndpoints.cs","322","SQL_TEXT_INSIDE_API_SURFACE","MEDIUM_RAW_SQL_TOUCHPOINT","CanonicalDataAndIntegrationRuntime","var jobCount = await CountAsync(db, ""SELECT COUNT(*) FROM phase5_learning_job_evidence WHERE enabled = true AND readiness_gate_status = 'Passed';"", cancellationToken);","REMAINING_IN_API"
"54CA02587A4B40CA","Backend\PlantProcess.Api\Endpoints\Phase45\Phase45ClosureEndpoints.cs","323","SQL_TEXT_INSIDE_API_SURFACE","MEDIUM_RAW_SQL_TOUCHPOINT","CanonicalDataAndIntegrationRuntime","var resultCount = await CountAsync(db, ""SELECT COUNT(*) FROM phase5_correlation_result_evidence WHERE q_value <= 0.10 AND stability_score >= 0.70;"", cancellationToken);","REMAINING_IN_API"
"AB1B81C25F9DD116","Backend\PlantProcess.Api\Endpoints\Phase45\Phase45ClosureEndpoints.cs","324","SQL_TEXT_INSIDE_API_SURFACE","MEDIUM_RAW_SQL_TOUCHPOINT","CanonicalDataAndIntegrationRuntime","var goldenCount = await CountAsync(db, ""SELECT COUNT(*) FROM phase5_golden_dataset_evidence WHERE status = 'Passed';"", cancellationToken);","REMAINING_IN_API"
"B27F43D0F1FBD7F1","Backend\PlantProcess.Api\Endpoints\Phase45\Phase45ClosureEndpoints.cs","366","RAW_COMMAND_EXECUTION_IN_API","MEDIUM_RAW_SQL_TOUCHPOINT","CanonicalDataAndIntegrationRuntime","await using var reader = await command.ExecuteReaderAsync(cancellationToken);","REMAINING_IN_API"
"AA34DC678EF549EE","Backend\PlantProcess.Api\Endpoints\Phase45\Phase45ClosureEndpoints.cs","384","RAW_COMMAND_EXECUTION_IN_API","MEDIUM_RAW_SQL_TOUCHPOINT","CanonicalDataAndIntegrationRuntime","var result = await command.ExecuteScalarAsync(cancellationToken);","REMAINING_IN_API"
"4970114289ED735B","Backend\PlantProcess.Api\Endpoints\Phase45\Phase45ClosureEndpoints.cs","547","RAW_COMMAND_EXECUTION_IN_API","MEDIUM_RAW_SQL_TOUCHPOINT","CanonicalDataAndIntegrationRuntime","await command.ExecuteNonQueryAsync(cancellationToken);","REMAINING_IN_API"
"E23A2E85E80643C0","Backend\PlantProcess.Api\Endpoints\Reporting\CustomerDemoReportEndpoints.cs","104","SQL_TEXT_INSIDE_API_SURFACE","MEDIUM_RAW_SQL_TOUCHPOINT","CanonicalDataAndIntegrationRuntime","var meltShopHeatCount = await CountSqlAsync(dbContext, ""SELECT COUNT(*) FROM src_meltshop_pg.heats"", cancellationToken);","REMAINING_IN_API"
"A7F0322B5B6D2C9E","Backend\PlantProcess.Api\Endpoints\Reporting\CustomerDemoReportEndpoints.cs","105","SQL_TEXT_INSIDE_API_SURFACE","MEDIUM_RAW_SQL_TOUCHPOINT","CanonicalDataAndIntegrationRuntime","var casterPieceCount = await CountSqlAsync(dbContext, ""SELECT COUNT(*) FROM src_caster_oracle_shape.cast_pieces"", cancellationToken);","REMAINING_IN_API"
"CB93F05A0D395C1D","Backend\PlantProcess.Api\Endpoints\Reporting\CustomerDemoReportEndpoints.cs","106","SQL_TEXT_INSIDE_API_SURFACE","MEDIUM_RAW_SQL_TOUCHPOINT","CanonicalDataAndIntegrationRuntime","var hsmCoilCount = await CountSqlAsync(dbContext, ""SELECT COUNT(*) FROM src_hsm_oracle_shape.hsm_coils"", cancellationToken);","REMAINING_IN_API"
"F05D1C3CD387C11A","Backend\PlantProcess.Api\Endpoints\Reporting\CustomerDemoReportEndpoints.cs","107","SQL_TEXT_INSIDE_API_SURFACE","MEDIUM_RAW_SQL_TOUCHPOINT","CanonicalDataAndIntegrationRuntime","var hsmPassMeasurementCount = await CountSqlAsync(dbContext, ""SELECT COUNT(*) FROM src_hsm_oracle_shape.hsm_pass_measurements"", cancellationToken);","REMAINING_IN_API"
"9AF90E86B912C307","Backend\PlantProcess.Api\Endpoints\Reporting\CustomerDemoReportEndpoints.cs","108","SQL_TEXT_INSIDE_API_SURFACE","MEDIUM_RAW_SQL_TOUCHPOINT","CanonicalDataAndIntegrationRuntime","var picklingOrderCount = await CountSqlAsync(dbContext, ""SELECT COUNT(*) FROM src_pkl_mssql_shape.pickle_orders"", cancellationToken);","REMAINING_IN_API"
"A54A17D769A63CC6","Backend\PlantProcess.Api\Endpoints\Reporting\CustomerDemoReportEndpoints.cs","109","SQL_TEXT_INSIDE_API_SURFACE","MEDIUM_RAW_SQL_TOUCHPOINT","CanonicalDataAndIntegrationRuntime","var qaLabResultCount = await CountSqlAsync(dbContext, ""SELECT COUNT(*) FROM src_pkl_mssql_shape.qa_lab_results"", cancellationToken);","REMAINING_IN_API"
"B95C251223D90886","Backend\PlantProcess.Api\Endpoints\Reporting\CustomerDemoReportEndpoints.cs","110","SQL_TEXT_INSIDE_API_SURFACE","MEDIUM_RAW_SQL_TOUCHPOINT","CanonicalDataAndIntegrationRuntime","var surfaceDefectCount = await CountSqlAsync(dbContext, ""SELECT COUNT(*) FROM src_inspection_mysql_shape.parsytec_surface_defects"", cancellationToken);","REMAINING_IN_API"
"C8EBC23FC96EE4EC","Backend\PlantProcess.Api\Endpoints\Reporting\CustomerDemoReportEndpoints.cs","111","SQL_TEXT_INSIDE_API_SURFACE","MEDIUM_RAW_SQL_TOUCHPOINT","CanonicalDataAndIntegrationRuntime","var downtimeEventCount = await CountSqlAsync(dbContext, ""SELECT COUNT(*) FROM src_inspection_mysql_shape.downtime_events"", cancellationToken);","REMAINING_IN_API"
"33B99E4650950779","Backend\PlantProcess.Api\Endpoints\Reporting\CustomerDemoReportEndpoints.cs","153","RAW_COMMAND_EXECUTION_IN_API","MEDIUM_RAW_SQL_TOUCHPOINT","CanonicalDataAndIntegrationRuntime","var result = await command.ExecuteScalarAsync(cancellationToken);","REMAINING_IN_API"
"DF3A1E378932CFBF","Backend\PlantProcess.Api\EnterpriseIdentity\V5EnterpriseIdentityEndpoints.cs","70","RAW_COMMAND_EXECUTION_IN_API","MEDIUM_RAW_SQL_TOUCHPOINT","CanonicalDataAndIntegrationRuntime","await using var reader = await cmd.ExecuteReaderAsync(cancellationToken);","REMAINING_IN_API"
"49E8C8168A491C2C","Backend\PlantProcess.Api\EnterpriseIdentity\V5EnterpriseIdentityEndpoints.cs","147","RAW_COMMAND_EXECUTION_IN_API","MEDIUM_RAW_SQL_TOUCHPOINT","CanonicalDataAndIntegrationRuntime","var enrollmentId = await cmd.ExecuteScalarAsync(cancellationToken);","REMAINING_IN_API"
"F02BBBE63D70DF98","Backend\PlantProcess.Api\EnterpriseIdentity\V5EnterpriseIdentityEndpoints.cs","158","RAW_COMMAND_EXECUTION_IN_API","MEDIUM_RAW_SQL_TOUCHPOINT","CanonicalDataAndIntegrationRuntime","await deleteCodes.ExecuteNonQueryAsync(cancellationToken);","REMAINING_IN_API"
"98105BA4C4A55140","Backend\PlantProcess.Api\EnterpriseIdentity\V5EnterpriseIdentityEndpoints.cs","182","RAW_COMMAND_EXECUTION_IN_API","MEDIUM_RAW_SQL_TOUCHPOINT","CanonicalDataAndIntegrationRuntime","await codeCmd.ExecuteNonQueryAsync(cancellationToken);","REMAINING_IN_API"
"36592AA62644FCAC","Backend\PlantProcess.Api\EnterpriseIdentity\V5EnterpriseIdentityEndpoints.cs","246","RAW_COMMAND_EXECUTION_IN_API","MEDIUM_RAW_SQL_TOUCHPOINT","CanonicalDataAndIntegrationRuntime","await cmd.ExecuteNonQueryAsync(cancellationToken);","REMAINING_IN_API"
"D02D669E2705880D","Backend\PlantProcess.Api\EnterpriseIdentity\V5EnterpriseIdentityEndpoints.cs","317","RAW_COMMAND_EXECUTION_IN_API","MEDIUM_RAW_SQL_TOUCHPOINT","CanonicalDataAndIntegrationRuntime","var id = await cmd.ExecuteScalarAsync(cancellationToken);","REMAINING_IN_API"
"D7EE8FD893B7AB81","Backend\PlantProcess.Api\EnterpriseIdentity\V5EnterpriseIdentityEndpoints.cs","368","RAW_COMMAND_EXECUTION_IN_API","MEDIUM_RAW_SQL_TOUCHPOINT","CanonicalDataAndIntegrationRuntime","await using var reader = await cmd.ExecuteReaderAsync(cancellationToken);","REMAINING_IN_API"
"DADAD4EB96CC32BF","Backend\PlantProcess.Api\EnterpriseIdentity\V5EnterpriseIdentityEndpoints.cs","417","RAW_COMMAND_EXECUTION_IN_API","MEDIUM_RAW_SQL_TOUCHPOINT","CanonicalDataAndIntegrationRuntime","var changed = await cmd.ExecuteNonQueryAsync(cancellationToken);","REMAINING_IN_API"
"3B1F5E79B5F4BEBA","Backend\PlantProcess.Api\EnterpriseIdentity\V5EnterpriseIdentityEndpoints.cs","519","RAW_COMMAND_EXECUTION_IN_API","MEDIUM_RAW_SQL_TOUCHPOINT","CanonicalDataAndIntegrationRuntime","await using var reader = await cmd.ExecuteReaderAsync(cancellationToken);","REMAINING_IN_API"
"8F5A0BD2931070BF","Backend\PlantProcess.Api\EnterpriseIdentity\V5EnterpriseIdentityEndpoints.cs","575","RAW_COMMAND_EXECUTION_IN_API","MEDIUM_RAW_SQL_TOUCHPOINT","CanonicalDataAndIntegrationRuntime","await cmd.ExecuteNonQueryAsync(cancellationToken);","REMAINING_IN_API"
"9BB56072B802701B","Backend\PlantProcess.Api\EnterpriseIdentity\V5EnterpriseIdentityEndpoints.cs","621","RAW_COMMAND_EXECUTION_IN_API","MEDIUM_RAW_SQL_TOUCHPOINT","CanonicalDataAndIntegrationRuntime","await using var reader = await cmd.ExecuteReaderAsync(cancellationToken);","REMAINING_IN_API"
"19947D038896D19F","Backend\PlantProcess.Api\EnterpriseIdentity\V5EnterpriseIdentityEndpoints.cs","662","RAW_COMMAND_EXECUTION_IN_API","MEDIUM_RAW_SQL_TOUCHPOINT","CanonicalDataAndIntegrationRuntime","await cmd.ExecuteNonQueryAsync(cancellationToken);","REMAINING_IN_API"
"50DFB9A13907AEE2","Backend\PlantProcess.Api\EnterpriseIdentity\V5EnterpriseIdentityEndpoints.cs","674","SQL_TEXT_INSIDE_API_SURFACE","MEDIUM_RAW_SQL_TOUCHPOINT","CanonicalDataAndIntegrationRuntime","SELECT secret_ciphertext","REMAINING_IN_API"
"AB2BBD430ED856C7","Backend\PlantProcess.Api\EnterpriseIdentity\V5EnterpriseIdentityEndpoints.cs","684","RAW_COMMAND_EXECUTION_IN_API","MEDIUM_RAW_SQL_TOUCHPOINT","CanonicalDataAndIntegrationRuntime","var encrypted = await cmd.ExecuteScalarAsync(cancellationToken) as string;","REMAINING_IN_API"
"45D5B15574A5358F","Backend\PlantProcess.Api\EnterpriseIdentity\V5EnterpriseIdentityEndpoints.cs","711","RAW_COMMAND_EXECUTION_IN_API","MEDIUM_RAW_SQL_TOUCHPOINT","CanonicalDataAndIntegrationRuntime","return await cmd.ExecuteNonQueryAsync(cancellationToken) == 1;","REMAINING_IN_API"
"51A0D21ACE3328FC","Backend\PlantProcess.Api\EnterpriseIdentity\V5EnterpriseIdentityEndpoints.cs","766","RAW_COMMAND_EXECUTION_IN_API","MEDIUM_RAW_SQL_TOUCHPOINT","CanonicalDataAndIntegrationRuntime","await cmd.ExecuteNonQueryAsync(cancellationToken);","REMAINING_IN_API"
"FE6578643C2E2F76","Backend\PlantProcess.Api\EnterpriseIdentity\V5EnterpriseIdentityEndpoints.cs","801","SQL_TEXT_INSIDE_API_SURFACE","MEDIUM_RAW_SQL_TOUCHPOINT","CanonicalDataAndIntegrationRuntime","cmd.CommandText = ""SELECT set_config('app.current_tenant', @tenant_id, false)"";","REMAINING_IN_API"
"25268D39421B16AC","Backend\PlantProcess.Api\EnterpriseIdentity\V5EnterpriseIdentityEndpoints.cs","803","RAW_COMMAND_EXECUTION_IN_API","MEDIUM_RAW_SQL_TOUCHPOINT","CanonicalDataAndIntegrationRuntime","await cmd.ExecuteNonQueryAsync(cancellationToken);","REMAINING_IN_API"
"A7815AA312472CD2","Backend\PlantProcess.Api\EnterpriseSsoScim\V5EnterpriseSsoScimEndpoints.cs","171","RAW_COMMAND_EXECUTION_IN_API","MEDIUM_RAW_SQL_TOUCHPOINT","CanonicalDataAndIntegrationRuntime","await using var reader = await cmd.ExecuteReaderAsync(cancellationToken);","REMAINING_IN_API"
"6D61A1513035AAB1","Backend\PlantProcess.Api\EnterpriseSsoScim\V5EnterpriseSsoScimEndpoints.cs","246","RAW_COMMAND_EXECUTION_IN_API","MEDIUM_RAW_SQL_TOUCHPOINT","CanonicalDataAndIntegrationRuntime","var id = await cmd.ExecuteScalarAsync(cancellationToken);","REMAINING_IN_API"
"6D605B1ECD11985E","Backend\PlantProcess.Api\EnterpriseSsoScim\V5EnterpriseSsoScimEndpoints.cs","318","SQL_TEXT_INSIDE_API_SURFACE","MEDIUM_RAW_SQL_TOUCHPOINT","CanonicalDataAndIntegrationRuntime","SELECT id, user_name, display_name, email, active","REMAINING_IN_API"
"C80AF09C84783DE1","Backend\PlantProcess.Api\EnterpriseSsoScim\V5EnterpriseSsoScimEndpoints.cs","327","RAW_COMMAND_EXECUTION_IN_API","MEDIUM_RAW_SQL_TOUCHPOINT","CanonicalDataAndIntegrationRuntime","await using var reader = await cmd.ExecuteReaderAsync(cancellationToken);","REMAINING_IN_API"
"2CF05FF9C99E8197","Backend\PlantProcess.Api\EnterpriseSsoScim\V5EnterpriseSsoScimEndpoints.cs","390","RAW_COMMAND_EXECUTION_IN_API","MEDIUM_RAW_SQL_TOUCHPOINT","CanonicalDataAndIntegrationRuntime","var updated = await cmd.ExecuteScalarAsync(cancellationToken);","REMAINING_IN_API"
"BEF38FF398F906CE","Backend\PlantProcess.Api\EnterpriseSsoScim\V5EnterpriseSsoScimEndpoints.cs","423","RAW_COMMAND_EXECUTION_IN_API","MEDIUM_RAW_SQL_TOUCHPOINT","CanonicalDataAndIntegrationRuntime","await cmd.ExecuteNonQueryAsync(cancellationToken);","REMAINING_IN_API"
"8A72B7D5F919D929","Backend\PlantProcess.Api\EnterpriseSsoScim\V5EnterpriseSsoScimEndpoints.cs","470","SQL_TEXT_INSIDE_API_SURFACE","MEDIUM_RAW_SQL_TOUCHPOINT","CanonicalDataAndIntegrationRuntime","SELECT id, default_role, jit_provisioning_enabled","REMAINING_IN_API"
"80DE7714B8051A11","Backend\PlantProcess.Api\EnterpriseSsoScim\V5EnterpriseSsoScimEndpoints.cs","480","RAW_COMMAND_EXECUTION_IN_API","MEDIUM_RAW_SQL_TOUCHPOINT","CanonicalDataAndIntegrationRuntime","await using var reader = await cmd.ExecuteReaderAsync(cancellationToken);","REMAINING_IN_API"
"6B8FF4D7CF84D2A1","Backend\PlantProcess.Api\EnterpriseSsoScim\V5EnterpriseSsoScimEndpoints.cs","499","SQL_TEXT_INSIDE_API_SURFACE","MEDIUM_RAW_SQL_TOUCHPOINT","CanonicalDataAndIntegrationRuntime","SELECT app_role, plant_role","REMAINING_IN_API"
"BB3D8912BB5A5C94","Backend\PlantProcess.Api\EnterpriseSsoScim\V5EnterpriseSsoScimEndpoints.cs","513","RAW_COMMAND_EXECUTION_IN_API","MEDIUM_RAW_SQL_TOUCHPOINT","CanonicalDataAndIntegrationRuntime","await using var reader = await cmd.ExecuteReaderAsync(cancellationToken);","REMAINING_IN_API"
"126236D8D97A51E7","Backend\PlantProcess.Api\EnterpriseSsoScim\V5EnterpriseSsoScimEndpoints.cs","573","RAW_COMMAND_EXECUTION_IN_API","MEDIUM_RAW_SQL_TOUCHPOINT","CanonicalDataAndIntegrationRuntime","return (Guid)(await cmd.ExecuteScalarAsync(cancellationToken) ?? Guid.Empty);","REMAINING_IN_API"
"5099B81348D9B68E","Backend\PlantProcess.Api\EnterpriseSsoScim\V5EnterpriseSsoScimEndpoints.cs","633","RAW_COMMAND_EXECUTION_IN_API","MEDIUM_RAW_SQL_TOUCHPOINT","CanonicalDataAndIntegrationRuntime","return (Guid)(await cmd.ExecuteScalarAsync(cancellationToken) ?? Guid.Empty);","REMAINING_IN_API"
"72E5334267043F95","Backend\PlantProcess.Api\EnterpriseSsoScim\V5EnterpriseSsoScimEndpoints.cs","676","RAW_COMMAND_EXECUTION_IN_API","MEDIUM_RAW_SQL_TOUCHPOINT","CanonicalDataAndIntegrationRuntime","return (Guid)(await cmd.ExecuteScalarAsync(cancellationToken) ?? Guid.Empty);","REMAINING_IN_API"
"96457D1D0CE973AD","Backend\PlantProcess.Api\EnterpriseSsoScim\V5EnterpriseSsoScimEndpoints.cs","698","SQL_TEXT_INSIDE_API_SURFACE","MEDIUM_RAW_SQL_TOUCHPOINT","CanonicalDataAndIntegrationRuntime","SELECT tenant_id","REMAINING_IN_API"
"48236EA775F4643B","Backend\PlantProcess.Api\EnterpriseSsoScim\V5EnterpriseSsoScimEndpoints.cs","707","RAW_COMMAND_EXECUTION_IN_API","MEDIUM_RAW_SQL_TOUCHPOINT","CanonicalDataAndIntegrationRuntime","var result = await cmd.ExecuteScalarAsync(cancellationToken);","REMAINING_IN_API"
"ECC7DEA8ED1D0450","Backend\PlantProcess.Api\EnterpriseSsoScim\V5EnterpriseSsoScimEndpoints.cs","803","RAW_COMMAND_EXECUTION_IN_API","MEDIUM_RAW_SQL_TOUCHPOINT","CanonicalDataAndIntegrationRuntime","await cmd.ExecuteNonQueryAsync(cancellationToken);","REMAINING_IN_API"
"567F25DF10EEBDFD","Backend\PlantProcess.Api\EnterpriseSsoScim\V5EnterpriseSsoScimEndpoints.cs","854","SQL_TEXT_INSIDE_API_SURFACE","MEDIUM_RAW_SQL_TOUCHPOINT","CanonicalDataAndIntegrationRuntime","cmd.CommandText = ""SELECT set_config('app.current_tenant', @tenant_id, false)"";","REMAINING_IN_API"
"5A5D79319469D705","Backend\PlantProcess.Api\EnterpriseSsoScim\V5EnterpriseSsoScimEndpoints.cs","856","RAW_COMMAND_EXECUTION_IN_API","MEDIUM_RAW_SQL_TOUCHPOINT","CanonicalDataAndIntegrationRuntime","await cmd.ExecuteNonQueryAsync(cancellationToken);","REMAINING_IN_API"
"CEBDB27151BD8CDE","Backend\PlantProcess.Api\EnterpriseSsoScim\V5IdentityRuntimeCertificationEndpoints.cs","115","RAW_COMMAND_EXECUTION_IN_API","MEDIUM_RAW_SQL_TOUCHPOINT","CanonicalDataAndIntegrationRuntime","var id = await cmd.ExecuteScalarAsync(cancellationToken);","REMAINING_IN_API"
"F8A6393E9A7A4F7A","Backend\PlantProcess.Api\EnterpriseSsoScim\V5IdentityRuntimeCertificationEndpoints.cs","203","SQL_TEXT_INSIDE_API_SURFACE","MEDIUM_RAW_SQL_TOUCHPOINT","CanonicalDataAndIntegrationRuntime","SELECT id, user_name, email, active","REMAINING_IN_API"
"6C89003B0065A5EE","Backend\PlantProcess.Api\EnterpriseSsoScim\V5IdentityRuntimeCertificationEndpoints.cs","216","RAW_COMMAND_EXECUTION_IN_API","MEDIUM_RAW_SQL_TOUCHPOINT","CanonicalDataAndIntegrationRuntime","await using var reader = await cmd.ExecuteReaderAsync(cancellationToken);","REMAINING_IN_API"
"BCDABB6E5C4C5ED4","Backend\PlantProcess.Api\EnterpriseSsoScim\V5IdentityRuntimeCertificationEndpoints.cs","304","SQL_TEXT_INSIDE_API_SURFACE","MEDIUM_RAW_SQL_TOUCHPOINT","CanonicalDataAndIntegrationRuntime","SELECT to_regclass(@table_name) IS NOT NULL","REMAINING_IN_API"
"EE87E69BA3DD5DCD","Backend\PlantProcess.Api\EnterpriseSsoScim\V5IdentityRuntimeCertificationEndpoints.cs","308","RAW_COMMAND_EXECUTION_IN_API","MEDIUM_RAW_SQL_TOUCHPOINT","CanonicalDataAndIntegrationRuntime","var exists = (bool)(await cmd.ExecuteScalarAsync(cancellationToken) ?? false);","REMAINING_IN_API"
"FD7AF272DCCC0319","Backend\PlantProcess.Api\EnterpriseSsoScim\V5IdentityRuntimeCertificationEndpoints.cs","483","SQL_TEXT_INSIDE_API_SURFACE","MEDIUM_RAW_SQL_TOUCHPOINT","CanonicalDataAndIntegrationRuntime","SELECT issuer, audience, jwk_n_b64url, jwk_e_b64url","REMAINING_IN_API"
"64E7FCEEB6EC9B13","Backend\PlantProcess.Api\EnterpriseSsoScim\V5IdentityRuntimeCertificationEndpoints.cs","497","RAW_COMMAND_EXECUTION_IN_API","MEDIUM_RAW_SQL_TOUCHPOINT","CanonicalDataAndIntegrationRuntime","await using var reader = await cmd.ExecuteReaderAsync(cancellationToken);","REMAINING_IN_API"
"BEFB201A4FC9D894","Backend\PlantProcess.Api\EnterpriseSsoScim\V5IdentityRuntimeCertificationEndpoints.cs","518","SQL_TEXT_INSIDE_API_SURFACE","MEDIUM_RAW_SQL_TOUCHPOINT","CanonicalDataAndIntegrationRuntime","SELECT m.app_role, m.plant_role","REMAINING_IN_API"
"A963CA52227226D2","Backend\PlantProcess.Api\EnterpriseSsoScim\V5IdentityRuntimeCertificationEndpoints.cs","535","RAW_COMMAND_EXECUTION_IN_API","MEDIUM_RAW_SQL_TOUCHPOINT","CanonicalDataAndIntegrationRuntime","await using var reader = await cmd.ExecuteReaderAsync(cancellationToken);","REMAINING_IN_API"
"143276AA6AF53D0A","Backend\PlantProcess.Api\EnterpriseSsoScim\V5IdentityRuntimeCertificationEndpoints.cs","599","RAW_COMMAND_EXECUTION_IN_API","MEDIUM_RAW_SQL_TOUCHPOINT","CanonicalDataAndIntegrationRuntime","await cmd.ExecuteNonQueryAsync(cancellationToken);","REMAINING_IN_API"
"D0798EC7443374F8","Backend\PlantProcess.Api\EnterpriseSsoScim\V5IdentityRuntimeCertificationEndpoints.cs","665","RAW_COMMAND_EXECUTION_IN_API","MEDIUM_RAW_SQL_TOUCHPOINT","CanonicalDataAndIntegrationRuntime","await cmd.ExecuteNonQueryAsync(cancellationToken);","REMAINING_IN_API"
"E69A73954AF59CA7","Backend\PlantProcess.Api\EnterpriseSsoScim\V5IdentityRuntimeCertificationEndpoints.cs","703","RAW_COMMAND_EXECUTION_IN_API","MEDIUM_RAW_SQL_TOUCHPOINT","CanonicalDataAndIntegrationRuntime","await cmd.ExecuteNonQueryAsync(cancellationToken);","REMAINING_IN_API"
"CA3EA1F81DB01FB1","Backend\PlantProcess.Api\EnterpriseSsoScim\V5IdentityRuntimeCertificationEndpoints.cs","799","SQL_TEXT_INSIDE_API_SURFACE","MEDIUM_RAW_SQL_TOUCHPOINT","CanonicalDataAndIntegrationRuntime","cmd.CommandText = ""SELECT set_config('app.current_tenant', @tenant_id, false)"";","REMAINING_IN_API"
"B80C36DC5D327C6B","Backend\PlantProcess.Api\EnterpriseSsoScim\V5IdentityRuntimeCertificationEndpoints.cs","801","RAW_COMMAND_EXECUTION_IN_API","MEDIUM_RAW_SQL_TOUCHPOINT","CanonicalDataAndIntegrationRuntime","await cmd.ExecuteNonQueryAsync(cancellationToken);","REMAINING_IN_API"
"B94D827EBA6D44F8","Backend\PlantProcess.Api\Hosting\ReadModelRefreshHostedService.cs","93","RAW_COMMAND_EXECUTION_IN_API","MEDIUM_RAW_SQL_TOUCHPOINT","CanonicalDataAndIntegrationRuntime","var runId = await cmd.ExecuteScalarAsync(ct);","REMAINING_IN_API"
"271BB5599F117AA2","Backend\PlantProcess.Api\OutboundLeadSystem\V5OutboundLeadSystemEndpoints.cs","177","RAW_COMMAND_EXECUTION_IN_API","MEDIUM_RAW_SQL_TOUCHPOINT","CanonicalDataAndIntegrationRuntime","await using var reader = await cmd.ExecuteReaderAsync(cancellationToken);","REMAINING_IN_API"
"DC00A94FD38F598A","Backend\PlantProcess.Api\OutboundLeadSystem\V5OutboundLeadSystemEndpoints.cs","246","RAW_COMMAND_EXECUTION_IN_API","MEDIUM_RAW_SQL_TOUCHPOINT","CanonicalDataAndIntegrationRuntime","var id = await cmd.ExecuteScalarAsync(cancellationToken);","REMAINING_IN_API"
"8227F9309BF7F5D8","Backend\PlantProcess.Api\OutboundLeadSystem\V5OutboundLeadSystemEndpoints.cs","310","RAW_COMMAND_EXECUTION_IN_API","MEDIUM_RAW_SQL_TOUCHPOINT","CanonicalDataAndIntegrationRuntime","await using var reader = await cmd.ExecuteReaderAsync(cancellationToken);","REMAINING_IN_API"
"21E67FD3000C4BC1","Backend\PlantProcess.Api\OutboundLeadSystem\V5OutboundLeadSystemEndpoints.cs","399","RAW_COMMAND_EXECUTION_IN_API","MEDIUM_RAW_SQL_TOUCHPOINT","CanonicalDataAndIntegrationRuntime","var id = await cmd.ExecuteScalarAsync(cancellationToken);","REMAINING_IN_API"
"90B6BC288250BB30","Backend\PlantProcess.Api\OutboundLeadSystem\V5OutboundLeadSystemEndpoints.cs","438","RAW_COMMAND_EXECUTION_IN_API","MEDIUM_RAW_SQL_TOUCHPOINT","CanonicalDataAndIntegrationRuntime","await using var reader = await cmd.ExecuteReaderAsync(cancellationToken);","REMAINING_IN_API"
"98A804E67E08E31F","Backend\PlantProcess.Api\OutboundLeadSystem\V5OutboundLeadSystemEndpoints.cs","543","RAW_COMMAND_EXECUTION_IN_API","MEDIUM_RAW_SQL_TOUCHPOINT","CanonicalDataAndIntegrationRuntime","return (Guid)(await cmd.ExecuteScalarAsync(cancellationToken) ?? Guid.Empty);","REMAINING_IN_API"
"16CF2B23EB03F465","Backend\PlantProcess.Api\OutboundLeadSystem\V5OutboundLeadSystemEndpoints.cs","585","SQL_TEXT_INSIDE_API_SURFACE","MEDIUM_RAW_SQL_TOUCHPOINT","CanonicalDataAndIntegrationRuntime","SELECT p.channel_code","REMAINING_IN_API"
"3BE1A0248BFEF535","Backend\PlantProcess.Api\OutboundLeadSystem\V5OutboundLeadSystemEndpoints.cs","603","RAW_COMMAND_EXECUTION_IN_API","MEDIUM_RAW_SQL_TOUCHPOINT","CanonicalDataAndIntegrationRuntime","await using var reader = await cmd.ExecuteReaderAsync(cancellationToken);","REMAINING_IN_API"
"B38E86033104D098","Backend\PlantProcess.Api\OutboundLeadSystem\V5OutboundLeadSystemEndpoints.cs","733","SQL_TEXT_INSIDE_API_SURFACE","MEDIUM_RAW_SQL_TOUCHPOINT","CanonicalDataAndIntegrationRuntime","cmd.CommandText = ""SELECT set_config('app.current_tenant', @tenant_id, false)"";","REMAINING_IN_API"
"AFEF9EB4C53DDAC8","Backend\PlantProcess.Api\OutboundLeadSystem\V5OutboundLeadSystemEndpoints.cs","735","RAW_COMMAND_EXECUTION_IN_API","MEDIUM_RAW_SQL_TOUCHPOINT","CanonicalDataAndIntegrationRuntime","await cmd.ExecuteNonQueryAsync(cancellationToken);","REMAINING_IN_API"
"4D67E348141D6B11","Backend\PlantProcess.Api\PlantConnectors\V5ConnectorRuntimeCertificationEndpoints.cs","152","RAW_COMMAND_EXECUTION_IN_API","MEDIUM_RAW_SQL_TOUCHPOINT","CanonicalDataAndIntegrationRuntime","await using var reader = await cmd.ExecuteReaderAsync(cancellationToken);","REMAINING_IN_API"
"BCC426157EB35CB8","Backend\PlantProcess.Api\PlantConnectors\V5ConnectorRuntimeCertificationEndpoints.cs","402","RAW_COMMAND_EXECUTION_IN_API","MEDIUM_RAW_SQL_TOUCHPOINT","CanonicalDataAndIntegrationRuntime","await cmd.ExecuteNonQueryAsync(cancellationToken);","REMAINING_IN_API"
"8C640AEB2E13AF77","Backend\PlantProcess.Api\PlantConnectors\V5ConnectorRuntimeCertificationEndpoints.cs","492","RAW_COMMAND_EXECUTION_IN_API","MEDIUM_RAW_SQL_TOUCHPOINT","CanonicalDataAndIntegrationRuntime","await using var reader = await cmd.ExecuteReaderAsync(cancellationToken);","REMAINING_IN_API"
"E1E969FCC246CA24","Backend\PlantProcess.Api\PlantConnectors\V5ConnectorRuntimeCertificationEndpoints.cs","582","RAW_COMMAND_EXECUTION_IN_API","MEDIUM_RAW_SQL_TOUCHPOINT","CanonicalDataAndIntegrationRuntime","var result = await cmd.ExecuteScalarAsync(cancellationToken);","REMAINING_IN_API"
"72F8323F3FE4D96D","Backend\PlantProcess.Api\PlantConnectors\V5ConnectorRuntimeCertificationEndpoints.cs","618","SQL_TEXT_INSIDE_API_SURFACE","MEDIUM_RAW_SQL_TOUCHPOINT","CanonicalDataAndIntegrationRuntime","SELECT id, tenant_id, provider_code","REMAINING_IN_API"
"ECD51607F91F8C7F","Backend\PlantProcess.Api\PlantConnectors\V5ConnectorRuntimeCertificationEndpoints.cs","626","SQL_TEXT_INSIDE_API_SURFACE","MEDIUM_RAW_SQL_TOUCHPOINT","CanonicalDataAndIntegrationRuntime","SELECT generate_series(","REMAINING_IN_API"
"A88E20BC26F1AE2A","Backend\PlantProcess.Api\PlantConnectors\V5ConnectorRuntimeCertificationEndpoints.cs","671","SQL_TEXT_INSIDE_API_SURFACE","MEDIUM_RAW_SQL_TOUCHPOINT","CanonicalDataAndIntegrationRuntime","SELECT count(*)::integer FROM inserted","REMAINING_IN_API"
"20C6CE13BDCABC16","Backend\PlantProcess.Api\PlantConnectors\V5ConnectorRuntimeCertificationEndpoints.cs","679","RAW_COMMAND_EXECUTION_IN_API","MEDIUM_RAW_SQL_TOUCHPOINT","CanonicalDataAndIntegrationRuntime","var result = await cmd.ExecuteScalarAsync(cancellationToken);","REMAINING_IN_API"
"A354BE347A88C305","Backend\PlantProcess.Api\PlantConnectors\V5ConnectorRuntimeCertificationEndpoints.cs","743","RAW_COMMAND_EXECUTION_IN_API","MEDIUM_RAW_SQL_TOUCHPOINT","CanonicalDataAndIntegrationRuntime","await cmd.ExecuteNonQueryAsync(cancellationToken);","REMAINING_IN_API"
"FD5F9BABA2135F94","Backend\PlantProcess.Api\PlantConnectors\V5ConnectorRuntimeCertificationEndpoints.cs","770","RAW_COMMAND_EXECUTION_IN_API","MEDIUM_RAW_SQL_TOUCHPOINT","CanonicalDataAndIntegrationRuntime","await using var reader = await cmd.ExecuteReaderAsync(cancellationToken);","REMAINING_IN_API"
"01076E1CD9EC71DF","Backend\PlantProcess.Api\PlantConnectors\V5ConnectorRuntimeCertificationEndpoints.cs","808","RAW_COMMAND_EXECUTION_IN_API","MEDIUM_RAW_SQL_TOUCHPOINT","CanonicalDataAndIntegrationRuntime","await cmd.ExecuteNonQueryAsync(cancellationToken);","REMAINING_IN_API"
"37CB6843A1F0F11B","Backend\PlantProcess.Api\PlantConnectors\V5ConnectorRuntimeCertificationEndpoints.cs","846","RAW_COMMAND_EXECUTION_IN_API","MEDIUM_RAW_SQL_TOUCHPOINT","CanonicalDataAndIntegrationRuntime","await cmd.ExecuteNonQueryAsync(cancellationToken);","REMAINING_IN_API"
"ED326B88F5BC9AF5","Backend\PlantProcess.Api\PlantConnectors\V5ConnectorRuntimeCertificationEndpoints.cs","894","SQL_TEXT_INSIDE_API_SURFACE","MEDIUM_RAW_SQL_TOUCHPOINT","CanonicalDataAndIntegrationRuntime","cmd.CommandText = ""SELECT set_config('app.current_tenant', @tenant_id, false)"";","REMAINING_IN_API"
"9A3D3045823E762E","Backend\PlantProcess.Api\PlantConnectors\V5ConnectorRuntimeCertificationEndpoints.cs","896","RAW_COMMAND_EXECUTION_IN_API","MEDIUM_RAW_SQL_TOUCHPOINT","CanonicalDataAndIntegrationRuntime","await cmd.ExecuteNonQueryAsync(cancellationToken);","REMAINING_IN_API"
"C7D2FCEA8ECC491B","Backend\PlantProcess.Api\PlantConnectors\V5PlantConnectorEndpoints.cs","107","SQL_TEXT_INSIDE_API_SURFACE","MEDIUM_RAW_SQL_TOUCHPOINT","CanonicalDataAndIntegrationRuntime","SELECT DISTINCT ON (c.id)","REMAINING_IN_API"
"63E0963E113E8A56","Backend\PlantProcess.Api\PlantConnectors\V5PlantConnectorEndpoints.cs","126","RAW_COMMAND_EXECUTION_IN_API","MEDIUM_RAW_SQL_TOUCHPOINT","CanonicalDataAndIntegrationRuntime","await using var reader = await cmd.ExecuteReaderAsync(cancellationToken);","REMAINING_IN_API"
"374A6C4AB6DD6A08","Backend\PlantProcess.Api\PlantConnectors\V5PlantConnectorEndpoints.cs","328","RAW_COMMAND_EXECUTION_IN_API","MEDIUM_RAW_SQL_TOUCHPOINT","CanonicalDataAndIntegrationRuntime","return (Guid)(await cmd.ExecuteScalarAsync(cancellationToken) ?? Guid.Empty);","REMAINING_IN_API"
"DE95399AD8506B28","Backend\PlantProcess.Api\PlantConnectors\V5PlantConnectorEndpoints.cs","340","SQL_TEXT_INSIDE_API_SURFACE","MEDIUM_RAW_SQL_TOUCHPOINT","CanonicalDataAndIntegrationRuntime","SELECT id","REMAINING_IN_API"
"862CFD79D17DD8F9","Backend\PlantProcess.Api\PlantConnectors\V5PlantConnectorEndpoints.cs","350","RAW_COMMAND_EXECUTION_IN_API","MEDIUM_RAW_SQL_TOUCHPOINT","CanonicalDataAndIntegrationRuntime","var result = await cmd.ExecuteScalarAsync(cancellationToken);","REMAINING_IN_API"
"FE8A8749FB0B9569","Backend\PlantProcess.Api\PlantConnectors\V5PlantConnectorEndpoints.cs","396","RAW_COMMAND_EXECUTION_IN_API","MEDIUM_RAW_SQL_TOUCHPOINT","CanonicalDataAndIntegrationRuntime","await cmd.ExecuteNonQueryAsync(cancellationToken);","REMAINING_IN_API"
"3EFAA924A5314C42","Backend\PlantProcess.Api\PlantConnectors\V5PlantConnectorEndpoints.cs","448","RAW_COMMAND_EXECUTION_IN_API","MEDIUM_RAW_SQL_TOUCHPOINT","CanonicalDataAndIntegrationRuntime","await cmd.ExecuteNonQueryAsync(cancellationToken);","REMAINING_IN_API"
"B411EB90DF6E4CF5","Backend\PlantProcess.Api\PlantConnectors\V5PlantConnectorEndpoints.cs","492","RAW_COMMAND_EXECUTION_IN_API","MEDIUM_RAW_SQL_TOUCHPOINT","CanonicalDataAndIntegrationRuntime","return (Guid)(await cmd.ExecuteScalarAsync(cancellationToken) ?? Guid.Empty);","REMAINING_IN_API"
"EB5C78A8EF616958","Backend\PlantProcess.Api\PlantConnectors\V5PlantConnectorEndpoints.cs","520","RAW_COMMAND_EXECUTION_IN_API","MEDIUM_RAW_SQL_TOUCHPOINT","CanonicalDataAndIntegrationRuntime","await cmd.ExecuteNonQueryAsync(cancellationToken);","REMAINING_IN_API"
"0F97DB3613E7A40C","Backend\PlantProcess.Api\PlantConnectors\V5PlantConnectorEndpoints.cs","565","RAW_COMMAND_EXECUTION_IN_API","MEDIUM_RAW_SQL_TOUCHPOINT","CanonicalDataAndIntegrationRuntime","await cmd.ExecuteNonQueryAsync(cancellationToken);","REMAINING_IN_API"
"CDF019B47FC965E5","Backend\PlantProcess.Api\PlantConnectors\V5PlantConnectorEndpoints.cs","612","RAW_COMMAND_EXECUTION_IN_API","MEDIUM_RAW_SQL_TOUCHPOINT","CanonicalDataAndIntegrationRuntime","await cmd.ExecuteNonQueryAsync(cancellationToken);","REMAINING_IN_API"
"E309C30A5A2D41C6","Backend\PlantProcess.Api\PlantConnectors\V5PlantConnectorEndpoints.cs","631","SQL_TEXT_INSIDE_API_SURFACE","MEDIUM_RAW_SQL_TOUCHPOINT","CanonicalDataAndIntegrationRuntime","cmd.CommandText = ""SELECT set_config('app.current_tenant', @tenant_id, false)"";","REMAINING_IN_API"
"9E9E78760EBD513B","Backend\PlantProcess.Api\PlantConnectors\V5PlantConnectorEndpoints.cs","633","RAW_COMMAND_EXECUTION_IN_API","MEDIUM_RAW_SQL_TOUCHPOINT","CanonicalDataAndIntegrationRuntime","await cmd.ExecuteNonQueryAsync(cancellationToken);","REMAINING_IN_API"
"A9C22BC4F88950AF","Backend\PlantProcess.Api\Security\AuthStore.cs","41","RAW_COMMAND_EXECUTION_IN_API","MEDIUM_RAW_SQL_TOUCHPOINT","CanonicalDataAndIntegrationRuntime","var result = await cmd.ExecuteScalarAsync(cancellationToken);","REMAINING_IN_API"
"FF69A15AB9191D59","Backend\PlantProcess.Api\Security\AuthStore.cs","93","RAW_COMMAND_EXECUTION_IN_API","MEDIUM_RAW_SQL_TOUCHPOINT","CanonicalDataAndIntegrationRuntime","await using (var reader = await cmd.ExecuteReaderAsync(cancellationToken))","REMAINING_IN_API"
"EAFFF6156982E2AA","Backend\PlantProcess.Api\Security\AuthStore.cs","197","RAW_COMMAND_EXECUTION_IN_API","MEDIUM_RAW_SQL_TOUCHPOINT","CanonicalDataAndIntegrationRuntime","await using var reader = await cmd.ExecuteReaderAsync(cancellationToken);","REMAINING_IN_API"
"BB94623559EB692C","Backend\PlantProcess.Api\Security\AuthStore.cs","235","RAW_COMMAND_EXECUTION_IN_API","MEDIUM_RAW_SQL_TOUCHPOINT","CanonicalDataAndIntegrationRuntime","await cmd.ExecuteNonQueryAsync(cancellationToken);","REMAINING_IN_API"
"AEFEB850C912A7A6","Backend\PlantProcess.Api\Security\AuthStore.cs","268","RAW_COMMAND_EXECUTION_IN_API","MEDIUM_RAW_SQL_TOUCHPOINT","CanonicalDataAndIntegrationRuntime","await using var reader = await cmd.ExecuteReaderAsync(cancellationToken);","REMAINING_IN_API"
"79735393D6264359","Backend\PlantProcess.Api\Security\AuthStore.cs","288","RAW_COMMAND_EXECUTION_IN_API","MEDIUM_RAW_SQL_TOUCHPOINT","CanonicalDataAndIntegrationRuntime","await cmd.ExecuteNonQueryAsync(cancellationToken);","REMAINING_IN_API"
"016197C5B718ADD9","Backend\PlantProcess.Api\Security\AuthStore.cs","318","RAW_COMMAND_EXECUTION_IN_API","MEDIUM_RAW_SQL_TOUCHPOINT","CanonicalDataAndIntegrationRuntime","await cmd.ExecuteNonQueryAsync(cancellationToken);","REMAINING_IN_API"
"4BB7CE0D3282AF16","Backend\PlantProcess.Api\SignedLicensing\V5Ed25519LicenseEndpoints.cs","228","RAW_COMMAND_EXECUTION_IN_API","MEDIUM_RAW_SQL_TOUCHPOINT","CanonicalDataAndIntegrationRuntime","await using var reader = await cmd.ExecuteReaderAsync(cancellationToken);","REMAINING_IN_API"
"427DA7BD3F50AC95","Backend\PlantProcess.Api\SignedLicensing\V5Ed25519LicenseEndpoints.cs","328","RAW_COMMAND_EXECUTION_IN_API","MEDIUM_RAW_SQL_TOUCHPOINT","CanonicalDataAndIntegrationRuntime","await audit.ExecuteNonQueryAsync(cancellationToken);","REMAINING_IN_API"
"3CAD4ADCC092AEB0","Backend\PlantProcess.Api\SignedLicensing\V5Ed25519LicenseEndpoints.cs","362","SQL_TEXT_INSIDE_API_SURFACE","MEDIUM_RAW_SQL_TOUCHPOINT","CanonicalDataAndIntegrationRuntime","SELECT public_key_b64","REMAINING_IN_API"
"671774CC7447224A","Backend\PlantProcess.Api\SignedLicensing\V5Ed25519LicenseEndpoints.cs","374","RAW_COMMAND_EXECUTION_IN_API","MEDIUM_RAW_SQL_TOUCHPOINT","CanonicalDataAndIntegrationRuntime","return (await cmd.ExecuteScalarAsync(cancellationToken))?.ToString();","REMAINING_IN_API"
"882CF4144FBECA58","Backend\PlantProcess.Api\SignedLicensing\V5Ed25519LicenseEndpoints.cs","385","SQL_TEXT_INSIDE_API_SURFACE","MEDIUM_RAW_SQL_TOUCHPOINT","CanonicalDataAndIntegrationRuntime","SELECT license_key, tier","REMAINING_IN_API"
"31C8C8399389DE8F","Backend\PlantProcess.Api\SignedLicensing\V5Ed25519LicenseEndpoints.cs","392","RAW_COMMAND_EXECUTION_IN_API","MEDIUM_RAW_SQL_TOUCHPOINT","CanonicalDataAndIntegrationRuntime","await using var reader = await cmd.ExecuteReaderAsync(cancellationToken);","REMAINING_IN_API"
"5EA090F5B28B4A50","Backend\PlantProcess.Api\SignedLicensing\V5Ed25519LicenseEndpoints.cs","423","RAW_COMMAND_EXECUTION_IN_API","MEDIUM_RAW_SQL_TOUCHPOINT","CanonicalDataAndIntegrationRuntime","await supersede.ExecuteNonQueryAsync(cancellationToken);","REMAINING_IN_API"
"7329E0774769FABC","Backend\PlantProcess.Api\SignedLicensing\V5Ed25519LicenseEndpoints.cs","496","RAW_COMMAND_EXECUTION_IN_API","MEDIUM_RAW_SQL_TOUCHPOINT","CanonicalDataAndIntegrationRuntime","await cmd.ExecuteNonQueryAsync(cancellationToken);","REMAINING_IN_API"
"C52DAE404A479D7D","Backend\PlantProcess.Api\SignedLicensing\V5Ed25519LicenseEndpoints.cs","693","SQL_TEXT_INSIDE_API_SURFACE","MEDIUM_RAW_SQL_TOUCHPOINT","CanonicalDataAndIntegrationRuntime","cmd.CommandText = ""SELECT set_config('app.current_tenant', @tenant_id, false)"";","REMAINING_IN_API"
"0DAA60F498F65ED4","Backend\PlantProcess.Api\SignedLicensing\V5Ed25519LicenseEndpoints.cs","695","RAW_COMMAND_EXECUTION_IN_API","MEDIUM_RAW_SQL_TOUCHPOINT","CanonicalDataAndIntegrationRuntime","await cmd.ExecuteNonQueryAsync(cancellationToken);","REMAINING_IN_API"
"6C81E7F2054D5A53","Backend\PlantProcess.Api\SignedLicensing\V5SignedLicensingEndpoints.cs","213","RAW_COMMAND_EXECUTION_IN_API","MEDIUM_RAW_SQL_TOUCHPOINT","CanonicalDataAndIntegrationRuntime","await using var reader = await cmd.ExecuteReaderAsync(cancellationToken);","REMAINING_IN_API"
"64BF9F9B4B023DAE","Backend\PlantProcess.Api\SignedLicensing\V5SignedLicensingEndpoints.cs","328","RAW_COMMAND_EXECUTION_IN_API","MEDIUM_RAW_SQL_TOUCHPOINT","CanonicalDataAndIntegrationRuntime","await cmd.ExecuteNonQueryAsync(cancellationToken);","REMAINING_IN_API"
"26854B226AC78502","Backend\PlantProcess.Api\SignedLicensing\V5SignedLicensingEndpoints.cs","341","SQL_TEXT_INSIDE_API_SURFACE","MEDIUM_RAW_SQL_TOUCHPOINT","CanonicalDataAndIntegrationRuntime","SELECT key_id, algorithm, public_key_pem, COALESCE(private_key_pem_encrypted, '')","REMAINING_IN_API"
"DE2192DC9EFBA281","Backend\PlantProcess.Api\SignedLicensing\V5SignedLicensingEndpoints.cs","349","RAW_COMMAND_EXECUTION_IN_API","MEDIUM_RAW_SQL_TOUCHPOINT","CanonicalDataAndIntegrationRuntime","await using var reader = await cmd.ExecuteReaderAsync(cancellationToken);","REMAINING_IN_API"
"9DEE4BC8E4001A37","Backend\PlantProcess.Api\SignedLicensing\V5SignedLicensingEndpoints.cs","365","SQL_TEXT_INSIDE_API_SURFACE","MEDIUM_RAW_SQL_TOUCHPOINT","CanonicalDataAndIntegrationRuntime","SELECT key_id, algorithm, public_key_pem","REMAINING_IN_API"
"E5CC3CBE7E656BDE","Backend\PlantProcess.Api\SignedLicensing\V5SignedLicensingEndpoints.cs","373","RAW_COMMAND_EXECUTION_IN_API","MEDIUM_RAW_SQL_TOUCHPOINT","CanonicalDataAndIntegrationRuntime","await using var reader = await cmd.ExecuteReaderAsync(cancellationToken);","REMAINING_IN_API"
"BD3F09FB3DC729D2","Backend\PlantProcess.Api\SignedLicensing\V5SignedLicensingEndpoints.cs","488","RAW_COMMAND_EXECUTION_IN_API","MEDIUM_RAW_SQL_TOUCHPOINT","CanonicalDataAndIntegrationRuntime","return (Guid)(await cmd.ExecuteScalarAsync(cancellationToken) ?? Guid.Empty);","REMAINING_IN_API"
"F8FCA94E55A8B4D3","Backend\PlantProcess.Api\SignedLicensing\V5SignedLicensingEndpoints.cs","570","RAW_COMMAND_EXECUTION_IN_API","MEDIUM_RAW_SQL_TOUCHPOINT","CanonicalDataAndIntegrationRuntime","await cmd.ExecuteNonQueryAsync(cancellationToken);","REMAINING_IN_API"
"A5CF72E7B800EE08","Backend\PlantProcess.Api\SignedLicensing\V5SignedLicensingEndpoints.cs","615","RAW_COMMAND_EXECUTION_IN_API","MEDIUM_RAW_SQL_TOUCHPOINT","CanonicalDataAndIntegrationRuntime","await cmd.ExecuteNonQueryAsync(cancellationToken);","REMAINING_IN_API"
"969B67F37B654464","Backend\PlantProcess.Api\SignedLicensing\V5SignedLicensingEndpoints.cs","690","SQL_TEXT_INSIDE_API_SURFACE","MEDIUM_RAW_SQL_TOUCHPOINT","CanonicalDataAndIntegrationRuntime","cmd.CommandText = ""SELECT set_config('app.current_tenant', @tenant_id, false)"";","REMAINING_IN_API"
"1F4BB00C546CD342","Backend\PlantProcess.Api\SignedLicensing\V5SignedLicensingEndpoints.cs","692","RAW_COMMAND_EXECUTION_IN_API","MEDIUM_RAW_SQL_TOUCHPOINT","CanonicalDataAndIntegrationRuntime","await cmd.ExecuteNonQueryAsync(cancellationToken);","REMAINING_IN_API"
"87C11754E47365E4","Backend\PlantProcess.Api\SignedLicensing\VerifiedEd25519LicenseService.cs","285","RAW_COMMAND_EXECUTION_IN_API","MEDIUM_RAW_SQL_TOUCHPOINT","CanonicalDataAndIntegrationRuntime","tenantCmd.ExecuteNonQuery();","REMAINING_IN_API"
"8DEC7CB80BD9A246","Backend\PlantProcess.Api\SignedLicensing\VerifiedEd25519LicenseService.cs","303","RAW_COMMAND_EXECUTION_IN_API","MEDIUM_RAW_SQL_TOUCHPOINT","CanonicalDataAndIntegrationRuntime","using var reader = cmd.ExecuteReader();","REMAINING_IN_API"
"404450A9D892FCBA","Backend\PlantProcess.Api\VisualMapper\V5VisualMapperEndpoints.cs","79","SQL_TEXT_INSIDE_API_SURFACE","MEDIUM_RAW_SQL_TOUCHPOINT","CanonicalDataAndIntegrationRuntime","SELECT template_code, display_name, source_archetype, template_definition","REMAINING_IN_API"
"EEE7317C39D30055","Backend\PlantProcess.Api\VisualMapper\V5VisualMapperEndpoints.cs","85","RAW_COMMAND_EXECUTION_IN_API","MEDIUM_RAW_SQL_TOUCHPOINT","CanonicalDataAndIntegrationRuntime","await using var reader = await cmd.ExecuteReaderAsync(cancellationToken);","REMAINING_IN_API"
"5BF4FF0F1AC78B91","Backend\PlantProcess.Api\VisualMapper\V5VisualMapperEndpoints.cs","145","RAW_COMMAND_EXECUTION_IN_API","MEDIUM_RAW_SQL_TOUCHPOINT","CanonicalDataAndIntegrationRuntime","var id = (Guid)(await cmd.ExecuteScalarAsync(cancellationToken) ?? Guid.Empty);","REMAINING_IN_API"
"781975D2BDEB2D8D","Backend\PlantProcess.Api\VisualMapper\V5VisualMapperEndpoints.cs","263","RAW_COMMAND_EXECUTION_IN_API","MEDIUM_RAW_SQL_TOUCHPOINT","CanonicalDataAndIntegrationRuntime","var id = await cmd.ExecuteScalarAsync(cancellationToken);","REMAINING_IN_API"
"AA37E3026C6D47D9","Backend\PlantProcess.Api\VisualMapper\V5VisualMapperEndpoints.cs","326","RAW_COMMAND_EXECUTION_IN_API","MEDIUM_RAW_SQL_TOUCHPOINT","CanonicalDataAndIntegrationRuntime","var id = await cmd.ExecuteScalarAsync(cancellationToken);","REMAINING_IN_API"
"ED0D60ED8B74C236","Backend\PlantProcess.Api\VisualMapper\V5VisualMapperEndpoints.cs","386","RAW_COMMAND_EXECUTION_IN_API","MEDIUM_RAW_SQL_TOUCHPOINT","CanonicalDataAndIntegrationRuntime","var id = await cmd.ExecuteScalarAsync(cancellationToken);","REMAINING_IN_API"
"899E2643D5797038","Backend\PlantProcess.Api\VisualMapper\V5VisualMapperEndpoints.cs","406","SQL_TEXT_INSIDE_API_SURFACE","MEDIUM_RAW_SQL_TOUCHPOINT","CanonicalDataAndIntegrationRuntime","? ""SELECT * FROM staging_records LIMIT 200""","REMAINING_IN_API"
"DC20EE93F5030547","Backend\PlantProcess.Api\VisualMapper\V5VisualMapperEndpoints.cs","471","RAW_COMMAND_EXECUTION_IN_API","MEDIUM_RAW_SQL_TOUCHPOINT","CanonicalDataAndIntegrationRuntime","var id = await cmd.ExecuteScalarAsync(cancellationToken);","REMAINING_IN_API"
"44849B0B9E4DF9A6","Backend\PlantProcess.Api\VisualMapper\V5VisualMapperEndpoints.cs","530","RAW_COMMAND_EXECUTION_IN_API","MEDIUM_RAW_SQL_TOUCHPOINT","CanonicalDataAndIntegrationRuntime","var versionId = (Guid)(await cmd.ExecuteScalarAsync(cancellationToken) ?? Guid.Empty);","REMAINING_IN_API"
"01056EB8366F63FC","Backend\PlantProcess.Api\VisualMapper\V5VisualMapperEndpoints.cs","546","RAW_COMMAND_EXECUTION_IN_API","MEDIUM_RAW_SQL_TOUCHPOINT","CanonicalDataAndIntegrationRuntime","await update.ExecuteNonQueryAsync(cancellationToken);","REMAINING_IN_API"
"E94F13558F3B1D0E","Backend\PlantProcess.Api\VisualMapper\V5VisualMapperEndpoints.cs","599","RAW_COMMAND_EXECUTION_IN_API","MEDIUM_RAW_SQL_TOUCHPOINT","CanonicalDataAndIntegrationRuntime","return (Guid)(await cmd.ExecuteScalarAsync(cancellationToken) ?? Guid.Empty);","REMAINING_IN_API"
"57C9B0BF61050687","Backend\PlantProcess.Api\VisualMapper\V5VisualMapperEndpoints.cs","652","RAW_COMMAND_EXECUTION_IN_API","MEDIUM_RAW_SQL_TOUCHPOINT","CanonicalDataAndIntegrationRuntime","await cmd.ExecuteNonQueryAsync(cancellationToken);","REMAINING_IN_API"
"E29CC18B8443B6CF","Backend\PlantProcess.Api\VisualMapper\V5VisualMapperEndpoints.cs","663","SQL_TEXT_INSIDE_API_SURFACE","MEDIUM_RAW_SQL_TOUCHPOINT","CanonicalDataAndIntegrationRuntime","SELECT COALESCE(MAX(version_number), 0) + 1","REMAINING_IN_API"
"A15DB1C93159D75C","Backend\PlantProcess.Api\VisualMapper\V5VisualMapperEndpoints.cs","668","RAW_COMMAND_EXECUTION_IN_API","MEDIUM_RAW_SQL_TOUCHPOINT","CanonicalDataAndIntegrationRuntime","return Convert.ToInt32(await cmd.ExecuteScalarAsync(cancellationToken));","REMAINING_IN_API"
"22BFD6B50B0CBC6C","Backend\PlantProcess.Api\VisualMapper\V5VisualMapperEndpoints.cs","713","SQL_TEXT_INSIDE_API_SURFACE","MEDIUM_RAW_SQL_TOUCHPOINT","CanonicalDataAndIntegrationRuntime","cmd.CommandText = ""SELECT set_config('app.current_tenant', @tenant_id, false)"";","REMAINING_IN_API"
"6ADAD7B45A9B8B74","Backend\PlantProcess.Api\VisualMapper\V5VisualMapperEndpoints.cs","715","RAW_COMMAND_EXECUTION_IN_API","MEDIUM_RAW_SQL_TOUCHPOINT","CanonicalDataAndIntegrationRuntime","await cmd.ExecuteNonQueryAsync(cancellationToken);","REMAINING_IN_API"
