"Category","Severity","RelativePath","LineNumber","Evidence","Recommendation"
"Hardcoded demo tenant","HIGH","Backend\database\scripts\301_p01_p02_authstore_compatibility_bridge.sql","37","VALUES ('00000000-0000-0000-0000-000000000001', 'default-demo', 'Default Demo Tenant', 'Demo', true)","Replace hardcoded tenant GUID with claim/config/request tenant resolution."
"Hardcoded demo tenant","HIGH","Backend\database\scripts\301_p01_p02_authstore_compatibility_bridge.sql","103","'00000000-0000-0000-0000-000000000001',","Replace hardcoded tenant GUID with claim/config/request tenant resolution."
"Hardcoded demo tenant","HIGH","Backend\database\scripts\301_p01_p02_authstore_compatibility_bridge.sql","118","'00000000-0000-0000-0000-000000000001',","Replace hardcoded tenant GUID with claim/config/request tenant resolution."
"Hardcoded demo tenant","HIGH","Backend\database\scripts\511_v5_p02_hotpath_explain_review.sql","10","SELECT set_config('app.current_tenant', '00000000-0000-0000-0000-000000000001', false);","Replace hardcoded tenant GUID with claim/config/request tenant resolution."
"Hardcoded demo tenant","HIGH","Backend\database\scripts\530_v5_p04_assistant_model_gateway_boundary.sql","179","SELECT set_config('app.current_tenant', '00000000-0000-0000-0000-000000000001', false);","Replace hardcoded tenant GUID with claim/config/request tenant resolution."
"Hardcoded demo tenant","HIGH","Backend\database\scripts\530_v5_p04_assistant_model_gateway_boundary.sql","196","'00000000-0000-0000-0000-000000000001',","Replace hardcoded tenant GUID with claim/config/request tenant resolution."
"Hardcoded demo tenant","HIGH","Backend\database\scripts\530_v5_p04_assistant_model_gateway_boundary.sql","217","'00000000-0000-0000-0000-000000000001',","Replace hardcoded tenant GUID with claim/config/request tenant resolution."
"Hardcoded demo tenant","HIGH","Backend\database\scripts\530_v5_p04_assistant_model_gateway_boundary.sql","234","'00000000-0000-0000-0000-000000000001',","Replace hardcoded tenant GUID with claim/config/request tenant resolution."
"Hardcoded demo tenant","HIGH","Backend\database\scripts\530_v5_p04_assistant_model_gateway_boundary.sql","283","WHERE tenant_id = '00000000-0000-0000-0000-000000000001'","Replace hardcoded tenant GUID with claim/config/request tenant resolution."
"Hardcoded demo tenant","HIGH","Backend\database\scripts\570_v5_p08_enterprise_identity_mfa_sessions.sql","182","SELECT set_config('app.current_tenant', '00000000-0000-0000-0000-000000000001', false);","Replace hardcoded tenant GUID with claim/config/request tenant resolution."
"Hardcoded demo tenant","HIGH","Backend\database\scripts\570_v5_p08_enterprise_identity_mfa_sessions.sql","185","VALUES ('00000000-0000-0000-0000-000000000001')","Replace hardcoded tenant GUID with claim/config/request tenant resolution."
"Hardcoded demo tenant","HIGH","Backend\database\scripts\580_v5_p09_enterprise_identity_sso_scim.sql","192","SELECT set_config('app.current_tenant', '00000000-0000-0000-0000-000000000001', false);","Replace hardcoded tenant GUID with claim/config/request tenant resolution."
"Hardcoded demo tenant","HIGH","Backend\database\scripts\580_v5_p09_enterprise_identity_sso_scim.sql","208","'00000000-0000-0000-0000-000000000001',","Replace hardcoded tenant GUID with claim/config/request tenant resolution."
"Hardcoded demo tenant","HIGH","Backend\database\scripts\580_v5_p09_enterprise_identity_sso_scim.sql","239","WHERE p.tenant_id = '00000000-0000-0000-0000-000000000001'","Replace hardcoded tenant GUID with claim/config/request tenant resolution."
"Hardcoded demo tenant","HIGH","Backend\database\scripts\580_v5_p09_enterprise_identity_sso_scim.sql","262","WHERE p.tenant_id = '00000000-0000-0000-0000-000000000001'","Replace hardcoded tenant GUID with claim/config/request tenant resolution."
"Hardcoded demo tenant","HIGH","Backend\database\scripts\580_v5_p09_enterprise_identity_sso_scim.sql","275","'00000000-0000-0000-0000-000000000001',","Replace hardcoded tenant GUID with claim/config/request tenant resolution."
"Hardcoded demo tenant","HIGH","Backend\database\scripts\600_v5_p11_outbound_notifications_leads.sql","181","SELECT set_config('app.current_tenant', '00000000-0000-0000-0000-000000000001', false);","Replace hardcoded tenant GUID with claim/config/request tenant resolution."
"Hardcoded demo tenant","HIGH","Backend\database\scripts\600_v5_p11_outbound_notifications_leads.sql","193","'00000000-0000-0000-0000-000000000001',","Replace hardcoded tenant GUID with claim/config/request tenant resolution."
"Hardcoded demo tenant","HIGH","Backend\database\scripts\600_v5_p11_outbound_notifications_leads.sql","200","'00000000-0000-0000-0000-000000000001',","Replace hardcoded tenant GUID with claim/config/request tenant resolution."
"Hardcoded demo tenant","HIGH","Backend\database\scripts\600_v5_p11_outbound_notifications_leads.sql","218","'00000000-0000-0000-0000-000000000001',","Replace hardcoded tenant GUID with claim/config/request tenant resolution."
"Hardcoded demo tenant","HIGH","Backend\database\scripts\600_v5_p11_outbound_notifications_leads.sql","225","'00000000-0000-0000-0000-000000000001',","Replace hardcoded tenant GUID with claim/config/request tenant resolution."
"Hardcoded demo tenant","HIGH","Backend\database\scripts\620_v5_p13_deployment_dr_portability.sql","120","SELECT set_config('app.current_tenant', '00000000-0000-0000-0000-000000000001', false);","Replace hardcoded tenant GUID with claim/config/request tenant resolution."
"Hardcoded demo tenant","HIGH","Backend\database\scripts\620_v5_p13_deployment_dr_portability.sql","136","'00000000-0000-0000-0000-000000000001',","Replace hardcoded tenant GUID with claim/config/request tenant resolution."
"Hardcoded demo tenant","HIGH","Backend\database\scripts\620_v5_p13_deployment_dr_portability.sql","169","'00000000-0000-0000-0000-000000000001',","Replace hardcoded tenant GUID with claim/config/request tenant resolution."
"Hardcoded demo tenant","HIGH","Backend\database\scripts\620_v5_p13_deployment_dr_portability.sql","196","'00000000-0000-0000-0000-000000000001',","Replace hardcoded tenant GUID with claim/config/request tenant resolution."
"Hardcoded demo tenant","HIGH","Backend\database\scripts\620_v5_p13_deployment_dr_portability.sql","219","'00000000-0000-0000-0000-000000000001',","Replace hardcoded tenant GUID with claim/config/request tenant resolution."
"Hardcoded demo tenant","HIGH","Backend\database\scripts\630_v5_p14_compliance_refactor_controls.sql","136","SELECT set_config('app.current_tenant', '00000000-0000-0000-0000-000000000001', false);","Replace hardcoded tenant GUID with claim/config/request tenant resolution."
"Hardcoded demo tenant","HIGH","Backend\database\scripts\630_v5_p14_compliance_refactor_controls.sql","148","('00000000-0000-0000-0000-000000000001', 'lead_captures', 1095, 'anonymize', true, false),","Replace hardcoded tenant GUID with claim/config/request tenant resolution."
"Hardcoded demo tenant","HIGH","Backend\database\scripts\630_v5_p14_compliance_refactor_controls.sql","149","('00000000-0000-0000-0000-000000000001', 'notification_deliveries', 365, 'archive', true, false),","Replace hardcoded tenant GUID with claim/config/request tenant resolution."
"Hardcoded demo tenant","HIGH","Backend\database\scripts\630_v5_p14_compliance_refactor_controls.sql","150","('00000000-0000-0000-0000-000000000001', 'audit_events', 2555, 'archive', true, true)","Replace hardcoded tenant GUID with claim/config/request tenant resolution."
"Hardcoded demo tenant","HIGH","Backend\database\scripts\660_remaining_p09_sso_scim_runtime_certification.sql","98","SELECT set_config('app.current_tenant', '00000000-0000-0000-0000-000000000001', false);","Replace hardcoded tenant GUID with claim/config/request tenant resolution."
"Hardcoded demo tenant","HIGH","Backend\database\scripts\660_remaining_p09_sso_scim_runtime_certification.sql","116","'00000000-0000-0000-0000-000000000001',","Replace hardcoded tenant GUID with claim/config/request tenant resolution."
"Hardcoded demo tenant","HIGH","Backend\database\scripts\660_remaining_p09_sso_scim_runtime_certification.sql","162","WHERE p.tenant_id = '00000000-0000-0000-0000-000000000001'","Replace hardcoded tenant GUID with claim/config/request tenant resolution."
"Hardcoded demo tenant","HIGH","Backend\database\scripts\660_remaining_p09_sso_scim_runtime_certification.sql","192","WHERE p.tenant_id = '00000000-0000-0000-0000-000000000001'","Replace hardcoded tenant GUID with claim/config/request tenant resolution."
"Hardcoded demo tenant","HIGH","Backend\database\scripts\670_pack_b4_connector_runtime_certification.sql","123","SELECT set_config('app.current_tenant', '00000000-0000-0000-0000-000000000001', false);","Replace hardcoded tenant GUID with claim/config/request tenant resolution."
"Hardcoded demo tenant","HIGH","Backend\database\scripts\670_pack_b4_connector_runtime_certification.sql","142","'00000000-0000-0000-0000-000000000001',","Replace hardcoded tenant GUID with claim/config/request tenant resolution."
"Hardcoded demo tenant","HIGH","Backend\database\scripts\670_pack_b4_connector_runtime_certification.sql","172","WHERE tenant_id = '00000000-0000-0000-0000-000000000001'","Replace hardcoded tenant GUID with claim/config/request tenant resolution."
"Hardcoded demo tenant","HIGH","Backend\database\scripts\670_pack_b4_connector_runtime_certification.sql","228","'00000000-0000-0000-0000-000000000001',","Replace hardcoded tenant GUID with claim/config/request tenant resolution."
"Hardcoded demo tenant","HIGH","Backend\database\scripts\680_pack_b5_private_model_gateway_ciso_controls.sql","144","SELECT set_config('app.current_tenant', '00000000-0000-0000-0000-000000000001', false);","Replace hardcoded tenant GUID with claim/config/request tenant resolution."
"Hardcoded demo tenant","HIGH","Backend\database\scripts\680_pack_b5_private_model_gateway_ciso_controls.sql","167","'00000000-0000-0000-0000-000000000001',","Replace hardcoded tenant GUID with claim/config/request tenant resolution."
"Hardcoded demo tenant","HIGH","Backend\database\scripts\680_pack_b5_private_model_gateway_ciso_controls.sql","214","'00000000-0000-0000-0000-000000000001',","Replace hardcoded tenant GUID with claim/config/request tenant resolution."
"Hardcoded demo tenant","HIGH","Backend\database\scripts\680_pack_b5_private_model_gateway_ciso_controls.sql","224","'00000000-0000-0000-0000-000000000001',","Replace hardcoded tenant GUID with claim/config/request tenant resolution."
"Hardcoded demo tenant","HIGH","Backend\database\scripts\680_pack_b5_private_model_gateway_ciso_controls.sql","234","'00000000-0000-0000-0000-000000000001',","Replace hardcoded tenant GUID with claim/config/request tenant resolution."
"Hardcoded demo tenant","HIGH","Backend\PlantProcess.Api\AssistantGateway\V5AssistantGateway.cs","479","""00000000-0000-0000-0000-000000000001"";","Replace hardcoded tenant GUID with claim/config/request tenant resolution."
"Hardcoded demo tenant","HIGH","Backend\PlantProcess.Api\AssistantGateway\V5AssistantGateway.cs","483",": Guid.Parse(""00000000-0000-0000-0000-000000000001"");","Replace hardcoded tenant GUID with claim/config/request tenant resolution."
"Hardcoded demo tenant","HIGH","Backend\PlantProcess.Api\AssistantGateway\V5AssistantGateway.cs","542",": Guid.Parse(""00000000-0000-0000-0000-000000000001"");","Replace hardcoded tenant GUID with claim/config/request tenant resolution."
"Hardcoded demo tenant","HIGH","Backend\PlantProcess.Api\AssistantGateway\V5AssistantGateway.cs","603",": Guid.Parse(""00000000-0000-0000-0000-000000000001"");","Replace hardcoded tenant GUID with claim/config/request tenant resolution."
"Hardcoded demo tenant","HIGH","Backend\PlantProcess.Api\AssistantGateway\V5PrivateModelGatewayCertificationEndpoints.cs","38","private static readonly Guid DefaultTenantId = Guid.Parse(""00000000-0000-0000-0000-000000000001"");","Replace hardcoded tenant GUID with claim/config/request tenant resolution."
"Hardcoded demo tenant","HIGH","Backend\PlantProcess.Api\BlendedProvenance\V5BlendedProvenanceEndpoints.cs","125","""00000000-0000-0000-0000-000000000001"";","Replace hardcoded tenant GUID with claim/config/request tenant resolution."
"Hardcoded demo tenant","HIGH","Backend\PlantProcess.Api\BlendedProvenance\V5BlendedProvenanceEndpoints.cs","129",": Guid.Parse(""00000000-0000-0000-0000-000000000001"");","Replace hardcoded tenant GUID with claim/config/request tenant resolution."
"Hardcoded demo tenant","HIGH","Backend\PlantProcess.Api\ComplianceControls\V5ComplianceControlsEndpoints.cs","33","private static readonly Guid DefaultTenantId = Guid.Parse(""00000000-0000-0000-0000-000000000001"");","Replace hardcoded tenant GUID with claim/config/request tenant resolution."
"Hardcoded demo tenant","HIGH","Backend\PlantProcess.Api\DeploymentPortability\V5DeploymentPortabilityEndpoints.cs","27","private static readonly Guid DefaultTenantId = Guid.Parse(""00000000-0000-0000-0000-000000000001"");","Replace hardcoded tenant GUID with claim/config/request tenant resolution."
"Hardcoded demo tenant","HIGH","Backend\PlantProcess.Api\EnterpriseIdentity\V5EnterpriseIdentityEndpoints.cs","16","private static readonly Guid DefaultTenantId = Guid.Parse(""00000000-0000-0000-0000-000000000001"");","Replace hardcoded tenant GUID with claim/config/request tenant resolution."
"Hardcoded demo tenant","HIGH","Backend\PlantProcess.Api\EnterpriseSsoScim\V5EnterpriseSsoScimEndpoints.cs","45","private static readonly Guid DefaultTenantId = Guid.Parse(""00000000-0000-0000-0000-000000000001"");","Replace hardcoded tenant GUID with claim/config/request tenant resolution."
"Hardcoded demo tenant","HIGH","Backend\PlantProcess.Api\EnterpriseSsoScim\V5IdentityRuntimeCertificationEndpoints.cs","27","private static readonly Guid DefaultTenantId = Guid.Parse(""00000000-0000-0000-0000-000000000001"");","Replace hardcoded tenant GUID with claim/config/request tenant resolution."
"Hardcoded demo tenant","HIGH","Backend\PlantProcess.Api\OutboundLeadSystem\V5OutboundLeadSystemEndpoints.cs","53","private static readonly Guid DefaultTenantId = Guid.Parse(""00000000-0000-0000-0000-000000000001"");","Replace hardcoded tenant GUID with claim/config/request tenant resolution."
"Hardcoded demo tenant","HIGH","Backend\PlantProcess.Api\PlantConnectors\V5ConnectorRuntimeCertificationEndpoints.cs","35","private static readonly Guid DefaultTenantId = Guid.Parse(""00000000-0000-0000-0000-000000000001"");","Replace hardcoded tenant GUID with claim/config/request tenant resolution."
"Hardcoded demo tenant","HIGH","Backend\PlantProcess.Api\PlantConnectors\V5PlantConnectorEndpoints.cs","30","private static readonly Guid DefaultTenantId = Guid.Parse(""00000000-0000-0000-0000-000000000001"");","Replace hardcoded tenant GUID with claim/config/request tenant resolution."
"Hardcoded demo tenant","HIGH","Backend\PlantProcess.Api\Security\AuthEndpoints.cs","239","TenantId: Guid.Parse(""00000000-0000-0000-0000-000000000001""),","Replace hardcoded tenant GUID with claim/config/request tenant resolution."
"Hardcoded demo tenant","HIGH","Backend\PlantProcess.Api\Security\AuthStore.cs","173","'00000000-0000-0000-0000-000000000001',","Replace hardcoded tenant GUID with claim/config/request tenant resolution."
"Hardcoded demo tenant","HIGH","Backend\PlantProcess.Api\Security\P01P02SecuritySchema.cs","26","VALUES ('00000000-0000-0000-0000-000000000001', 'default-demo', 'Default Demo Tenant', 'Demo', true)","Replace hardcoded tenant GUID with claim/config/request tenant resolution."
"Hardcoded demo tenant","HIGH","Backend\PlantProcess.Api\Security\P01P02SecuritySchema.cs","169","SET tenant_id = '00000000-0000-0000-0000-000000000001'","Replace hardcoded tenant GUID with claim/config/request tenant resolution."
"Hardcoded demo tenant","HIGH","Backend\PlantProcess.Api\SignedLicensing\V5Ed25519LicenseEndpoints.cs","27","private static readonly Guid DefaultTenantId = Guid.Parse(""00000000-0000-0000-0000-000000000001"");","Replace hardcoded tenant GUID with claim/config/request tenant resolution."
"Hardcoded demo tenant","HIGH","Backend\PlantProcess.Api\SignedLicensing\V5SignedLicensingEndpoints.cs","33","private static readonly Guid DefaultTenantId = Guid.Parse(""00000000-0000-0000-0000-000000000001"");","Replace hardcoded tenant GUID with claim/config/request tenant resolution."
"Hardcoded demo tenant","HIGH","Backend\PlantProcess.Api\SignedLicensing\VerifiedEd25519LicenseService.cs","12","private static readonly Guid DefaultTenantId = Guid.Parse(""00000000-0000-0000-0000-000000000001"");","Replace hardcoded tenant GUID with claim/config/request tenant resolution."
"Hardcoded demo tenant","HIGH","Backend\PlantProcess.Api\Swagger\SwaggerExamplesOperationFilter.cs","135","""sourceSystemDefinitionId"": ""00000000-0000-0000-0000-000000000001"",","Replace hardcoded tenant GUID with claim/config/request tenant resolution."
"Hardcoded demo tenant","HIGH","Backend\PlantProcess.Api\Swagger\SwaggerExamplesOperationFilter.cs","147","""sourceSystemDefinitionId"": ""00000000-0000-0000-0000-000000000001"",","Replace hardcoded tenant GUID with claim/config/request tenant resolution."
"Hardcoded demo tenant","HIGH","Backend\PlantProcess.Api\VisualMapper\V5VisualMapperEndpoints.cs","51","private static readonly Guid DefaultTenantId = Guid.Parse(""00000000-0000-0000-0000-000000000001"");","Replace hardcoded tenant GUID with claim/config/request tenant resolution."
"Hardcoded demo tenant","HIGH","Backend\PlantProcess.Application\Analytics\Advanced\AdvancedReadiness.cs","12","public static readonly Guid DemoTenant = Guid.Parse(""00000000-0000-0000-0000-000000000001"");","Replace hardcoded tenant GUID with claim/config/request tenant resolution."
"Hardcoded demo tenant","HIGH","Backend\tests\PlantProcess.Application.UnitTests\Security\SafeSqlPolicyTests.cs","157","[InlineData(""SELECT * FROM material_units WHERE site_id = '00000000-0000-0000-0000-000000000001'"")]","Replace hardcoded tenant GUID with claim/config/request tenant resolution."
"Hardcoded demo tenant","HIGH","Frontend\PlantProcess.Web\src\pages\Admin\AdminDbConfigurationTab.implementation.tsx","510","sourceSystemDefinitionId: ""00000000-0000-0000-0000-000000000001"", // placeholder","Replace hardcoded tenant GUID with claim/config/request tenant resolution."
"Raw SQL access inside API","HIGH","Backend\PlantProcess.Api\Analytics\KpiEvaluationService.cs","27","await using (var cmd = _ds.CreateCommand(","Move direct DB access behind Infrastructure/Application services or explicitly quarantine with validation."
"Raw SQL access inside API","HIGH","Backend\PlantProcess.Api\Analytics\KpiEvaluationService.cs","45","await using (var cmd = _ds.CreateCommand(","Move direct DB access behind Infrastructure/Application services or explicitly quarantine with validation."
"Raw SQL access inside API","HIGH","Backend\PlantProcess.Api\Analytics\KpiEvaluationService.cs","67","await using var cmd = _ds.CreateCommand(sql);","Move direct DB access behind Infrastructure/Application services or explicitly quarantine with validation."
"Raw SQL access inside API","HIGH","Backend\PlantProcess.Api\Analytics\KpiEvaluationService.cs","79","await using (var cmd = _ds.CreateCommand(","Move direct DB access behind Infrastructure/Application services or explicitly quarantine with validation."
"Raw SQL access inside API","HIGH","Backend\PlantProcess.Api\Analytics\KpiEvaluationService.cs","103","await using var cmd = _ds.CreateCommand(","Move direct DB access behind Infrastructure/Application services or explicitly quarantine with validation."
"Raw SQL access inside API","HIGH","Backend\PlantProcess.Api\AssistantGateway\V5AssistantGateway.cs","326","await using var tenantCmd = connection.CreateCommand();","Move direct DB access behind Infrastructure/Application services or explicitly quarantine with validation."
"Raw SQL access inside API","HIGH","Backend\PlantProcess.Api\AssistantGateway\V5AssistantGateway.cs","331","await using var cmd = connection.CreateCommand();","Move direct DB access behind Infrastructure/Application services or explicitly quarantine with validation."
"Raw SQL access inside API","HIGH","Backend\PlantProcess.Api\AssistantGateway\V5AssistantGateway.cs","406","await using var tenantCmd = connection.CreateCommand();","Move direct DB access behind Infrastructure/Application services or explicitly quarantine with validation."
"Raw SQL access inside API","HIGH","Backend\PlantProcess.Api\AssistantGateway\V5AssistantGateway.cs","411","await using var cmd = connection.CreateCommand();","Move direct DB access behind Infrastructure/Application services or explicitly quarantine with validation."
"Raw SQL access inside API","HIGH","Backend\PlantProcess.Api\AssistantGateway\V5AssistantGateway.cs","545","await using var tenantCmd = connection.CreateCommand();","Move direct DB access behind Infrastructure/Application services or explicitly quarantine with validation."
"Raw SQL access inside API","HIGH","Backend\PlantProcess.Api\AssistantGateway\V5AssistantGateway.cs","550","await using var cmd = connection.CreateCommand();","Move direct DB access behind Infrastructure/Application services or explicitly quarantine with validation."
"Raw SQL access inside API","HIGH","Backend\PlantProcess.Api\AssistantGateway\V5AssistantGateway.cs","606","await using var tenantCmd = connection.CreateCommand();","Move direct DB access behind Infrastructure/Application services or explicitly quarantine with validation."
"Raw SQL access inside API","HIGH","Backend\PlantProcess.Api\AssistantGateway\V5AssistantGateway.cs","611","await using var cmd = connection.CreateCommand();","Move direct DB access behind Infrastructure/Application services or explicitly quarantine with validation."
"Raw SQL access inside API","HIGH","Backend\PlantProcess.Api\AssistantGateway\V5PrivateModelGatewayCertificationEndpoints.cs","132","await using var cmd = connection.CreateCommand();","Move direct DB access behind Infrastructure/Application services or explicitly quarantine with validation."
"Raw SQL access inside API","HIGH","Backend\PlantProcess.Api\AssistantGateway\V5PrivateModelGatewayCertificationEndpoints.cs","194","await using var cmd = connection.CreateCommand();","Move direct DB access behind Infrastructure/Application services or explicitly quarantine with validation."
"Raw SQL access inside API","HIGH","Backend\PlantProcess.Api\AssistantGateway\V5PrivateModelGatewayCertificationEndpoints.cs","297","await using var cmd = connection.CreateCommand();","Move direct DB access behind Infrastructure/Application services or explicitly quarantine with validation."
"Raw SQL access inside API","HIGH","Backend\PlantProcess.Api\AssistantGateway\V5PrivateModelGatewayCertificationEndpoints.cs","377","await using var cmd = connection.CreateCommand();","Move direct DB access behind Infrastructure/Application services or explicitly quarantine with validation."
"Raw SQL access inside API","HIGH","Backend\PlantProcess.Api\AssistantGateway\V5PrivateModelGatewayCertificationEndpoints.cs","544","await using var cmd = connection.CreateCommand();","Move direct DB access behind Infrastructure/Application services or explicitly quarantine with validation."
"Raw SQL access inside API","HIGH","Backend\PlantProcess.Api\AssistantGateway\V5PrivateModelGatewayCertificationEndpoints.cs","628","await using var cmd = connection.CreateCommand();","Move direct DB access behind Infrastructure/Application services or explicitly quarantine with validation."
"Raw SQL access inside API","HIGH","Backend\PlantProcess.Api\AssistantGateway\V5PrivateModelGatewayCertificationEndpoints.cs","662","await using var cmd = connection.CreateCommand();","Move direct DB access behind Infrastructure/Application services or explicitly quarantine with validation."
"Raw SQL access inside API","HIGH","Backend\PlantProcess.Api\AssistantGateway\V5PrivateModelGatewayCertificationEndpoints.cs","755","await using var cmd = connection.CreateCommand();","Move direct DB access behind Infrastructure/Application services or explicitly quarantine with validation."
"Raw SQL access inside API","HIGH","Backend\PlantProcess.Api\BlendedProvenance\V5BlendedProvenanceEndpoints.cs","34","await using var cmd = connection.CreateCommand();","Move direct DB access behind Infrastructure/Application services or explicitly quarantine with validation."
"Raw SQL access inside API","HIGH","Backend\PlantProcess.Api\BlendedProvenance\V5BlendedProvenanceEndpoints.cs","83","await using var cmd = connection.CreateCommand();","Move direct DB access behind Infrastructure/Application services or explicitly quarantine with validation."
"Raw SQL access inside API","HIGH","Backend\PlantProcess.Api\BlendedProvenance\V5BlendedProvenanceEndpoints.cs","137","await using var cmd = connection.CreateCommand();","Move direct DB access behind Infrastructure/Application services or explicitly quarantine with validation."
"Raw SQL access inside API","HIGH","Backend\PlantProcess.Api\ComplianceControls\V5ComplianceControlsEndpoints.cs","96","await using var cmd = connection.CreateCommand();","Move direct DB access behind Infrastructure/Application services or explicitly quarantine with validation."
"Raw SQL access inside API","HIGH","Backend\PlantProcess.Api\ComplianceControls\V5ComplianceControlsEndpoints.cs","162","await using var cmd = connection.CreateCommand();","Move direct DB access behind Infrastructure/Application services or explicitly quarantine with validation."
"Raw SQL access inside API","HIGH","Backend\PlantProcess.Api\ComplianceControls\V5ComplianceControlsEndpoints.cs","243","await using var cmd = connection.CreateCommand();","Move direct DB access behind Infrastructure/Application services or explicitly quarantine with validation."
"Raw SQL access inside API","HIGH","Backend\PlantProcess.Api\ComplianceControls\V5ComplianceControlsEndpoints.cs","305","await using var cmd = connection.CreateCommand();","Move direct DB access behind Infrastructure/Application services or explicitly quarantine with validation."
"Raw SQL access inside API","HIGH","Backend\PlantProcess.Api\ComplianceControls\V5ComplianceControlsEndpoints.cs","377","await using var cmd = connection.CreateCommand();","Move direct DB access behind Infrastructure/Application services or explicitly quarantine with validation."
"Raw SQL access inside API","HIGH","Backend\PlantProcess.Api\ComplianceControls\V5ComplianceControlsEndpoints.cs","437","await using var cmd = connection.CreateCommand();","Move direct DB access behind Infrastructure/Application services or explicitly quarantine with validation."
"Raw SQL access inside API","HIGH","Backend\PlantProcess.Api\ComplianceControls\V5ComplianceControlsEndpoints.cs","482","await using var cmd = connection.CreateCommand();","Move direct DB access behind Infrastructure/Application services or explicitly quarantine with validation."
"Raw SQL access inside API","HIGH","Backend\PlantProcess.Api\DeploymentPortability\V5DeploymentPortabilityEndpoints.cs","56","await using var cmd = connection.CreateCommand();","Move direct DB access behind Infrastructure/Application services or explicitly quarantine with validation."
"Raw SQL access inside API","HIGH","Backend\PlantProcess.Api\DeploymentPortability\V5DeploymentPortabilityEndpoints.cs","112","await using var cmd = connection.CreateCommand();","Move direct DB access behind Infrastructure/Application services or explicitly quarantine with validation."
"Raw SQL access inside API","HIGH","Backend\PlantProcess.Api\DeploymentPortability\V5DeploymentPortabilityEndpoints.cs","184","await using var cmd = connection.CreateCommand();","Move direct DB access behind Infrastructure/Application services or explicitly quarantine with validation."
"Raw SQL access inside API","HIGH","Backend\PlantProcess.Api\DeploymentPortability\V5DeploymentPortabilityEndpoints.cs","267","await using var cmd = connection.CreateCommand();","Move direct DB access behind Infrastructure/Application services or explicitly quarantine with validation."
"Raw SQL access inside API","HIGH","Backend\PlantProcess.Api\Endpoints\Admin\GenericSchemaMappingEndpoints.cs","909","await using var command = connection.CreateCommand();","Move direct DB access behind Infrastructure/Application services or explicitly quarantine with validation."
"Raw SQL access inside API","HIGH","Backend\PlantProcess.Api\Endpoints\Admin\GenericSchemaMappingEndpoints.cs","954","await using var command = connection.CreateCommand();","Move direct DB access behind Infrastructure/Application services or explicitly quarantine with validation."
"Raw SQL access inside API","HIGH","Backend\PlantProcess.Api\Endpoints\Admin\GenericSchemaMappingEndpoints.cs","986","await using var command = connection.CreateCommand();","Move direct DB access behind Infrastructure/Application services or explicitly quarantine with validation."
"Raw SQL access inside API","HIGH","Backend\PlantProcess.Api\Endpoints\Admin\GenericSchemaMappingEndpoints.cs","1207","await using var command = connection.CreateCommand();","Move direct DB access behind Infrastructure/Application services or explicitly quarantine with validation."
"Raw SQL access inside API","HIGH","Backend\PlantProcess.Api\Endpoints\Admin\GenericSchemaMappingEndpoints.cs","1245","await using var command = connection.CreateCommand();","Move direct DB access behind Infrastructure/Application services or explicitly quarantine with validation."
"Raw SQL access inside API","HIGH","Backend\PlantProcess.Api\Endpoints\Admin\LicenseAdminEndpoints.cs","338","await using var command = dbContext.Database.GetDbConnection().CreateCommand();","Move direct DB access behind Infrastructure/Application services or explicitly quarantine with validation."
"Raw SQL access inside API","HIGH","Backend\PlantProcess.Api\Endpoints\Admin\P03P04CompletionProofEndpoints.cs","104","await using var command = connection.CreateCommand();","Move direct DB access behind Infrastructure/Application services or explicitly quarantine with validation."
"Raw SQL access inside API","HIGH","Backend\PlantProcess.Api\Endpoints\Admin\Phase1WorkflowTruthEndpoints.cs","533","await using var command = new NpgsqlCommand(sql, connection)","Move direct DB access behind Infrastructure/Application services or explicitly quarantine with validation."
"Raw SQL access inside API","HIGH","Backend\PlantProcess.Api\Endpoints\Admin\Phase2OperationEndpoints.cs","173","await using var command = connection.CreateCommand();","Move direct DB access behind Infrastructure/Application services or explicitly quarantine with validation."
"Raw SQL access inside API","HIGH","Backend\PlantProcess.Api\Endpoints\Admin\Phase2OperationEndpoints.cs","405","await using var command = connection.CreateCommand();","Move direct DB access behind Infrastructure/Application services or explicitly quarantine with validation."
"Raw SQL access inside API","HIGH","Backend\PlantProcess.Api\Endpoints\Admin\Phase2OperationEndpoints.cs","450","await using var command = connection.CreateCommand();","Move direct DB access behind Infrastructure/Application services or explicitly quarantine with validation."
"Raw SQL access inside API","HIGH","Backend\PlantProcess.Api\Endpoints\Admin\Phase2OperationEndpoints.cs","584","await using var command = connection.CreateCommand();","Move direct DB access behind Infrastructure/Application services or explicitly quarantine with validation."
"Raw SQL access inside API","HIGH","Backend\PlantProcess.Api\Endpoints\Admin\Phase2PilotReadinessEndpoints.cs","57","await using var command = connection.CreateCommand();","Move direct DB access behind Infrastructure/Application services or explicitly quarantine with validation."
"Raw SQL access inside API","HIGH","Backend\PlantProcess.Api\Endpoints\Admin\Phase2PilotReadinessEndpoints.cs","124","await using var command = connection.CreateCommand();","Move direct DB access behind Infrastructure/Application services or explicitly quarantine with validation."
"Raw SQL access inside API","HIGH","Backend\PlantProcess.Api\Endpoints\Admin\Phase2PilotReadinessEndpoints.cs","215","await using var command = connection.CreateCommand();","Move direct DB access behind Infrastructure/Application services or explicitly quarantine with validation."
"Raw SQL access inside API","HIGH","Backend\PlantProcess.Api\Endpoints\Admin\Phase2PilotReadinessEndpoints.cs","289","await using var command = connection.CreateCommand();","Move direct DB access behind Infrastructure/Application services or explicitly quarantine with validation."
"Raw SQL access inside API","HIGH","Backend\PlantProcess.Api\Endpoints\Admin\SchemaConfigurationEndpoints.cs","321","await using (var timeoutCommand = connection.CreateCommand())","Move direct DB access behind Infrastructure/Application services or explicitly quarantine with validation."
"Raw SQL access inside API","HIGH","Backend\PlantProcess.Api\Endpoints\Admin\SchemaConfigurationEndpoints.cs","333","await using (var command = connection.CreateCommand())","Move direct DB access behind Infrastructure/Application services or explicitly quarantine with validation."
"Raw SQL access inside API","HIGH","Backend\PlantProcess.Api\Endpoints\Admin\TwoStageImportEndpoints.cs","541","await using var command = connection.CreateCommand();","Move direct DB access behind Infrastructure/Application services or explicitly quarantine with validation."
"Raw SQL access inside API","HIGH","Backend\PlantProcess.Api\Endpoints\Admin\TwoStageImportEndpoints.cs","571","await using var command = connection.CreateCommand();","Move direct DB access behind Infrastructure/Application services or explicitly quarantine with validation."
"Raw SQL access inside API","HIGH","Backend\PlantProcess.Api\Endpoints\Admin\TwoStageImportEndpoints.cs","583","await using var command = connection.CreateCommand();","Move direct DB access behind Infrastructure/Application services or explicitly quarantine with validation."
"Raw SQL access inside API","HIGH","Backend\PlantProcess.Api\Endpoints\Analytics\AdvancedResultsEndpoints.cs","31","await using var rc = ds.CreateCommand(","Move direct DB access behind Infrastructure/Application services or explicitly quarantine with validation."
"Raw SQL access inside API","HIGH","Backend\PlantProcess.Api\Endpoints\Analytics\AdvancedResultsEndpoints.cs","108","await using var cmd = ds.CreateCommand(sql);","Move direct DB access behind Infrastructure/Application services or explicitly quarantine with validation."
"Raw SQL access inside API","HIGH","Backend\PlantProcess.Api\Endpoints\Analytics\KpiEvaluationEndpoints.cs","62","await using var cmd = ds.CreateCommand(","Move direct DB access behind Infrastructure/Application services or explicitly quarantine with validation."
"Raw SQL access inside API","HIGH","Backend\PlantProcess.Api\Endpoints\Analytics\KpiEvaluationEndpoints.cs","88","await using (var deact = ds.CreateCommand(","Move direct DB access behind Infrastructure/Application services or explicitly quarantine with validation."
"Raw SQL access inside API","HIGH","Backend\PlantProcess.Api\Endpoints\Analytics\KpiEvaluationEndpoints.cs","95","await using (var ins = ds.CreateCommand(","Move direct DB access behind Infrastructure/Application services or explicitly quarantine with validation."
"Raw SQL access inside API","HIGH","Backend\PlantProcess.Api\Endpoints\Analytics\KpiEvaluationEndpoints.cs","115","await using var cmd = ds.CreateCommand(","Move direct DB access behind Infrastructure/Application services or explicitly quarantine with validation."
"Raw SQL access inside API","HIGH","Backend\PlantProcess.Api\Endpoints\Analytics\MlFoundationEndpoints.cs","278","await using var command = connection.CreateCommand();","Move direct DB access behind Infrastructure/Application services or explicitly quarantine with validation."
"Raw SQL access inside API","HIGH","Backend\PlantProcess.Api\Endpoints\Analytics\MlFoundationEndpoints.cs","317","await using var command = connection.CreateCommand();","Move direct DB access behind Infrastructure/Application services or explicitly quarantine with validation."
"Raw SQL access inside API","HIGH","Backend\PlantProcess.Api\Endpoints\Analytics\MlLearningEndpoints.cs","245","await using var command = connection.CreateCommand();","Move direct DB access behind Infrastructure/Application services or explicitly quarantine with validation."
"Raw SQL access inside API","HIGH","Backend\PlantProcess.Api\Endpoints\Analytics\Phase2InvestigationEndpoints.cs","149","await using var command = connection.CreateCommand();","Move direct DB access behind Infrastructure/Application services or explicitly quarantine with validation."
"Raw SQL access inside API","HIGH","Backend\PlantProcess.Api\Endpoints\Analytics\Phase2InvestigationEndpoints.cs","199","await using var command = connection.CreateCommand();","Move direct DB access behind Infrastructure/Application services or explicitly quarantine with validation."
"Raw SQL access inside API","HIGH","Backend\PlantProcess.Api\Endpoints\Analytics\Phase2InvestigationEndpoints.cs","294","await using var command = connection.CreateCommand();","Move direct DB access behind Infrastructure/Application services or explicitly quarantine with validation."
"Raw SQL access inside API","HIGH","Backend\PlantProcess.Api\Endpoints\Analytics\ProvenanceGuardedAdvancedResultsEndpoints.cs","27","await using (var cmd = ds.CreateCommand(","Move direct DB access behind Infrastructure/Application services or explicitly quarantine with validation."
"Raw SQL access inside API","HIGH","Backend\PlantProcess.Api\Endpoints\Analytics\ReadModelEndpoints.cs","65","await using var cmd = ds.CreateCommand(sql);","Move direct DB access behind Infrastructure/Application services or explicitly quarantine with validation."
"Raw SQL access inside API","HIGH","Backend\PlantProcess.Api\Endpoints\Analytics\SimpleAnalysisEndpoints.cs","108","await using var cmd = ds.CreateCommand(sql);","Move direct DB access behind Infrastructure/Application services or explicitly quarantine with validation."
"Raw SQL access inside API","HIGH","Backend\PlantProcess.Api\Endpoints\PageBuilder\PageDefinitionEndpoints.cs","45","await using var command = new NpgsqlCommand(","Move direct DB access behind Infrastructure/Application services or explicitly quarantine with validation."
"Raw SQL access inside API","HIGH","Backend\PlantProcess.Api\Endpoints\PageBuilder\PageDefinitionEndpoints.cs","85","await using var command = new NpgsqlCommand(","Move direct DB access behind Infrastructure/Application services or explicitly quarantine with validation."
"Raw SQL access inside API","HIGH","Backend\PlantProcess.Api\Endpoints\PageBuilder\PageDefinitionEndpoints.cs","131","await using var command = new NpgsqlCommand(","Move direct DB access behind Infrastructure/Application services or explicitly quarantine with validation."
"Raw SQL access inside API","HIGH","Backend\PlantProcess.Api\Endpoints\PageBuilder\PageDefinitionEndpoints.cs","183","await using var command = new NpgsqlCommand(","Move direct DB access behind Infrastructure/Application services or explicitly quarantine with validation."
"Raw SQL access inside API","HIGH","Backend\PlantProcess.Api\Endpoints\PageBuilder\PageDefinitionEndpoints.cs","226","await using var command = new NpgsqlCommand(","Move direct DB access behind Infrastructure/Application services or explicitly quarantine with validation."
"Raw SQL access inside API","HIGH","Backend\PlantProcess.Api\Endpoints\PageBuilder\PageDefinitionEndpoints.cs","284","await using var command = new NpgsqlCommand(sql, connection);","Move direct DB access behind Infrastructure/Application services or explicitly quarantine with validation."
"Raw SQL access inside API","HIGH","Backend\PlantProcess.Api\Endpoints\PageBuilder\PageDefinitionEndpoints.cs","299","NpgsqlCommand command,","Move direct DB access behind Infrastructure/Application services or explicitly quarantine with validation."
"Raw SQL access inside API","HIGH","Backend\PlantProcess.Api\Endpoints\Phase2\Phase2LifecycleProofEndpoints.cs","33","await using var command = new NpgsqlCommand(","Move direct DB access behind Infrastructure/Application services or explicitly quarantine with validation."
"Raw SQL access inside API","HIGH","Backend\PlantProcess.Api\Endpoints\Phase2\Phase2LifecycleProofEndpoints.cs","103","await using var command = new NpgsqlCommand(","Move direct DB access behind Infrastructure/Application services or explicitly quarantine with validation."
"Raw SQL access inside API","HIGH","Backend\PlantProcess.Api\Endpoints\Phase2\Phase2LifecycleProofEndpoints.cs","167","await using var command = new NpgsqlCommand(","Move direct DB access behind Infrastructure/Application services or explicitly quarantine with validation."
"Raw SQL access inside API","HIGH","Backend\PlantProcess.Api\Endpoints\Phase2\Phase2LifecycleProofEndpoints.cs","246","await using var command = new NpgsqlCommand(sql, connection);","Move direct DB access behind Infrastructure/Application services or explicitly quarantine with validation."
"Raw SQL access inside API","HIGH","Backend\PlantProcess.Api\Endpoints\Phase2\Phase2LifecycleProofEndpoints.cs","383","await using var command = new NpgsqlCommand(sql, connection);","Move direct DB access behind Infrastructure/Application services or explicitly quarantine with validation."
"Raw SQL access inside API","HIGH","Backend\PlantProcess.Api\Endpoints\Phase45\Phase45ClosureEndpoints.cs","217","await using var command = new NpgsqlCommand(sql, connection);","Move direct DB access behind Infrastructure/Application services or explicitly quarantine with validation."
"Raw SQL access inside API","HIGH","Backend\PlantProcess.Api\Endpoints\Phase45\Phase45ClosureEndpoints.cs","363","await using var command = new NpgsqlCommand(sql, connection);","Move direct DB access behind Infrastructure/Application services or explicitly quarantine with validation."
"Raw SQL access inside API","HIGH","Backend\PlantProcess.Api\Endpoints\Phase45\Phase45ClosureEndpoints.cs","383","await using var command = new NpgsqlCommand(sql, connection);","Move direct DB access behind Infrastructure/Application services or explicitly quarantine with validation."
"Raw SQL access inside API","HIGH","Backend\PlantProcess.Api\Endpoints\Phase45\Phase45ClosureEndpoints.cs","546","await using var command = new NpgsqlCommand(sql, connection);","Move direct DB access behind Infrastructure/Application services or explicitly quarantine with validation."
"Raw SQL access inside API","HIGH","Backend\PlantProcess.Api\Endpoints\Reporting\CustomerDemoReportEndpoints.cs","150","await using var command = connection.CreateCommand();","Move direct DB access behind Infrastructure/Application services or explicitly quarantine with validation."
"Raw SQL access inside API","HIGH","Backend\PlantProcess.Api\EnterpriseIdentity\V5EnterpriseIdentityEndpoints.cs","48","await using var cmd = connection.CreateCommand();","Move direct DB access behind Infrastructure/Application services or explicitly quarantine with validation."
"Raw SQL access inside API","HIGH","Backend\PlantProcess.Api\EnterpriseIdentity\V5EnterpriseIdentityEndpoints.cs","113","await using var cmd = connection.CreateCommand();","Move direct DB access behind Infrastructure/Application services or explicitly quarantine with validation."
"Raw SQL access inside API","HIGH","Backend\PlantProcess.Api\EnterpriseIdentity\V5EnterpriseIdentityEndpoints.cs","149","await using var deleteCodes = connection.CreateCommand();","Move direct DB access behind Infrastructure/Application services or explicitly quarantine with validation."
"Raw SQL access inside API","HIGH","Backend\PlantProcess.Api\EnterpriseIdentity\V5EnterpriseIdentityEndpoints.cs","162","await using var codeCmd = connection.CreateCommand();","Move direct DB access behind Infrastructure/Application services or explicitly quarantine with validation."
"Raw SQL access inside API","HIGH","Backend\PlantProcess.Api\EnterpriseIdentity\V5EnterpriseIdentityEndpoints.cs","234","await using var cmd = connection.CreateCommand();","Move direct DB access behind Infrastructure/Application services or explicitly quarantine with validation."
"Raw SQL access inside API","HIGH","Backend\PlantProcess.Api\EnterpriseIdentity\V5EnterpriseIdentityEndpoints.cs","280","await using var cmd = connection.CreateCommand();","Move direct DB access behind Infrastructure/Application services or explicitly quarantine with validation."
"Raw SQL access inside API","HIGH","Backend\PlantProcess.Api\EnterpriseIdentity\V5EnterpriseIdentityEndpoints.cs","342","await using var cmd = connection.CreateCommand();","Move direct DB access behind Infrastructure/Application services or explicitly quarantine with validation."
"Raw SQL access inside API","HIGH","Backend\PlantProcess.Api\EnterpriseIdentity\V5EnterpriseIdentityEndpoints.cs","403","await using var cmd = connection.CreateCommand();","Move direct DB access behind Infrastructure/Application services or explicitly quarantine with validation."
"Raw SQL access inside API","HIGH","Backend\PlantProcess.Api\EnterpriseIdentity\V5EnterpriseIdentityEndpoints.cs","500","await using var cmd = connection.CreateCommand();","Move direct DB access behind Infrastructure/Application services or explicitly quarantine with validation."
"Raw SQL access inside API","HIGH","Backend\PlantProcess.Api\EnterpriseIdentity\V5EnterpriseIdentityEndpoints.cs","567","await using var cmd = connection.CreateCommand();","Move direct DB access behind Infrastructure/Application services or explicitly quarantine with validation."
"Raw SQL access inside API","HIGH","Backend\PlantProcess.Api\EnterpriseIdentity\V5EnterpriseIdentityEndpoints.cs","586","await using var cmd = connection.CreateCommand();","Move direct DB access behind Infrastructure/Application services or explicitly quarantine with validation."
"Raw SQL access inside API","HIGH","Backend\PlantProcess.Api\EnterpriseIdentity\V5EnterpriseIdentityEndpoints.cs","636","await using var cmd = connection.CreateCommand();","Move direct DB access behind Infrastructure/Application services or explicitly quarantine with validation."
"Raw SQL access inside API","HIGH","Backend\PlantProcess.Api\EnterpriseIdentity\V5EnterpriseIdentityEndpoints.cs","671","await using var cmd = connection.CreateCommand();","Move direct DB access behind Infrastructure/Application services or explicitly quarantine with validation."
"Raw SQL access inside API","HIGH","Backend\PlantProcess.Api\EnterpriseIdentity\V5EnterpriseIdentityEndpoints.cs","697","await using var cmd = connection.CreateCommand();","Move direct DB access behind Infrastructure/Application services or explicitly quarantine with validation."
"Raw SQL access inside API","HIGH","Backend\PlantProcess.Api\EnterpriseIdentity\V5EnterpriseIdentityEndpoints.cs","726","await using var cmd = connection.CreateCommand();","Move direct DB access behind Infrastructure/Application services or explicitly quarantine with validation."
"Raw SQL access inside API","HIGH","Backend\PlantProcess.Api\EnterpriseIdentity\V5EnterpriseIdentityEndpoints.cs","800","await using var cmd = connection.CreateCommand();","Move direct DB access behind Infrastructure/Application services or explicitly quarantine with validation."
"Raw SQL access inside API","HIGH","Backend\PlantProcess.Api\EnterpriseSsoScim\V5EnterpriseSsoScimEndpoints.cs","150","await using var cmd = connection.CreateCommand();","Move direct DB access behind Infrastructure/Application services or explicitly quarantine with validation."
"Raw SQL access inside API","HIGH","Backend\PlantProcess.Api\EnterpriseSsoScim\V5EnterpriseSsoScimEndpoints.cs","206","await using var cmd = connection.CreateCommand();","Move direct DB access behind Infrastructure/Application services or explicitly quarantine with validation."
"Raw SQL access inside API","HIGH","Backend\PlantProcess.Api\EnterpriseSsoScim\V5EnterpriseSsoScimEndpoints.cs","315","await using var cmd = connection.CreateCommand();","Move direct DB access behind Infrastructure/Application services or explicitly quarantine with validation."
"Raw SQL access inside API","HIGH","Backend\PlantProcess.Api\EnterpriseSsoScim\V5EnterpriseSsoScimEndpoints.cs","364","await using var cmd = connection.CreateCommand();","Move direct DB access behind Infrastructure/Application services or explicitly quarantine with validation."
"Raw SQL access inside API","HIGH","Backend\PlantProcess.Api\EnterpriseSsoScim\V5EnterpriseSsoScimEndpoints.cs","410","await using var cmd = connection.CreateCommand();","Move direct DB access behind Infrastructure/Application services or explicitly quarantine with validation."
"Raw SQL access inside API","HIGH","Backend\PlantProcess.Api\EnterpriseSsoScim\V5EnterpriseSsoScimEndpoints.cs","467","await using var cmd = connection.CreateCommand();","Move direct DB access behind Infrastructure/Application services or explicitly quarantine with validation."
"Raw SQL access inside API","HIGH","Backend\PlantProcess.Api\EnterpriseSsoScim\V5EnterpriseSsoScimEndpoints.cs","496","await using var cmd = connection.CreateCommand();","Move direct DB access behind Infrastructure/Application services or explicitly quarantine with validation."
"Raw SQL access inside API","HIGH","Backend\PlantProcess.Api\EnterpriseSsoScim\V5EnterpriseSsoScimEndpoints.cs","529","await using var cmd = connection.CreateCommand();","Move direct DB access behind Infrastructure/Application services or explicitly quarantine with validation."
"Raw SQL access inside API","HIGH","Backend\PlantProcess.Api\EnterpriseSsoScim\V5EnterpriseSsoScimEndpoints.cs","582","await using var cmd = connection.CreateCommand();","Move direct DB access behind Infrastructure/Application services or explicitly quarantine with validation."
"Raw SQL access inside API","HIGH","Backend\PlantProcess.Api\EnterpriseSsoScim\V5EnterpriseSsoScimEndpoints.cs","642","await using var cmd = connection.CreateCommand();","Move direct DB access behind Infrastructure/Application services or explicitly quarantine with validation."
"Raw SQL access inside API","HIGH","Backend\PlantProcess.Api\EnterpriseSsoScim\V5EnterpriseSsoScimEndpoints.cs","695","await using var cmd = connection.CreateCommand();","Move direct DB access behind Infrastructure/Application services or explicitly quarantine with validation."
"Raw SQL access inside API","HIGH","Backend\PlantProcess.Api\EnterpriseSsoScim\V5EnterpriseSsoScimEndpoints.cs","774","await using var cmd = connection.CreateCommand();","Move direct DB access behind Infrastructure/Application services or explicitly quarantine with validation."
"Raw SQL access inside API","HIGH","Backend\PlantProcess.Api\EnterpriseSsoScim\V5EnterpriseSsoScimEndpoints.cs","853","await using var cmd = connection.CreateCommand();","Move direct DB access behind Infrastructure/Application services or explicitly quarantine with validation."
"Raw SQL access inside API","HIGH","Backend\PlantProcess.Api\EnterpriseSsoScim\V5IdentityRuntimeCertificationEndpoints.cs","68","await using var cmd = connection.CreateCommand();","Move direct DB access behind Infrastructure/Application services or explicitly quarantine with validation."
"Raw SQL access inside API","HIGH","Backend\PlantProcess.Api\EnterpriseSsoScim\V5IdentityRuntimeCertificationEndpoints.cs","200","await using var cmd = connection.CreateCommand();","Move direct DB access behind Infrastructure/Application services or explicitly quarantine with validation."
"Raw SQL access inside API","HIGH","Backend\PlantProcess.Api\EnterpriseSsoScim\V5IdentityRuntimeCertificationEndpoints.cs","301","await using var cmd = connection.CreateCommand();","Move direct DB access behind Infrastructure/Application services or explicitly quarantine with validation."
"Raw SQL access inside API","HIGH","Backend\PlantProcess.Api\EnterpriseSsoScim\V5IdentityRuntimeCertificationEndpoints.cs","480","await using var cmd = connection.CreateCommand();","Move direct DB access behind Infrastructure/Application services or explicitly quarantine with validation."
"Raw SQL access inside API","HIGH","Backend\PlantProcess.Api\EnterpriseSsoScim\V5IdentityRuntimeCertificationEndpoints.cs","515","await using var cmd = connection.CreateCommand();","Move direct DB access behind Infrastructure/Application services or explicitly quarantine with validation."
"Raw SQL access inside API","HIGH","Backend\PlantProcess.Api\EnterpriseSsoScim\V5IdentityRuntimeCertificationEndpoints.cs","554","await using var cmd = connection.CreateCommand();","Move direct DB access behind Infrastructure/Application services or explicitly quarantine with validation."
"Raw SQL access inside API","HIGH","Backend\PlantProcess.Api\EnterpriseSsoScim\V5IdentityRuntimeCertificationEndpoints.cs","618","await using var cmd = connection.CreateCommand();","Move direct DB access behind Infrastructure/Application services or explicitly quarantine with validation."
"Raw SQL access inside API","HIGH","Backend\PlantProcess.Api\EnterpriseSsoScim\V5IdentityRuntimeCertificationEndpoints.cs","677","await using var cmd = connection.CreateCommand();","Move direct DB access behind Infrastructure/Application services or explicitly quarantine with validation."
"Raw SQL access inside API","HIGH","Backend\PlantProcess.Api\EnterpriseSsoScim\V5IdentityRuntimeCertificationEndpoints.cs","798","await using var cmd = connection.CreateCommand();","Move direct DB access behind Infrastructure/Application services or explicitly quarantine with validation."
"Raw SQL access inside API","HIGH","Backend\PlantProcess.Api\Hosting\ReadModelRefreshHostedService.cs","89","await using var cmd = dataSource.CreateCommand(","Move direct DB access behind Infrastructure/Application services or explicitly quarantine with validation."
"Raw SQL access inside API","HIGH","Backend\PlantProcess.Api\OutboundLeadSystem\V5OutboundLeadSystemEndpoints.cs","156","await using var cmd = connection.CreateCommand();","Move direct DB access behind Infrastructure/Application services or explicitly quarantine with validation."
"Raw SQL access inside API","HIGH","Backend\PlantProcess.Api\OutboundLeadSystem\V5OutboundLeadSystemEndpoints.cs","209","await using var cmd = connection.CreateCommand();","Move direct DB access behind Infrastructure/Application services or explicitly quarantine with validation."
"Raw SQL access inside API","HIGH","Backend\PlantProcess.Api\OutboundLeadSystem\V5OutboundLeadSystemEndpoints.cs","295","await using var cmd = connection.CreateCommand();","Move direct DB access behind Infrastructure/Application services or explicitly quarantine with validation."
"Raw SQL access inside API","HIGH","Backend\PlantProcess.Api\OutboundLeadSystem\V5OutboundLeadSystemEndpoints.cs","341","await using var cmd = connection.CreateCommand();","Move direct DB access behind Infrastructure/Application services or explicitly quarantine with validation."
"Raw SQL access inside API","HIGH","Backend\PlantProcess.Api\OutboundLeadSystem\V5OutboundLeadSystemEndpoints.cs","421","await using var cmd = connection.CreateCommand();","Move direct DB access behind Infrastructure/Application services or explicitly quarantine with validation."
"Raw SQL access inside API","HIGH","Backend\PlantProcess.Api\OutboundLeadSystem\V5OutboundLeadSystemEndpoints.cs","470","await using var cmd = connection.CreateCommand();","Move direct DB access behind Infrastructure/Application services or explicitly quarantine with validation."
"Raw SQL access inside API","HIGH","Backend\PlantProcess.Api\OutboundLeadSystem\V5OutboundLeadSystemEndpoints.cs","556","await using var cmd = connection.CreateCommand();","Move direct DB access behind Infrastructure/Application services or explicitly quarantine with validation."
"Raw SQL access inside API","HIGH","Backend\PlantProcess.Api\OutboundLeadSystem\V5OutboundLeadSystemEndpoints.cs","732","await using var cmd = connection.CreateCommand();","Move direct DB access behind Infrastructure/Application services or explicitly quarantine with validation."
"Raw SQL access inside API","HIGH","Backend\PlantProcess.Api\PlantConnectors\V5ConnectorRuntimeCertificationEndpoints.cs","128","await using var cmd = connection.CreateCommand();","Move direct DB access behind Infrastructure/Application services or explicitly quarantine with validation."
"Raw SQL access inside API","HIGH","Backend\PlantProcess.Api\PlantConnectors\V5ConnectorRuntimeCertificationEndpoints.cs","376","await using var cmd = connection.CreateCommand();","Move direct DB access behind Infrastructure/Application services or explicitly quarantine with validation."
"Raw SQL access inside API","HIGH","Backend\PlantProcess.Api\PlantConnectors\V5ConnectorRuntimeCertificationEndpoints.cs","441","await using var cmd = connection.CreateCommand();","Move direct DB access behind Infrastructure/Application services or explicitly quarantine with validation."
"Raw SQL access inside API","HIGH","Backend\PlantProcess.Api\PlantConnectors\V5ConnectorRuntimeCertificationEndpoints.cs","529","await using var cmd = connection.CreateCommand();","Move direct DB access behind Infrastructure/Application services or explicitly quarantine with validation."
"Raw SQL access inside API","HIGH","Backend\PlantProcess.Api\PlantConnectors\V5ConnectorRuntimeCertificationEndpoints.cs","613","await using var cmd = connection.CreateCommand();","Move direct DB access behind Infrastructure/Application services or explicitly quarantine with validation."
"Raw SQL access inside API","HIGH","Backend\PlantProcess.Api\PlantConnectors\V5ConnectorRuntimeCertificationEndpoints.cs","696","await using var cmd = connection.CreateCommand();","Move direct DB access behind Infrastructure/Application services or explicitly quarantine with validation."
"Raw SQL access inside API","HIGH","Backend\PlantProcess.Api\PlantConnectors\V5ConnectorRuntimeCertificationEndpoints.cs","752","await using var cmd = connection.CreateCommand();","Move direct DB access behind Infrastructure/Application services or explicitly quarantine with validation."
"Raw SQL access inside API","HIGH","Backend\PlantProcess.Api\PlantConnectors\V5ConnectorRuntimeCertificationEndpoints.cs","790","await using var cmd = connection.CreateCommand();","Move direct DB access behind Infrastructure/Application services or explicitly quarantine with validation."
"Raw SQL access inside API","HIGH","Backend\PlantProcess.Api\PlantConnectors\V5ConnectorRuntimeCertificationEndpoints.cs","820","await using var cmd = connection.CreateCommand();","Move direct DB access behind Infrastructure/Application services or explicitly quarantine with validation."
"Raw SQL access inside API","HIGH","Backend\PlantProcess.Api\PlantConnectors\V5ConnectorRuntimeCertificationEndpoints.cs","893","await using var cmd = connection.CreateCommand();","Move direct DB access behind Infrastructure/Application services or explicitly quarantine with validation."
"Raw SQL access inside API","HIGH","Backend\PlantProcess.Api\PlantConnectors\V5PlantConnectorEndpoints.cs","104","await using var cmd = connection.CreateCommand();","Move direct DB access behind Infrastructure/Application services or explicitly quarantine with validation."
"Raw SQL access inside API","HIGH","Backend\PlantProcess.Api\PlantConnectors\V5PlantConnectorEndpoints.cs","293","await using var cmd = connection.CreateCommand();","Move direct DB access behind Infrastructure/Application services or explicitly quarantine with validation."
"Raw SQL access inside API","HIGH","Backend\PlantProcess.Api\PlantConnectors\V5PlantConnectorEndpoints.cs","337","await using var cmd = connection.CreateCommand();","Move direct DB access behind Infrastructure/Application services or explicitly quarantine with validation."
"Raw SQL access inside API","HIGH","Backend\PlantProcess.Api\PlantConnectors\V5PlantConnectorEndpoints.cs","361","await using var cmd = connection.CreateCommand();","Move direct DB access behind Infrastructure/Application services or explicitly quarantine with validation."
"Raw SQL access inside API","HIGH","Backend\PlantProcess.Api\PlantConnectors\V5PlantConnectorEndpoints.cs","410","await using var cmd = connection.CreateCommand();","Move direct DB access behind Infrastructure/Application services or explicitly quarantine with validation."
"Raw SQL access inside API","HIGH","Backend\PlantProcess.Api\PlantConnectors\V5PlantConnectorEndpoints.cs","460","await using var cmd = connection.CreateCommand();","Move direct DB access behind Infrastructure/Application services or explicitly quarantine with validation."
"Raw SQL access inside API","HIGH","Backend\PlantProcess.Api\PlantConnectors\V5PlantConnectorEndpoints.cs","502","await using var cmd = connection.CreateCommand();","Move direct DB access behind Infrastructure/Application services or explicitly quarantine with validation."
"Raw SQL access inside API","HIGH","Backend\PlantProcess.Api\PlantConnectors\V5PlantConnectorEndpoints.cs","533","await using var cmd = connection.CreateCommand();","Move direct DB access behind Infrastructure/Application services or explicitly quarantine with validation."
"Raw SQL access inside API","HIGH","Backend\PlantProcess.Api\PlantConnectors\V5PlantConnectorEndpoints.cs","577","await using var cmd = connection.CreateCommand();","Move direct DB access behind Infrastructure/Application services or explicitly quarantine with validation."
"Raw SQL access inside API","HIGH","Backend\PlantProcess.Api\PlantConnectors\V5PlantConnectorEndpoints.cs","630","await using var cmd = connection.CreateCommand();","Move direct DB access behind Infrastructure/Application services or explicitly quarantine with validation."
"Raw SQL access inside API","HIGH","Backend\PlantProcess.Api\Security\AuthStore.cs","39","await using var cmd = _db.Database.GetDbConnection().CreateCommand();","Move direct DB access behind Infrastructure/Application services or explicitly quarantine with validation."
"Raw SQL access inside API","HIGH","Backend\PlantProcess.Api\Security\AuthStore.cs","52","await using var cmd = _db.Database.GetDbConnection().CreateCommand();","Move direct DB access behind Infrastructure/Application services or explicitly quarantine with validation."
"Raw SQL access inside API","HIGH","Backend\PlantProcess.Api\Security\AuthStore.cs","152","await using var cmd = _db.Database.GetDbConnection().CreateCommand();","Move direct DB access behind Infrastructure/Application services or explicitly quarantine with validation."
"Raw SQL access inside API","HIGH","Backend\PlantProcess.Api\Security\AuthStore.cs","222","await using var cmd = _db.Database.GetDbConnection().CreateCommand();","Move direct DB access behind Infrastructure/Application services or explicitly quarantine with validation."
"Raw SQL access inside API","HIGH","Backend\PlantProcess.Api\Security\AuthStore.cs","244","await using var cmd = _db.Database.GetDbConnection().CreateCommand();","Move direct DB access behind Infrastructure/Application services or explicitly quarantine with validation."
"Raw SQL access inside API","HIGH","Backend\PlantProcess.Api\Security\AuthStore.cs","280","await using var cmd = _db.Database.GetDbConnection().CreateCommand();","Move direct DB access behind Infrastructure/Application services or explicitly quarantine with validation."
"Raw SQL access inside API","HIGH","Backend\PlantProcess.Api\Security\AuthStore.cs","300","await using var cmd = _db.Database.GetDbConnection().CreateCommand();","Move direct DB access behind Infrastructure/Application services or explicitly quarantine with validation."
"Raw SQL access inside API","HIGH","Backend\PlantProcess.Api\SignedLicensing\V5Ed25519LicenseEndpoints.cs","208","await using var cmd = connection.CreateCommand();","Move direct DB access behind Infrastructure/Application services or explicitly quarantine with validation."
"Raw SQL access inside API","HIGH","Backend\PlantProcess.Api\SignedLicensing\V5Ed25519LicenseEndpoints.cs","289","await using var audit = connection.CreateCommand();","Move direct DB access behind Infrastructure/Application services or explicitly quarantine with validation."
"Raw SQL access inside API","HIGH","Backend\PlantProcess.Api\SignedLicensing\V5Ed25519LicenseEndpoints.cs","359","await using var cmd = connection.CreateCommand();","Move direct DB access behind Infrastructure/Application services or explicitly quarantine with validation."
"Raw SQL access inside API","HIGH","Backend\PlantProcess.Api\SignedLicensing\V5Ed25519LicenseEndpoints.cs","382","await using var cmd = connection.CreateCommand();","Move direct DB access behind Infrastructure/Application services or explicitly quarantine with validation."
"Raw SQL access inside API","HIGH","Backend\PlantProcess.Api\SignedLicensing\V5Ed25519LicenseEndpoints.cs","410","await using (var supersede = connection.CreateCommand())","Move direct DB access behind Infrastructure/Application services or explicitly quarantine with validation."
"Raw SQL access inside API","HIGH","Backend\PlantProcess.Api\SignedLicensing\V5Ed25519LicenseEndpoints.cs","426","await using (var cmd = connection.CreateCommand())","Move direct DB access behind Infrastructure/Application services or explicitly quarantine with validation."
"Raw SQL access inside API","HIGH","Backend\PlantProcess.Api\SignedLicensing\V5Ed25519LicenseEndpoints.cs","692","await using var cmd = connection.CreateCommand();","Move direct DB access behind Infrastructure/Application services or explicitly quarantine with validation."
"Raw SQL access inside API","HIGH","Backend\PlantProcess.Api\SignedLicensing\V5SignedLicensingEndpoints.cs","192","await using var cmd = connection.CreateCommand();","Move direct DB access behind Infrastructure/Application services or explicitly quarantine with validation."
"Raw SQL access inside API","HIGH","Backend\PlantProcess.Api\SignedLicensing\V5SignedLicensingEndpoints.cs","306","await using var cmd = connection.CreateCommand();","Move direct DB access behind Infrastructure/Application services or explicitly quarantine with validation."
"Raw SQL access inside API","HIGH","Backend\PlantProcess.Api\SignedLicensing\V5SignedLicensingEndpoints.cs","338","await using var cmd = connection.CreateCommand();","Move direct DB access behind Infrastructure/Application services or explicitly quarantine with validation."
"Raw SQL access inside API","HIGH","Backend\PlantProcess.Api\SignedLicensing\V5SignedLicensingEndpoints.cs","362","await using var cmd = connection.CreateCommand();","Move direct DB access behind Infrastructure/Application services or explicitly quarantine with validation."
"Raw SQL access inside API","HIGH","Backend\PlantProcess.Api\SignedLicensing\V5SignedLicensingEndpoints.cs","427","await using var cmd = connection.CreateCommand();","Move direct DB access behind Infrastructure/Application services or explicitly quarantine with validation."
"Raw SQL access inside API","HIGH","Backend\PlantProcess.Api\SignedLicensing\V5SignedLicensingEndpoints.cs","501","await using var cmd = connection.CreateCommand();","Move direct DB access behind Infrastructure/Application services or explicitly quarantine with validation."
"Raw SQL access inside API","HIGH","Backend\PlantProcess.Api\SignedLicensing\V5SignedLicensingEndpoints.cs","584","await using var cmd = connection.CreateCommand();","Move direct DB access behind Infrastructure/Application services or explicitly quarantine with validation."
"Raw SQL access inside API","HIGH","Backend\PlantProcess.Api\SignedLicensing\V5SignedLicensingEndpoints.cs","689","await using var cmd = connection.CreateCommand();","Move direct DB access behind Infrastructure/Application services or explicitly quarantine with validation."
"Raw SQL access inside API","HIGH","Backend\PlantProcess.Api\SignedLicensing\VerifiedEd25519LicenseService.cs","281","using (var tenantCmd = connection.CreateCommand())","Move direct DB access behind Infrastructure/Application services or explicitly quarantine with validation."
"Raw SQL access inside API","HIGH","Backend\PlantProcess.Api\SignedLicensing\VerifiedEd25519LicenseService.cs","288","using var cmd = connection.CreateCommand();","Move direct DB access behind Infrastructure/Application services or explicitly quarantine with validation."
"Raw SQL access inside API","HIGH","Backend\PlantProcess.Api\VisualMapper\V5VisualMapperEndpoints.cs","76","await using var cmd = connection.CreateCommand();","Move direct DB access behind Infrastructure/Application services or explicitly quarantine with validation."
"Raw SQL access inside API","HIGH","Backend\PlantProcess.Api\VisualMapper\V5VisualMapperEndpoints.cs","112","await using var cmd = connection.CreateCommand();","Move direct DB access behind Infrastructure/Application services or explicitly quarantine with validation."
"Raw SQL access inside API","HIGH","Backend\PlantProcess.Api\VisualMapper\V5VisualMapperEndpoints.cs","223","await using var cmd = connection.CreateCommand();","Move direct DB access behind Infrastructure/Application services or explicitly quarantine with validation."
"Raw SQL access inside API","HIGH","Backend\PlantProcess.Api\VisualMapper\V5VisualMapperEndpoints.cs","292","await using var cmd = connection.CreateCommand();","Move direct DB access behind Infrastructure/Application services or explicitly quarantine with validation."
"Raw SQL access inside API","HIGH","Backend\PlantProcess.Api\VisualMapper\V5VisualMapperEndpoints.cs","349","await using var cmd = connection.CreateCommand();","Move direct DB access behind Infrastructure/Application services or explicitly quarantine with validation."
"Raw SQL access inside API","HIGH","Backend\PlantProcess.Api\VisualMapper\V5VisualMapperEndpoints.cs","417","await using var cmd = connection.CreateCommand();","Move direct DB access behind Infrastructure/Application services or explicitly quarantine with validation."
"Raw SQL access inside API","HIGH","Backend\PlantProcess.Api\VisualMapper\V5VisualMapperEndpoints.cs","498","await using var cmd = connection.CreateCommand();","Move direct DB access behind Infrastructure/Application services or explicitly quarantine with validation."
"Raw SQL access inside API","HIGH","Backend\PlantProcess.Api\VisualMapper\V5VisualMapperEndpoints.cs","532","await using var update = connection.CreateCommand();","Move direct DB access behind Infrastructure/Application services or explicitly quarantine with validation."
"Raw SQL access inside API","HIGH","Backend\PlantProcess.Api\VisualMapper\V5VisualMapperEndpoints.cs","570","await using var cmd = connection.CreateCommand();","Move direct DB access behind Infrastructure/Application services or explicitly quarantine with validation."
"Raw SQL access inside API","HIGH","Backend\PlantProcess.Api\VisualMapper\V5VisualMapperEndpoints.cs","613","await using var cmd = connection.CreateCommand();","Move direct DB access behind Infrastructure/Application services or explicitly quarantine with validation."
"Raw SQL access inside API","HIGH","Backend\PlantProcess.Api\VisualMapper\V5VisualMapperEndpoints.cs","660","await using var cmd = connection.CreateCommand();","Move direct DB access behind Infrastructure/Application services or explicitly quarantine with validation."
"Raw SQL access inside API","HIGH","Backend\PlantProcess.Api\VisualMapper\V5VisualMapperEndpoints.cs","712","await using var cmd = connection.CreateCommand();","Move direct DB access behind Infrastructure/Application services or explicitly quarantine with validation."
"Allowlist provider touchpoint","INFO","Backend\PlantProcess.Application\Integration\Security\CanonicalTableAllowlist.cs","9","/// demo/source-specific tables (those are contributed at runtime by ITableAllowlistProvider).","Verify SafeSqlValidator uses tenant/config allowlist instead of hardcoded table lists."
"Allowlist provider touchpoint","INFO","Backend\PlantProcess.Application\Integration\Security\ITableAllowlistProvider.cs","14","public interface ITableAllowlistProvider","Verify SafeSqlValidator uses tenant/config allowlist instead of hardcoded table lists."
"Allowlist provider touchpoint","INFO","Backend\PlantProcess.Infrastructure\DependencyInjection.cs","119","services.AddScoped<PlantProcess.Application.Integration.Security.ITableAllowlistProvider, PlantProcess.Infrastructure.Integration.Security.NpgsqlTableAllowlistProvider>(); // PPIQ-T005","Verify SafeSqlValidator uses tenant/config allowlist instead of hardcoded table lists."
"Allowlist provider touchpoint","INFO","Backend\PlantProcess.Infrastructure\Integration\Security\NpgsqlTableAllowlistProvider.cs","17","public sealed class NpgsqlTableAllowlistProvider : ITableAllowlistProvider","Verify SafeSqlValidator uses tenant/config allowlist instead of hardcoded table lists."
"SQL validator touchpoint","INFO","Backend\PlantProcess.Analytics.Core\Kpi\KpiEngine.cs","32","public static class SafeSqlValidator","Verify all SQL-view/KPI/user-defined SQL flows route through one validator."
"SQL validator touchpoint","INFO","Backend\PlantProcess.Analytics.Core\Kpi\KpiEngine.cs","110","if (def.Kind == KpiKind.SqlView) { SafeSqlValidator.Validate(def.SqlView); formula = $""SQL:{def.SqlView}""; }","Verify all SQL-view/KPI/user-defined SQL flows route through one validator."
"SQL validator touchpoint","INFO","Backend\PlantProcess.Api\Analytics\KpiEvaluationService.cs","60","var safety = SafeSqlValidator.Validate(sql);","Verify all SQL-view/KPI/user-defined SQL flows route through one validator."
"SQL validator touchpoint","INFO","Backend\PlantProcess.Api\Endpoints\Admin\SchemaConfigurationEndpoints.cs","103","var safety = SafeSqlValidator.Validate(request.SqlText);","Verify all SQL-view/KPI/user-defined SQL flows route through one validator."
"SQL validator touchpoint","INFO","Backend\PlantProcess.Api\Endpoints\Admin\SchemaConfigurationEndpoints.cs","131","var safety = SafeSqlValidator.Validate(request.SqlText);","Verify all SQL-view/KPI/user-defined SQL flows route through one validator."
"SQL validator touchpoint","INFO","Backend\PlantProcess.Api\Endpoints\Admin\SchemaConfigurationEndpoints.cs","278","var safety = SafeSqlValidator.Validate(sqlText);","Verify all SQL-view/KPI/user-defined SQL flows route through one validator."
"SQL validator touchpoint","INFO","Backend\PlantProcess.Api\VisualMapper\V5VisualMapperEndpoints.cs","409","var validation = SafeSqlValidator.Validate(sql);","Verify all SQL-view/KPI/user-defined SQL flows route through one validator."
"SQL validator touchpoint","INFO","Backend\PlantProcess.Application\Dashboarding\Services\Widgets\WidgetScriptSqlCompiler.cs","14","/// dataset, validated by <see cref=""SafeSqlValidator""/>, with a clamped row-limit and a &lt;=30s","Verify all SQL-view/KPI/user-defined SQL flows route through one validator."
"SQL validator touchpoint","INFO","Backend\PlantProcess.Application\Dashboarding\Services\Widgets\WidgetScriptSqlCompiler.cs","16","/// emitted SQL is re-checked by SafeSqlValidator (table-approval is enforced by the runtime","Verify all SQL-view/KPI/user-defined SQL flows route through one validator."
"SQL validator touchpoint","INFO","Backend\PlantProcess.Application\Dashboarding\Services\Widgets\WidgetScriptSqlCompiler.cs","154","var safety = SafeSqlValidator.Validate(sql);","Verify all SQL-view/KPI/user-defined SQL flows route through one validator."
"SQL validator touchpoint","INFO","Backend\PlantProcess.Application\Dashboarding\Services\Widgets\WidgetScriptSqlCompiler.cs","158","""Compiled SQL failed SafeSqlValidator: "" + string.Join(""; "", fatal));","Verify all SQL-view/KPI/user-defined SQL flows route through one validator."
"SQL validator touchpoint","INFO","Backend\PlantProcess.Application\Integration\Security\SafeSqlValidator.cs","14","public static class SafeSqlValidator","Verify all SQL-view/KPI/user-defined SQL flows route through one validator."
"SQL validator touchpoint","INFO","Backend\PlantProcess.Infrastructure\Connectors\Common\ConnectorReadOnlySession.cs","15","/// engine - not only by SafeSqlValidator. SQL Server has no session read-only","Verify all SQL-view/KPI/user-defined SQL flows route through one validator."
"SQL validator touchpoint","INFO","Backend\tests\PlantProcess.Analytics.Core.Tests\P05_KpiEngineTests.cs","75","Assert.Throws<KpiFormulaException>(() => BasicSqlGuard.Validate(""DROP TABLE material_units;""));","Verify all SQL-view/KPI/user-defined SQL flows route through one validator."
"SQL validator touchpoint","INFO","Backend\tests\PlantProcess.Analytics.Core.Tests\P05_KpiEngineTests.cs","76","Assert.Throws<KpiFormulaException>(() => BasicSqlGuard.Validate(""SELECT * FROM x; DELETE FROM y""));","Verify all SQL-view/KPI/user-defined SQL flows route through one validator."
"SQL validator touchpoint","INFO","Backend\tests\PlantProcess.Analytics.Core.Tests\P05_KpiEngineTests.cs","77","var ex = Record.Exception(() => BasicSqlGuard.Validate(""SELECT good, total FROM canon.fpsy_view""));","Verify all SQL-view/KPI/user-defined SQL flows route through one validator."
"SQL validator touchpoint","INFO","Backend\tests\PlantProcess.Api.IntegrationTests\Mapping\MappingLifecycleProofTests.cs","73","// No SQL-level gate in this build -> rejection is enforced by the C# SafeSqlValidator (covered in P6-04).","Verify all SQL-view/KPI/user-defined SQL flows route through one validator."
"SQL validator touchpoint","INFO","Backend\tests\PlantProcess.Api.IntegrationTests\Security\SchemaConfigurationSafetyEndpointTests.cs","6","//   Prove SafeSqlValidator is not only unit-tested, but also wired","Verify all SQL-view/KPI/user-defined SQL flows route through one validator."
"SQL validator touchpoint","INFO","Backend\tests\PlantProcess.Application.UnitTests\Phase1_KpiSqlGuardTests.cs","6","public sealed class Phase1_KpiSqlGuardTests","Verify all SQL-view/KPI/user-defined SQL flows route through one validator."
"SQL validator touchpoint","INFO","Backend\tests\PlantProcess.Application.UnitTests\Phase1_KpiSqlGuardTests.cs","15","SafeSqlValidator.Validate(sql);","Verify all SQL-view/KPI/user-defined SQL flows route through one validator."
"SQL validator touchpoint","INFO","Backend\tests\PlantProcess.Application.UnitTests\Phase1_KpiSqlGuardTests.cs","27","Assert.Throws<KpiFormulaException>(() => SafeSqlValidator.Validate(sql));","Verify all SQL-view/KPI/user-defined SQL flows route through one validator."
"SQL validator touchpoint","INFO","Backend\tests\PlantProcess.Application.UnitTests\Phase1_SafeSqlValidatorCorpusTests.cs","11","public class Phase1_SafeSqlValidatorCorpusTests","Verify all SQL-view/KPI/user-defined SQL flows route through one validator."
"SQL validator touchpoint","INFO","Backend\tests\PlantProcess.Application.UnitTests\Phase1_SafeSqlValidatorCorpusTests.cs","27","[Theory] public void Legit_selects_pass(string sql) => Assert.True(IsValid(SafeSqlValidator.Validate(sql)));","Verify all SQL-view/KPI/user-defined SQL flows route through one validator."
"SQL validator touchpoint","INFO","Backend\tests\PlantProcess.Application.UnitTests\Phase1_SafeSqlValidatorCorpusTests.cs","48","[Theory] public void Malicious_or_unknown_fails(string sql) => Assert.False(IsValid(SafeSqlValidator.Validate(sql)));","Verify all SQL-view/KPI/user-defined SQL flows route through one validator."
"SQL validator touchpoint","INFO","Backend\tests\PlantProcess.Application.UnitTests\Security\SafeSqlPolicyTests.cs","3","// Task:    BE-FIX-002 (SafeSqlValidator hardening) â€” tests","Verify all SQL-view/KPI/user-defined SQL flows route through one validator."
"SQL validator touchpoint","INFO","Backend\tests\PlantProcess.Application.UnitTests\Security\SafeSqlPolicyTests.cs","33","var result = SafeSqlValidator.Validate(sql);","Verify all SQL-view/KPI/user-defined SQL flows route through one validator."
"SQL validator touchpoint","INFO","Backend\tests\PlantProcess.Application.UnitTests\Security\SafeSqlPolicyTests.cs","48","var result = SafeSqlValidator.Validate(sql);","Verify all SQL-view/KPI/user-defined SQL flows route through one validator."
"SQL validator touchpoint","INFO","Backend\tests\PlantProcess.Application.UnitTests\Security\SafeSqlPolicyTests.cs","63","var result = SafeSqlValidator.Validate(sql);","Verify all SQL-view/KPI/user-defined SQL flows route through one validator."
"SQL validator touchpoint","INFO","Backend\tests\PlantProcess.Application.UnitTests\Security\SafeSqlPolicyTests.cs","80","var result = SafeSqlValidator.Validate(sql);","Verify all SQL-view/KPI/user-defined SQL flows route through one validator."
"SQL validator touchpoint","INFO","Backend\tests\PlantProcess.Application.UnitTests\Security\SafeSqlPolicyTests.cs","100","var result = SafeSqlValidator.Validate(sql);","Verify all SQL-view/KPI/user-defined SQL flows route through one validator."
"SQL validator touchpoint","INFO","Backend\tests\PlantProcess.Application.UnitTests\Security\SafeSqlPolicyTests.cs","119","var result = SafeSqlValidator.Validate(sql);","Verify all SQL-view/KPI/user-defined SQL flows route through one validator."
"SQL validator touchpoint","INFO","Backend\tests\PlantProcess.Application.UnitTests\Security\SafeSqlPolicyTests.cs","134","var result = SafeSqlValidator.Validate(sql);","Verify all SQL-view/KPI/user-defined SQL flows route through one validator."
"SQL validator touchpoint","INFO","Backend\tests\PlantProcess.Application.UnitTests\Security\SafeSqlPolicyTests.cs","147","var result = SafeSqlValidator.Validate(sql);","Verify all SQL-view/KPI/user-defined SQL flows route through one validator."
"SQL validator touchpoint","INFO","Backend\tests\PlantProcess.Application.UnitTests\Security\SafeSqlPolicyTests.cs","161","var result = SafeSqlValidator.Validate(sql);","Verify all SQL-view/KPI/user-defined SQL flows route through one validator."
"SQL validator touchpoint","INFO","Backend\tests\PlantProcess.Application.UnitTests\Security\SafeSqlPolicyTests.cs","173","var result = SafeSqlValidator.Validate(sql);","Verify all SQL-view/KPI/user-defined SQL flows route through one validator."
"SQL validator touchpoint","INFO","Backend\tests\PlantProcess.Application.UnitTests\Security\SafeSqlPolicyTests.cs","181","var result = SafeSqlValidator.Validate(sql);","Verify all SQL-view/KPI/user-defined SQL flows route through one validator."
"SQL validator touchpoint","INFO","Backend\tests\PlantProcess.Application.UnitTests\Security\SafeSqlPolicyTests.cs","194","var result = SafeSqlValidator.Validate(sql);","Verify all SQL-view/KPI/user-defined SQL flows route through one validator."
"SQL validator touchpoint","INFO","Backend\tests\PlantProcess.Application.UnitTests\Security\SafeSqlValidatorPhase1Tests.cs","6","public sealed class SafeSqlValidatorPhase1Tests","Verify all SQL-view/KPI/user-defined SQL flows route through one validator."
"SQL validator touchpoint","INFO","Backend\tests\PlantProcess.Application.UnitTests\Security\SafeSqlValidatorPhase1Tests.cs","15","var result = SafeSqlValidator.Validate(sql);","Verify all SQL-view/KPI/user-defined SQL flows route through one validator."
"SQL validator touchpoint","INFO","Backend\tests\PlantProcess.Application.UnitTests\Security\SafeSqlValidatorPhase1Tests.cs","29","var result = SafeSqlValidator.Validate(sql);","Verify all SQL-view/KPI/user-defined SQL flows route through one validator."
"SQL validator touchpoint","INFO","Backend\tests\PlantProcess.Application.UnitTests\Security\SafeSqlValidatorPhase1Tests.cs","37","var result = SafeSqlValidator.Validate(","Verify all SQL-view/KPI/user-defined SQL flows route through one validator."
"Tenant/RLS/GUC touchpoint","INFO","Backend\database\database.apply-order.manifest.md","36","| 10_security_admin | 510 | SECURITY_ADMIN | ADMIN_ONLY | DBAOrOperator | HIGH | Backend\database\scripts\510_v5_p02_rls_tenant_isolation_and_secret_vault.sql | Never run in normal app migration flow |","Review for unified tenant GUC naming and EF path coverage."
"Tenant/RLS/GUC touchpoint","INFO","Backend\database\scripts\300_p01_p02_security_access_control_spine.sql","22","CREATE TABLE IF NOT EXISTS public.ppiq_tenants (","Review for unified tenant GUC naming and EF path coverage."
"Tenant/RLS/GUC touchpoint","INFO","Backend\database\scripts\300_p01_p02_security_access_control_spine.sql","30","CONSTRAINT ck_ppiq_tenants_license_tier","Review for unified tenant GUC naming and EF path coverage."
"Tenant/RLS/GUC touchpoint","INFO","Backend\database\scripts\300_p01_p02_security_access_control_spine.sql","34","CREATE UNIQUE INDEX IF NOT EXISTS ux_ppiq_tenants_tenant_code","Review for unified tenant GUC naming and EF path coverage."
"Tenant/RLS/GUC touchpoint","INFO","Backend\database\scripts\300_p01_p02_security_access_control_spine.sql","35","ON public.ppiq_tenants (lower(tenant_code));","Review for unified tenant GUC naming and EF path coverage."
"Tenant/RLS/GUC touchpoint","INFO","Backend\database\scripts\300_p01_p02_security_access_control_spine.sql","37","INSERT INTO public.ppiq_tenants (tenant_code, display_name, license_tier, is_active)","Review for unified tenant GUC naming and EF path coverage."
"Tenant/RLS/GUC touchpoint","INFO","Backend\database\scripts\300_p01_p02_security_access_control_spine.sql","41","FROM public.ppiq_tenants","Review for unified tenant GUC naming and EF path coverage."
"Tenant/RLS/GUC touchpoint","INFO","Backend\database\scripts\300_p01_p02_security_access_control_spine.sql","51","tenant_id uuid NOT NULL REFERENCES public.ppiq_tenants(id) ON DELETE RESTRICT,","Review for unified tenant GUC naming and EF path coverage."
"Tenant/RLS/GUC touchpoint","INFO","Backend\database\scripts\300_p01_p02_security_access_control_spine.sql","108","tenant_id uuid NOT NULL REFERENCES public.ppiq_tenants(id) ON DELETE CASCADE,","Review for unified tenant GUC naming and EF path coverage."
"Tenant/RLS/GUC touchpoint","INFO","Backend\database\scripts\300_p01_p02_security_access_control_spine.sql","324","FROM public.ppiq_tenants t","Review for unified tenant GUC naming and EF path coverage."
"Tenant/RLS/GUC touchpoint","INFO","Backend\database\scripts\300_p01_p02_security_access_control_spine.sql","344","JOIN public.ppiq_tenants t","Review for unified tenant GUC naming and EF path coverage."
"Tenant/RLS/GUC touchpoint","INFO","Backend\database\scripts\301_p01_p02_authstore_compatibility_bridge.sql","12","--     ppiq_tenants","Review for unified tenant GUC naming and EF path coverage."
"Tenant/RLS/GUC touchpoint","INFO","Backend\database\scripts\310_p03_p04_mapping_genealogy_foundation.sql","41","IF to_regclass('public.ppiq_tenants') IS NULL THEN","Review for unified tenant GUC naming and EF path coverage."
"Tenant/RLS/GUC touchpoint","INFO","Backend\database\scripts\310_p03_p04_mapping_genealogy_foundation.sql","42","RAISE EXCEPTION 'P03/P04 Completion Pack A requires public.ppiq_tenants. Apply P01/P02 first.';","Review for unified tenant GUC naming and EF path coverage."
"Tenant/RLS/GUC touchpoint","INFO","Backend\database\scripts\310_p03_p04_mapping_genealogy_foundation.sql","373","FROM public.ppiq_tenants","Review for unified tenant GUC naming and EF path coverage."
"Tenant/RLS/GUC touchpoint","INFO","Backend\database\scripts\310_p03_p04_mapping_genealogy_foundation.sql","813","JOIN public.ppiq_tenants t ON t.id = m.tenant_id","Review for unified tenant GUC naming and EF path coverage."
"Tenant/RLS/GUC touchpoint","INFO","Backend\database\scripts\310_p03_p04_mapping_genealogy_foundation.sql","832","JOIN public.ppiq_tenants t ON t.id = d.tenant_id","Review for unified tenant GUC naming and EF path coverage."
"Tenant/RLS/GUC touchpoint","INFO","Backend\database\scripts\312_p03_p04_completion_pack_a.sql","22","IF to_regclass('public.ppiq_tenants') IS NULL THEN","Review for unified tenant GUC naming and EF path coverage."
"Tenant/RLS/GUC touchpoint","INFO","Backend\database\scripts\312_p03_p04_completion_pack_a.sql","23","RAISE EXCEPTION 'Missing public.ppiq_tenants. Apply P01/P02 first.';","Review for unified tenant GUC naming and EF path coverage."
"Tenant/RLS/GUC touchpoint","INFO","Backend\database\scripts\312_p03_p04_completion_pack_a.sql","330","FROM public.ppiq_tenants","Review for unified tenant GUC naming and EF path coverage."
"Tenant/RLS/GUC touchpoint","INFO","Backend\database\scripts\312_p03_p04_completion_pack_a.sql","646","JOIN public.ppiq_tenants t ON t.id = d.tenant_id","Review for unified tenant GUC naming and EF path coverage."
"Tenant/RLS/GUC touchpoint","INFO","Backend\database\scripts\313_p03_p04_completion_pack_a_hotfix.sql","121","FROM public.ppiq_tenants pt","Review for unified tenant GUC naming and EF path coverage."
"Tenant/RLS/GUC touchpoint","INFO","Backend\database\scripts\400_phase4_demo_costs_DEMO_ONLY.sql","18","FROM public.ppiq_tenants t","Review for unified tenant GUC naming and EF path coverage."
"Tenant/RLS/GUC touchpoint","INFO","Backend\database\scripts\510_v5_p02_rls_tenant_isolation_and_secret_vault.sql","9","--   database role is not BYPASSRLS and FORCE RLS is enabled on tenant tables.","Review for unified tenant GUC naming and EF path coverage."
"Tenant/RLS/GUC touchpoint","INFO","Backend\database\scripts\510_v5_p02_rls_tenant_isolation_and_secret_vault.sql","13","--   2) RLS policies for uuid tenant_id application tables","Review for unified tenant GUC naming and EF path coverage."
"Tenant/RLS/GUC touchpoint","INFO","Backend\database\scripts\510_v5_p02_rls_tenant_isolation_and_secret_vault.sql","34","SELECT NULLIF(current_setting('app.current_tenant', true), '')::uuid;","Review for unified tenant GUC naming and EF path coverage."
"Tenant/RLS/GUC touchpoint","INFO","Backend\database\scripts\510_v5_p02_rls_tenant_isolation_and_secret_vault.sql","38","'Doctrine v5 P02: session tenant resolved from app.current_tenant GUC for RLS policies.';","Review for unified tenant GUC naming and EF path coverage."
"Tenant/RLS/GUC touchpoint","INFO","Backend\database\scripts\510_v5_p02_rls_tenant_isolation_and_secret_vault.sql","41","-- 2) Apply RLS to tenant-scoped application tables","Review for unified tenant GUC naming and EF path coverage."
"Tenant/RLS/GUC touchpoint","INFO","Backend\database\scripts\510_v5_p02_rls_tenant_isolation_and_secret_vault.sql","65","'ppiq_tenants',","Review for unified tenant GUC naming and EF path coverage."
"Tenant/RLS/GUC touchpoint","INFO","Backend\database\scripts\510_v5_p02_rls_tenant_isolation_and_secret_vault.sql","74","policy_name := 'ppiq_tenant_isolation_' || r.table_name;","Review for unified tenant GUC naming and EF path coverage."
"Tenant/RLS/GUC touchpoint","INFO","Backend\database\scripts\510_v5_p02_rls_tenant_isolation_and_secret_vault.sql","131","k := current_setting('app.ppiq_secret_key', true);","Review for unified tenant GUC naming and EF path coverage."
"Tenant/RLS/GUC touchpoint","INFO","Backend\database\scripts\510_v5_p02_rls_tenant_isolation_and_secret_vault.sql","147","k := current_setting('app.ppiq_secret_key', true);","Review for unified tenant GUC naming and EF path coverage."
"Tenant/RLS/GUC touchpoint","INFO","Backend\database\scripts\510_v5_p02_rls_tenant_isolation_and_secret_vault.sql","226","CREATE OR REPLACE VIEW public.ppiq_v5_rls_status AS","Review for unified tenant GUC naming and EF path coverage."
"Tenant/RLS/GUC touchpoint","INFO","Backend\database\scripts\510_v5_p02_rls_tenant_isolation_and_secret_vault.sql","230","c.relrowsecurity AS rls_enabled,","Review for unified tenant GUC naming and EF path coverage."
"Tenant/RLS/GUC touchpoint","INFO","Backend\database\scripts\510_v5_p02_rls_tenant_isolation_and_secret_vault.sql","231","c.relforcerowsecurity AS rls_forced,","Review for unified tenant GUC naming and EF path coverage."
"Tenant/RLS/GUC touchpoint","INFO","Backend\database\scripts\510_v5_p02_rls_tenant_isolation_and_secret_vault.sql","236","AND p.polname = 'ppiq_tenant_isolation_' || c.relname","Review for unified tenant GUC naming and EF path coverage."
"Tenant/RLS/GUC touchpoint","INFO","Backend\database\scripts\510_v5_p02_rls_tenant_isolation_and_secret_vault.sql","251","'ppiq_tenants',","Review for unified tenant GUC naming and EF path coverage."
"Tenant/RLS/GUC touchpoint","INFO","Backend\database\scripts\510_v5_p02_rls_tenant_isolation_and_secret_vault.sql","263","r.rolbypassrls AS has_bypassrls,","Review for unified tenant GUC naming and EF path coverage."
"Tenant/RLS/GUC touchpoint","INFO","Backend\database\scripts\510_v5_p02_rls_tenant_isolation_and_secret_vault.sql","269","CREATE OR REPLACE FUNCTION public.ppiq_v5_rls_acceptance()","Review for unified tenant GUC naming and EF path coverage."
"Tenant/RLS/GUC touchpoint","INFO","Backend\database\scripts\510_v5_p02_rls_tenant_isolation_and_secret_vault.sql","279","'RLS policies installed',","Review for unified tenant GUC naming and EF path coverage."
"Tenant/RLS/GUC touchpoint","INFO","Backend\database\scripts\510_v5_p02_rls_tenant_isolation_and_secret_vault.sql","281","SELECT 1 FROM public.ppiq_v5_rls_status","Review for unified tenant GUC naming and EF path coverage."
"Tenant/RLS/GUC touchpoint","INFO","Backend\database\scripts\510_v5_p02_rls_tenant_isolation_and_secret_vault.sql","282","WHERE NOT (rls_enabled AND rls_forced AND has_ppiq_policy)","Review for unified tenant GUC naming and EF path coverage."
"Tenant/RLS/GUC touchpoint","INFO","Backend\database\scripts\510_v5_p02_rls_tenant_isolation_and_secret_vault.sql","286","FROM public.ppiq_v5_rls_status","Review for unified tenant GUC naming and EF path coverage."
"Tenant/RLS/GUC touchpoint","INFO","Backend\database\scripts\510_v5_p02_rls_tenant_isolation_and_secret_vault.sql","287","WHERE NOT (rls_enabled AND rls_forced AND has_ppiq_policy)),","Review for unified tenant GUC naming and EF path coverage."
"Tenant/RLS/GUC touchpoint","INFO","Backend\database\scripts\510_v5_p02_rls_tenant_isolation_and_secret_vault.sql","288","'All uuid tenant_id application tables have RLS enabled, forced, and policy installed.'","Review for unified tenant GUC naming and EF path coverage."
"Tenant/RLS/GUC touchpoint","INFO","Backend\database\scripts\510_v5_p02_rls_tenant_isolation_and_secret_vault.sql","292","'Runtime role is RLS capable',","Review for unified tenant GUC naming and EF path coverage."
"Tenant/RLS/GUC touchpoint","INFO","Backend\database\scripts\510_v5_p02_rls_tenant_isolation_and_secret_vault.sql","296","WHERE has_bypassrls = false","Review for unified tenant GUC naming and EF path coverage."
"Tenant/RLS/GUC touchpoint","INFO","Backend\database\scripts\510_v5_p02_rls_tenant_isolation_and_secret_vault.sql","300","(SELECT 'runtime_role=' || runtime_role || ', bypassrls=' || has_bypassrls || ', superuser=' || is_superuser","Review for unified tenant GUC naming and EF path coverage."
"Tenant/RLS/GUC touchpoint","INFO","Backend\database\scripts\510_v5_p02_rls_tenant_isolation_and_secret_vault.sql","320","SELECT * FROM public.ppiq_v5_rls_acceptance();","Review for unified tenant GUC naming and EF path coverage."
"Tenant/RLS/GUC touchpoint","INFO","Backend\database\scripts\511_v5_p02_hotpath_explain_review.sql","5","-- Run manually after applying 510_v5_p02_rls_tenant_isolation_and_secret_vault.sql.","Review for unified tenant GUC naming and EF path coverage."
"Tenant/RLS/GUC touchpoint","INFO","Backend\database\scripts\511_v5_p02_hotpath_explain_review.sql","10","SELECT set_config('app.current_tenant', '00000000-0000-0000-0000-000000000001', false);","Review for unified tenant GUC naming and EF path coverage."
"Tenant/RLS/GUC touchpoint","INFO","Backend\database\scripts\530_v5_p04_assistant_model_gateway_boundary.sql","133","-- RLS policies if P02 is present.","Review for unified tenant GUC naming and EF path coverage."
"Tenant/RLS/GUC touchpoint","INFO","Backend\database\scripts\530_v5_p04_assistant_model_gateway_boundary.sql","162","p := 'ppiq_tenant_isolation_' || r.table_name;","Review for unified tenant GUC naming and EF path coverage."
"Tenant/RLS/GUC touchpoint","INFO","Backend\database\scripts\530_v5_p04_assistant_model_gateway_boundary.sql","179","SELECT set_config('app.current_tenant', '00000000-0000-0000-0000-000000000001', false);","Review for unified tenant GUC naming and EF path coverage."
"Tenant/RLS/GUC touchpoint","INFO","Backend\database\scripts\540_v5_p05_visual_mapper_foundation.sql","214","-- RLS if P02 helper exists.","Review for unified tenant GUC naming and EF path coverage."
"Tenant/RLS/GUC touchpoint","INFO","Backend\database\scripts\540_v5_p05_visual_mapper_foundation.sql","242","p := 'ppiq_tenant_isolation_' || t;","Review for unified tenant GUC naming and EF path coverage."
"Tenant/RLS/GUC touchpoint","INFO","Backend\database\scripts\540_v5_p05_visual_mapper_foundation.sql","255","-- Built-in templates are tenant-neutral; keep RLS off because tenant_id is nullable.","Review for unified tenant GUC naming and EF path coverage."
"Tenant/RLS/GUC touchpoint","INFO","Backend\database\scripts\560_v5_p07_plant_connector_breadth.sql","146","-- RLS if P02 exists.","Review for unified tenant GUC naming and EF path coverage."
"Tenant/RLS/GUC touchpoint","INFO","Backend\database\scripts\560_v5_p07_plant_connector_breadth.sql","171","p := 'ppiq_tenant_isolation_' || t;","Review for unified tenant GUC naming and EF path coverage."
"Tenant/RLS/GUC touchpoint","INFO","Backend\database\scripts\570_v5_p08_enterprise_identity_mfa_sessions.sql","144","-- RLS if P02 exists.","Review for unified tenant GUC naming and EF path coverage."
"Tenant/RLS/GUC touchpoint","INFO","Backend\database\scripts\570_v5_p08_enterprise_identity_mfa_sessions.sql","169","p := 'ppiq_tenant_isolation_' || t;","Review for unified tenant GUC naming and EF path coverage."
"Tenant/RLS/GUC touchpoint","INFO","Backend\database\scripts\570_v5_p08_enterprise_identity_mfa_sessions.sql","182","SELECT set_config('app.current_tenant', '00000000-0000-0000-0000-000000000001', false);","Review for unified tenant GUC naming and EF path coverage."
"Tenant/RLS/GUC touchpoint","INFO","Backend\database\scripts\580_v5_p09_enterprise_identity_sso_scim.sql","153","-- RLS if P02 exists.","Review for unified tenant GUC naming and EF path coverage."
"Tenant/RLS/GUC touchpoint","INFO","Backend\database\scripts\580_v5_p09_enterprise_identity_sso_scim.sql","179","p := 'ppiq_tenant_isolation_' || t;","Review for unified tenant GUC naming and EF path coverage."
"Tenant/RLS/GUC touchpoint","INFO","Backend\database\scripts\580_v5_p09_enterprise_identity_sso_scim.sql","192","SELECT set_config('app.current_tenant', '00000000-0000-0000-0000-000000000001', false);","Review for unified tenant GUC naming and EF path coverage."
"Tenant/RLS/GUC touchpoint","INFO","Backend\database\scripts\590_v5_p10_signed_license_anti_tamper.sql","110","-- RLS if P02 exists.","Review for unified tenant GUC naming and EF path coverage."
"Tenant/RLS/GUC touchpoint","INFO","Backend\database\scripts\590_v5_p10_signed_license_anti_tamper.sql","131","p := 'ppiq_tenant_isolation_' || t;","Review for unified tenant GUC naming and EF path coverage."
"Tenant/RLS/GUC touchpoint","INFO","Backend\database\scripts\600_v5_p11_outbound_notifications_leads.sql","145","-- RLS if P02 exists.","Review for unified tenant GUC naming and EF path coverage."
"Tenant/RLS/GUC touchpoint","INFO","Backend\database\scripts\600_v5_p11_outbound_notifications_leads.sql","168","p := 'ppiq_tenant_isolation_' || t;","Review for unified tenant GUC naming and EF path coverage."
"Tenant/RLS/GUC touchpoint","INFO","Backend\database\scripts\600_v5_p11_outbound_notifications_leads.sql","181","SELECT set_config('app.current_tenant', '00000000-0000-0000-0000-000000000001', false);","Review for unified tenant GUC naming and EF path coverage."
"Tenant/RLS/GUC touchpoint","INFO","Backend\database\scripts\620_v5_p13_deployment_dr_portability.sql","107","p := 'ppiq_tenant_isolation_' || t;","Review for unified tenant GUC naming and EF path coverage."
"Tenant/RLS/GUC touchpoint","INFO","Backend\database\scripts\620_v5_p13_deployment_dr_portability.sql","120","SELECT set_config('app.current_tenant', '00000000-0000-0000-0000-000000000001', false);","Review for unified tenant GUC naming and EF path coverage."
"Tenant/RLS/GUC touchpoint","INFO","Backend\database\scripts\630_v5_p14_compliance_refactor_controls.sql","123","p := 'ppiq_tenant_isolation_' || t;","Review for unified tenant GUC naming and EF path coverage."
"Tenant/RLS/GUC touchpoint","INFO","Backend\database\scripts\630_v5_p14_compliance_refactor_controls.sql","136","SELECT set_config('app.current_tenant', '00000000-0000-0000-0000-000000000001', false);","Review for unified tenant GUC naming and EF path coverage."
"Tenant/RLS/GUC touchpoint","INFO","Backend\database\scripts\650_remaining_p10_ed25519_verified_license.sql","88","p := 'ppiq_tenant_isolation_' || t;","Review for unified tenant GUC naming and EF path coverage."
"Tenant/RLS/GUC touchpoint","INFO","Backend\database\scripts\660_remaining_p09_sso_scim_runtime_certification.sql","85","p := 'ppiq_tenant_isolation_' || t;","Review for unified tenant GUC naming and EF path coverage."
"Tenant/RLS/GUC touchpoint","INFO","Backend\database\scripts\660_remaining_p09_sso_scim_runtime_certification.sql","98","SELECT set_config('app.current_tenant', '00000000-0000-0000-0000-000000000001', false);","Review for unified tenant GUC naming and EF path coverage."
"Tenant/RLS/GUC touchpoint","INFO","Backend\database\scripts\670_pack_b4_connector_runtime_certification.sql","110","p := 'ppiq_tenant_isolation_' || t;","Review for unified tenant GUC naming and EF path coverage."
"Tenant/RLS/GUC touchpoint","INFO","Backend\database\scripts\670_pack_b4_connector_runtime_certification.sql","123","SELECT set_config('app.current_tenant', '00000000-0000-0000-0000-000000000001', false);","Review for unified tenant GUC naming and EF path coverage."
"Tenant/RLS/GUC touchpoint","INFO","Backend\database\scripts\680_pack_b5_private_model_gateway_ciso_controls.sql","131","p := 'ppiq_tenant_isolation_' || t;","Review for unified tenant GUC naming and EF path coverage."
"Tenant/RLS/GUC touchpoint","INFO","Backend\database\scripts\680_pack_b5_private_model_gateway_ciso_controls.sql","144","SELECT set_config('app.current_tenant', '00000000-0000-0000-0000-000000000001', false);","Review for unified tenant GUC naming and EF path coverage."
"Tenant/RLS/GUC touchpoint","INFO","Backend\docker-compose.yml","31","ASPNETCORE_URLS: ${ASPNETCORE_URLS:-http://0.0.0.0:5063}","Review for unified tenant GUC naming and EF path coverage."
"Tenant/RLS/GUC touchpoint","INFO","Backend\PlantProcess.Api\AssistantGateway\V5AssistantGateway.cs","327","tenantCmd.CommandText = ""SELECT set_config('app.current_tenant', @tenant_id, false)"";","Review for unified tenant GUC naming and EF path coverage."
"Tenant/RLS/GUC touchpoint","INFO","Backend\PlantProcess.Api\AssistantGateway\V5AssistantGateway.cs","407","tenantCmd.CommandText = ""SELECT set_config('app.current_tenant', @tenant_id, false)"";","Review for unified tenant GUC naming and EF path coverage."
"Tenant/RLS/GUC touchpoint","INFO","Backend\PlantProcess.Api\AssistantGateway\V5AssistantGateway.cs","546","tenantCmd.CommandText = ""SELECT set_config('app.current_tenant', @tenant_id, false)"";","Review for unified tenant GUC naming and EF path coverage."
"Tenant/RLS/GUC touchpoint","INFO","Backend\PlantProcess.Api\AssistantGateway\V5AssistantGateway.cs","607","tenantCmd.CommandText = ""SELECT set_config('app.current_tenant', @tenant_id, false)"";","Review for unified tenant GUC naming and EF path coverage."
"Tenant/RLS/GUC touchpoint","INFO","Backend\PlantProcess.Api\AssistantGateway\V5PrivateModelGatewayCertificationEndpoints.cs","756","cmd.CommandText = ""SELECT set_config('app.current_tenant', @tenant_id, false)"";","Review for unified tenant GUC naming and EF path coverage."
"Tenant/RLS/GUC touchpoint","INFO","Backend\PlantProcess.Api\BlendedProvenance\V5BlendedProvenanceEndpoints.cs","138","cmd.CommandText = ""SELECT set_config('app.current_tenant', @tenant_id, false)"";","Review for unified tenant GUC naming and EF path coverage."
"Tenant/RLS/GUC touchpoint","INFO","Backend\PlantProcess.Api\ComplianceControls\V5ComplianceControlsEndpoints.cs","483","cmd.CommandText = ""SELECT set_config('app.current_tenant', @tenant_id, false)"";","Review for unified tenant GUC naming and EF path coverage."
"Tenant/RLS/GUC touchpoint","INFO","Backend\PlantProcess.Api\DeploymentPortability\V5DeploymentPortabilityEndpoints.cs","268","cmd.CommandText = ""SELECT set_config('app.current_tenant', @tenant_id, false)"";","Review for unified tenant GUC naming and EF path coverage."
"Tenant/RLS/GUC touchpoint","INFO","Backend\PlantProcess.Api\EnterpriseIdentity\V5EnterpriseIdentityEndpoints.cs","801","cmd.CommandText = ""SELECT set_config('app.current_tenant', @tenant_id, false)"";","Review for unified tenant GUC naming and EF path coverage."
"Tenant/RLS/GUC touchpoint","INFO","Backend\PlantProcess.Api\EnterpriseSsoScim\V5EnterpriseSsoScimEndpoints.cs","854","cmd.CommandText = ""SELECT set_config('app.current_tenant', @tenant_id, false)"";","Review for unified tenant GUC naming and EF path coverage."
"Tenant/RLS/GUC touchpoint","INFO","Backend\PlantProcess.Api\EnterpriseSsoScim\V5IdentityRuntimeCertificationEndpoints.cs","799","cmd.CommandText = ""SELECT set_config('app.current_tenant', @tenant_id, false)"";","Review for unified tenant GUC naming and EF path coverage."
"Tenant/RLS/GUC touchpoint","INFO","Backend\PlantProcess.Api\OutboundLeadSystem\V5OutboundLeadSystemEndpoints.cs","733","cmd.CommandText = ""SELECT set_config('app.current_tenant', @tenant_id, false)"";","Review for unified tenant GUC naming and EF path coverage."
"Tenant/RLS/GUC touchpoint","INFO","Backend\PlantProcess.Api\PlantConnectors\V5ConnectorRuntimeCertificationEndpoints.cs","894","cmd.CommandText = ""SELECT set_config('app.current_tenant', @tenant_id, false)"";","Review for unified tenant GUC naming and EF path coverage."
"Tenant/RLS/GUC touchpoint","INFO","Backend\PlantProcess.Api\PlantConnectors\V5PlantConnectorEndpoints.cs","631","cmd.CommandText = ""SELECT set_config('app.current_tenant', @tenant_id, false)"";","Review for unified tenant GUC naming and EF path coverage."
"Tenant/RLS/GUC touchpoint","INFO","Backend\PlantProcess.Api\Properties\launchSettings.json","32","""ASPNETCORE_URLS"": ""http://0.0.0.0:5063"",","Review for unified tenant GUC naming and EF path coverage."
"Tenant/RLS/GUC touchpoint","INFO","Backend\PlantProcess.Api\SignedLicensing\V5Ed25519LicenseEndpoints.cs","693","cmd.CommandText = ""SELECT set_config('app.current_tenant', @tenant_id, false)"";","Review for unified tenant GUC naming and EF path coverage."
"Tenant/RLS/GUC touchpoint","INFO","Backend\PlantProcess.Api\SignedLicensing\V5SignedLicensingEndpoints.cs","690","cmd.CommandText = ""SELECT set_config('app.current_tenant', @tenant_id, false)"";","Review for unified tenant GUC naming and EF path coverage."
"Tenant/RLS/GUC touchpoint","INFO","Backend\PlantProcess.Api\SignedLicensing\VerifiedEd25519LicenseService.cs","283","tenantCmd.CommandText = ""SELECT set_config('app.current_tenant', @tenant_id, false)"";","Review for unified tenant GUC naming and EF path coverage."
"Tenant/RLS/GUC touchpoint","INFO","Backend\PlantProcess.Api\VisualMapper\V5VisualMapperEndpoints.cs","713","cmd.CommandText = ""SELECT set_config('app.current_tenant', @tenant_id, false)"";","Review for unified tenant GUC naming and EF path coverage."
"Tenant/RLS/GUC touchpoint","INFO","Backend\PlantProcess.Infrastructure\Security\TenantGucConnectionInterceptor.cs","10","/// Sets the PostgreSQL app.current_tenant GUC on each opened EF/Npgsql connection.","Review for unified tenant GUC naming and EF path coverage."
"Tenant/RLS/GUC touchpoint","INFO","Backend\PlantProcess.Infrastructure\Security\TenantGucConnectionInterceptor.cs","11","/// RLS policies read this GUC, so app-level WHERE clauses are no longer the only","Review for unified tenant GUC naming and EF path coverage."
"Tenant/RLS/GUC touchpoint","INFO","Backend\PlantProcess.Infrastructure\Security\TenantGucConnectionInterceptor.cs","50","cmd.CommandText = ""SELECT set_config('app.current_tenant', @tenant_id, false)"";","Review for unified tenant GUC naming and EF path coverage."
"Tenant/RLS/GUC touchpoint","INFO","Backend\PlantProcess.Infrastructure\Security\TenantGucConnectionInterceptor.cs","68","cmd.CommandText = ""SELECT set_config('app.current_tenant', @tenant_id, false)"";","Review for unified tenant GUC naming and EF path coverage."
"Tenant/RLS/GUC touchpoint","INFO","Backend\tests\PlantProcess.Api.IntegrationTests\Genealogy\GenealogyGoldenThreadTests.cs","72","await using var cmd = new NpgsqlCommand(""SELECT id FROM public.ppiq_tenants ORDER BY created_at_utc LIMIT 1"", c);","Review for unified tenant GUC naming and EF path coverage."
"Tenant/RLS/GUC touchpoint","INFO","Backend\tests\PlantProcess.Api.IntegrationTests\Infrastructure\AuthenticatedApiTestBase.cs","280","psi.Environment[""ASPNETCORE_URLS""] = uri.ToString().TrimEnd('/');","Review for unified tenant GUC naming and EF path coverage."
"Tenant/RLS/GUC touchpoint","INFO","Frontend\PlantProcess.Web\package-lock.json","3975","""node_modules/data-urls"": {","Review for unified tenant GUC naming and EF path coverage."
"Tenant/RLS/GUC touchpoint","INFO","Frontend\PlantProcess.Web\package-lock.json","3977","""resolved"": ""https://registry.npmjs.org/data-urls/-/data-urls-7.0.0.tgz"",","Review for unified tenant GUC naming and EF path coverage."
"Tenant/RLS/GUC touchpoint","INFO","Frontend\PlantProcess.Web\package-lock.json","5027","""data-urls"": ""^7.0.0"",","Review for unified tenant GUC naming and EF path coverage."
"Tenant/RLS/GUC touchpoint","INFO","Frontend\PlantProcess.Web\package-lock.json","6949","""integrity"": ""sha512-q5W7tVM71e2xjHZTlgfTDoPF/SmqKG5hddq9SzR49CH2hayqRKJtQ4mtRlSxKaJlR/+9rEM+mnBHf7I2/BQcpQ=="",","Review for unified tenant GUC naming and EF path coverage."
"Tenant/RLS/GUC touchpoint","INFO","Frontend\PlantProcess.Web\playwright.config.ts","81","command: `dotnet run --project ${backendProject} --urls ${apiBaseUrl}`,","Review for unified tenant GUC naming and EF path coverage."
"Tenant/RLS/GUC touchpoint","INFO","Frontend\PlantProcess.Web\playwright.config.ts","87","ASPNETCORE_URLS: apiBaseUrl,","Review for unified tenant GUC naming and EF path coverage."
"Tenant/RLS/GUC touchpoint","INFO","Frontend\PlantProcess.Web\src\api\http\apiClient.ts","117","const searchParams = new URLSearchParams();","Review for unified tenant GUC naming and EF path coverage."
"Tenant/RLS/GUC touchpoint","INFO","Frontend\PlantProcess.Web\src\api\productApiHardening.implementation.ts","62","const searchParams = new URLSearchParams();","Review for unified tenant GUC naming and EF path coverage."
"Tenant/RLS/GUC touchpoint","INFO","Frontend\PlantProcess.Web\src\api\productCoreApiClient.implementation.ts","1064","const params = new URLSearchParams();","Review for unified tenant GUC naming and EF path coverage."
"Tenant/RLS/GUC touchpoint","INFO","Frontend\PlantProcess.Web\src\api\workflow-foundation\workflowFoundation.api.ts","329","const search = new URLSearchParams();","Review for unified tenant GUC naming and EF path coverage."
"Tenant/RLS/GUC touchpoint","INFO","Frontend\PlantProcess.Web\src\components\standard\StandardTabs.stories.tsx","45","export const UrlSynced: Story = { render: () => <Demo url /> };","Review for unified tenant GUC naming and EF path coverage."
"Tenant/RLS/GUC touchpoint","INFO","Frontend\PlantProcess.Web\src\components\standard\StandardTabs.tsx","51","const params = new URLSearchParams(window.location.search);","Review for unified tenant GUC naming and EF path coverage."
"Thin backend test","LOW","Backend\tests\PlantProcess.Analytics.Core.Tests\Provenance\CorrelationConsolidationArchitectureTests.cs","1","19 lines","Review whether this test provides meaningful behavior coverage."
"Thin backend test","LOW","Backend\tests\PlantProcess.Analytics.Core.Tests\TestContext.cs","1","14 lines","Review whether this test provides meaningful behavior coverage."
"Thin backend test","LOW","Backend\tests\PlantProcess.Analytics.Core.Tests\Value\ValueHonestyLintTests.cs","1","29 lines","Review whether this test provides meaningful behavior coverage."
"Thin backend test","LOW","Backend\tests\PlantProcess.Analytics.Engine.Tests\PostgresAdapterIntegrationTests.cs","1","36 lines","Review whether this test provides meaningful behavior coverage."
"Thin backend test","LOW","Backend\tests\PlantProcess.Api.IntegrationTests\AssemblyInfo.cs","1","3 lines","Review whether this test provides meaningful behavior coverage."
"Thin backend test","LOW","Backend\tests\PlantProcess.Api.IntegrationTests\Health\HealthEndpointTests.cs","1","24 lines","Review whether this test provides meaningful behavior coverage."
"Thin backend test","LOW","Backend\tests\PlantProcess.Api.IntegrationTests\Middleware\SecurityHeadersMiddlewareTests.cs","1","28 lines","Review whether this test provides meaningful behavior coverage."
"Thin backend test","LOW","Backend\tests\PlantProcess.Api.IntegrationTests\OpenApi\OpenApiMlAndDynamicEndpointContractTests.cs","1","40 lines","Review whether this test provides meaningful behavior coverage."
"Thin backend test","LOW","Backend\tests\PlantProcess.Api.IntegrationTests\Smoke\ApiSmokeEndpointTests.cs","1","33 lines","Review whether this test provides meaningful behavior coverage."
"Thin backend test","LOW","Backend\tests\PlantProcess.Application.UnitTests\Analytics\QualityLabelBuilderServiceTests.cs","1","41 lines","Review whether this test provides meaningful behavior coverage."
"Thin backend test","LOW","Backend\tests\PlantProcess.Application.UnitTests\Common\PageRequestTests.cs","1","39 lines","Review whether this test provides meaningful behavior coverage."
"Thin backend test","LOW","Backend\tests\PlantProcess.Application.UnitTests\Common\TextNormalizerTests.cs","1","40 lines","Review whether this test provides meaningful behavior coverage."
"Thin backend test","LOW","Backend\tests\PlantProcess.Application.UnitTests\Phase1_KpiSqlGuardTests.cs","1","29 lines","Review whether this test provides meaningful behavior coverage."
"Thin backend test","LOW","Backend\tests\PlantProcess.Application.UnitTests\Phase2_CorrelationEngineRegistryTests.cs","1","32 lines","Review whether this test provides meaningful behavior coverage."
"Thin backend test","LOW","Backend\tests\PlantProcess.Application.UnitTests\Phase3_CostAssumptionValidatorTests.cs","1","37 lines","Review whether this test provides meaningful behavior coverage."
"Thin frontend/e2e test","LOW","Frontend\PlantProcess.Web\e2e\api\phase02-data-lifecycle-contract.spec.ts","1","8 lines","Review whether this is a real journey or only a smoke/stub test."
"Thin frontend/e2e test","LOW","Frontend\PlantProcess.Web\e2e\critical-shell-regression.spec.ts","1","22 lines","Review whether this is a real journey or only a smoke/stub test."
"Thin frontend/e2e test","LOW","Frontend\PlantProcess.Web\e2e\dimension7-brand-identity.spec.ts","1","24 lines","Review whether this is a real journey or only a smoke/stub test."
"Thin frontend/e2e test","LOW","Frontend\PlantProcess.Web\e2e\full-stack-smoke.spec.ts","1","27 lines","Review whether this is a real journey or only a smoke/stub test."
"Thin frontend/e2e test","LOW","Frontend\PlantProcess.Web\e2e\license-gate-ux.spec.ts","1","27 lines","Review whether this is a real journey or only a smoke/stub test."
"Thin frontend/e2e test","LOW","Frontend\PlantProcess.Web\e2e\p1-safety-net.spec.ts","1","27 lines","Review whether this is a real journey or only a smoke/stub test."
"Thin frontend/e2e test","LOW","Frontend\PlantProcess.Web\e2e\p4-advanced-analysis.spec.ts","1","19 lines","Review whether this is a real journey or only a smoke/stub test."
"Thin frontend/e2e test","LOW","Frontend\PlantProcess.Web\e2e\phase56-primary-flows.spec.ts","1","26 lines","Review whether this is a real journey or only a smoke/stub test."
"Thin frontend/e2e test","LOW","Frontend\PlantProcess.Web\e2e\phase78-workflow-widget.spec.ts","1","25 lines","Review whether this is a real journey or only a smoke/stub test."
"Thin frontend/e2e test","LOW","Frontend\PlantProcess.Web\e2e\phase9-action-matrix.spec.ts","1","30 lines","Review whether this is a real journey or only a smoke/stub test."
"Thin frontend/e2e test","LOW","Frontend\PlantProcess.Web\e2e\route-smoke.spec.ts","1","28 lines","Review whether this is a real journey or only a smoke/stub test."
"Thin frontend/e2e test","LOW","Frontend\PlantProcess.Web\src\components\__tests__\AsyncState.test.tsx","1","24 lines","Review whether this is a real journey or only a smoke/stub test."
"Thin frontend/e2e test","LOW","Frontend\PlantProcess.Web\src\components\__tests__\LockedFeatureOverlay.test.tsx","1","17 lines","Review whether this is a real journey or only a smoke/stub test."
"Thin frontend/e2e test","LOW","Frontend\PlantProcess.Web\src\components\__tests__\StatusBadge.test.tsx","1","30 lines","Review whether this is a real journey or only a smoke/stub test."
"Thin frontend/e2e test","LOW","Frontend\PlantProcess.Web\src\pages\Acquisition\__tests__\EdgeCollectorManagementPage.test.tsx","1","14 lines","Review whether this is a real journey or only a smoke/stub test."
"Thin frontend/e2e test","LOW","Frontend\PlantProcess.Web\src\pages\Assistant\__tests__\GroundedAssistantPage.test.tsx","1","13 lines","Review whether this is a real journey or only a smoke/stub test."
"Demo tenant naming assumption","MEDIUM","Backend\database\scripts\301_p01_p02_authstore_compatibility_bridge.sql","37","VALUES ('00000000-0000-0000-0000-000000000001', 'default-demo', 'Default Demo Tenant', 'Demo', true)","Keep demo tenant as seed/config only; avoid product logic depending on demo names."
"Demo tenant naming assumption","MEDIUM","Backend\database\scripts\530_v5_p04_assistant_model_gateway_boundary.sql","176","-- Seed default extractive config for default demo tenant.","Keep demo tenant as seed/config only; avoid product logic depending on demo names."
"Demo tenant naming assumption","MEDIUM","Backend\PlantProcess.Api\AssistantGateway\V5PrivateModelGatewayCertificationEndpoints.cs","38","private static readonly Guid DefaultTenantId = Guid.Parse(""00000000-0000-0000-0000-000000000001"");","Keep demo tenant as seed/config only; avoid product logic depending on demo names."
"Demo tenant naming assumption","MEDIUM","Backend\PlantProcess.Api\AssistantGateway\V5PrivateModelGatewayCertificationEndpoints.cs","745","DefaultTenantId.ToString();","Keep demo tenant as seed/config only; avoid product logic depending on demo names."
"Demo tenant naming assumption","MEDIUM","Backend\PlantProcess.Api\AssistantGateway\V5PrivateModelGatewayCertificationEndpoints.cs","747","return Guid.TryParse(claimValue, out var tenantId) ? tenantId : DefaultTenantId;","Keep demo tenant as seed/config only; avoid product logic depending on demo names."
"Demo tenant naming assumption","MEDIUM","Backend\PlantProcess.Api\ComplianceControls\V5ComplianceControlsEndpoints.cs","33","private static readonly Guid DefaultTenantId = Guid.Parse(""00000000-0000-0000-0000-000000000001"");","Keep demo tenant as seed/config only; avoid product logic depending on demo names."
"Demo tenant naming assumption","MEDIUM","Backend\PlantProcess.Api\ComplianceControls\V5ComplianceControlsEndpoints.cs","472","DefaultTenantId.ToString();","Keep demo tenant as seed/config only; avoid product logic depending on demo names."
"Demo tenant naming assumption","MEDIUM","Backend\PlantProcess.Api\ComplianceControls\V5ComplianceControlsEndpoints.cs","474","return Guid.TryParse(claimValue, out var tenantId) ? tenantId : DefaultTenantId;","Keep demo tenant as seed/config only; avoid product logic depending on demo names."
"Demo tenant naming assumption","MEDIUM","Backend\PlantProcess.Api\DeploymentPortability\V5DeploymentPortabilityEndpoints.cs","27","private static readonly Guid DefaultTenantId = Guid.Parse(""00000000-0000-0000-0000-000000000001"");","Keep demo tenant as seed/config only; avoid product logic depending on demo names."
"Demo tenant naming assumption","MEDIUM","Backend\PlantProcess.Api\DeploymentPortability\V5DeploymentPortabilityEndpoints.cs","257","DefaultTenantId.ToString();","Keep demo tenant as seed/config only; avoid product logic depending on demo names."
"Demo tenant naming assumption","MEDIUM","Backend\PlantProcess.Api\DeploymentPortability\V5DeploymentPortabilityEndpoints.cs","259","return Guid.TryParse(claimValue, out var tenantId) ? tenantId : DefaultTenantId;","Keep demo tenant as seed/config only; avoid product logic depending on demo names."
"Demo tenant naming assumption","MEDIUM","Backend\PlantProcess.Api\Endpoints\Analytics\AdvancedResultsEndpoints.cs","19","Results.Ok(await readiness.EvaluateAsync(new PlantProcess.Application.Analytics.Advanced.AdvancedAnalysisRequest(outcomeKey, string.IsNullOrWhiteSpace(grain) ? ""coil"" : grain!, windowDays ?? 3650, tenantId ?? PlantProcess.Application.Analytics.Advanced.AdvancedDefaults.DemoTenant), ct)));","Keep demo tenant as seed/config only; avoid product logic depending on demo names."
"Demo tenant naming assumption","MEDIUM","Backend\PlantProcess.Api\EnterpriseIdentity\V5EnterpriseIdentityEndpoints.cs","16","private static readonly Guid DefaultTenantId = Guid.Parse(""00000000-0000-0000-0000-000000000001"");","Keep demo tenant as seed/config only; avoid product logic depending on demo names."
"Demo tenant naming assumption","MEDIUM","Backend\PlantProcess.Api\EnterpriseIdentity\V5EnterpriseIdentityEndpoints.cs","790","DefaultTenantId.ToString();","Keep demo tenant as seed/config only; avoid product logic depending on demo names."
"Demo tenant naming assumption","MEDIUM","Backend\PlantProcess.Api\EnterpriseIdentity\V5EnterpriseIdentityEndpoints.cs","792","return Guid.TryParse(claimValue, out var tenantId) ? tenantId : DefaultTenantId;","Keep demo tenant as seed/config only; avoid product logic depending on demo names."
"Demo tenant naming assumption","MEDIUM","Backend\PlantProcess.Api\EnterpriseSsoScim\V5EnterpriseSsoScimEndpoints.cs","45","private static readonly Guid DefaultTenantId = Guid.Parse(""00000000-0000-0000-0000-000000000001"");","Keep demo tenant as seed/config only; avoid product logic depending on demo names."
"Demo tenant naming assumption","MEDIUM","Backend\PlantProcess.Api\EnterpriseSsoScim\V5EnterpriseSsoScimEndpoints.cs","687","return new ScimAuth(false, DefaultTenantId);","Keep demo tenant as seed/config only; avoid product logic depending on demo names."
"Demo tenant naming assumption","MEDIUM","Backend\PlantProcess.Api\EnterpriseSsoScim\V5EnterpriseSsoScimEndpoints.cs","693","await SetTenantAsync(connection, DefaultTenantId, cancellationToken);","Keep demo tenant as seed/config only; avoid product logic depending on demo names."
"Demo tenant naming assumption","MEDIUM","Backend\PlantProcess.Api\EnterpriseSsoScim\V5EnterpriseSsoScimEndpoints.cs","711",": new ScimAuth(false, DefaultTenantId);","Keep demo tenant as seed/config only; avoid product logic depending on demo names."
"Demo tenant naming assumption","MEDIUM","Backend\PlantProcess.Api\EnterpriseSsoScim\V5EnterpriseSsoScimEndpoints.cs","843","DefaultTenantId.ToString();","Keep demo tenant as seed/config only; avoid product logic depending on demo names."
"Demo tenant naming assumption","MEDIUM","Backend\PlantProcess.Api\EnterpriseSsoScim\V5EnterpriseSsoScimEndpoints.cs","845","return Guid.TryParse(claimValue, out var tenantId) ? tenantId : DefaultTenantId;","Keep demo tenant as seed/config only; avoid product logic depending on demo names."
"Demo tenant naming assumption","MEDIUM","Backend\PlantProcess.Api\EnterpriseSsoScim\V5IdentityRuntimeCertificationEndpoints.cs","27","private static readonly Guid DefaultTenantId = Guid.Parse(""00000000-0000-0000-0000-000000000001"");","Keep demo tenant as seed/config only; avoid product logic depending on demo names."
"Demo tenant naming assumption","MEDIUM","Backend\PlantProcess.Api\EnterpriseSsoScim\V5IdentityRuntimeCertificationEndpoints.cs","788","DefaultTenantId.ToString();","Keep demo tenant as seed/config only; avoid product logic depending on demo names."
"Demo tenant naming assumption","MEDIUM","Backend\PlantProcess.Api\EnterpriseSsoScim\V5IdentityRuntimeCertificationEndpoints.cs","790","return Guid.TryParse(claimValue, out var tenantId) ? tenantId : DefaultTenantId;","Keep demo tenant as seed/config only; avoid product logic depending on demo names."
"Demo tenant naming assumption","MEDIUM","Backend\PlantProcess.Api\OutboundLeadSystem\V5OutboundLeadSystemEndpoints.cs","53","private static readonly Guid DefaultTenantId = Guid.Parse(""00000000-0000-0000-0000-000000000001"");","Keep demo tenant as seed/config only; avoid product logic depending on demo names."
"Demo tenant naming assumption","MEDIUM","Backend\PlantProcess.Api\OutboundLeadSystem\V5OutboundLeadSystemEndpoints.cs","722","DefaultTenantId.ToString();","Keep demo tenant as seed/config only; avoid product logic depending on demo names."
"Demo tenant naming assumption","MEDIUM","Backend\PlantProcess.Api\OutboundLeadSystem\V5OutboundLeadSystemEndpoints.cs","724","return Guid.TryParse(claimValue, out var tenantId) ? tenantId : DefaultTenantId;","Keep demo tenant as seed/config only; avoid product logic depending on demo names."
"Demo tenant naming assumption","MEDIUM","Backend\PlantProcess.Api\PlantConnectors\V5ConnectorRuntimeCertificationEndpoints.cs","35","private static readonly Guid DefaultTenantId = Guid.Parse(""00000000-0000-0000-0000-000000000001"");","Keep demo tenant as seed/config only; avoid product logic depending on demo names."
"Demo tenant naming assumption","MEDIUM","Backend\PlantProcess.Api\PlantConnectors\V5ConnectorRuntimeCertificationEndpoints.cs","883","DefaultTenantId.ToString();","Keep demo tenant as seed/config only; avoid product logic depending on demo names."
"Demo tenant naming assumption","MEDIUM","Backend\PlantProcess.Api\PlantConnectors\V5ConnectorRuntimeCertificationEndpoints.cs","885","return Guid.TryParse(claimValue, out var tenantId) ? tenantId : DefaultTenantId;","Keep demo tenant as seed/config only; avoid product logic depending on demo names."
"Demo tenant naming assumption","MEDIUM","Backend\PlantProcess.Api\PlantConnectors\V5PlantConnectorEndpoints.cs","30","private static readonly Guid DefaultTenantId = Guid.Parse(""00000000-0000-0000-0000-000000000001"");","Keep demo tenant as seed/config only; avoid product logic depending on demo names."
"Demo tenant naming assumption","MEDIUM","Backend\PlantProcess.Api\PlantConnectors\V5PlantConnectorEndpoints.cs","620","DefaultTenantId.ToString();","Keep demo tenant as seed/config only; avoid product logic depending on demo names."
"Demo tenant naming assumption","MEDIUM","Backend\PlantProcess.Api\PlantConnectors\V5PlantConnectorEndpoints.cs","622","return Guid.TryParse(claimValue, out var tenantId) ? tenantId : DefaultTenantId;","Keep demo tenant as seed/config only; avoid product logic depending on demo names."
"Demo tenant naming assumption","MEDIUM","Backend\PlantProcess.Api\Security\AuthEndpoints.cs","240","TenantCode: ""default-demo"",","Keep demo tenant as seed/config only; avoid product logic depending on demo names."
"Demo tenant naming assumption","MEDIUM","Backend\PlantProcess.Api\Security\AuthStore.cs","203","""default-demo"",","Keep demo tenant as seed/config only; avoid product logic depending on demo names."
"Demo tenant naming assumption","MEDIUM","Backend\PlantProcess.Api\Security\P01P02SecuritySchema.cs","26","VALUES ('00000000-0000-0000-0000-000000000001', 'default-demo', 'Default Demo Tenant', 'Demo', true)","Keep demo tenant as seed/config only; avoid product logic depending on demo names."
"Demo tenant naming assumption","MEDIUM","Backend\PlantProcess.Api\Security\PlantAccessControl.cs","155","TenantCode: user.FindFirstValue(""tenant_code"") ?? ""default-demo"",","Keep demo tenant as seed/config only; avoid product logic depending on demo names."
"Demo tenant naming assumption","MEDIUM","Backend\PlantProcess.Api\SignedLicensing\V5Ed25519LicenseEndpoints.cs","27","private static readonly Guid DefaultTenantId = Guid.Parse(""00000000-0000-0000-0000-000000000001"");","Keep demo tenant as seed/config only; avoid product logic depending on demo names."
"Demo tenant naming assumption","MEDIUM","Backend\PlantProcess.Api\SignedLicensing\V5Ed25519LicenseEndpoints.cs","682","DefaultTenantId.ToString();","Keep demo tenant as seed/config only; avoid product logic depending on demo names."
"Demo tenant naming assumption","MEDIUM","Backend\PlantProcess.Api\SignedLicensing\V5Ed25519LicenseEndpoints.cs","684","return Guid.TryParse(claimValue, out var tenantId) ? tenantId : DefaultTenantId;","Keep demo tenant as seed/config only; avoid product logic depending on demo names."
"Demo tenant naming assumption","MEDIUM","Backend\PlantProcess.Api\SignedLicensing\V5SignedLicensingEndpoints.cs","33","private static readonly Guid DefaultTenantId = Guid.Parse(""00000000-0000-0000-0000-000000000001"");","Keep demo tenant as seed/config only; avoid product logic depending on demo names."
"Demo tenant naming assumption","MEDIUM","Backend\PlantProcess.Api\SignedLicensing\V5SignedLicensingEndpoints.cs","679","DefaultTenantId.ToString();","Keep demo tenant as seed/config only; avoid product logic depending on demo names."
"Demo tenant naming assumption","MEDIUM","Backend\PlantProcess.Api\SignedLicensing\V5SignedLicensingEndpoints.cs","681","return Guid.TryParse(claimValue, out var tenantId) ? tenantId : DefaultTenantId;","Keep demo tenant as seed/config only; avoid product logic depending on demo names."
"Demo tenant naming assumption","MEDIUM","Backend\PlantProcess.Api\SignedLicensing\VerifiedEd25519LicenseService.cs","12","private static readonly Guid DefaultTenantId = Guid.Parse(""00000000-0000-0000-0000-000000000001"");","Keep demo tenant as seed/config only; avoid product logic depending on demo names."
"Demo tenant naming assumption","MEDIUM","Backend\PlantProcess.Api\SignedLicensing\VerifiedEd25519LicenseService.cs","421","DefaultTenantId.ToString();","Keep demo tenant as seed/config only; avoid product logic depending on demo names."
"Demo tenant naming assumption","MEDIUM","Backend\PlantProcess.Api\SignedLicensing\VerifiedEd25519LicenseService.cs","425",": DefaultTenantId;","Keep demo tenant as seed/config only; avoid product logic depending on demo names."
"Demo tenant naming assumption","MEDIUM","Backend\PlantProcess.Api\VisualMapper\V5VisualMapperEndpoints.cs","51","private static readonly Guid DefaultTenantId = Guid.Parse(""00000000-0000-0000-0000-000000000001"");","Keep demo tenant as seed/config only; avoid product logic depending on demo names."
"Demo tenant naming assumption","MEDIUM","Backend\PlantProcess.Api\VisualMapper\V5VisualMapperEndpoints.cs","700","DefaultTenantId.ToString();","Keep demo tenant as seed/config only; avoid product logic depending on demo names."
"Demo tenant naming assumption","MEDIUM","Backend\PlantProcess.Api\VisualMapper\V5VisualMapperEndpoints.cs","704",": DefaultTenantId;","Keep demo tenant as seed/config only; avoid product logic depending on demo names."
"Demo tenant naming assumption","MEDIUM","Backend\PlantProcess.Application\Analytics\Advanced\AdvancedReadiness.cs","9","/// <summary>P4 defaults. The demo tenant is the Phase-2 fallback until ITenantAccessor lands.</summary>","Keep demo tenant as seed/config only; avoid product logic depending on demo names."
"Demo tenant naming assumption","MEDIUM","Backend\PlantProcess.Application\Analytics\Advanced\AdvancedReadiness.cs","12","public static readonly Guid DemoTenant = Guid.Parse(""00000000-0000-0000-0000-000000000001"");","Keep demo tenant as seed/config only; avoid product logic depending on demo names."
"Demo tenant naming assumption","MEDIUM","Backend\PlantProcess.Infrastructure\Analytics\DotNetAdvancedCorrelationEngine.cs","15","/// ITenantAccessor lands; otherwise the demo tenant.","Keep demo tenant as seed/config only; avoid product logic depending on demo names."
"Demo tenant naming assumption","MEDIUM","Backend\PlantProcess.Infrastructure\Analytics\DotNetAdvancedCorrelationEngine.cs","29","var tenant = AdvancedDefaults.DemoTenant;","Keep demo tenant as seed/config only; avoid product logic depending on demo names."
"Demo tenant naming assumption","MEDIUM","Backend\tests\PlantProcess.Analytics.Core.Tests\TestContext.cs","7","new(ds, new List<string> { ""tenant=default-demo"" }, ""last_30_days"", new DateTimeOffset(2026, 6, 2, 0, 0, 0, TimeSpan.Zero), unit);","Keep demo tenant as seed/config only; avoid product logic depending on demo names."
"Raw EF SQL usage","MEDIUM","Backend\PlantProcess.Api\Endpoints\Admin\LicenseAdminEndpoints.cs","296","await dbContext.Database.ExecuteSqlInterpolatedAsync($@""","Confirm SafeSqlValidator/allowlist/parameterization and tenant context coverage."
"Raw EF SQL usage","MEDIUM","Backend\PlantProcess.Api\Endpoints\Admin\LicenseAdminEndpoints.cs","373","await dbContext.Database.ExecuteSqlRawAsync(""""""","Confirm SafeSqlValidator/allowlist/parameterization and tenant context coverage."
"Raw EF SQL usage","MEDIUM","Backend\PlantProcess.Api\Endpoints\Admin\Phase2OperationEndpoints.cs","251","await dbContext.Database.ExecuteSqlRawAsync(","Confirm SafeSqlValidator/allowlist/parameterization and tenant context coverage."
"Raw EF SQL usage","MEDIUM","Backend\PlantProcess.Api\Endpoints\Admin\Phase2OperationEndpoints.cs","494","await dbContext.Database.ExecuteSqlRawAsync(","Confirm SafeSqlValidator/allowlist/parameterization and tenant context coverage."
"Raw EF SQL usage","MEDIUM","Backend\PlantProcess.Api\Endpoints\Analytics\Phase2InvestigationEndpoints.cs","59","await dbContext.Database.ExecuteSqlRawAsync(","Confirm SafeSqlValidator/allowlist/parameterization and tenant context coverage."
"Raw EF SQL usage","MEDIUM","Backend\PlantProcess.Api\Endpoints\Analytics\Phase2InvestigationEndpoints.cs","356","await dbContext.Database.ExecuteSqlRawAsync(","Confirm SafeSqlValidator/allowlist/parameterization and tenant context coverage."
"Raw EF SQL usage","MEDIUM","Backend\PlantProcess.Api\Endpoints\Dashboarding\DashboardEndpoints.cs","411","await dbContext.Database.ExecuteSqlRawAsync(","Confirm SafeSqlValidator/allowlist/parameterization and tenant context coverage."
"Raw EF SQL usage","MEDIUM","Backend\PlantProcess.Api\Endpoints\Demo\DemoLifecycleEndpoints.cs","129","await dbContext.Database.ExecuteSqlInterpolatedAsync($@""","Confirm SafeSqlValidator/allowlist/parameterization and tenant context coverage."
"Raw EF SQL usage","MEDIUM","Backend\PlantProcess.Api\Endpoints\Demo\DemoLifecycleEndpoints.cs","154","await dbContext.Database.ExecuteSqlRawAsync(""""""","Confirm SafeSqlValidator/allowlist/parameterization and tenant context coverage."
"Raw EF SQL usage","MEDIUM","Backend\PlantProcess.Api\Endpoints\Demo\DemoLifecycleEndpoints.cs","169","await dbContext.Database.ExecuteSqlRawAsync(""""""","Confirm SafeSqlValidator/allowlist/parameterization and tenant context coverage."
"Raw EF SQL usage","MEDIUM","Backend\PlantProcess.Api\Endpoints\Demo\DemoLifecycleEndpoints.cs","185","await dbContext.Database.ExecuteSqlRawAsync(""SELECT 1;"");","Confirm SafeSqlValidator/allowlist/parameterization and tenant context coverage."
"Raw EF SQL usage","MEDIUM","Backend\PlantProcess.Api\Endpoints\Demo\DemoLifecycleEndpoints.cs","188","await dbContext.Database.ExecuteSqlInterpolatedAsync($@""","Confirm SafeSqlValidator/allowlist/parameterization and tenant context coverage."
"Raw EF SQL usage","MEDIUM","Backend\PlantProcess.Api\Endpoints\Demo\DemoLifecycleEndpoints.cs","208","await dbContext.Database.ExecuteSqlInterpolatedAsync($@""","Confirm SafeSqlValidator/allowlist/parameterization and tenant context coverage."
"Raw EF SQL usage","MEDIUM","Backend\PlantProcess.Api\Endpoints\Demo\DemoLifecycleEndpoints.cs","253","await dbContext.Database.ExecuteSqlRawAsync(""""""","Confirm SafeSqlValidator/allowlist/parameterization and tenant context coverage."
"Raw EF SQL usage","MEDIUM","Backend\PlantProcess.Api\Security\P01P02SecuritySchema.cs","195","await db.Database.ExecuteSqlRawAsync(sql, cancellationToken);","Confirm SafeSqlValidator/allowlist/parameterization and tenant context coverage."
"Raw EF SQL usage","MEDIUM","Backend\tests\PlantProcess.Infrastructure.IntegrationTests\Audit\AuditLogImmutabilityTests.cs","120","await db.Database.ExecuteSqlRawAsync(","Confirm SafeSqlValidator/allowlist/parameterization and tenant context coverage."
"Raw EF SQL usage","MEDIUM","Backend\tests\PlantProcess.Infrastructure.IntegrationTests\Audit\AuditLogImmutabilityTests.cs","165","await mutationDb.Database.ExecuteSqlRawAsync(","Confirm SafeSqlValidator/allowlist/parameterization and tenant context coverage."
"Raw EF SQL usage","MEDIUM","Backend\tests\PlantProcess.Infrastructure.IntegrationTests\Audit\AuditLogImmutabilityTests.cs","192","await db.Database.ExecuteSqlRawAsync(","Confirm SafeSqlValidator/allowlist/parameterization and tenant context coverage."
"Skipped or placeholder test","MEDIUM","Backend\tests\PlantProcess.Application.UnitTests\Phase2_CorrelationEngineRegistryTests.cs","13","private sealed class StubAdvanced : IAdvancedCorrelationService","Convert placeholder/skipped tests into real regression coverage or delete obsolete specs."
"Skipped or placeholder test","MEDIUM","Backend\tests\PlantProcess.Application.UnitTests\Phase2_CorrelationEngineRegistryTests.cs","19","Array.Empty<AdvancedFinding>(), Array.Empty<ExcludedFeature>(), ""canonical"", ""stub""));","Convert placeholder/skipped tests into real regression coverage or delete obsolete specs."
"Skipped or placeholder test","MEDIUM","Backend\tests\PlantProcess.Application.UnitTests\Phase2_CorrelationEngineRegistryTests.cs","26","new ICorrelationEngine[] { new CanonicalCorrelationEngine(new StubAdvanced()) });","Convert placeholder/skipped tests into real regression coverage or delete obsolete specs."
"Skipped or placeholder test","MEDIUM","Backend\tests\PlantProcess.Infrastructure.IntegrationTests\Database\SqlScriptHygieneApplyTests.cs","29","text.Trim().Should().NotBeEmpty($""{Path.GetFileName(script)} must not be an unexplained empty placeholder"");","Convert placeholder/skipped tests into real regression coverage or delete obsolete specs."
"Skipped or placeholder test","MEDIUM","Frontend\PlantProcess.Web\e2e\phase56-primary-flows.spec.ts","22","await page.getByPlaceholder(/search material/i).fill(""ADV_COIL4002"");","Convert placeholder/skipped tests into real regression coverage or delete obsolete specs."
"Skipped or placeholder test","MEDIUM","Frontend\PlantProcess.Web\e2e\security\auth-matrix-admin.spec.ts","97","test.skip(!adminPassword, ""Set PPIQ_ADMIN_PASSWORD or PPIQ_SMOKE_PASSWORD."");","Convert placeholder/skipped tests into real regression coverage or delete obsolete specs."
"Skipped or placeholder test","MEDIUM","Frontend\PlantProcess.Web\e2e\security\auth-matrix-admin.spec.ts","98","test.skip(!operatorPassword, ""Set PPIQ_OPERATOR_PASSWORD or PPIQ_DATAMANAGER_PASSWORD."");","Convert placeholder/skipped tests into real regression coverage or delete obsolete specs."
