"RelativePath","Category","CategoryTitle","Classification","Extension","Lines","SizeBytes","SizeKB","LastWriteTime"
"Backend\PlantProcess.Api\Analytics\KpiEvaluationService.cs","01_Backend_Core","Backend Core: API, Application, Domain, Infrastructure, Workers","Backend API Source",".cs","133","6910","6.75","6/2/2026 1:31:41 PM"
"Backend\PlantProcess.Api\appsettings.Development.json","01_Backend_Core","Backend Core: API, Application, Domain, Infrastructure, Workers","Backend API Source",".json","55","1485","1.45","6/13/2026 10:21:20 PM"
"Backend\PlantProcess.Api\appsettings.json","01_Backend_Core","Backend Core: API, Application, Domain, Infrastructure, Workers","Backend API Source",".json","30","760","0.74","6/13/2026 10:21:20 PM"
"Backend\PlantProcess.Api\AssistantGateway\V5AssistantGateway.cs","01_Backend_Core","Backend Core: API, Application, Domain, Infrastructure, Workers","Backend API Source",".cs","649","24054","23.49","6/7/2026 2:48:03 PM"
"Backend\PlantProcess.Api\AssistantGateway\V5PrivateModelGatewayCertificationEndpoints.cs","01_Backend_Core","Backend Core: API, Application, Domain, Infrastructure, Workers","Backend API Source",".cs","1566","32644","31.88","6/8/2026 9:13:32 AM"
"Backend\PlantProcess.Api\BlendedProvenance\V5BlendedProvenanceEndpoints.cs","01_Backend_Core","Backend Core: API, Application, Domain, Infrastructure, Workers","Backend API Source",".cs","135","5031","4.91","6/7/2026 2:48:03 PM"
"Backend\PlantProcess.Api\ComplianceControls\V5ComplianceControlsEndpoints.cs","01_Backend_Core","Backend Core: API, Application, Domain, Infrastructure, Workers","Backend API Source",".cs","481","17295","16.89","6/7/2026 2:48:03 PM"
"Backend\PlantProcess.Api\Configuration\StartupConfigurationValidator.cs","01_Backend_Core","Backend Core: API, Application, Domain, Infrastructure, Workers","Backend API Source",".cs","435","16194","15.81","6/13/2026 11:22:56 PM"
"Backend\PlantProcess.Api\DeploymentPortability\V5DeploymentPortabilityEndpoints.cs","01_Backend_Core","Backend Core: API, Application, Domain, Infrastructure, Workers","Backend API Source",".cs","266","10883","10.63","6/7/2026 2:48:03 PM"
"Backend\PlantProcess.Api\Dockerfile","01_Backend_Core","Backend Core: API, Application, Domain, Infrastructure, Workers","Backend API Source","","36","1397","1.36","6/10/2026 12:33:24 AM"
"Backend\PlantProcess.Api\Endpoints\Admin\AdminEndpoints.cs","01_Backend_Core","Backend Core: API, Application, Domain, Infrastructure, Workers","Backend API Endpoint",".cs","578","24295","23.73","5/19/2026 10:32:07 AM"
"Backend\PlantProcess.Api\Endpoints\Admin\AdminProofEndpoints.cs","01_Backend_Core","Backend Core: API, Application, Domain, Infrastructure, Workers","Backend API Endpoint",".cs","71","2679","2.62","5/31/2026 8:49:27 AM"
"Backend\PlantProcess.Api\Endpoints\Admin\ConnectorAdminEndpoints.cs","01_Backend_Core","Backend Core: API, Application, Domain, Infrastructure, Workers","Backend API Endpoint",".cs","232","9707","9.48","6/13/2026 12:49:47 AM"
"Backend\PlantProcess.Api\Endpoints\Admin\ConnectorSchemaDriftEndpoints.cs","01_Backend_Core","Backend Core: API, Application, Domain, Infrastructure, Workers","Backend API Endpoint",".cs","40","1780","1.74","6/13/2026 12:49:47 AM"
"Backend\PlantProcess.Api\Endpoints\Admin\GenericSchemaMappingEndpoints.Catalog.cs","01_Backend_Core","Backend Core: API, Application, Domain, Infrastructure, Workers","Backend API Endpoint",".cs","8","264","0.26","6/7/2026 3:36:53 PM"
"Backend\PlantProcess.Api\Endpoints\Admin\GenericSchemaMappingEndpoints.Catalog.Query.cs","01_Backend_Core","Backend Core: API, Application, Domain, Infrastructure, Workers","Backend API Endpoint",".cs","371","7211","7.04","6/7/2026 3:36:53 PM"
"Backend\PlantProcess.Api\Endpoints\Admin\GenericSchemaMappingEndpoints.Catalog.Registration.cs","01_Backend_Core","Backend Core: API, Application, Domain, Infrastructure, Workers","Backend API Endpoint",".cs","387","8162","7.97","6/7/2026 3:36:53 PM"
"Backend\PlantProcess.Api\Endpoints\Admin\GenericSchemaMappingEndpoints.Contracts.cs","01_Backend_Core","Backend Core: API, Application, Domain, Infrastructure, Workers","Backend API Endpoint",".cs","183","2926","2.86","6/7/2026 3:36:53 PM"
"Backend\PlantProcess.Api\Endpoints\Admin\GenericSchemaMappingEndpoints.cs","01_Backend_Core","Backend Core: API, Application, Domain, Infrastructure, Workers","Backend API Endpoint",".cs","77","3346","3.27","6/9/2026 11:39:11 PM"
"Backend\PlantProcess.Api\Endpoints\Admin\GenericSchemaMappingEndpoints.Execution.cs","01_Backend_Core","Backend Core: API, Application, Domain, Infrastructure, Workers","Backend API Endpoint",".cs","519","9970","9.74","6/7/2026 3:36:53 PM"
"Backend\PlantProcess.Api\Endpoints\Admin\GenericSchemaMappingEndpoints.Joins.cs","01_Backend_Core","Backend Core: API, Application, Domain, Infrastructure, Workers","Backend API Endpoint",".cs","243","5176","5.05","6/7/2026 3:36:53 PM"
"Backend\PlantProcess.Api\Endpoints\Admin\GenericSchemaMappingEndpoints.Kpi.cs","01_Backend_Core","Backend Core: API, Application, Domain, Infrastructure, Workers","Backend API Endpoint",".cs","293","5605","5.47","6/7/2026 3:36:53 PM"
"Backend\PlantProcess.Api\Endpoints\Admin\GenericSchemaMappingEndpoints.PreviewRows.cs","01_Backend_Core","Backend Core: API, Application, Domain, Infrastructure, Workers","Backend API Endpoint",".cs","125","2453","2.4","6/7/2026 3:38:36 PM"
"Backend\PlantProcess.Api\Endpoints\Admin\GenericSchemaMappingEndpoints.Resolver.cs","01_Backend_Core","Backend Core: API, Application, Domain, Infrastructure, Workers","Backend API Endpoint",".cs","205","7503","7.33","6/9/2026 11:39:11 PM"
"Backend\PlantProcess.Api\Endpoints\Admin\GenericSchemaMappingEndpoints.SqlHelpers.cs","01_Backend_Core","Backend Core: API, Application, Domain, Infrastructure, Workers","Backend API Endpoint",".cs","293","5562","5.43","6/7/2026 3:36:53 PM"
"Backend\PlantProcess.Api\Endpoints\Admin\JobAdminEndpoints.cs","01_Backend_Core","Backend Core: API, Application, Domain, Infrastructure, Workers","Backend API Endpoint",".cs","375","15093","14.74","6/9/2026 11:00:00 AM"
"Backend\PlantProcess.Api\Endpoints\Admin\LicenseAdminEndpoints.cs","01_Backend_Core","Backend Core: API, Application, Domain, Infrastructure, Workers","Backend API Endpoint",".cs","397","15973","15.6","5/30/2026 11:50:13 AM"
"Backend\PlantProcess.Api\Endpoints\Admin\P03P04CompletionProofEndpoints.cs","01_Backend_Core","Backend Core: API, Application, Domain, Infrastructure, Workers","Backend API Endpoint",".cs","146","5228","5.11","6/1/2026 4:50:42 PM"
"Backend\PlantProcess.Api\Endpoints\Admin\P03P04MappingGenealogyEndpoints.cs","01_Backend_Core","Backend Core: API, Application, Domain, Infrastructure, Workers","Backend API Endpoint",".cs","46","1744","1.7","6/1/2026 4:50:41 PM"
"Backend\PlantProcess.Api\Endpoints\Admin\Phase1WorkflowTruthEndpoints.Contracts.001.cs","01_Backend_Core","Backend Core: API, Application, Domain, Infrastructure, Workers","Backend API Endpoint",".cs","148","2983","2.91","6/7/2026 3:43:24 PM"
"Backend\PlantProcess.Api\Endpoints\Admin\Phase1WorkflowTruthEndpoints.cs","01_Backend_Core","Backend Core: API, Application, Domain, Infrastructure, Workers","Backend API Endpoint",".cs","188","4694","4.58","6/7/2026 3:43:24 PM"
"Backend\PlantProcess.Api\Endpoints\Admin\Phase1WorkflowTruthEndpoints.Handlers.002.GetConnectorTruthAsync.cs","01_Backend_Core","Backend Core: API, Application, Domain, Infrastructure, Workers","Backend API Endpoint",".cs","146","3065","2.99","6/7/2026 3:43:24 PM"
"Backend\PlantProcess.Api\Endpoints\Admin\Phase1WorkflowTruthEndpoints.Handlers.003.GetConnectorCertificationAsync.cs","01_Backend_Core","Backend Core: API, Application, Domain, Infrastructure, Workers","Backend API Endpoint",".cs","68","1604","1.57","6/7/2026 3:43:24 PM"
"Backend\PlantProcess.Api\Endpoints\Admin\Phase1WorkflowTruthEndpoints.Handlers.004.GetSourceScheduleBoardAsync.cs","01_Backend_Core","Backend Core: API, Application, Domain, Infrastructure, Workers","Backend API Endpoint",".cs","128","2857","2.79","6/7/2026 3:43:24 PM"
"Backend\PlantProcess.Api\Endpoints\Admin\Phase1WorkflowTruthEndpoints.Handlers.005.RunDueSourceImportsAsync.cs","01_Backend_Core","Backend Core: API, Application, Domain, Infrastructure, Workers","Backend API Endpoint",".cs","106","1965","1.92","6/7/2026 3:43:24 PM"
"Backend\PlantProcess.Api\Endpoints\Admin\Phase1WorkflowTruthEndpoints.Handlers.006.ScheduleSourceDatasetNowAsync.cs","01_Backend_Core","Backend Core: API, Application, Domain, Infrastructure, Workers","Backend API Endpoint",".cs","60","1305","1.27","6/7/2026 3:43:24 PM"
"Backend\PlantProcess.Api\Endpoints\Admin\Phase1WorkflowTruthEndpoints.Handlers.007.UpdateDatasetCursorAsync.cs","01_Backend_Core","Backend Core: API, Application, Domain, Infrastructure, Workers","Backend API Endpoint",".cs","62","1375","1.34","6/7/2026 3:43:24 PM"
"Backend\PlantProcess.Api\Endpoints\Admin\Phase1WorkflowTruthEndpoints.Handlers.009.GetStagingRecordsAsync.cs","01_Backend_Core","Backend Core: API, Application, Domain, Infrastructure, Workers","Backend API Endpoint",".cs","132","2445","2.39","6/7/2026 3:43:24 PM"
"Backend\PlantProcess.Api\Endpoints\Admin\Phase1WorkflowTruthEndpoints.Handlers.010.GetSchemaMappingWorkbenchAsync.cs","01_Backend_Core","Backend Core: API, Application, Domain, Infrastructure, Workers","Backend API Endpoint",".cs","190","3835","3.75","6/7/2026 3:43:24 PM"
"Backend\PlantProcess.Api\Endpoints\Admin\Phase1WorkflowTruthEndpoints.Handlers.011.PreviewSchemaViewAsync.cs","01_Backend_Core","Backend Core: API, Application, Domain, Infrastructure, Workers","Backend API Endpoint",".cs","204","3650","3.56","6/7/2026 3:43:24 PM"
"Backend\PlantProcess.Api\Endpoints\Admin\Phase1WorkflowTruthEndpoints.Handlers.012.GetImportJobConfigurationBoardAsync.cs","01_Backend_Core","Backend Core: API, Application, Domain, Infrastructure, Workers","Backend API Endpoint",".cs","164","3140","3.07","6/7/2026 3:43:24 PM"
"Backend\PlantProcess.Api\Endpoints\Admin\Phase1WorkflowTruthEndpoints.Handlers.013.CreateImportJobFromMappingAsync.cs","01_Backend_Core","Backend Core: API, Application, Domain, Infrastructure, Workers","Backend API Endpoint",".cs","202","4270","4.17","6/7/2026 3:43:24 PM"
"Backend\PlantProcess.Api\Endpoints\Admin\Phase1WorkflowTruthEndpoints.Handlers.014.BuildSourceScheduleRowAsync.cs","01_Backend_Core","Backend Core: API, Application, Domain, Infrastructure, Workers","Backend API Endpoint",".cs","118","2701","2.64","6/7/2026 3:43:24 PM"
"Backend\PlantProcess.Api\Endpoints\Admin\Phase1WorkflowTruthEndpoints.Helpers.015.BuildProviderTruthRows.cs","01_Backend_Core","Backend Core: API, Application, Domain, Infrastructure, Workers","Backend API Endpoint",".cs","319","7942","7.76","6/13/2026 12:50:53 AM"
"Backend\PlantProcess.Api\Endpoints\Admin\Phase1WorkflowTruthEndpoints.Helpers.016.BuildCertification.cs","01_Backend_Core","Backend Core: API, Application, Domain, Infrastructure, Workers","Backend API Endpoint",".cs","72","1654","1.62","6/7/2026 3:43:24 PM"
"Backend\PlantProcess.Api\Endpoints\Admin\Phase1WorkflowTruthEndpoints.Helpers.017.BuildCanonicalTargets.cs","01_Backend_Core","Backend Core: API, Application, Domain, Infrastructure, Workers","Backend API Endpoint",".cs","86","3204","3.13","6/7/2026 3:43:24 PM"
"Backend\PlantProcess.Api\Endpoints\Admin\Phase1WorkflowTruthEndpoints.Helpers.018.ValidateSafePreviewSql.cs","01_Backend_Core","Backend Core: API, Application, Domain, Infrastructure, Workers","Backend API Endpoint",".cs","138","2374","2.32","6/7/2026 3:43:24 PM"
"Backend\PlantProcess.Api\Endpoints\Admin\Phase1WorkflowTruthEndpoints.Helpers.019.WrapSelectWithLimit.cs","01_Backend_Core","Backend Core: API, Application, Domain, Infrastructure, Workers","Backend API Endpoint",".cs","38","800","0.78","6/7/2026 3:43:24 PM"
"Backend\PlantProcess.Api\Endpoints\Admin\Phase1WorkflowTruthEndpoints.Helpers.020.SameProvider.cs","01_Backend_Core","Backend Core: API, Application, Domain, Infrastructure, Workers","Backend API Endpoint",".cs","36","725","0.71","6/7/2026 3:43:24 PM"
"Backend\PlantProcess.Api\Endpoints\Admin\Phase1WorkflowTruthEndpoints.Helpers.021.NormalizeProvider.cs","01_Backend_Core","Backend Core: API, Application, Domain, Infrastructure, Workers","Backend API Endpoint",".cs","98","1543","1.51","6/7/2026 3:43:24 PM"
"Backend\PlantProcess.Api\Endpoints\Admin\Phase1WorkflowTruthEndpoints.Helpers.022.NormalizeCode.cs","01_Backend_Core","Backend Core: API, Application, Domain, Infrastructure, Workers","Backend API Endpoint",".cs","36","731","0.71","6/7/2026 3:43:24 PM"
"Backend\PlantProcess.Api\Endpoints\Admin\Phase1WorkflowTruthEndpoints.TopLevelContracts.001.cs","01_Backend_Core","Backend Core: API, Application, Domain, Infrastructure, Workers","Backend API Endpoint",".cs","450","7478","7.3","6/7/2026 3:46:22 PM"
"Backend\PlantProcess.Api\Endpoints\Admin\Phase1WorkflowTruthEndpoints.TopLevelContracts.002.cs","01_Backend_Core","Backend Core: API, Application, Domain, Infrastructure, Workers","Backend API Endpoint",".cs","78","1298","1.27","6/7/2026 3:46:22 PM"
"Backend\PlantProcess.Api\Endpoints\Admin\Phase2OperationEndpoints.cs","01_Backend_Core","Backend Core: API, Application, Domain, Infrastructure, Workers","Backend API Endpoint",".cs","888","31035","30.31","6/3/2026 7:54:00 AM"
"Backend\PlantProcess.Api\Endpoints\Admin\Phase2PilotReadinessEndpoints.cs","01_Backend_Core","Backend Core: API, Application, Domain, Infrastructure, Workers","Backend API Endpoint",".cs","401","14749","14.4","6/3/2026 7:54:00 AM"
"Backend\PlantProcess.Api\Endpoints\Admin\SchemaConfigurationEndpoints.cs","01_Backend_Core","Backend Core: API, Application, Domain, Infrastructure, Workers","Backend API Endpoint",".cs","428","16320","15.94","6/13/2026 12:49:47 AM"
"Backend\PlantProcess.Api\Endpoints\Admin\TwoStageImportEndpoints.cs","01_Backend_Core","Backend Core: API, Application, Domain, Infrastructure, Workers","Backend API Endpoint",".cs","619","23147","22.6","6/3/2026 7:54:00 AM"
"Backend\PlantProcess.Api\Endpoints\Analytics\AdvancedResultsEndpoints.cs","01_Backend_Core","Backend Core: API, Application, Domain, Infrastructure, Workers","Backend API Endpoint",".cs","156","7948","7.76","6/8/2026 8:27:15 AM"
"Backend\PlantProcess.Api\Endpoints\Analytics\CorrelationEndpoints.cs","01_Backend_Core","Backend Core: API, Application, Domain, Infrastructure, Workers","Backend API Endpoint",".cs","752","29199","28.51","6/8/2026 1:24:00 PM"
"Backend\PlantProcess.Api\Endpoints\Analytics\FeatureEngineeringEndpoints.cs","01_Backend_Core","Backend Core: API, Application, Domain, Infrastructure, Workers","Backend API Endpoint",".cs","30","1070","1.04","6/8/2026 1:24:00 PM"
"Backend\PlantProcess.Api\Endpoints\Analytics\KpiEvaluationEndpoints.cs","01_Backend_Core","Backend Core: API, Application, Domain, Infrastructure, Workers","Backend API Endpoint",".cs","141","7341","7.17","6/3/2026 7:54:00 AM"
"Backend\PlantProcess.Api\Endpoints\Analytics\MlFoundationEndpoints.cs","01_Backend_Core","Backend Core: API, Application, Domain, Infrastructure, Workers","Backend API Endpoint",".cs","359","12560","12.27","6/2/2026 1:37:56 AM"
"Backend\PlantProcess.Api\Endpoints\Analytics\MlLearningEndpoints.cs","01_Backend_Core","Backend Core: API, Application, Domain, Infrastructure, Workers","Backend API Endpoint",".cs","306","9467","9.25","6/3/2026 7:54:00 AM"
"Backend\PlantProcess.Api\Endpoints\Analytics\MlProviderEndpoints.cs","01_Backend_Core","Backend Core: API, Application, Domain, Infrastructure, Workers","Backend API Endpoint",".cs","62","2318","2.26","5/31/2026 12:39:01 PM"
"Backend\PlantProcess.Api\Endpoints\Analytics\MlReadinessEndpoints.cs","01_Backend_Core","Backend Core: API, Application, Domain, Infrastructure, Workers","Backend API Endpoint",".cs","87","3514","3.43","6/8/2026 1:24:00 PM"
"Backend\PlantProcess.Api\Endpoints\Analytics\Phase2InvestigationEndpoints.cs","01_Backend_Core","Backend Core: API, Application, Domain, Infrastructure, Workers","Backend API Endpoint",".cs","604","21027","20.53","6/13/2026 12:49:47 AM"
"Backend\PlantProcess.Api\Endpoints\Analytics\ProvenanceGuardedAdvancedResultsEndpoints.cs","01_Backend_Core","Backend Core: API, Application, Domain, Infrastructure, Workers","Backend API Endpoint",".cs","78","3413","3.33","6/2/2026 6:44:09 PM"
"Backend\PlantProcess.Api\Endpoints\Analytics\ReadModelEndpoints.cs","01_Backend_Core","Backend Core: API, Application, Domain, Infrastructure, Workers","Backend API Endpoint",".cs","77","4310","4.21","6/2/2026 1:31:39 PM"
"Backend\PlantProcess.Api\Endpoints\Analytics\RiskCalibrationEndpoints.cs","01_Backend_Core","Backend Core: API, Application, Domain, Infrastructure, Workers","Backend API Endpoint",".cs","22","884","0.86","6/2/2026 6:44:11 PM"
"Backend\PlantProcess.Api\Endpoints\Analytics\RiskEvidenceEndpoints.cs","01_Backend_Core","Backend Core: API, Application, Domain, Infrastructure, Workers","Backend API Endpoint",".cs","59","2448","2.39","6/2/2026 6:44:11 PM"
"Backend\PlantProcess.Api\Endpoints\Analytics\RiskScoreEndpoints.cs","01_Backend_Core","Backend Core: API, Application, Domain, Infrastructure, Workers","Backend API Endpoint",".cs","251","9404","9.18","6/8/2026 1:24:00 PM"
"Backend\PlantProcess.Api\Endpoints\Analytics\SimpleAnalysisEndpoints.cs","01_Backend_Core","Backend Core: API, Application, Domain, Infrastructure, Workers","Backend API Endpoint",".cs","115","6076","5.93","6/2/2026 1:31:40 PM"
"Backend\PlantProcess.Api\Endpoints\Analytics\SuggestionEndpoints.cs","01_Backend_Core","Backend Core: API, Application, Domain, Infrastructure, Workers","Backend API Endpoint",".cs","66","2998","2.93","6/8/2026 1:30:10 PM"
"Backend\PlantProcess.Api\Endpoints\Analytics\ValueEndpoints.cs","01_Backend_Core","Backend Core: API, Application, Domain, Infrastructure, Workers","Backend API Endpoint",".cs","85","4488","4.38","6/8/2026 1:30:10 PM"
"Backend\PlantProcess.Api\Endpoints\Analytics\ValueRealizationEndpoints.cs","01_Backend_Core","Backend Core: API, Application, Domain, Infrastructure, Workers","Backend API Endpoint",".cs","113","3964","3.87","6/8/2026 1:30:10 PM"
"Backend\PlantProcess.Api\Endpoints\Assistant\AssistantEndpoints.cs","01_Backend_Core","Backend Core: API, Application, Domain, Infrastructure, Workers","Backend API Endpoint",".cs","55","2463","2.41","6/11/2026 10:39:00 AM"
"Backend\PlantProcess.Api\Endpoints\Assistant\Phase8AssistantRuntimeEndpoints.cs","01_Backend_Core","Backend Core: API, Application, Domain, Infrastructure, Workers","Backend API Endpoint",".cs","127","4801","4.69","6/9/2026 2:59:49 PM"
"Backend\PlantProcess.Api\Endpoints\Assistant\Phase8SuggestionOutcomeLoopEndpoints.cs","01_Backend_Core","Backend Core: API, Application, Domain, Infrastructure, Workers","Backend API Endpoint",".cs","58","1943","1.9","6/9/2026 3:28:14 PM"
"Backend\PlantProcess.Api\Endpoints\Configuration\ConfigurationEndpoints.cs","01_Backend_Core","Backend Core: API, Application, Domain, Infrastructure, Workers","Backend API Endpoint",".cs","572","22906","22.37","6/3/2026 7:54:00 AM"
"Backend\PlantProcess.Api\Endpoints\Dashboarding\DashboardEndpoints.cs","01_Backend_Core","Backend Core: API, Application, Domain, Infrastructure, Workers","Backend API Endpoint",".cs","719","28704","28.03","6/8/2026 1:24:00 PM"
"Backend\PlantProcess.Api\Endpoints\DataQuality\DataQualityEndpoints.cs","01_Backend_Core","Backend Core: API, Application, Domain, Infrastructure, Workers","Backend API Endpoint",".cs","164","5817","5.68","6/3/2026 7:54:00 AM"
"Backend\PlantProcess.Api\Endpoints\DataQuality\DataQualityScanEndpoints.cs","01_Backend_Core","Backend Core: API, Application, Domain, Infrastructure, Workers","Backend API Endpoint",".cs","195","7441","7.27","6/8/2026 1:24:00 PM"
"Backend\PlantProcess.Api\Endpoints\Demo\DemoLifecycleEndpoints.cs","01_Backend_Core","Backend Core: API, Application, Domain, Infrastructure, Workers","Backend API Endpoint",".cs","414","15337","14.98","6/8/2026 1:24:00 PM"
"Backend\PlantProcess.Api\Endpoints\Demo\DemoReadinessEndpoints.cs","01_Backend_Core","Backend Core: API, Application, Domain, Infrastructure, Workers","Backend API Endpoint",".cs","65","2610","2.55","6/15/2026 11:44:12 AM"
"Backend\PlantProcess.Api\Endpoints\Development\DevSeedEndpoints.cs","01_Backend_Core","Backend Core: API, Application, Domain, Infrastructure, Workers","Backend API Endpoint",".cs","109","4566","4.46","6/7/2026 2:44:19 PM"
"Backend\PlantProcess.Api\Endpoints\Diagnostics\DiagnosticsEndpoints.cs","01_Backend_Core","Backend Core: API, Application, Domain, Infrastructure, Workers","Backend API Endpoint",".cs","91","3892","3.8","5/22/2026 11:12:56 PM"
"Backend\PlantProcess.Api\Endpoints\DynamicContent\DynamicContentEndpoints.cs","01_Backend_Core","Backend Core: API, Application, Domain, Infrastructure, Workers","Backend API Endpoint",".cs","147","5451","5.32","5/30/2026 11:44:13 AM"
"Backend\PlantProcess.Api\Endpoints\Health\HealthEndpoints.cs","01_Backend_Core","Backend Core: API, Application, Domain, Infrastructure, Workers","Backend API Endpoint",".cs","237","8529","8.33","5/19/2026 12:19:14 AM"
"Backend\PlantProcess.Api\Endpoints\Integration\ImportWorkflowEndpoints.cs","01_Backend_Core","Backend Core: API, Application, Domain, Infrastructure, Workers","Backend API Endpoint",".cs","96","3929","3.84","6/8/2026 1:24:00 PM"
"Backend\PlantProcess.Api\Endpoints\Integration\IntegrationEndpoints.cs","01_Backend_Core","Backend Core: API, Application, Domain, Infrastructure, Workers","Backend API Endpoint",".cs","695","27228","26.59","6/8/2026 1:24:00 PM"
"Backend\PlantProcess.Api\Endpoints\Licensing\Phase10LicenseEndpoints.cs","01_Backend_Core","Backend Core: API, Application, Domain, Infrastructure, Workers","Backend API Endpoint",".cs","86","3172","3.1","6/9/2026 4:09:29 PM"
"Backend\PlantProcess.Api\Endpoints\MappingHealth\Phase34MappingHealthEndpoints.cs","01_Backend_Core","Backend Core: API, Application, Domain, Infrastructure, Workers","Backend API Endpoint",".cs","57","3551","3.47","6/6/2026 10:31:44 AM"
"Backend\PlantProcess.Api\Endpoints\Materials\MaterialEndpoints.cs","01_Backend_Core","Backend Core: API, Application, Domain, Infrastructure, Workers","Backend API Endpoint",".cs","296","10413","10.17","6/3/2026 7:54:00 AM"
"Backend\PlantProcess.Api\Endpoints\Materials\MaterialInvestigationEndpoints.cs","01_Backend_Core","Backend Core: API, Application, Domain, Infrastructure, Workers","Backend API Endpoint",".cs","390","14085","13.75","6/3/2026 7:54:00 AM"
"Backend\PlantProcess.Api\Endpoints\PageBuilder\PageDefinitionEndpoints.cs","01_Backend_Core","Backend Core: API, Application, Domain, Infrastructure, Workers","Backend API Endpoint",".cs","461","17204","16.8","6/15/2026 11:44:12 AM"
"Backend\PlantProcess.Api\Endpoints\Phase2\Phase2LifecycleProofEndpoints.cs","01_Backend_Core","Backend Core: API, Application, Domain, Infrastructure, Workers","Backend API Endpoint",".cs","482","23098","22.56","5/31/2026 4:44:23 PM"
"Backend\PlantProcess.Api\Endpoints\Phase45\Phase45ClosureEndpoints.cs","01_Backend_Core","Backend Core: API, Application, Domain, Infrastructure, Workers","Backend API Endpoint",".cs","602","35097","34.27","5/31/2026 4:48:53 PM"
"Backend\PlantProcess.Api\Endpoints\PlantLayout\PlantLayoutEndpoints.cs","01_Backend_Core","Backend Core: API, Application, Domain, Infrastructure, Workers","Backend API Endpoint",".cs","256","9940","9.71","6/8/2026 1:24:01 PM"
"Backend\PlantProcess.Api\Endpoints\Process\ProcessEndpoints.cs","01_Backend_Core","Backend Core: API, Application, Domain, Infrastructure, Workers","Backend API Endpoint",".cs","764","29455","28.76","6/3/2026 7:54:00 AM"
"Backend\PlantProcess.Api\Endpoints\Quality\QualityEndpoints.cs","01_Backend_Core","Backend Core: API, Application, Domain, Infrastructure, Workers","Backend API Endpoint",".cs","259","8862","8.65","6/8/2026 1:24:01 PM"
"Backend\PlantProcess.Api\Endpoints\Reporting\CustomerDemoReportEndpoints.cs","01_Backend_Core","Backend Core: API, Application, Domain, Infrastructure, Workers","Backend API Endpoint",".cs","262","11495","11.23","6/15/2026 11:44:12 AM"
"Backend\PlantProcess.Api\Endpoints\Reporting\ReportingEndpoints.cs","01_Backend_Core","Backend Core: API, Application, Domain, Infrastructure, Workers","Backend API Endpoint",".cs","171","6517","6.36","6/8/2026 1:24:01 PM"
"Backend\PlantProcess.Api\Endpoints\Security\Phase9RoleAccessEndpoints.cs","01_Backend_Core","Backend Core: API, Application, Domain, Infrastructure, Workers","Backend API Endpoint",".cs","131","5193","5.07","6/9/2026 3:39:35 PM"
"Backend\PlantProcess.Api\Endpoints\Validation\ValidationEndpoints.cs","01_Backend_Core","Backend Core: API, Application, Domain, Infrastructure, Workers","Backend API Endpoint",".cs","274","9960","9.73","5/19/2026 12:19:14 AM"
"Backend\PlantProcess.Api\Endpoints\Workflow\WorkflowEndpoints.Contracts.001.cs","01_Backend_Core","Backend Core: API, Application, Domain, Infrastructure, Workers","Backend API Endpoint",".cs","404","7473","7.3","6/7/2026 3:43:24 PM"
"Backend\PlantProcess.Api\Endpoints\Workflow\WorkflowEndpoints.cs","01_Backend_Core","Backend Core: API, Application, Domain, Infrastructure, Workers","Backend API Endpoint",".cs","120","2927","2.86","6/7/2026 3:43:24 PM"
"Backend\PlantProcess.Api\Endpoints\Workflow\WorkflowEndpoints.Handlers.002.GetWorkflowOverview.cs","01_Backend_Core","Backend Core: API, Application, Domain, Infrastructure, Workers","Backend API Endpoint",".cs","100","2599","2.54","6/7/2026 3:43:24 PM"
"Backend\PlantProcess.Api\Endpoints\Workflow\WorkflowEndpoints.Handlers.003.GetWorkflowStatusAsync.cs","01_Backend_Core","Backend Core: API, Application, Domain, Infrastructure, Workers","Backend API Endpoint",".cs","114","3101","3.03","6/7/2026 3:43:24 PM"
"Backend\PlantProcess.Api\Endpoints\Workflow\WorkflowEndpoints.Handlers.004.RegisterSourceSystemAsync.cs","01_Backend_Core","Backend Core: API, Application, Domain, Infrastructure, Workers","Backend API Endpoint",".cs","114","2651","2.59","6/8/2026 1:24:01 PM"
"Backend\PlantProcess.Api\Endpoints\Workflow\WorkflowEndpoints.Handlers.005.CreateImportBatchAsync.cs","01_Backend_Core","Backend Core: API, Application, Domain, Infrastructure, Workers","Backend API Endpoint",".cs","114","2634","2.57","6/8/2026 1:24:01 PM"
"Backend\PlantProcess.Api\Endpoints\Workflow\WorkflowEndpoints.Handlers.006.CreateMappingDefinitionAsync.cs","01_Backend_Core","Backend Core: API, Application, Domain, Infrastructure, Workers","Backend API Endpoint",".cs","122","2881","2.81","6/8/2026 1:24:01 PM"
"Backend\PlantProcess.Api\Endpoints\Workflow\WorkflowEndpoints.Handlers.007.CreateMaterialAsync.cs","01_Backend_Core","Backend Core: API, Application, Domain, Infrastructure, Workers","Backend API Endpoint",".cs","124","2868","2.8","6/8/2026 1:24:01 PM"
"Backend\PlantProcess.Api\Endpoints\Workflow\WorkflowEndpoints.Handlers.008.AddMaterialAliasAsync.cs","01_Backend_Core","Backend Core: API, Application, Domain, Infrastructure, Workers","Backend API Endpoint",".cs","114","2570","2.51","6/8/2026 1:24:01 PM"
"Backend\PlantProcess.Api\Endpoints\Workflow\WorkflowEndpoints.Handlers.009.CreateGenealogyEdgeAsync.cs","01_Backend_Core","Backend Core: API, Application, Domain, Infrastructure, Workers","Backend API Endpoint",".cs","120","2819","2.75","6/8/2026 1:24:01 PM"
"Backend\PlantProcess.Api\Endpoints\Workflow\WorkflowEndpoints.Handlers.010.AddProcessStepAsync.cs","01_Backend_Core","Backend Core: API, Application, Domain, Infrastructure, Workers","Backend API Endpoint",".cs","130","3036","2.96","6/8/2026 1:24:01 PM"
"Backend\PlantProcess.Api\Endpoints\Workflow\WorkflowEndpoints.Handlers.011.AddParameterDefinitionAsync.cs","01_Backend_Core","Backend Core: API, Application, Domain, Infrastructure, Workers","Backend API Endpoint",".cs","124","2912","2.84","6/8/2026 1:24:01 PM"
"Backend\PlantProcess.Api\Endpoints\Workflow\WorkflowEndpoints.Handlers.012.AddParameterObservationAsync.cs","01_Backend_Core","Backend Core: API, Application, Domain, Infrastructure, Workers","Backend API Endpoint",".cs","138","3274","3.2","6/8/2026 1:24:01 PM"
"Backend\PlantProcess.Api\Endpoints\Workflow\WorkflowEndpoints.Handlers.013.AddProcessEventAsync.cs","01_Backend_Core","Backend Core: API, Application, Domain, Infrastructure, Workers","Backend API Endpoint",".cs","124","2880","2.81","6/8/2026 1:24:01 PM"
"Backend\PlantProcess.Api\Endpoints\Workflow\WorkflowEndpoints.Handlers.014.AddDowntimeEventAsync.cs","01_Backend_Core","Backend Core: API, Application, Domain, Infrastructure, Workers","Backend API Endpoint",".cs","130","3022","2.95","6/8/2026 1:24:01 PM"
"Backend\PlantProcess.Api\Endpoints\Workflow\WorkflowEndpoints.Handlers.015.AddDefectCatalogAsync.cs","01_Backend_Core","Backend Core: API, Application, Domain, Infrastructure, Workers","Backend API Endpoint",".cs","112","2553","2.49","6/8/2026 1:24:01 PM"
"Backend\PlantProcess.Api\Endpoints\Workflow\WorkflowEndpoints.Handlers.016.AddQualityEventAsync.cs","01_Backend_Core","Backend Core: API, Application, Domain, Infrastructure, Workers","Backend API Endpoint",".cs","126","2878","2.81","6/8/2026 1:24:01 PM"
"Backend\PlantProcess.Api\Endpoints\Workflow\WorkflowEndpoints.Handlers.017.RaiseDataQualityIssueAsync.cs","01_Backend_Core","Backend Core: API, Application, Domain, Infrastructure, Workers","Backend API Endpoint",".cs","118","2749","2.68","6/8/2026 1:24:01 PM"
"Backend\PlantProcess.Api\Endpoints\Workflow\WorkflowEndpoints.Handlers.018.StoreRiskScoreAsync.cs","01_Backend_Core","Backend Core: API, Application, Domain, Infrastructure, Workers","Backend API Endpoint",".cs","120","2752","2.69","6/8/2026 1:24:01 PM"
"Backend\PlantProcess.Api\Endpoints\Workflow\WorkflowEndpoints.Handlers.019.InvestigateMaterialAsync.cs","01_Backend_Core","Backend Core: API, Application, Domain, Infrastructure, Workers","Backend API Endpoint",".cs","346","7852","7.67","6/7/2026 3:43:24 PM"
"Backend\PlantProcess.Api\Endpoints\Workflow\WorkflowEndpoints.Helpers.020.ToMetadata.cs","01_Backend_Core","Backend Core: API, Application, Domain, Infrastructure, Workers","Backend API Endpoint",".cs","88","2053","2","6/7/2026 3:43:24 PM"
"Backend\PlantProcess.Api\EnterpriseIdentity\V5EnterpriseIdentityEndpoints.cs","01_Backend_Core","Backend Core: API, Application, Domain, Infrastructure, Workers","Backend API Source",".cs","952","36613","35.75","6/7/2026 2:48:03 PM"
"Backend\PlantProcess.Api\EnterpriseSsoScim\V5EnterpriseSsoScimEndpoints.cs","01_Backend_Core","Backend Core: API, Application, Domain, Infrastructure, Workers","Backend API Source",".cs","852","32487","31.73","6/7/2026 2:51:39 PM"
"Backend\PlantProcess.Api\EnterpriseSsoScim\V5IdentityRuntimeCertificationEndpoints.cs","01_Backend_Core","Backend Core: API, Application, Domain, Infrastructure, Workers","Backend API Source",".cs","874","32288","31.53","6/7/2026 2:48:03 PM"
"Backend\PlantProcess.Api\ErrorHandling\ApplicationProblems.cs","01_Backend_Core","Backend Core: API, Application, Domain, Infrastructure, Workers","Backend API Source",".cs","28","1686","1.65","6/3/2026 12:28:29 AM"
"Backend\PlantProcess.Api\ErrorHandling\GlobalExceptionHandler.cs","01_Backend_Core","Backend Core: API, Application, Domain, Infrastructure, Workers","Backend API Source",".cs","80","3254","3.18","6/3/2026 12:28:29 AM"
"Backend\PlantProcess.Api\Extensions\ApplicationResultHttpExtensions.cs","01_Backend_Core","Backend Core: API, Application, Domain, Infrastructure, Workers","Backend API Source",".cs","61","2182","2.13","5/19/2026 12:19:14 AM"
"Backend\PlantProcess.Api\Extensions\LicenseEndpointExtensions.cs","01_Backend_Core","Backend Core: API, Application, Domain, Infrastructure, Workers","Backend API Source",".cs","22","673","0.66","5/21/2026 3:25:03 PM"
"Backend\PlantProcess.Api\Filter\LicenseFeatureEndpointFilter.cs","01_Backend_Core","Backend Core: API, Application, Domain, Infrastructure, Workers","Backend API Source",".cs","28","875","0.85","5/21/2026 3:24:44 PM"
"Backend\PlantProcess.Api\GlobalUsings.T08.cs","01_Backend_Core","Backend Core: API, Application, Domain, Infrastructure, Workers","Backend API Source",".cs","3","269","0.26","6/13/2026 12:53:34 AM"
"Backend\PlantProcess.Api\Hosting\ReadModelRefreshHostedService.cs","01_Backend_Core","Backend Core: API, Application, Domain, Infrastructure, Workers","Backend API Source",".cs","104","4341","4.24","6/4/2026 1:19:36 AM"
"Backend\PlantProcess.Api\Middleware\AuditLogMiddleware.cs","01_Backend_Core","Backend Core: API, Application, Domain, Infrastructure, Workers","API Middleware",".cs","230","8291","8.1","5/22/2026 11:12:56 PM"
"Backend\PlantProcess.Api\Middleware\CorrelationIdMiddleware.cs","01_Backend_Core","Backend Core: API, Application, Domain, Infrastructure, Workers","API Middleware",".cs","67","3206","3.13","5/19/2026 12:19:14 AM"
"Backend\PlantProcess.Api\Middleware\RequestResponseLoggingMiddleware.cs","01_Backend_Core","Backend Core: API, Application, Domain, Infrastructure, Workers","API Middleware",".cs","125","4478","4.37","5/19/2026 12:19:14 AM"
"Backend\PlantProcess.Api\Middleware\SecurityHeadersMiddleware.cs","01_Backend_Core","Backend Core: API, Application, Domain, Infrastructure, Workers","API Middleware",".cs","39","1436","1.4","6/3/2026 12:28:30 AM"
"Backend\PlantProcess.Api\Options\PlantProcessOptions.cs","01_Backend_Core","Backend Core: API, Application, Domain, Infrastructure, Workers","Backend API Source",".cs","16","487","0.48","5/19/2026 12:19:14 AM"
"Backend\PlantProcess.Api\OutboundLeadSystem\V5OutboundLeadSystemEndpoints.cs","01_Backend_Core","Backend Core: API, Application, Domain, Infrastructure, Workers","Backend API Source",".cs","731","27566","26.92","6/7/2026 2:48:03 PM"
"Backend\PlantProcess.Api\PlantConnectors\P15AdvisoryRecommendationEndpoints.cs","01_Backend_Core","Backend Core: API, Application, Domain, Infrastructure, Workers","Backend API Source",".cs","97","3731","3.64","6/6/2026 5:50:24 PM"
"Backend\PlantProcess.Api\PlantConnectors\P15AdvisoryScenarioEndpoints.cs","01_Backend_Core","Backend Core: API, Application, Domain, Infrastructure, Workers","Backend API Source",".cs","77","2784","2.72","6/6/2026 5:40:49 PM"
"Backend\PlantProcess.Api\PlantConnectors\P15BenchmarkingEndpoints.cs","01_Backend_Core","Backend Core: API, Application, Domain, Infrastructure, Workers","Backend API Source",".cs","74","2796","2.73","6/6/2026 6:09:34 PM"
"Backend\PlantProcess.Api\PlantConnectors\P15HonestyCertificationEndpoints.cs","01_Backend_Core","Backend Core: API, Application, Domain, Infrastructure, Workers","Backend API Source",".cs","54","1972","1.93","6/6/2026 6:16:54 PM"
"Backend\PlantProcess.Api\PlantConnectors\P15RoiCfoDashboardEndpoints.cs","01_Backend_Core","Backend Core: API, Application, Domain, Infrastructure, Workers","Backend API Source",".cs","60","2235","2.18","6/6/2026 6:03:47 PM"
"Backend\PlantProcess.Api\PlantConnectors\P15ValueRealizationEndpoints.cs","01_Backend_Core","Backend Core: API, Application, Domain, Infrastructure, Workers","Backend API Source",".cs","96","3799","3.71","6/6/2026 5:59:40 PM"
"Backend\PlantProcess.Api\PlantConnectors\V5ConnectorRuntimeCertificationEndpoints.cs","01_Backend_Core","Backend Core: API, Application, Domain, Infrastructure, Workers","Backend API Source",".cs","900","34185","33.38","6/7/2026 2:48:03 PM"
"Backend\PlantProcess.Api\PlantConnectors\V5GaHistorianConnectorEndpoints.cs","01_Backend_Core","Backend Core: API, Application, Domain, Infrastructure, Workers","Backend API Source",".cs","299","11879","11.6","6/6/2026 4:02:09 PM"
"Backend\PlantProcess.Api\PlantConnectors\V5OtSafeEdgeCollectorEndpoints.cs","01_Backend_Core","Backend Core: API, Application, Domain, Infrastructure, Workers","Backend API Source",".cs","391","16017","15.64","6/6/2026 4:50:34 PM"
"Backend\PlantProcess.Api\PlantConnectors\V5PlantConnectorEndpoints.cs","01_Backend_Core","Backend Core: API, Application, Domain, Infrastructure, Workers","Backend API Source",".cs","636","23040","22.5","6/7/2026 2:48:03 PM"
"Backend\PlantProcess.Api\PlantProcess.Api.csproj","01_Backend_Core","Backend Core: API, Application, Domain, Infrastructure, Workers","Backend API Source",".csproj","35","1690","1.65","6/3/2026 3:56:42 PM"
"Backend\PlantProcess.Api\PlantProcess.Api.http","01_Backend_Core","Backend Core: API, Application, Domain, Infrastructure, Workers","Backend API Source",".http","6","145","0.14","5/6/2026 8:48:35 PM"
"Backend\PlantProcess.Api\PlantProcess.PhaseH_I.http","01_Backend_Core","Backend Core: API, Application, Domain, Infrastructure, Workers","Backend API Source",".http","56","1303","1.27","5/11/2026 3:36:51 PM"
"Backend\PlantProcess.Api\Program.cs","01_Backend_Core","Backend Core: API, Application, Domain, Infrastructure, Workers","Backend API Source",".cs","1219","2947673","2878.59","6/15/2026 11:44:12 AM"
"Backend\PlantProcess.Api\Properties\launchSettings.json","01_Backend_Core","Backend Core: API, Application, Domain, Infrastructure, Workers","Backend API Source",".json","38","1325","1.29","6/6/2026 9:36:11 AM"
"Backend\PlantProcess.Api\Security\AdminMfaRequirementMiddleware.cs","01_Backend_Core","Backend Core: API, Application, Domain, Infrastructure, Workers","API Security/Auth",".cs","90","3450","3.37","6/12/2026 10:04:54 PM"
"Backend\PlantProcess.Api\Security\AuthEndpoints.cs","01_Backend_Core","Backend Core: API, Application, Domain, Infrastructure, Workers","API Security/Auth",".cs","476","19367","18.91","6/12/2026 10:04:54 PM"
"Backend\PlantProcess.Api\Security\AuthOptions.cs","01_Backend_Core","Backend Core: API, Application, Domain, Infrastructure, Workers","API Security/Auth",".cs","64","2558","2.5","6/12/2026 10:04:54 PM"
"Backend\PlantProcess.Api\Security\AuthStore.cs","01_Backend_Core","Backend Core: API, Application, Domain, Infrastructure, Workers","API Security/Auth",".cs","452","14961","14.61","6/3/2026 1:28:54 PM"
"Backend\PlantProcess.Api\Security\FirstRunProvisioningHostedService.cs","01_Backend_Core","Backend Core: API, Application, Domain, Infrastructure, Workers","API Security/Auth",".cs","79","2403","2.35","6/1/2026 2:55:50 PM"
"Backend\PlantProcess.Api\Security\HttpTenantAccessor.cs","01_Backend_Core","Backend Core: API, Application, Domain, Infrastructure, Workers","API Security/Auth",".cs","15","602","0.59","6/3/2026 1:21:01 AM"
"Backend\PlantProcess.Api\Security\P01P02SecuritySchema.cs","01_Backend_Core","Backend Core: API, Application, Domain, Infrastructure, Workers","API Security/Auth",".cs","198","7884","7.7","6/1/2026 2:55:46 PM"
"Backend\PlantProcess.Api\Security\P01P02StartupGuard.cs","01_Backend_Core","Backend Core: API, Application, Domain, Infrastructure, Workers","API Security/Auth",".cs","152","5419","5.29","6/1/2026 3:28:51 PM"
"Backend\PlantProcess.Api\Security\PlantAccessControl.cs","01_Backend_Core","Backend Core: API, Application, Domain, Infrastructure, Workers","API Security/Auth",".cs","308","12736","12.44","6/13/2026 12:15:44 AM"
"Backend\PlantProcess.Api\Security\TenantClaimReader.cs","01_Backend_Core","Backend Core: API, Application, Domain, Infrastructure, Workers","API Security/Auth",".cs","32","1220","1.19","6/7/2026 2:44:18 PM"
"Backend\PlantProcess.Api\Security\TenantContextAccessor.cs","01_Backend_Core","Backend Core: API, Application, Domain, Infrastructure, Workers","API Security/Auth",".cs","79","2417","2.36","6/7/2026 3:15:57 PM"
"Backend\PlantProcess.Api\SignedLicensing\V5Ed25519LicenseEndpoints.cs","01_Backend_Core","Backend Core: API, Application, Domain, Infrastructure, Workers","Backend API Source",".cs","767","29519","28.83","6/7/2026 2:48:04 PM"
"Backend\PlantProcess.Api\SignedLicensing\V5LicenseResolverProofEndpoints.cs","01_Backend_Core","Backend Core: API, Application, Domain, Infrastructure, Workers","Backend API Source",".cs","74","2645","2.58","6/3/2026 4:00:04 PM"
"Backend\PlantProcess.Api\SignedLicensing\V5SignedLicensingEndpoints.cs","01_Backend_Core","Backend Core: API, Application, Domain, Infrastructure, Workers","Backend API Source",".cs","696","25207","24.62","6/13/2026 10:21:20 PM"
"Backend\PlantProcess.Api\SignedLicensing\VerifiedEd25519LicenseService.cs","01_Backend_Core","Backend Core: API, Application, Domain, Infrastructure, Workers","Backend API Source",".cs","467","18318","17.89","6/7/2026 2:48:04 PM"
"Backend\PlantProcess.Api\Swagger\SwaggerExamplesOperationFilter.cs","01_Backend_Core","Backend Core: API, Application, Domain, Infrastructure, Workers","Backend API Source",".cs","237","8529","8.33","5/19/2026 10:32:04 AM"
"Backend\PlantProcess.Api\TestMode\PpiqTestModeOptions.cs","01_Backend_Core","Backend Core: API, Application, Domain, Infrastructure, Workers","Backend API Source",".cs","56","2691","2.63","6/13/2026 12:53:34 AM"
"Backend\PlantProcess.Api\TestMode\PpiqTestModeStartup.cs","01_Backend_Core","Backend Core: API, Application, Domain, Infrastructure, Workers","Backend API Source",".cs","153","6574","6.42","6/13/2026 12:53:34 AM"
"Backend\PlantProcess.Api\VisualMapper\V5VisualMapperEndpoints.cs","01_Backend_Core","Backend Core: API, Application, Domain, Infrastructure, Workers","Backend API Source",".cs","709","28060","27.4","6/7/2026 2:48:04 PM"
"Backend\PlantProcess.Application\Acquisition\HistorianTagHistoryMapper.cs","01_Backend_Core","Backend Core: API, Application, Domain, Infrastructure, Workers","Application Layer Source",".cs","50","1818","1.78","6/4/2026 9:28:55 AM"
"Backend\PlantProcess.Application\Acquisition\OtSafeAcquisitionContracts.cs","01_Backend_Core","Backend Core: API, Application, Domain, Infrastructure, Workers","Application Layer Source",".cs","107","2807","2.74","6/4/2026 9:28:54 AM"
"Backend\PlantProcess.Application\Acquisition\OtSafeEdgeCollectorGateway.cs","01_Backend_Core","Backend Core: API, Application, Domain, Infrastructure, Workers","Application Layer Source",".cs","55","2181","2.13","6/4/2026 10:25:51 AM"
"Backend\PlantProcess.Application\Acquisition\SchemaDriftDetector.cs","01_Backend_Core","Backend Core: API, Application, Domain, Infrastructure, Workers","Application Layer Source",".cs","79","3286","3.21","6/4/2026 9:28:56 AM"
"Backend\PlantProcess.Application\Advisory\P15AdvisoryHonestyPolicy.cs","01_Backend_Core","Backend Core: API, Application, Domain, Infrastructure, Workers","Application Layer Source",".cs","177","7483","7.31","6/6/2026 5:29:37 PM"
"Backend\PlantProcess.Application\Advisory\P15AdvisoryValueContracts.cs","01_Backend_Core","Backend Core: API, Application, Domain, Infrastructure, Workers","Application Layer Source",".cs","258","9871","9.64","6/6/2026 5:29:37 PM"
"Backend\PlantProcess.Application\Advisory\P15BenchmarkingService.cs","01_Backend_Core","Backend Core: API, Application, Domain, Infrastructure, Workers","Application Layer Source",".cs","211","8806","8.6","6/6/2026 6:09:34 PM"
"Backend\PlantProcess.Application\Advisory\P15HonestyCertificationService.cs","01_Backend_Core","Backend Core: API, Application, Domain, Infrastructure, Workers","Application Layer Source",".cs","280","12585","12.29","6/6/2026 6:16:54 PM"
"Backend\PlantProcess.Application\Advisory\P15RecommendationService.cs","01_Backend_Core","Backend Core: API, Application, Domain, Infrastructure, Workers","Application Layer Source",".cs","178","8695","8.49","6/6/2026 5:50:24 PM"
"Backend\PlantProcess.Application\Advisory\P15RoiCfoDashboardService.cs","01_Backend_Core","Backend Core: API, Application, Domain, Infrastructure, Workers","Application Layer Source",".cs","185","8285","8.09","6/6/2026 6:03:47 PM"
"Backend\PlantProcess.Application\Advisory\P15ScenarioSimulationService.cs","01_Backend_Core","Backend Core: API, Application, Domain, Infrastructure, Workers","Application Layer Source",".cs","202","9136","8.92","6/6/2026 5:40:49 PM"
"Backend\PlantProcess.Application\Advisory\P15ValueRealizationService.cs","01_Backend_Core","Backend Core: API, Application, Domain, Infrastructure, Workers","Application Layer Source",".cs","173","7796","7.61","6/6/2026 5:59:40 PM"
"Backend\PlantProcess.Application\Analytics\Advanced\AdvancedAnalysisContracts.cs","01_Backend_Core","Backend Core: API, Application, Domain, Infrastructure, Workers","Application Layer Source",".cs","86","2846","2.78","6/3/2026 12:54:30 AM"
"Backend\PlantProcess.Application\Analytics\Advanced\AdvancedCorrelationComputeService.cs","01_Backend_Core","Backend Core: API, Application, Domain, Infrastructure, Workers","Application Layer Source",".cs","1166","19220","18.77","6/8/2026 8:22:39 AM"
"Backend\PlantProcess.Application\Analytics\Advanced\AdvancedFindingTransparency.cs","01_Backend_Core","Backend Core: API, Application, Domain, Infrastructure, Workers","Application Layer Source",".cs","77","2943","2.87","6/8/2026 8:22:39 AM"
"Backend\PlantProcess.Application\Analytics\Advanced\AdvancedReadiness.cs","01_Backend_Core","Backend Core: API, Application, Domain, Infrastructure, Workers","Application Layer Source",".cs","45","1771","1.73","6/3/2026 1:10:39 AM"
"Backend\PlantProcess.Application\Analytics\Advanced\AdvancedReadinessGateSurface.cs","01_Backend_Core","Backend Core: API, Application, Domain, Infrastructure, Workers","Application Layer Source",".cs","142","5292","5.17","6/8/2026 8:27:15 AM"
"Backend\PlantProcess.Application\Analytics\Advanced\AnalysisReadiness.cs","01_Backend_Core","Backend Core: API, Application, Domain, Infrastructure, Workers","Application Layer Source",".cs","48","1679","1.64","6/3/2026 1:10:39 AM"
"Backend\PlantProcess.Application\Analytics\Advanced\NullAdvancedResultWriter.cs","01_Backend_Core","Backend Core: API, Application, Domain, Infrastructure, Workers","Application Layer Source",".cs","12","461","0.45","6/3/2026 12:54:31 AM"
"Backend\PlantProcess.Application\Analytics\Calibration\CalibrationContracts.cs","01_Backend_Core","Backend Core: API, Application, Domain, Infrastructure, Workers","Application Layer Source",".cs","27","858","0.84","6/2/2026 6:44:09 PM"
"Backend\PlantProcess.Application\Analytics\Calibration\IRiskCalibrationProvider.cs","01_Backend_Core","Backend Core: API, Application, Domain, Infrastructure, Workers","Application Layer Source",".cs","6","224","0.22","6/2/2026 6:44:10 PM"
"Backend\PlantProcess.Application\Analytics\Calibration\RiskCalibrationService.cs","01_Backend_Core","Backend Core: API, Application, Domain, Infrastructure, Workers","Application Layer Source",".cs","77","3077","3","6/2/2026 6:44:10 PM"
"Backend\PlantProcess.Application\Analytics\Contracts\CorrelationComputeDtos.cs","01_Backend_Core","Backend Core: API, Application, Domain, Infrastructure, Workers","Application Contract / DTO",".cs","23","603","0.59","5/30/2026 4:32:49 PM"
"Backend\PlantProcess.Application\Analytics\Contracts\CorrelationDtos.cs","01_Backend_Core","Backend Core: API, Application, Domain, Infrastructure, Workers","Application Contract / DTO",".cs","111","3027","2.96","5/19/2026 12:19:14 AM"
"Backend\PlantProcess.Application\Analytics\Contracts\MaterialFeatureVector.cs","01_Backend_Core","Backend Core: API, Application, Domain, Infrastructure, Workers","Application Contract / DTO",".cs","125","3897","3.81","5/19/2026 12:19:14 AM"
"Backend\PlantProcess.Application\Analytics\Contracts\MlReadinessDtos.cs","01_Backend_Core","Backend Core: API, Application, Domain, Infrastructure, Workers","Application Contract / DTO",".cs","90","2534","2.47","5/21/2026 4:19:35 PM"
"Backend\PlantProcess.Application\Analytics\Contracts\NarrativeProviderDtos.cs","01_Backend_Core","Backend Core: API, Application, Domain, Infrastructure, Workers","Application Contract / DTO",".cs","29","780","0.76","5/31/2026 12:39:01 PM"
"Backend\PlantProcess.Application\Analytics\Contracts\RiskPredictionDtos.cs","01_Backend_Core","Backend Core: API, Application, Domain, Infrastructure, Workers","Application Contract / DTO",".cs","70","1768","1.73","5/19/2026 12:19:14 AM"
"Backend\PlantProcess.Application\Analytics\Contracts\StoreRiskScoreCommand.cs","01_Backend_Core","Backend Core: API, Application, Domain, Infrastructure, Workers","Application Contract / DTO",".cs","18","416","0.41","5/19/2026 12:19:14 AM"
"Backend\PlantProcess.Application\Analytics\Engines\CanonicalCorrelationEngine.cs","01_Backend_Core","Backend Core: API, Application, Domain, Infrastructure, Workers","Application Layer Source",".cs","18","911","0.89","6/4/2026 1:19:36 AM"
"Backend\PlantProcess.Application\Analytics\Engines\CorrelationEngineRegistry.cs","01_Backend_Core","Backend Core: API, Application, Domain, Infrastructure, Workers","Application Layer Source",".cs","30","1364","1.33","6/4/2026 1:19:36 AM"
"Backend\PlantProcess.Application\Analytics\Engines\ICorrelationEngine.cs","01_Backend_Core","Backend Core: API, Application, Domain, Infrastructure, Workers","Application Layer Source",".cs","14","589","0.58","6/4/2026 1:19:36 AM"
"Backend\PlantProcess.Application\Analytics\Interfaces\ICorrelationComputeEngine.cs","01_Backend_Core","Backend Core: API, Application, Domain, Infrastructure, Workers","Application Interface",".cs","12","337","0.33","5/30/2026 4:32:49 PM"
"Backend\PlantProcess.Application\Analytics\Interfaces\ICorrelationService.cs","01_Backend_Core","Backend Core: API, Application, Domain, Infrastructure, Workers","Application Interface",".cs","29","970","0.95","5/19/2026 12:19:14 AM"
"Backend\PlantProcess.Application\Analytics\Interfaces\IEmbeddingProvider.cs","01_Backend_Core","Backend Core: API, Application, Domain, Infrastructure, Workers","Application Interface",".cs","12","312","0.3","5/30/2026 4:32:49 PM"
"Backend\PlantProcess.Application\Analytics\Interfaces\IFeatureEngineeringService.cs","01_Backend_Core","Backend Core: API, Application, Domain, Infrastructure, Workers","Application Interface",".cs","16","392","0.38","5/19/2026 12:19:14 AM"
"Backend\PlantProcess.Application\Analytics\Interfaces\IMlReadinessService.cs","01_Backend_Core","Backend Core: API, Application, Domain, Infrastructure, Workers","Application Interface",".cs","19","626","0.61","5/21/2026 4:20:49 PM"
"Backend\PlantProcess.Application\Analytics\Interfaces\INarrativeProvider.cs","01_Backend_Core","Backend Core: API, Application, Domain, Infrastructure, Workers","Application Interface",".cs","13","306","0.3","5/31/2026 12:39:01 PM"
"Backend\PlantProcess.Application\Analytics\Interfaces\IQualityLabelBuilderService.cs","01_Backend_Core","Backend Core: API, Application, Domain, Infrastructure, Workers","Application Interface",".cs","13","405","0.4","5/21/2026 4:20:15 PM"
"Backend\PlantProcess.Application\Analytics\Interfaces\IRiskScoreService.cs","01_Backend_Core","Backend Core: API, Application, Domain, Infrastructure, Workers","Application Interface",".cs","24","697","0.68","5/19/2026 12:19:14 AM"
"Backend\PlantProcess.Application\Analytics\Services\ApiNarrativeProvider.cs","01_Backend_Core","Backend Core: API, Application, Domain, Infrastructure, Workers","Application Service",".cs","98","3256","3.18","5/31/2026 12:39:01 PM"
"Backend\PlantProcess.Application\Analytics\Services\ConfiguredNarrativeProvider.cs","01_Backend_Core","Backend Core: API, Application, Domain, Infrastructure, Workers","Application Service",".cs","53","1731","1.69","5/31/2026 12:39:01 PM"
"Backend\PlantProcess.Application\Analytics\Services\CorrelationService.cs","01_Backend_Core","Backend Core: API, Application, Domain, Infrastructure, Workers","Application Service",".cs","564","25356","24.76","6/4/2026 8:55:17 AM"
"Backend\PlantProcess.Application\Analytics\Services\DeterministicEmbeddingProvider.cs","01_Backend_Core","Backend Core: API, Application, Domain, Infrastructure, Workers","Application Service",".cs","49","1860","1.82","5/30/2026 4:32:49 PM"
"Backend\PlantProcess.Application\Analytics\Services\FeatureEngineeringService.cs","01_Backend_Core","Backend Core: API, Application, Domain, Infrastructure, Workers","Application Service",".cs","445","19276","18.82","5/19/2026 10:15:44 AM"
"Backend\PlantProcess.Application\Analytics\Services\LocalNarrativeProvider.cs","01_Backend_Core","Backend Core: API, Application, Domain, Infrastructure, Workers","Application Service",".cs","64","2240","2.19","5/31/2026 12:39:01 PM"
"Backend\PlantProcess.Application\Analytics\Services\MlReadinessService.cs","01_Backend_Core","Backend Core: API, Application, Domain, Infrastructure, Workers","Application Service",".cs","482","18305","17.88","5/21/2026 4:36:00 PM"
"Backend\PlantProcess.Application\Analytics\Services\QualityLabelBuilderService.cs","01_Backend_Core","Backend Core: API, Application, Domain, Infrastructure, Workers","Application Service",".cs","245","9047","8.83","5/21/2026 4:32:59 PM"
"Backend\PlantProcess.Application\Analytics\Services\RiskScoreService.cs","01_Backend_Core","Backend Core: API, Application, Domain, Infrastructure, Workers","Application Service",".cs","392","16753","16.36","5/31/2026 2:21:24 PM"
"Backend\PlantProcess.Application\Analytics\Suggestions\ISuggestionEngine.cs","01_Backend_Core","Backend Core: API, Application, Domain, Infrastructure, Workers","Application Layer Source",".cs","7","312","0.3","6/2/2026 7:26:02 PM"
"Backend\PlantProcess.Application\Analytics\Suggestions\ISuggestionStore.cs","01_Backend_Core","Backend Core: API, Application, Domain, Infrastructure, Workers","Application Layer Source",".cs","14","885","0.86","6/2/2026 7:26:06 PM"
"Backend\PlantProcess.Application\Analytics\Suggestions\SuggestionConfidence.cs","01_Backend_Core","Backend Core: API, Application, Domain, Infrastructure, Workers","Application Layer Source",".cs","19","744","0.73","6/2/2026 7:26:02 PM"
"Backend\PlantProcess.Application\Analytics\Suggestions\SuggestionContracts.cs","01_Backend_Core","Backend Core: API, Application, Domain, Infrastructure, Workers","Application Layer Source",".cs","34","1170","1.14","6/2/2026 7:26:02 PM"
"Backend\PlantProcess.Application\Analytics\Suggestions\SuggestionEngine.cs","01_Backend_Core","Backend Core: API, Application, Domain, Infrastructure, Workers","Application Layer Source",".cs","91","4159","4.06","6/8/2026 8:34:07 AM"
"Backend\PlantProcess.Application\Analytics\Suggestions\SuggestionGenerationJob.cs","01_Backend_Core","Backend Core: API, Application, Domain, Infrastructure, Workers","Application Layer Source",".cs","24","1013","0.99","6/2/2026 7:26:06 PM"
"Backend\PlantProcess.Application\Analytics\Suggestions\SuggestionWorkflow.cs","01_Backend_Core","Backend Core: API, Application, Domain, Infrastructure, Workers","Application Layer Source",".cs","36","1954","1.91","6/8/2026 8:34:07 AM"
"Backend\PlantProcess.Application\Analytics\Value\CostAssumptionValidator.cs","01_Backend_Core","Backend Core: API, Application, Domain, Infrastructure, Workers","Application Layer Source",".cs","43","1628","1.59","6/4/2026 9:13:12 AM"
"Backend\PlantProcess.Application\Analytics\Value\Demo\Phase7WorkedCaseFixtures.cs","01_Backend_Core","Backend Core: API, Application, Domain, Infrastructure, Workers","Application Layer Source",".cs","66","2495","2.44","6/7/2026 4:46:26 PM"
"Backend\PlantProcess.Application\Analytics\Value\DowntimeImpactCalculator.cs","01_Backend_Core","Backend Core: API, Application, Domain, Infrastructure, Workers","Application Layer Source",".cs","53","2092","2.04","6/15/2026 12:50:55 AM"
"Backend\PlantProcess.Application\Analytics\Value\FindingEvidenceContracts.cs","01_Backend_Core","Backend Core: API, Application, Domain, Infrastructure, Workers","Application Layer Source",".cs","63","1985","1.94","6/4/2026 9:13:12 AM"
"Backend\PlantProcess.Application\Analytics\Value\ICostAssumptionStore.cs","01_Backend_Core","Backend Core: API, Application, Domain, Infrastructure, Workers","Application Layer Source",".cs","10","533","0.52","6/2/2026 6:48:31 PM"
"Backend\PlantProcess.Application\Analytics\Value\IValueImpactEngine.cs","01_Backend_Core","Backend Core: API, Application, Domain, Infrastructure, Workers","Application Layer Source",".cs","6","180","0.18","6/2/2026 6:48:30 PM"
"Backend\PlantProcess.Application\Analytics\Value\IValueRealizationService.cs","01_Backend_Core","Backend Core: API, Application, Domain, Infrastructure, Workers","Application Layer Source",".cs","7","178","0.17","6/7/2026 4:51:10 PM"
"Backend\PlantProcess.Application\Analytics\Value\ValueContracts.cs","01_Backend_Core","Backend Core: API, Application, Domain, Infrastructure, Workers","Application Layer Source",".cs","97","3062","2.99","6/7/2026 4:03:43 PM"
"Backend\PlantProcess.Application\Analytics\Value\ValueHonestyLint.cs","01_Backend_Core","Backend Core: API, Application, Domain, Infrastructure, Workers","Application Layer Source",".cs","26","973","0.95","6/2/2026 6:48:31 PM"
"Backend\PlantProcess.Application\Analytics\Value\ValueImpactEngine.cs","01_Backend_Core","Backend Core: API, Application, Domain, Infrastructure, Workers","Application Layer Source",".cs","185","6648","6.49","6/7/2026 4:05:03 PM"
"Backend\PlantProcess.Application\Analytics\Value\ValueRealizationContracts.cs","01_Backend_Core","Backend Core: API, Application, Domain, Infrastructure, Workers","Application Layer Source",".cs","115","3551","3.47","6/7/2026 4:51:10 PM"
"Backend\PlantProcess.Application\Analytics\Value\ValueRealizationService.cs","01_Backend_Core","Backend Core: API, Application, Domain, Infrastructure, Workers","Application Layer Source",".cs","189","7442","7.27","6/7/2026 4:53:15 PM"
"Backend\PlantProcess.Application\ApplicationAssemblyMarker.cs","01_Backend_Core","Backend Core: API, Application, Domain, Infrastructure, Workers","Application Layer Source",".cs","12","211","0.21","5/19/2026 12:19:14 AM"
"Backend\PlantProcess.Application\Assistant\AssistantContracts.cs","01_Backend_Core","Backend Core: API, Application, Domain, Infrastructure, Workers","Application Layer Source",".cs","36","1551","1.51","6/2/2026 7:26:46 PM"
"Backend\PlantProcess.Application\Assistant\AssistantEvalHarness.cs","01_Backend_Core","Backend Core: API, Application, Domain, Infrastructure, Workers","Application Layer Source",".cs","52","2019","1.97","6/8/2026 8:45:02 AM"
"Backend\PlantProcess.Application\Assistant\AssistantGroundingEvalGate.cs","01_Backend_Core","Backend Core: API, Application, Domain, Infrastructure, Workers","Application Layer Source",".cs","147","6148","6","6/8/2026 8:45:02 AM"
"Backend\PlantProcess.Application\Assistant\AssistantRetrievalIndexBuildService.cs","01_Backend_Core","Backend Core: API, Application, Domain, Infrastructure, Workers","Application Layer Source",".cs","59","1889","1.84","6/4/2026 9:25:28 AM"
"Backend\PlantProcess.Application\Assistant\AssistantService.cs","01_Backend_Core","Backend Core: API, Application, Domain, Infrastructure, Workers","Application Layer Source",".cs","38","1597","1.56","6/2/2026 7:26:50 PM"
"Backend\PlantProcess.Application\Assistant\ExtractiveAssistantModel.cs","01_Backend_Core","Backend Core: API, Application, Domain, Infrastructure, Workers","Application Layer Source",".cs","50","2068","2.02","6/2/2026 7:26:49 PM"
"Backend\PlantProcess.Application\Assistant\GroundedAssistantGateway.cs","01_Backend_Core","Backend Core: API, Application, Domain, Infrastructure, Workers","Application Layer Source",".cs","62","2118","2.07","6/4/2026 9:22:59 AM"
"Backend\PlantProcess.Application\Assistant\GroundingService.cs","01_Backend_Core","Backend Core: API, Application, Domain, Infrastructure, Workers","Application Layer Source",".cs","66","3169","3.09","6/8/2026 8:45:02 AM"
"Backend\PlantProcess.Application\Assistant\IAssistantModel.cs","01_Backend_Core","Backend Core: API, Application, Domain, Infrastructure, Workers","Application Layer Source",".cs","10","452","0.44","6/2/2026 7:26:49 PM"
"Backend\PlantProcess.Application\Assistant\IEmbedder.cs","01_Backend_Core","Backend Core: API, Application, Domain, Infrastructure, Workers","Application Layer Source",".cs","12","519","0.51","6/4/2026 9:22:56 AM"
"Backend\PlantProcess.Application\Assistant\IRetrievalIndex.cs","01_Backend_Core","Backend Core: API, Application, Domain, Infrastructure, Workers","Application Layer Source",".cs","13","719","0.7","6/2/2026 7:26:47 PM"
"Backend\PlantProcess.Application\Assistant\LocalSemanticEmbedder.cs","01_Backend_Core","Backend Core: API, Application, Domain, Infrastructure, Workers","Application Layer Source",".cs","109","3213","3.14","6/4/2026 9:22:57 AM"
"Backend\PlantProcess.Application\Assistant\ModelGateway\NoopPrivateModelGatewayTransport.cs","01_Backend_Core","Backend Core: API, Application, Domain, Infrastructure, Workers","Application Layer Source",".cs","20","825","0.81","6/8/2026 1:12:27 PM"
"Backend\PlantProcess.Application\Assistant\ModelGateway\PrivateModelGatewayContracts.cs","01_Backend_Core","Backend Core: API, Application, Domain, Infrastructure, Workers","Application Layer Source",".cs","92","2635","2.57","6/8/2026 9:24:47 AM"
"Backend\PlantProcess.Application\Assistant\ModelGateway\PrivateModelGatewayService.cs","01_Backend_Core","Backend Core: API, Application, Domain, Infrastructure, Workers","Application Layer Source",".cs","158","6544","6.39","6/8/2026 9:28:46 AM"
"Backend\PlantProcess.Application\Assistant\Tools\ITool.cs","01_Backend_Core","Backend Core: API, Application, Domain, Infrastructure, Workers","Application Layer Source",".cs","11","468","0.46","6/2/2026 7:26:47 PM"
"Backend\PlantProcess.Application\Assistant\Tools\ToolRegistry.cs","01_Backend_Core","Backend Core: API, Application, Domain, Infrastructure, Workers","Application Layer Source",".cs","45","1972","1.93","6/2/2026 7:26:48 PM"
"Backend\PlantProcess.Application\AssistantRuntime\Phase8AssistantRegressionEvalGate.cs","01_Backend_Core","Backend Core: API, Application, Domain, Infrastructure, Workers","Application Layer Source",".cs","197","7753","7.57","6/9/2026 3:28:12 PM"
"Backend\PlantProcess.Application\AssistantRuntime\Phase8AssistantRuntimeContracts.cs","01_Backend_Core","Backend Core: API, Application, Domain, Infrastructure, Workers","Application Layer Source",".cs","249","9511","9.29","6/9/2026 2:59:49 PM"
"Backend\PlantProcess.Application\AssistantRuntime\Phase8SuggestionOutcomeLoop.cs","01_Backend_Core","Backend Core: API, Application, Domain, Infrastructure, Workers","Application Layer Source",".cs","162","5805","5.67","6/9/2026 3:28:11 PM"
"Backend\PlantProcess.Application\Audit\AuditLogContext.cs","01_Backend_Core","Backend Core: API, Application, Domain, Infrastructure, Workers","Application Layer Source",".cs","25","752","0.73","5/22/2026 11:12:56 PM"
"Backend\PlantProcess.Application\Audit\IAuditLogService.cs","01_Backend_Core","Backend Core: API, Application, Domain, Infrastructure, Workers","Application Layer Source",".cs","16","603","0.59","5/22/2026 11:12:56 PM"
"Backend\PlantProcess.Application\Common\Constants\ApplicationErrorCodes.cs","01_Backend_Core","Backend Core: API, Application, Domain, Infrastructure, Workers","Application Layer Source",".cs","13","643","0.63","5/21/2026 2:29:50 PM"
"Backend\PlantProcess.Application\Common\Paging\PagedResult.cs","01_Backend_Core","Backend Core: API, Application, Domain, Infrastructure, Workers","Application Layer Source",".cs","29","632","0.62","5/19/2026 12:19:14 AM"
"Backend\PlantProcess.Application\Common\Paging\PageRequest.cs","01_Backend_Core","Backend Core: API, Application, Domain, Infrastructure, Workers","Application Layer Source",".cs","22","442","0.43","5/19/2026 12:19:14 AM"
"Backend\PlantProcess.Application\Common\Persistence\IPlantProcessDbContext.cs","01_Backend_Core","Backend Core: API, Application, Domain, Infrastructure, Workers","Application Layer Source",".cs","65","2564","2.5","5/19/2026 12:19:14 AM"
"Backend\PlantProcess.Application\Common\Results\ApplicationError.cs","01_Backend_Core","Backend Core: API, Application, Domain, Infrastructure, Workers","Application Layer Source",".cs","80","2382","2.33","5/21/2026 2:30:34 PM"
"Backend\PlantProcess.Application\Common\Results\ApplicationErrorType.cs","01_Backend_Core","Backend Core: API, Application, Domain, Infrastructure, Workers","Application Layer Source",".cs","14","290","0.28","5/21/2026 4:05:01 PM"
"Backend\PlantProcess.Application\Common\Results\ApplicationResult.cs","01_Backend_Core","Backend Core: API, Application, Domain, Infrastructure, Workers","Application Layer Source",".cs","30","682","0.67","5/19/2026 12:19:14 AM"
"Backend\PlantProcess.Application\Common\Results\ApplicationResultT.cs","01_Backend_Core","Backend Core: API, Application, Domain, Infrastructure, Workers","Application Layer Source",".cs","33","786","0.77","5/19/2026 12:19:14 AM"
"Backend\PlantProcess.Application\Common\Text\TextNormalizer.cs","01_Backend_Core","Backend Core: API, Application, Domain, Infrastructure, Workers","Application Layer Source",".cs","43","1243","1.21","5/19/2026 12:19:14 AM"
"Backend\PlantProcess.Application\Common\Time\IClock.cs","01_Backend_Core","Backend Core: API, Application, Domain, Infrastructure, Workers","Application Layer Source",".cs","11","165","0.16","5/19/2026 12:19:14 AM"
"Backend\PlantProcess.Application\Common\Time\IPlantTimeContextResolver.cs","01_Backend_Core","Backend Core: API, Application, Domain, Infrastructure, Workers","Application Layer Source",".cs","15","313","0.31","5/19/2026 12:19:14 AM"
"Backend\PlantProcess.Application\Common\Time\PlantTimeContext.cs","01_Backend_Core","Backend Core: API, Application, Domain, Infrastructure, Workers","Application Layer Source",".cs","8","152","0.15","5/19/2026 12:19:14 AM"
"Backend\PlantProcess.Application\Common\Time\PlantTimeContextResolver.cs","01_Backend_Core","Backend Core: API, Application, Domain, Infrastructure, Workers","Application Layer Source",".cs","58","1571","1.53","5/19/2026 12:19:14 AM"
"Backend\PlantProcess.Application\Common\Time\SystemClock.cs","01_Backend_Core","Backend Core: API, Application, Domain, Infrastructure, Workers","Application Layer Source",".cs","11","224","0.22","5/19/2026 12:19:14 AM"
"Backend\PlantProcess.Application\Common\Validation\Guard.cs","01_Backend_Core","Backend Core: API, Application, Domain, Infrastructure, Workers","Application Layer Source",".cs","37","1187","1.16","5/19/2026 12:19:14 AM"
"Backend\PlantProcess.Application\Common\Validation\ValidationFailure.cs","01_Backend_Core","Backend Core: API, Application, Domain, Infrastructure, Workers","Application Layer Source",".cs","9","174","0.17","5/19/2026 12:19:14 AM"
"Backend\PlantProcess.Application\Common\Validation\ValidationResult.cs","01_Backend_Core","Backend Core: API, Application, Domain, Infrastructure, Workers","Application Layer Source",".cs","31","873","0.85","5/19/2026 12:19:14 AM"
"Backend\PlantProcess.Application\Connectors\Certification\ConnectorBehaviourCertification.cs","01_Backend_Core","Backend Core: API, Application, Domain, Infrastructure, Workers","Application Layer Source",".cs","468","15338","14.98","6/8/2026 1:33:50 PM"
"Backend\PlantProcess.Application\Contracts\Common\CommandMetadata.cs","01_Backend_Core","Backend Core: API, Application, Domain, Infrastructure, Workers","Application Contract / DTO",".cs","11","252","0.25","5/19/2026 12:19:14 AM"
"Backend\PlantProcess.Application\Contracts\Common\QueryMetadata.cs","01_Backend_Core","Backend Core: API, Application, Domain, Infrastructure, Workers","Application Contract / DTO",".cs","8","171","0.17","5/19/2026 12:19:14 AM"
"Backend\PlantProcess.Application\Contracts\DataQuality\RaiseDataQualityIssueCommand.cs","01_Backend_Core","Backend Core: API, Application, Domain, Infrastructure, Workers","Application Contract / DTO",".cs","15","366","0.36","5/19/2026 12:19:14 AM"
"Backend\PlantProcess.Application\Contracts\Materials\AddMaterialAliasCommand.cs","01_Backend_Core","Backend Core: API, Application, Domain, Infrastructure, Workers","Application Contract / DTO",".cs","13","298","0.29","5/19/2026 12:19:14 AM"
"Backend\PlantProcess.Application\Contracts\Materials\CreateGenealogyEdgeCommand.cs","01_Backend_Core","Backend Core: API, Application, Domain, Infrastructure, Workers","Application Contract / DTO",".cs","16","411","0.4","5/19/2026 12:19:14 AM"
"Backend\PlantProcess.Application\Contracts\Materials\CreateMaterialCommand.cs","01_Backend_Core","Backend Core: API, Application, Domain, Infrastructure, Workers","Application Contract / DTO",".cs","18","458","0.45","5/19/2026 12:19:14 AM"
"Backend\PlantProcess.Application\Contracts\PlantLayout\PlantLayoutDtos.cs","01_Backend_Core","Backend Core: API, Application, Domain, Infrastructure, Workers","Application Contract / DTO",".cs","72","1766","1.72","5/19/2026 12:19:14 AM"
"Backend\PlantProcess.Application\Contracts\Process\AddDowntimeEventCommand.cs","01_Backend_Core","Backend Core: API, Application, Domain, Infrastructure, Workers","Application Contract / DTO",".cs","19","478","0.47","5/19/2026 12:19:14 AM"
"Backend\PlantProcess.Application\Contracts\Process\AddParameterDefinitionCommand.cs","01_Backend_Core","Backend Core: API, Application, Domain, Infrastructure, Workers","Application Contract / DTO",".cs","17","435","0.42","5/19/2026 12:19:14 AM"
"Backend\PlantProcess.Application\Contracts\Process\AddParameterObservationCommand.cs","01_Backend_Core","Backend Core: API, Application, Domain, Infrastructure, Workers","Application Contract / DTO",".cs","22","568","0.55","5/19/2026 12:19:14 AM"
"Backend\PlantProcess.Application\Contracts\Process\AddProcessEventCommand.cs","01_Backend_Core","Backend Core: API, Application, Domain, Infrastructure, Workers","Application Contract / DTO",".cs","18","445","0.43","5/19/2026 12:19:14 AM"
"Backend\PlantProcess.Application\Contracts\Process\AddProcessStepCommand.cs","01_Backend_Core","Backend Core: API, Application, Domain, Infrastructure, Workers","Application Contract / DTO",".cs","20","505","0.49","5/19/2026 12:19:14 AM"
"Backend\PlantProcess.Application\Contracts\Quality\AddDefectCatalogCommand.cs","01_Backend_Core","Backend Core: API, Application, Domain, Infrastructure, Workers","Application Contract / DTO",".cs","13","305","0.3","5/19/2026 12:19:14 AM"
"Backend\PlantProcess.Application\Contracts\Quality\AddQualityEventCommand.cs","01_Backend_Core","Backend Core: API, Application, Domain, Infrastructure, Workers","Application Contract / DTO",".cs","18","434","0.42","5/19/2026 12:19:14 AM"
"Backend\PlantProcess.Application\Contracts\Quality\QualityReadDtos.cs","01_Backend_Core","Backend Core: API, Application, Domain, Infrastructure, Workers","Application Contract / DTO",".cs","39","902","0.88","5/19/2026 12:19:14 AM"
"Backend\PlantProcess.Application\Contracts\Readiness\ApplicationReadinessDto.cs","01_Backend_Core","Backend Core: API, Application, Domain, Infrastructure, Workers","Application Contract / DTO",".cs","90","2822","2.76","5/19/2026 12:04:58 PM"
"Backend\PlantProcess.Application\Dashboarding\Contracts\DashboardDefinitionDtos.cs","01_Backend_Core","Backend Core: API, Application, Domain, Infrastructure, Workers","Application Contract / DTO",".cs","95","2391","2.33","5/19/2026 12:19:14 AM"
"Backend\PlantProcess.Application\Dashboarding\Contracts\DashboardDtos.cs","01_Backend_Core","Backend Core: API, Application, Domain, Infrastructure, Workers","Application Contract / DTO",".cs","185","5405","5.28","5/19/2026 12:19:14 AM"
"Backend\PlantProcess.Application\Dashboarding\Contracts\DashboardMetadataDtos.cs","01_Backend_Core","Backend Core: API, Application, Domain, Infrastructure, Workers","Application Contract / DTO",".cs","201","6550","6.4","5/19/2026 12:19:14 AM"
"Backend\PlantProcess.Application\Dashboarding\Contracts\WidgetQueryExpressionDtos.cs","01_Backend_Core","Backend Core: API, Application, Domain, Infrastructure, Workers","Application Contract / DTO",".cs","58","1623","1.58","5/30/2026 11:44:13 AM"
"Backend\PlantProcess.Application\Dashboarding\Interfaces\IDashboardDefinitionService.cs","01_Backend_Core","Backend Core: API, Application, Domain, Infrastructure, Workers","Application Interface",".cs","70","2532","2.47","5/19/2026 12:19:14 AM"
"Backend\PlantProcess.Application\Dashboarding\Interfaces\IDashboardMetadataService.cs","01_Backend_Core","Backend Core: API, Application, Domain, Infrastructure, Workers","Application Interface",".cs","13","344","0.34","5/19/2026 12:19:14 AM"
"Backend\PlantProcess.Application\Dashboarding\Interfaces\IDashboardQueryService.cs","01_Backend_Core","Backend Core: API, Application, Domain, Infrastructure, Workers","Application Interface",".cs","34","1192","1.16","5/19/2026 12:19:14 AM"
"Backend\PlantProcess.Application\Dashboarding\Interfaces\IDashboardWidgetQueryService.cs","01_Backend_Core","Backend Core: API, Application, Domain, Infrastructure, Workers","Application Interface",".cs","14","392","0.38","5/19/2026 12:19:14 AM"
"Backend\PlantProcess.Application\Dashboarding\Interfaces\IDashboardWidgetValidationService.cs","01_Backend_Core","Backend Core: API, Application, Domain, Infrastructure, Workers","Application Interface",".cs","13","346","0.34","5/19/2026 12:19:14 AM"
"Backend\PlantProcess.Application\Dashboarding\Interfaces\IWidgetQueryExpressionService.cs","01_Backend_Core","Backend Core: API, Application, Domain, Infrastructure, Workers","Application Interface",".cs","11","408","0.4","5/30/2026 11:44:13 AM"
"Backend\PlantProcess.Application\Dashboarding\Services\Dashboards\DashboardDefinitionService.cs","01_Backend_Core","Backend Core: API, Application, Domain, Infrastructure, Workers","Application Service",".cs","902","34562","33.75","5/21/2026 10:18:16 PM"
"Backend\PlantProcess.Application\Dashboarding\Services\Metadata\DashboardMetadataService.cs","01_Backend_Core","Backend Core: API, Application, Domain, Infrastructure, Workers","Application Service",".cs","559","21943","21.43","5/19/2026 12:19:14 AM"
"Backend\PlantProcess.Application\Dashboarding\Services\Queries\DashboardQueryService.cs","01_Backend_Core","Backend Core: API, Application, Domain, Infrastructure, Workers","Application Service",".cs","799","33863","33.07","5/19/2026 12:19:14 AM"
"Backend\PlantProcess.Application\Dashboarding\Services\Queries\DashboardWidgetQueryService.cs","01_Backend_Core","Backend Core: API, Application, Domain, Infrastructure, Workers","Application Service",".cs","850","33754","32.96","5/21/2026 1:14:30 PM"
"Backend\PlantProcess.Application\Dashboarding\Services\Widgets\DashboardWidgetQuerySafetyRegistry.cs","01_Backend_Core","Backend Core: API, Application, Domain, Infrastructure, Workers","Application Service",".cs","155","5934","5.79","5/19/2026 12:19:14 AM"
"Backend\PlantProcess.Application\Dashboarding\Services\Widgets\DashboardWidgetValidationService.cs","01_Backend_Core","Backend Core: API, Application, Domain, Infrastructure, Workers","Application Service",".cs","139","5963","5.82","5/19/2026 12:19:14 AM"
"Backend\PlantProcess.Application\Dashboarding\Services\Widgets\WidgetQueryExpressionService.cs","01_Backend_Core","Backend Core: API, Application, Domain, Infrastructure, Workers","Application Service",".cs","418","14959","14.61","5/30/2026 11:44:13 AM"
"Backend\PlantProcess.Application\Dashboarding\Services\Widgets\WidgetScriptSqlCompiler.cs","01_Backend_Core","Backend Core: API, Application, Domain, Infrastructure, Workers","Application Service",".cs","240","11945","11.67","6/3/2026 11:47:18 AM"
"Backend\PlantProcess.Application\Demo\Contracts\DemoLifecycleDtos.cs","01_Backend_Core","Backend Core: API, Application, Domain, Infrastructure, Workers","Application Contract / DTO",".cs","102","2946","2.88","5/21/2026 4:01:13 PM"
"Backend\PlantProcess.Application\Demo\Interfaces\IDemoLifecycleService.cs","01_Backend_Core","Backend Core: API, Application, Domain, Infrastructure, Workers","Application Interface",".cs","9","304","0.3","5/21/2026 2:49:18 PM"
"Backend\PlantProcess.Application\Demo\Readiness\DemoReadinessEvaluator.cs","01_Backend_Core","Backend Core: API, Application, Domain, Infrastructure, Workers","Application Layer Source",".cs","43","1639","1.6","6/15/2026 7:40:38 AM"
"Backend\PlantProcess.Application\Demo\Services\DemoLifecycleService.cs","01_Backend_Core","Backend Core: API, Application, Domain, Infrastructure, Workers","Application Service",".cs","584","24707","24.13","5/21/2026 4:01:25 PM"
"Backend\PlantProcess.Application\DependencyInjection.cs","01_Backend_Core","Backend Core: API, Application, Domain, Infrastructure, Workers","Application Layer Source",".cs","134","7803","7.62","6/9/2026 2:20:06 PM"
"Backend\PlantProcess.Application\GlobalUsings.T08.cs","01_Backend_Core","Backend Core: API, Application, Domain, Infrastructure, Workers","Application Layer Source",".cs","3","269","0.26","6/13/2026 12:47:56 AM"
"Backend\PlantProcess.Application\Integration\Connectors\ConnectorCertification.cs","01_Backend_Core","Backend Core: API, Application, Domain, Infrastructure, Workers","Application Layer Source",".cs","76","2081","2.03","6/9/2026 2:33:08 PM"
"Backend\PlantProcess.Application\Integration\Connectors\ConnectorProviderCatalog.cs","01_Backend_Core","Backend Core: API, Application, Domain, Infrastructure, Workers","Application Layer Source",".cs","94","4884","4.77","6/13/2026 12:50:53 AM"
"Backend\PlantProcess.Application\Integration\Connectors\ProviderAvailability.cs","01_Backend_Core","Backend Core: API, Application, Domain, Infrastructure, Workers","Application Layer Source",".cs","28","1194","1.17","6/13/2026 12:50:53 AM"
"Backend\PlantProcess.Application\Integration\Contracts\Commands\BulkCreateStagingRecordsCommand.cs","01_Backend_Core","Backend Core: API, Application, Domain, Infrastructure, Workers","Application Contract / DTO",".cs","18","456","0.45","5/19/2026 12:19:14 AM"
"Backend\PlantProcess.Application\Integration\Contracts\Commands\CreateImportBatchCommand.cs","01_Backend_Core","Backend Core: API, Application, Domain, Infrastructure, Workers","Application Contract / DTO",".cs","15","377","0.37","5/19/2026 12:19:14 AM"
"Backend\PlantProcess.Application\Integration\Contracts\Commands\RunImportWorkflowCommand.cs","01_Backend_Core","Backend Core: API, Application, Domain, Infrastructure, Workers","Application Contract / DTO",".cs","36","1197","1.17","5/19/2026 12:19:14 AM"
"Backend\PlantProcess.Application\Integration\Contracts\ConnectionProfiles\ConnectionProfileDtos.cs","01_Backend_Core","Backend Core: API, Application, Domain, Infrastructure, Workers","Application Contract / DTO",".cs","16","271","0.26","5/19/2026 12:19:14 AM"
"Backend\PlantProcess.Application\Integration\Contracts\ConnectionProfiles\CreateConnectionProfileCommand.cs","01_Backend_Core","Backend Core: API, Application, Domain, Infrastructure, Workers","Application Contract / DTO",".cs","16","280","0.27","5/19/2026 12:19:14 AM"
"Backend\PlantProcess.Application\Integration\Contracts\Dtos\ConnectorDtos.cs","01_Backend_Core","Backend Core: API, Application, Domain, Infrastructure, Workers","Application Contract / DTO",".cs","180","4891","4.78","5/19/2026 12:19:14 AM"
"Backend\PlantProcess.Application\Integration\Contracts\Dtos\DataSourceConnectorDtos.cs","01_Backend_Core","Backend Core: API, Application, Domain, Infrastructure, Workers","Application Contract / DTO",".cs","80","2198","2.15","5/19/2026 12:19:14 AM"
"Backend\PlantProcess.Application\Integration\Contracts\Dtos\ImportWorkflowResult.cs","01_Backend_Core","Backend Core: API, Application, Domain, Infrastructure, Workers","Application Contract / DTO",".cs","51","1416","1.38","5/19/2026 12:19:14 AM"
"Backend\PlantProcess.Application\Integration\Contracts\Dtos\SchemaConfigurationDtos.cs","01_Backend_Core","Backend Core: API, Application, Domain, Infrastructure, Workers","Application Contract / DTO",".cs","107","2899","2.83","5/19/2026 12:19:14 AM"
"Backend\PlantProcess.Application\Integration\Contracts\Jobs\JobDefinitionDtos.cs","01_Backend_Core","Backend Core: API, Application, Domain, Infrastructure, Workers","Application Contract / DTO",".cs","55","1406","1.37","5/19/2026 12:19:14 AM"
"Backend\PlantProcess.Application\Integration\Contracts\Jobs\JobOperationsDtos.cs","01_Backend_Core","Backend Core: API, Application, Domain, Infrastructure, Workers","Application Contract / DTO",".cs","58","1488","1.45","5/19/2026 12:19:14 AM"
"Backend\PlantProcess.Application\Integration\Contracts\Jobs\JobRunHistoryDtos.cs","01_Backend_Core","Backend Core: API, Application, Domain, Infrastructure, Workers","Application Contract / DTO",".cs","16","253","0.25","5/19/2026 12:19:14 AM"
"Backend\PlantProcess.Application\Integration\Contracts\Mapping\CreateMappingDefinitionCommand.cs","01_Backend_Core","Backend Core: API, Application, Domain, Infrastructure, Workers","Application Contract / DTO",".cs","17","442","0.43","5/19/2026 12:19:14 AM"
"Backend\PlantProcess.Application\Integration\Contracts\Mapping\MappingDefinitionDtos.cs","01_Backend_Core","Backend Core: API, Application, Domain, Infrastructure, Workers","Application Contract / DTO",".cs","16","260","0.25","5/19/2026 12:19:14 AM"
"Backend\PlantProcess.Application\Integration\Contracts\Mapping\MappingExecutionResult.cs","01_Backend_Core","Backend Core: API, Application, Domain, Infrastructure, Workers","Application Contract / DTO",".cs","26","636","0.62","5/19/2026 12:19:14 AM"
"Backend\PlantProcess.Application\Integration\Contracts\SourceSystems\RegisterSourceSystemCommand.cs","01_Backend_Core","Backend Core: API, Application, Domain, Infrastructure, Workers","Application Contract / DTO",".cs","14","363","0.35","5/19/2026 12:19:14 AM"
"Backend\PlantProcess.Application\Integration\Contracts\SourceSystems\SourceSystemDtos.cs","01_Backend_Core","Backend Core: API, Application, Domain, Infrastructure, Workers","Application Contract / DTO",".cs","16","261","0.25","5/19/2026 12:19:14 AM"
"Backend\PlantProcess.Application\Integration\Contracts\Staging\StagingRecordBulkCreateResult.cs","01_Backend_Core","Backend Core: API, Application, Domain, Infrastructure, Workers","Application Contract / DTO",".cs","16","391","0.38","5/19/2026 12:19:14 AM"
"Backend\PlantProcess.Application\Integration\Interfaces\Connectors\IConnectorConfigurationService.cs","01_Backend_Core","Backend Core: API, Application, Domain, Infrastructure, Workers","Application Interface",".cs","67","2533","2.47","5/19/2026 12:19:14 AM"
"Backend\PlantProcess.Application\Integration\Interfaces\Import\IImportBatchQueueProcessorService.cs","01_Backend_Core","Backend Core: API, Application, Domain, Infrastructure, Workers","Application Interface",".cs","18","500","0.49","5/19/2026 12:19:14 AM"
"Backend\PlantProcess.Application\Integration\Interfaces\Import\IImportBatchService.cs","01_Backend_Core","Backend Core: API, Application, Domain, Infrastructure, Workers","Application Interface",".cs","70","2160","2.11","5/19/2026 12:19:14 AM"
"Backend\PlantProcess.Application\Integration\Interfaces\Import\IImportWorkflowService.cs","01_Backend_Core","Backend Core: API, Application, Domain, Infrastructure, Workers","Application Interface",".cs","16","452","0.44","5/19/2026 12:19:14 AM"
"Backend\PlantProcess.Application\Integration\Interfaces\Jobs\IJobDefinitionService.cs","01_Backend_Core","Backend Core: API, Application, Domain, Infrastructure, Workers","Application Interface",".cs","46","1539","1.5","5/19/2026 12:19:14 AM"
"Backend\PlantProcess.Application\Integration\Interfaces\Jobs\IJobRegistrationService.cs","01_Backend_Core","Backend Core: API, Application, Domain, Infrastructure, Workers","Application Interface",".cs","18","551","0.54","5/19/2026 12:19:14 AM"
"Backend\PlantProcess.Application\Integration\Interfaces\Jobs\IJobRunOrchestratorService.cs","01_Backend_Core","Backend Core: API, Application, Domain, Infrastructure, Workers","Application Interface",".cs","17","500","0.49","5/19/2026 12:19:14 AM"
"Backend\PlantProcess.Application\Integration\Interfaces\Jobs\IJobRuntimeService.cs","01_Backend_Core","Backend Core: API, Application, Domain, Infrastructure, Workers","Application Interface",".cs","32","1007","0.98","5/19/2026 12:19:14 AM"
"Backend\PlantProcess.Application\Integration\Interfaces\Mapping\IMappingDefinitionService.cs","01_Backend_Core","Backend Core: API, Application, Domain, Infrastructure, Workers","Application Interface",".cs","36","1422","1.39","5/19/2026 12:19:14 AM"
"Backend\PlantProcess.Application\Integration\Interfaces\Mapping\IMappingExecutionService.cs","01_Backend_Core","Backend Core: API, Application, Domain, Infrastructure, Workers","Application Interface",".cs","24","671","0.66","5/19/2026 12:19:14 AM"
"Backend\PlantProcess.Application\Integration\Interfaces\SchemaConfiguration\ISchemaConfigurationService.cs","01_Backend_Core","Backend Core: API, Application, Domain, Infrastructure, Workers","Application Interface",".cs","54","1929","1.88","5/19/2026 12:19:14 AM"
"Backend\PlantProcess.Application\Integration\Interfaces\SchemaConfiguration\ISchemaReader.cs","01_Backend_Core","Backend Core: API, Application, Domain, Infrastructure, Workers","Application Interface",".cs","24","771","0.75","5/19/2026 12:19:14 AM"
"Backend\PlantProcess.Application\Integration\Interfaces\SourceSystems\IDataSourceConnector.cs","01_Backend_Core","Backend Core: API, Application, Domain, Infrastructure, Workers","Application Interface",".cs","32","814","0.79","5/24/2026 2:20:18 PM"
"Backend\PlantProcess.Application\Integration\Interfaces\SourceSystems\IDataSourceConnectorFactory.cs","01_Backend_Core","Backend Core: API, Application, Domain, Infrastructure, Workers","Application Interface",".cs","21","598","0.58","5/19/2026 12:19:14 AM"
"Backend\PlantProcess.Application\Integration\Interfaces\SourceSystems\IDataSourceReader.cs","01_Backend_Core","Backend Core: API, Application, Domain, Infrastructure, Workers","Application Interface",".cs","34","1095","1.07","5/19/2026 12:19:14 AM"
"Backend\PlantProcess.Application\Integration\Interfaces\SourceSystems\IDeltaImportExecutionService.cs","01_Backend_Core","Backend Core: API, Application, Domain, Infrastructure, Workers","Application Interface",".cs","21","624","0.61","5/22/2026 8:06:10 PM"
"Backend\PlantProcess.Application\Integration\Interfaces\SourceSystems\IIncrementalSyncStateService.cs","01_Backend_Core","Backend Core: API, Application, Domain, Infrastructure, Workers","Application Interface",".cs","23","703","0.69","5/19/2026 12:19:14 AM"
"Backend\PlantProcess.Application\Integration\Interfaces\SourceSystems\ISourceSystemService.cs","01_Backend_Core","Backend Core: API, Application, Domain, Infrastructure, Workers","Application Interface",".cs","26","804","0.79","5/19/2026 12:19:14 AM"
"Backend\PlantProcess.Application\Integration\Interfaces\Staging\IStagingRecordService.cs","01_Backend_Core","Backend Core: API, Application, Domain, Infrastructure, Workers","Application Interface",".cs","16","478","0.47","5/19/2026 12:19:14 AM"
"Backend\PlantProcess.Application\Integration\Mapping\Faults\MappingFaultClassifier.cs","01_Backend_Core","Backend Core: API, Application, Domain, Infrastructure, Workers","Application Layer Source",".cs","30","1258","1.23","6/15/2026 10:18:31 AM"
"Backend\PlantProcess.Application\Integration\Protection\SourceLoadProtectionPolicy.cs","01_Backend_Core","Backend Core: API, Application, Domain, Infrastructure, Workers","Application Layer Source",".cs","64","2660","2.6","6/15/2026 10:18:31 AM"
"Backend\PlantProcess.Application\Integration\Security\CanonicalTableAllowlist.cs","01_Backend_Core","Backend Core: API, Application, Domain, Infrastructure, Workers","Application Layer Source",".cs","26","1217","1.19","6/4/2026 1:19:36 AM"
"Backend\PlantProcess.Application\Integration\Security\ITableAllowlistProvider.cs","01_Backend_Core","Backend Core: API, Application, Domain, Infrastructure, Workers","Application Layer Source",".cs","17","681","0.67","6/4/2026 1:19:36 AM"
"Backend\PlantProcess.Application\Integration\Security\SafeSqlCommentStripper.cs","01_Backend_Core","Backend Core: API, Application, Domain, Infrastructure, Workers","Application Layer Source",".cs","121","3410","3.33","6/7/2026 2:44:19 PM"
"Backend\PlantProcess.Application\Integration\Security\SafeSqlValidator.cs","01_Backend_Core","Backend Core: API, Application, Domain, Infrastructure, Workers","Application Layer Source",".cs","356","12546","12.25","6/7/2026 2:44:19 PM"
"Backend\PlantProcess.Application\Integration\Security\SqlAllowlistProvider.cs","01_Backend_Core","Backend Core: API, Application, Domain, Infrastructure, Workers","Application Layer Source",".cs","101","2784","2.72","6/4/2026 8:47:03 AM"
"Backend\PlantProcess.Application\Integration\Services\Connectors\ConnectorConfigurationService.cs","01_Backend_Core","Backend Core: API, Application, Domain, Infrastructure, Workers","Application Service",".cs","49","1171","1.14","6/7/2026 3:57:27 PM"
"Backend\PlantProcess.Application\Integration\Services\Connectors\ConnectorConfigurationService.Csv.014.DiscoverCsvSchemaAsync.cs","01_Backend_Core","Backend Core: API, Application, Domain, Infrastructure, Workers","Application Service",".cs","153","3661","3.58","6/7/2026 3:57:27 PM"
"Backend\PlantProcess.Application\Integration\Services\Connectors\ConnectorConfigurationService.Csv.015.PreviewCsvAsync.cs","01_Backend_Core","Backend Core: API, Application, Domain, Infrastructure, Workers","Application Service",".cs","73","1739","1.7","6/7/2026 3:57:27 PM"
"Backend\PlantProcess.Application\Integration\Services\Connectors\ConnectorConfigurationService.Csv.016.ImportCsvSnapshotAsync.cs","01_Backend_Core","Backend Core: API, Application, Domain, Infrastructure, Workers","Application Service",".cs","227","5356","5.23","6/7/2026 3:57:27 PM"
"Backend\PlantProcess.Application\Integration\Services\Connectors\ConnectorConfigurationService.Csv.024.ResolveDelimiter.cs","01_Backend_Core","Backend Core: API, Application, Domain, Infrastructure, Workers","Application Service",".cs","63","1171","1.14","6/7/2026 3:57:27 PM"
"Backend\PlantProcess.Application\Integration\Services\Connectors\ConnectorConfigurationService.CsvParser.999.CsvTextParser.cs","01_Backend_Core","Backend Core: API, Application, Domain, Infrastructure, Workers","Application Service",".cs","29","804","0.79","6/7/2026 3:57:27 PM"
"Backend\PlantProcess.Application\Integration\Services\Connectors\ConnectorConfigurationService.Datasets.009.ToDatasetDto.cs","01_Backend_Core","Backend Core: API, Application, Domain, Infrastructure, Workers","Application Service",".cs","73","1887","1.84","6/7/2026 3:57:27 PM"
"Backend\PlantProcess.Application\Integration\Services\Connectors\ConnectorConfigurationService.Datasets.010.DiscoverSchemaAsync.cs","01_Backend_Core","Backend Core: API, Application, Domain, Infrastructure, Workers","Application Service",".cs","271","7013","6.85","6/7/2026 3:57:27 PM"
"Backend\PlantProcess.Application\Integration\Services\Connectors\ConnectorConfigurationService.Datasets.012.GetDatasetsAsync.cs","01_Backend_Core","Backend Core: API, Application, Domain, Infrastructure, Workers","Application Service",".cs","113","2665","2.6","6/7/2026 3:57:27 PM"
"Backend\PlantProcess.Application\Integration\Services\Connectors\ConnectorConfigurationService.Datasets.013.CreateDatasetAsync.cs","01_Backend_Core","Backend Core: API, Application, Domain, Infrastructure, Workers","Application Service",".cs","141","3884","3.79","6/7/2026 3:57:27 PM"
"Backend\PlantProcess.Application\Integration\Services\Connectors\ConnectorConfigurationService.Datasets.018.GetDatasetDtoQuery.cs","01_Backend_Core","Backend Core: API, Application, Domain, Infrastructure, Workers","Application Service",".cs","79","1891","1.85","6/7/2026 3:57:27 PM"
"Backend\PlantProcess.Application\Integration\Services\Connectors\ConnectorConfigurationService.Fields.020.BuildFieldDefinitions.cs","01_Backend_Core","Backend Core: API, Application, Domain, Infrastructure, Workers","Application Service",".cs","99","2369","2.31","6/7/2026 3:57:27 PM"
"Backend\PlantProcess.Application\Integration\Services\Connectors\ConnectorConfigurationService.Fields.021.BuildFieldDefinitionDtos.cs","01_Backend_Core","Backend Core: API, Application, Domain, Infrastructure, Workers","Application Service",".cs","95","2087","2.04","6/7/2026 3:57:27 PM"
"Backend\PlantProcess.Application\Integration\Services\Connectors\ConnectorConfigurationService.Helpers.011.NormalizeCode.cs","01_Backend_Core","Backend Core: API, Application, Domain, Infrastructure, Workers","Application Service",".cs","47","1069","1.04","6/7/2026 3:57:27 PM"
"Backend\PlantProcess.Application\Integration\Services\Connectors\ConnectorConfigurationService.Helpers.023.NormalizeProviderType.cs","01_Backend_Core","Backend Core: API, Application, Domain, Infrastructure, Workers","Application Service",".cs","63","1293","1.26","6/7/2026 3:57:27 PM"
"Backend\PlantProcess.Application\Integration\Services\Connectors\ConnectorConfigurationService.Helpers.025.InferDataType.cs","01_Backend_Core","Backend Core: API, Application, Domain, Infrastructure, Workers","Application Service",".cs","77","1429","1.4","6/7/2026 3:57:27 PM"
"Backend\PlantProcess.Application\Integration\Services\Connectors\ConnectorConfigurationService.Helpers.026.LooksLikeKey.cs","01_Backend_Core","Backend Core: API, Application, Domain, Infrastructure, Workers","Application Service",".cs","41","961","0.94","6/7/2026 3:57:27 PM"
"Backend\PlantProcess.Application\Integration\Services\Connectors\ConnectorConfigurationService.Helpers.027.LooksLikeTimestamp.cs","01_Backend_Core","Backend Core: API, Application, Domain, Infrastructure, Workers","Application Service",".cs","41","971","0.95","6/7/2026 3:57:27 PM"
"Backend\PlantProcess.Application\Integration\Services\Connectors\ConnectorConfigurationService.Helpers.028.Parse.cs","01_Backend_Core","Backend Core: API, Application, Domain, Infrastructure, Workers","Application Service",".cs","321","5702","5.57","6/7/2026 3:57:27 PM"
"Backend\PlantProcess.Application\Integration\Services\Connectors\ConnectorConfigurationService.Profiles.002.GetConnectionProfilesAsync.cs","01_Backend_Core","Backend Core: API, Application, Domain, Infrastructure, Workers","Application Service",".cs","133","3111","3.04","6/7/2026 3:57:27 PM"
"Backend\PlantProcess.Application\Integration\Services\Connectors\ConnectorConfigurationService.Profiles.003.GetConnectionProfileByIdAsync.cs","01_Backend_Core","Backend Core: API, Application, Domain, Infrastructure, Workers","Application Service",".cs","45","1188","1.16","6/7/2026 3:57:27 PM"
"Backend\PlantProcess.Application\Integration\Services\Connectors\ConnectorConfigurationService.Profiles.004.CreateConnectionProfileAsync.cs","01_Backend_Core","Backend Core: API, Application, Domain, Infrastructure, Workers","Application Service",".cs","159","3594","3.51","6/7/2026 3:57:27 PM"
"Backend\PlantProcess.Application\Integration\Services\Connectors\ConnectorConfigurationService.Profiles.005.UpdateConnectionProfileAsync.cs","01_Backend_Core","Backend Core: API, Application, Domain, Infrastructure, Workers","Application Service",".cs","87","2048","2","6/7/2026 3:57:27 PM"
"Backend\PlantProcess.Application\Integration\Services\Connectors\ConnectorConfigurationService.Profiles.006.ActivateConnectionProfileAsync.cs","01_Backend_Core","Backend Core: API, Application, Domain, Infrastructure, Workers","Application Service",".cs","53","1315","1.28","6/7/2026 3:57:27 PM"
"Backend\PlantProcess.Application\Integration\Services\Connectors\ConnectorConfigurationService.Profiles.007.DeactivateConnectionProfileAsync.cs","01_Backend_Core","Backend Core: API, Application, Domain, Infrastructure, Workers","Application Service",".cs","53","1319","1.29","6/7/2026 3:57:27 PM"
"Backend\PlantProcess.Application\Integration\Services\Connectors\ConnectorConfigurationService.Profiles.008.TestConnectionProfileAsync.cs","01_Backend_Core","Backend Core: API, Application, Domain, Infrastructure, Workers","Application Service",".cs","85","2014","1.97","6/7/2026 3:57:27 PM"
"Backend\PlantProcess.Application\Integration\Services\Connectors\ConnectorConfigurationService.Profiles.017.GetConnectionProfileDtoQuery.cs","01_Backend_Core","Backend Core: API, Application, Domain, Infrastructure, Workers","Application Service",".cs","91","2117","2.07","6/7/2026 3:57:27 PM"
"Backend\PlantProcess.Application\Integration\Services\Connectors\ConnectorConfigurationService.Profiles.022.ValidateConnectionProfileRequest.cs","01_Backend_Core","Backend Core: API, Application, Domain, Infrastructure, Workers","Application Service",".cs","55","1421","1.39","6/7/2026 3:57:27 PM"
"Backend\PlantProcess.Application\Integration\Services\Connectors\ConnectorConfigurationService.ProviderTypes.001.GetProviderTypes.cs","01_Backend_Core","Backend Core: API, Application, Domain, Infrastructure, Workers","Application Service",".cs","194","4786","4.67","6/13/2026 12:50:53 AM"
"Backend\PlantProcess.Application\Integration\Services\Connectors\ConnectorConfigurationService.Queries.019.GetFieldDtosAsync.cs","01_Backend_Core","Backend Core: API, Application, Domain, Infrastructure, Workers","Application Service",".cs","73","1646","1.61","6/7/2026 3:57:27 PM"
"Backend\PlantProcess.Application\Integration\Services\Import\ImportBatchQueueProcessorService.cs","01_Backend_Core","Backend Core: API, Application, Domain, Infrastructure, Workers","Application Service",".cs","172","7456","7.28","5/19/2026 12:19:14 AM"
"Backend\PlantProcess.Application\Integration\Services\Import\ImportBatchService.cs","01_Backend_Core","Backend Core: API, Application, Domain, Infrastructure, Workers","Application Service",".cs","156","5997","5.86","5/19/2026 12:19:14 AM"
"Backend\PlantProcess.Application\Integration\Services\Import\ImportWorkflowService.cs","01_Backend_Core","Backend Core: API, Application, Domain, Infrastructure, Workers","Application Service",".cs","272","13507","13.19","5/19/2026 12:19:14 AM"
"Backend\PlantProcess.Application\Integration\Services\Jobs\JobDefinitionService.cs","01_Backend_Core","Backend Core: API, Application, Domain, Infrastructure, Workers","Application Service",".cs","337","12612","12.32","5/19/2026 12:19:14 AM"
"Backend\PlantProcess.Application\Integration\Services\Jobs\JobRegistrationService.cs","01_Backend_Core","Backend Core: API, Application, Domain, Infrastructure, Workers","Application Service",".cs","287","12346","12.06","5/19/2026 10:56:55 AM"
"Backend\PlantProcess.Application\Integration\Services\Jobs\JobRunOrchestratorService.cs","01_Backend_Core","Backend Core: API, Application, Domain, Infrastructure, Workers","Application Service",".cs","205","8304","8.11","5/19/2026 12:19:14 AM"
"Backend\PlantProcess.Application\Integration\Services\Jobs\JobRuntimeService.cs","01_Backend_Core","Backend Core: API, Application, Domain, Infrastructure, Workers","Application Service",".cs","161","6280","6.13","5/19/2026 12:19:14 AM"
"Backend\PlantProcess.Application\Integration\Services\Mapping\MappingDefinitionService.cs","01_Backend_Core","Backend Core: API, Application, Domain, Infrastructure, Workers","Application Service",".cs","234","11773","11.5","5/19/2026 12:19:14 AM"
"Backend\PlantProcess.Application\Integration\Services\Mapping\MappingExecutionService.cs","01_Backend_Core","Backend Core: API, Application, Domain, Infrastructure, Workers","Application Service",".cs","899","37268","36.39","5/19/2026 10:46:05 AM"
"Backend\PlantProcess.Application\Integration\Services\SchemaConfiguration\SchemaConfigurationService.cs","01_Backend_Core","Backend Core: API, Application, Domain, Infrastructure, Workers","Application Service",".cs","380","15429","15.07","5/19/2026 12:19:14 AM"
"Backend\PlantProcess.Application\Integration\Services\SourceSystems\BackfillExecutionService.cs","01_Backend_Core","Backend Core: API, Application, Domain, Infrastructure, Workers","Application Service",".cs","337","13308","13","6/9/2026 9:57:50 AM"
"Backend\PlantProcess.Application\Integration\Services\SourceSystems\ConnectorSchemaDriftService.cs","01_Backend_Core","Backend Core: API, Application, Domain, Infrastructure, Workers","Application Service",".cs","245","8757","8.55","6/9/2026 2:20:06 PM"
"Backend\PlantProcess.Application\Integration\Services\SourceSystems\DeltaImportExecutionService.cs","01_Backend_Core","Backend Core: API, Application, Domain, Infrastructure, Workers","Application Service",".cs","282","9920","9.69","5/25/2026 11:21:26 AM"
"Backend\PlantProcess.Application\Integration\Services\SourceSystems\IncrementalSyncStateService.cs","01_Backend_Core","Backend Core: API, Application, Domain, Infrastructure, Workers","Application Service",".cs","93","3579","3.5","5/19/2026 12:19:14 AM"
"Backend\PlantProcess.Application\Integration\Services\SourceSystems\SourceSystemService.cs","01_Backend_Core","Backend Core: API, Application, Domain, Infrastructure, Workers","Application Service",".cs","76","3146","3.07","5/19/2026 12:19:14 AM"
"Backend\PlantProcess.Application\Integration\Services\Staging\StagingRecordService.cs","01_Backend_Core","Backend Core: API, Application, Domain, Infrastructure, Workers","Application Service",".cs","133","5415","5.29","5/19/2026 12:19:14 AM"
"Backend\PlantProcess.Application\Licensing\Contracts\LicenseFeature.cs","01_Backend_Core","Backend Core: API, Application, Domain, Infrastructure, Workers","Application Contract / DTO",".cs","50","1236","1.21","5/21/2026 2:26:38 PM"
"Backend\PlantProcess.Application\Licensing\Contracts\LicenseFeatureStatusDto.cs","01_Backend_Core","Backend Core: API, Application, Domain, Infrastructure, Workers","Application Contract / DTO",".cs","7","194","0.19","5/21/2026 2:27:45 PM"
"Backend\PlantProcess.Application\Licensing\Contracts\LicenseLimits.cs","01_Backend_Core","Backend Core: API, Application, Domain, Infrastructure, Workers","Application Contract / DTO",".cs","21","683","0.67","5/21/2026 2:26:58 PM"
"Backend\PlantProcess.Application\Licensing\Contracts\LicensePlan.cs","01_Backend_Core","Backend Core: API, Application, Domain, Infrastructure, Workers","Application Contract / DTO",".cs","8","251","0.25","5/21/2026 2:27:28 PM"
"Backend\PlantProcess.Application\Licensing\Contracts\LicenseStatusDto.cs","01_Backend_Core","Backend Core: API, Application, Domain, Infrastructure, Workers","Application Contract / DTO",".cs","13","452","0.44","5/21/2026 2:28:00 PM"
"Backend\PlantProcess.Application\Licensing\Contracts\LicenseTier.cs","01_Backend_Core","Backend Core: API, Application, Domain, Infrastructure, Workers","Application Contract / DTO",".cs","9","156","0.15","5/21/2026 2:26:08 PM"
"Backend\PlantProcess.Application\Licensing\Interfaces\ILicenseService.cs","01_Backend_Core","Backend Core: API, Application, Domain, Infrastructure, Workers","Application Interface",".cs","35","1097","1.07","5/21/2026 2:28:51 PM"
"Backend\PlantProcess.Application\Licensing\Options\LicenseOptions.cs","01_Backend_Core","Backend Core: API, Application, Domain, Infrastructure, Workers","Application Layer Source",".cs","20","555","0.54","5/21/2026 3:10:00 PM"
"Backend\PlantProcess.Application\Licensing\Phase10\Phase10LicenseRuntime.cs","01_Backend_Core","Backend Core: API, Application, Domain, Infrastructure, Workers","Application Layer Source",".cs","331","11159","10.9","6/13/2026 12:47:56 AM"
"Backend\PlantProcess.Application\Licensing\Services\LicenseService.cs","01_Backend_Core","Backend Core: API, Application, Domain, Infrastructure, Workers","Application Service",".cs","379","14987","14.64","5/21/2026 3:10:26 PM"
"Backend\PlantProcess.Application\PlantProcess.Application.csproj","01_Backend_Core","Backend Core: API, Application, Domain, Infrastructure, Workers","Application Layer Source",".csproj","45","1693","1.65","6/3/2026 12:54:31 AM"
"Backend\PlantProcess.Application\Provenance\IProvenanceResolver.cs","01_Backend_Core","Backend Core: API, Application, Domain, Infrastructure, Workers","Application Layer Source",".cs","7","295","0.29","6/2/2026 6:44:07 PM"
"Backend\PlantProcess.Application\Provenance\ProvenanceClaimGuard.cs","01_Backend_Core","Backend Core: API, Application, Domain, Infrastructure, Workers","Application Layer Source",".cs","46","1704","1.66","6/2/2026 6:44:08 PM"
"Backend\PlantProcess.Application\Provenance\ProvenanceHandle.cs","01_Backend_Core","Backend Core: API, Application, Domain, Infrastructure, Workers","Application Layer Source",".cs","46","2388","2.33","6/2/2026 6:44:07 PM"
"Backend\PlantProcess.Application\Reporting\BrandedPdfWriter.cs","01_Backend_Core","Backend Core: API, Application, Domain, Infrastructure, Workers","Application Layer Source",".cs","120","5449","5.32","6/15/2026 11:44:12 AM"
"Backend\PlantProcess.Application\Reporting\InvestigationReportDtos.cs","01_Backend_Core","Backend Core: API, Application, Domain, Infrastructure, Workers","Application Layer Source",".cs","33","860","0.84","5/19/2026 12:19:14 AM"
"Backend\PlantProcess.Application\Security\DataBoundary\DataBoundaryPolicy.cs","01_Backend_Core","Backend Core: API, Application, Domain, Infrastructure, Workers","Application Layer Source",".cs","42","1649","1.61","6/15/2026 10:18:31 AM"
"Backend\PlantProcess.Application\Security\Rbac\FormalRoleAccessMatrix.cs","01_Backend_Core","Backend Core: API, Application, Domain, Infrastructure, Workers","Application Layer Source",".cs","359","12511","12.22","6/13/2026 12:53:34 AM"
"Backend\PlantProcess.Application\Security\Tenancy\TenantAbstractions.cs","01_Backend_Core","Backend Core: API, Application, Domain, Infrastructure, Workers","Application Layer Source",".cs","61","2120","2.07","6/3/2026 1:21:01 AM"
"Backend\PlantProcess.Application\Services\DataQuality\DataQualityService.cs","01_Backend_Core","Backend Core: API, Application, Domain, Infrastructure, Workers","Application Service",".cs","523","26289","25.67","5/19/2026 12:19:14 AM"
"Backend\PlantProcess.Application\Services\DataQuality\IDataQualityService.cs","01_Backend_Core","Backend Core: API, Application, Domain, Infrastructure, Workers","Application Service",".cs","55","2365","2.31","5/19/2026 12:19:14 AM"
"Backend\PlantProcess.Application\Services\Materials\GenealogyService.cs","01_Backend_Core","Backend Core: API, Application, Domain, Infrastructure, Workers","Application Service",".cs","129","5121","5","5/19/2026 12:19:14 AM"
"Backend\PlantProcess.Application\Services\Materials\IGenealogyService.cs","01_Backend_Core","Backend Core: API, Application, Domain, Infrastructure, Workers","Application Service",".cs","26","760","0.74","5/19/2026 12:19:14 AM"
"Backend\PlantProcess.Application\Services\Materials\IMaterialService.cs","01_Backend_Core","Backend Core: API, Application, Domain, Infrastructure, Workers","Application Service",".cs","39","1197","1.17","5/19/2026 12:19:14 AM"
"Backend\PlantProcess.Application\Services\Materials\MaterialService.cs","01_Backend_Core","Backend Core: API, Application, Domain, Infrastructure, Workers","Application Service",".cs","173","7098","6.93","5/19/2026 12:19:14 AM"
"Backend\PlantProcess.Application\Services\PlantLayout\IPlantLayoutQueryService.cs","01_Backend_Core","Backend Core: API, Application, Domain, Infrastructure, Workers","Application Service",".cs","19","1147","1.12","5/19/2026 12:19:14 AM"
"Backend\PlantProcess.Application\Services\PlantLayout\PlantLayoutQueryService.cs","01_Backend_Core","Backend Core: API, Application, Domain, Infrastructure, Workers","Application Service",".cs","120","7226","7.06","5/19/2026 12:19:14 AM"
"Backend\PlantProcess.Application\Services\Process\IProcessDataService.cs","01_Backend_Core","Backend Core: API, Application, Domain, Infrastructure, Workers","Application Service",".cs","30","973","0.95","5/19/2026 12:19:14 AM"
"Backend\PlantProcess.Application\Services\Process\ProcessDataService.cs","01_Backend_Core","Backend Core: API, Application, Domain, Infrastructure, Workers","Application Service",".cs","413","18298","17.87","5/19/2026 12:19:14 AM"
"Backend\PlantProcess.Application\Services\Quality\IQualityQueryService.cs","01_Backend_Core","Backend Core: API, Application, Domain, Infrastructure, Workers","Application Service",".cs","15","530","0.52","5/19/2026 12:19:14 AM"
"Backend\PlantProcess.Application\Services\Quality\IQualityService.cs","01_Backend_Core","Backend Core: API, Application, Domain, Infrastructure, Workers","Application Service",".cs","18","500","0.49","5/19/2026 12:19:14 AM"
"Backend\PlantProcess.Application\Services\Quality\QualityQueryService.cs","01_Backend_Core","Backend Core: API, Application, Domain, Infrastructure, Workers","Application Service",".cs","101","4694","4.58","5/19/2026 12:19:14 AM"
"Backend\PlantProcess.Application\Services\Quality\QualityService.cs","01_Backend_Core","Backend Core: API, Application, Domain, Infrastructure, Workers","Application Service",".cs","137","5757","5.62","5/19/2026 12:19:14 AM"
"Backend\PlantProcess.Application\Services\Readiness\ApplicationReadinessService.cs","01_Backend_Core","Backend Core: API, Application, Domain, Infrastructure, Workers","Application Service",".cs","946","37204","36.33","6/15/2026 11:44:12 AM"
"Backend\PlantProcess.Application\Services\Readiness\IApplicationReadinessService.cs","01_Backend_Core","Backend Core: API, Application, Domain, Infrastructure, Workers","Application Service",".cs","23","839","0.82","5/19/2026 12:05:15 PM"
"Backend\PlantProcess.Application\Services\Reporting\IInvestigationReportService.cs","01_Backend_Core","Backend Core: API, Application, Domain, Infrastructure, Workers","Application Service",".cs","21","617","0.6","5/19/2026 12:19:15 AM"
"Backend\PlantProcess.Application\Services\Reporting\InvestigationReportService.cs","01_Backend_Core","Backend Core: API, Application, Domain, Infrastructure, Workers","Application Service",".cs","257","12328","12.04","6/15/2026 11:44:12 AM"
"Backend\PlantProcess.Application\Top15\Phase34\Top15Phase34Runtime.cs","01_Backend_Core","Backend Core: API, Application, Domain, Infrastructure, Workers","Application Layer Source",".cs","639","22810","22.28","6/9/2026 4:50:12 PM"
"Backend\PlantProcess.Domain\Common\BaseEntity.cs","01_Backend_Core","Backend Core: API, Application, Domain, Infrastructure, Workers","Domain Source",".cs","24","881","0.86","5/6/2026 8:54:15 PM"
"Backend\PlantProcess.Domain\Entities\Analytics\CorrelationResult.cs","01_Backend_Core","Backend Core: API, Application, Domain, Infrastructure, Workers","Domain Entity",".cs","54","1933","1.89","5/11/2026 2:21:22 PM"
"Backend\PlantProcess.Domain\Entities\Analytics\ModelRegistry.cs","01_Backend_Core","Backend Core: API, Application, Domain, Infrastructure, Workers","Domain Entity",".cs","67","2829","2.76","5/11/2026 3:36:51 PM"
"Backend\PlantProcess.Domain\Entities\Analytics\RiskScore.cs","01_Backend_Core","Backend Core: API, Application, Domain, Infrastructure, Workers","Domain Entity",".cs","103","3336","3.26","5/19/2026 10:18:55 AM"
"Backend\PlantProcess.Domain\Entities\Audit\AuditLogEntry.cs","01_Backend_Core","Backend Core: API, Application, Domain, Infrastructure, Workers","Domain Entity",".cs","97","4125","4.03","5/22/2026 11:12:56 PM"
"Backend\PlantProcess.Domain\Entities\Configuration\IndustryTemplate.cs","01_Backend_Core","Backend Core: API, Application, Domain, Infrastructure, Workers","Domain Entity",".cs","65","2005","1.96","5/10/2026 9:51:19 AM"
"Backend\PlantProcess.Domain\Entities\Configuration\MaterialUnitTypeDefinition.cs","01_Backend_Core","Backend Core: API, Application, Domain, Infrastructure, Workers","Domain Entity",".cs","65","2078","2.03","5/10/2026 9:51:33 AM"
"Backend\PlantProcess.Domain\Entities\Configuration\OperationDefinition.cs","01_Backend_Core","Backend Core: API, Application, Domain, Infrastructure, Workers","Domain Entity",".cs","70","2217","2.17","5/10/2026 9:51:47 AM"
"Backend\PlantProcess.Domain\Entities\Configuration\Route.cs","01_Backend_Core","Backend Core: API, Application, Domain, Infrastructure, Workers","Domain Entity",".cs","64","1816","1.77","5/10/2026 9:52:01 AM"
"Backend\PlantProcess.Domain\Entities\Configuration\RouteStep.cs","01_Backend_Core","Backend Core: API, Application, Domain, Infrastructure, Workers","Domain Entity",".cs","55","1770","1.73","5/10/2026 9:52:09 AM"
"Backend\PlantProcess.Domain\Entities\Dashboarding\DashboardDefinition.cs","01_Backend_Core","Backend Core: API, Application, Domain, Infrastructure, Workers","Domain Entity",".cs","115","3136","3.06","5/19/2026 12:19:15 AM"
"Backend\PlantProcess.Domain\Entities\Dashboarding\DashboardWidgetDefinition.cs","01_Backend_Core","Backend Core: API, Application, Domain, Infrastructure, Workers","Domain Entity",".cs","218","8503","8.3","5/30/2026 11:44:13 AM"
"Backend\PlantProcess.Domain\Entities\Dashboarding\WidgetExpressionStatus.cs","01_Backend_Core","Backend Core: API, Application, Domain, Infrastructure, Workers","Domain Entity",".cs","8","149","0.15","5/30/2026 11:44:13 AM"
"Backend\PlantProcess.Domain\Entities\Integration\ConnectionProfile.cs","01_Backend_Core","Backend Core: API, Application, Domain, Infrastructure, Workers","Domain Entity",".cs","239","8026","7.84","5/16/2026 2:06:23 PM"
"Backend\PlantProcess.Domain\Entities\Integration\ImportBatch.cs","01_Backend_Core","Backend Core: API, Application, Domain, Infrastructure, Workers","Domain Entity",".cs","99","3090","3.02","5/11/2026 12:13:25 PM"
"Backend\PlantProcess.Domain\Entities\Integration\JobDefinition.cs","01_Backend_Core","Backend Core: API, Application, Domain, Infrastructure, Workers","Domain Entity",".cs","233","7452","7.28","5/16/2026 12:32:31 PM"
"Backend\PlantProcess.Domain\Entities\Integration\JobRunHistory.cs","01_Backend_Core","Backend Core: API, Application, Domain, Infrastructure, Workers","Domain Entity",".cs","136","4550","4.44","5/16/2026 1:54:50 PM"
"Backend\PlantProcess.Domain\Entities\Integration\KpiDefinition.cs","01_Backend_Core","Backend Core: API, Application, Domain, Infrastructure, Workers","Domain Entity",".cs","176","5721","5.59","5/16/2026 11:42:48 AM"
"Backend\PlantProcess.Domain\Entities\Integration\MappingDefinition.cs","01_Backend_Core","Backend Core: API, Application, Domain, Infrastructure, Workers","Domain Entity",".cs","104","3688","3.6","5/10/2026 9:15:41 AM"
"Backend\PlantProcess.Domain\Entities\Integration\SchemaViewDefinition.cs","01_Backend_Core","Backend Core: API, Application, Domain, Infrastructure, Workers","Domain Entity",".cs","216","7307","7.14","5/16/2026 11:42:23 AM"
"Backend\PlantProcess.Domain\Entities\Integration\SourceDatasetDefinition.cs","01_Backend_Core","Backend Core: API, Application, Domain, Infrastructure, Workers","Domain Entity",".cs","211","7260","7.09","5/22/2026 11:30:58 PM"
"Backend\PlantProcess.Domain\Entities\Integration\SourceFieldDefinition.cs","01_Backend_Core","Backend Core: API, Application, Domain, Infrastructure, Workers","Domain Entity",".cs","142","4634","4.53","5/16/2026 10:55:57 AM"
"Backend\PlantProcess.Domain\Entities\Integration\SourceSystemDefinition.cs","01_Backend_Core","Backend Core: API, Application, Domain, Infrastructure, Workers","Domain Entity",".cs","102","4251","4.15","5/11/2026 10:58:47 AM"
"Backend\PlantProcess.Domain\Entities\Integration\StagingRecord.cs","01_Backend_Core","Backend Core: API, Application, Domain, Infrastructure, Workers","Domain Entity",".cs","117","3807","3.72","5/11/2026 12:16:36 PM"
"Backend\PlantProcess.Domain\Entities\Materials\GenealogyEdge.cs","01_Backend_Core","Backend Core: API, Application, Domain, Infrastructure, Workers","Domain Entity",".cs","129","4766","4.65","6/3/2026 2:27:16 PM"
"Backend\PlantProcess.Domain\Entities\Materials\MaterialAlias.cs","01_Backend_Core","Backend Core: API, Application, Domain, Infrastructure, Workers","Domain Entity",".cs","41","1277","1.25","5/7/2026 11:42:03 AM"
"Backend\PlantProcess.Domain\Entities\Materials\MaterialUnit.cs","01_Backend_Core","Backend Core: API, Application, Domain, Infrastructure, Workers","Domain Entity",".cs","145","4748","4.64","5/7/2026 11:42:45 AM"
"Backend\PlantProcess.Domain\Entities\PlantLayout\Area.cs","01_Backend_Core","Backend Core: API, Application, Domain, Infrastructure, Workers","Domain Entity",".cs","65","1902","1.86","5/7/2026 12:17:06 PM"
"Backend\PlantProcess.Domain\Entities\PlantLayout\Equipment.cs","01_Backend_Core","Backend Core: API, Application, Domain, Infrastructure, Workers","Domain Entity",".cs","97","2886","2.82","5/7/2026 12:17:17 PM"
"Backend\PlantProcess.Domain\Entities\PlantLayout\Site.cs","01_Backend_Core","Backend Core: API, Application, Domain, Infrastructure, Workers","Domain Entity",".cs","49","1480","1.45","5/7/2026 11:58:44 AM"
"Backend\PlantProcess.Domain\Entities\Process\DowntimeEvent.cs","01_Backend_Core","Backend Core: API, Application, Domain, Infrastructure, Workers","Domain Entity",".cs","90","3020","2.95","5/7/2026 11:43:44 AM"
"Backend\PlantProcess.Domain\Entities\Process\ParameterDefinition.cs","01_Backend_Core","Backend Core: API, Application, Domain, Infrastructure, Workers","Domain Entity",".cs","65","2266","2.21","5/7/2026 11:42:28 AM"
"Backend\PlantProcess.Domain\Entities\Process\ParameterObservation.cs","01_Backend_Core","Backend Core: API, Application, Domain, Infrastructure, Workers","Domain Entity",".cs","113","3741","3.65","5/7/2026 11:42:36 AM"
"Backend\PlantProcess.Domain\Entities\Process\ProcessEvent.cs","01_Backend_Core","Backend Core: API, Application, Domain, Infrastructure, Workers","Domain Entity",".cs","77","2463","2.41","5/7/2026 11:43:20 AM"
"Backend\PlantProcess.Domain\Entities\Process\ProcessStepExecution.cs","01_Backend_Core","Backend Core: API, Application, Domain, Infrastructure, Workers","Domain Entity",".cs","189","6640","6.48","5/11/2026 12:17:36 PM"
"Backend\PlantProcess.Domain\Entities\Quality\DataQualityIssue.cs","01_Backend_Core","Backend Core: API, Application, Domain, Infrastructure, Workers","Domain Entity",".cs","76","2629","2.57","5/11/2026 12:17:58 PM"
"Backend\PlantProcess.Domain\Entities\Quality\DefectCatalog.cs","01_Backend_Core","Backend Core: API, Application, Domain, Infrastructure, Workers","Domain Entity",".cs","46","1417","1.38","5/11/2026 2:21:22 PM"
"Backend\PlantProcess.Domain\Entities\Quality\QualityEvent.cs","01_Backend_Core","Backend Core: API, Application, Domain, Infrastructure, Workers","Domain Entity",".cs","79","2547","2.49","5/7/2026 11:43:44 AM"
"Backend\PlantProcess.Domain\Enums\Integration\JobDefinitionType.cs","01_Backend_Core","Backend Core: API, Application, Domain, Infrastructure, Workers","Domain Enum",".cs","24","660","0.64","5/16/2026 12:31:38 PM"
"Backend\PlantProcess.Domain\Enums\Integration\JobRunStatus.cs","01_Backend_Core","Backend Core: API, Application, Domain, Infrastructure, Workers","Domain Enum",".cs","13","265","0.26","5/16/2026 12:31:58 PM"
"Backend\PlantProcess.Domain\PlantProcess.Domain.csproj","01_Backend_Core","Backend Core: API, Application, Domain, Infrastructure, Workers","Domain Source",".csproj","9","218","0.21","5/7/2026 12:21:16 PM"
"Backend\PlantProcess.Infrastructure\Analytics\AdvancedAnalysisExtensions.cs","01_Backend_Core","Backend Core: API, Application, Domain, Infrastructure, Workers","Infrastructure Source",".cs","24","1023","1","6/3/2026 1:10:40 AM"
"Backend\PlantProcess.Infrastructure\Analytics\DotNetAdvancedCorrelationEngine.cs","01_Backend_Core","Backend Core: API, Application, Domain, Infrastructure, Workers","Infrastructure Source",".cs","44","2056","2.01","6/3/2026 1:10:39 AM"
"Backend\PlantProcess.Infrastructure\Analytics\NpgsqlAdvancedResultWriter.cs","01_Backend_Core","Backend Core: API, Application, Domain, Infrastructure, Workers","Infrastructure Source",".cs","112","5949","5.81","6/3/2026 1:10:41 AM"
"Backend\PlantProcess.Infrastructure\Analytics\NpgsqlCostAssumptionStore.cs","01_Backend_Core","Backend Core: API, Application, Domain, Infrastructure, Workers","Infrastructure Source",".cs","111","5636","5.5","6/2/2026 6:48:32 PM"
"Backend\PlantProcess.Infrastructure\Analytics\NpgsqlFeatureVectorLoader.cs","01_Backend_Core","Backend Core: API, Application, Domain, Infrastructure, Workers","Infrastructure Source",".cs","144","7088","6.92","6/3/2026 12:54:31 AM"
"Backend\PlantProcess.Infrastructure\Analytics\NpgsqlRiskCalibrationProvider.cs","01_Backend_Core","Backend Core: API, Application, Domain, Infrastructure, Workers","Infrastructure Source",".cs","58","2730","2.67","6/2/2026 6:44:11 PM"
"Backend\PlantProcess.Infrastructure\Analytics\NpgsqlSuggestionStore.cs","01_Backend_Core","Backend Core: API, Application, Domain, Infrastructure, Workers","Infrastructure Source",".cs","189","10250","10.01","6/2/2026 7:26:11 PM"
"Backend\PlantProcess.Infrastructure\Analytics\NpgsqlValueImpactRepository.cs","01_Backend_Core","Backend Core: API, Application, Domain, Infrastructure, Workers","Infrastructure Source",".cs","79","3034","2.96","6/7/2026 4:03:43 PM"
"Backend\PlantProcess.Infrastructure\Analytics\NpgsqlValueRealizationRepository.cs","01_Backend_Core","Backend Core: API, Application, Domain, Infrastructure, Workers","Infrastructure Source",".cs","200","8406","8.21","6/7/2026 4:51:10 PM"
"Backend\PlantProcess.Infrastructure\Analytics\PostgresCorrelationComputeEngine.cs","01_Backend_Core","Backend Core: API, Application, Domain, Infrastructure, Workers","Infrastructure Source",".cs","91","4238","4.14","5/31/2026 8:49:27 AM"
"Backend\PlantProcess.Infrastructure\Analytics\SuggestionEngineExtensions.cs","01_Backend_Core","Backend Core: API, Application, Domain, Infrastructure, Workers","Infrastructure Source",".cs","15","527","0.51","6/2/2026 7:26:11 PM"
"Backend\PlantProcess.Infrastructure\Analytics\ValueEngineExtensions.cs","01_Backend_Core","Backend Core: API, Application, Domain, Infrastructure, Workers","Infrastructure Source",".cs","18","811","0.79","6/7/2026 4:49:38 PM"
"Backend\PlantProcess.Infrastructure\Assistant\AssistantInfrastructureExtensions.cs","01_Backend_Core","Backend Core: API, Application, Domain, Infrastructure, Workers","Infrastructure Source",".cs","35","1499","1.46","6/9/2026 4:50:20 PM"
"Backend\PlantProcess.Infrastructure\Assistant\AssistantTools.cs","01_Backend_Core","Backend Core: API, Application, Domain, Infrastructure, Workers","Infrastructure Source",".cs","91","4247","4.15","6/2/2026 7:26:54 PM"
"Backend\PlantProcess.Infrastructure\Assistant\NpgsqlRetrievalIndex.cs","01_Backend_Core","Backend Core: API, Application, Domain, Infrastructure, Workers","Infrastructure Source",".cs","142","6681","6.52","6/2/2026 7:26:53 PM"
"Backend\PlantProcess.Infrastructure\Audit\AuditLogService.cs","01_Backend_Core","Backend Core: API, Application, Domain, Infrastructure, Workers","Infrastructure Source",".cs","70","2858","2.79","5/24/2026 8:58:17 AM"
"Backend\PlantProcess.Infrastructure\Bulk\ParameterObservationInsertRow.cs","01_Backend_Core","Backend Core: API, Application, Domain, Infrastructure, Workers","Bulk / Ingestion Support",".cs","50","1310","1.28","5/11/2026 3:17:23 PM"
"Backend\PlantProcess.Infrastructure\Bulk\TelemetryBulkRepository.cs","01_Backend_Core","Backend Core: API, Application, Domain, Infrastructure, Workers","Bulk / Ingestion Support",".cs","228","8287","8.09","5/11/2026 3:17:00 PM"
"Backend\PlantProcess.Infrastructure\Bulk\TelemetryChannelBuffer.cs","01_Backend_Core","Backend Core: API, Application, Domain, Infrastructure, Workers","Bulk / Ingestion Support",".cs","43","1779","1.74","5/10/2026 8:47:57 PM"
"Backend\PlantProcess.Infrastructure\Connectors\Common\ConnectorOptions.cs","01_Backend_Core","Backend Core: API, Application, Domain, Infrastructure, Workers","Connector Infrastructure",".cs","60","2267","2.21","5/19/2026 11:09:14 AM"
"Backend\PlantProcess.Infrastructure\Connectors\Common\ConnectorReadOnlySession.cs","01_Backend_Core","Backend Core: API, Application, Domain, Infrastructure, Workers","Connector Infrastructure",".cs","47","1764","1.72","6/3/2026 12:28:30 AM"
"Backend\PlantProcess.Infrastructure\Connectors\Common\DataSourceConnectorFactory.cs","01_Backend_Core","Backend Core: API, Application, Domain, Infrastructure, Workers","Connector Infrastructure",".cs","125","4759","4.65","6/6/2026 4:02:09 PM"
"Backend\PlantProcess.Infrastructure\Connectors\Csv\CsvConnector.cs","01_Backend_Core","Backend Core: API, Application, Domain, Infrastructure, Workers","Connector Infrastructure",".cs","510","18970","18.53","6/6/2026 9:32:07 AM"
"Backend\PlantProcess.Infrastructure\Connectors\Excel\ExcelConnector.cs","01_Backend_Core","Backend Core: API, Application, Domain, Infrastructure, Workers","Connector Infrastructure",".cs","407","15902","15.53","5/24/2026 2:20:29 PM"
"Backend\PlantProcess.Infrastructure\Connectors\Historian\OpcUaHistorianConnector.cs","01_Backend_Core","Backend Core: API, Application, Domain, Infrastructure, Workers","Connector Infrastructure",".cs","156","5935","5.8","6/6/2026 4:02:09 PM"
"Backend\PlantProcess.Infrastructure\Connectors\MySql\MySqlConnector.cs","01_Backend_Core","Backend Core: API, Application, Domain, Infrastructure, Workers","Connector Infrastructure",".cs","394","18794","18.35","6/3/2026 12:28:31 AM"
"Backend\PlantProcess.Infrastructure\Connectors\Oracle\OracleConnector.cs","01_Backend_Core","Backend Core: API, Application, Domain, Infrastructure, Workers","Connector Infrastructure",".cs","498","19013","18.57","6/3/2026 12:28:31 AM"
"Backend\PlantProcess.Infrastructure\Connectors\PostgreSql\PostgreSqlConnector.cs","01_Backend_Core","Backend Core: API, Application, Domain, Infrastructure, Workers","Connector Infrastructure",".cs","327","13465","13.15","6/3/2026 12:28:31 AM"
"Backend\PlantProcess.Infrastructure\Connectors\SqlServer\MsSqlConnector.cs","01_Backend_Core","Backend Core: API, Application, Domain, Infrastructure, Workers","Connector Infrastructure",".cs","406","19359","18.91","6/3/2026 12:28:31 AM"
"Backend\PlantProcess.Infrastructure\DependencyInjection.cs","01_Backend_Core","Backend Core: API, Application, Domain, Infrastructure, Workers","Infrastructure Source",".cs","130","6981","6.82","6/6/2026 4:02:09 PM"
"Backend\PlantProcess.Infrastructure\Integration\Security\NpgsqlTableAllowlistProvider.cs","01_Backend_Core","Backend Core: API, Application, Domain, Infrastructure, Workers","Infrastructure Source",".cs","55","2495","2.44","6/4/2026 1:19:36 AM"
"Backend\PlantProcess.Infrastructure\Persistence\Configurations\Analytics\CorrelationResultConfiguration.cs","01_Backend_Core","Backend Core: API, Application, Domain, Infrastructure, Workers","EF Core Configuration",".cs","37","1851","1.81","5/19/2026 12:19:15 AM"
"Backend\PlantProcess.Infrastructure\Persistence\Configurations\Analytics\ModelRegistryConfiguration.cs","01_Backend_Core","Backend Core: API, Application, Domain, Infrastructure, Workers","EF Core Configuration",".cs","40","2005","1.96","5/19/2026 12:19:15 AM"
"Backend\PlantProcess.Infrastructure\Persistence\Configurations\Analytics\RiskScoreConfiguration.cs","01_Backend_Core","Backend Core: API, Application, Domain, Infrastructure, Workers","EF Core Configuration",".cs","71","2532","2.47","5/19/2026 10:19:24 AM"
"Backend\PlantProcess.Infrastructure\Persistence\Configurations\Common\PostgresConcurrencyExtensions.cs","01_Backend_Core","Backend Core: API, Application, Domain, Infrastructure, Workers","EF Core Configuration",".cs","21","821","0.8","5/19/2026 12:19:15 AM"
"Backend\PlantProcess.Infrastructure\Persistence\Configurations\Configuration\Audit\AuditLogEntryConfiguration.cs","01_Backend_Core","Backend Core: API, Application, Domain, Infrastructure, Workers","EF Core Configuration",".cs","161","5295","5.17","5/24/2026 1:50:01 PM"
"Backend\PlantProcess.Infrastructure\Persistence\Configurations\Configuration\IndustryTemplateConfiguration.cs","01_Backend_Core","Backend Core: API, Application, Domain, Infrastructure, Workers","EF Core Configuration",".cs","32","1356","1.32","5/19/2026 12:19:15 AM"
"Backend\PlantProcess.Infrastructure\Persistence\Configurations\Configuration\MaterialUnitTypeDefinitionConfiguration.cs","01_Backend_Core","Backend Core: API, Application, Domain, Infrastructure, Workers","EF Core Configuration",".cs","35","1481","1.45","5/19/2026 12:19:15 AM"
"Backend\PlantProcess.Infrastructure\Persistence\Configurations\Configuration\OperationDefinitionConfiguration.cs","01_Backend_Core","Backend Core: API, Application, Domain, Infrastructure, Workers","EF Core Configuration",".cs","37","1554","1.52","5/19/2026 12:19:15 AM"
"Backend\PlantProcess.Infrastructure\Persistence\Configurations\Configuration\RouteConfiguration.cs","01_Backend_Core","Backend Core: API, Application, Domain, Infrastructure, Workers","EF Core Configuration",".cs","38","1557","1.52","5/19/2026 12:19:15 AM"
"Backend\PlantProcess.Infrastructure\Persistence\Configurations\Configuration\RouteStepConfiguration.cs","01_Backend_Core","Backend Core: API, Application, Domain, Infrastructure, Workers","EF Core Configuration",".cs","41","1589","1.55","5/19/2026 12:19:15 AM"
"Backend\PlantProcess.Infrastructure\Persistence\Configurations\Dashboarding\DashboardDefinitionConfiguration.cs","01_Backend_Core","Backend Core: API, Application, Domain, Infrastructure, Workers","EF Core Configuration",".cs","76","2300","2.25","5/19/2026 12:19:15 AM"
"Backend\PlantProcess.Infrastructure\Persistence\Configurations\Dashboarding\DashboardWidgetDefinitionConfiguration.cs","01_Backend_Core","Backend Core: API, Application, Domain, Infrastructure, Workers","EF Core Configuration",".cs","95","4111","4.01","5/30/2026 11:44:13 AM"
"Backend\PlantProcess.Infrastructure\Persistence\Configurations\Integration\ConnectionProfileConfiguration.cs","01_Backend_Core","Backend Core: API, Application, Domain, Infrastructure, Workers","EF Core Configuration",".cs","70","3126","3.05","5/19/2026 12:19:15 AM"
"Backend\PlantProcess.Infrastructure\Persistence\Configurations\Integration\ImportBatchConfiguration.cs","01_Backend_Core","Backend Core: API, Application, Domain, Infrastructure, Workers","EF Core Configuration",".cs","43","1881","1.84","5/19/2026 12:19:15 AM"
"Backend\PlantProcess.Infrastructure\Persistence\Configurations\Integration\JobDefinitionConfiguration.cs","01_Backend_Core","Backend Core: API, Application, Domain, Infrastructure, Workers","EF Core Configuration",".cs","85","2671","2.61","5/19/2026 12:19:15 AM"
"Backend\PlantProcess.Infrastructure\Persistence\Configurations\Integration\JobRunHistoryConfiguration.cs","01_Backend_Core","Backend Core: API, Application, Domain, Infrastructure, Workers","EF Core Configuration",".cs","90","2842","2.78","5/19/2026 12:19:15 AM"
"Backend\PlantProcess.Infrastructure\Persistence\Configurations\Integration\KpiDefinitionConfiguration.cs","01_Backend_Core","Backend Core: API, Application, Domain, Infrastructure, Workers","EF Core Configuration",".cs","54","2345","2.29","5/19/2026 12:19:15 AM"
"Backend\PlantProcess.Infrastructure\Persistence\Configurations\Integration\MappingDefinitionConfiguration.cs","01_Backend_Core","Backend Core: API, Application, Domain, Infrastructure, Workers","EF Core Configuration",".cs","74","2185","2.13","5/19/2026 12:19:15 AM"
"Backend\PlantProcess.Infrastructure\Persistence\Configurations\Integration\SchemaViewDefinitionConfiguration.cs","01_Backend_Core","Backend Core: API, Application, Domain, Infrastructure, Workers","EF Core Configuration",".cs","64","2663","2.6","5/19/2026 12:19:15 AM"
"Backend\PlantProcess.Infrastructure\Persistence\Configurations\Integration\SourceDatasetDefinitionConfiguration.cs","01_Backend_Core","Backend Core: API, Application, Domain, Infrastructure, Workers","EF Core Configuration",".cs","63","2824","2.76","5/22/2026 11:33:40 PM"
"Backend\PlantProcess.Infrastructure\Persistence\Configurations\Integration\SourceFieldDefinitionConfiguration.cs","01_Backend_Core","Backend Core: API, Application, Domain, Infrastructure, Workers","EF Core Configuration",".cs","44","1963","1.92","5/19/2026 12:19:15 AM"
"Backend\PlantProcess.Infrastructure\Persistence\Configurations\Integration\SourceSystemDefinitionConfiguration.cs","01_Backend_Core","Backend Core: API, Application, Domain, Infrastructure, Workers","EF Core Configuration",".cs","34","1433","1.4","5/19/2026 12:19:15 AM"
"Backend\PlantProcess.Infrastructure\Persistence\Configurations\Integration\StagingRecordConfiguration.cs","01_Backend_Core","Backend Core: API, Application, Domain, Infrastructure, Workers","EF Core Configuration",".cs","44","2143","2.09","5/19/2026 12:19:15 AM"
"Backend\PlantProcess.Infrastructure\Persistence\Configurations\Materials\GenealogyEdgeConfiguration.cs","01_Backend_Core","Backend Core: API, Application, Domain, Infrastructure, Workers","EF Core Configuration",".cs","60","2439","2.38","6/3/2026 2:27:17 PM"
"Backend\PlantProcess.Infrastructure\Persistence\Configurations\Materials\MaterialAliasConfiguration.cs","01_Backend_Core","Backend Core: API, Application, Domain, Infrastructure, Workers","EF Core Configuration",".cs","40","1546","1.51","5/19/2026 12:19:15 AM"
"Backend\PlantProcess.Infrastructure\Persistence\Configurations\Materials\MaterialUnitConfiguration.cs","01_Backend_Core","Backend Core: API, Application, Domain, Infrastructure, Workers","EF Core Configuration",".cs","60","2833","2.77","5/19/2026 12:19:15 AM"
"Backend\PlantProcess.Infrastructure\Persistence\Configurations\PlantLayout\AreaConfiguration.cs","01_Backend_Core","Backend Core: API, Application, Domain, Infrastructure, Workers","EF Core Configuration",".cs","43","1519","1.48","5/19/2026 12:19:15 AM"
"Backend\PlantProcess.Infrastructure\Persistence\Configurations\PlantLayout\EquipmentConfiguration.cs","01_Backend_Core","Backend Core: API, Application, Domain, Infrastructure, Workers","EF Core Configuration",".cs","51","1893","1.85","5/19/2026 12:19:15 AM"
"Backend\PlantProcess.Infrastructure\Persistence\Configurations\PlantLayout\SiteConfiguration.cs","01_Backend_Core","Backend Core: API, Application, Domain, Infrastructure, Workers","EF Core Configuration",".cs","31","1234","1.21","5/19/2026 12:19:15 AM"
"Backend\PlantProcess.Infrastructure\Persistence\Configurations\Process\DowntimeEventConfiguration.cs","01_Backend_Core","Backend Core: API, Application, Domain, Infrastructure, Workers","EF Core Configuration",".cs","54","2432","2.38","5/19/2026 12:19:15 AM"
"Backend\PlantProcess.Infrastructure\Persistence\Configurations\Process\ParameterDefinitionConfiguration.cs","01_Backend_Core","Backend Core: API, Application, Domain, Infrastructure, Workers","EF Core Configuration",".cs","40","1882","1.84","5/19/2026 12:19:15 AM"
"Backend\PlantProcess.Infrastructure\Persistence\Configurations\Process\ParameterObservationConfiguration.cs","01_Backend_Core","Backend Core: API, Application, Domain, Infrastructure, Workers","EF Core Configuration",".cs","60","2701","2.64","5/19/2026 12:19:15 AM"
"Backend\PlantProcess.Infrastructure\Persistence\Configurations\Process\ProcessEventConfiguration.cs","01_Backend_Core","Backend Core: API, Application, Domain, Infrastructure, Workers","EF Core Configuration",".cs","52","2252","2.2","5/19/2026 12:19:15 AM"
"Backend\PlantProcess.Infrastructure\Persistence\Configurations\Process\ProcessStepExecutionConfiguration.cs","01_Backend_Core","Backend Core: API, Application, Domain, Infrastructure, Workers","EF Core Configuration",".cs","59","2876","2.81","5/19/2026 12:19:15 AM"
"Backend\PlantProcess.Infrastructure\Persistence\Configurations\Quality\DataQualityIssueConfiguration.cs","01_Backend_Core","Backend Core: API, Application, Domain, Infrastructure, Workers","EF Core Configuration",".cs","42","1795","1.75","5/19/2026 12:19:15 AM"
"Backend\PlantProcess.Infrastructure\Persistence\Configurations\Quality\DefectCatalogConfiguration.cs","01_Backend_Core","Backend Core: API, Application, Domain, Infrastructure, Workers","EF Core Configuration",".cs","35","1528","1.49","5/19/2026 12:19:15 AM"
"Backend\PlantProcess.Infrastructure\Persistence\Configurations\Quality\QualityEventConfiguration.cs","01_Backend_Core","Backend Core: API, Application, Domain, Infrastructure, Workers","EF Core Configuration",".cs","51","2325","2.27","5/19/2026 12:19:15 AM"
"Backend\PlantProcess.Infrastructure\Persistence\PlantProcessDbContext.cs","01_Backend_Core","Backend Core: API, Application, Domain, Infrastructure, Workers","Infrastructure Source",".cs","177","7779","7.6","5/19/2026 12:19:15 AM"
"Backend\PlantProcess.Infrastructure\PlantProcess.Infrastructure.csproj","01_Backend_Core","Backend Core: API, Application, Domain, Infrastructure, Workers","Infrastructure Source",".csproj","36","1434","1.4","5/25/2026 1:38:09 PM"
"Backend\PlantProcess.Infrastructure\PlantProcessDesignTimeDbContextFactory.cs","01_Backend_Core","Backend Core: API, Application, Domain, Infrastructure, Workers","Infrastructure Source",".cs","23","921","0.9","5/30/2026 8:54:45 AM"
"Backend\PlantProcess.Infrastructure\Provenance\NpgsqlProvenanceResolver.cs","01_Backend_Core","Backend Core: API, Application, Domain, Infrastructure, Workers","Infrastructure Source",".cs","111","5552","5.42","6/2/2026 6:44:08 PM"
"Backend\PlantProcess.Infrastructure\Provenance\ProvenanceInfrastructureExtensions.cs","01_Backend_Core","Backend Core: API, Application, Domain, Infrastructure, Workers","Infrastructure Source",".cs","19","822","0.8","6/2/2026 6:44:12 PM"
"Backend\PlantProcess.Infrastructure\Resilience\FailedBatchWriter.cs","01_Backend_Core","Backend Core: API, Application, Domain, Infrastructure, Workers","Infrastructure Source",".cs","59","2473","2.42","5/10/2026 8:53:44 PM"
"Backend\PlantProcess.Infrastructure\Security\TenantGucConnectionInterceptor.cs","01_Backend_Core","Backend Core: API, Application, Domain, Infrastructure, Workers","Infrastructure Source",".cs","77","2743","2.68","6/10/2026 11:51:12 AM"
"Backend\PlantProcess.Infrastructure\TimeSeries\TelemetryIngestionWorker.cs","01_Backend_Core","Backend Core: API, Application, Domain, Infrastructure, Workers","Infrastructure Source",".cs","256","9094","8.88","6/3/2026 1:58:18 PM"
"Backend\PlantProcess.Workers\appsettings.Development.json","01_Backend_Core","Backend Core: API, Application, Domain, Infrastructure, Workers","Worker Service",".json","13","267","0.26","5/12/2026 3:15:58 PM"
"Backend\PlantProcess.Workers\appsettings.json","01_Backend_Core","Backend Core: API, Application, Domain, Infrastructure, Workers","Worker Service",".json","30","785","0.77","5/12/2026 3:16:25 PM"
"Backend\PlantProcess.Workers\Dockerfile","01_Backend_Core","Backend Core: API, Application, Domain, Infrastructure, Workers","Worker Service","","32","1180","1.15","6/10/2026 12:33:24 AM"
"Backend\PlantProcess.Workers\Edge\OtSafeEdgeAgentContract.cs","01_Backend_Core","Backend Core: API, Application, Domain, Infrastructure, Workers","Worker Service",".cs","92","3041","2.97","6/6/2026 4:50:34 PM"
"Backend\PlantProcess.Workers\PlantProcess.Workers.csproj","01_Backend_Core","Backend Core: API, Application, Domain, Infrastructure, Workers","Worker Service",".csproj","45","1890","1.85","5/19/2026 12:19:15 AM"
"Backend\PlantProcess.Workers\Program.cs","01_Backend_Core","Backend Core: API, Application, Domain, Infrastructure, Workers","Worker Service",".cs","160","7789","7.61","5/19/2026 12:19:15 AM"
"Backend\PlantProcess.Workers\Properties\launchSettings.json","01_Backend_Core","Backend Core: API, Application, Domain, Infrastructure, Workers","Worker Service",".json","12","286","0.28","6/6/2026 9:36:11 AM"
"Backend\PlantProcess.Workers\TelemetryIngestionWorker.cs","01_Backend_Core","Backend Core: API, Application, Domain, Infrastructure, Workers","Worker Service",".cs","123","4154","4.06","5/11/2026 3:20:08 PM"
"Backend\PlantProcess.Workers\Worker.cs","01_Backend_Core","Backend Core: API, Application, Domain, Infrastructure, Workers","Worker Service",".cs","483","20743","20.26","5/22/2026 8:21:16 PM"
"Backend\PlantProcessIQ.sln","01_Backend_Core","Backend Core: API, Application, Domain, Infrastructure, Workers",".NET Solution",".sln","214","16759","16.37","6/7/2026 2:44:18 PM"
"Backend\database\database.apply-order.manifest.csv","02_Backend_Database","Backend Database: Scripts, Seed, Views","Database Asset",".csv","84","19523","19.07","6/4/2026 12:22:23 PM"
"Backend\database\database.apply-order.manifest.md","02_Backend_Database","Backend Database: Scripts, Seed, Views","Database Asset",".md","116","17101","16.7","6/4/2026 12:22:28 PM"
"Backend\database\local-repair\README.md","02_Backend_Database","Backend Database: Scripts, Seed, Views","Database Asset",".md","20","967","0.94","6/9/2026 1:08:10 AM"
"Backend\database\README.md","02_Backend_Database","Backend Database: Scripts, Seed, Views","Database Asset",".md","36","1327","1.3","6/4/2026 12:22:33 PM"
"Backend\database\scripts\000_schema_migrations_watermark.sql","02_Backend_Database","Backend Database: Scripts, Seed, Views","Database Script",".sql","7","347","0.34","6/15/2026 7:40:39 AM"
"Backend\database\scripts\050_dashboard_phase8_9_10_indexes.sql","02_Backend_Database","Backend Database: Scripts, Seed, Views","Database Script",".sql","127","4512","4.41","5/12/2026 8:12:48 AM"
"Backend\database\scripts\060_phase_8_9_dashboard_materialized_views.sql","02_Backend_Database","Backend Database: Scripts, Seed, Views","Database Script",".sql","117","4316","4.21","5/12/2026 9:05:38 AM"
"Backend\database\scripts\070_fix_system_template_widget_codes.sql","02_Backend_Database","Backend Database: Scripts, Seed, Views","Database Script",".sql","94","3714","3.63","5/16/2026 9:39:14 AM"
"Backend\database\scripts\071_validate_dashboard_performance.sql","02_Backend_Database","Backend Database: Scripts, Seed, Views","Database Script",".sql","145","4472","4.37","5/16/2026 9:46:16 AM"
"Backend\database\scripts\080_phase_3_4_connector_schema_foundation.sql","02_Backend_Database","Backend Database: Scripts, Seed, Views","Database Script",".sql","16","660","0.64","5/31/2026 2:21:24 PM"
"Backend\database\scripts\095_create_runtime_app_role_admin_only.sql","02_Backend_Database","Backend Database: Scripts, Seed, Views","Database Script",".sql","64","1785","1.74","5/30/2026 8:54:45 AM"
"Backend\database\scripts\096_harden_audit_log_immutability.sql","02_Backend_Database","Backend Database: Scripts, Seed, Views","Database Script",".sql","126","4115","4.02","5/24/2026 1:44:18 PM"
"Backend\database\scripts\110_phase1_demo_source_shapes.sql","02_Backend_Database","Backend Database: Scripts, Seed, Views","Database Script",".sql","256","10043","9.81","5/25/2026 11:12:28 AM"
"Backend\database\scripts\111_phase1_demo_mapping_views.sql","02_Backend_Database","Backend Database: Scripts, Seed, Views","Database Script",".sql","89","2685","2.62","5/25/2026 11:12:35 AM"
"Backend\database\scripts\113_phase1_widget_script_layer.sql","02_Backend_Database","Backend Database: Scripts, Seed, Views","Database Script",".sql","78","3179","3.1","5/25/2026 11:38:36 AM"
"Backend\database\scripts\115_phase2_integrity_audit.sql","02_Backend_Database","Backend Database: Scripts, Seed, Views","Database Script",".sql","236","7130","6.96","5/25/2026 1:09:44 PM"
"Backend\database\scripts\116_phase2_operation_analytics_pilot_foundation.sql","02_Backend_Database","Backend Database: Scripts, Seed, Views","Database Script",".sql","272","9857","9.63","5/30/2026 11:37:47 PM"
"Backend\database\scripts\117_phase8_widget_script_layer_entity_mapping.sql","02_Backend_Database","Backend Database: Scripts, Seed, Views","Database Script",".sql","65","2611","2.55","5/30/2026 4:18:46 PM"
"Backend\database\scripts\120_phase02_canonical_schema_mapping_engine.sql","02_Backend_Database","Backend Database: Scripts, Seed, Views","Database Script",".sql","332","10997","10.74","5/30/2026 3:06:18 PM"
"Backend\database\scripts\121_phase01_bootstrap_token_sweep.sql","02_Backend_Database","Backend Database: Scripts, Seed, Views","Database Script",".sql","23","959","0.94","5/30/2026 3:11:59 PM"
"Backend\database\scripts\130_phase03_two_stage_delta_import_architecture.sql","02_Backend_Database","Backend Database: Scripts, Seed, Views","Database Script",".sql","1889","63681","62.19","5/30/2026 3:47:25 PM"
"Backend\database\scripts\140_phase02_demo_sources_genealogy_spine.sql","02_Backend_Database","Backend Database: Scripts, Seed, Views","Database Script",".sql","127","6417","6.27","5/31/2026 11:42:05 AM"
"Backend\database\scripts\141_phase03_page_builder_foundation.sql","02_Backend_Database","Backend Database: Scripts, Seed, Views","Database Script",".sql","70","3493","3.41","5/31/2026 11:42:05 AM"
"Backend\database\scripts\142_phase02_phase03_page_definition_and_demo_source_completion.sql","02_Backend_Database","Backend Database: Scripts, Seed, Views","Database Script",".sql","302","10757","10.5","5/31/2026 3:57:47 PM"
"Backend\database\scripts\200_phase02_ml_foundation_feature_store_pgvector.sql","02_Backend_Database","Backend Database: Scripts, Seed, Views","Database Script",".sql","709","27157","26.52","5/31/2026 9:13:06 AM"
"Backend\database\scripts\201_phase02_ml_feature_store_v6_completion.sql","02_Backend_Database","Backend Database: Scripts, Seed, Views","Database Script",".sql","186","11798","11.52","5/31/2026 8:49:27 AM"
"Backend\database\scripts\202_phase02_ml_compute_basic_correlations_hotfix.sql","02_Backend_Database","Backend Database: Scripts, Seed, Views","Database Script",".sql","96","3370","3.29","5/31/2026 11:09:20 AM"
"Backend\database\scripts\203_phase02_ml_compute_v6_wrapper_hotfix.sql","02_Backend_Database","Backend Database: Scripts, Seed, Views","Database Script",".sql","39","1290","1.26","5/31/2026 11:09:20 AM"
"Backend\database\scripts\204_phase04_phase05_ml_learning_core.sql","02_Backend_Database","Backend Database: Scripts, Seed, Views","Database Script",".sql","816","30653","29.93","5/31/2026 12:31:49 PM"
"Backend\database\scripts\205_phase04_phase05_completion_governance_jobs_tests.sql","02_Backend_Database","Backend Database: Scripts, Seed, Views","Database Script",".sql","1239","42317","41.33","5/31/2026 12:45:04 PM"
"Backend\database\scripts\206_fix_dashboard_widget_definition_schema_drift.sql","02_Backend_Database","Backend Database: Scripts, Seed, Views","Database Script",".sql","199","6358","6.21","5/31/2026 2:40:26 PM"
"Backend\database\scripts\207_fix_dashboard_widget_expression_smallint_schema_drift.sql","02_Backend_Database","Backend Database: Scripts, Seed, Views","Database Script",".sql","173","6667","6.51","5/31/2026 2:42:12 PM"
"Backend\database\scripts\250_p3_advanced_analysis_tenant_scope.sql","02_Backend_Database","Backend Database: Scripts, Seed, Views","Database Script",".sql","15","885","0.86","6/3/2026 10:22:03 AM"
"Backend\database\scripts\251_p1_correlation_method_honesty.sql","02_Backend_Database","Backend Database: Scripts, Seed, Views","Database Script",".sql","30","1531","1.5","6/3/2026 10:22:03 AM"
"Backend\database\scripts\300_p01_p02_security_access_control_spine.sql","02_Backend_Database","Backend Database: Scripts, Seed, Views","Database Script",".sql","365","12653","12.36","6/1/2026 3:40:07 PM"
"Backend\database\scripts\301_p01_p02_authstore_compatibility_bridge.sql","02_Backend_Database","Backend Database: Scripts, Seed, Views","Database Script",".sql","151","4986","4.87","6/1/2026 4:39:27 PM"
"Backend\database\scripts\302_p01_p02_authstore_lineage_lock.sql","02_Backend_Database","Backend Database: Scripts, Seed, Views","Database Script",".sql","104","4493","4.39","6/9/2026 1:08:05 AM"
"Backend\database\scripts\302_p02_authstore_runtime_lineage_lock.sql","02_Backend_Database","Backend Database: Scripts, Seed, Views","Database Script",".sql","118","3876","3.79","6/9/2026 2:24:59 PM"
"Backend\database\scripts\310_p03_p04_mapping_genealogy_foundation.sql","02_Backend_Database","Backend Database: Scripts, Seed, Views","Database Script",".sql","903","30428","29.71","6/1/2026 11:56:03 PM"
"Backend\database\scripts\311_p03_p04_fix_genealogy_walk_and_safe_sql.sql","02_Backend_Database","Backend Database: Scripts, Seed, Views","Database Script",".sql","246","7471","7.3","6/1/2026 3:55:22 PM"
"Backend\database\scripts\312_p03_p04_completion_pack_a.sql","02_Backend_Database","Backend Database: Scripts, Seed, Views","Database Script",".sql","720","24499","23.92","6/1/2026 4:50:40 PM"
"Backend\database\scripts\313_p03_p04_completion_pack_a_hotfix.sql","02_Backend_Database","Backend Database: Scripts, Seed, Views","Database Script",".sql","404","13800","13.48","6/1/2026 4:53:27 PM"
"Backend\database\scripts\320_p3_business_key_reconciliation.sql","02_Backend_Database","Backend Database: Scripts, Seed, Views","Database Script",".sql","133","4622","4.51","6/14/2026 11:35:59 PM"
"Backend\database\scripts\320_phase2_canonical_completion.sql","02_Backend_Database","Backend Database: Scripts, Seed, Views","Database Script",".sql","123","6482","6.33","6/2/2026 5:10:27 PM"
"Backend\database\scripts\321_p3_golden_thread_and_missing_hop.sql","02_Backend_Database","Backend Database: Scripts, Seed, Views","Database Script",".sql","87","3600","3.52","6/14/2026 10:50:21 PM"
"Backend\database\scripts\322_p3_transition_attribution_detailed.sql","02_Backend_Database","Backend Database: Scripts, Seed, Views","Database Script",".sql","58","2627","2.57","6/14/2026 10:50:21 PM"
"Backend\database\scripts\360_p05_read_model_refresh_infrastructure.sql","02_Backend_Database","Backend Database: Scripts, Seed, Views","Database Script",".sql","102","4517","4.41","6/2/2026 1:56:09 AM"
"Backend\database\scripts\361_p05_dashboard_read_models.sql","02_Backend_Database","Backend Database: Scripts, Seed, Views","Database Script",".sql","59","2579","2.52","6/2/2026 2:35:26 AM"
"Backend\database\scripts\362_p05_dashboard_read_models_extra.sql","02_Backend_Database","Backend Database: Scripts, Seed, Views","Database Script",".sql","63","3046","2.97","6/2/2026 1:31:38 PM"
"Backend\database\scripts\363_p05_kpi_targets_alerts.sql","02_Backend_Database","Backend Database: Scripts, Seed, Views","Database Script",".sql","37","1785","1.74","6/2/2026 1:31:39 PM"
"Backend\database\scripts\400_phase4_demo_costs_DEMO_ONLY.sql","02_Backend_Database","Backend Database: Scripts, Seed, Views","Database Script",".sql","20","979","0.96","6/2/2026 6:48:30 PM"
"Backend\database\scripts\400_phase4_value_engine.sql","02_Backend_Database","Backend Database: Scripts, Seed, Views","Database Script",".sql","60","2883","2.82","6/2/2026 6:48:30 PM"
"Backend\database\scripts\410_phase5_suggestions.sql","02_Backend_Database","Backend Database: Scripts, Seed, Views","Database Script",".sql","40","1836","1.79","6/2/2026 7:25:59 PM"
"Backend\database\scripts\420_p3_value_evidence_hmi.sql","02_Backend_Database","Backend Database: Scripts, Seed, Views","Database Script",".sql","222","9233","9.02","6/6/2026 9:36:11 AM"
"Backend\database\scripts\420_phase6_assistant.sql","02_Backend_Database","Backend Database: Scripts, Seed, Views","Database Script",".sql","32","1492","1.46","6/2/2026 7:26:45 PM"
"Backend\database\scripts\421_phase7_value_realization_ledger.sql","02_Backend_Database","Backend Database: Scripts, Seed, Views","Database Script",".sql","44","2094","2.04","6/7/2026 4:51:10 PM"
"Backend\database\scripts\425_p3_t17_cost_assumption_i18n_contract.sql","02_Backend_Database","Backend Database: Scripts, Seed, Views","Database Script",".sql","107","4274","4.17","6/10/2026 2:21:37 PM"
"Backend\database\scripts\426_p3_t18_readonly_query_preview_role.sql","02_Backend_Database","Backend Database: Scripts, Seed, Views","Database Script",".sql","190","5861","5.72","6/10/2026 2:33:59 PM"
"Backend\database\scripts\430_p4_production_assistant.sql","02_Backend_Database","Backend Database: Scripts, Seed, Views","Database Script",".sql","116","4672","4.56","6/4/2026 9:22:58 AM"
"Backend\database\scripts\430_phase3_phase4_certification_mapping_health.sql","02_Backend_Database","Backend Database: Scripts, Seed, Views","Database Script",".sql","251","12279","11.99","6/6/2026 10:31:44 AM"
"Backend\database\scripts\440_p5_ot_safe_acquisition.sql","02_Backend_Database","Backend Database: Scripts, Seed, Views","Database Script",".sql","117","4925","4.81","6/4/2026 9:28:57 AM"
"Backend\database\scripts\500_v5_p01_auth_argon2id_and_secret_hygiene.sql","02_Backend_Database","Backend Database: Scripts, Seed, Views","Database Script",".sql","41","1497","1.46","6/3/2026 1:28:58 PM"
"Backend\database\scripts\510_v5_p02_rls_tenant_isolation_and_secret_vault.sql","02_Backend_Database","Backend Database: Scripts, Seed, Views","Database Script",".sql","320","13234","12.92","6/3/2026 1:45:31 PM"
"Backend\database\scripts\511_v5_p02_hotpath_explain_review.sql","02_Backend_Database","Backend Database: Scripts, Seed, Views","Database Script",".sql","42","1211","1.18","6/3/2026 1:29:00 PM"
"Backend\database\scripts\520_v5_p03_timeseries_foundation.sql","02_Backend_Database","Backend Database: Scripts, Seed, Views","Database Script",".sql","427","16181","15.8","6/3/2026 1:56:58 PM"
"Backend\database\scripts\530_v5_p04_assistant_model_gateway_boundary.sql","02_Backend_Database","Backend Database: Scripts, Seed, Views","Database Script",".sql","301","10151","9.91","6/4/2026 1:19:36 AM"
"Backend\database\scripts\540_v5_p05_visual_mapper_foundation.sql","02_Backend_Database","Backend Database: Scripts, Seed, Views","Database Script",".sql","331","13001","12.7","6/3/2026 2:27:15 PM"
"Backend\database\scripts\550_v5_p06_blended_provenance.sql","02_Backend_Database","Backend Database: Scripts, Seed, Views","Database Script",".sql","234","8221","8.03","6/3/2026 2:27:16 PM"
"Backend\database\scripts\560_v5_p07_plant_connector_breadth.sql","02_Backend_Database","Backend Database: Scripts, Seed, Views","Database Script",".sql","227","8601","8.4","6/3/2026 2:34:24 PM"
"Backend\database\scripts\570_v5_p08_enterprise_identity_mfa_sessions.sql","02_Backend_Database","Backend Database: Scripts, Seed, Views","Database Script",".sql","240","8383","8.19","6/3/2026 2:34:25 PM"
"Backend\database\scripts\580_v5_p09_enterprise_identity_sso_scim.sql","02_Backend_Database","Backend Database: Scripts, Seed, Views","Database Script",".sql","329","10218","9.98","6/3/2026 2:39:26 PM"
"Backend\database\scripts\590_v5_p10_signed_license_anti_tamper.sql","02_Backend_Database","Backend Database: Scripts, Seed, Views","Database Script",".sql","183","6256","6.11","6/3/2026 2:39:26 PM"
"Backend\database\scripts\600_v5_p11_outbound_notifications_leads.sql","02_Backend_Database","Backend Database: Scripts, Seed, Views","Database Script",".sql","271","9475","9.25","6/4/2026 1:19:36 AM"
"Backend\database\scripts\610_v5_p12_i18n_rtl_mobile.sql","02_Backend_Database","Backend Database: Scripts, Seed, Views","Database Script",".sql","166","7297","7.13","6/4/2026 1:19:36 AM"
"Backend\database\scripts\620_v5_p13_deployment_dr_portability.sql","02_Backend_Database","Backend Database: Scripts, Seed, Views","Database Script",".sql","279","9337","9.12","6/3/2026 3:22:38 PM"
"Backend\database\scripts\630_v5_p14_compliance_refactor_controls.sql","02_Backend_Database","Backend Database: Scripts, Seed, Views","Database Script",".sql","214","8224","8.03","6/3/2026 3:22:39 PM"
"Backend\database\scripts\640_remaining_sensitive_data_catalog.sql","02_Backend_Database","Backend Database: Scripts, Seed, Views","Database Script",".sql","86","4295","4.19","6/3/2026 3:51:16 PM"
"Backend\database\scripts\650_remaining_p10_ed25519_verified_license.sql","02_Backend_Database","Backend Database: Scripts, Seed, Views","Database Script",".sql","165","5569","5.44","6/3/2026 3:56:43 PM"
"Backend\database\scripts\660_remaining_p09_sso_scim_runtime_certification.sql","02_Backend_Database","Backend Database: Scripts, Seed, Views","Database Script",".sql","259","7740","7.56","6/3/2026 4:04:03 PM"
"Backend\database\scripts\665_pack_b35_mostly_green_task_closure.sql","02_Backend_Database","Backend Database: Scripts, Seed, Views","Database Script",".sql","171","10776","10.52","6/3/2026 4:16:35 PM"
"Backend\database\scripts\670_pack_b4_connector_runtime_certification.sql","02_Backend_Database","Backend Database: Scripts, Seed, Views","Database Script",".sql","345","10812","10.56","6/3/2026 4:21:18 PM"
"Backend\database\scripts\680_pack_b5_private_model_gateway_ciso_controls.sql","02_Backend_Database","Backend Database: Scripts, Seed, Views","Database Script",".sql","327","11248","10.98","6/3/2026 4:23:57 PM"
"Backend\database\scripts\690_phase01_genealogy_recursive_cycle_guard.sql","02_Backend_Database","Backend Database: Scripts, Seed, Views","Database Script",".sql","40","1248","1.22","6/7/2026 2:44:19 PM"
"Backend\database\scripts\700_phase03_readonly_preview_role.sql","02_Backend_Database","Backend Database: Scripts, Seed, Views","Database Script",".sql","34","1264","1.23","6/7/2026 3:15:57 PM"
"Backend\database\scripts\710_phase04_second_tenant_seed.sql","02_Backend_Database","Backend Database: Scripts, Seed, Views","Database Script",".sql","38","1037","1.01","6/7/2026 3:15:57 PM"
"Backend\database\seed\000_plantprocessiq_unified_advanced_realistic_demo_seed.sql","02_Backend_Database","Backend Database: Scripts, Seed, Views","Database Seed",".sql","1628","100745","98.38","5/11/2026 3:05:15 PM"
"Backend\database\seed\001_basic_genealogy_seed.sql","02_Backend_Database","Backend Database: Scripts, Seed, Views","Database Seed",".sql","402","8436","8.24","5/10/2026 10:18:23 AM"
"Backend\database\seed\002_full_feature_demo_seed.sql","02_Backend_Database","Backend Database: Scripts, Seed, Views","Database Seed",".sql","971","76933","75.13","5/11/2026 7:53:31 AM"
"Backend\database\seed\002_full_feature_demo_seed.txt","02_Backend_Database","Backend Database: Scripts, Seed, Views","Database Seed",".txt","971","76933","75.13","5/10/2026 12:06:56 PM"
"Backend\database\seed\003_additional_demo_seed.sql","02_Backend_Database","Backend Database: Scripts, Seed, Views","Database Seed",".sql","156","11310","11.04","5/11/2026 2:21:23 PM"
"Backend\database\seed\005_phase0_job_definitions.sql","02_Backend_Database","Backend Database: Scripts, Seed, Views","Database Seed",".sql","146","3321","3.24","5/16/2026 12:38:32 PM"
"Backend\database\seed\010_p3_golden_thread_seed.sql","02_Backend_Database","Backend Database: Scripts, Seed, Views","Database Seed",".sql","55","4354","4.25","6/14/2026 11:58:05 PM"
"Backend\database\seed\011_p4_demo_correctness_signal.sql","02_Backend_Database","Backend Database: Scripts, Seed, Views","Database Seed",".sql","55","3988","3.89","6/15/2026 12:28:50 AM"
"Backend\database\seed\090_phase1_dashboard_builder_indexes.sql","02_Backend_Database","Backend Database: Scripts, Seed, Views","Database Seed",".sql","128","4906","4.79","5/16/2026 1:26:24 PM"
"Backend\database\seed\090_phase1_system_dashboard_templates.sql","02_Backend_Database","Backend Database: Scripts, Seed, Views","Database Seed",".sql","412","9178","8.96","5/16/2026 1:26:03 PM"
"Backend\database\seed\091_phase1_dashboard_builder_explain_validate.sql","02_Backend_Database","Backend Database: Scripts, Seed, Views","Database Seed",".sql","54","1612","1.57","5/16/2026 1:26:43 PM"
"Backend\database\seed\20260511_phase_c_staging_records.sql","02_Backend_Database","Backend Database: Scripts, Seed, Views","Database Seed",".sql","51","1924","1.88","5/11/2026 12:16:37 PM"
"Backend\database\seed\source-systems\synthetic_hsm_source_insert.sql","02_Backend_Database","Backend Database: Scripts, Seed, Views","Database Seed",".sql","2821","966435","943.78","5/24/2026 2:58:18 PM"
"Backend\database\seed\source-systems\synthetic_inspection_source_insert.sql","02_Backend_Database","Backend Database: Scripts, Seed, Views","Database Seed",".sql","6601","2239347","2186.86","5/24/2026 2:58:18 PM"
"Backend\database\seed\source-systems\synthetic_qms_source_insert.sql","02_Backend_Database","Backend Database: Scripts, Seed, Views","Database Seed",".sql","419","120540","117.71","5/24/2026 2:58:18 PM"
"Backend\database\test-seeds\900_clean_test_auth_seed.sql","02_Backend_Database","Backend Database: Scripts, Seed, Views","Database Asset",".sql","183","5155","5.03","6/9/2026 2:25:00 PM"
"Backend\database\validation\720_phase04_two_tenant_isolation_probe.sql","02_Backend_Database","Backend Database: Scripts, Seed, Views","Database Asset",".sql","4","174","0.17","6/7/2026 3:15:57 PM"
"Backend\database\views\006_dashboard_dataset_views.sql","02_Backend_Database","Backend Database: Scripts, Seed, Views","Database View",".sql","56","2026","1.98","5/11/2026 3:36:51 PM"
"Backend\tests\_fixtures\seed_test_auth.sql","03_Backend_Tests","Backend Tests","Backend Test",".sql","109","4584","4.48","6/9/2026 1:08:10 AM"
"Backend\tests\PlantProcess.Analytics.Core.Tests\Assistant\GroundingContractTests.cs","03_Backend_Tests","Backend Tests","Backend Test",".cs","87","3768","3.68","6/2/2026 7:26:59 PM"
"Backend\tests\PlantProcess.Analytics.Core.Tests\Calibration\RiskCalibrationServiceTests.cs","03_Backend_Tests","Backend Tests","Backend Test",".cs","80","3169","3.09","6/2/2026 6:44:12 PM"
"Backend\tests\PlantProcess.Analytics.Core.Tests\GoldenData.cs","03_Backend_Tests","Backend Tests","Backend Test",".cs","59","2303","2.25","6/2/2026 12:35:41 AM"
"Backend\tests\PlantProcess.Analytics.Core.Tests\P05_KpiEngineTests.cs","03_Backend_Tests","Backend Tests","Backend Test",".cs","96","4773","4.66","6/2/2026 12:35:41 AM"
"Backend\tests\PlantProcess.Analytics.Core.Tests\P05_PrimitivesTests.cs","03_Backend_Tests","Backend Tests","Backend Test",".cs","103","3887","3.8","6/2/2026 12:35:41 AM"
"Backend\tests\PlantProcess.Analytics.Core.Tests\P06_DisciplineTests.cs","03_Backend_Tests","Backend Tests","Backend Test",".cs","67","2474","2.42","6/2/2026 12:35:42 AM"
"Backend\tests\PlantProcess.Analytics.Core.Tests\P06_GoldenGateTests.cs","03_Backend_Tests","Backend Tests","Backend Test",".cs","78","3767","3.68","6/2/2026 12:35:42 AM"
"Backend\tests\PlantProcess.Analytics.Core.Tests\P06_MethodSelectionTests.cs","03_Backend_Tests","Backend Tests","Backend Test",".cs","46","2221","2.17","6/2/2026 12:35:41 AM"
"Backend\tests\PlantProcess.Analytics.Core.Tests\P06_ReadinessGateTests.cs","03_Backend_Tests","Backend Tests","Backend Test",".cs","46","1970","1.92","6/2/2026 12:35:42 AM"
"Backend\tests\PlantProcess.Analytics.Core.Tests\P06_StatisticalMethodsTests.cs","03_Backend_Tests","Backend Tests","Backend Test",".cs","59","2454","2.4","6/2/2026 12:35:41 AM"
"Backend\tests\PlantProcess.Analytics.Core.Tests\PlantProcess.Analytics.Core.Tests.csproj","03_Backend_Tests","Backend Tests","Backend Test",".csproj","17","660","0.64","6/7/2026 2:48:02 PM"
"Backend\tests\PlantProcess.Analytics.Core.Tests\Provenance\CorrelationConsolidationArchitectureTests.cs","03_Backend_Tests","Backend Tests","Backend Test",".cs","31","1186","1.16","6/11/2026 12:49:12 PM"
"Backend\tests\PlantProcess.Analytics.Core.Tests\Suggestions\SuggestionEngineTests.cs","03_Backend_Tests","Backend Tests","Backend Test",".cs","58","2519","2.46","6/2/2026 7:26:15 PM"
"Backend\tests\PlantProcess.Analytics.Core.Tests\TestContext.cs","03_Backend_Tests","Backend Tests","Backend Test",".cs","14","543","0.53","6/2/2026 12:35:40 AM"
"Backend\tests\PlantProcess.Analytics.Core.Tests\Value\ValueHonestyLintTests.cs","03_Backend_Tests","Backend Tests","Backend Test",".cs","29","945","0.92","6/2/2026 6:48:34 PM"
"Backend\tests\PlantProcess.Analytics.Core.Tests\Value\ValueImpactEngineTests.cs","03_Backend_Tests","Backend Tests","Backend Test",".cs","89","3312","3.23","6/2/2026 6:48:34 PM"
"Backend\tests\PlantProcess.Analytics.Engine.Tests\Fakes.cs","03_Backend_Tests","Backend Tests","Backend Test",".cs","63","2698","2.63","6/2/2026 12:49:32 AM"
"Backend\tests\PlantProcess.Analytics.Engine.Tests\ManagedStatisticalComputeEngineTests.cs","03_Backend_Tests","Backend Tests","Backend Test",".cs","65","3001","2.93","6/2/2026 12:49:32 AM"
"Backend\tests\PlantProcess.Analytics.Engine.Tests\PlantProcess.Analytics.Engine.Tests.csproj","03_Backend_Tests","Backend Tests","Backend Test",".csproj","17","718","0.7","6/2/2026 12:49:31 AM"
"Backend\tests\PlantProcess.Analytics.Engine.Tests\PostgresAdapterIntegrationTests.cs","03_Backend_Tests","Backend Tests","Backend Test",".cs","36","1488","1.45","6/2/2026 1:05:18 AM"
"Backend\tests\PlantProcess.Api.IntegrationTests\Analytics\MlLearningCoreIntegrationTests.cs","03_Backend_Tests","Backend Tests","Backend Test",".cs","134","5006","4.89","6/15/2026 10:47:57 AM"
"Backend\tests\PlantProcess.Api.IntegrationTests\AssemblyInfo.cs","03_Backend_Tests","Backend Tests","Backend Test",".cs","3","79","0.08","6/8/2026 12:57:22 PM"
"Backend\tests\PlantProcess.Api.IntegrationTests\Auth\AuthLifecycleTests.cs","03_Backend_Tests","Backend Tests","Backend Test",".cs","85","3719","3.63","6/15/2026 11:25:21 AM"
"Backend\tests\PlantProcess.Api.IntegrationTests\Connectors\ConnectorTruthContractTests.cs","03_Backend_Tests","Backend Tests","Backend Test",".cs","122","4391","4.29","6/15/2026 10:47:57 AM"
"Backend\tests\PlantProcess.Api.IntegrationTests\Demo\Phase2DemoLifecycleContractTests.cs","03_Backend_Tests","Backend Tests","Backend Test",".cs","69","2067","2.02","6/15/2026 10:47:57 AM"
"Backend\tests\PlantProcess.Api.IntegrationTests\Demo\Phase2NoFacadeMetricSourceTests.cs","03_Backend_Tests","Backend Tests","Backend Test",".cs","62","2018","1.97","6/15/2026 10:47:57 AM"
"Backend\tests\PlantProcess.Api.IntegrationTests\ErrorHandling\GlobalExceptionHandlerTests.cs","03_Backend_Tests","Backend Tests","Backend Test",".cs","80","3458","3.38","6/15/2026 10:47:57 AM"
"Backend\tests\PlantProcess.Api.IntegrationTests\Genealogy\GenealogyGoldenThreadTests.cs","03_Backend_Tests","Backend Tests","Backend Test",".cs","154","6833","6.67","6/15/2026 10:50:31 AM"
"Backend\tests\PlantProcess.Api.IntegrationTests\Hardening\PageVersionConflictContractTests.cs","03_Backend_Tests","Backend Tests","Backend Test",".cs","36","1251","1.22","6/15/2026 10:47:57 AM"
"Backend\tests\PlantProcess.Api.IntegrationTests\Hardening\RefreshTokenInvalidationContractTests.cs","03_Backend_Tests","Backend Tests","Backend Test",".cs","47","1674","1.63","6/15/2026 10:47:57 AM"
"Backend\tests\PlantProcess.Api.IntegrationTests\Hardening\StartupConfigurationValidatorTests.cs","03_Backend_Tests","Backend Tests","Backend Test",".cs","67","2346","2.29","6/15/2026 10:47:57 AM"
"Backend\tests\PlantProcess.Api.IntegrationTests\Hardening\TestWebHostEnvironment.cs","03_Backend_Tests","Backend Tests","Backend Test",".cs","16","807","0.79","6/13/2026 11:06:26 PM"
"Backend\tests\PlantProcess.Api.IntegrationTests\Health\HealthEndpointTests.cs","03_Backend_Tests","Backend Tests","Backend Test",".cs","25","663","0.65","6/15/2026 10:47:57 AM"
"Backend\tests\PlantProcess.Api.IntegrationTests\Import\DeltaImportResumabilityTests.cs","03_Backend_Tests","Backend Tests","Backend Test",".cs","124","6174","6.03","6/15/2026 10:47:57 AM"
"Backend\tests\PlantProcess.Api.IntegrationTests\Infrastructure\AuthenticatedApiTestBase.cs","03_Backend_Tests","Backend Tests","Backend Test",".cs","476","16876","16.48","6/15/2026 10:51:47 AM"
"Backend\tests\PlantProcess.Api.IntegrationTests\Licensing\T08TierFeatureSnapshotTests.cs","03_Backend_Tests","Backend Tests","Backend Test",".cs","47","2266","2.21","6/15/2026 10:47:57 AM"
"Backend\tests\PlantProcess.Api.IntegrationTests\Mapping\MappingLifecycleProofTests.cs","03_Backend_Tests","Backend Tests","Backend Test",".cs","118","5282","5.16","6/15/2026 10:50:31 AM"
"Backend\tests\PlantProcess.Api.IntegrationTests\Middleware\SecurityHeadersMiddlewareTests.cs","03_Backend_Tests","Backend Tests","Backend Test",".cs","28","1013","0.99","6/15/2026 10:47:57 AM"
"Backend\tests\PlantProcess.Api.IntegrationTests\OpenApi\OpenApiContractTests.cs","03_Backend_Tests","Backend Tests","Backend Test",".cs","55","1662","1.62","6/15/2026 10:47:57 AM"
"Backend\tests\PlantProcess.Api.IntegrationTests\OpenApi\OpenApiMlAndDynamicEndpointContractTests.cs","03_Backend_Tests","Backend Tests","Backend Test",".cs","41","1468","1.43","6/15/2026 10:47:57 AM"
"Backend\tests\PlantProcess.Api.IntegrationTests\Phase3\Phase3GoldenThreadAndAttributionTests.cs","03_Backend_Tests","Backend Tests","Backend Test",".cs","177","8771","8.57","6/15/2026 10:50:31 AM"
"Backend\tests\PlantProcess.Api.IntegrationTests\Phase4\Phase4DemoCorrectnessAndJobsTests.cs","03_Backend_Tests","Backend Tests","Backend Test",".cs","229","10673","10.42","6/15/2026 11:07:34 AM"
"Backend\tests\PlantProcess.Api.IntegrationTests\PlantProcess.Api.IntegrationTests.csproj","03_Backend_Tests","Backend Tests","Backend Test",".csproj","34","1441","1.41","6/15/2026 10:47:55 AM"
"Backend\tests\PlantProcess.Api.IntegrationTests\Routing\T10DuplicateRouteContractTests.cs","03_Backend_Tests","Backend Tests","Backend Test",".cs","45","1934","1.89","6/15/2026 10:47:57 AM"
"Backend\tests\PlantProcess.Api.IntegrationTests\Security\AdminMfaFlagTests.cs","03_Backend_Tests","Backend Tests","Backend Test",".cs","62","2439","2.38","6/15/2026 10:47:57 AM"
"Backend\tests\PlantProcess.Api.IntegrationTests\Security\AuthEndpointTests.cs","03_Backend_Tests","Backend Tests","Backend Test",".cs","73","2118","2.07","6/15/2026 10:47:57 AM"
"Backend\tests\PlantProcess.Api.IntegrationTests\Security\AuthGateMatrixTests.cs","03_Backend_Tests","Backend Tests","Backend Test",".cs","112","3275","3.2","6/15/2026 10:47:57 AM"
"Backend\tests\PlantProcess.Api.IntegrationTests\Security\Phase04TenantIsolationProofTests.cs","03_Backend_Tests","Backend Tests","Backend Test",".cs","13","293","0.29","6/15/2026 10:47:57 AM"
"Backend\tests\PlantProcess.Api.IntegrationTests\Security\ProductionDevEndpointGuardTests.cs","03_Backend_Tests","Backend Tests","Backend Test",".cs","37","1290","1.26","6/15/2026 10:47:57 AM"
"Backend\tests\PlantProcess.Api.IntegrationTests\Security\SchemaConfigurationSafetyEndpointTests.cs","03_Backend_Tests","Backend Tests","Backend Test",".cs","79","2844","2.78","6/15/2026 10:47:57 AM"
"Backend\tests\PlantProcess.Api.IntegrationTests\Security\T05ProductionProofAbsentTests.cs","03_Backend_Tests","Backend Tests","Backend Test",".cs","93","4182","4.08","6/15/2026 10:47:57 AM"
"Backend\tests\PlantProcess.Api.IntegrationTests\Security\T06CrossTenantIsolationTests.cs","03_Backend_Tests","Backend Tests","Backend Test",".cs","41","2073","2.02","6/15/2026 10:47:57 AM"
"Backend\tests\PlantProcess.Api.IntegrationTests\Security\T06RoleAuthorizationMatrixTests.cs","03_Backend_Tests","Backend Tests","Backend Test",".cs","55","2799","2.73","6/15/2026 10:47:57 AM"
"Backend\tests\PlantProcess.Api.IntegrationTests\Security\T06RouteAuthorizationCoverageTests.cs","03_Backend_Tests","Backend Tests","Backend Test",".cs","51","2301","2.25","6/15/2026 10:47:57 AM"
"Backend\tests\PlantProcess.Api.IntegrationTests\Security\T07SensitiveActionAuditCoverageTests.cs","03_Backend_Tests","Backend Tests","Backend Test",".cs","80","3311","3.23","6/15/2026 10:47:57 AM"
"Backend\tests\PlantProcess.Api.IntegrationTests\Security\T08ConnectorSecretMaskingIntegrationTests.cs","03_Backend_Tests","Backend Tests","Backend Test",".cs","57","2397","2.34","6/15/2026 10:47:57 AM"
"Backend\tests\PlantProcess.Api.IntegrationTests\Security\TenantAccessorTests.cs","03_Backend_Tests","Backend Tests","Backend Test",".cs","54","1717","1.68","6/15/2026 10:47:57 AM"
"Backend\tests\PlantProcess.Api.IntegrationTests\Security\TenantIsolationMatrixTests.cs","03_Backend_Tests","Backend Tests","Backend Test",".cs","72","3638","3.55","6/15/2026 10:47:57 AM"
"Backend\tests\PlantProcess.Api.IntegrationTests\Smoke\ApiEndpointCatalogSmokeTests.cs","03_Backend_Tests","Backend Tests","Backend Test",".cs","136","5483","5.35","6/15/2026 10:47:57 AM"
"Backend\tests\PlantProcess.Api.IntegrationTests\Smoke\ApiSmokeEndpointTests.cs","03_Backend_Tests","Backend Tests","Backend Test",".cs","34","1078","1.05","6/15/2026 10:47:57 AM"
"Backend\tests\PlantProcess.Api.IntegrationTests\TestMode\PpiqTestModeGuardTests.cs","03_Backend_Tests","Backend Tests","Backend Test",".cs","48","1754","1.71","6/15/2026 10:47:57 AM"
"Backend\tests\PlantProcess.Application.UnitTests\Acquisition\P5_OtSafeAcquisitionTests.cs","03_Backend_Tests","Backend Tests","Backend Test",".cs","150","5656","5.52","6/4/2026 9:28:59 AM"
"Backend\tests\PlantProcess.Application.UnitTests\Analytics\Advanced\AdvancedCorrelationComputeServiceTests.cs","03_Backend_Tests","Backend Tests","Backend Test",".cs","142","7313","7.14","6/3/2026 12:54:36 AM"
"Backend\tests\PlantProcess.Application.UnitTests\Analytics\Advanced\AnalysisReadinessServiceTests.cs","03_Backend_Tests","Backend Tests","Backend Test",".cs","57","2267","2.21","6/3/2026 1:10:42 AM"
"Backend\tests\PlantProcess.Application.UnitTests\Analytics\Advanced\Phase8_T042VifMulticollinearityTests.cs","03_Backend_Tests","Backend Tests","Backend Test",".cs","161","5864","5.73","6/8/2026 7:59:27 AM"
"Backend\tests\PlantProcess.Application.UnitTests\Analytics\Advanced\Phase8_T043GoldenSignalRecoveryTests.cs","03_Backend_Tests","Backend Tests","Backend Test",".cs","255","10024","9.79","6/8/2026 8:18:13 AM"
"Backend\tests\PlantProcess.Application.UnitTests\Analytics\Advanced\Phase8_T044FindingTransparencyTests.cs","03_Backend_Tests","Backend Tests","Backend Test",".cs","169","6714","6.56","6/8/2026 8:22:39 AM"
"Backend\tests\PlantProcess.Application.UnitTests\Analytics\Advanced\Phase8_T045ReadinessGateSurfaceTests.cs","03_Backend_Tests","Backend Tests","Backend Test",".cs","111","4354","4.25","6/8/2026 8:27:15 AM"
"Backend\tests\PlantProcess.Application.UnitTests\Analytics\CostAssumptionStoreContractTests.cs","03_Backend_Tests","Backend Tests","Backend Test",".cs","94","3928","3.84","6/2/2026 6:48:35 PM"
"Backend\tests\PlantProcess.Application.UnitTests\Analytics\FeatureEngineeringServiceTests.cs","03_Backend_Tests","Backend Tests","Backend Test",".cs","66","2218","2.17","5/31/2026 2:21:24 PM"
"Backend\tests\PlantProcess.Application.UnitTests\Analytics\MlReadinessServiceTests.cs","03_Backend_Tests","Backend Tests","Backend Test",".cs","75","2397","2.34","5/31/2026 2:21:24 PM"
"Backend\tests\PlantProcess.Application.UnitTests\Analytics\P2_CanonicalAnalyticsArchitectureTests.cs","03_Backend_Tests","Backend Tests","Backend Test",".cs","114","4855","4.74","6/4/2026 9:09:25 AM"
"Backend\tests\PlantProcess.Application.UnitTests\Analytics\P3_ValueEvidenceKpiCoverageTests.cs","03_Backend_Tests","Backend Tests","Backend Test",".cs","135","4952","4.84","6/4/2026 9:13:18 AM"
"Backend\tests\PlantProcess.Application.UnitTests\Analytics\Phase5_CostAssumptionAbstainTests.cs","03_Backend_Tests","Backend Tests","Backend Test",".cs","50","1810","1.77","6/15/2026 12:50:56 AM"
"Backend\tests\PlantProcess.Application.UnitTests\Analytics\Phase5_DowntimeImpactTests.cs","03_Backend_Tests","Backend Tests","Backend Test",".cs","48","1898","1.85","6/15/2026 12:50:56 AM"
"Backend\tests\PlantProcess.Application.UnitTests\Analytics\Phase9_T047SuggestionWorkflowCertificationTests.cs","03_Backend_Tests","Backend Tests","Backend Test",".cs","412","16310","15.93","6/8/2026 8:34:07 AM"
"Backend\tests\PlantProcess.Application.UnitTests\Analytics\ProvenanceClaimGuardTests.cs","03_Backend_Tests","Backend Tests","Backend Test",".cs","107","4617","4.51","6/2/2026 6:44:13 PM"
"Backend\tests\PlantProcess.Application.UnitTests\Analytics\QualityLabelBuilderServiceTests.cs","03_Backend_Tests","Backend Tests","Backend Test",".cs","41","1447","1.41","5/31/2026 2:21:24 PM"
"Backend\tests\PlantProcess.Application.UnitTests\Analytics\RiskScoreServiceTests.cs","03_Backend_Tests","Backend Tests","Backend Test",".cs","70","2252","2.2","5/31/2026 2:21:24 PM"
"Backend\tests\PlantProcess.Application.UnitTests\Analytics\SuggestionWorkflowTests.cs","03_Backend_Tests","Backend Tests","Backend Test",".cs","95","4616","4.51","6/2/2026 7:26:16 PM"
"Backend\tests\PlantProcess.Application.UnitTests\Assistant\P4_ProductionAssistantTests.cs","03_Backend_Tests","Backend Tests","Backend Test",".cs","144","5872","5.73","6/4/2026 9:23:02 AM"
"Backend\tests\PlantProcess.Application.UnitTests\Assistant\Phase4_BareNumberElicitationTests.cs","03_Backend_Tests","Backend Tests","Backend Test",".cs","54","2398","2.34","6/15/2026 12:23:52 AM"
"Backend\tests\PlantProcess.Application.UnitTests\Assistant\Phase8AssistantRegressionEvalGateTests.cs","03_Backend_Tests","Backend Tests","Backend Test",".cs","99","3915","3.82","6/9/2026 3:28:13 PM"
"Backend\tests\PlantProcess.Application.UnitTests\Assistant\Phase8AssistantRuntimeTests.cs","03_Backend_Tests","Backend Tests","Backend Test",".cs","73","3095","3.02","6/9/2026 2:59:49 PM"
"Backend\tests\PlantProcess.Application.UnitTests\Assistant\Phase8SuggestionOutcomeLoopTests.cs","03_Backend_Tests","Backend Tests","Backend Test",".cs","72","2870","2.8","6/9/2026 3:28:12 PM"
"Backend\tests\PlantProcess.Application.UnitTests\Assistant\Phase9_T048AssistantGroundingEvalGateTests.cs","03_Backend_Tests","Backend Tests","Backend Test",".cs","212","8715","8.51","6/8/2026 8:45:02 AM"
"Backend\tests\PlantProcess.Application.UnitTests\Assistant\Phase9_T049ModelGatewayServingModesTests.cs","03_Backend_Tests","Backend Tests","Backend Test",".cs","270","11712","11.44","6/8/2026 9:24:47 AM"
"Backend\tests\PlantProcess.Application.UnitTests\Assistant\Phase9_T050AssistantRegressionSweepTests.cs","03_Backend_Tests","Backend Tests","Backend Test",".cs","187","8622","8.42","6/8/2026 12:33:39 PM"
"Backend\tests\PlantProcess.Application.UnitTests\Assistant\RetrievalAndToolTests.cs","03_Backend_Tests","Backend Tests","Backend Test",".cs","134","6644","6.49","6/2/2026 7:27:01 PM"
"Backend\tests\PlantProcess.Application.UnitTests\Common\ApplicationResultTests.cs","03_Backend_Tests","Backend Tests","Backend Test",".cs","91","3168","3.09","5/20/2026 11:46:31 AM"
"Backend\tests\PlantProcess.Application.UnitTests\Common\PageRequestTests.cs","03_Backend_Tests","Backend Tests","Backend Test",".cs","39","1000","0.98","5/19/2026 12:19:15 AM"
"Backend\tests\PlantProcess.Application.UnitTests\Common\TextNormalizerTests.cs","03_Backend_Tests","Backend Tests","Backend Test",".cs","40","1026","1","5/19/2026 12:19:15 AM"
"Backend\tests\PlantProcess.Application.UnitTests\Connectors\Phase10_T051ConnectorBehaviouralFailureTests.cs","03_Backend_Tests","Backend Tests","Backend Test",".cs","115","4950","4.83","6/8/2026 1:33:52 PM"
"Backend\tests\PlantProcess.Application.UnitTests\Dashboarding\WidgetQueryExpressionServiceTests.cs","03_Backend_Tests","Backend Tests","Backend Test",".cs","56","2212","2.16","5/30/2026 11:44:13 AM"
"Backend\tests\PlantProcess.Application.UnitTests\Demo\Phase1_DemoReadinessTests.cs","03_Backend_Tests","Backend Tests","Backend Test",".cs","52","1774","1.73","6/15/2026 7:40:39 AM"
"Backend\tests\PlantProcess.Application.UnitTests\GlobalUsings.T08.cs","03_Backend_Tests","Backend Tests","Backend Test",".cs","3","269","0.26","6/13/2026 12:53:34 AM"
"Backend\tests\PlantProcess.Application.UnitTests\Hardening\Phase1DependencyRegistrationTests.cs","03_Backend_Tests","Backend Tests","Backend Test",".cs","43","1775","1.73","6/6/2026 9:32:21 AM"
"Backend\tests\PlantProcess.Application.UnitTests\Integration\ConnectorCertificationGateTests.cs","03_Backend_Tests","Backend Tests","Backend Test",".cs","62","1833","1.79","6/9/2026 2:20:06 PM"
"Backend\tests\PlantProcess.Application.UnitTests\Integration\SchemaDriftWiringTests.cs","03_Backend_Tests","Backend Tests","Backend Test",".cs","57","1948","1.9","6/9/2026 2:20:06 PM"
"Backend\tests\PlantProcess.Application.UnitTests\Integration\V2Policy_MappingFaultTests.cs","03_Backend_Tests","Backend Tests","Backend Test",".cs","35","1280","1.25","6/15/2026 10:18:32 AM"
"Backend\tests\PlantProcess.Application.UnitTests\Integration\V2Policy_SourceLoadProtectionTests.cs","03_Backend_Tests","Backend Tests","Backend Test",".cs","54","2130","2.08","6/15/2026 10:18:32 AM"
"Backend\tests\PlantProcess.Application.UnitTests\Licensing\LicenseServiceTests.cs","03_Backend_Tests","Backend Tests","Backend Test",".cs","177","4793","4.68","5/21/2026 3:18:45 PM"
"Backend\tests\PlantProcess.Application.UnitTests\Licensing\Phase10LicenseRuntimeTests.cs","03_Backend_Tests","Backend Tests","Backend Test",".cs","129","4657","4.55","6/13/2026 12:47:58 AM"
"Backend\tests\PlantProcess.Application.UnitTests\Licensing\Phase5_LicenseTierTamperTests.cs","03_Backend_Tests","Backend Tests","Backend Test",".cs","38","1489","1.45","6/15/2026 12:50:56 AM"
"Backend\tests\PlantProcess.Application.UnitTests\Phase1_KpiSqlGuardTests.cs","03_Backend_Tests","Backend Tests","Backend Test",".cs","29","1176","1.15","6/4/2026 8:47:08 AM"
"Backend\tests\PlantProcess.Application.UnitTests\Phase1_SafeSqlValidatorCorpusTests.cs","03_Backend_Tests","Backend Tests","Backend Test",".cs","49","2938","2.87","6/4/2026 1:19:36 AM"
"Backend\tests\PlantProcess.Application.UnitTests\Phase2_AnalyticsGoldenTests.cs","03_Backend_Tests","Backend Tests","Backend Test",".cs","49","2464","2.41","6/4/2026 1:19:36 AM"
"Backend\tests\PlantProcess.Application.UnitTests\Phase2_CorrelationEngineRegistryTests.cs","03_Backend_Tests","Backend Tests","Backend Test",".cs","32","1338","1.31","6/4/2026 1:19:36 AM"
"Backend\tests\PlantProcess.Application.UnitTests\Phase3_CostAssumptionValidatorTests.cs","03_Backend_Tests","Backend Tests","Backend Test",".cs","37","1251","1.22","6/4/2026 1:19:36 AM"
"Backend\tests\PlantProcess.Application.UnitTests\Phase3_ValueImpactEngineTests.cs","03_Backend_Tests","Backend Tests","Backend Test",".cs","72","2784","2.72","6/4/2026 1:19:36 AM"
"Backend\tests\PlantProcess.Application.UnitTests\Phase3Phase4\Phase3Phase4CertificationTests.cs","03_Backend_Tests","Backend Tests","Backend Test",".cs","226","11173","10.91","6/8/2026 1:35:11 PM"
"Backend\tests\PlantProcess.Application.UnitTests\Phase7_ValueImpactEngineDepthTests.cs","03_Backend_Tests","Backend Tests","Backend Test",".cs","116","4110","4.01","6/7/2026 4:03:43 PM"
"Backend\tests\PlantProcess.Application.UnitTests\Phase7_ValueImpactWorkedCaseTests.cs","03_Backend_Tests","Backend Tests","Backend Test",".cs","88","3416","3.34","6/7/2026 4:46:26 PM"
"Backend\tests\PlantProcess.Application.UnitTests\Phase7_ValueRealizationTrackingTests.cs","03_Backend_Tests","Backend Tests","Backend Test",".cs","103","3932","3.84","6/7/2026 4:51:10 PM"
"Backend\tests\PlantProcess.Application.UnitTests\PlantProcess.Application.UnitTests.csproj","03_Backend_Tests","Backend Tests","Backend Test",".csproj","30","1095","1.07","5/24/2026 8:05:13 AM"
"Backend\tests\PlantProcess.Application.UnitTests\Reporting\BrandedPdfWriterTests.cs","03_Backend_Tests","Backend Tests","Backend Test",".cs","20","781","0.76","6/15/2026 11:44:12 AM"
"Backend\tests\PlantProcess.Application.UnitTests\Security\Phase5_RoleScopeMatrixTests.cs","03_Backend_Tests","Backend Tests","Backend Test",".cs","50","2261","2.21","6/15/2026 12:50:56 AM"
"Backend\tests\PlantProcess.Application.UnitTests\Security\Phase9RoleAccessMatrixTests.cs","03_Backend_Tests","Backend Tests","Backend Test",".cs","69","2278","2.22","6/9/2026 3:39:34 PM"
"Backend\tests\PlantProcess.Application.UnitTests\Security\SafeSqlPolicyTests.cs","03_Backend_Tests","Backend Tests","Backend Test",".cs","197","10414","10.17","5/24/2026 8:02:06 AM"
"Backend\tests\PlantProcess.Application.UnitTests\Security\SafeSqlValidatorPhase1Tests.cs","03_Backend_Tests","Backend Tests","Backend Test",".cs","51","1860","1.82","6/4/2026 8:47:08 AM"
"Backend\tests\PlantProcess.Application.UnitTests\Security\V2Policy_DataBoundaryTests.cs","03_Backend_Tests","Backend Tests","Backend Test",".cs","42","1594","1.56","6/15/2026 10:18:32 AM"
"Backend\tests\PlantProcess.Application.UnitTests\Top15\Top15Phase34RuntimeTests.cs","03_Backend_Tests","Backend Tests","Backend Test",".cs","181","7769","7.59","6/9/2026 4:57:17 PM"
"Backend\tests\PlantProcess.Application.UnitTests\Widgets\WidgetScriptSqlCompilerTests.cs","03_Backend_Tests","Backend Tests","Backend Test",".cs","73","3294","3.22","6/3/2026 11:07:10 AM"
"Backend\tests\PlantProcess.Architecture.Tests\ArchitectureDependencyDirectionTests.cs","03_Backend_Tests","Backend Tests","Backend Test",".cs","75","2336","2.28","6/6/2026 9:32:33 AM"
"Backend\tests\PlantProcess.Architecture.Tests\CiPipelineTruthGateTests.cs","03_Backend_Tests","Backend Tests","Backend Test",".cs","81","3403","3.32","6/12/2026 10:21:08 PM"
"Backend\tests\PlantProcess.Architecture.Tests\DeployRedPathProofTests.cs","03_Backend_Tests","Backend Tests","Backend Test",".cs","80","2904","2.84","6/15/2026 1:04:22 AM"
"Backend\tests\PlantProcess.Architecture.Tests\PlantProcess.Architecture.Tests.csproj","03_Backend_Tests","Backend Tests","Backend Test",".csproj","31","1178","1.15","6/6/2026 9:32:32 AM"
"Backend\tests\PlantProcess.Architecture.Tests\T05ProofEndpointGatingTests.cs","03_Backend_Tests","Backend Tests","Backend Test",".cs","94","4050","3.96","6/13/2026 10:56:42 AM"
"Backend\tests\PlantProcess.Architecture.Tests\T08ConnectorSecretMaskingGuardTests.cs","03_Backend_Tests","Backend Tests","Backend Test",".cs","70","3032","2.96","6/13/2026 10:58:19 AM"
"Backend\tests\PlantProcess.Architecture.Tests\T08LicenseModelGuardTests.cs","03_Backend_Tests","Backend Tests","Backend Test",".cs","52","2135","2.08","6/13/2026 12:53:34 AM"
"Backend\tests\PlantProcess.Architecture.Tests\T10ProviderAvailabilityGuardTests.cs","03_Backend_Tests","Backend Tests","Backend Test",".cs","37","1671","1.63","6/13/2026 12:50:53 AM"
"Backend\tests\PlantProcess.Architecture.Tests\T14LicenseEnforcementGuardTests.cs","03_Backend_Tests","Backend Tests","Backend Test",".cs","51","2430","2.37","6/13/2026 12:49:47 AM"
"Backend\tests\PlantProcess.Domain.Tests\Architecture\DomainArchitectureTests.cs","03_Backend_Tests","Backend Tests","Backend Test",".cs","51","1915","1.87","5/20/2026 12:03:29 PM"
"Backend\tests\PlantProcess.Domain.Tests\Dashboarding\DashboardWidgetDefinitionExpressionTests.cs","03_Backend_Tests","Backend Tests","Backend Test",".cs","54","1501","1.47","5/30/2026 11:44:13 AM"
"Backend\tests\PlantProcess.Domain.Tests\PlantProcess.Domain.Tests.csproj","03_Backend_Tests","Backend Tests","Backend Test",".csproj","29","996","0.97","5/24/2026 8:05:13 AM"
"Backend\tests\PlantProcess.Infrastructure.IntegrationTests\Analytics\AdvancedEngineContractTests.cs","03_Backend_Tests","Backend Tests","Backend Test",".cs","52","2582","2.52","6/3/2026 1:10:42 AM"
"Backend\tests\PlantProcess.Infrastructure.IntegrationTests\Analytics\AdvancedResultPersistenceTests.cs","03_Backend_Tests","Backend Tests","Backend Test",".cs","61","2865","2.8","6/3/2026 12:54:36 AM"
"Backend\tests\PlantProcess.Infrastructure.IntegrationTests\Audit\AuditLogImmutabilityTests.cs","03_Backend_Tests","Backend Tests","Backend Test",".cs","274","9886","9.65","6/9/2026 1:34:22 AM"
"Backend\tests\PlantProcess.Infrastructure.IntegrationTests\Connectors\CsvConnectorSmokeTests.cs","03_Backend_Tests","Backend Tests","Backend Test",".cs","61","2165","2.11","5/24/2026 2:20:41 PM"
"Backend\tests\PlantProcess.Infrastructure.IntegrationTests\Connectors\CsvConnectorTrimRegressionTests.cs","03_Backend_Tests","Backend Tests","Backend Test",".cs","29","1003","0.98","6/6/2026 9:32:49 AM"
"Backend\tests\PlantProcess.Infrastructure.IntegrationTests\Connectors\ExcelConnectorSmokeTests.cs","03_Backend_Tests","Backend Tests","Backend Test",".cs","77","2850","2.78","5/24/2026 2:20:44 PM"
"Backend\tests\PlantProcess.Infrastructure.IntegrationTests\Connectors\ReadOnlyEnforcementTests.cs","03_Backend_Tests","Backend Tests","Backend Test",".cs","46","1732","1.69","6/3/2026 12:28:37 AM"
"Backend\tests\PlantProcess.Infrastructure.IntegrationTests\Database\SqlScriptHygieneApplyTests.cs","03_Backend_Tests","Backend Tests","Backend Test",".cs","105","3749","3.66","5/31/2026 2:21:24 PM"
"Backend\tests\PlantProcess.Infrastructure.IntegrationTests\Database\Utf8NoBomRepositoryHygieneTests.cs","03_Backend_Tests","Backend Tests","Backend Test",".cs","93","3529","3.45","6/6/2026 9:37:34 AM"
"Backend\tests\PlantProcess.Infrastructure.IntegrationTests\Demo\Phase2RealismSourceSeedTests.cs","03_Backend_Tests","Backend Tests","Backend Test",".cs","73","3363","3.28","6/8/2026 9:08:40 AM"
"Backend\tests\PlantProcess.Infrastructure.IntegrationTests\PlantProcess.Infrastructure.IntegrationTests.csproj","03_Backend_Tests","Backend Tests","Backend Test",".csproj","35","1476","1.44","5/29/2026 3:57:08 PM"
"Backend\tests\PlantProcess.Infrastructure.IntegrationTests\Security\RlsTenantIsolationTests.cs","03_Backend_Tests","Backend Tests","Backend Test",".cs","110","5064","4.95","6/9/2026 1:34:22 AM"
"Backend\tests\PlantProcess.PerformanceTests\PlantProcess.PerformanceTests.csproj","03_Backend_Tests","Backend Tests","Backend Test",".csproj","25","874","0.85","5/24/2026 8:05:12 AM"
"Backend\tests\TESTS.md","03_Backend_Tests","Backend Tests","Backend Test",".md","23","1879","1.83","6/13/2026 7:18:19 PM"
"Frontend\PlantProcess.Web\.dockerignore","04_Frontend_App","Frontend App: PlantProcess.Web Core Source","Frontend Config / Misc",".dockerignore","18","354","0.35","5/19/2026 3:43:40 PM"
"Frontend\PlantProcess.Web\.env.development","04_Frontend_App","Frontend App: PlantProcess.Web Core Source","Frontend Config / Misc",".development","4","98","0.1","5/12/2026 3:36:02 PM"
"Frontend\PlantProcess.Web\.env.example","04_Frontend_App","Frontend App: PlantProcess.Web Core Source","Frontend Config / Misc",".example","14","566","0.55","6/6/2026 9:50:51 AM"
"Frontend\PlantProcess.Web\.env.local","04_Frontend_App","Frontend App: PlantProcess.Web Core Source","Frontend Config / Misc",".local","3","103","0.1","6/11/2026 10:44:18 AM"
"Frontend\PlantProcess.Web\.env.test","04_Frontend_App","Frontend App: PlantProcess.Web Core Source","Frontend Config / Misc",".test","3","102","0.1","5/31/2026 2:24:05 PM"
"Frontend\PlantProcess.Web\.gitignore","04_Frontend_App","Frontend App: PlantProcess.Web Core Source","Frontend Config / Misc",".gitignore","25","272","0.27","6/9/2026 7:41:58 AM"
"Frontend\PlantProcess.Web\DEAD_BUTTON_INVENTORY.md","04_Frontend_App","Frontend App: PlantProcess.Web Core Source","Frontend Config / Misc",".md","8","296","0.29","6/15/2026 11:46:33 AM"
"Frontend\PlantProcess.Web\Dockerfile","04_Frontend_App","Frontend App: PlantProcess.Web Core Source","Frontend Config / Misc","","24","543","0.53","5/19/2026 2:09:35 PM"
"Frontend\PlantProcess.Web\docs\a11y\audit-30May2026.md","04_Frontend_App","Frontend App: PlantProcess.Web Core Source","Frontend Config / Misc",".md","33","575","0.56","5/30/2026 11:14:59 AM"
"Frontend\PlantProcess.Web\docs\refactor\codemods.md","04_Frontend_App","Frontend App: PlantProcess.Web Core Source","Frontend Config / Misc",".md","25","572","0.56","5/30/2026 10:53:07 AM"
"Frontend\PlantProcess.Web\docs\refactor\dead-code-removal-30May2026.md","04_Frontend_App","Frontend App: PlantProcess.Web Core Source","Frontend Config / Misc",".md","23","1322","1.29","5/30/2026 10:53:07 AM"
"Frontend\PlantProcess.Web\docs\refactor\implementation-wrapper-pattern.md","04_Frontend_App","Frontend App: PlantProcess.Web Core Source","Frontend Config / Misc",".md","23","944","0.92","6/6/2026 2:10:00 PM"
"Frontend\PlantProcess.Web\docs\ui-standards\button-inventory.csv","04_Frontend_App","Frontend App: PlantProcess.Web Core Source","Frontend Config / Misc",".csv","202","31706","30.96","5/30/2026 10:25:23 AM"
"Frontend\PlantProcess.Web\docs\ui-standards\component-specification.md","04_Frontend_App","Frontend App: PlantProcess.Web Core Source","Frontend Config / Misc",".md","62","1743","1.7","5/30/2026 10:16:06 AM"
"Frontend\PlantProcess.Web\docs\ui-standards\input-inventory.csv","04_Frontend_App","Frontend App: PlantProcess.Web Core Source","Frontend Config / Misc",".csv","39","8625","8.42","6/10/2026 4:50:28 PM"
"Frontend\PlantProcess.Web\docs\ui-standards\inventory-summary.md","04_Frontend_App","Frontend App: PlantProcess.Web Core Source","Frontend Config / Misc",".md","29","687","0.67","5/30/2026 10:25:23 AM"
"Frontend\PlantProcess.Web\docs\ui-standards\table-inventory.csv","04_Frontend_App","Frontend App: PlantProcess.Web Core Source","Frontend Config / Misc",".csv","35","6719","6.56","5/30/2026 10:25:23 AM"
"Frontend\PlantProcess.Web\docs\ui-standards\tabs-inventory.csv","04_Frontend_App","Frontend App: PlantProcess.Web Core Source","Frontend Config / Misc",".csv","7","1283","1.25","6/10/2026 4:50:30 PM"
"Frontend\PlantProcess.Web\docs\visual-regression\phase56-baseline.md","04_Frontend_App","Frontend App: PlantProcess.Web Core Source","Frontend Config / Misc",".md","25","597","0.58","5/30/2026 11:14:59 AM"
"Frontend\PlantProcess.Web\eslint.config.js","04_Frontend_App","Frontend App: PlantProcess.Web Core Source","Frontend Config / Misc",".js","139","4601","4.49","6/7/2026 10:22:41 PM"
"Frontend\PlantProcess.Web\index.html","04_Frontend_App","Frontend App: PlantProcess.Web Core Source","Frontend Config / Misc",".html","21","704","0.69","6/10/2026 11:51:12 AM"
"Frontend\PlantProcess.Web\nginx.conf","04_Frontend_App","Frontend App: PlantProcess.Web Core Source","Frontend Config / Misc",".conf","20","455","0.44","5/19/2026 2:09:48 PM"
"Frontend\PlantProcess.Web\openapi\README.md","04_Frontend_App","Frontend App: PlantProcess.Web Core Source","Frontend Config / Misc",".md","24","968","0.95","6/9/2026 7:41:57 AM"
"Frontend\PlantProcess.Web\package.json","04_Frontend_App","Frontend App: PlantProcess.Web Core Source","Frontend Config / Misc",".json","145","12586","12.29","6/14/2026 10:50:27 PM"
"Frontend\PlantProcess.Web\playwright.config.ts","04_Frontend_App","Frontend App: PlantProcess.Web Core Source","Frontend Config / Misc",".ts","192","6627","6.47","6/13/2026 12:38:59 PM"
"Frontend\PlantProcess.Web\playwright.phase2.config.ts","04_Frontend_App","Frontend App: PlantProcess.Web Core Source","Frontend Config / Misc",".ts","66","1491","1.46","5/25/2026 1:07:52 PM"
"Frontend\PlantProcess.Web\playwright.phase9.config.ts","04_Frontend_App","Frontend App: PlantProcess.Web Core Source","Frontend Config / Misc",".ts","35","956","0.93","6/3/2026 8:05:21 PM"
"Frontend\PlantProcess.Web\playwright.ppiq-v1-matrix.config.ts","04_Frontend_App","Frontend App: PlantProcess.Web Core Source","Frontend Config / Misc",".ts","63","1990","1.94","6/15/2026 11:44:12 AM"
"Frontend\PlantProcess.Web\playwright.ppiq-v1-readiness.config.ts","04_Frontend_App","Frontend App: PlantProcess.Web Core Source","Frontend Config / Misc",".ts","18","619","0.6","6/15/2026 11:44:12 AM"
"Frontend\PlantProcess.Web\playwright-report-readiness\index.html","04_Frontend_App","Frontend App: PlantProcess.Web Core Source","Frontend Config / Misc",".html","90","524824","512.52","6/15/2026 11:48:28 AM"
"Frontend\PlantProcess.Web\public\brand\plantprocess-iq-architecture.svg","04_Frontend_App","Frontend App: PlantProcess.Web Core Source","Frontend Config / Misc",".svg","87","5621","5.49","5/21/2026 4:44:08 PM"
"Frontend\PlantProcess.Web\public\brand\plantprocess-iq-engineer-brief.html","04_Frontend_App","Frontend App: PlantProcess.Web Core Source","Frontend Config / Misc",".html","171","4852","4.74","5/21/2026 4:44:43 PM"
"Frontend\PlantProcess.Web\public\brand\plantprocess-iq-logo.svg","04_Frontend_App","Frontend App: PlantProcess.Web Core Source","Frontend Config / Misc",".svg","51","2168","2.12","5/20/2026 9:31:14 AM"
"Frontend\PlantProcess.Web\public\brand\sou-icon.svg","04_Frontend_App","Frontend App: PlantProcess.Web Core Source","Frontend Config / Misc",".svg","50","1743","1.7","5/20/2026 9:19:52 AM"
"Frontend\PlantProcess.Web\public\brand\sou-logo-horizontal.svg","04_Frontend_App","Frontend App: PlantProcess.Web Core Source","Frontend Config / Misc",".svg","40","1813","1.77","5/20/2026 9:19:52 AM"
"Frontend\PlantProcess.Web\public\build-info.json","04_Frontend_App","Frontend App: PlantProcess.Web Core Source","Frontend Config / Misc",".json","9","297","0.29","6/10/2026 12:30:22 PM"
"Frontend\PlantProcess.Web\public\favicon.svg","04_Frontend_App","Frontend App: PlantProcess.Web Core Source","Frontend Config / Misc",".svg","50","1743","1.7","5/20/2026 9:19:52 AM"
"Frontend\PlantProcess.Web\public\icons.svg","04_Frontend_App","Frontend App: PlantProcess.Web Core Source","Frontend Config / Misc",".svg","24","5031","4.91","5/11/2026 4:00:07 PM"
"Frontend\PlantProcess.Web\README.frontend-implementation.md","04_Frontend_App","Frontend App: PlantProcess.Web Core Source","Frontend Config / Misc",".md","11","684","0.67","6/6/2026 11:18:29 AM"
"Frontend\PlantProcess.Web\README.md","04_Frontend_App","Frontend App: PlantProcess.Web Core Source","Frontend Config / Misc",".md","73","2425","2.37","5/11/2026 4:00:06 PM"
"Frontend\PlantProcess.Web\src\accessibility\phase56ThemeRuntime.ts","04_Frontend_App","Frontend App: PlantProcess.Web Core Source","Frontend Source",".ts","95","3946","3.85","6/6/2026 11:18:29 AM"
"Frontend\PlantProcess.Web\src\api\__tests__\apiClient.retry-backoff.test.ts","04_Frontend_App","Frontend App: PlantProcess.Web Core Source","Frontend API Client",".ts","52","1698","1.66","5/31/2026 2:32:09 PM"
"Frontend\PlantProcess.Web\src\api\admin\admin.api.ts","04_Frontend_App","Frontend App: PlantProcess.Web Core Source","Frontend API Client",".ts","25","921","0.9","6/3/2026 4:36:45 PM"
"Frontend\PlantProcess.Web\src\api\admin\index.ts","04_Frontend_App","Frontend App: PlantProcess.Web Core Source","Frontend API Client",".ts","2","87","0.08","6/3/2026 4:27:41 PM"
"Frontend\PlantProcess.Web\src\api\advancedAnalysis.ts","04_Frontend_App","Frontend App: PlantProcess.Web Core Source","Frontend API Client",".ts","61","2784","2.72","6/8/2026 8:27:15 AM"
"Frontend\PlantProcess.Web\src\api\analytics\analytics.api.ts","04_Frontend_App","Frontend App: PlantProcess.Web Core Source","Frontend API Client",".ts","24","989","0.97","6/3/2026 4:36:45 PM"
"Frontend\PlantProcess.Web\src\api\analytics\index.ts","04_Frontend_App","Frontend App: PlantProcess.Web Core Source","Frontend API Client",".ts","2","95","0.09","6/3/2026 4:27:41 PM"
"Frontend\PlantProcess.Web\src\api\apiConfig.ts","04_Frontend_App","Frontend App: PlantProcess.Web Core Source","Frontend API Client",".ts","44","1530","1.49","6/12/2026 10:15:04 PM"
"Frontend\PlantProcess.Web\src\api\apiConfig.ts.t04bak","04_Frontend_App","Frontend App: PlantProcess.Web Core Source","Frontend API Client",".t04bak","44","1521","1.49","5/12/2026 3:19:41 PM"
"Frontend\PlantProcess.Web\src\api\dashboarding\dashboarding.api.ts","04_Frontend_App","Frontend App: PlantProcess.Web Core Source","Frontend API Client",".ts","40","2015","1.97","6/3/2026 4:36:45 PM"
"Frontend\PlantProcess.Web\src\api\dashboarding\index.ts","04_Frontend_App","Frontend App: PlantProcess.Web Core Source","Frontend API Client",".ts","2","101","0.1","6/3/2026 4:27:41 PM"
"Frontend\PlantProcess.Web\src\api\demo\demoLifecycle.api.ts","04_Frontend_App","Frontend App: PlantProcess.Web Core Source","Frontend API Client",".ts","116","2889","2.82","5/21/2026 3:07:46 PM"
"Frontend\PlantProcess.Web\src\api\demo\demoReadiness.api.ts","04_Frontend_App","Frontend App: PlantProcess.Web Core Source","Frontend API Client",".ts","22","534","0.52","6/15/2026 11:44:12 AM"
"Frontend\PlantProcess.Web\src\api\demo\index.ts","04_Frontend_App","Frontend App: PlantProcess.Web Core Source","Frontend API Client",".ts","1","36","0.04","5/21/2026 2:55:46 PM"
"Frontend\PlantProcess.Web\src\api\demo-analytics\demoAnalytics.api.ts","04_Frontend_App","Frontend App: PlantProcess.Web Core Source","Frontend API Client",".ts","110","2626","2.56","6/3/2026 4:49:00 PM"
"Frontend\PlantProcess.Web\src\api\edgeCollector.ts","04_Frontend_App","Frontend App: PlantProcess.Web Core Source","Frontend API Client",".ts","161","4246","4.15","6/6/2026 5:03:16 PM"
"Frontend\PlantProcess.Web\src\api\historianConnector.ts","04_Frontend_App","Frontend App: PlantProcess.Web Core Source","Frontend API Client",".ts","154","3912","3.82","6/6/2026 4:15:31 PM"
"Frontend\PlantProcess.Web\src\api\http\apiClient.ts","04_Frontend_App","Frontend App: PlantProcess.Web Core Source","Frontend API Client",".ts","362","10148","9.91","6/7/2026 2:44:19 PM"
"Frontend\PlantProcess.Web\src\api\http\index.ts","04_Frontend_App","Frontend App: PlantProcess.Web Core Source","Frontend API Client",".ts","1","33","0.03","5/19/2026 12:19:15 AM"
"Frontend\PlantProcess.Web\src\api\inspectionWorkflowApi.ts","04_Frontend_App","Frontend App: PlantProcess.Web Core Source","Frontend API Client",".ts","213","6103","5.96","6/3/2026 4:46:31 PM"
"Frontend\PlantProcess.Web\src\api\integration\index.ts","04_Frontend_App","Frontend App: PlantProcess.Web Core Source","Frontend API Client",".ts","2","99","0.1","6/3/2026 4:27:41 PM"
"Frontend\PlantProcess.Web\src\api\integration\integration.api.ts","04_Frontend_App","Frontend App: PlantProcess.Web Core Source","Frontend API Client",".ts","30","1565","1.53","6/3/2026 4:36:45 PM"
"Frontend\PlantProcess.Web\src\api\legacy\__tests__\plantProcessApi.contract.test.ts","04_Frontend_App","Frontend App: PlantProcess.Web Core Source","Frontend API Client",".ts","62","1653","1.61","6/3/2026 4:36:45 PM"
"Frontend\PlantProcess.Web\src\api\license\index.ts","04_Frontend_App","Frontend App: PlantProcess.Web Core Source","Frontend API Client",".ts","3","108","0.11","6/9/2026 4:09:47 PM"
"Frontend\PlantProcess.Web\src\api\license\license.api.ts","04_Frontend_App","Frontend App: PlantProcess.Web Core Source","Frontend API Client",".ts","51","1443","1.41","5/21/2026 3:07:29 PM"
"Frontend\PlantProcess.Web\src\api\license\licenseUsage.api.ts","04_Frontend_App","Frontend App: PlantProcess.Web Core Source","Frontend API Client",".ts","85","2245","2.19","5/21/2026 3:25:59 PM"
"Frontend\PlantProcess.Web\src\api\license\phase10License.api.ts","04_Frontend_App","Frontend App: PlantProcess.Web Core Source","Frontend API Client",".ts","40","1217","1.19","6/9/2026 4:09:43 PM"
"Frontend\PlantProcess.Web\src\api\ml\index.ts","04_Frontend_App","Frontend App: PlantProcess.Web Core Source","Frontend API Client",".ts","1","34","0.03","5/21/2026 4:25:17 PM"
"Frontend\PlantProcess.Web\src\api\ml\mlReadiness.api.ts","04_Frontend_App","Frontend App: PlantProcess.Web Core Source","Frontend API Client",".ts","120","3086","3.01","5/21/2026 4:25:02 PM"
"Frontend\PlantProcess.Web\src\api\p3T14ValueExecutive.ts","04_Frontend_App","Frontend App: PlantProcess.Web Core Source","Frontend API Client",".ts","299","11243","10.98","6/10/2026 12:38:34 PM"
"Frontend\PlantProcess.Web\src\api\p3T15WidgetSchemaContract.ts","04_Frontend_App","Frontend App: PlantProcess.Web Core Source","Frontend API Client",".ts","343","10705","10.45","6/10/2026 12:59:37 PM"
"Frontend\PlantProcess.Web\src\api\pageBuilder\index.ts","04_Frontend_App","Frontend App: PlantProcess.Web Core Source","Frontend API Client",".ts","1","36","0.04","5/31/2026 11:42:05 AM"
"Frontend\PlantProcess.Web\src\api\pageBuilder\pageBuilder.api.ts","04_Frontend_App","Frontend App: PlantProcess.Web Core Source","Frontend API Client",".ts","33","1073","1.05","6/15/2026 11:44:12 AM"
"Frontend\PlantProcess.Web\src\api\phase15Advisory.ts","04_Frontend_App","Frontend App: PlantProcess.Web Core Source","Frontend API Client",".ts","84","12715","12.42","6/6/2026 6:16:54 PM"
"Frontend\PlantProcess.Web\src\api\phase8Assistant.ts","04_Frontend_App","Frontend App: PlantProcess.Web Core Source","Frontend API Client",".ts","152","4428","4.32","6/9/2026 2:59:50 PM"
"Frontend\PlantProcess.Web\src\api\productApiClient.ts","04_Frontend_App","Frontend App: PlantProcess.Web Core Source","Frontend API Client",".ts","146","4151","4.05","6/3/2026 4:40:11 PM"
"Frontend\PlantProcess.Web\src\api\productApiHardening.implementation.ts","04_Frontend_App","Frontend App: PlantProcess.Web Core Source","Frontend API Client",".ts","391","8826","8.62","6/10/2026 11:41:18 AM"
"Frontend\PlantProcess.Web\src\api\productApiHardening.ts","04_Frontend_App","Frontend App: PlantProcess.Web Core Source","Frontend API Client",".ts","1","55","0.05","6/10/2026 11:51:12 AM"
"Frontend\PlantProcess.Web\src\api\product-core\admin-mapping-types.ts","04_Frontend_App","Frontend App: PlantProcess.Web Core Source","Frontend API Client",".ts","608","9136","8.92","6/6/2026 11:36:27 AM"
"Frontend\PlantProcess.Web\src\api\product-core\analytics-quality-types.ts","04_Frontend_App","Frontend App: PlantProcess.Web Core Source","Frontend API Client",".ts","92","1524","1.49","6/6/2026 11:36:27 AM"
"Frontend\PlantProcess.Web\src\api\product-core\dashboard-widget-types.ts","04_Frontend_App","Frontend App: PlantProcess.Web Core Source","Frontend API Client",".ts","489","7302","7.13","6/6/2026 11:36:27 AM"
"Frontend\PlantProcess.Web\src\api\product-core\license-commercial-types.ts","04_Frontend_App","Frontend App: PlantProcess.Web Core Source","Frontend API Client",".ts","16","390","0.38","6/6/2026 11:36:27 AM"
"Frontend\PlantProcess.Web\src\api\product-core\material-process-types.ts","04_Frontend_App","Frontend App: PlantProcess.Web Core Source","Frontend API Client",".ts","68","1165","1.14","6/6/2026 11:36:27 AM"
"Frontend\PlantProcess.Web\src\api\product-core\product-core-types.manifest.json","04_Frontend_App","Frontend App: PlantProcess.Web Core Source","Frontend API Client",".json","344","9458","9.24","6/6/2026 11:36:27 AM"
"Frontend\PlantProcess.Web\src\api\product-core\shared-types.ts","04_Frontend_App","Frontend App: PlantProcess.Web Core Source","Frontend API Client",".ts","190","3111","3.04","6/6/2026 11:36:27 AM"
"Frontend\PlantProcess.Web\src\api\product-core\types.ts","04_Frontend_App","Frontend App: PlantProcess.Web Core Source","Frontend API Client",".ts","89","2437","2.38","6/6/2026 11:36:27 AM"
"Frontend\PlantProcess.Web\src\api\productCoreApiClient.implementation.ts","04_Frontend_App","Frontend App: PlantProcess.Web Core Source","Frontend API Client",".ts","7","263","0.26","6/10/2026 11:51:12 AM"
"Frontend\PlantProcess.Web\src\api\productCoreApiClient.runtime.ts","04_Frontend_App","Frontend App: PlantProcess.Web Core Source","Frontend API Client",".ts","598","18793","18.35","6/10/2026 11:41:18 AM"
"Frontend\PlantProcess.Web\src\api\productCoreApiClient.ts","04_Frontend_App","Frontend App: PlantProcess.Web Core Source","Frontend API Client",".ts","1","56","0.05","6/10/2026 11:51:12 AM"
"Frontend\PlantProcess.Web\src\api\schemaMapping\schemaMapping.api.ts","04_Frontend_App","Frontend App: PlantProcess.Web Core Source","Frontend API Client",".ts","158","4340","4.24","6/3/2026 4:40:11 PM"
"Frontend\PlantProcess.Web\src\api\twoStageImport\twoStageImport.api.ts","04_Frontend_App","Frontend App: PlantProcess.Web Core Source","Frontend API Client",".ts","112","3146","3.07","6/3/2026 4:40:11 PM"
"Frontend\PlantProcess.Web\src\api\value\index.ts","04_Frontend_App","Frontend App: PlantProcess.Web Core Source","Frontend API Client",".ts","2","32","0.03","6/7/2026 4:57:21 PM"
"Frontend\PlantProcess.Web\src\api\value\value.api.ts","04_Frontend_App","Frontend App: PlantProcess.Web Core Source","Frontend API Client",".ts","76","2130","2.08","6/7/2026 4:57:21 PM"
"Frontend\PlantProcess.Web\src\api\widgetScript\index.ts","04_Frontend_App","Frontend App: PlantProcess.Web Core Source","Frontend API Client",".ts","1","35","0.03","5/25/2026 11:40:48 AM"
"Frontend\PlantProcess.Web\src\api\widgetScript\widgetScript.api.ts","04_Frontend_App","Frontend App: PlantProcess.Web Core Source","Frontend API Client",".ts","59","1993","1.95","6/3/2026 4:27:41 PM"
"Frontend\PlantProcess.Web\src\api\workflow-foundation\workflowFoundation.api.ts","04_Frontend_App","Frontend App: PlantProcess.Web Core Source","Frontend API Client",".ts","370","10110","9.87","6/3/2026 4:51:06 PM"
"Frontend\PlantProcess.Web\src\App.tsx","04_Frontend_App","Frontend App: PlantProcess.Web Core Source","Frontend Source",".tsx","2437","73218","71.5","6/13/2026 7:18:15 PM"
"Frontend\PlantProcess.Web\src\brand\plantProcessBrand.ts","04_Frontend_App","Frontend App: PlantProcess.Web Core Source","Frontend Source",".ts","103","3218","3.14","6/6/2026 4:15:31 PM"
"Frontend\PlantProcess.Web\src\components\__tests__\ActiveFilterChips.test.tsx","04_Frontend_App","Frontend App: PlantProcess.Web Core Source","Frontend Component",".tsx","61","2002","1.96","5/20/2026 11:43:38 AM"
"Frontend\PlantProcess.Web\src\components\__tests__\AsyncState.test.tsx","04_Frontend_App","Frontend App: PlantProcess.Web Core Source","Frontend Component",".tsx","24","865","0.84","5/19/2026 12:19:15 AM"
"Frontend\PlantProcess.Web\src\components\__tests__\LockedFeatureOverlay.test.tsx","04_Frontend_App","Frontend App: PlantProcess.Web Core Source","Frontend Component",".tsx","17","575","0.56","5/24/2026 2:45:52 PM"
"Frontend\PlantProcess.Web\src\components\__tests__\MetricCard.test.tsx","04_Frontend_App","Frontend App: PlantProcess.Web Core Source","Frontend Component",".tsx","45","1235","1.21","5/20/2026 11:43:03 AM"
"Frontend\PlantProcess.Web\src\components\__tests__\SortableDataTable.virtualization.test.tsx","04_Frontend_App","Frontend App: PlantProcess.Web Core Source","Frontend Component",".tsx","59","1472","1.44","5/24/2026 2:46:08 PM"
"Frontend\PlantProcess.Web\src\components\__tests__\StatusBadge.test.tsx","04_Frontend_App","Frontend App: PlantProcess.Web Core Source","Frontend Component",".tsx","30","1017","0.99","5/19/2026 12:19:15 AM"
"Frontend\PlantProcess.Web\src\components\ActiveFilterChips.tsx","04_Frontend_App","Frontend App: PlantProcess.Web Core Source","Frontend Component",".tsx","73","1954","1.91","6/3/2026 4:36:45 PM"
"Frontend\PlantProcess.Web\src\components\analytics\__tests__\AdvancedResultPanel.test.tsx","04_Frontend_App","Frontend App: PlantProcess.Web Core Source","Frontend Component",".tsx","42","1750","1.71","6/6/2026 12:09:32 PM"
"Frontend\PlantProcess.Web\src\components\analytics\AdvancedResultPanel.tsx","04_Frontend_App","Frontend App: PlantProcess.Web Core Source","Frontend Component",".tsx","107","4269","4.17","6/10/2026 3:44:34 PM"
"Frontend\PlantProcess.Web\src\components\analytics\AdvancedResultsList.tsx","04_Frontend_App","Frontend App: PlantProcess.Web Core Source","Frontend Component",".tsx","26","1184","1.16","6/10/2026 3:44:34 PM"
"Frontend\PlantProcess.Web\src\components\analytics\BidirectionalThread.tsx","04_Frontend_App","Frontend App: PlantProcess.Web Core Source","Frontend Component",".tsx","92","4051","3.96","6/13/2026 6:51:44 PM"
"Frontend\PlantProcess.Web\src\components\analytics\EvidencePanel.tsx","04_Frontend_App","Frontend App: PlantProcess.Web Core Source","Frontend Component",".tsx","71","3382","3.3","6/13/2026 6:51:43 PM"
"Frontend\PlantProcess.Web\src\components\analytics\FindingEvidencePanel.tsx","04_Frontend_App","Frontend App: PlantProcess.Web Core Source","Frontend Component",".tsx","56","1696","1.66","6/10/2026 3:44:34 PM"
"Frontend\PlantProcess.Web\src\components\analytics\ReadModelWidgets.tsx","04_Frontend_App","Frontend App: PlantProcess.Web Core Source","Frontend Component",".tsx","150","9290","9.07","6/10/2026 3:44:34 PM"
"Frontend\PlantProcess.Web\src\components\AppLayout.css","04_Frontend_App","Frontend App: PlantProcess.Web Core Source","Frontend Component",".css","506","10894","10.64","6/6/2026 1:44:11 PM"
"Frontend\PlantProcess.Web\src\components\AppLayout.tsx","04_Frontend_App","Frontend App: PlantProcess.Web Core Source","Frontend Component",".tsx","505","11300","11.04","6/10/2026 3:44:34 PM"
"Frontend\PlantProcess.Web\src\components\assistant\AssistantChat.tsx","04_Frontend_App","Frontend App: PlantProcess.Web Core Source","Frontend Component",".tsx","95","3056","2.98","6/10/2026 3:44:34 PM"
"Frontend\PlantProcess.Web\src\components\AsyncState.tsx","04_Frontend_App","Frontend App: PlantProcess.Web Core Source","Frontend Component",".tsx","27","716","0.7","5/30/2026 8:31:25 AM"
"Frontend\PlantProcess.Web\src\components\brand\app-command-header.css","04_Frontend_App","Frontend App: PlantProcess.Web Core Source","Frontend Component",".css","322","7004","6.84","5/20/2026 9:38:25 AM"
"Frontend\PlantProcess.Web\src\components\brand\AppCommandHeader.tsx","04_Frontend_App","Frontend App: PlantProcess.Web Core Source","Frontend Component",".tsx","69","2561","2.5","6/3/2026 11:22:44 AM"
"Frontend\PlantProcess.Web\src\components\brand\app-dual-brand-header.css","04_Frontend_App","Frontend App: PlantProcess.Web Core Source","Frontend Component",".css","98","2018","1.97","5/20/2026 9:35:19 AM"
"Frontend\PlantProcess.Web\src\components\brand\AppDualBrandHeader.tsx","04_Frontend_App","Frontend App: PlantProcess.Web Core Source","Frontend Component",".tsx","30","874","0.85","5/20/2026 9:35:06 AM"
"Frontend\PlantProcess.Web\src\components\brand\brand-proof-panel.css","04_Frontend_App","Frontend App: PlantProcess.Web Core Source","Frontend Component",".css","124","2320","2.27","5/21/2026 4:46:39 PM"
"Frontend\PlantProcess.Web\src\components\brand\BrandProofPanel.tsx","04_Frontend_App","Frontend App: PlantProcess.Web Core Source","Frontend Component",".tsx","66","2286","2.23","5/21/2026 4:46:27 PM"
"Frontend\PlantProcess.Web\src\components\brand\product-brand.css","04_Frontend_App","Frontend App: PlantProcess.Web Core Source","Frontend Component",".css","154","2848","2.78","5/20/2026 9:34:45 AM"
"Frontend\PlantProcess.Web\src\components\brand\ProductBrand.tsx","04_Frontend_App","Frontend App: PlantProcess.Web Core Source","Frontend Component",".tsx","47","1502","1.47","5/20/2026 9:34:29 AM"
"Frontend\PlantProcess.Web\src\components\brand\sou-brand.css","04_Frontend_App","Frontend App: PlantProcess.Web Core Source","Frontend Component",".css","165","3398","3.32","5/20/2026 9:22:15 AM"
"Frontend\PlantProcess.Web\src\components\brand\SOUBrand.tsx","04_Frontend_App","Frontend App: PlantProcess.Web Core Source","Frontend Component",".tsx","40","993","0.97","5/20/2026 9:20:58 AM"
"Frontend\PlantProcess.Web\src\components\BrandProofSection.tsx","04_Frontend_App","Frontend App: PlantProcess.Web Core Source","Frontend Component",".tsx","60","1814","1.77","5/21/2026 4:49:18 PM"
"Frontend\PlantProcess.Web\src\components\charts\InteractiveCharts.tsx","04_Frontend_App","Frontend App: PlantProcess.Web Core Source","Frontend Component",".tsx","424","10717","10.47","6/10/2026 3:44:34 PM"
"Frontend\PlantProcess.Web\src\components\conflict\__tests__\ConflictDialog.contract.test.tsx","04_Frontend_App","Frontend App: PlantProcess.Web Core Source","Frontend Component",".tsx","31","1033","1.01","6/13/2026 11:06:27 PM"
"Frontend\PlantProcess.Web\src\components\conflict\ConflictDialog.tsx","04_Frontend_App","Frontend App: PlantProcess.Web Core Source","Frontend Component",".tsx","65","2459","2.4","6/13/2026 11:35:10 PM"
"Frontend\PlantProcess.Web\src\components\dashboard\DashboardGridLayout.tsx","04_Frontend_App","Frontend App: PlantProcess.Web Core Source","Frontend Component",".tsx","103","3285","3.21","5/31/2026 2:16:25 PM"
"Frontend\PlantProcess.Web\src\components\dashboard\DashboardWidgetCard.tsx","04_Frontend_App","Frontend App: PlantProcess.Web Core Source","Frontend Component",".tsx","359","11961","11.68","6/10/2026 3:44:34 PM"
"Frontend\PlantProcess.Web\src\components\dashboard\DragGhost.css","04_Frontend_App","Frontend App: PlantProcess.Web Core Source","Frontend Component",".css","39","833","0.81","5/24/2026 3:05:38 PM"
"Frontend\PlantProcess.Web\src\components\dashboard\DragGhost.tsx","04_Frontend_App","Frontend App: PlantProcess.Web Core Source","Frontend Component",".tsx","33","741","0.72","6/10/2026 3:44:34 PM"
"Frontend\PlantProcess.Web\src\components\dashboard\DrilldownDrawer.tsx","04_Frontend_App","Frontend App: PlantProcess.Web Core Source","Frontend Component",".tsx","64","1735","1.69","6/3/2026 11:22:44 AM"
"Frontend\PlantProcess.Web\src\components\dashboard\EmptyInsightState.tsx","04_Frontend_App","Frontend App: PlantProcess.Web Core Source","Frontend Component",".tsx","17","437","0.43","5/12/2026 9:49:00 AM"
"Frontend\PlantProcess.Web\src\components\dashboard\SavedDashboardWidget.tsx","04_Frontend_App","Frontend App: PlantProcess.Web Core Source","Frontend Component",".tsx","210","6199","6.05","6/10/2026 3:44:34 PM"
"Frontend\PlantProcess.Web\src\components\dashboard\SelectionBreadcrumb.tsx","04_Frontend_App","Frontend App: PlantProcess.Web Core Source","Frontend Component",".tsx","68","2236","2.18","6/3/2026 11:22:44 AM"
"Frontend\PlantProcess.Web\src\components\dashboard\widget-builder\content\WidgetBuilderWizardContent.data-steps.tsx","04_Frontend_App","Frontend App: PlantProcess.Web Core Source","Frontend Component",".tsx","234","7073","6.91","6/10/2026 3:44:34 PM"
"Frontend\PlantProcess.Web\src\components\dashboard\widget-builder\content\WidgetBuilderWizardContent.filter-step.tsx","04_Frontend_App","Frontend App: PlantProcess.Web Core Source","Frontend Component",".tsx","262","8111","7.92","6/10/2026 3:44:34 PM"
"Frontend\PlantProcess.Web\src\components\dashboard\widget-builder\content\WidgetBuilderWizardContent.helpers.ts","04_Frontend_App","Frontend App: PlantProcess.Web Core Source","Frontend Component",".ts","222","5167","5.05","6/9/2026 9:24:21 AM"
"Frontend\PlantProcess.Web\src\components\dashboard\widget-builder\content\WidgetBuilderWizardContent.model.ts","04_Frontend_App","Frontend App: PlantProcess.Web Core Source","Frontend Component",".ts","601","17074","16.67","6/7/2026 10:17:57 PM"
"Frontend\PlantProcess.Web\src\components\dashboard\widget-builder\content\WidgetBuilderWizardContent.orchestrator.tsx","04_Frontend_App","Frontend App: PlantProcess.Web Core Source","Frontend Component",".tsx","11","552","0.54","6/9/2026 9:24:21 AM"
"Frontend\PlantProcess.Web\src\components\dashboard\widget-builder\content\WidgetBuilderWizardContent.preview-steps.tsx","04_Frontend_App","Frontend App: PlantProcess.Web Core Source","Frontend Component",".tsx","268","7898","7.71","6/10/2026 3:44:34 PM"
"Frontend\PlantProcess.Web\src\components\dashboard\widget-builder\content\WidgetBuilderWizardContent.types.ts","04_Frontend_App","Frontend App: PlantProcess.Web Core Source","Frontend Component",".ts","45","1117","1.09","6/6/2026 1:56:35 PM"
"Frontend\PlantProcess.Web\src\components\dashboard\widget-builder\content\WidgetBuilderWizardContent.view.tsx","04_Frontend_App","Frontend App: PlantProcess.Web Core Source","Frontend Component",".tsx","309","9933","9.7","6/9/2026 11:05:49 AM"
"Frontend\PlantProcess.Web\src\components\dashboard\widget-builder\WidgetBuilderWizard.implementation.tsx","04_Frontend_App","Frontend App: PlantProcess.Web Core Source","Frontend Component",".tsx","12","377","0.37","6/10/2026 11:41:18 AM"
"Frontend\PlantProcess.Web\src\components\dashboard\widget-builder\WidgetBuilderWizard.tsx","04_Frontend_App","Frontend App: PlantProcess.Web Core Source","Frontend Component",".tsx","2","120","0.12","6/10/2026 11:51:12 AM"
"Frontend\PlantProcess.Web\src\components\dashboard\widget-builder\WidgetBuilderWizardContent.implementation.tsx","04_Frontend_App","Frontend App: PlantProcess.Web Core Source","Frontend Component",".tsx","2","196","0.19","6/10/2026 11:41:18 AM"
"Frontend\PlantProcess.Web\src\components\dashboard\widget-builder\WidgetBuilderWizardContent.tsx","04_Frontend_App","Frontend App: PlantProcess.Web Core Source","Frontend Component",".tsx","2","134","0.13","6/10/2026 11:51:12 AM"
"Frontend\PlantProcess.Web\src\components\dashboard\widget-builder\WidgetScriptBuilderPanel.tsx","04_Frontend_App","Frontend App: PlantProcess.Web Core Source","Frontend Component",".tsx","153","6992","6.83","6/10/2026 3:44:34 PM"
"Frontend\PlantProcess.Web\src\components\dashboard\widget-builder\WidgetScriptStep.tsx","04_Frontend_App","Frontend App: PlantProcess.Web Core Source","Frontend Component",".tsx","177","5161","5.04","6/10/2026 3:44:34 PM"
"Frontend\PlantProcess.Web\src\components\DashboardFilterBar.css","04_Frontend_App","Frontend App: PlantProcess.Web Core Source","Frontend Component",".css","234","5835","5.7","6/6/2026 1:44:11 PM"
"Frontend\PlantProcess.Web\src\components\DashboardFilterBar.tsx","04_Frontend_App","Frontend App: PlantProcess.Web Core Source","Frontend Component",".tsx","341","11634","11.36","6/10/2026 3:44:34 PM"
"Frontend\PlantProcess.Web\src\components\demo\demo-environment-banner.css","04_Frontend_App","Frontend App: PlantProcess.Web Core Source","Frontend Component",".css","24","572","0.56","5/21/2026 3:29:32 PM"
"Frontend\PlantProcess.Web\src\components\demo\DemoEnvironmentBanner.tsx","04_Frontend_App","Frontend App: PlantProcess.Web Core Source","Frontend Component",".tsx","20","651","0.64","6/6/2026 12:09:32 PM"
"Frontend\PlantProcess.Web\src\components\demo\demo-lifecycle-kpi-strip.css","04_Frontend_App","Frontend App: PlantProcess.Web Core Source","Frontend Component",".css","39","888","0.87","5/21/2026 3:45:34 PM"
"Frontend\PlantProcess.Web\src\components\demo\DemoLifecycleKpiStrip.tsx","04_Frontend_App","Frontend App: PlantProcess.Web Core Source","Frontend Component",".tsx","40","1437","1.4","5/21/2026 3:45:22 PM"
"Frontend\PlantProcess.Web\src\components\demo\DemoModeControl.tsx","04_Frontend_App","Frontend App: PlantProcess.Web Core Source","Frontend Component",".tsx","47","1442","1.41","6/10/2026 3:44:34 PM"
"Frontend\PlantProcess.Web\src\components\demo\demo-readiness-panel.css","04_Frontend_App","Frontend App: PlantProcess.Web Core Source","Frontend Component",".css","10","840","0.82","6/15/2026 11:44:12 AM"
"Frontend\PlantProcess.Web\src\components\demo\DemoReadinessPanel.tsx","04_Frontend_App","Frontend App: PlantProcess.Web Core Source","Frontend Component",".tsx","63","2734","2.67","6/15/2026 11:44:12 AM"
"Frontend\PlantProcess.Web\src\components\demo\dimension-completion-panel.css","04_Frontend_App","Frontend App: PlantProcess.Web Core Source","Frontend Component",".css","184","3753","3.67","6/6/2026 1:44:11 PM"
"Frontend\PlantProcess.Web\src\components\demo\DimensionCompletionPanel.tsx","04_Frontend_App","Frontend App: PlantProcess.Web Core Source","Frontend Component",".tsx","112","3894","3.8","5/21/2026 3:40:58 PM"
"Frontend\PlantProcess.Web\src\components\demo\LockedFeatureOverlay.tsx","04_Frontend_App","Frontend App: PlantProcess.Web Core Source","Frontend Component",".tsx","37","967","0.94","5/21/2026 1:09:57 PM"
"Frontend\PlantProcess.Web\src\components\ErrorBoundary.css","04_Frontend_App","Frontend App: PlantProcess.Web Core Source","Frontend Component",".css","91","1852","1.81","5/22/2026 11:12:56 PM"
"Frontend\PlantProcess.Web\src\components\exec\EntitlementGate.tsx","04_Frontend_App","Frontend App: PlantProcess.Web Core Source","Frontend Component",".tsx","55","1884","1.84","6/13/2026 6:28:13 PM"
"Frontend\PlantProcess.Web\src\components\exec\ValueRangePanel.tsx","04_Frontend_App","Frontend App: PlantProcess.Web Core Source","Frontend Component",".tsx","84","4259","4.16","6/13/2026 6:51:44 PM"
"Frontend\PlantProcess.Web\src\components\forms\InlineFieldError.css","04_Frontend_App","Frontend App: PlantProcess.Web Core Source","Frontend Component",".css","18","375","0.37","5/24/2026 3:01:31 PM"
"Frontend\PlantProcess.Web\src\components\forms\InlineFieldError.tsx","04_Frontend_App","Frontend App: PlantProcess.Web Core Source","Frontend Component",".tsx","14","289","0.28","5/24/2026 3:01:00 PM"
"Frontend\PlantProcess.Web\src\components\inspection\index.ts","04_Frontend_App","Frontend App: PlantProcess.Web Core Source","Frontend Component",".ts","1","40","0.04","5/25/2026 1:57:42 PM"
"Frontend\PlantProcess.Web\src\components\inspection\OperationProgressPanel.css","04_Frontend_App","Frontend App: PlantProcess.Web Core Source","Frontend Component",".css","49","986","0.96","6/3/2026 4:46:31 PM"
"Frontend\PlantProcess.Web\src\components\inspection\OperationProgressPanel.tsx","04_Frontend_App","Frontend App: PlantProcess.Web Core Source","Frontend Component",".tsx","157","5003","4.89","6/10/2026 3:51:47 PM"
"Frontend\PlantProcess.Web\src\components\inspection\SaveInspectionJobModal.tsx","04_Frontend_App","Frontend App: PlantProcess.Web Core Source","Frontend Component",".tsx","98","3506","3.42","6/10/2026 3:44:34 PM"
"Frontend\PlantProcess.Web\src\components\layout\index.ts","04_Frontend_App","Frontend App: PlantProcess.Web Core Source","Frontend Component",".ts","1","27","0.03","5/25/2026 1:12:42 PM"
"Frontend\PlantProcess.Web\src\components\layout\page-grid.css","04_Frontend_App","Frontend App: PlantProcess.Web Core Source","Frontend Component",".css","116","2296","2.24","5/25/2026 1:12:57 PM"
"Frontend\PlantProcess.Web\src\components\layout\PageGrid.tsx","04_Frontend_App","Frontend App: PlantProcess.Web Core Source","Frontend Component",".tsx","55","1176","1.15","5/25/2026 1:12:22 PM"
"Frontend\PlantProcess.Web\src\components\license\ConnectorTruthPanel.tsx","04_Frontend_App","Frontend App: PlantProcess.Web Core Source","Frontend Component",".tsx","118","3705","3.62","5/21/2026 3:28:59 PM"
"Frontend\PlantProcess.Web\src\components\license\FeatureGateHint.tsx","04_Frontend_App","Frontend App: PlantProcess.Web Core Source","Frontend Component",".tsx","33","850","0.83","5/21/2026 2:58:17 PM"
"Frontend\PlantProcess.Web\src\components\license\LicenseBadge.tsx","04_Frontend_App","Frontend App: PlantProcess.Web Core Source","Frontend Component",".tsx","30","737","0.72","5/21/2026 2:57:59 PM"
"Frontend\PlantProcess.Web\src\components\license\license-components.css","04_Frontend_App","Frontend App: PlantProcess.Web Core Source","Frontend Component",".css","249","4938","4.82","6/6/2026 1:44:11 PM"
"Frontend\PlantProcess.Web\src\components\license\LicenseGate.tsx","04_Frontend_App","Frontend App: PlantProcess.Web Core Source","Frontend Component",".tsx","88","2182","2.13","6/1/2026 3:00:30 PM"
"Frontend\PlantProcess.Web\src\components\license\LicenseUsagePanel.tsx","04_Frontend_App","Frontend App: PlantProcess.Web Core Source","Frontend Component",".tsx","163","4417","4.31","6/3/2026 11:22:44 AM"
"Frontend\PlantProcess.Web\src\components\materials\GenealogyThreadPanel.tsx","04_Frontend_App","Frontend App: PlantProcess.Web Core Source","Frontend Component",".tsx","232","9705","9.48","6/10/2026 3:44:34 PM"
"Frontend\PlantProcess.Web\src\components\MetricCard.tsx","04_Frontend_App","Frontend App: PlantProcess.Web Core Source","Frontend Component",".tsx","21","525","0.51","5/11/2026 4:30:40 PM"
"Frontend\PlantProcess.Web\src\components\ops\JobsMonitorTable.tsx","04_Frontend_App","Frontend App: PlantProcess.Web Core Source","Frontend Component",".tsx","80","3147","3.07","6/13/2026 6:51:45 PM"
"Frontend\PlantProcess.Web\src\components\provenance\BlendedProvenanceBreakdown.tsx","04_Frontend_App","Frontend App: PlantProcess.Web Core Source","Frontend Component",".tsx","45","1373","1.34","6/10/2026 3:44:34 PM"
"Frontend\PlantProcess.Web\src\components\skeletons\LoadingSkeletonSet.tsx","04_Frontend_App","Frontend App: PlantProcess.Web Core Source","Frontend Component",".tsx","81","2123","2.07","6/10/2026 3:44:34 PM"
"Frontend\PlantProcess.Web\src\components\skeletons\Skeleton.css","04_Frontend_App","Frontend App: PlantProcess.Web Core Source","Frontend Component",".css","269","5500","5.37","5/25/2026 1:13:42 PM"
"Frontend\PlantProcess.Web\src\components\skeletons\Skeleton.tsx","04_Frontend_App","Frontend App: PlantProcess.Web Core Source","Frontend Component",".tsx","158","5170","5.05","6/10/2026 3:44:35 PM"
"Frontend\PlantProcess.Web\src\components\SortableDataTable.tsx","04_Frontend_App","Frontend App: PlantProcess.Web Core Source","Frontend Component",".tsx","114","3399","3.32","6/13/2026 12:26:41 AM"
"Frontend\PlantProcess.Web\src\components\standard\__tests__\__snapshots__\StandardButton.test.tsx.snap","04_Frontend_App","Frontend App: PlantProcess.Web Core Source","Frontend Component",".snap","91","14330","13.99","6/13/2026 12:26:46 AM"
"Frontend\PlantProcess.Web\src\components\standard\__tests__\abstainPopulation.test.tsx","04_Frontend_App","Frontend App: PlantProcess.Web Core Source","Frontend Component",".tsx","29","1548","1.51","6/13/2026 4:53:32 PM"
"Frontend\PlantProcess.Web\src\components\standard\__tests__\AnalysisHonestyBar.test.tsx","04_Frontend_App","Frontend App: PlantProcess.Web Core Source","Frontend Component",".tsx","22","1027","1","6/14/2026 10:50:23 PM"
"Frontend\PlantProcess.Web\src\components\standard\__tests__\DataFetchBoundary.t07-contract.test.tsx","04_Frontend_App","Frontend App: PlantProcess.Web Core Source","Frontend Component",".tsx","26","997","0.97","6/13/2026 12:49:21 AM"
"Frontend\PlantProcess.Web\src\components\standard\__tests__\DataFetchBoundary.test.tsx","04_Frontend_App","Frontend App: PlantProcess.Web Core Source","Frontend Component",".tsx","80","2615","2.55","6/9/2026 11:50:01 PM"
"Frontend\PlantProcess.Web\src\components\standard\__tests__\P2Close.dataFetchBoundaryFaults.test.tsx","04_Frontend_App","Frontend App: PlantProcess.Web Core Source","Frontend Component",".tsx","52","1894","1.85","6/15/2026 9:45:38 AM"
"Frontend\PlantProcess.Web\src\components\standard\__tests__\P2Close.errorBoundaryContainment.test.tsx","04_Frontend_App","Frontend App: PlantProcess.Web Core Source","Frontend Component",".tsx","48","1395","1.36","6/15/2026 10:00:21 AM"
"Frontend\PlantProcess.Web\src\components\standard\__tests__\P2Close.errorBoundaryContainment.test.tsx.backup_20260615_100021","04_Frontend_App","Frontend App: PlantProcess.Web Core Source","Frontend Component",".backup_20260615_100021","39","1304","1.27","6/15/2026 9:45:38 AM"
"Frontend\PlantProcess.Web\src\components\standard\__tests__\StandardButton.test.tsx","04_Frontend_App","Frontend App: PlantProcess.Web Core Source","Frontend Component",".tsx","64","1738","1.7","6/3/2026 11:27:04 AM"
"Frontend\PlantProcess.Web\src\components\standard\__tests__\StandardTable.test.tsx","04_Frontend_App","Frontend App: PlantProcess.Web Core Source","Frontend Component",".tsx","52","1522","1.49","5/30/2026 10:16:06 AM"
"Frontend\PlantProcess.Web\src\components\standard\__tests__\StandardTabs.test.tsx","04_Frontend_App","Frontend App: PlantProcess.Web Core Source","Frontend Component",".tsx","41","1123","1.1","5/30/2026 10:16:06 AM"
"Frontend\PlantProcess.Web\src\components\standard\AbstainPanel.tsx","04_Frontend_App","Frontend App: PlantProcess.Web Core Source","Frontend Component",".tsx","30","1270","1.24","6/13/2026 4:53:32 PM"
"Frontend\PlantProcess.Web\src\components\standard\abstain-population.css","04_Frontend_App","Frontend App: PlantProcess.Web Core Source","Frontend Component",".css","24","759","0.74","6/13/2026 4:53:32 PM"
"Frontend\PlantProcess.Web\src\components\standard\AnalysisHonestyBar.tsx","04_Frontend_App","Frontend App: PlantProcess.Web Core Source","Frontend Component",".tsx","39","1456","1.42","6/14/2026 10:50:23 PM"
"Frontend\PlantProcess.Web\src\components\standard\DataFetchBoundary.tsx","04_Frontend_App","Frontend App: PlantProcess.Web Core Source","Frontend Component",".tsx","115","3236","3.16","5/30/2026 10:42:38 AM"
"Frontend\PlantProcess.Web\src\components\standard\DesignTokens.stories.tsx","04_Frontend_App","Frontend App: PlantProcess.Web Core Source","Frontend Component",".tsx","50","1479","1.44","5/30/2026 10:16:06 AM"
"Frontend\PlantProcess.Web\src\components\standard\DoDont.stories.tsx","04_Frontend_App","Frontend App: PlantProcess.Web Core Source","Frontend Component",".tsx","41","1554","1.52","5/30/2026 10:16:06 AM"
"Frontend\PlantProcess.Web\src\components\standard\ErrorBoundary.tsx","04_Frontend_App","Frontend App: PlantProcess.Web Core Source","Frontend Component",".tsx","147","4745","4.63","5/31/2026 2:16:25 PM"
"Frontend\PlantProcess.Web\src\components\standard\index.ts","04_Frontend_App","Frontend App: PlantProcess.Web Core Source","Frontend Component",".ts","12","555","0.54","6/14/2026 10:50:24 PM"
"Frontend\PlantProcess.Web\src\components\standard\Onboarding.stories.tsx","04_Frontend_App","Frontend App: PlantProcess.Web Core Source","Frontend Component",".tsx","41","1480","1.45","6/3/2026 4:46:31 PM"
"Frontend\PlantProcess.Web\src\components\standard\PopulationBadge.tsx","04_Frontend_App","Frontend App: PlantProcess.Web Core Source","Frontend Component",".tsx","23","741","0.72","6/13/2026 4:53:32 PM"
"Frontend\PlantProcess.Web\src\components\standard\StandardButton.stories.tsx","04_Frontend_App","Frontend App: PlantProcess.Web Core Source","Frontend Component",".tsx","66","2172","2.12","6/3/2026 11:27:04 AM"
"Frontend\PlantProcess.Web\src\components\standard\StandardButton.tsx","04_Frontend_App","Frontend App: PlantProcess.Web Core Source","Frontend Component",".tsx","188","4971","4.85","6/13/2026 12:33:14 AM"
"Frontend\PlantProcess.Web\src\components\standard\standard-components.css","04_Frontend_App","Frontend App: PlantProcess.Web Core Source","Frontend Component",".css","1139","24410","23.84","6/10/2026 4:41:49 PM"
"Frontend\PlantProcess.Web\src\components\standard\StandardDataTable.tsx","04_Frontend_App","Frontend App: PlantProcess.Web Core Source","Frontend Component",".tsx","259","7663","7.48","6/10/2026 4:32:41 PM"
"Frontend\PlantProcess.Web\src\components\standard\StandardFields.stories.tsx","04_Frontend_App","Frontend App: PlantProcess.Web Core Source","Frontend Component",".tsx","79","2633","2.57","5/30/2026 10:16:06 AM"
"Frontend\PlantProcess.Web\src\components\standard\StandardFields.tsx","04_Frontend_App","Frontend App: PlantProcess.Web Core Source","Frontend Component",".tsx","372","10390","10.15","6/10/2026 4:49:57 PM"
"Frontend\PlantProcess.Web\src\components\standard\standard-p2-controls.css","04_Frontend_App","Frontend App: PlantProcess.Web Core Source","Frontend Component",".css","112","2491","2.43","6/10/2026 3:44:34 PM"
"Frontend\PlantProcess.Web\src\components\standard\StandardP2Controls.tsx","04_Frontend_App","Frontend App: PlantProcess.Web Core Source","Frontend Component",".tsx","82","1953","1.91","6/10/2026 3:44:34 PM"
"Frontend\PlantProcess.Web\src\components\standard\StandardPageCompat.tsx","04_Frontend_App","Frontend App: PlantProcess.Web Core Source","Frontend Component",".tsx","89","2516","2.46","5/31/2026 11:30:39 AM"
"Frontend\PlantProcess.Web\src\components\standard\StandardSurface.stories.tsx","04_Frontend_App","Frontend App: PlantProcess.Web Core Source","Frontend Component",".tsx","75","3232","3.16","5/30/2026 10:16:06 AM"
"Frontend\PlantProcess.Web\src\components\standard\StandardSurface.tsx","04_Frontend_App","Frontend App: PlantProcess.Web Core Source","Frontend Component",".tsx","283","8336","8.14","6/3/2026 11:27:04 AM"
"Frontend\PlantProcess.Web\src\components\standard\StandardTable.implementation.tsx","04_Frontend_App","Frontend App: PlantProcess.Web Core Source","Frontend Component",".tsx","486","16954","16.56","6/10/2026 11:41:18 AM"
"Frontend\PlantProcess.Web\src\components\standard\StandardTable.stories.tsx","04_Frontend_App","Frontend App: PlantProcess.Web Core Source","Frontend Component",".tsx","94","2692","2.63","5/30/2026 10:16:06 AM"
"Frontend\PlantProcess.Web\src\components\standard\StandardTable.tsx","04_Frontend_App","Frontend App: PlantProcess.Web Core Source","Frontend Component",".tsx","1","49","0.05","6/10/2026 11:51:12 AM"
"Frontend\PlantProcess.Web\src\components\standard\StandardTabs.stories.tsx","04_Frontend_App","Frontend App: PlantProcess.Web Core Source","Frontend Component",".tsx","45","1867","1.82","5/30/2026 10:16:06 AM"
"Frontend\PlantProcess.Web\src\components\standard\StandardTabs.tsx","04_Frontend_App","Frontend App: PlantProcess.Web Core Source","Frontend Component",".tsx","292","8378","8.18","6/10/2026 4:46:00 PM"
"Frontend\PlantProcess.Web\src\components\standard\tokens.ts","04_Frontend_App","Frontend App: PlantProcess.Web Core Source","Frontend Component",".ts","49","1146","1.12","6/6/2026 1:44:11 PM"
"Frontend\PlantProcess.Web\src\components\StateRenderer.tsx","04_Frontend_App","Frontend App: PlantProcess.Web Core Source","Frontend Component",".tsx","125","5511","5.38","6/3/2026 11:22:44 AM"
"Frontend\PlantProcess.Web\src\components\StatusBadge.tsx","04_Frontend_App","Frontend App: PlantProcess.Web Core Source","Frontend Component",".tsx","20","617","0.6","5/11/2026 4:30:48 PM"
"Frontend\PlantProcess.Web\src\components\suggestions\SuggestionCardsPanel.tsx","04_Frontend_App","Frontend App: PlantProcess.Web Core Source","Frontend Component",".tsx","110","4081","3.99","6/10/2026 3:44:35 PM"
"Frontend\PlantProcess.Web\src\components\table\index.ts","04_Frontend_App","Frontend App: PlantProcess.Web Core Source","Frontend Component",".ts","1","53","0.05","5/30/2026 10:53:07 AM"
"Frontend\PlantProcess.Web\src\components\table\standard-table.css","04_Frontend_App","Frontend App: PlantProcess.Web Core Source","Frontend Component",".css","78","1543","1.51","5/25/2026 1:11:36 PM"
"Frontend\PlantProcess.Web\src\components\value\ValueImpactCard.tsx","04_Frontend_App","Frontend App: PlantProcess.Web Core Source","Frontend Component",".tsx","105","3320","3.24","6/10/2026 3:44:35 PM"
"Frontend\PlantProcess.Web\src\demo\plantProcessDemoScenario.implementation.ts","04_Frontend_App","Frontend App: PlantProcess.Web Core Source","Frontend Source",".ts","899","25175","24.58","6/10/2026 11:41:18 AM"
"Frontend\PlantProcess.Web\src\demo\plantProcessDemoScenario.ts","04_Frontend_App","Frontend App: PlantProcess.Web Core Source","Frontend Source",".ts","1","60","0.06","6/10/2026 11:51:12 AM"
"Frontend\PlantProcess.Web\src\design-system\phase56\phase56Tokens.ts","04_Frontend_App","Frontend App: PlantProcess.Web Core Source","Frontend Source",".ts","33","856","0.84","6/6/2026 11:18:29 AM"
"Frontend\PlantProcess.Web\src\hardening\actionMatrix.ts","04_Frontend_App","Frontend App: PlantProcess.Web Core Source","Frontend Source",".ts","75","2342","2.29","6/3/2026 4:49:00 PM"
"Frontend\PlantProcess.Web\src\hardening\routeContracts.ts","04_Frontend_App","Frontend App: PlantProcess.Web Core Source","Frontend Source",".ts","89","2405","2.35","6/3/2026 4:49:00 PM"
"Frontend\PlantProcess.Web\src\hooks\__tests__\useInlineFormValidation.test.tsx","04_Frontend_App","Frontend App: PlantProcess.Web Core Source","Frontend Source",".tsx","47","1215","1.19","5/24/2026 2:45:32 PM"
"Frontend\PlantProcess.Web\src\hooks\useApiResource.ts","04_Frontend_App","Frontend App: PlantProcess.Web Core Source","Frontend Source",".ts","32","1082","1.06","6/2/2026 2:02:33 PM"
"Frontend\PlantProcess.Web\src\hooks\useCustomerSafeAction.ts","04_Frontend_App","Frontend App: PlantProcess.Web Core Source","Frontend Source",".ts","66","1686","1.65","5/25/2026 12:20:44 PM"
"Frontend\PlantProcess.Web\src\hooks\useDashboardLayoutPersistence.ts","04_Frontend_App","Frontend App: PlantProcess.Web Core Source","Frontend Source",".ts","91","2659","2.6","5/30/2026 3:12:01 PM"
"Frontend\PlantProcess.Web\src\hooks\useInlineFormValidation.ts","04_Frontend_App","Frontend App: PlantProcess.Web Core Source","Frontend Source",".ts","94","2639","2.58","5/24/2026 3:00:36 PM"
"Frontend\PlantProcess.Web\src\hooks\useLatestOnlyPolling.ts","04_Frontend_App","Frontend App: PlantProcess.Web Core Source","Frontend Source",".ts","104","2680","2.62","5/24/2026 3:22:51 PM"
"Frontend\PlantProcess.Web\src\hooks\useOptimisticSave.ts","04_Frontend_App","Frontend App: PlantProcess.Web Core Source","Frontend Source",".ts","104","3390","3.31","5/30/2026 10:45:12 AM"
"Frontend\PlantProcess.Web\src\i18n\p3T17CostAssumptionI18n.test.ts","04_Frontend_App","Frontend App: PlantProcess.Web Core Source","Frontend Source",".ts","55","2312","2.26","6/10/2026 2:21:37 PM"
"Frontend\PlantProcess.Web\src\i18n\p3T17CostAssumptionI18n.ts","04_Frontend_App","Frontend App: PlantProcess.Web Core Source","Frontend Source",".ts","163","4661","4.55","6/10/2026 2:21:36 PM"
"Frontend\PlantProcess.Web\src\i18n\phase78\phase78I18n.ts","04_Frontend_App","Frontend App: PlantProcess.Web Core Source","Frontend Source",".ts","82","3424","3.34","6/6/2026 11:48:56 AM"
"Frontend\PlantProcess.Web\src\i18n\phase78\phase78I18nRuntime.ts","04_Frontend_App","Frontend App: PlantProcess.Web Core Source","Frontend Source",".ts","74","3161","3.09","6/6/2026 11:48:56 AM"
"Frontend\PlantProcess.Web\src\i18n\v5I18n.tsx","04_Frontend_App","Frontend App: PlantProcess.Web Core Source","Frontend Source",".tsx","104","4031","3.94","6/7/2026 10:29:13 PM"
"Frontend\PlantProcess.Web\src\index.css","04_Frontend_App","Frontend App: PlantProcess.Web Core Source","Frontend Source",".css","8","356","0.35","5/25/2026 1:13:08 PM"
"Frontend\PlantProcess.Web\src\license\phase10License.test.ts","04_Frontend_App","Frontend App: PlantProcess.Web Core Source","Frontend Source",".ts","50","1963","1.92","6/9/2026 4:09:35 PM"
"Frontend\PlantProcess.Web\src\license\phase10License.ts","04_Frontend_App","Frontend App: PlantProcess.Web Core Source","Frontend Source",".ts","117","3886","3.79","6/9/2026 4:09:34 PM"
"Frontend\PlantProcess.Web\src\main.tsx","04_Frontend_App","Frontend App: PlantProcess.Web Core Source","Frontend Source",".tsx","20","706","0.69","6/6/2026 11:48:56 AM"
"Frontend\PlantProcess.Web\src\notifications\AppToastHost.tsx","04_Frontend_App","Frontend App: PlantProcess.Web Core Source","Frontend Source",".tsx","27","670","0.65","5/25/2026 3:30:13 PM"
"Frontend\PlantProcess.Web\src\notifications\toast.ts","04_Frontend_App","Frontend App: PlantProcess.Web Core Source","Frontend Source",".ts","101","3045","2.97","5/22/2026 11:12:56 PM"
"Frontend\PlantProcess.Web\src\notifications\Toaster.tsx","04_Frontend_App","Frontend App: PlantProcess.Web Core Source","Frontend Source",".tsx","50","1346","1.31","5/22/2026 11:12:56 PM"
"Frontend\PlantProcess.Web\src\notifications\ToastRoot.tsx","04_Frontend_App","Frontend App: PlantProcess.Web Core Source","Frontend Source",".tsx","19","396","0.39","5/25/2026 11:54:32 AM"
"Frontend\PlantProcess.Web\src\pages\Acquisition\__tests__\EdgeCollectorManagementPage.test.tsx","04_Frontend_App","Frontend App: PlantProcess.Web Core Source","Frontend Page",".tsx","14","717","0.7","6/4/2026 9:28:58 AM"
"Frontend\PlantProcess.Web\src\pages\Acquisition\EdgeCollectorManagementPage.tsx","04_Frontend_App","Frontend App: PlantProcess.Web Core Source","Frontend Page",".tsx","99","3180","3.11","6/10/2026 4:23:02 PM"
"Frontend\PlantProcess.Web\src\pages\Admin\AdminDbConfigurationTab.tsx","04_Frontend_App","Frontend App: PlantProcess.Web Core Source","Frontend Page",".tsx","1126","45460","44.39","6/13/2026 7:18:14 PM"
"Frontend\PlantProcess.Web\src\pages\Admin\AdminImportingDataTab.tsx","04_Frontend_App","Frontend App: PlantProcess.Web Core Source","Frontend Page",".tsx","229","8026","7.84","6/3/2026 4:36:45 PM"
"Frontend\PlantProcess.Web\src\pages\Admin\AdminJobsMonitorTab.tsx","04_Frontend_App","Frontend App: PlantProcess.Web Core Source","Frontend Page",".tsx","350","13593","13.27","6/3/2026 4:36:45 PM"
"Frontend\PlantProcess.Web\src\pages\Admin\AdminPage.tsx","04_Frontend_App","Frontend App: PlantProcess.Web Core Source","Frontend Page",".tsx","5","127","0.12","5/19/2026 12:19:15 AM"
"Frontend\PlantProcess.Web\src\pages\Admin\AdminPageContent.tsx","04_Frontend_App","Frontend App: PlantProcess.Web Core Source","Frontend Page",".tsx","5","153","0.15","6/13/2026 4:24:56 PM"
"Frontend\PlantProcess.Web\src\pages\Admin\AdminSchemaConfigurationTab.implementation.generated.tsx","04_Frontend_App","Frontend App: PlantProcess.Web Core Source","Frontend Page",".tsx","955","37293","36.42","6/10/2026 3:44:35 PM"
"Frontend\PlantProcess.Web\src\pages\Admin\AdminSchemaConfigurationTab.implementation.tsx","04_Frontend_App","Frontend App: PlantProcess.Web Core Source","Frontend Page",".tsx","5","241","0.24","6/10/2026 11:51:12 AM"
"Frontend\PlantProcess.Web\src\pages\Admin\AdminSchemaConfigurationTab.tsx","04_Frontend_App","Frontend App: PlantProcess.Web Core Source","Frontend Page",".tsx","2","141","0.14","6/10/2026 11:51:12 AM"
"Frontend\PlantProcess.Web\src\pages\Admin\AdminSharedComponents.tsx","04_Frontend_App","Frontend App: PlantProcess.Web Core Source","Frontend Page",".tsx","162","5596","5.46","6/3/2026 4:27:41 PM"
"Frontend\PlantProcess.Web\src\pages\Admin\CanonicalSchemaMappingPanel.implementation.tsx","04_Frontend_App","Frontend App: PlantProcess.Web Core Source","Frontend Page",".tsx","514","18042","17.62","6/10/2026 11:41:18 AM"
"Frontend\PlantProcess.Web\src\pages\Admin\CanonicalSchemaMappingPanel.tsx","04_Frontend_App","Frontend App: PlantProcess.Web Core Source","Frontend Page",".tsx","1","63","0.06","6/10/2026 11:51:12 AM"
"Frontend\PlantProcess.Web\src\pages\Admin\TwoStageImportMonitorPanel.implementation.tsx","04_Frontend_App","Frontend App: PlantProcess.Web Core Source","Frontend Page",".tsx","376","12808","12.51","6/10/2026 11:41:18 AM"
"Frontend\PlantProcess.Web\src\pages\Admin\TwoStageImportMonitorPanel.tsx","04_Frontend_App","Frontend App: PlantProcess.Web Core Source","Frontend Page",".tsx","1","62","0.06","6/10/2026 11:51:12 AM"
"Frontend\PlantProcess.Web\src\pages\AdminPreview\AdminPreviewWorkspacePage.tsx","04_Frontend_App","Frontend App: PlantProcess.Web Core Source","Frontend Page",".tsx","5","194","0.19","6/3/2026 4:46:31 PM"
"Frontend\PlantProcess.Web\src\pages\Analytics\__tests__\AdvancedAnalysisPage.test.tsx","04_Frontend_App","Frontend App: PlantProcess.Web Core Source","Frontend Page",".tsx","134","4356","4.25","6/8/2026 4:08:23 PM"
"Frontend\PlantProcess.Web\src\pages\Analytics\AdvancedAnalysisPage.tsx","04_Frontend_App","Frontend App: PlantProcess.Web Core Source","Frontend Page",".tsx","214","7994","7.81","6/14/2026 10:50:26 PM"
"Frontend\PlantProcess.Web\src\pages\Analytics\advancedReadinessGateView.test.ts","04_Frontend_App","Frontend App: PlantProcess.Web Core Source","Frontend Page",".ts","29","1247","1.22","6/8/2026 8:27:15 AM"
"Frontend\PlantProcess.Web\src\pages\Analytics\advancedReadinessGateView.ts","04_Frontend_App","Frontend App: PlantProcess.Web Core Source","Frontend Page",".ts","51","1616","1.58","6/8/2026 8:27:15 AM"
"Frontend\PlantProcess.Web\src\pages\Analytics\AnalyticsWidgetsPage.tsx","04_Frontend_App","Frontend App: PlantProcess.Web Core Source","Frontend Page",".tsx","36","1307","1.28","6/10/2026 3:44:35 PM"
"Frontend\PlantProcess.Web\src\pages\Analytics\InspectionJobsPage.tsx","04_Frontend_App","Frontend App: PlantProcess.Web Core Source","Frontend Page",".tsx","88","5351","5.23","6/10/2026 4:26:18 PM"
"Frontend\PlantProcess.Web\src\pages\Assistant\__tests__\GroundedAssistantPage.test.tsx","04_Frontend_App","Frontend App: PlantProcess.Web Core Source","Frontend Page",".tsx","13","564","0.55","6/4/2026 9:23:03 AM"
"Frontend\PlantProcess.Web\src\pages\Assistant\GroundedAssistantPage.tsx","04_Frontend_App","Frontend App: PlantProcess.Web Core Source","Frontend Page",".tsx","129","3896","3.8","6/10/2026 4:23:02 PM"
"Frontend\PlantProcess.Web\src\pages\BrandIdentity\brand-identity.css","04_Frontend_App","Frontend App: PlantProcess.Web Core Source","Frontend Page",".css","185","3701","3.61","5/21/2026 4:47:18 PM"
"Frontend\PlantProcess.Web\src\pages\BrandIdentity\BrandIdentityPage.tsx","04_Frontend_App","Frontend App: PlantProcess.Web Core Source","Frontend Page",".tsx","5","188","0.18","6/3/2026 4:46:31 PM"
"Frontend\PlantProcess.Web\src\pages\CommercialLicense\CommercialLicensePage.tsx","04_Frontend_App","Frontend App: PlantProcess.Web Core Source","Frontend Page",".tsx","120","4176","4.08","5/21/2026 3:41:47 PM"
"Frontend\PlantProcess.Web\src\pages\Correlation\CorrelationPage.tsx","04_Frontend_App","Frontend App: PlantProcess.Web Core Source","Frontend Page",".tsx","5","182","0.18","6/3/2026 4:46:31 PM"
"Frontend\PlantProcess.Web\src\pages\Dashboard\DashboardPage.tsx","04_Frontend_App","Frontend App: PlantProcess.Web Core Source","Frontend Page",".tsx","5","143","0.14","5/19/2026 12:19:15 AM"
"Frontend\PlantProcess.Web\src\pages\Dashboard\DashboardPageContent.tsx","04_Frontend_App","Frontend App: PlantProcess.Web Core Source","Frontend Page",".tsx","5","197","0.19","6/3/2026 4:46:31 PM"
"Frontend\PlantProcess.Web\src\pages\Dashboard\p3t15-widget-schema-drift.css","04_Frontend_App","Frontend App: PlantProcess.Web Core Source","Frontend Page",".css","171","3290","3.21","6/10/2026 12:59:37 PM"
"Frontend\PlantProcess.Web\src\pages\Dashboard\p3t15WidgetSchemaDrift.test.ts","04_Frontend_App","Frontend App: PlantProcess.Web Core Source","Frontend Page",".ts","87","2962","2.89","6/10/2026 12:59:37 PM"
"Frontend\PlantProcess.Web\src\pages\Dashboard\P3T15WidgetSchemaDriftPage.tsx","04_Frontend_App","Frontend App: PlantProcess.Web Core Source","Frontend Page",".tsx","194","7280","7.11","6/10/2026 4:23:02 PM"
"Frontend\PlantProcess.Web\src\pages\DataQuality\DataQualityPage.tsx","04_Frontend_App","Frontend App: PlantProcess.Web Core Source","Frontend Page",".tsx","5","182","0.18","6/3/2026 4:46:31 PM"
"Frontend\PlantProcess.Web\src\pages\DynamicPage\dynamic-page.css","04_Frontend_App","Frontend App: PlantProcess.Web Core Source","Frontend Page",".css","120","2301","2.25","5/31/2026 4:48:53 PM"
"Frontend\PlantProcess.Web\src\pages\DynamicPage\DynamicPage.tsx","04_Frontend_App","Frontend App: PlantProcess.Web Core Source","Frontend Page",".tsx","189","5571","5.44","6/10/2026 3:44:35 PM"
"Frontend\PlantProcess.Web\src\pages\EdgeCollector\EdgeCollectorPage.tsx","04_Frontend_App","Frontend App: PlantProcess.Web Core Source","Frontend Page",".tsx","277","11163","10.9","6/10/2026 4:23:02 PM"
"Frontend\PlantProcess.Web\src\pages\HistorianConnector\HistorianConnectorPage.tsx","04_Frontend_App","Frontend App: PlantProcess.Web Core Source","Frontend Page",".tsx","290","10821","10.57","6/10/2026 4:23:02 PM"
"Frontend\PlantProcess.Web\src\pages\I18nRtlReadinessPage.tsx","04_Frontend_App","Frontend App: PlantProcess.Web Core Source","Frontend Page",".tsx","41","2628","2.57","6/10/2026 4:23:02 PM"
"Frontend\PlantProcess.Web\src\pages\MappingHealth\MappingHealthPage.tsx","04_Frontend_App","Frontend App: PlantProcess.Web Core Source","Frontend Page",".tsx","58","4996","4.88","6/10/2026 3:44:35 PM"
"Frontend\PlantProcess.Web\src\pages\MaterialAnalytics\MaterialAnalyticsPages.tsx","04_Frontend_App","Frontend App: PlantProcess.Web Core Source","Frontend Page",".tsx","1107","48566","47.43","6/14/2026 11:00:43 PM"
"Frontend\PlantProcess.Web\src\pages\MaterialAnalytics\productModule56-standard.css","04_Frontend_App","Frontend App: PlantProcess.Web Core Source","Frontend Page",".css","226","5358","5.23","6/10/2026 4:03:31 PM"
"Frontend\PlantProcess.Web\src\pages\MaterialInvestigation\MaterialInvestigationPage.tsx","04_Frontend_App","Frontend App: PlantProcess.Web Core Source","Frontend Page",".tsx","445","14935","14.58","6/10/2026 4:23:02 PM"
"Frontend\PlantProcess.Web\src\pages\MaterialInvestigation\p03p04-workbench.css","04_Frontend_App","Frontend App: PlantProcess.Web Core Source","Frontend Page",".css","265","4705","4.59","6/1/2026 4:48:44 PM"
"Frontend\PlantProcess.Web\src\pages\MaterialInvestigationPage.tsx","04_Frontend_App","Frontend App: PlantProcess.Web Core Source","Frontend Page",".tsx","14","603","0.59","6/10/2026 3:44:35 PM"
"Frontend\PlantProcess.Web\src\pages\MlReadiness\ml-readiness.css","04_Frontend_App","Frontend App: PlantProcess.Web Core Source","Frontend Page",".css","145","2912","2.84","6/6/2026 1:44:11 PM"
"Frontend\PlantProcess.Web\src\pages\MlReadiness\MlReadinessPage.tsx","04_Frontend_App","Frontend App: PlantProcess.Web Core Source","Frontend Page",".tsx","5","182","0.18","6/3/2026 4:46:31 PM"
"Frontend\PlantProcess.Web\src\pages\PageBuilder\__tests__\pageBuilderReducer.test.ts","04_Frontend_App","Frontend App: PlantProcess.Web Core Source","Frontend Page",".ts","139","3829","3.74","5/31/2026 2:48:04 PM"
"Frontend\PlantProcess.Web\src\pages\PageBuilder\page-builder.css","04_Frontend_App","Frontend App: PlantProcess.Web Core Source","Frontend Page",".css","106","1932","1.89","5/31/2026 4:02:43 PM"
"Frontend\PlantProcess.Web\src\pages\PageBuilder\PageBuilderPage.implementation.tsx","04_Frontend_App","Frontend App: PlantProcess.Web Core Source","Frontend Page",".tsx","435","13256","12.95","6/15/2026 11:44:12 AM"
"Frontend\PlantProcess.Web\src\pages\PageBuilder\PageBuilderPage.tsx","04_Frontend_App","Frontend App: PlantProcess.Web Core Source","Frontend Page",".tsx","2","112","0.11","6/10/2026 11:51:12 AM"
"Frontend\PlantProcess.Web\src\pages\PageBuilder\pageBuilderReducer.ts","04_Frontend_App","Frontend App: PlantProcess.Web Core Source","Frontend Page",".ts","298","6722","6.56","5/31/2026 2:48:04 PM"
"Frontend\PlantProcess.Web\src\pages\Phase10\phase10-license.css","04_Frontend_App","Frontend App: PlantProcess.Web Core Source","Frontend Page",".css","97","1745","1.7","6/9/2026 4:09:37 PM"
"Frontend\PlantProcess.Web\src\pages\Phase10\Phase10LicenseDemoPage.tsx","04_Frontend_App","Frontend App: PlantProcess.Web Core Source","Frontend Page",".tsx","85","3664","3.58","6/10/2026 4:23:02 PM"
"Frontend\PlantProcess.Web\src\pages\Phase15\BenchmarkingPage.tsx","04_Frontend_App","Frontend App: PlantProcess.Web Core Source","Frontend Page",".tsx","144","6360","6.21","6/10/2026 4:23:02 PM"
"Frontend\PlantProcess.Web\src\pages\Phase15\HonestyCertificationPage.tsx","04_Frontend_App","Frontend App: PlantProcess.Web Core Source","Frontend Page",".tsx","116","5096","4.98","6/10/2026 4:23:02 PM"
"Frontend\PlantProcess.Web\src\pages\Phase15\RecommendationsPage.tsx","04_Frontend_App","Frontend App: PlantProcess.Web Core Source","Frontend Page",".tsx","215","9191","8.98","6/10/2026 4:23:02 PM"
"Frontend\PlantProcess.Web\src\pages\Phase15\RoiCfoDashboardPage.tsx","04_Frontend_App","Frontend App: PlantProcess.Web Core Source","Frontend Page",".tsx","144","6475","6.32","6/10/2026 4:23:02 PM"
"Frontend\PlantProcess.Web\src\pages\Phase15\ScenarioSimulationPage.tsx","04_Frontend_App","Frontend App: PlantProcess.Web Core Source","Frontend Page",".tsx","227","9308","9.09","6/10/2026 4:23:02 PM"
"Frontend\PlantProcess.Web\src\pages\Phase15\ValueRealizationPage.tsx","04_Frontend_App","Frontend App: PlantProcess.Web Core Source","Frontend Page",".tsx","150","7163","7","6/10/2026 4:23:02 PM"
"Frontend\PlantProcess.Web\src\pages\Phase7ValueScenario\phase7-value-scenario.css","04_Frontend_App","Frontend App: PlantProcess.Web Core Source","Frontend Page",".css","78","1628","1.59","6/7/2026 4:57:21 PM"
"Frontend\PlantProcess.Web\src\pages\Phase7ValueScenario\phase7ValueScenarioMath.test.ts","04_Frontend_App","Frontend App: PlantProcess.Web Core Source","Frontend Page",".ts","71","1829","1.79","6/7/2026 4:57:21 PM"
"Frontend\PlantProcess.Web\src\pages\Phase7ValueScenario\phase7ValueScenarioMath.ts","04_Frontend_App","Frontend App: PlantProcess.Web Core Source","Frontend Page",".ts","131","4101","4","6/7/2026 4:57:21 PM"
"Frontend\PlantProcess.Web\src\pages\Phase7ValueScenario\Phase7ValueScenarioPage.tsx","04_Frontend_App","Frontend App: PlantProcess.Web Core Source","Frontend Page",".tsx","217","8262","8.07","6/10/2026 4:23:02 PM"
"Frontend\PlantProcess.Web\src\pages\Phase8\AssistantConfigurationPage.tsx","04_Frontend_App","Frontend App: PlantProcess.Web Core Source","Frontend Page",".tsx","192","7879","7.69","6/10/2026 4:23:02 PM"
"Frontend\PlantProcess.Web\src\pages\Phase8\AssistantRuntimePage.tsx","04_Frontend_App","Frontend App: PlantProcess.Web Core Source","Frontend Page",".tsx","138","5310","5.19","6/10/2026 4:23:02 PM"
"Frontend\PlantProcess.Web\src\pages\Phase8\phase8-ai.css","04_Frontend_App","Frontend App: PlantProcess.Web Core Source","Frontend Page",".css","120","2179","2.13","6/9/2026 2:59:50 PM"
"Frontend\PlantProcess.Web\src\pages\Phase8\phase8AssistantView.test.ts","04_Frontend_App","Frontend App: PlantProcess.Web Core Source","Frontend Page",".ts","35","1169","1.14","6/9/2026 2:59:50 PM"
"Frontend\PlantProcess.Web\src\pages\Phase8\SuggestionRecommendationPage.tsx","04_Frontend_App","Frontend App: PlantProcess.Web Core Source","Frontend Page",".tsx","179","7876","7.69","6/10/2026 4:23:02 PM"
"Frontend\PlantProcess.Web\src\pages\Phase9\ExecutivePersonaDashboardPage.tsx","04_Frontend_App","Frontend App: PlantProcess.Web Core Source","Frontend Page",".tsx","32","1217","1.19","6/9/2026 3:39:38 PM"
"Frontend\PlantProcess.Web\src\pages\Phase9\PersonaAccessMatrixPage.tsx","04_Frontend_App","Frontend App: PlantProcess.Web Core Source","Frontend Page",".tsx","45","1855","1.81","6/9/2026 3:39:39 PM"
"Frontend\PlantProcess.Web\src\pages\Phase9\phase9-personas.css","04_Frontend_App","Frontend App: PlantProcess.Web Core Source","Frontend Page",".css","50","931","0.91","6/9/2026 3:39:38 PM"
"Frontend\PlantProcess.Web\src\pages\PlatformOps\demo-analytics.css","04_Frontend_App","Frontend App: PlantProcess.Web Core Source","Frontend Page",".css","97","1907","1.86","6/6/2026 1:44:11 PM"
"Frontend\PlantProcess.Web\src\pages\PlatformOps\DemoAnalyticsPages.implementation.tsx","04_Frontend_App","Frontend App: PlantProcess.Web Core Source","Frontend Page",".tsx","461","17899","17.48","6/10/2026 11:41:18 AM"
"Frontend\PlantProcess.Web\src\pages\PlatformOps\DemoAnalyticsPages.tsx","04_Frontend_App","Frontend App: PlantProcess.Web Core Source","Frontend Page",".tsx","1","54","0.05","6/10/2026 11:51:12 AM"
"Frontend\PlantProcess.Web\src\pages\PlatformOps\DemoLifecyclePage.tsx","04_Frontend_App","Frontend App: PlantProcess.Web Core Source","Frontend Page",".tsx","11","287","0.28","6/15/2026 11:44:12 AM"
"Frontend\PlantProcess.Web\src\pages\RiskDashboard\RiskDashboardPage.tsx","04_Frontend_App","Frontend App: PlantProcess.Web Core Source","Frontend Page",".tsx","5","194","0.19","6/3/2026 4:46:31 PM"
"Frontend\PlantProcess.Web\src\pages\V5ConnectorsIdentityPage.tsx","04_Frontend_App","Frontend App: PlantProcess.Web Core Source","Frontend Page",".tsx","147","4618","4.51","6/10/2026 4:23:02 PM"
"Frontend\PlantProcess.Web\src\pages\V5NoCodeMapperPage.tsx","04_Frontend_App","Frontend App: PlantProcess.Web Core Source","Frontend Page",".tsx","131","4169","4.07","6/10/2026 4:23:02 PM"
"Frontend\PlantProcess.Web\src\pages\V5OutboundI18nMobilePage.tsx","04_Frontend_App","Frontend App: PlantProcess.Web Core Source","Frontend Page",".tsx","200","6340","6.19","6/10/2026 3:44:35 PM"
"Frontend\PlantProcess.Web\src\pages\V5SsoLicensingPage.tsx","04_Frontend_App","Frontend App: PlantProcess.Web Core Source","Frontend Page",".tsx","157","4789","4.68","6/10/2026 4:23:02 PM"
"Frontend\PlantProcess.Web\src\pages\ValueEvidence\CostAssumptionManagementPage.tsx","04_Frontend_App","Frontend App: PlantProcess.Web Core Source","Frontend Page",".tsx","232","7222","7.05","6/10/2026 4:23:02 PM"
"Frontend\PlantProcess.Web\src\pages\ValueExecutive\p3t14ValueExecutive.test.ts","04_Frontend_App","Frontend App: PlantProcess.Web Core Source","Frontend Page",".ts","88","2615","2.55","6/10/2026 12:38:34 PM"
"Frontend\PlantProcess.Web\src\pages\ValueExecutive\value-executive.css","04_Frontend_App","Frontend App: PlantProcess.Web Core Source","Frontend Page",".css","186","3641","3.56","6/10/2026 12:38:34 PM"
"Frontend\PlantProcess.Web\src\pages\ValueExecutive\ValueExecutiveDashboardPage.tsx","04_Frontend_App","Frontend App: PlantProcess.Web Core Source","Frontend Page",".tsx","219","9699","9.47","6/10/2026 4:23:02 PM"
"Frontend\PlantProcess.Web\src\phase11\phase11HeatmapInteractions.test.ts","04_Frontend_App","Frontend App: PlantProcess.Web Core Source","Frontend Source",".ts","41","1440","1.41","6/9/2026 4:29:54 PM"
"Frontend\PlantProcess.Web\src\phase11\phase11HeatmapInteractions.ts","04_Frontend_App","Frontend App: PlantProcess.Web Core Source","Frontend Source",".ts","90","2424","2.37","6/13/2026 4:53:21 PM"
"Frontend\PlantProcess.Web\src\phase11\phase11StandardControlContract.test.ts","04_Frontend_App","Frontend App: PlantProcess.Web Core Source","Frontend Source",".ts","28","1325","1.29","6/13/2026 7:33:53 PM"
"Frontend\PlantProcess.Web\src\phase11\phase11StandardControlContract.ts","04_Frontend_App","Frontend App: PlantProcess.Web Core Source","Frontend Source",".ts","68","2024","1.98","6/9/2026 4:29:44 PM"
"Frontend\PlantProcess.Web\src\phase11\phase11UiState.test.ts","04_Frontend_App","Frontend App: PlantProcess.Web Core Source","Frontend Source",".ts","44","1648","1.61","6/9/2026 4:29:44 PM"
"Frontend\PlantProcess.Web\src\phase11\phase11UiState.ts","04_Frontend_App","Frontend App: PlantProcess.Web Core Source","Frontend Source",".ts","93","2371","2.32","6/9/2026 4:29:41 PM"
"Frontend\PlantProcess.Web\src\phase11\phase11WidgetLayout.test.ts","04_Frontend_App","Frontend App: PlantProcess.Web Core Source","Frontend Source",".ts","66","1886","1.84","6/9/2026 4:29:50 PM"
"Frontend\PlantProcess.Web\src\phase11\phase11WidgetLayout.ts","04_Frontend_App","Frontend App: PlantProcess.Web Core Source","Frontend Source",".ts","106","2301","2.25","6/9/2026 4:29:48 PM"
"Frontend\PlantProcess.Web\src\phase11\phase5HeatmapRegression.test.ts","04_Frontend_App","Frontend App: PlantProcess.Web Core Source","Frontend Source",".ts","62","2903","2.83","6/13/2026 4:53:21 PM"
"Frontend\PlantProcess.Web\src\refactor\phase56\phase56RefactorRegistry.ts","04_Frontend_App","Frontend App: PlantProcess.Web Core Source","Frontend Source",".ts","38","1440","1.41","6/13/2026 7:18:15 PM"
"Frontend\PlantProcess.Web\src\security\phase9RoleAccess.test.ts","04_Frontend_App","Frontend App: PlantProcess.Web Core Source","Frontend Source",".ts","37","1547","1.51","6/9/2026 3:39:37 PM"
"Frontend\PlantProcess.Web\src\security\phase9RoleAccess.ts","04_Frontend_App","Frontend App: PlantProcess.Web Core Source","Frontend Source",".ts","145","6165","6.02","6/9/2026 3:39:37 PM"
"Frontend\PlantProcess.Web\src\state\__tests__\AuthContext.bootstrap.test.tsx","04_Frontend_App","Frontend App: PlantProcess.Web Core Source","Frontend State",".tsx","54","1933","1.89","5/31/2026 2:32:09 PM"
"Frontend\PlantProcess.Web\src\state\__tests__\AuthContext.inMemory.contract.test.tsx","04_Frontend_App","Frontend App: PlantProcess.Web Core Source","Frontend State",".tsx","26","892","0.87","6/13/2026 11:06:26 PM"
"Frontend\PlantProcess.Web\src\state\__tests__\LicenseContext.gating.test.tsx","04_Frontend_App","Frontend App: PlantProcess.Web Core Source","Frontend State",".tsx","51","1694","1.65","5/31/2026 2:32:09 PM"
"Frontend\PlantProcess.Web\src\state\AuthContext.tsx","04_Frontend_App","Frontend App: PlantProcess.Web Core Source","Frontend State",".tsx","324","9525","9.3","6/1/2026 3:24:18 PM"
"Frontend\PlantProcess.Web\src\state\DashboardFilterContext.tsx","04_Frontend_App","Frontend App: PlantProcess.Web Core Source","Frontend State",".tsx","199","6386","6.24","6/3/2026 4:40:11 PM"
"Frontend\PlantProcess.Web\src\state\DashboardGridLayoutContext.implementation.tsx","04_Frontend_App","Frontend App: PlantProcess.Web Core Source","Frontend State",".tsx","552","18202","17.78","6/10/2026 11:41:18 AM"
"Frontend\PlantProcess.Web\src\state\DashboardGridLayoutContext.tsx","04_Frontend_App","Frontend App: PlantProcess.Web Core Source","Frontend State",".tsx","1","62","0.06","6/10/2026 11:51:12 AM"
"Frontend\PlantProcess.Web\src\state\DashboardSelectionContext.tsx","04_Frontend_App","Frontend App: PlantProcess.Web Core Source","Frontend State",".tsx","339","10202","9.96","6/3/2026 4:27:41 PM"
"Frontend\PlantProcess.Web\src\state\DemoModeContext.tsx","04_Frontend_App","Frontend App: PlantProcess.Web Core Source","Frontend State",".tsx","155","4051","3.96","5/21/2026 12:35:22 PM"
"Frontend\PlantProcess.Web\src\state\LicenseContext.tsx","04_Frontend_App","Frontend App: PlantProcess.Web Core Source","Frontend State",".tsx","158","3703","3.62","5/30/2026 3:12:01 PM"
"Frontend\PlantProcess.Web\src\state\ThemeContext.tsx","04_Frontend_App","Frontend App: PlantProcess.Web Core Source","Frontend State",".tsx","114","3454","3.37","5/12/2026 3:15:25 PM"
"Frontend\PlantProcess.Web\src\styles\base\layout.css","04_Frontend_App","Frontend App: PlantProcess.Web Core Source","Frontend Stylesheet",".css","13","271","0.26","5/19/2026 12:19:15 AM"
"Frontend\PlantProcess.Web\src\styles\base\reset.css","04_Frontend_App","Frontend App: PlantProcess.Web Core Source","Frontend Stylesheet",".css","16","281","0.27","5/19/2026 12:19:15 AM"
"Frontend\PlantProcess.Web\src\styles\base\tokens.css","04_Frontend_App","Frontend App: PlantProcess.Web Core Source","Frontend Stylesheet",".css","28","899","0.88","5/19/2026 12:19:15 AM"
"Frontend\PlantProcess.Web\src\styles\components\components.css","04_Frontend_App","Frontend App: PlantProcess.Web Core Source","Frontend Stylesheet",".css","25","486","0.47","5/24/2026 3:08:26 PM"
"Frontend\PlantProcess.Web\src\styles\components\dashboard-components.css","04_Frontend_App","Frontend App: PlantProcess.Web Core Source","Frontend Stylesheet",".css","854","21817","21.31","6/6/2026 1:44:11 PM"
"Frontend\PlantProcess.Web\src\styles\components\hardening.css","04_Frontend_App","Frontend App: PlantProcess.Web Core Source","Frontend Stylesheet",".css","113","2456","2.4","5/25/2026 11:56:35 AM"
"Frontend\PlantProcess.Web\src\styles\components\widget-script-step.css","04_Frontend_App","Frontend App: PlantProcess.Web Core Source","Frontend Stylesheet",".css","64","1490","1.46","5/25/2026 11:56:11 AM"
"Frontend\PlantProcess.Web\src\styles\global.css","04_Frontend_App","Frontend App: PlantProcess.Web Core Source","Frontend Stylesheet",".css","12","432","0.42","6/6/2026 11:48:56 AM"
"Frontend\PlantProcess.Web\src\styles\hardening.css","04_Frontend_App","Frontend App: PlantProcess.Web Core Source","Frontend Stylesheet",".css","159","3372","3.29","5/25/2026 12:21:20 PM"
"Frontend\PlantProcess.Web\src\styles\pages\admin.css","04_Frontend_App","Frontend App: PlantProcess.Web Core Source","Frontend Stylesheet",".css","120","2558","2.5","5/30/2026 3:43:15 PM"
"Frontend\PlantProcess.Web\src\styles\pages\admin-preview.css","04_Frontend_App","Frontend App: PlantProcess.Web Core Source","Frontend Stylesheet",".css","500","9357","9.14","5/21/2026 12:36:39 PM"
"Frontend\PlantProcess.Web\src\styles\pages\dashboard.css","04_Frontend_App","Frontend App: PlantProcess.Web Core Source","Frontend Stylesheet",".css","152","3761","3.67","6/6/2026 1:44:11 PM"
"Frontend\PlantProcess.Web\src\styles\pages\demo-lifecycle.css","04_Frontend_App","Frontend App: PlantProcess.Web Core Source","Frontend Stylesheet",".css","398","7728","7.55","6/6/2026 1:44:11 PM"
"Frontend\PlantProcess.Web\src\styles\phase56\legacy-chunks\legacy-001.css","04_Frontend_App","Frontend App: PlantProcess.Web Core Source","Frontend Stylesheet",".css","334","8225","8.03","6/6/2026 1:47:34 PM"
"Frontend\PlantProcess.Web\src\styles\phase56\legacy-chunks\legacy-002.css","04_Frontend_App","Frontend App: PlantProcess.Web Core Source","Frontend Stylesheet",".css","325","6879","6.72","6/6/2026 1:47:34 PM"
"Frontend\PlantProcess.Web\src\styles\phase56\legacy-chunks\legacy-003.css","04_Frontend_App","Frontend App: PlantProcess.Web Core Source","Frontend Stylesheet",".css","326","6906","6.74","6/6/2026 1:47:34 PM"
"Frontend\PlantProcess.Web\src\styles\phase56\legacy-chunks\legacy-004.css","04_Frontend_App","Frontend App: PlantProcess.Web Core Source","Frontend Stylesheet",".css","328","6752","6.59","6/6/2026 1:47:34 PM"
"Frontend\PlantProcess.Web\src\styles\phase56\legacy-chunks\legacy-005.css","04_Frontend_App","Frontend App: PlantProcess.Web Core Source","Frontend Stylesheet",".css","326","9550","9.33","6/6/2026 1:47:34 PM"
"Frontend\PlantProcess.Web\src\styles\phase56\legacy-chunks\legacy-006.css","04_Frontend_App","Frontend App: PlantProcess.Web Core Source","Frontend Stylesheet",".css","326","7486","7.31","6/6/2026 1:47:34 PM"
"Frontend\PlantProcess.Web\src\styles\phase56\legacy-chunks\legacy-007.css","04_Frontend_App","Frontend App: PlantProcess.Web Core Source","Frontend Stylesheet",".css","327","6565","6.41","6/6/2026 1:47:34 PM"
"Frontend\PlantProcess.Web\src\styles\phase56\legacy-chunks\legacy-008.css","04_Frontend_App","Frontend App: PlantProcess.Web Core Source","Frontend Stylesheet",".css","325","6602","6.45","6/6/2026 1:47:34 PM"
"Frontend\PlantProcess.Web\src\styles\phase56\legacy-chunks\legacy-009.css","04_Frontend_App","Frontend App: PlantProcess.Web Core Source","Frontend Stylesheet",".css","326","6916","6.75","6/6/2026 1:47:34 PM"
"Frontend\PlantProcess.Web\src\styles\phase56\legacy-chunks\legacy-010.css","04_Frontend_App","Frontend App: PlantProcess.Web Core Source","Frontend Stylesheet",".css","94","1916","1.87","6/6/2026 1:47:34 PM"
"Frontend\PlantProcess.Web\src\styles\phase56\phase56-accessibility.css","04_Frontend_App","Frontend App: PlantProcess.Web Core Source","Frontend Stylesheet",".css","71","2073","2.02","6/6/2026 11:18:29 AM"
"Frontend\PlantProcess.Web\src\styles\phase56\phase56-components.css","04_Frontend_App","Frontend App: PlantProcess.Web Core Source","Frontend Stylesheet",".css","21","913","0.89","6/6/2026 11:18:29 AM"
"Frontend\PlantProcess.Web\src\styles\phase56\phase56-migrated-legacy.css","04_Frontend_App","Frontend App: PlantProcess.Web Core Source","Frontend Stylesheet",".css","16","633","0.62","6/6/2026 1:47:34 PM"
"Frontend\PlantProcess.Web\src\styles\phase56\phase56-tokens.css","04_Frontend_App","Frontend App: PlantProcess.Web Core Source","Frontend Stylesheet",".css","76","2458","2.4","6/6/2026 11:18:29 AM"
"Frontend\PlantProcess.Web\src\styles\phase78\phase78-i18n-rtl.css","04_Frontend_App","Frontend App: PlantProcess.Web Core Source","Frontend Stylesheet",".css","45","2843","2.78","6/6/2026 1:44:11 PM"
"Frontend\PlantProcess.Web\src\test\architecture\frontendArchitecture.test.ts","04_Frontend_App","Frontend App: PlantProcess.Web Core Source","Frontend Source",".ts","50","1666","1.63","5/31/2026 2:26:22 PM"
"Frontend\PlantProcess.Web\src\test\architecture\largeFileBoundaries.test.ts","04_Frontend_App","Frontend App: PlantProcess.Web Core Source","Frontend Source",".ts","130","4027","3.93","6/4/2026 8:33:20 AM"
"Frontend\PlantProcess.Web\src\test\architecture\noDebris.test.ts","04_Frontend_App","Frontend App: PlantProcess.Web Core Source","Frontend Source",".ts","32","1343","1.31","6/13/2026 7:18:19 PM"
"Frontend\PlantProcess.Web\src\test\architecture\noHardcodedDemoPages.test.ts","04_Frontend_App","Frontend App: PlantProcess.Web Core Source","Frontend Source",".ts","54","2032","1.98","6/13/2026 2:55:01 PM"
"Frontend\PlantProcess.Web\src\test\architecture\noLegacyApiGrowth.test.ts","04_Frontend_App","Frontend App: PlantProcess.Web Core Source","Frontend Source",".ts","70","2027","1.98","6/4/2026 8:33:20 AM"
"Frontend\PlantProcess.Web\src\test\architecture\noRawErrorStrings.test.ts","04_Frontend_App","Frontend App: PlantProcess.Web Core Source","Frontend Source",".ts","73","2136","2.09","6/13/2026 2:52:51 PM"
"Frontend\PlantProcess.Web\src\test\architecture\noRawStandardElements.test.ts","04_Frontend_App","Frontend App: PlantProcess.Web Core Source","Frontend Source",".ts","68","2364","2.31","6/13/2026 2:52:51 PM"
"Frontend\PlantProcess.Web\src\test\architecture\noThinReExports.test.ts","04_Frontend_App","Frontend App: PlantProcess.Web Core Source","Frontend Source",".ts","43","2109","2.06","6/13/2026 7:33:53 PM"
"Frontend\PlantProcess.Web\src\test\architecture\P2Close.errorBoundaryDiscipline.test.ts","04_Frontend_App","Frontend App: PlantProcess.Web Core Source","Frontend Source",".ts","65","2562","2.5","6/15/2026 9:45:38 AM"
"Frontend\PlantProcess.Web\src\test\integration\mockedApi.integration.test.ts","04_Frontend_App","Frontend App: PlantProcess.Web Core Source","Frontend Source",".ts","12","423","0.41","5/19/2026 12:19:15 AM"
"Frontend\PlantProcess.Web\src\test\mocks\handlers.ts","04_Frontend_App","Frontend App: PlantProcess.Web Core Source","Frontend Source",".ts","23","494","0.48","5/19/2026 12:19:15 AM"
"Frontend\PlantProcess.Web\src\test\mocks\server.ts","04_Frontend_App","Frontend App: PlantProcess.Web Core Source","Frontend Source",".ts","4","135","0.13","5/19/2026 12:19:15 AM"
"Frontend\PlantProcess.Web\src\test\setupTests.ts","04_Frontend_App","Frontend App: PlantProcess.Web Core Source","Frontend Source",".ts","17","329","0.32","5/19/2026 12:19:15 AM"
"Frontend\PlantProcess.Web\src\types\analyticsContracts.ts","04_Frontend_App","Frontend App: PlantProcess.Web Core Source","Frontend Source",".ts","51","2019","1.97","6/13/2026 6:27:18 PM"
"Frontend\PlantProcess.Web\src\types\execOpsContracts.ts","04_Frontend_App","Frontend App: PlantProcess.Web Core Source","Frontend Source",".ts","48","1519","1.48","6/13/2026 6:28:12 PM"
"Frontend\PlantProcess.Web\src\ui\design-tokens.css","04_Frontend_App","Frontend App: PlantProcess.Web Core Source","Frontend Source",".css","44","1267","1.24","6/6/2026 1:44:12 PM"
"Frontend\PlantProcess.Web\src\ui\index.ts","04_Frontend_App","Frontend App: PlantProcess.Web Core Source","Frontend Source",".ts","1","38","0.04","5/30/2026 9:18:01 AM"
"Frontend\PlantProcess.Web\src\ui\standard-components.css","04_Frontend_App","Frontend App: PlantProcess.Web Core Source","Frontend Source",".css","394","9164","8.95","6/6/2026 1:44:12 PM"
"Frontend\PlantProcess.Web\src\ui\standard-components.implementation.tsx","04_Frontend_App","Frontend App: PlantProcess.Web Core Source","Frontend Source",".tsx","525","15963","15.59","6/10/2026 4:26:19 PM"
"Frontend\PlantProcess.Web\src\ui\standard-components.stories.tsx","04_Frontend_App","Frontend App: PlantProcess.Web Core Source","Frontend Source",".tsx","192","7191","7.02","6/6/2026 1:44:12 PM"
"Frontend\PlantProcess.Web\src\ui\standard-components.tsx","04_Frontend_App","Frontend App: PlantProcess.Web Core Source","Frontend Source",".tsx","1","55","0.05","6/10/2026 11:51:12 AM"
"Frontend\PlantProcess.Web\src\ui\standards\ui-component-specs.md","04_Frontend_App","Frontend App: PlantProcess.Web Core Source","Frontend Source",".md","82","2508","2.45","5/30/2026 9:18:01 AM"
"Frontend\PlantProcess.Web\src\utils\dragPerformance.ts","04_Frontend_App","Frontend App: PlantProcess.Web Core Source","Frontend Source",".ts","80","2002","1.96","5/31/2026 2:16:26 PM"
"Frontend\PlantProcess.Web\src\utils\errorMapping.ts","04_Frontend_App","Frontend App: PlantProcess.Web Core Source","Frontend Source",".ts","147","4074","3.98","5/22/2026 11:12:56 PM"
"Frontend\PlantProcess.Web\src\utils\frontendDiagnostics.ts","04_Frontend_App","Frontend App: PlantProcess.Web Core Source","Frontend Source",".ts","68","1631","1.59","5/31/2026 2:14:10 PM"
"Frontend\PlantProcess.Web\tests\e2e\p3t14-value-executive.spec.ts","04_Frontend_App","Frontend App: PlantProcess.Web Core Source","Frontend Config / Misc",".ts","47","1956","1.91","6/10/2026 12:38:34 PM"
"Frontend\PlantProcess.Web\tests\e2e\p3t15-widget-schema-drift.spec.ts","04_Frontend_App","Frontend App: PlantProcess.Web Core Source","Frontend Config / Misc",".ts","31","1325","1.29","6/10/2026 12:59:37 PM"
"Frontend\PlantProcess.Web\tests\e2e\phase5-analytics.spec.ts","04_Frontend_App","Frontend App: PlantProcess.Web Core Source","Frontend Config / Misc",".ts","96","4604","4.5","6/13/2026 6:51:45 PM"
"Frontend\PlantProcess.Web\tests\e2e\phase6-exec-ops.spec.ts","04_Frontend_App","Frontend App: PlantProcess.Web Core Source","Frontend Config / Misc",".ts","99","4450","4.35","6/13/2026 6:51:45 PM"
"Frontend\PlantProcess.Web\tools\check-duplicate-pages.mjs","04_Frontend_App","Frontend App: PlantProcess.Web Core Source","Frontend Config / Misc",".mjs","28","939","0.92","6/3/2026 12:28:32 AM"
"Frontend\PlantProcess.Web\tools\dup-pages-guard.mjs","04_Frontend_App","Frontend App: PlantProcess.Web Core Source","Frontend Config / Misc",".mjs","11","572","0.56","6/3/2026 7:54:02 AM"
"Frontend\PlantProcess.Web\tools\phase3\apply-phase3-phase4-material-search-hardening.cjs","04_Frontend_App","Frontend App: PlantProcess.Web Core Source","Frontend Config / Misc",".cjs","1042","34170","33.37","5/30/2026 10:42:38 AM"
"Frontend\PlantProcess.Web\tools\phase3\finalize-phase3-phase4-acceptance.cjs","04_Frontend_App","Frontend App: PlantProcess.Web Core Source","Frontend Config / Misc",".cjs","681","22334","21.81","5/30/2026 10:54:44 AM"
"Frontend\PlantProcess.Web\tools\phase3\fix-final-phase34-blockers.cjs","04_Frontend_App","Frontend App: PlantProcess.Web Core Source","Frontend Config / Misc",".cjs","112","4239","4.14","5/30/2026 10:57:23 AM"
"Frontend\PlantProcess.Web\tools\phase3\fix-final-t024-validation-runner.cjs","04_Frontend_App","Frontend App: PlantProcess.Web Core Source","Frontend Config / Misc",".cjs","71","2547","2.49","5/30/2026 11:00:13 AM"
"Frontend\PlantProcess.Web\tools\phase3\fix-package-json-and-acceptance-guard.cjs","04_Frontend_App","Frontend App: PlantProcess.Web Core Source","Frontend Config / Misc",".cjs","65","2069","2.02","5/30/2026 10:54:43 AM"
"Frontend\PlantProcess.Web\tools\phase3\fix-phase3-phase4-lint-validation.cjs","04_Frontend_App","Frontend App: PlantProcess.Web Core Source","Frontend Config / Misc",".cjs","281","8974","8.76","5/30/2026 10:45:11 AM"
"Frontend\PlantProcess.Web\tools\phase3\fix-t024-targeted-eslint-gate.cjs","04_Frontend_App","Frontend App: PlantProcess.Web Core Source","Frontend Config / Misc",".cjs","115","3460","3.38","5/30/2026 10:59:00 AM"
"Frontend\PlantProcess.Web\tools\phase3\validate-phase3-phase4-acceptance.cjs","04_Frontend_App","Frontend App: PlantProcess.Web Core Source","Frontend Config / Misc",".cjs","304","9700","9.47","5/31/2026 2:07:14 PM"
"Frontend\PlantProcess.Web\tools\phase3\validate-population-on-analysis.mjs","04_Frontend_App","Frontend App: PlantProcess.Web Core Source","Frontend Config / Misc",".mjs","46","1875","1.83","6/14/2026 10:50:23 PM"
"Frontend\PlantProcess.Web\tools\phase56\apply-phase5-phase6-full-ui-migration.cjs","04_Frontend_App","Frontend App: PlantProcess.Web Core Source","Frontend Config / Misc",".cjs","1894","73047","71.33","5/30/2026 11:14:59 AM"
"Frontend\PlantProcess.Web\tools\phase56\fix-phase56-demo-job-status-fields.cjs","04_Frontend_App","Frontend App: PlantProcess.Web Core Source","Frontend Config / Misc",".cjs","15","496","0.48","5/30/2026 11:20:12 AM"
"Frontend\PlantProcess.Web\tools\phase56\fix-phase56-operation-progress-contract.cjs","04_Frontend_App","Frontend App: PlantProcess.Web Core Source","Frontend Config / Misc",".cjs","44","2094","2.04","5/30/2026 11:19:02 AM"
"Frontend\PlantProcess.Web\tools\phase56\validate-phase5-phase6-acceptance.cjs","04_Frontend_App","Frontend App: PlantProcess.Web Core Source","Frontend Config / Misc",".cjs","163","9467","9.25","6/9/2026 10:23:14 PM"
"Frontend\PlantProcess.Web\tools\phase78\fix-phase78-connector-truth-api-name.cjs","04_Frontend_App","Frontend App: PlantProcess.Web Core Source","Frontend Config / Misc",".cjs","64","2236","2.18","5/30/2026 11:48:33 AM"
"Frontend\PlantProcess.Web\tools\phase78\fix-phase78-t053-license-tier-override-acceptance.cjs","04_Frontend_App","Frontend App: PlantProcess.Web Core Source","Frontend Config / Misc",".cjs","112","4139","4.04","5/30/2026 11:50:21 AM"
"Frontend\PlantProcess.Web\tools\phase9\fix-standardbutton-dedupe-and-props.cjs","04_Frontend_App","Frontend App: PlantProcess.Web Core Source","Frontend Config / Misc",".cjs","232","5983","5.84","6/3/2026 11:27:01 AM"
"Frontend\PlantProcess.Web\tools\phase9\fix-standardbutton-import-placement.cjs","04_Frontend_App","Frontend App: PlantProcess.Web Core Source","Frontend Config / Misc",".cjs","186","5036","4.92","6/3/2026 11:24:56 AM"
"Frontend\PlantProcess.Web\tools\phase9\repair-standardbutton-imports.cjs","04_Frontend_App","Frontend App: PlantProcess.Web Core Source","Frontend Config / Misc",".cjs","2","103","0.1","6/3/2026 11:27:03 AM"
"Frontend\PlantProcess.Web\tools\phase9\standardize-phase9-buttons.cjs","04_Frontend_App","Frontend App: PlantProcess.Web Core Source","Frontend Config / Misc",".cjs","97","2662","2.6","6/4/2026 1:19:42 AM"
"Frontend\PlantProcess.Web\tools\phase9\validate-phase9-ui-quality.mjs","04_Frontend_App","Frontend App: PlantProcess.Web Core Source","Frontend Config / Misc",".mjs","114","3511","3.43","6/3/2026 8:05:22 PM"
"Frontend\PlantProcess.Web\tools\ui\audit-ui-instances.mjs","04_Frontend_App","Frontend App: PlantProcess.Web Core Source","Frontend Config / Misc",".mjs","181","5750","5.62","5/30/2026 9:18:01 AM"
"Frontend\PlantProcess.Web\tools\ui\generate-ui-standards-inventory.mjs","04_Frontend_App","Frontend App: PlantProcess.Web Core Source","Frontend Config / Misc",".mjs","436","15097","14.74","5/30/2026 10:25:04 AM"
"Frontend\PlantProcess.Web\tools\ui\validate-phase2-full-ui-standards.mjs","04_Frontend_App","Frontend App: PlantProcess.Web Core Source","Frontend Config / Misc",".mjs","43","1619","1.58","5/31/2026 2:14:10 PM"
"Frontend\PlantProcess.Web\tools\ui\validate-ui-standards.mjs","04_Frontend_App","Frontend App: PlantProcess.Web Core Source","Frontend Config / Misc",".mjs","32","1119","1.09","5/31/2026 2:14:10 PM"
"Frontend\PlantProcess.Web\tsconfig.app.json","04_Frontend_App","Frontend App: PlantProcess.Web Core Source","Frontend Config / Misc",".json","50","1004","0.98","6/9/2026 10:14:30 PM"
"Frontend\PlantProcess.Web\tsconfig.json","04_Frontend_App","Frontend App: PlantProcess.Web Core Source","Frontend Config / Misc",".json","7","124","0.12","5/30/2026 8:37:22 AM"
"Frontend\PlantProcess.Web\tsconfig.node.json","04_Frontend_App","Frontend App: PlantProcess.Web Core Source","Frontend Config / Misc",".json","22","551","0.54","5/30/2026 8:37:22 AM"
"Frontend\PlantProcess.Web\vite.config.ts","04_Frontend_App","Frontend App: PlantProcess.Web Core Source","Frontend Config / Misc",".ts","25","456","0.45","5/30/2026 11:37:47 PM"
"Frontend\PlantProcess.Web\vitest.config.ts","04_Frontend_App","Frontend App: PlantProcess.Web Core Source","Frontend Config / Misc",".ts","59","1438","1.4","6/1/2026 3:05:39 PM"
"Frontend\PlantProcess.Web\e2e\a11y\phase56-accessibility.spec.ts","05_Frontend_Misc","Frontend Misc: E2E, Scripts, Test Results, Reports","Frontend E2E Test",".ts","108","4713","4.6","6/7/2026 11:10:52 PM"
"Frontend\PlantProcess.Web\e2e\admin-db-focused.spec.ts","05_Frontend_Misc","Frontend Misc: E2E, Scripts, Test Results, Reports","Frontend E2E Test",".ts","109","3404","3.32","5/31/2026 3:20:01 PM"
"Frontend\PlantProcess.Web\e2e\admin-schema-focused.spec.ts","05_Frontend_Misc","Frontend Misc: E2E, Scripts, Test Results, Reports","Frontend E2E Test",".ts","126","3782","3.69","5/24/2026 1:34:46 PM"
"Frontend\PlantProcess.Web\e2e\api\phase02-data-lifecycle-contract.spec.ts","05_Frontend_Misc","Frontend Misc: E2E, Scripts, Test Results, Reports","Frontend E2E Test",".ts","8","320","0.31","5/31/2026 11:42:05 AM"
"Frontend\PlantProcess.Web\e2e\api\phase03-two-stage-import.spec.ts","05_Frontend_Misc","Frontend Misc: E2E, Scripts, Test Results, Reports","Frontend E2E Test",".ts","57","2052","2","5/31/2026 3:22:37 PM"
"Frontend\PlantProcess.Web\e2e\api-smoke.spec.ts","05_Frontend_Misc","Frontend Misc: E2E, Scripts, Test Results, Reports","Frontend E2E Test",".ts","99","3211","3.14","5/20/2026 12:14:47 PM"
"Frontend\PlantProcess.Web\e2e\critical-shell-regression.spec.ts","05_Frontend_Misc","Frontend Misc: E2E, Scripts, Test Results, Reports","Frontend E2E Test",".ts","22","844","0.82","5/19/2026 12:19:15 AM"
"Frontend\PlantProcess.Web\e2e\cross-browser-matrix.spec.ts","05_Frontend_Misc","Frontend Misc: E2E, Scripts, Test Results, Reports","Frontend E2E Test",".ts","31","1385","1.35","6/15/2026 10:08:53 AM"
"Frontend\PlantProcess.Web\e2e\dashboard-refresh-filter.spec.ts","05_Frontend_Misc","Frontend Misc: E2E, Scripts, Test Results, Reports","Frontend E2E Test",".ts","196","5666","5.53","5/25/2026 3:20:53 PM"
"Frontend\PlantProcess.Web\e2e\demo-path-controls.spec.ts","05_Frontend_Misc","Frontend Misc: E2E, Scripts, Test Results, Reports","Frontend E2E Test",".ts","74","4140","4.04","6/15/2026 11:44:12 AM"
"Frontend\PlantProcess.Web\e2e\dimension2-dimension6-readiness.spec.ts","05_Frontend_Misc","Frontend Misc: E2E, Scripts, Test Results, Reports","Frontend E2E Test",".ts","66","2831","2.76","6/7/2026 10:06:36 PM"
"Frontend\PlantProcess.Web\e2e\dimension7-brand-identity.spec.ts","05_Frontend_Misc","Frontend Misc: E2E, Scripts, Test Results, Reports","Frontend E2E Test",".ts","24","1133","1.11","6/6/2026 12:09:32 PM"
"Frontend\PlantProcess.Web\e2e\fixtures\testCredentials.ts","05_Frontend_Misc","Frontend Misc: E2E, Scripts, Test Results, Reports","Frontend E2E Test",".ts","14","713","0.7","6/12/2026 10:15:04 PM"
"Frontend\PlantProcess.Web\e2e\full-stack-smoke.spec.ts","05_Frontend_Misc","Frontend Misc: E2E, Scripts, Test Results, Reports","Frontend E2E Test",".ts","27","880","0.86","5/25/2026 4:17:25 PM"
"Frontend\PlantProcess.Web\e2e\golden-path.spec.ts","05_Frontend_Misc","Frontend Misc: E2E, Scripts, Test Results, Reports","Frontend E2E Test",".ts","221","5880","5.74","6/7/2026 10:06:36 PM"
"Frontend\PlantProcess.Web\e2e\hardening-matrix.spec.ts","05_Frontend_Misc","Frontend Misc: E2E, Scripts, Test Results, Reports","Frontend E2E Test",".ts","154","4417","4.31","5/24/2026 1:33:58 PM"
"Frontend\PlantProcess.Web\e2e\helpers\auth.ts","05_Frontend_Misc","Frontend Misc: E2E, Scripts, Test Results, Reports","Frontend E2E Test",".ts","181","4521","4.42","5/30/2026 8:56:45 AM"
"Frontend\PlantProcess.Web\e2e\helpers\e2eFailureFilters.ts","05_Frontend_Misc","Frontend Misc: E2E, Scripts, Test Results, Reports","Frontend E2E Test",".ts","72","2227","2.17","5/25/2026 2:40:12 PM"
"Frontend\PlantProcess.Web\e2e\helpers\hardening.ts","05_Frontend_Misc","Frontend Misc: E2E, Scripts, Test Results, Reports","Frontend E2E Test",".ts","176","4773","4.66","6/3/2026 1:47:46 PM"
"Frontend\PlantProcess.Web\e2e\helpers\networkGuard.ts","05_Frontend_Misc","Frontend Misc: E2E, Scripts, Test Results, Reports","Frontend E2E Test",".ts","39","1034","1.01","5/19/2026 10:14:19 AM"
"Frontend\PlantProcess.Web\e2e\helpers\phase1Hardening.ts","05_Frontend_Misc","Frontend Misc: E2E, Scripts, Test Results, Reports","Frontend E2E Test",".ts","174","5015","4.9","6/3/2026 1:47:46 PM"
"Frontend\PlantProcess.Web\e2e\helpers\phase2Guard.ts","05_Frontend_Misc","Frontend Misc: E2E, Scripts, Test Results, Reports","Frontend E2E Test",".ts","217","5748","5.61","5/25/2026 4:32:28 PM"
"Frontend\PlantProcess.Web\e2e\helpers\phase9ActionMatrix.ts","05_Frontend_Misc","Frontend Misc: E2E, Scripts, Test Results, Reports","Frontend E2E Test",".ts","167","6518","6.37","6/3/2026 8:05:23 PM"
"Frontend\PlantProcess.Web\e2e\i18n\phase78-i18n-rtl.spec.ts","05_Frontend_Misc","Frontend Misc: E2E, Scripts, Test Results, Reports","Frontend E2E Test",".ts","25","1276","1.25","6/6/2026 11:48:56 AM"
"Frontend\PlantProcess.Web\e2e\induced-fault-battery.spec.ts","05_Frontend_Misc","Frontend Misc: E2E, Scripts, Test Results, Reports","Frontend E2E Test",".ts","40","2062","2.01","6/15/2026 7:40:40 AM"
"Frontend\PlantProcess.Web\e2e\journeys\p00-e2e-consolidation.contract.spec.ts","05_Frontend_Misc","Frontend Misc: E2E, Scripts, Test Results, Reports","Frontend E2E Test",".ts","68","2283","2.23","5/31/2026 2:48:04 PM"
"Frontend\PlantProcess.Web\e2e\license-and-demo-lifecycle.spec.ts","05_Frontend_Misc","Frontend Misc: E2E, Scripts, Test Results, Reports","Frontend E2E Test",".ts","90","3548","3.46","5/21/2026 2:53:50 PM"
"Frontend\PlantProcess.Web\e2e\license-gate-ux.spec.ts","05_Frontend_Misc","Frontend Misc: E2E, Scripts, Test Results, Reports","Frontend E2E Test",".ts","27","1069","1.04","5/24/2026 3:01:51 PM"
"Frontend\PlantProcess.Web\e2e\nav-graph-refresh-survival.spec.ts","05_Frontend_Misc","Frontend Misc: E2E, Scripts, Test Results, Reports","Frontend E2E Test",".ts","63","1951","1.91","5/24/2026 2:48:32 PM"
"Frontend\PlantProcess.Web\e2e\p0-auth-pages-contract.spec.ts","05_Frontend_Misc","Frontend Misc: E2E, Scripts, Test Results, Reports","Frontend E2E Test",".ts","43","1333","1.3","6/3/2026 1:29:02 PM"
"Frontend\PlantProcess.Web\e2e\p1-risk-dataquality-contract.spec.ts","05_Frontend_Misc","Frontend Misc: E2E, Scripts, Test Results, Reports","Frontend E2E Test",".ts","71","1914","1.87","5/20/2026 1:04:40 PM"
"Frontend\PlantProcess.Web\e2e\p1-safety-net.spec.ts","05_Frontend_Misc","Frontend Misc: E2E, Scripts, Test Results, Reports","Frontend E2E Test",".ts","27","1397","1.36","6/3/2026 12:28:37 AM"
"Frontend\PlantProcess.Web\e2e\p2-t09-action-button-visual.spec.ts","05_Frontend_Misc","Frontend Misc: E2E, Scripts, Test Results, Reports","Frontend E2E Test",".ts","33","1177","1.15","6/10/2026 4:22:59 PM"
"Frontend\PlantProcess.Web\e2e\p4-advanced-analysis.spec.ts","05_Frontend_Misc","Frontend Misc: E2E, Scripts, Test Results, Reports","Frontend E2E Test",".ts","19","1118","1.09","6/6/2026 12:09:32 PM"
"Frontend\PlantProcess.Web\e2e\p6-genealogy-widget-workflow.spec.ts","05_Frontend_Misc","Frontend Misc: E2E, Scripts, Test Results, Reports","Frontend E2E Test",".ts","42","1925","1.88","6/3/2026 11:47:19 AM"
"Frontend\PlantProcess.Web\e2e\page-builder-v7.spec.ts","05_Frontend_Misc","Frontend Misc: E2E, Scripts, Test Results, Reports","Frontend E2E Test",".ts","42","1455","1.42","6/3/2026 1:29:02 PM"
"Frontend\PlantProcess.Web\e2e\phase10-license-runtime.spec.ts","05_Frontend_Misc","Frontend Misc: E2E, Scripts, Test Results, Reports","Frontend E2E Test",".ts","17","838","0.82","6/9/2026 4:09:53 PM"
"Frontend\PlantProcess.Web\e2e\phase11-ui-interaction-regression.spec.ts","05_Frontend_Misc","Frontend Misc: E2E, Scripts, Test Results, Reports","Frontend E2E Test",".ts","14","636","0.62","6/9/2026 4:29:55 PM"
"Frontend\PlantProcess.Web\e2e\phase1-button-action-matrix.spec.ts","05_Frontend_Misc","Frontend Misc: E2E, Scripts, Test Results, Reports","Frontend E2E Test",".ts","67","2016","1.97","5/25/2026 11:57:40 AM"
"Frontend\PlantProcess.Web\e2e\phase1-golden-demo.spec.ts","05_Frontend_Misc","Frontend Misc: E2E, Scripts, Test Results, Reports","Frontend E2E Test",".ts","84","2432","2.38","5/25/2026 2:08:42 PM"
"Frontend\PlantProcess.Web\e2e\phase1-security-hardening.spec.ts","05_Frontend_Misc","Frontend Misc: E2E, Scripts, Test Results, Reports","Frontend E2E Test",".ts","82","2499","2.44","5/30/2026 8:31:27 AM"
"Frontend\PlantProcess.Web\e2e\phase1-toast-mapping.spec.ts","05_Frontend_Misc","Frontend Misc: E2E, Scripts, Test Results, Reports","Frontend E2E Test",".ts","46","1308","1.28","5/25/2026 2:42:21 PM"
"Frontend\PlantProcess.Web\e2e\phase23-pagebuilder-persistence.spec.ts","05_Frontend_Misc","Frontend Misc: E2E, Scripts, Test Results, Reports","Frontend E2E Test",".ts","159","5454","5.33","6/3/2026 1:29:02 PM"
"Frontend\PlantProcess.Web\e2e\phase2-backend-outage.spec.ts","05_Frontend_Misc","Frontend Misc: E2E, Scripts, Test Results, Reports","Frontend E2E Test",".ts","73","1899","1.85","5/25/2026 1:08:33 PM"
"Frontend\PlantProcess.Web\e2e\phase2-chart-interaction.spec.ts","05_Frontend_Misc","Frontend Misc: E2E, Scripts, Test Results, Reports","Frontend E2E Test",".ts","82","2280","2.23","5/25/2026 1:09:09 PM"
"Frontend\PlantProcess.Web\e2e\phase2-lifecycle-proof.spec.ts","05_Frontend_Misc","Frontend Misc: E2E, Scripts, Test Results, Reports","Frontend E2E Test",".ts","156","4978","4.86","5/31/2026 4:42:17 PM"
"Frontend\PlantProcess.Web\e2e\phase2-realism-demo-lifecycle.spec.ts","05_Frontend_Misc","Frontend Misc: E2E, Scripts, Test Results, Reports","Frontend E2E Test",".ts","22","868","0.85","6/6/2026 12:09:32 PM"
"Frontend\PlantProcess.Web\e2e\phase2-responsive-multibrowser.spec.ts","05_Frontend_Misc","Frontend Misc: E2E, Scripts, Test Results, Reports","Frontend E2E Test",".ts","65","1820","1.78","5/25/2026 2:42:00 PM"
"Frontend\PlantProcess.Web\e2e\phase3-dynamic-page-rendering.spec.ts","05_Frontend_Misc","Frontend Misc: E2E, Scripts, Test Results, Reports","Frontend E2E Test",".ts","65","2563","2.5","6/3/2026 1:29:02 PM"
"Frontend\PlantProcess.Web\e2e\phase3-golden-thread-honesty.spec.ts","05_Frontend_Misc","Frontend Misc: E2E, Scripts, Test Results, Reports","Frontend E2E Test",".ts","37","2183","2.13","6/14/2026 10:50:23 PM"
"Frontend\PlantProcess.Web\e2e\phase4-demo-journey.spec.ts","05_Frontend_Misc","Frontend Misc: E2E, Scripts, Test Results, Reports","Frontend E2E Test",".ts","89","4356","4.25","6/13/2026 7:18:40 PM"
"Frontend\PlantProcess.Web\e2e\phase4-inspection-job-loop.spec.ts","05_Frontend_Misc","Frontend Misc: E2E, Scripts, Test Results, Reports","Frontend E2E Test",".ts","33","1607","1.57","6/15/2026 12:23:52 AM"
"Frontend\PlantProcess.Web\e2e\phase4-ml-foundation-proof.spec.ts","05_Frontend_Misc","Frontend Misc: E2E, Scripts, Test Results, Reports","Frontend E2E Test",".ts","77","2763","2.7","5/31/2026 4:48:53 PM"
"Frontend\PlantProcess.Web\e2e\phase56-primary-flows.spec.ts","05_Frontend_Misc","Frontend Misc: E2E, Scripts, Test Results, Reports","Frontend E2E Test",".ts","26","1255","1.23","5/30/2026 11:14:59 AM"
"Frontend\PlantProcess.Web\e2e\phase5-role-scope-nav.spec.ts","05_Frontend_Misc","Frontend Misc: E2E, Scripts, Test Results, Reports","Frontend E2E Test",".ts","46","2099","2.05","6/15/2026 12:50:57 AM"
"Frontend\PlantProcess.Web\e2e\phase5-scheduled-learning-proof.spec.ts","05_Frontend_Misc","Frontend Misc: E2E, Scripts, Test Results, Reports","Frontend E2E Test",".ts","88","3369","3.29","6/6/2026 12:09:32 PM"
"Frontend\PlantProcess.Web\e2e\phase6-perf-budget.spec.ts","05_Frontend_Misc","Frontend Misc: E2E, Scripts, Test Results, Reports","Frontend E2E Test",".ts","53","2252","2.2","6/13/2026 12:52:21 PM"
"Frontend\PlantProcess.Web\e2e\phase78-workflow-widget.spec.ts","05_Frontend_Misc","Frontend Misc: E2E, Scripts, Test Results, Reports","Frontend E2E Test",".ts","25","944","0.92","5/30/2026 11:44:13 AM"
"Frontend\PlantProcess.Web\e2e\phase8-role-scoped-nav.spec.ts","05_Frontend_Misc","Frontend Misc: E2E, Scripts, Test Results, Reports","Frontend E2E Test",".ts","53","3089","3.02","6/13/2026 2:27:01 PM"
"Frontend\PlantProcess.Web\e2e\phase9-action-matrix.spec.ts","05_Frontend_Misc","Frontend Misc: E2E, Scripts, Test Results, Reports","Frontend E2E Test",".ts","30","934","0.91","6/3/2026 8:05:23 PM"
"Frontend\PlantProcess.Web\e2e\phase9-responsive-states.spec.ts","05_Frontend_Misc","Frontend Misc: E2E, Scripts, Test Results, Reports","Frontend E2E Test",".ts","54","1994","1.95","6/3/2026 8:05:24 PM"
"Frontend\PlantProcess.Web\e2e\PPIQ703-crossbrowser.config.note.txt","05_Frontend_Misc","Frontend Misc: E2E, Scripts, Test Results, Reports","Frontend E2E Test",".txt","9","728","0.71","6/15/2026 10:08:52 AM"
"Frontend\PlantProcess.Web\e2e\ppiq-v1-cross-browser-matrix.spec.ts","05_Frontend_Misc","Frontend Misc: E2E, Scripts, Test Results, Reports","Frontend E2E Test",".ts","36","1927","1.88","6/15/2026 11:44:12 AM"
"Frontend\PlantProcess.Web\e2e\ppiq-v1-page-concurrency.spec.ts","05_Frontend_Misc","Frontend Misc: E2E, Scripts, Test Results, Reports","Frontend E2E Test",".ts","50","2203","2.15","6/15/2026 11:44:12 AM"
"Frontend\PlantProcess.Web\e2e\ppiq-v1-readiness-dry-run.spec.ts","05_Frontend_Misc","Frontend Misc: E2E, Scripts, Test Results, Reports","Frontend E2E Test",".ts","34","1701","1.66","6/15/2026 11:44:12 AM"
"Frontend\PlantProcess.Web\e2e\route-smoke.spec.ts","05_Frontend_Misc","Frontend Misc: E2E, Scripts, Test Results, Reports","Frontend E2E Test",".ts","28","1120","1.09","5/20/2026 11:29:32 PM"
"Frontend\PlantProcess.Web\e2e\security\auth-matrix-admin.spec.ts","05_Frontend_Misc","Frontend Misc: E2E, Scripts, Test Results, Reports","Frontend E2E Test",".ts","146","7822","7.64","5/31/2026 8:49:27 AM"
"Frontend\PlantProcess.Web\e2e\security\phase02-admin-mfa-matrix.spec.ts","05_Frontend_Misc","Frontend Misc: E2E, Scripts, Test Results, Reports","Frontend E2E Test",".ts","20","743","0.73","6/7/2026 2:44:19 PM"
"Frontend\PlantProcess.Web\e2e\t07-widget-failure-isolation.spec.ts","05_Frontend_Misc","Frontend Misc: E2E, Scripts, Test Results, Reports","Frontend E2E Test",".ts","48","2143","2.09","6/13/2026 12:49:21 AM"
"Frontend\PlantProcess.Web\e2e\t10-dashboard-loads.spec.ts","05_Frontend_Misc","Frontend Misc: E2E, Scripts, Test Results, Reports","Frontend E2E Test",".ts","30","1461","1.43","6/13/2026 12:50:53 AM"
"Frontend\PlantProcess.Web\e2e\t14-tier-toggle.spec.ts","05_Frontend_Misc","Frontend Misc: E2E, Scripts, Test Results, Reports","Frontend E2E Test",".ts","40","1938","1.89","6/13/2026 12:49:48 AM"
"Frontend\PlantProcess.Web\e2e\tsconfig.json","05_Frontend_Misc","Frontend Misc: E2E, Scripts, Test Results, Reports","Frontend E2E Test",".json","18","411","0.4","5/20/2026 12:30:01 PM"
"Frontend\PlantProcess.Web\e2e\visual.spec.ts","05_Frontend_Misc","Frontend Misc: E2E, Scripts, Test Results, Reports","Frontend E2E Test",".ts","17","768","0.75","6/13/2026 12:38:59 PM"
"Frontend\PlantProcess.Web\e2e\visual\phase56-analytics-system.visual.spec.ts","05_Frontend_Misc","Frontend Misc: E2E, Scripts, Test Results, Reports","Frontend E2E Test",".ts","16","796","0.78","6/6/2026 11:18:29 AM"
"Frontend\PlantProcess.Web\e2e\visual\phase56-baseline-manifest.json","05_Frontend_Misc","Frontend Misc: E2E, Scripts, Test Results, Reports","Frontend E2E Test",".json","31","591","0.58","5/30/2026 11:14:59 AM"
"Frontend\PlantProcess.Web\e2e\visual\phase9-core.visual.spec.ts","05_Frontend_Misc","Frontend Misc: E2E, Scripts, Test Results, Reports","Frontend E2E Test",".ts","36","1016","0.99","6/3/2026 8:05:24 PM"
"Frontend\PlantProcess.Web\e2e\widget-builder-focused.spec.ts","05_Frontend_Misc","Frontend Misc: E2E, Scripts, Test Results, Reports","Frontend E2E Test",".ts","114","3242","3.17","5/25/2026 2:33:54 PM"
"Frontend\PlantProcess.Web\scripts\analytics\correlation-determinism.mjs","05_Frontend_Misc","Frontend Misc: E2E, Scripts, Test Results, Reports","Frontend Script",".mjs","61","2766","2.7","6/13/2026 6:27:20 PM"
"Frontend\PlantProcess.Web\scripts\audit-language.mjs","05_Frontend_Misc","Frontend Misc: E2E, Scripts, Test Results, Reports","Frontend Script",".mjs","154","3671","3.58","5/21/2026 12:44:05 PM"
"Frontend\PlantProcess.Web\scripts\check-api-client-drift.mjs","05_Frontend_Misc","Frontend Misc: E2E, Scripts, Test Results, Reports","Frontend Script",".mjs","35","1469","1.43","6/9/2026 7:41:57 AM"
"Frontend\PlantProcess.Web\scripts\check-bundle-size.mjs","05_Frontend_Misc","Frontend Misc: E2E, Scripts, Test Results, Reports","Frontend Script",".mjs","74","2296","2.24","5/24/2026 3:07:58 PM"
"Frontend\PlantProcess.Web\scripts\codemods\standardize-imports.cjs","05_Frontend_Misc","Frontend Misc: E2E, Scripts, Test Results, Reports","Frontend Script",".cjs","48","1676","1.64","5/30/2026 10:53:07 AM"
"Frontend\PlantProcess.Web\scripts\dead-button-scan.mjs","05_Frontend_Misc","Frontend Misc: E2E, Scripts, Test Results, Reports","Frontend Script",".mjs","62","3267","3.19","6/13/2026 7:18:39 PM"
"Frontend\PlantProcess.Web\scripts\export-openapi.mjs","05_Frontend_Misc","Frontend Misc: E2E, Scripts, Test Results, Reports","Frontend Script",".mjs","18","866","0.85","6/9/2026 7:41:57 AM"
"Frontend\PlantProcess.Web\scripts\generate-api-client.mjs","05_Frontend_Misc","Frontend Misc: E2E, Scripts, Test Results, Reports","Frontend Script",".mjs","18","729","0.71","6/9/2026 7:41:57 AM"
"Frontend\PlantProcess.Web\scripts\lint-ratchet.mjs","05_Frontend_Misc","Frontend Misc: E2E, Scripts, Test Results, Reports","Frontend Script",".mjs","71","3390","3.31","6/9/2026 7:41:57 AM"
"Frontend\PlantProcess.Web\scripts\probes\material-search\01-search-materials.ps1","05_Frontend_Misc","Frontend Misc: E2E, Scripts, Test Results, Reports","Frontend Script",".ps1","10","316","0.31","5/30/2026 10:53:07 AM"
"Frontend\PlantProcess.Web\scripts\probes\material-search\02-load-investigation.ps1","05_Frontend_Misc","Frontend Misc: E2E, Scripts, Test Results, Reports","Frontend Script",".ps1","10","386","0.38","5/30/2026 10:53:07 AM"
"Frontend\PlantProcess.Web\scripts\probes\material-search\03-calculate-risk.ps1","05_Frontend_Misc","Frontend Misc: E2E, Scripts, Test Results, Reports","Frontend Script",".ps1","12","446","0.44","5/30/2026 10:53:07 AM"
"Frontend\PlantProcess.Web\scripts\probes\material-search\04-pdf-report.ps1","05_Frontend_Misc","Frontend Misc: E2E, Scripts, Test Results, Reports","Frontend Script",".ps1","12","450","0.44","5/30/2026 10:53:07 AM"
"Frontend\PlantProcess.Web\scripts\probes\material-search\README.md","05_Frontend_Misc","Frontend Misc: E2E, Scripts, Test Results, Reports","Frontend Script",".md","20","769","0.75","5/30/2026 10:53:07 AM"
"Frontend\PlantProcess.Web\scripts\validate-api-client-policy.mjs","05_Frontend_Misc","Frontend Misc: E2E, Scripts, Test Results, Reports","Frontend Script",".mjs","82","2216","2.16","5/31/2026 2:07:14 PM"
"Frontend\PlantProcess.Web\scripts\validate-forbidden-copy.mjs","05_Frontend_Misc","Frontend Misc: E2E, Scripts, Test Results, Reports","Frontend Script",".mjs","79","1856","1.81","5/31/2026 2:07:14 PM"
"Frontend\PlantProcess.Web\scripts\validate-no-console-in-src.mjs","05_Frontend_Misc","Frontend Misc: E2E, Scripts, Test Results, Reports","Frontend Script",".mjs","82","2090","2.04","5/31/2026 2:07:14 PM"
"Frontend\PlantProcess.Web\scripts\validate-standard-imports.mjs","05_Frontend_Misc","Frontend Misc: E2E, Scripts, Test Results, Reports","Frontend Script",".mjs","51","1875","1.83","5/31/2026 2:07:14 PM"
"Frontend\PlantProcess.Web\scripts\validate-ui-system-rollout.mjs","05_Frontend_Misc","Frontend Misc: E2E, Scripts, Test Results, Reports","Frontend Script",".mjs","42","1173","1.15","5/31/2026 2:14:10 PM"
"Infrastructure\demo-sources\caster-oracle\init\001_schema_seed.sql","06_Infrastructure","Infrastructure: Deployment, Docker, Caddy, CI/CD Runtime","Deployment / Infrastructure",".sql","77","2795","2.73","6/6/2026 9:32:46 AM"
"Infrastructure\demo-sources\caster-oracle\init\002_data.sql","06_Infrastructure","Infrastructure: Deployment, Docker, Caddy, CI/CD Runtime","Deployment / Infrastructure",".sql","6255","1378113","1345.81","6/9/2026 2:45:59 PM"
"Infrastructure\demo-sources\downtime-mysql\init\001_schema_seed.sql","06_Infrastructure","Infrastructure: Deployment, Docker, Caddy, CI/CD Runtime","Deployment / Infrastructure",".sql","29","1055","1.03","6/6/2026 9:32:47 AM"
"Infrastructure\demo-sources\downtime-mysql\init\002_data.sql","06_Infrastructure","Infrastructure: Deployment, Docker, Caddy, CI/CD Runtime","Deployment / Infrastructure",".sql","112","12807","12.51","6/9/2026 2:45:59 PM"
"Infrastructure\demo-sources\excel-qa\qa_samples.csv","06_Infrastructure","Infrastructure: Deployment, Docker, Caddy, CI/CD Runtime","Deployment / Infrastructure",".csv","1869","156573","152.9","6/9/2026 2:45:59 PM"
"Infrastructure\demo-sources\excel-yard\yard_inventory.csv","06_Infrastructure","Infrastructure: Deployment, Docker, Caddy, CI/CD Runtime","Deployment / Infrastructure",".csv","5601","491637","480.11","6/12/2026 8:41:46 PM"
"Infrastructure\demo-sources\hsm-oracle\init\001_schema_seed.sql","06_Infrastructure","Infrastructure: Deployment, Docker, Caddy, CI/CD Runtime","Deployment / Infrastructure",".sql","75","2903","2.83","6/6/2026 9:32:46 AM"
"Infrastructure\demo-sources\hsm-oracle\init\002_data.sql","06_Infrastructure","Infrastructure: Deployment, Docker, Caddy, CI/CD Runtime","Deployment / Infrastructure",".sql","33480","7674531","7494.66","6/9/2026 2:45:59 PM"
"Infrastructure\demo-sources\meltshop-postgres\init\001_schema_seed.sql","06_Infrastructure","Infrastructure: Deployment, Docker, Caddy, CI/CD Runtime","Deployment / Infrastructure",".sql","81","2023","1.98","6/6/2026 9:32:45 AM"
"Infrastructure\demo-sources\meltshop-postgres\init\002_data.sql","06_Infrastructure","Infrastructure: Deployment, Docker, Caddy, CI/CD Runtime","Deployment / Infrastructure",".sql","639","72785","71.08","6/9/2026 2:45:59 PM"
"Infrastructure\demo-sources\parsytec-mysql\init\001_schema_seed.sql","06_Infrastructure","Infrastructure: Deployment, Docker, Caddy, CI/CD Runtime","Deployment / Infrastructure",".sql","86","1944","1.9","6/6/2026 9:32:47 AM"
"Infrastructure\demo-sources\parsytec-mysql\init\002_data.sql","06_Infrastructure","Infrastructure: Deployment, Docker, Caddy, CI/CD Runtime","Deployment / Infrastructure",".sql","2148","230664","225.26","6/9/2026 2:45:59 PM"
"Infrastructure\demo-sources\pkl-mssql\init\001_schema_seed.sql","06_Infrastructure","Infrastructure: Deployment, Docker, Caddy, CI/CD Runtime","Deployment / Infrastructure",".sql","59","1678","1.64","6/6/2026 9:32:06 AM"
"Infrastructure\demo-sources\pkl-mssql\init\002_data.sql","06_Infrastructure","Infrastructure: Deployment, Docker, Caddy, CI/CD Runtime","Deployment / Infrastructure",".sql","5633","445474","435.03","6/9/2026 2:45:59 PM"
"Infrastructure\deploy\docker-compose.demo.yml","06_Infrastructure","Infrastructure: Deployment, Docker, Caddy, CI/CD Runtime","Deployment / Infrastructure",".yml","138","4806","4.69","6/13/2026 10:14:58 AM"
"Infrastructure\deploy\go-live-acceptance.ps1","06_Infrastructure","Infrastructure: Deployment, Docker, Caddy, CI/CD Runtime","Deployment / Infrastructure",".ps1","100","5141","5.02","6/13/2026 3:21:54 PM"
"Infrastructure\deploy\induce-schema-drift.ps1","06_Infrastructure","Infrastructure: Deployment, Docker, Caddy, CI/CD Runtime","Deployment / Infrastructure",".ps1","91","4754","4.64","6/13/2026 6:28:14 PM"
"Infrastructure\deploy\README.md","06_Infrastructure","Infrastructure: Deployment, Docker, Caddy, CI/CD Runtime","Deployment / Infrastructure",".md","36","1387","1.35","6/10/2026 12:21:03 AM"
".gitattributes","07_Tools_Validation_Misc","Tools, Validation Scripts, Root Config, Misc","Other Text File",".gitattributes","6","114","0.11","6/9/2026 12:41:37 AM"
".gitignore","07_Tools_Validation_Misc","Tools, Validation Scripts, Root Config, Misc","Other Text File",".gitignore","95","1593","1.56","6/13/2026 9:20:43 PM"
"Apply-PPIQ-V1-Critical-Closure-Pack.ps1","07_Tools_Validation_Misc","Tools, Validation Scripts, Root Config, Misc","PowerShell Script",".ps1","1325","61830","60.38","6/15/2026 11:24:12 AM"
"Apply-PPIQ-V1-Critical-Closure-Pack-FIXED.ps1","07_Tools_Validation_Misc","Tools, Validation Scripts, Root Config, Misc","PowerShell Script",".ps1","1346","62687","61.22","6/15/2026 11:33:49 AM"
"Backend\.dockerignore","07_Tools_Validation_Misc","Tools, Validation Scripts, Root Config, Misc","Other Text File",".dockerignore","22","369","0.36","5/19/2026 3:40:34 PM"
"Backend\.env.example","07_Tools_Validation_Misc","Tools, Validation Scripts, Root Config, Misc","Environment Config",".example","36","1047","1.02","6/4/2026 1:08:49 PM"
"Backend\.gitignore","07_Tools_Validation_Misc","Tools, Validation Scripts, Root Config, Misc","Other Text File",".gitignore","16","212","0.21","6/6/2026 9:32:43 AM"
"Backend\coverlet.runsettings","07_Tools_Validation_Misc","Tools, Validation Scripts, Root Config, Misc","Other Text File",".runsettings","22","662","0.65","5/20/2026 11:32:46 AM"
"Backend\PlantProcess.Analytics.Core\Common\DeterministicRandom.cs","07_Tools_Validation_Misc","Tools, Validation Scripts, Root Config, Misc","Other Text File",".cs","34","1173","1.15","6/2/2026 12:35:37 AM"
"Backend\PlantProcess.Analytics.Core\Contracts\AdvancedAnalysisResult.cs","07_Tools_Validation_Misc","Tools, Validation Scripts, Root Config, Misc","Other Text File",".cs","28","1062","1.04","6/2/2026 12:35:40 AM"
"Backend\PlantProcess.Analytics.Core\Discipline\StatisticalDiscipline.cs","07_Tools_Validation_Misc","Tools, Validation Scripts, Root Config, Misc","Other Text File",".cs","91","4151","4.05","6/2/2026 12:35:40 AM"
"Backend\PlantProcess.Analytics.Core\Kpi\ExpressionEvaluator.cs","07_Tools_Validation_Misc","Tools, Validation Scripts, Root Config, Misc","Other Text File",".cs","131","4415","4.31","6/2/2026 12:35:39 AM"
"Backend\PlantProcess.Analytics.Core\Kpi\KpiEngine.cs","07_Tools_Validation_Misc","Tools, Validation Scripts, Root Config, Misc","Other Text File",".cs","380","12586","12.29","6/7/2026 3:01:26 PM"
"Backend\PlantProcess.Analytics.Core\Methods\CategoricalAssociation.cs","07_Tools_Validation_Misc","Tools, Validation Scripts, Root Config, Misc","Other Text File",".cs","31","1354","1.32","6/2/2026 12:35:38 AM"
"Backend\PlantProcess.Analytics.Core\Methods\Lasso.cs","07_Tools_Validation_Misc","Tools, Validation Scripts, Root Config, Misc","Other Text File",".cs","55","2228","2.18","6/2/2026 12:35:38 AM"
"Backend\PlantProcess.Analytics.Core\Methods\MethodSelector.cs","07_Tools_Validation_Misc","Tools, Validation Scripts, Root Config, Misc","Other Text File",".cs","37","1988","1.94","6/2/2026 12:35:38 AM"
"Backend\PlantProcess.Analytics.Core\Methods\MutualInformation.cs","07_Tools_Validation_Misc","Tools, Validation Scripts, Root Config, Misc","Other Text File",".cs","67","2665","2.6","6/2/2026 12:35:37 AM"
"Backend\PlantProcess.Analytics.Core\Methods\VarianceInflation.cs","07_Tools_Validation_Misc","Tools, Validation Scripts, Root Config, Misc","Other Text File",".cs","38","1453","1.42","6/2/2026 12:35:38 AM"
"Backend\PlantProcess.Analytics.Core\Numerics\LinearAlgebra.cs","07_Tools_Validation_Misc","Tools, Validation Scripts, Root Config, Misc","Other Text File",".cs","64","2645","2.58","6/2/2026 12:35:37 AM"
"Backend\PlantProcess.Analytics.Core\Numerics\Stats.cs","07_Tools_Validation_Misc","Tools, Validation Scripts, Root Config, Misc","Other Text File",".cs","105","4291","4.19","6/2/2026 12:35:37 AM"
"Backend\PlantProcess.Analytics.Core\PlantProcess.Analytics.Core.csproj","07_Tools_Validation_Misc","Tools, Validation Scripts, Root Config, Misc",".NET Project File",".csproj","11","334","0.33","6/7/2026 2:56:26 PM"
"Backend\PlantProcess.Analytics.Core\Primitives\AnalysisModels.cs","07_Tools_Validation_Misc","Tools, Validation Scripts, Root Config, Misc","Other Text File",".cs","39","1157","1.13","6/2/2026 12:35:38 AM"
"Backend\PlantProcess.Analytics.Core\Primitives\SimpleAnalysis.cs","07_Tools_Validation_Misc","Tools, Validation Scripts, Root Config, Misc","Other Text File",".cs","140","7766","7.58","6/2/2026 12:35:39 AM"
"Backend\PlantProcess.Analytics.Core\Readiness\ReadinessGate.cs","07_Tools_Validation_Misc","Tools, Validation Scripts, Root Config, Misc","Other Text File",".cs","61","3206","3.13","6/2/2026 12:35:39 AM"
"Backend\PlantProcess.Analytics.Engine\AnalyticsEngineServiceCollectionExtensions.cs","07_Tools_Validation_Misc","Tools, Validation Scripts, Root Config, Misc","Other Text File",".cs","20","838","0.82","6/2/2026 12:49:31 AM"
"Backend\PlantProcess.Analytics.Engine\ManagedStatisticalComputeEngine.cs","07_Tools_Validation_Misc","Tools, Validation Scripts, Root Config, Misc","Other Text File",".cs","122","5596","5.46","6/2/2026 12:49:31 AM"
"Backend\PlantProcess.Analytics.Engine\PlantProcess.Analytics.Engine.csproj","07_Tools_Validation_Misc","Tools, Validation Scripts, Root Config, Misc",".NET Project File",".csproj","16","658","0.64","6/2/2026 1:28:35 AM"
"Backend\PlantProcess.Analytics.Engine\Ports.cs","07_Tools_Validation_Misc","Tools, Validation Scripts, Root Config, Misc","Other Text File",".cs","46","1749","1.71","6/2/2026 12:49:31 AM"
"Backend\tools\Apply-T039-DemoGenerator.ps1","07_Tools_Validation_Misc","Tools, Validation Scripts, Root Config, Misc","PowerShell Script",".ps1","421","18509","18.08","6/12/2026 8:41:46 PM"
"Backend\tools\generate_demo_dataset.py","07_Tools_Validation_Misc","Tools, Validation Scripts, Root Config, Misc","Other Text File",".py","373","16230","15.85","6/12/2026 8:41:46 PM"
"Backend\tools\generate_synthetic_insert_writers.py","07_Tools_Validation_Misc","Tools, Validation Scripts, Root Config, Misc","Other Text File",".py","233","8022","7.83","5/24/2026 2:57:55 PM"
"Backend\tools\generate_synthetic_plantprocessiq.py","07_Tools_Validation_Misc","Tools, Validation Scripts, Root Config, Misc","Other Text File",".py","146","7076","6.91","5/11/2026 2:21:23 PM"
"Backend\tools\GenerateDeepAudit.ps1","07_Tools_Validation_Misc","Tools, Validation Scripts, Root Config, Misc","PowerShell Script",".ps1","236","10339","10.1","5/12/2026 7:15:54 PM"
"Backend\tools\GenerateProjectDocumentation.ps1","07_Tools_Validation_Misc","Tools, Validation Scripts, Root Config, Misc","PowerShell Script",".ps1","236","6663","6.51","5/10/2026 9:41:01 AM"
"Backend\tools\GenerateProjectDocumentation_Advanced - BackendOnly.ps1","07_Tools_Validation_Misc","Tools, Validation Scripts, Root Config, Misc","PowerShell Script",".ps1","675","21907","21.39","5/10/2026 7:31:11 PM"
"Backend\tools\GenerateProjectDocumentation_Advanced.ps1","07_Tools_Validation_Misc","Tools, Validation Scripts, Root Config, Misc","PowerShell Script",".ps1","964","32936","32.16","5/11/2026 4:14:57 PM"
"Backend\tools\phase0\Invoke-Phase0Phase1SmokeTests.ps1","07_Tools_Validation_Misc","Tools, Validation Scripts, Root Config, Misc","PowerShell Script",".ps1","397","13961","13.63","5/16/2026 9:43:39 AM"
"Backend\tools\phase0\README.md","07_Tools_Validation_Misc","Tools, Validation Scripts, Root Config, Misc","Markdown Documentation",".md","268","8597","8.4","5/30/2026 8:54:45 AM"
"Backend\tools\phase0\Test-ApiBaseline.ps1","07_Tools_Validation_Misc","Tools, Validation Scripts, Root Config, Misc","PowerShell Script",".ps1","142","3826","3.74","5/10/2026 7:31:11 PM"
"Backend\tools\phase0\Validate-Phase0.ps1","07_Tools_Validation_Misc","Tools, Validation Scripts, Root Config, Misc","PowerShell Script",".ps1","86","2784","2.72","5/19/2026 12:19:15 AM"
"Backend\tools\validate-sprint6-tasks-4-8.ps1","07_Tools_Validation_Misc","Tools, Validation Scripts, Root Config, Misc","PowerShell Script",".ps1","198","6924","6.76","5/31/2026 2:07:14 PM"
"Backend\tools\validation\Validate-Dimension5-Dimension8.ps1","07_Tools_Validation_Misc","Tools, Validation Scripts, Root Config, Misc","PowerShell Script",".ps1","179","6582","6.43","5/21/2026 3:49:55 PM"
"Backend\tools\verify_demo_dataset.py","07_Tools_Validation_Misc","Tools, Validation Scripts, Root Config, Misc","Other Text File",".py","45","2222","2.17","6/15/2026 7:40:39 AM"
"deploy\.env.example","07_Tools_Validation_Misc","Tools, Validation Scripts, Root Config, Misc","Environment Config",".example","6","263","0.26","6/6/2026 9:50:51 AM"
"deploy\airgap\egress-deny-test.ps1","07_Tools_Validation_Misc","Tools, Validation Scripts, Root Config, Misc","PowerShell Script",".ps1","11","422","0.41","6/3/2026 3:22:44 PM"
"deploy\airgap\IMAGE_MANIFEST.lock","07_Tools_Validation_Misc","Tools, Validation Scripts, Root Config, Misc","Other Text File",".lock","7","270","0.26","6/3/2026 3:22:44 PM"
"deploy\airgap\install-airgap.ps1","07_Tools_Validation_Misc","Tools, Validation Scripts, Root Config, Misc","PowerShell Script",".ps1","26","671","0.66","6/6/2026 9:50:51 AM"
"deploy\airgap\preflight-airgap.ps1","07_Tools_Validation_Misc","Tools, Validation Scripts, Root Config, Misc","PowerShell Script",".ps1","28","718","0.7","6/3/2026 3:22:44 PM"
"deploy\airgap\SIZING_TIERS.md","07_Tools_Validation_Misc","Tools, Validation Scripts, Root Config, Misc","Markdown Documentation",".md","22","497","0.49","6/3/2026 3:22:44 PM"
"deploy\build-info.json","07_Tools_Validation_Misc","Tools, Validation Scripts, Root Config, Misc","JSON Configuration",".json","9","297","0.29","6/10/2026 12:30:22 PM"
"deploy\caddy\Caddyfile","07_Tools_Validation_Misc","Tools, Validation Scripts, Root Config, Misc","Caddyfile","","70","2258","2.21","6/13/2026 10:14:58 AM"
"deploy\caddy\README.md","07_Tools_Validation_Misc","Tools, Validation Scripts, Root Config, Misc","Markdown Documentation",".md","30","753","0.74","6/10/2026 1:12:30 PM"
"deploy\ci\phase01-acceptance.md","07_Tools_Validation_Misc","Tools, Validation Scripts, Root Config, Misc","Markdown Documentation",".md","29","1555","1.52","6/9/2026 12:41:37 AM"
"deploy\ci\post-deploy-smoke.sh","07_Tools_Validation_Misc","Tools, Validation Scripts, Root Config, Misc","Shell Script",".sh","32","1195","1.17","6/9/2026 12:41:35 AM"
"deploy\ci\README.md","07_Tools_Validation_Misc","Tools, Validation Scripts, Root Config, Misc","Markdown Documentation",".md","5","177","0.17","6/4/2026 1:23:43 PM"
"deploy\compose\.env.example","07_Tools_Validation_Misc","Tools, Validation Scripts, Root Config, Misc","Environment Config",".example","45","2302","2.25","6/13/2026 9:51:58 AM"
"deploy\compose\docker-compose.airgap.yml","07_Tools_Validation_Misc","Tools, Validation Scripts, Root Config, Misc","Docker Compose",".yml","61","1497","1.46","6/6/2026 9:50:51 AM"
"deploy\compose\docker-compose.backend-dev.yml","07_Tools_Validation_Misc","Tools, Validation Scripts, Root Config, Misc","Docker Compose",".yml","51","1848","1.8","6/6/2026 9:32:20 AM"
"deploy\compose\docker-compose.base.yml","07_Tools_Validation_Misc","Tools, Validation Scripts, Root Config, Misc","Docker Compose",".yml","50","1398","1.37","6/7/2026 3:14:44 PM"
"deploy\compose\docker-compose.customer-template.yml","07_Tools_Validation_Misc","Tools, Validation Scripts, Root Config, Misc","Docker Compose",".yml","25","1377","1.34","6/10/2026 2:15:11 PM"
"deploy\compose\docker-compose.demo.yml","07_Tools_Validation_Misc","Tools, Validation Scripts, Root Config, Misc","Docker Compose",".yml","105","3752","3.66","6/9/2026 12:41:35 AM"
"deploy\compose\docker-compose.demo-sources.ports.yml","07_Tools_Validation_Misc","Tools, Validation Scripts, Root Config, Misc","Docker Compose",".yml","40","1213","1.18","6/9/2026 3:34:31 PM"
"deploy\compose\docker-compose.demo-sources.yml","07_Tools_Validation_Misc","Tools, Validation Scripts, Root Config, Misc","Docker Compose",".yml","151","4676","4.57","6/2/2026 3:55:12 PM"
"deploy\compose\docker-compose.edge-agent.yml","07_Tools_Validation_Misc","Tools, Validation Scripts, Root Config, Misc","Docker Compose",".yml","20","444","0.43","6/6/2026 5:00:49 PM"
"deploy\compose\docker-compose.local-db.yml","07_Tools_Validation_Misc","Tools, Validation Scripts, Root Config, Misc","Docker Compose",".yml","21","682","0.67","6/4/2026 10:40:12 AM"
"deploy\compose\docker-compose.local-native-main-db.yml","07_Tools_Validation_Misc","Tools, Validation Scripts, Root Config, Misc","Docker Compose",".yml","44","1926","1.88","6/10/2026 2:15:11 PM"
"deploy\compose\docker-compose.prod.yml","07_Tools_Validation_Misc","Tools, Validation Scripts, Root Config, Misc","Docker Compose",".yml","30","733","0.72","6/7/2026 3:14:44 PM"
"deploy\compose\docker-compose.server-docker-main-db.yml","07_Tools_Validation_Misc","Tools, Validation Scripts, Root Config, Misc","Docker Compose",".yml","34","1939","1.89","6/10/2026 1:12:30 PM"
"deploy\compose\docker-compose.testmode.yml","07_Tools_Validation_Misc","Tools, Validation Scripts, Root Config, Misc","Docker Compose",".yml","12","664","0.65","6/12/2026 10:22:54 PM"
"deploy\compose\env\.env.customer-template.example","07_Tools_Validation_Misc","Tools, Validation Scripts, Root Config, Misc","Environment Config",".example","18","780","0.76","6/10/2026 1:12:30 PM"
"deploy\compose\env\.env.local-native-main-db.example","07_Tools_Validation_Misc","Tools, Validation Scripts, Root Config, Misc","Environment Config",".example","22","836","0.82","6/10/2026 2:15:11 PM"
"deploy\compose\env\.env.query-preview-readonly.example","07_Tools_Validation_Misc","Tools, Validation Scripts, Root Config, Misc","Environment Config",".example","7","502","0.49","6/10/2026 2:33:59 PM"
"deploy\compose\env\.env.server-docker-main-db.example","07_Tools_Validation_Misc","Tools, Validation Scripts, Root Config, Misc","Environment Config",".example","22","692","0.68","6/10/2026 1:12:30 PM"
"deploy\compose\README.md","07_Tools_Validation_Misc","Tools, Validation Scripts, Root Config, Misc","Markdown Documentation",".md","49","1465","1.43","6/10/2026 1:12:30 PM"
"deploy\demo-sources\README.md","07_Tools_Validation_Misc","Tools, Validation Scripts, Root Config, Misc","Markdown Documentation",".md","7","284","0.28","6/4/2026 1:23:42 PM"
"deploy\dr\backup.ps1","07_Tools_Validation_Misc","Tools, Validation Scripts, Root Config, Misc","PowerShell Script",".ps1","28","795","0.78","6/3/2026 3:22:45 PM"
"deploy\dr\ha-reference-compose.yml","07_Tools_Validation_Misc","Tools, Validation Scripts, Root Config, Misc","YAML Configuration",".yml","27","933","0.91","6/6/2026 9:50:51 AM"
"deploy\dr\restore.ps1","07_Tools_Validation_Misc","Tools, Validation Scripts, Root Config, Misc","PowerShell Script",".ps1","14","423","0.41","6/3/2026 3:22:45 PM"
"deploy\dr\RPO_RTO_RUNBOOK.md","07_Tools_Validation_Misc","Tools, Validation Scripts, Root Config, Misc","Markdown Documentation",".md","43","742","0.72","6/3/2026 3:25:42 PM"
"deploy\edge-agent\.env.edge-agent.template","07_Tools_Validation_Misc","Tools, Validation Scripts, Root Config, Misc","Environment Config",".template","8","327","0.32","6/6/2026 5:00:49 PM"
"deploy\edge-agent\Dockerfile","07_Tools_Validation_Misc","Tools, Validation Scripts, Root Config, Misc","Dockerfile","","12","404","0.39","6/6/2026 5:00:49 PM"
"deploy\edge-agent\README_EDGE_AGENT_DEPLOYMENT.md","07_Tools_Validation_Misc","Tools, Validation Scripts, Root Config, Misc","Markdown Documentation",".md","37","1271","1.24","6/6/2026 5:00:49 PM"
"deploy\export\export-open-format.ps1","07_Tools_Validation_Misc","Tools, Validation Scripts, Root Config, Misc","PowerShell Script",".ps1","43","1179","1.15","6/3/2026 3:25:42 PM"
"deploy\export\open-format-manifest.schema.json","07_Tools_Validation_Misc","Tools, Validation Scripts, Root Config, Misc","JSON Configuration",".json","39","994","0.97","6/3/2026 3:25:42 PM"
"deploy\identity\keycloak-reference-compose.yml","07_Tools_Validation_Misc","Tools, Validation Scripts, Root Config, Misc","YAML Configuration",".yml","16","334","0.33","6/3/2026 4:04:09 PM"
"deploy\live\docker-compose.local.yml","07_Tools_Validation_Misc","Tools, Validation Scripts, Root Config, Misc","Docker Compose",".yml","12","837","0.82","6/10/2026 1:06:18 PM"
"deploy\live\docker-compose.p1-t01.env.yml","07_Tools_Validation_Misc","Tools, Validation Scripts, Root Config, Misc","Docker Compose",".yml","25","903","0.88","6/10/2026 12:30:22 PM"
"deploy\live\docker-compose.signingkey.yml","07_Tools_Validation_Misc","Tools, Validation Scripts, Root Config, Misc","Docker Compose",".yml","9","575","0.56","6/10/2026 12:54:33 PM"
"deploy\live\rollback-p1-t01.ps1","07_Tools_Validation_Misc","Tools, Validation Scripts, Root Config, Misc","PowerShell Script",".ps1","63","1768","1.73","6/10/2026 12:30:27 PM"
"deploy\local\README.md","07_Tools_Validation_Misc","Tools, Validation Scripts, Root Config, Misc","Markdown Documentation",".md","10","356","0.35","6/4/2026 1:23:42 PM"
"deploy\README.md","07_Tools_Validation_Misc","Tools, Validation Scripts, Root Config, Misc","Markdown Documentation",".md","41","1563","1.53","6/9/2026 12:41:35 AM"
"deploy\scripts\ci-e2e-stack.sh","07_Tools_Validation_Misc","Tools, Validation Scripts, Root Config, Misc","Shell Script",".sh","40","1669","1.63","6/13/2026 10:14:58 AM"
"deploy\scripts\ci-test-db.sh","07_Tools_Validation_Misc","Tools, Validation Scripts, Root Config, Misc","Shell Script",".sh","42","1810","1.77","6/13/2026 10:58:00 AM"
"deploy\scripts\deploy-canonical.sh","07_Tools_Validation_Misc","Tools, Validation Scripts, Root Config, Misc","Shell Script",".sh","56","2477","2.42","6/13/2026 7:48:36 PM"
"deploy\scripts\migrate-and-seed.sh","07_Tools_Validation_Misc","Tools, Validation Scripts, Root Config, Misc","Shell Script",".sh","35","1888","1.84","6/13/2026 9:52:35 AM"
"deploy\scripts\phase1-proof.sh","07_Tools_Validation_Misc","Tools, Validation Scripts, Root Config, Misc","Shell Script",".sh","24","827","0.81","6/12/2026 10:21:08 PM"
"deploy\scripts\sweep-stale.sh","07_Tools_Validation_Misc","Tools, Validation Scripts, Root Config, Misc","Shell Script",".sh","21","889","0.87","6/13/2026 1:03:39 AM"
"deploy\server\.env.example","07_Tools_Validation_Misc","Tools, Validation Scripts, Root Config, Misc","Environment Config",".example","96","3691","3.6","6/6/2026 9:50:51 AM"
"deploy\server\.env.production","07_Tools_Validation_Misc","Tools, Validation Scripts, Root Config, Misc","Environment Config",".production","93","4079","3.98","6/1/2026 2:56:05 PM"
"deploy\server\apply-server-db-scripts.sh","07_Tools_Validation_Misc","Tools, Validation Scripts, Root Config, Misc","Shell Script",".sh","33","1256","1.23","5/31/2026 11:07:49 AM"
"deploy\server\clean-machine-to-login.ps1","07_Tools_Validation_Misc","Tools, Validation Scripts, Root Config, Misc","PowerShell Script",".ps1","317","9217","9","6/10/2026 3:28:36 PM"
"deploy\server\converge-canonical-stack.sh","07_Tools_Validation_Misc","Tools, Validation Scripts, Root Config, Misc","Shell Script",".sh","54","2468","2.41","6/12/2026 10:13:55 PM"
"deploy\server\harden-postgres-private-network.sh","07_Tools_Validation_Misc","Tools, Validation Scripts, Root Config, Misc","Shell Script",".sh","22","638","0.62","6/7/2026 3:15:57 PM"
"deploy\server\probe-canonical.sh","07_Tools_Validation_Misc","Tools, Validation Scripts, Root Config, Misc","Shell Script",".sh","38","1864","1.82","6/12/2026 10:13:55 PM"
"deploy\server\README.md","07_Tools_Validation_Misc","Tools, Validation Scripts, Root Config, Misc","Markdown Documentation",".md","79","2791","2.73","5/31/2026 10:08:38 AM"
"deploy\server\rotate-postgres-password.sh","07_Tools_Validation_Misc","Tools, Validation Scripts, Root Config, Misc","Shell Script",".sh","20","758","0.74","5/31/2026 11:30:39 AM"
"deploy\server\SERVER_DEPLOYMENT_CHECKLIST.md","07_Tools_Validation_Misc","Tools, Validation Scripts, Root Config, Misc","Markdown Documentation",".md","31","1214","1.19","6/4/2026 1:31:15 PM"
"deploy\server\SERVER_DRY_RUN.md","07_Tools_Validation_Misc","Tools, Validation Scripts, Root Config, Misc","Markdown Documentation",".md","26","1101","1.08","6/4/2026 1:37:07 PM"
"deploy\server\SERVER_RUNBOOK.md","07_Tools_Validation_Misc","Tools, Validation Scripts, Root Config, Misc","Markdown Documentation",".md","45","1716","1.68","6/4/2026 1:31:14 PM"
"deploy\server\verify-server-exposure.sh","07_Tools_Validation_Misc","Tools, Validation Scripts, Root Config, Misc","Shell Script",".sh","48","1718","1.68","6/9/2026 12:41:35 AM"
"docs\acquisition\P05_OT_SAFE_ACQUISITION.md","07_Tools_Validation_Misc","Tools, Validation Scripts, Root Config, Misc","Markdown Documentation",".md","17","685","0.67","6/4/2026 9:29:01 AM"
"docs\ai\P04_PRIVATE_MODEL_GATEWAY_CISO_CONTROLS.md","07_Tools_Validation_Misc","Tools, Validation Scripts, Root Config, Misc","Markdown Documentation",".md","19","1038","1.01","6/3/2026 4:24:01 PM"
"docs\analytics\P02_CANONICAL_ANALYTICS_ENGINE.md","07_Tools_Validation_Misc","Tools, Validation Scripts, Root Config, Misc","Markdown Documentation",".md","16","954","0.93","6/4/2026 8:55:19 AM"
"docs\analytics\P03_VALUE_EVIDENCE_HMI.md","07_Tools_Validation_Misc","Tools, Validation Scripts, Root Config, Misc","Markdown Documentation",".md","16","674","0.66","6/4/2026 9:13:20 AM"
"docs\assistant\P04_PRODUCTION_ASSISTANT.md","07_Tools_Validation_Misc","Tools, Validation Scripts, Root Config, Misc","Markdown Documentation",".md","20","968","0.95","6/4/2026 9:23:04 AM"
"docs\ci\gate-report.json","07_Tools_Validation_Misc","Tools, Validation Scripts, Root Config, Misc","JSON Configuration",".json","33","938","0.92","6/6/2026 2:29:19 PM"
"docs\closure\P13_CUSTOMER_ACCEPTANCE_REPORT_TEMPLATE.md","07_Tools_Validation_Misc","Tools, Validation Scripts, Root Config, Misc","Markdown Documentation",".md","31","544","0.53","6/3/2026 4:16:36 PM"
"docs\closure\PACK_B35_MOSTLY_GREEN_TASK_CLOSURE.md","07_Tools_Validation_Misc","Tools, Validation Scripts, Root Config, Misc","Markdown Documentation",".md","36","1402","1.37","6/3/2026 4:16:35 PM"
"docs\compliance\CONTROL_EVIDENCE_MATRIX.md","07_Tools_Validation_Misc","Tools, Validation Scripts, Root Config, Misc","Markdown Documentation",".md","9","481","0.47","6/3/2026 3:25:43 PM"
"docs\connectors\P07_CONNECTOR_RUNTIME_CERTIFICATION.md","07_Tools_Validation_Misc","Tools, Validation Scripts, Root Config, Misc","Markdown Documentation",".md","24","1298","1.27","6/3/2026 4:21:23 PM"
"docs\demo\canonical-layout.md","07_Tools_Validation_Misc","Tools, Validation Scripts, Root Config, Misc","Markdown Documentation",".md","28","1298","1.27","5/31/2026 11:42:05 AM"
"docs\demo\demo-source-systems.md","07_Tools_Validation_Misc","Tools, Validation Scripts, Root Config, Misc","Markdown Documentation",".md","23","810","0.79","5/31/2026 11:42:05 AM"
"docs\deployment\PHASE03_CANONICAL_DEPLOYMENT.md","07_Tools_Validation_Misc","Tools, Validation Scripts, Root Config, Misc","Markdown Documentation",".md","18","549","0.54","6/7/2026 3:15:57 PM"
"docs\deployment\PHASE03_CLEAN_MACHINE_TO_LOGIN_RUNBOOK.md","07_Tools_Validation_Misc","Tools, Validation Scripts, Root Config, Misc","Markdown Documentation",".md","108","3879","3.79","6/10/2026 3:21:44 PM"
"docs\deployment\PHASE03_T015_POSTGRES_PORT_PROOF.template.md","07_Tools_Validation_Misc","Tools, Validation Scripts, Root Config, Misc","Markdown Documentation",".md","21","595","0.58","6/7/2026 3:15:57 PM"
"docs\deployment\T007_CLEAN_MACHINE_DEPLOY_ACCEPTANCE.latest.md","07_Tools_Validation_Misc","Tools, Validation Scripts, Root Config, Misc","Markdown Documentation",".md","21","498","0.49","6/9/2026 2:33:32 PM"
"docs\deployment\T007_CLEAN_MACHINE_DEPLOY_ACCEPTANCE.md","07_Tools_Validation_Misc","Tools, Validation Scripts, Root Config, Misc","Markdown Documentation",".md","26","839","0.82","6/9/2026 2:31:05 PM"
"docs\developer\HISTORIAN_CONNECTOR_REGRESSION_GUIDE.md","07_Tools_Validation_Misc","Tools, Validation Scripts, Root Config, Misc","Markdown Documentation",".md","34","1721","1.68","6/6/2026 4:32:00 PM"
"docs\developer\HISTORIAN_CONNECTOR_RUNBOOK.md","07_Tools_Validation_Misc","Tools, Validation Scripts, Root Config, Misc","Markdown Documentation",".md","50","1823","1.78","6/6/2026 4:32:00 PM"
"docs\developer\MAPPING_AND_DRIFT_DEVELOPER_GUIDE.md","07_Tools_Validation_Misc","Tools, Validation Scripts, Root Config, Misc","Markdown Documentation",".md","151","6632","6.48","6/6/2026 3:11:51 PM"
"docs\developer\MAPPING_DRIFT_GATE_COMMANDS.md","07_Tools_Validation_Misc","Tools, Validation Scripts, Root Config, Misc","Markdown Documentation",".md","41","1017","0.99","6/6/2026 3:11:51 PM"
"docs\developer\MAPPING_DRIFT_TROUBLESHOOTING_RUNBOOK.md","07_Tools_Validation_Misc","Tools, Validation Scripts, Root Config, Misc","Markdown Documentation",".md","77","2368","2.31","6/6/2026 3:11:51 PM"
"docs\developer\OT_SAFE_EDGE_AGENT_BACKEND_RUNBOOK.md","07_Tools_Validation_Misc","Tools, Validation Scripts, Root Config, Misc","Markdown Documentation",".md","30","965","0.94","6/6/2026 4:50:34 PM"
"docs\developer\OT_SAFE_EDGE_AGENT_CONTRACT.md","07_Tools_Validation_Misc","Tools, Validation Scripts, Root Config, Misc","Markdown Documentation",".md","29","1070","1.04","6/6/2026 4:50:34 PM"
"docs\developer\OT_SAFE_EDGE_AGENT_DEPLOYMENT_GUIDE.md","07_Tools_Validation_Misc","Tools, Validation Scripts, Root Config, Misc","Markdown Documentation",".md","30","1023","1","6/6/2026 5:00:49 PM"
"docs\developer\OT_SAFE_EDGE_AGENT_FINAL_RUNBOOK.md","07_Tools_Validation_Misc","Tools, Validation Scripts, Root Config, Misc","Markdown Documentation",".md","25","716","0.7","6/6/2026 5:06:39 PM"
"docs\developer\OT_SAFE_EDGE_AGENT_REGRESSION_GUIDE.md","07_Tools_Validation_Misc","Tools, Validation Scripts, Root Config, Misc","Markdown Documentation",".md","33","1166","1.14","6/6/2026 5:06:39 PM"
"docs\developer\PHASE15_ADVISORY_VALUE_CONTRACT.md","07_Tools_Validation_Misc","Tools, Validation Scripts, Root Config, Misc","Markdown Documentation",".md","32","1258","1.23","6/6/2026 5:29:37 PM"
"docs\developer\PHASE15_ADVISORY_VALUE_RUNBOOK.md","07_Tools_Validation_Misc","Tools, Validation Scripts, Root Config, Misc","Markdown Documentation",".md","20","872","0.85","6/6/2026 5:29:37 PM"
"docs\developer\PHASE15_CROSS_PLANT_INDUSTRY_BENCHMARKING.md","07_Tools_Validation_Misc","Tools, Validation Scripts, Root Config, Misc","Markdown Documentation",".md","30","914","0.89","6/6/2026 6:09:34 PM"
"docs\developer\PHASE15_RECOMMENDATION_GENERATOR.md","07_Tools_Validation_Misc","Tools, Validation Scripts, Root Config, Misc","Markdown Documentation",".md","31","1057","1.03","6/6/2026 5:50:24 PM"
"docs\developer\PHASE15_RECOMMENDATION_HONESTY_CERTIFICATION.md","07_Tools_Validation_Misc","Tools, Validation Scripts, Root Config, Misc","Markdown Documentation",".md","27","741","0.72","6/6/2026 6:16:54 PM"
"docs\developer\PHASE15_ROI_CFO_VALUE_DASHBOARD.md","07_Tools_Validation_Misc","Tools, Validation Scripts, Root Config, Misc","Markdown Documentation",".md","27","852","0.83","6/6/2026 6:03:47 PM"
"docs\developer\PHASE15_VALUE_REALIZATION_TRACKING.md","07_Tools_Validation_Misc","Tools, Validation Scripts, Root Config, Misc","Markdown Documentation",".md","29","881","0.86","6/6/2026 5:59:40 PM"
"docs\developer\PHASE15_WHATIF_SCENARIO_ENGINE.md","07_Tools_Validation_Misc","Tools, Validation Scripts, Root Config, Misc","Markdown Documentation",".md","28","855","0.83","6/6/2026 5:40:49 PM"
"docs\escrow\SOURCE_CODE_ESCROW_PROCESS.md","07_Tools_Validation_Misc","Tools, Validation Scripts, Root Config, Misc","Markdown Documentation",".md","24","611","0.6","6/3/2026 3:25:42 PM"
"docs\GO_LIVE_SIGNOFF.md","07_Tools_Validation_Misc","Tools, Validation Scripts, Root Config, Misc","Markdown Documentation",".md","15","318","0.31","6/13/2026 10:20:35 PM"
"docs\ground-truth\GROUND_TRUTH_HOTFIX_EVIDENCE.md","07_Tools_Validation_Misc","Tools, Validation Scripts, Root Config, Misc","Markdown Documentation",".md","39","2275","2.22","6/6/2026 12:21:50 PM"
"docs\ground-truth\ROADMAP_GROUND_TRUTH_SCORECARD.json","07_Tools_Validation_Misc","Tools, Validation Scripts, Root Config, Misc","JSON Configuration",".json","1819","127844","124.85","6/13/2026 10:15:12 AM"
"docs\ground-truth\ROADMAP_GROUND_TRUTH_SCORECARD.md","07_Tools_Validation_Misc","Tools, Validation Scripts, Root Config, Misc","Markdown Documentation",".md","77","4436","4.33","6/13/2026 10:15:12 AM"
"docs\identity\P09_SSO_SCIM_RUNTIME_CERTIFICATION.md","07_Tools_Validation_Misc","Tools, Validation Scripts, Root Config, Misc","Markdown Documentation",".md","33","1268","1.24","6/4/2026 1:19:42 AM"
"docs\modules\PRODUCT_MODULE_BOUNDARIES.md","07_Tools_Validation_Misc","Tools, Validation Scripts, Root Config, Misc","Markdown Documentation",".md","34","880","0.86","6/3/2026 3:25:43 PM"
"docs\pack-a\PACK_A_CLOSURE_MAP.json","07_Tools_Validation_Misc","Tools, Validation Scripts, Root Config, Misc","JSON Configuration",".json","100","3528","3.45","6/6/2026 2:25:27 PM"
"docs\pack-a\PACK_A_CLOSURE_MAP.md","07_Tools_Validation_Misc","Tools, Validation Scripts, Root Config, Misc","Markdown Documentation",".md","75","2542","2.48","6/6/2026 2:25:27 PM"
"docs\pack-a\PACK_A_IMPLEMENTATION_EVIDENCE.md","07_Tools_Validation_Misc","Tools, Validation Scripts, Root Config, Misc","Markdown Documentation",".md","105","4209","4.11","6/6/2026 3:11:51 PM"
"docs\pack-a\PACK_A1_REMAINING_CLEANUP_AUDIT.json","07_Tools_Validation_Misc","Tools, Validation Scripts, Root Config, Misc","JSON Configuration",".json","6719","221758","216.56","6/6/2026 2:25:27 PM"
"docs\pack-a\PACK_A1_REMAINING_CLEANUP_AUDIT.md","07_Tools_Validation_Misc","Tools, Validation Scripts, Root Config, Misc","Markdown Documentation",".md","161","17760","17.34","6/6/2026 2:25:27 PM"
"docs\pack-a\PACK_A2_RUN_ONCE_TOOLING_ARCHIVE_REPORT.json","07_Tools_Validation_Misc","Tools, Validation Scripts, Root Config, Misc","JSON Configuration",".json","263","12484","12.19","6/6/2026 2:27:16 PM"
"docs\pack-a\PACK_A2_RUN_ONCE_TOOLING_ARCHIVE_REPORT.md","07_Tools_Validation_Misc","Tools, Validation Scripts, Root Config, Misc","Markdown Documentation",".md","48","6103","5.96","6/6/2026 2:27:16 PM"
"docs\pack-a\PACK_A3_CI_CERTIFICATION_WIRING_REPORT.json","07_Tools_Validation_Misc","Tools, Validation Scripts, Root Config, Misc","JSON Configuration",".json","34","973","0.95","6/6/2026 2:29:19 PM"
"docs\pack-a\PACK_A3_CI_CERTIFICATION_WIRING_REPORT.md","07_Tools_Validation_Misc","Tools, Validation Scripts, Root Config, Misc","Markdown Documentation",".md","26","732","0.71","6/6/2026 2:29:19 PM"
"docs\pack-a\PACK_A3B_TASK_CLOSURE_EVIDENCE_BRIDGE_REPORT.json","07_Tools_Validation_Misc","Tools, Validation Scripts, Root Config, Misc","JSON Configuration",".json","11","464","0.45","6/6/2026 2:34:46 PM"
"docs\pack-a\PACK_A3B_TASK_CLOSURE_EVIDENCE_BRIDGE_REPORT.md","07_Tools_Validation_Misc","Tools, Validation Scripts, Root Config, Misc","Markdown Documentation",".md","17","607","0.59","6/6/2026 2:34:46 PM"
"docs\pack-a\PACK_A4_T007_JENKINS_TELEMETRY_DEDUP_REPORT.json","07_Tools_Validation_Misc","Tools, Validation Scripts, Root Config, Misc","JSON Configuration",".json","65","1832","1.79","6/6/2026 2:39:01 PM"
"docs\pack-a\PACK_A4_T007_JENKINS_TELEMETRY_DEDUP_REPORT.md","07_Tools_Validation_Misc","Tools, Validation Scripts, Root Config, Misc","Markdown Documentation",".md","28","982","0.96","6/6/2026 2:39:01 PM"
"docs\pack-a\PACK_A5_T035_MAPPING_DRIFT_DOCS_REPORT.json","07_Tools_Validation_Misc","Tools, Validation Scripts, Root Config, Misc","JSON Configuration",".json","15","549","0.54","6/6/2026 3:11:51 PM"
"docs\pack-a\PACK_A5_T035_MAPPING_DRIFT_DOCS_REPORT.md","07_Tools_Validation_Misc","Tools, Validation Scripts, Root Config, Misc","Markdown Documentation",".md","17","569","0.56","6/6/2026 3:11:51 PM"
"docs\pack-b\PACK_B_IMPLEMENTATION_EVIDENCE.md","07_Tools_Validation_Misc","Tools, Validation Scripts, Root Config, Misc","Markdown Documentation",".md","82","3723","3.64","6/6/2026 2:10:00 PM"
"docs\pack-b\PACK_B_SPLIT_PLAN.json","07_Tools_Validation_Misc","Tools, Validation Scripts, Root Config, Misc","JSON Configuration",".json","1310","28056","27.4","6/6/2026 1:44:14 PM"
"docs\pack-b\PACK_B_SPLIT_PLAN.md","07_Tools_Validation_Misc","Tools, Validation Scripts, Root Config, Misc","Markdown Documentation",".md","280","9590","9.37","6/6/2026 1:44:14 PM"
"docs\pack-b\PACK_B2_COMPILE_REPAIR_REPORT.json","07_Tools_Validation_Misc","Tools, Validation Scripts, Root Config, Misc","JSON Configuration",".json","47","1857","1.81","6/6/2026 1:59:55 PM"
"docs\pack-b\PACK_B2_WIDGET_CONTENT_SPLIT_REPORT.json","07_Tools_Validation_Misc","Tools, Validation Scripts, Root Config, Misc","JSON Configuration",".json","40","1626","1.59","6/6/2026 1:56:35 PM"
"docs\pack-b\PACK_B3_WIDGET_SHELL_RETIREMENT_REPORT.json","07_Tools_Validation_Misc","Tools, Validation Scripts, Root Config, Misc","JSON Configuration",".json","9","572","0.56","6/6/2026 2:03:49 PM"
"docs\pack-b\PACK_B4A_T037_COMPATIBILITY_SPLIT_REPORT.json","07_Tools_Validation_Misc","Tools, Validation Scripts, Root Config, Misc","JSON Configuration",".json","44","1807","1.76","6/6/2026 2:10:00 PM"
"docs\pack-d\PACK_D_IMPLEMENTATION_EVIDENCE.md","07_Tools_Validation_Misc","Tools, Validation Scripts, Root Config, Misc","Markdown Documentation",".md","53","2667","2.6","6/6/2026 2:18:34 PM"
"docs\pack-d\PACK_D_TARGETS.json","07_Tools_Validation_Misc","Tools, Validation Scripts, Root Config, Misc","JSON Configuration",".json","26","746","0.73","6/6/2026 2:15:44 PM"
"docs\pack-d\PACK_D1_BACKEND_SPLIT_AUDIT.json","07_Tools_Validation_Misc","Tools, Validation Scripts, Root Config, Misc","JSON Configuration",".json","785","26463","25.84","6/6/2026 2:14:12 PM"
"docs\pack-d\PACK_D1_BACKEND_SPLIT_AUDIT.md","07_Tools_Validation_Misc","Tools, Validation Scripts, Root Config, Misc","Markdown Documentation",".md","91","6842","6.68","6/6/2026 2:14:12 PM"
"docs\pack-d\PACK_D1_ROUTE_CONTRACT_SNAPSHOT.json","07_Tools_Validation_Misc","Tools, Validation Scripts, Root Config, Misc","JSON Configuration",".json","3310","100961","98.59","6/6/2026 2:14:12 PM"
"docs\pack-d\PACK_D1_ROUTE_CONTRACT_SNAPSHOT.md","07_Tools_Validation_Misc","Tools, Validation Scripts, Root Config, Misc","Markdown Documentation",".md","402","48698","47.56","6/6/2026 2:14:12 PM"
"docs\pack-d\PACK_D1_SERVICE_SURFACE_SNAPSHOT.json","07_Tools_Validation_Misc","Tools, Validation Scripts, Root Config, Misc","JSON Configuration",".json","2177","76796","75","6/6/2026 2:14:12 PM"
"docs\pack-d\PACK_D1_TARGET_PATH_CORRECTION.json","07_Tools_Validation_Misc","Tools, Validation Scripts, Root Config, Misc","JSON Configuration",".json","43","1379","1.35","6/6/2026 2:15:44 PM"
"docs\pack-d\PACK_D1_TARGET_PATH_CORRECTION.md","07_Tools_Validation_Misc","Tools, Validation Scripts, Root Config, Misc","Markdown Documentation",".md","33","1464","1.43","6/6/2026 2:15:44 PM"
"docs\pack-d\PACK_D2A_T054_ROUTE_PRESERVING_SPLIT_REPORT.json","07_Tools_Validation_Misc","Tools, Validation Scripts, Root Config, Misc","JSON Configuration",".json","30","1198","1.17","6/6/2026 2:17:12 PM"
"docs\pack-d\PACK_D2A_T054_ROUTE_PRESERVING_SPLIT_REPORT.md","07_Tools_Validation_Misc","Tools, Validation Scripts, Root Config, Misc","Markdown Documentation",".md","22","706","0.69","6/6/2026 2:17:12 PM"
"docs\pack-d\PACK_D3A_T055_ROUTE_SERVICE_PRESERVING_SPLIT_REPORT.json","07_Tools_Validation_Misc","Tools, Validation Scripts, Root Config, Misc","JSON Configuration",".json","32","1286","1.26","6/6/2026 2:19:22 PM"
"docs\pack-d\PACK_D3A_T055_ROUTE_SERVICE_PRESERVING_SPLIT_REPORT.md","07_Tools_Validation_Misc","Tools, Validation Scripts, Root Config, Misc","Markdown Documentation",".md","27","1037","1.01","6/6/2026 2:19:22 PM"
"docs\pack-e\PACK_E_CLOSURE_MAP.json","07_Tools_Validation_Misc","Tools, Validation Scripts, Root Config, Misc","JSON Configuration",".json","78","2922","2.85","6/6/2026 3:57:56 PM"
"docs\pack-e\PACK_E_CLOSURE_MAP.md","07_Tools_Validation_Misc","Tools, Validation Scripts, Root Config, Misc","Markdown Documentation",".md","65","2237","2.18","6/6/2026 3:57:56 PM"
"docs\pack-e\PACK_E_IMPLEMENTATION_EVIDENCE.md","07_Tools_Validation_Misc","Tools, Validation Scripts, Root Config, Misc","Markdown Documentation",".md","78","3351","3.27","6/6/2026 4:32:00 PM"
"docs\pack-e\PACK_E1_HISTORIAN_AUDIT.json","07_Tools_Validation_Misc","Tools, Validation Scripts, Root Config, Misc","JSON Configuration",".json","5879","156657","152.99","6/6/2026 3:57:56 PM"
"docs\pack-e\PACK_E1_HISTORIAN_AUDIT.md","07_Tools_Validation_Misc","Tools, Validation Scripts, Root Config, Misc","Markdown Documentation",".md","217","14496","14.16","6/6/2026 3:57:56 PM"
"docs\pack-e\PACK_E2_T060_GA_HISTORIAN_BACKEND_REPORT.json","07_Tools_Validation_Misc","Tools, Validation Scripts, Root Config, Misc","JSON Configuration",".json","41","1407","1.37","6/6/2026 4:02:09 PM"
"docs\pack-e\PACK_E2_T060_GA_HISTORIAN_BACKEND_REPORT.md","07_Tools_Validation_Misc","Tools, Validation Scripts, Root Config, Misc","Markdown Documentation",".md","31","1464","1.43","6/6/2026 4:02:09 PM"
"docs\pack-e\PACK_E3_T063_HISTORIAN_UI_REPORT.json","07_Tools_Validation_Misc","Tools, Validation Scripts, Root Config, Misc","JSON Configuration",".json","38","1115","1.09","6/6/2026 4:15:31 PM"
"docs\pack-e\PACK_E3_T063_HISTORIAN_UI_REPORT.md","07_Tools_Validation_Misc","Tools, Validation Scripts, Root Config, Misc","Markdown Documentation",".md","26","1031","1.01","6/6/2026 4:15:31 PM"
"docs\pack-e\PACK_E4_HISTORIAN_CONTRACT_SNAPSHOT.json","07_Tools_Validation_Misc","Tools, Validation Scripts, Root Config, Misc","JSON Configuration",".json","106","2371","2.32","6/6/2026 4:32:00 PM"
"docs\pack-e\PACK_E4_HISTORIAN_CONTRACT_SNAPSHOT.md","07_Tools_Validation_Misc","Tools, Validation Scripts, Root Config, Misc","Markdown Documentation",".md","47","1215","1.19","6/6/2026 4:32:00 PM"
"docs\pack-e\PACK_E4_T064_HISTORIAN_TESTS_DOCS_REGRESSION_REPORT.json","07_Tools_Validation_Misc","Tools, Validation Scripts, Root Config, Misc","JSON Configuration",".json","22","818","0.8","6/6/2026 4:32:00 PM"
"docs\pack-e\PACK_E4_T064_HISTORIAN_TESTS_DOCS_REGRESSION_REPORT.md","07_Tools_Validation_Misc","Tools, Validation Scripts, Root Config, Misc","Markdown Documentation",".md","24","728","0.71","6/6/2026 4:32:00 PM"
"docs\pack-f\PACK_F_CLOSURE_MAP.json","07_Tools_Validation_Misc","Tools, Validation Scripts, Root Config, Misc","JSON Configuration",".json","105","3825","3.74","6/6/2026 4:39:39 PM"
"docs\pack-f\PACK_F_CLOSURE_MAP.md","07_Tools_Validation_Misc","Tools, Validation Scripts, Root Config, Misc","Markdown Documentation",".md","87","2852","2.79","6/6/2026 4:39:39 PM"
"docs\pack-f\PACK_F_FINAL_ACCEPTANCE.md","07_Tools_Validation_Misc","Tools, Validation Scripts, Root Config, Misc","Markdown Documentation",".md","18","514","0.5","6/6/2026 5:10:43 PM"
"docs\pack-f\PACK_F_IMPLEMENTATION_EVIDENCE.md","07_Tools_Validation_Misc","Tools, Validation Scripts, Root Config, Misc","Markdown Documentation",".md","110","4581","4.47","6/6/2026 5:06:39 PM"
"docs\pack-f\PACK_F1_EDGE_AGENT_AUDIT.json","07_Tools_Validation_Misc","Tools, Validation Scripts, Root Config, Misc","JSON Configuration",".json","5160","131636","128.55","6/6/2026 4:39:39 PM"
"docs\pack-f\PACK_F1_EDGE_AGENT_AUDIT.md","07_Tools_Validation_Misc","Tools, Validation Scripts, Root Config, Misc","Markdown Documentation",".md","143","9391","9.17","6/6/2026 4:39:39 PM"
"docs\pack-f\PACK_F2_T066_OT_SAFE_EDGE_BACKEND_REPORT.json","07_Tools_Validation_Misc","Tools, Validation Scripts, Root Config, Misc","JSON Configuration",".json","39","1238","1.21","6/6/2026 4:50:34 PM"
"docs\pack-f\PACK_F2_T066_OT_SAFE_EDGE_BACKEND_REPORT.md","07_Tools_Validation_Misc","Tools, Validation Scripts, Root Config, Misc","Markdown Documentation",".md","30","1068","1.04","6/6/2026 4:50:34 PM"
"docs\pack-f\PACK_F3_T067_EDGE_AGENT_PACKAGING_REPORT.json","07_Tools_Validation_Misc","Tools, Validation Scripts, Root Config, Misc","JSON Configuration",".json","19","783","0.76","6/6/2026 5:00:49 PM"
"docs\pack-f\PACK_F3_T067_EDGE_AGENT_PACKAGING_REPORT.md","07_Tools_Validation_Misc","Tools, Validation Scripts, Root Config, Misc","Markdown Documentation",".md","23","882","0.86","6/6/2026 5:00:49 PM"
"docs\pack-f\PACK_F4_T068_EDGE_COLLECTOR_UX_REPORT.json","07_Tools_Validation_Misc","Tools, Validation Scripts, Root Config, Misc","JSON Configuration",".json","34","1020","1","6/6/2026 5:03:16 PM"
"docs\pack-f\PACK_F4_T068_EDGE_COLLECTOR_UX_REPORT.md","07_Tools_Validation_Misc","Tools, Validation Scripts, Root Config, Misc","Markdown Documentation",".md","25","860","0.84","6/6/2026 5:03:16 PM"
"docs\pack-f\PACK_F5_EDGE_FINAL_CONTRACT_SNAPSHOT.json","07_Tools_Validation_Misc","Tools, Validation Scripts, Root Config, Misc","JSON Configuration",".json","136","2702","2.64","6/6/2026 5:10:43 PM"
"docs\pack-f\PACK_F5_EDGE_FINAL_CONTRACT_SNAPSHOT.md","07_Tools_Validation_Misc","Tools, Validation Scripts, Root Config, Misc","Markdown Documentation",".md","25","638","0.62","6/6/2026 5:10:43 PM"
"docs\pack-f\PACK_F5_T071_EDGE_TESTS_DOCS_REGRESSION_REPORT.json","07_Tools_Validation_Misc","Tools, Validation Scripts, Root Config, Misc","JSON Configuration",".json","27","982","0.96","6/6/2026 5:10:43 PM"
"docs\pack-f\PACK_F5_T071_EDGE_TESTS_DOCS_REGRESSION_REPORT.md","07_Tools_Validation_Misc","Tools, Validation Scripts, Root Config, Misc","Markdown Documentation",".md","11","316","0.31","6/6/2026 5:10:43 PM"
"docs\pack-g\PACK_G_IMPLEMENTATION_EVIDENCE.md","07_Tools_Validation_Misc","Tools, Validation Scripts, Root Config, Misc","Markdown Documentation",".md","201","9196","8.98","6/6/2026 6:19:49 PM"
"docs\pack-g\PACK_G_PHASE15_CLOSURE_MAP.json","07_Tools_Validation_Misc","Tools, Validation Scripts, Root Config, Misc","JSON Configuration",".json","157","6099","5.96","6/6/2026 5:25:35 PM"
"docs\pack-g\PACK_G_PHASE15_CLOSURE_MAP.md","07_Tools_Validation_Misc","Tools, Validation Scripts, Root Config, Misc","Markdown Documentation",".md","132","4831","4.72","6/6/2026 5:25:35 PM"
"docs\pack-g\PACK_G1_PHASE15_AUDIT.json","07_Tools_Validation_Misc","Tools, Validation Scripts, Root Config, Misc","JSON Configuration",".json","7473","203109","198.35","6/6/2026 5:25:35 PM"
"docs\pack-g\PACK_G1_PHASE15_AUDIT.md","07_Tools_Validation_Misc","Tools, Validation Scripts, Root Config, Misc","Markdown Documentation",".md","64","3488","3.41","6/6/2026 5:25:35 PM"
"docs\pack-g\PACK_G2_PHASE15_ADVISORY_VALUE_CONTRACT_REPORT.json","07_Tools_Validation_Misc","Tools, Validation Scripts, Root Config, Misc","JSON Configuration",".json","26","857","0.84","6/6/2026 5:29:37 PM"
"docs\pack-g\PACK_G2_PHASE15_ADVISORY_VALUE_CONTRACT_REPORT.md","07_Tools_Validation_Misc","Tools, Validation Scripts, Root Config, Misc","Markdown Documentation",".md","18","738","0.72","6/6/2026 5:29:37 PM"
"docs\pack-g\PACK_G3_T096_WHATIF_SCENARIO_ENGINE_REPORT.json","07_Tools_Validation_Misc","Tools, Validation Scripts, Root Config, Misc","JSON Configuration",".json","52","1514","1.48","6/6/2026 5:40:49 PM"
"docs\pack-g\PACK_G3_T096_WHATIF_SCENARIO_ENGINE_REPORT.md","07_Tools_Validation_Misc","Tools, Validation Scripts, Root Config, Misc","Markdown Documentation",".md","24","1160","1.13","6/6/2026 5:40:49 PM"
"docs\pack-g\PACK_G4_T097_RECOMMENDATION_GENERATOR_REPORT.json","07_Tools_Validation_Misc","Tools, Validation Scripts, Root Config, Misc","JSON Configuration",".json","52","1530","1.49","6/6/2026 5:50:24 PM"
"docs\pack-g\PACK_G4_T097_RECOMMENDATION_GENERATOR_REPORT.md","07_Tools_Validation_Misc","Tools, Validation Scripts, Root Config, Misc","Markdown Documentation",".md","24","1109","1.08","6/6/2026 5:50:24 PM"
"docs\pack-g\PACK_G5_T098_VALUE_REALIZATION_REPORT.json","07_Tools_Validation_Misc","Tools, Validation Scripts, Root Config, Misc","JSON Configuration",".json","52","1511","1.48","6/6/2026 5:59:40 PM"
"docs\pack-g\PACK_G5_T098_VALUE_REALIZATION_REPORT.md","07_Tools_Validation_Misc","Tools, Validation Scripts, Root Config, Misc","Markdown Documentation",".md","24","1081","1.06","6/6/2026 5:59:40 PM"
"docs\pack-g\PACK_G6_T099_ROI_CFO_VALUE_DASHBOARD_REPORT.json","07_Tools_Validation_Misc","Tools, Validation Scripts, Root Config, Misc","JSON Configuration",".json","52","1505","1.47","6/6/2026 6:03:47 PM"
"docs\pack-g\PACK_G6_T099_ROI_CFO_VALUE_DASHBOARD_REPORT.md","07_Tools_Validation_Misc","Tools, Validation Scripts, Root Config, Misc","Markdown Documentation",".md","24","1082","1.06","6/6/2026 6:03:47 PM"
"docs\pack-g\PACK_G7_T100_BENCHMARKING_REPORT.json","07_Tools_Validation_Misc","Tools, Validation Scripts, Root Config, Misc","JSON Configuration",".json","52","1486","1.45","6/6/2026 6:09:34 PM"
"docs\pack-g\PACK_G7_T100_BENCHMARKING_REPORT.md","07_Tools_Validation_Misc","Tools, Validation Scripts, Root Config, Misc","Markdown Documentation",".md","24","1082","1.06","6/6/2026 6:09:34 PM"
"docs\pack-g\PACK_G8_T101_HONESTY_CERTIFICATION_REPORT.json","07_Tools_Validation_Misc","Tools, Validation Scripts, Root Config, Misc","JSON Configuration",".json","52","1558","1.52","6/6/2026 6:16:54 PM"
"docs\pack-g\PACK_G8_T101_HONESTY_CERTIFICATION_REPORT.md","07_Tools_Validation_Misc","Tools, Validation Scripts, Root Config, Misc","Markdown Documentation",".md","24","1141","1.11","6/6/2026 6:16:54 PM"
"docs\pack-g\PACK_G9_T102_PHASE15_REGRESSION_REPORT.json","07_Tools_Validation_Misc","Tools, Validation Scripts, Root Config, Misc","JSON Configuration",".json","111","2656","2.59","6/6/2026 6:20:17 PM"
"docs\pack-g\PACK_G9_T102_PHASE15_REGRESSION_REPORT.md","07_Tools_Validation_Misc","Tools, Validation Scripts, Root Config, Misc","Markdown Documentation",".md","42","1725","1.68","6/6/2026 6:20:17 PM"
"docs\page-builder\widget-script-grammar.md","07_Tools_Validation_Misc","Tools, Validation Scripts, Root Config, Misc","Markdown Documentation",".md","22","585","0.57","5/31/2026 11:42:05 AM"
"docs\phase10\T051_CONNECTOR_BEHAVIOURAL_FAILURE_TESTS.md","07_Tools_Validation_Misc","Tools, Validation Scripts, Root Config, Misc","Markdown Documentation",".md","31","1005","0.98","6/8/2026 1:33:54 PM"
"docs\phase10\T058_T059_T060_T061_T062_LICENSE_RUNTIME.md","07_Tools_Validation_Misc","Tools, Validation Scripts, Root Config, Misc","Markdown Documentation",".md","26","932","0.91","6/9/2026 4:09:59 PM"
"docs\phase11\T063_T064_T065_T066_T067_T068_T069_UI_HARDENING.md","07_Tools_Validation_Misc","Tools, Validation Scripts, Root Config, Misc","Markdown Documentation",".md","26","1150","1.12","6/9/2026 4:29:58 PM"
"docs\phase1-phase2\PHASE1_PHASE2_IMPLEMENTATION_EVIDENCE.md","07_Tools_Validation_Misc","Tools, Validation Scripts, Root Config, Misc","Markdown Documentation",".md","47","1908","1.86","6/6/2026 9:33:49 AM"
"docs\phase1-phase2\PHASE1_PHASE2_SECRET_SCAN_FALLBACK_20260606_094149.md","07_Tools_Validation_Misc","Tools, Validation Scripts, Root Config, Misc","Markdown Documentation",".md","29","1699","1.66","6/6/2026 9:41:49 AM"
"docs\phase1-phase2\PHASE1_PHASE2_SECRET_SCAN_FALLBACK_20260606_094329.md","07_Tools_Validation_Misc","Tools, Validation Scripts, Root Config, Misc","Markdown Documentation",".md","22","1023","1","6/6/2026 9:43:29 AM"
"docs\phase1-phase2\PHASE1_PHASE2_SECRET_SCAN_FALLBACK_20260606_094728.md","07_Tools_Validation_Misc","Tools, Validation Scripts, Root Config, Misc","Markdown Documentation",".md","32","2253","2.2","6/6/2026 9:47:28 AM"
"docs\phase1-phase2\PHASE1_PHASE2_SECRET_SCAN_FALLBACK_20260606_095100.md","07_Tools_Validation_Misc","Tools, Validation Scripts, Root Config, Misc","Markdown Documentation",".md","15","601","0.59","6/6/2026 9:51:00 AM"
"docs\phase1-phase2\PHASE1_PHASE2_SECRET_SCAN_FALLBACK_20260606_095125.md","07_Tools_Validation_Misc","Tools, Validation Scripts, Root Config, Misc","Markdown Documentation",".md","15","601","0.59","6/6/2026 9:51:25 AM"
"docs\phase1-phase2\PHASE1_PHASE2_SECRET_SCAN_FALLBACK_20260606_101539.md","07_Tools_Validation_Misc","Tools, Validation Scripts, Root Config, Misc","Markdown Documentation",".md","15","601","0.59","6/6/2026 10:15:39 AM"
"docs\phase1-phase2\PHASE1_PHASE2_SECRET_SCAN_FALLBACK_20260606_104324.md","07_Tools_Validation_Misc","Tools, Validation Scripts, Root Config, Misc","Markdown Documentation",".md","15","601","0.59","6/6/2026 10:43:24 AM"
"docs\phase1-phase2\PHASE1_PHASE2_SECRET_SCAN_FALLBACK_20260606_104359.md","07_Tools_Validation_Misc","Tools, Validation Scripts, Root Config, Misc","Markdown Documentation",".md","15","601","0.59","6/6/2026 10:43:59 AM"
"docs\phase1-phase2\PHASE1_PHASE2_SECRET_SCAN_FALLBACK_20260606_112104.md","07_Tools_Validation_Misc","Tools, Validation Scripts, Root Config, Misc","Markdown Documentation",".md","15","601","0.59","6/6/2026 11:21:04 AM"
"docs\phase1-phase2\PHASE1_PHASE2_SECRET_SCAN_FALLBACK_20260606_112240.md","07_Tools_Validation_Misc","Tools, Validation Scripts, Root Config, Misc","Markdown Documentation",".md","15","601","0.59","6/6/2026 11:22:40 AM"
"docs\phase1-phase2\PHASE1_PHASE2_SECRET_SCAN_FALLBACK_20260606_112316.md","07_Tools_Validation_Misc","Tools, Validation Scripts, Root Config, Misc","Markdown Documentation",".md","15","601","0.59","6/6/2026 11:23:16 AM"
"docs\phase1-phase2\PHASE1_PHASE2_SECRET_SCAN_FALLBACK_20260606_113130.md","07_Tools_Validation_Misc","Tools, Validation Scripts, Root Config, Misc","Markdown Documentation",".md","15","601","0.59","6/6/2026 11:31:30 AM"
"docs\phase1-phase2\PHASE1_PHASE2_SECRET_SCAN_FALLBACK_20260606_113413.md","07_Tools_Validation_Misc","Tools, Validation Scripts, Root Config, Misc","Markdown Documentation",".md","15","601","0.59","6/6/2026 11:34:13 AM"
"docs\phase1-phase2\PHASE1_PHASE2_SECRET_SCAN_FALLBACK_20260606_113642.md","07_Tools_Validation_Misc","Tools, Validation Scripts, Root Config, Misc","Markdown Documentation",".md","15","601","0.59","6/6/2026 11:36:42 AM"
"docs\phase1-phase2\PHASE1_PHASE2_SECRET_SCAN_FALLBACK_20260606_114918.md","07_Tools_Validation_Misc","Tools, Validation Scripts, Root Config, Misc","Markdown Documentation",".md","15","601","0.59","6/6/2026 11:49:18 AM"
"docs\phase1-phase2\PHASE1_PHASE2_SECRET_SCAN_FALLBACK_20260606_115448.md","07_Tools_Validation_Misc","Tools, Validation Scripts, Root Config, Misc","Markdown Documentation",".md","15","601","0.59","6/6/2026 11:54:48 AM"
"docs\phase1-phase2\PHASE1_PHASE2_SECRET_SCAN_FALLBACK_20260606_115806.md","07_Tools_Validation_Misc","Tools, Validation Scripts, Root Config, Misc","Markdown Documentation",".md","15","601","0.59","6/6/2026 11:58:06 AM"
"docs\phase1-phase2\PHASE1_PHASE2_SECRET_SCAN_FALLBACK_20260606_120947.md","07_Tools_Validation_Misc","Tools, Validation Scripts, Root Config, Misc","Markdown Documentation",".md","15","601","0.59","6/6/2026 12:09:47 PM"
"docs\phase1-phase2\PHASE1_PHASE2_SECRET_SCAN_FALLBACK_20260606_121500.md","07_Tools_Validation_Misc","Tools, Validation Scripts, Root Config, Misc","Markdown Documentation",".md","15","601","0.59","6/6/2026 12:15:00 PM"
"docs\phase1-phase2\PHASE1_PHASE2_SECRET_SCAN_FALLBACK_20260606_122205.md","07_Tools_Validation_Misc","Tools, Validation Scripts, Root Config, Misc","Markdown Documentation",".md","15","601","0.59","6/6/2026 12:22:05 PM"
"docs\phase1-phase2\RUN_ONCE_TOOLING_ARCHIVE_REPORT.md","07_Tools_Validation_Misc","Tools, Validation Scripts, Root Config, Misc","Markdown Documentation",".md","9","531","0.52","6/6/2026 9:32:42 AM"
"docs\phase2\P2_T010_TABLE_STANDARDIZATION.md","07_Tools_Validation_Misc","Tools, Validation Scripts, Root Config, Misc","Markdown Documentation",".md","28","792","0.77","6/10/2026 4:32:47 PM"
"docs\phase2\P2_T011_TABS_NAVIGATION.md","07_Tools_Validation_Misc","Tools, Validation Scripts, Root Config, Misc","Markdown Documentation",".md","57","1202","1.17","6/10/2026 4:41:52 PM"
"docs\phase2\P2_T012_FIELDS_INPUTS.md","07_Tools_Validation_Misc","Tools, Validation Scripts, Root Config, Misc","Markdown Documentation",".md","48","899","0.88","6/10/2026 4:50:01 PM"
"docs\phase2\P2_T08_STANDARD_COMPONENT_ROLLOUT.md","07_Tools_Validation_Misc","Tools, Validation Scripts, Root Config, Misc","Markdown Documentation",".md","42","1028","1","6/10/2026 3:44:35 PM"
"docs\phase2\P2_T09_ACTION_BUTTON_STANDARDIZATION.md","07_Tools_Validation_Misc","Tools, Validation Scripts, Root Config, Misc","Markdown Documentation",".md","32","856","0.84","6/10/2026 4:22:59 PM"
"docs\phase3\P3_T14_VALUE_EXECUTIVE_SURFACE.md","07_Tools_Validation_Misc","Tools, Validation Scripts, Root Config, Misc","Markdown Documentation",".md","34","951","0.93","6/10/2026 12:38:34 PM"
"docs\phase3\P3_T15_WIDGET_SCHEMA_DRIFT.md","07_Tools_Validation_Misc","Tools, Validation Scripts, Root Config, Misc","Markdown Documentation",".md","33","1161","1.13","6/10/2026 12:59:37 PM"
"docs\phase3\P3_T16_CANONICAL_ENV_DEPLOY.md","07_Tools_Validation_Misc","Tools, Validation Scripts, Root Config, Misc","Markdown Documentation",".md","56","1670","1.63","6/10/2026 1:12:30 PM"
"docs\phase3\P3_T17_COST_I18N.md","07_Tools_Validation_Misc","Tools, Validation Scripts, Root Config, Misc","Markdown Documentation",".md","49","1366","1.33","6/10/2026 2:21:37 PM"
"docs\phase3\P3_T18_READONLY_QUERY_PREVIEW_ROLE.md","07_Tools_Validation_Misc","Tools, Validation Scripts, Root Config, Misc","Markdown Documentation",".md","44","1471","1.44","6/10/2026 2:34:00 PM"
"docs\phase3\PHASE3_CLOSURE_20260614_225009.md","07_Tools_Validation_Misc","Tools, Validation Scripts, Root Config, Misc","Markdown Documentation",".md","33","1575","1.54","6/14/2026 10:51:54 PM"
"docs\phase3-phase4\PHASE3_PHASE4_IMPLEMENTATION_EVIDENCE.md","07_Tools_Validation_Misc","Tools, Validation Scripts, Root Config, Misc","Markdown Documentation",".md","25","1338","1.31","6/6/2026 10:42:39 AM"
"docs\phase5\T026_GENERIC_SCHEMA_MAPPING_SPLIT.md","07_Tools_Validation_Misc","Tools, Validation Scripts, Root Config, Misc","Markdown Documentation",".md","29","1130","1.1","6/7/2026 3:32:40 PM"
"docs\phase5\T027_WORKFLOW_ENDPOINT_SPLIT.md","07_Tools_Validation_Misc","Tools, Validation Scripts, Root Config, Misc","Markdown Documentation",".md","19","586","0.57","6/7/2026 3:43:24 PM"
"docs\phase5\T028_CONNECTOR_CONFIGURATION_SERVICE_SPLIT.md","07_Tools_Validation_Misc","Tools, Validation Scripts, Root Config, Misc","Markdown Documentation",".md","14","497","0.49","6/7/2026 3:57:27 PM"
"docs\phase5b\PHASE5B_1_PRODUCT_CORE_TYPE_SPLIT.md","07_Tools_Validation_Misc","Tools, Validation Scripts, Root Config, Misc","Markdown Documentation",".md","36","1318","1.29","6/6/2026 11:36:27 AM"
"docs\phase5b\phase5b-refactor-report.json","07_Tools_Validation_Misc","Tools, Validation Scripts, Root Config, Misc","JSON Configuration",".json","1839","60609","59.19","6/6/2026 11:36:29 AM"
"docs\phase5b\phase5b-refactor-report.md","07_Tools_Validation_Misc","Tools, Validation Scripts, Root Config, Misc","Markdown Documentation",".md","230","13757","13.43","6/6/2026 11:36:29 AM"
"docs\phase5-phase6\PHASE5_PHASE6_IMPLEMENTATION_EVIDENCE.md","07_Tools_Validation_Misc","Tools, Validation Scripts, Root Config, Misc","Markdown Documentation",".md","33","1703","1.66","6/6/2026 11:18:29 AM"
"docs\phase7\T037_VALUE_ENGINE_DEPTH.md","07_Tools_Validation_Misc","Tools, Validation Scripts, Root Config, Misc","Markdown Documentation",".md","20","690","0.67","6/7/2026 4:03:43 PM"
"docs\phase7\T038_EUR_28K_56K_WORKED_CASE.md","07_Tools_Validation_Misc","Tools, Validation Scripts, Root Config, Misc","Markdown Documentation",".md","32","875","0.85","6/7/2026 4:46:26 PM"
"docs\phase7\T039_VALUE_REALIZATION_LEDGER.md","07_Tools_Validation_Misc","Tools, Validation Scripts, Root Config, Misc","Markdown Documentation",".md","32","1063","1.04","6/7/2026 4:51:10 PM"
"docs\phase7\T040_VALUE_SCENARIO_PAGE.md","07_Tools_Validation_Misc","Tools, Validation Scripts, Root Config, Misc","Markdown Documentation",".md","33","910","0.89","6/7/2026 4:57:21 PM"
"docs\phase7\T041_PHASE7_ROLLUP_GREEN.md","07_Tools_Validation_Misc","Tools, Validation Scripts, Root Config, Misc","Markdown Documentation",".md","46","909","0.89","6/8/2026 7:57:29 AM"
"docs\phase7-phase8\PHASE7_PHASE8_IMPLEMENTATION_EVIDENCE.md","07_Tools_Validation_Misc","Tools, Validation Scripts, Root Config, Misc","Markdown Documentation",".md","21","892","0.87","6/6/2026 11:48:56 AM"
"docs\phase8\backend-api-hygiene-report.json","07_Tools_Validation_Misc","Tools, Validation Scripts, Root Config, Misc","JSON Configuration",".json","308","10238","10","6/6/2026 11:48:56 AM"
"docs\phase8\backend-api-hygiene-report.md","07_Tools_Validation_Misc","Tools, Validation Scripts, Root Config, Misc","Markdown Documentation",".md","14","1218","1.19","6/6/2026 11:48:56 AM"
"docs\phase8\openapi-source-contract-snapshot.json","07_Tools_Validation_Misc","Tools, Validation Scripts, Root Config, Misc","JSON Configuration",".json","2605","87872","85.81","6/6/2026 11:48:56 AM"
"docs\phase8\T042_VIF_MULTICOLLINEARITY_HANDLING.md","07_Tools_Validation_Misc","Tools, Validation Scripts, Root Config, Misc","Markdown Documentation",".md","32","985","0.96","6/8/2026 7:59:27 AM"
"docs\phase8\T043_GOLDEN_SIGNAL_RECOVERY_FIXTURE.md","07_Tools_Validation_Misc","Tools, Validation Scripts, Root Config, Misc","Markdown Documentation",".md","41","1130","1.1","6/8/2026 8:03:14 AM"
"docs\phase8\T044_FINDING_TRANSPARENCY_EVIDENCE.md","07_Tools_Validation_Misc","Tools, Validation Scripts, Root Config, Misc","Markdown Documentation",".md","36","1156","1.13","6/8/2026 8:22:39 AM"
"docs\phase8\T045_READY_PARTIAL_BLOCKED_READINESS_GATES.md","07_Tools_Validation_Misc","Tools, Validation Scripts, Root Config, Misc","Markdown Documentation",".md","48","1188","1.16","6/8/2026 8:27:15 AM"
"docs\phase8\T045_T046_T047_AI_ASSISTANT_HMI.md","07_Tools_Validation_Misc","Tools, Validation Scripts, Root Config, Misc","Markdown Documentation",".md","34","1041","1.02","6/9/2026 2:59:50 PM"
"docs\phase8\T046_PHASE8_CORRELATION_CERTIFICATION_GREEN.md","07_Tools_Validation_Misc","Tools, Validation Scripts, Root Config, Misc","Markdown Documentation",".md","43","1306","1.28","6/8/2026 8:30:31 AM"
"docs\phase9\T047_DETERMINISTIC_SUGGESTION_WORKFLOW.md","07_Tools_Validation_Misc","Tools, Validation Scripts, Root Config, Misc","Markdown Documentation",".md","35","1452","1.42","6/8/2026 8:34:07 AM"
"docs\phase9\T048_ASSISTANT_GROUNDING_EVAL_GATE.md","07_Tools_Validation_Misc","Tools, Validation Scripts, Root Config, Misc","Markdown Documentation",".md","30","1083","1.06","6/8/2026 8:45:02 AM"
"docs\phase9\T049_MODEL_GATEWAY_SERVING_MODES.md","07_Tools_Validation_Misc","Tools, Validation Scripts, Root Config, Misc","Markdown Documentation",".md","32","1166","1.14","6/8/2026 9:24:47 AM"
"docs\phase9\T050_AI_REGRESSION_SWEEP.md","07_Tools_Validation_Misc","Tools, Validation Scripts, Root Config, Misc","Markdown Documentation",".md","26","797","0.78","6/8/2026 12:29:09 PM"
"docs\phase9\T050_PHASE9_AI_REGRESSION_SWEEP_GREEN.md","07_Tools_Validation_Misc","Tools, Validation Scripts, Root Config, Misc","Markdown Documentation",".md","39","1133","1.11","6/8/2026 12:34:22 PM"
"docs\phase9\T051_T052_T053_PERSONA_RBAC.md","07_Tools_Validation_Misc","Tools, Validation Scripts, Root Config, Misc","Markdown Documentation",".md","24","869","0.85","6/9/2026 3:39:44 PM"
"docs\phase9-phase10\PHASE9_PHASE10_IMPLEMENTATION_EVIDENCE.md","07_Tools_Validation_Misc","Tools, Validation Scripts, Root Config, Misc","Markdown Documentation",".md","46","1907","1.86","6/6/2026 12:09:28 PM"
"docs\phase9-phase10\phase9-phase10-evidence-ledger.json","07_Tools_Validation_Misc","Tools, Validation Scripts, Root Config, Misc","JSON Configuration",".json","67","2483","2.42","6/6/2026 11:54:29 AM"
"docs\README.md","07_Tools_Validation_Misc","Tools, Validation Scripts, Root Config, Misc","Markdown Documentation",".md","27","1202","1.17","6/4/2026 12:58:13 PM"
"docs\realization\PHASE01_PHASE02_CLOSURE_REPORT.json","07_Tools_Validation_Misc","Tools, Validation Scripts, Root Config, Misc","JSON Configuration",".json","156","5816","5.68","6/7/2026 2:44:19 PM"
"docs\realization\PHASE01_PHASE02_CLOSURE_REPORT.md","07_Tools_Validation_Misc","Tools, Validation Scripts, Root Config, Misc","Markdown Documentation",".md","39","3364","3.29","6/7/2026 2:44:19 PM"
"docs\realization\PHASE03_PHASE04_CLOSURE_REPORT.md","07_Tools_Validation_Misc","Tools, Validation Scripts, Root Config, Misc","Markdown Documentation",".md","28","909","0.89","6/7/2026 3:15:57 PM"
"docs\refactor\P14_C3_C4_FRONTEND_BOUNDARY_REFACTOR.md","07_Tools_Validation_Misc","Tools, Validation Scripts, Root Config, Misc","Markdown Documentation",".md","28","1125","1.1","6/4/2026 8:30:34 AM"
"docs\refactor\P14_FRONTEND_PHASE_ARTIFACT_CLEANUP.md","07_Tools_Validation_Misc","Tools, Validation Scripts, Root Config, Misc","Markdown Documentation",".md","25","920","0.9","6/3/2026 4:44:35 PM"
"docs\security\BOOTSTRAP_ADMIN_DISABLE_PROOF.md","07_Tools_Validation_Misc","Tools, Validation Scripts, Root Config, Misc","Markdown Documentation",".md","19","628","0.61","6/7/2026 2:56:31 PM"
"docs\security\DB_ENCRYPTION_AT_REST_PROOF.template.md","07_Tools_Validation_Misc","Tools, Validation Scripts, Root Config, Misc","Markdown Documentation",".md","29","517","0.5","6/7/2026 2:44:19 PM"
"docs\task-closure\T001_T014_REALIZATION_SCORECARD.json","07_Tools_Validation_Misc","Tools, Validation Scripts, Root Config, Misc","JSON Configuration",".json","108","2552","2.49","6/7/2026 3:01:31 PM"
"docs\task-closure\T001_T014_REALIZATION_SCORECARD.md","07_Tools_Validation_Misc","Tools, Validation Scripts, Root Config, Misc","Markdown Documentation",".md","24","1204","1.18","6/7/2026 3:01:31 PM"
"docs\task-closure\T001_T071_TASK_CLOSURE_SCORECARD.json","07_Tools_Validation_Misc","Tools, Validation Scripts, Root Config, Misc","JSON Configuration",".json","1185","29091","28.41","6/6/2026 5:10:53 PM"
"docs\task-closure\T001_T071_TASK_CLOSURE_SCORECARD.md","07_Tools_Validation_Misc","Tools, Validation Scripts, Root Config, Misc","Markdown Documentation",".md","105","4146","4.05","6/6/2026 4:57:10 PM"
"docs\task-closure\T001_T071_TASK_CLOSURE_SCORECARD.PACK_A_BRIDGED.json","07_Tools_Validation_Misc","Tools, Validation Scripts, Root Config, Misc","JSON Configuration",".json","1050","24652","24.07","6/6/2026 4:57:10 PM"
"docs\task-closure\T001_T071_TASK_CLOSURE_SCORECARD.PACK_A_BRIDGED.md","07_Tools_Validation_Misc","Tools, Validation Scripts, Root Config, Misc","Markdown Documentation",".md","27","1082","1.06","6/6/2026 4:57:10 PM"
"docs\task-closure\T001_T071_TASK_CLOSURE_SCORECARD.PACK_A4_BRIDGED.json","07_Tools_Validation_Misc","Tools, Validation Scripts, Root Config, Misc","JSON Configuration",".json","1065","25144","24.55","6/6/2026 4:57:11 PM"
"docs\task-closure\T001_T071_TASK_CLOSURE_SCORECARD.PACK_A4_BRIDGED.md","07_Tools_Validation_Misc","Tools, Validation Scripts, Root Config, Misc","Markdown Documentation",".md","17","706","0.69","6/6/2026 4:57:11 PM"
"docs\task-closure\T001_T071_TASK_CLOSURE_SCORECARD.PACK_A5_BRIDGED.json","07_Tools_Validation_Misc","Tools, Validation Scripts, Root Config, Misc","JSON Configuration",".json","1080","25625","25.02","6/6/2026 4:57:11 PM"
"docs\task-closure\T001_T071_TASK_CLOSURE_SCORECARD.PACK_A5_BRIDGED.md","07_Tools_Validation_Misc","Tools, Validation Scripts, Root Config, Misc","Markdown Documentation",".md","16","640","0.62","6/6/2026 4:57:11 PM"
"docs\task-closure\T001_T071_TASK_CLOSURE_SCORECARD.PACK_E2_BRIDGED.json","07_Tools_Validation_Misc","Tools, Validation Scripts, Root Config, Misc","JSON Configuration",".json","1095","26126","25.51","6/6/2026 4:57:12 PM"
"docs\task-closure\T001_T071_TASK_CLOSURE_SCORECARD.PACK_E2_BRIDGED.md","07_Tools_Validation_Misc","Tools, Validation Scripts, Root Config, Misc","Markdown Documentation",".md","15","574","0.56","6/6/2026 4:57:12 PM"
"docs\task-closure\T001_T071_TASK_CLOSURE_SCORECARD.PACK_E3_BRIDGED.json","07_Tools_Validation_Misc","Tools, Validation Scripts, Root Config, Misc","JSON Configuration",".json","1110","26621","26","6/6/2026 4:57:12 PM"
"docs\task-closure\T001_T071_TASK_CLOSURE_SCORECARD.PACK_E3_BRIDGED.md","07_Tools_Validation_Misc","Tools, Validation Scripts, Root Config, Misc","Markdown Documentation",".md","14","501","0.49","6/6/2026 4:57:12 PM"
"docs\task-closure\T001_T071_TASK_CLOSURE_SCORECARD.PACK_E4_BRIDGED.json","07_Tools_Validation_Misc","Tools, Validation Scripts, Root Config, Misc","JSON Configuration",".json","1125","27102","26.47","6/6/2026 4:57:13 PM"
"docs\task-closure\T001_T071_TASK_CLOSURE_SCORECARD.PACK_E4_BRIDGED.md","07_Tools_Validation_Misc","Tools, Validation Scripts, Root Config, Misc","Markdown Documentation",".md","13","437","0.43","6/6/2026 4:57:13 PM"
"docs\task-closure\T001_T071_TASK_CLOSURE_SCORECARD.PACK_F2_BRIDGED.json","07_Tools_Validation_Misc","Tools, Validation Scripts, Root Config, Misc","JSON Configuration",".json","1175","28738","28.06","6/6/2026 5:10:46 PM"
"docs\task-closure\T001_T071_TASK_CLOSURE_SCORECARD.PACK_F2_BRIDGED.md","07_Tools_Validation_Misc","Tools, Validation Scripts, Root Config, Misc","Markdown Documentation",".md","10","237","0.23","6/6/2026 5:10:46 PM"
"docs\task-closure\T001_T071_TASK_CLOSURE_SCORECARD.PACK_F3_BRIDGED.json","07_Tools_Validation_Misc","Tools, Validation Scripts, Root Config, Misc","JSON Configuration",".json","1175","28738","28.06","6/6/2026 5:10:48 PM"
"docs\task-closure\T001_T071_TASK_CLOSURE_SCORECARD.PACK_F3_BRIDGED.md","07_Tools_Validation_Misc","Tools, Validation Scripts, Root Config, Misc","Markdown Documentation",".md","10","237","0.23","6/6/2026 5:10:48 PM"
"docs\task-closure\T001_T071_TASK_CLOSURE_SCORECARD.PACK_F4_BRIDGED.json","07_Tools_Validation_Misc","Tools, Validation Scripts, Root Config, Misc","JSON Configuration",".json","1175","28738","28.06","6/6/2026 5:10:49 PM"
"docs\task-closure\T001_T071_TASK_CLOSURE_SCORECARD.PACK_F4_BRIDGED.md","07_Tools_Validation_Misc","Tools, Validation Scripts, Root Config, Misc","Markdown Documentation",".md","10","237","0.23","6/6/2026 5:10:49 PM"
"docs\task-closure\T001_T071_TASK_CLOSURE_SCORECARD.PACK_F5_BRIDGED.json","07_Tools_Validation_Misc","Tools, Validation Scripts, Root Config, Misc","JSON Configuration",".json","1185","29091","28.41","6/6/2026 5:10:53 PM"
"docs\task-closure\T001_T071_TASK_CLOSURE_SCORECARD.PACK_F5_BRIDGED.md","07_Tools_Validation_Misc","Tools, Validation Scripts, Root Config, Misc","Markdown Documentation",".md","9","178","0.17","6/6/2026 5:10:53 PM"
"docs\task-closure\T015_T025_REALIZATION_SCORECARD.json","07_Tools_Validation_Misc","Tools, Validation Scripts, Root Config, Misc","JSON Configuration",".json","87","2234","2.18","6/7/2026 3:18:09 PM"
"docs\task-closure\T015_T025_REALIZATION_SCORECARD.md","07_Tools_Validation_Misc","Tools, Validation Scripts, Root Config, Misc","Markdown Documentation",".md","21","1157","1.13","6/7/2026 3:18:09 PM"
"docs\task-closure\T096_T102_PHASE15_FINAL_CLOSURE.md","07_Tools_Validation_Misc","Tools, Validation Scripts, Root Config, Misc","Markdown Documentation",".md","18","644","0.63","6/6/2026 6:20:16 PM"
"docs\task-closure\T096_T102_PHASE15_SCORECARD.json","07_Tools_Validation_Misc","Tools, Validation Scripts, Root Config, Misc","JSON Configuration",".json","261","9945","9.71","6/6/2026 6:20:16 PM"
"docs\task-closure\T096_T102_PHASE15_SCORECARD.md","07_Tools_Validation_Misc","Tools, Validation Scripts, Root Config, Misc","Markdown Documentation",".md","15","945","0.92","6/6/2026 5:25:35 PM"
"docs\task-closure\T096_T102_PHASE15_SCORECARD.PACK_G3_BRIDGED.json","07_Tools_Validation_Misc","Tools, Validation Scripts, Root Config, Misc","JSON Configuration",".json","249","9507","9.28","6/6/2026 6:20:11 PM"
"docs\task-closure\T096_T102_PHASE15_SCORECARD.PACK_G3_BRIDGED.md","07_Tools_Validation_Misc","Tools, Validation Scripts, Root Config, Misc","Markdown Documentation",".md","10","222","0.22","6/6/2026 6:20:11 PM"
"docs\task-closure\T096_T102_PHASE15_SCORECARD.PACK_G4_BRIDGED.json","07_Tools_Validation_Misc","Tools, Validation Scripts, Root Config, Misc","JSON Configuration",".json","249","9507","9.28","6/6/2026 6:20:12 PM"
"docs\task-closure\T096_T102_PHASE15_SCORECARD.PACK_G4_BRIDGED.md","07_Tools_Validation_Misc","Tools, Validation Scripts, Root Config, Misc","Markdown Documentation",".md","10","222","0.22","6/6/2026 6:20:12 PM"
"docs\task-closure\T096_T102_PHASE15_SCORECARD.PACK_G5_BRIDGED.json","07_Tools_Validation_Misc","Tools, Validation Scripts, Root Config, Misc","JSON Configuration",".json","249","9507","9.28","6/6/2026 6:20:12 PM"
"docs\task-closure\T096_T102_PHASE15_SCORECARD.PACK_G5_BRIDGED.md","07_Tools_Validation_Misc","Tools, Validation Scripts, Root Config, Misc","Markdown Documentation",".md","10","222","0.22","6/6/2026 6:20:12 PM"
"docs\task-closure\T096_T102_PHASE15_SCORECARD.PACK_G6_BRIDGED.json","07_Tools_Validation_Misc","Tools, Validation Scripts, Root Config, Misc","JSON Configuration",".json","249","9507","9.28","6/6/2026 6:20:12 PM"
"docs\task-closure\T096_T102_PHASE15_SCORECARD.PACK_G6_BRIDGED.md","07_Tools_Validation_Misc","Tools, Validation Scripts, Root Config, Misc","Markdown Documentation",".md","10","222","0.22","6/6/2026 6:20:12 PM"
"docs\task-closure\T096_T102_PHASE15_SCORECARD.PACK_G7_BRIDGED.json","07_Tools_Validation_Misc","Tools, Validation Scripts, Root Config, Misc","JSON Configuration",".json","249","9507","9.28","6/6/2026 6:20:13 PM"
"docs\task-closure\T096_T102_PHASE15_SCORECARD.PACK_G7_BRIDGED.md","07_Tools_Validation_Misc","Tools, Validation Scripts, Root Config, Misc","Markdown Documentation",".md","10","222","0.22","6/6/2026 6:20:13 PM"
"docs\task-closure\T096_T102_PHASE15_SCORECARD.PACK_G8_BRIDGED.json","07_Tools_Validation_Misc","Tools, Validation Scripts, Root Config, Misc","JSON Configuration",".json","249","9507","9.28","6/6/2026 6:20:13 PM"
"docs\task-closure\T096_T102_PHASE15_SCORECARD.PACK_G8_BRIDGED.md","07_Tools_Validation_Misc","Tools, Validation Scripts, Root Config, Misc","Markdown Documentation",".md","10","222","0.22","6/6/2026 6:20:13 PM"
"docs\task-closure\T096_T102_PHASE15_SCORECARD.PACK_G9_BRIDGED.json","07_Tools_Validation_Misc","Tools, Validation Scripts, Root Config, Misc","JSON Configuration",".json","261","9945","9.71","6/6/2026 6:20:16 PM"
"docs\task-closure\T096_T102_PHASE15_SCORECARD.PACK_G9_BRIDGED.md","07_Tools_Validation_Misc","Tools, Validation Scripts, Root Config, Misc","Markdown Documentation",".md","9","174","0.17","6/6/2026 6:20:16 PM"
"docs\testing\P00A_77_Implementation_Backlog.md","07_Tools_Validation_Misc","Tools, Validation Scripts, Root Config, Misc","Markdown Documentation",".md","105","5477","5.35","5/31/2026 2:07:14 PM"
"docs\testing\P00D_E2E_Consolidation_Map.json","07_Tools_Validation_Misc","Tools, Validation Scripts, Root Config, Misc","JSON Configuration",".json","121","3785","3.7","5/31/2026 2:48:04 PM"
"docs\testing\P00D_Future_E2E_Deferrals.md","07_Tools_Validation_Misc","Tools, Validation Scripts, Root Config, Misc","Markdown Documentation",".md","13","604","0.59","5/31/2026 2:48:04 PM"
"docs\testing\PlantProcessIQ_Test_Register_v1.md","07_Tools_Validation_Misc","Tools, Validation Scripts, Root Config, Misc","Markdown Documentation",".md","80","5318","5.19","5/31/2026 2:07:14 PM"
"docs\TESTMODE.md","07_Tools_Validation_Misc","Tools, Validation Scripts, Root Config, Misc","Markdown Documentation",".md","47","2123","2.07","6/12/2026 10:22:54 PM"
"docs\top15\PHASE3_PHASE4_T209_T215_URGENT.md","07_Tools_Validation_Misc","Tools, Validation Scripts, Root Config, Misc","Markdown Documentation",".md","29","1379","1.35","6/9/2026 4:50:23 PM"
"docs\ux\ACCESSIBILITY.md","07_Tools_Validation_Misc","Tools, Validation Scripts, Root Config, Misc","Markdown Documentation",".md","27","1225","1.2","6/6/2026 11:18:29 AM"
"docs\ux\I18N_RTL.md","07_Tools_Validation_Misc","Tools, Validation Scripts, Root Config, Misc","Markdown Documentation",".md","11","567","0.55","6/6/2026 11:48:56 AM"
"env\profiles\customer-template.env.example","07_Tools_Validation_Misc","Tools, Validation Scripts, Root Config, Misc","Other Text File",".example","58","2001","1.95","6/4/2026 1:16:32 PM"
"env\profiles\local.env","07_Tools_Validation_Misc","Tools, Validation Scripts, Root Config, Misc","Other Text File",".env","53","1827","1.78","6/4/2026 1:12:41 PM"
"env\profiles\local.env.example","07_Tools_Validation_Misc","Tools, Validation Scripts, Root Config, Misc","Other Text File",".example","54","1820","1.78","6/4/2026 1:16:32 PM"
"env\profiles\server.env.example","07_Tools_Validation_Misc","Tools, Validation Scripts, Root Config, Misc","Other Text File",".example","39","1381","1.35","6/4/2026 1:20:57 PM"
"env\profiles\server-docker.env.example","07_Tools_Validation_Misc","Tools, Validation Scripts, Root Config, Misc","Other Text File",".example","53","1720","1.68","6/4/2026 1:16:32 PM"
"env\profiles\test.env.example","07_Tools_Validation_Misc","Tools, Validation Scripts, Root Config, Misc","Other Text File",".example","39","1328","1.3","6/4/2026 1:16:32 PM"
"Jenkinsfile","07_Tools_Validation_Misc","Tools, Validation Scripts, Root Config, Misc","Jenkins Pipeline","","88","3335","3.26","6/13/2026 10:58:00 AM"
"README.md","07_Tools_Validation_Misc","Tools, Validation Scripts, Root Config, Misc","Markdown Documentation",".md","4","59","0.06","5/29/2026 5:06:36 PM"
"scripts\ci\run-phase8-assistant-eval-gate.ps1","07_Tools_Validation_Misc","Tools, Validation Scripts, Root Config, Misc","PowerShell Script",".ps1","9","392","0.38","6/9/2026 3:28:15 PM"
"scripts\dead-button-scan.mjs","07_Tools_Validation_Misc","Tools, Validation Scripts, Root Config, Misc","Other Text File",".mjs","61","2886","2.82","6/13/2026 11:06:27 PM"
"scripts\deploy\Invoke-CleanMachineDeployAcceptance.ps1","07_Tools_Validation_Misc","Tools, Validation Scripts, Root Config, Misc","PowerShell Script",".ps1","87","2949","2.88","6/9/2026 2:25:02 PM"
"scripts\deploy\server-command-common.ps1","07_Tools_Validation_Misc","Tools, Validation Scripts, Root Config, Misc","PowerShell Script",".ps1","125","3194","3.12","6/4/2026 1:42:58 PM"
"scripts\deploy\server-down.ps1","07_Tools_Validation_Misc","Tools, Validation Scripts, Root Config, Misc","PowerShell Script",".ps1","34","949","0.93","6/4/2026 1:42:59 PM"
"scripts\deploy\server-dry-run.ps1","07_Tools_Validation_Misc","Tools, Validation Scripts, Root Config, Misc","PowerShell Script",".ps1","40","1223","1.19","6/4/2026 1:42:58 PM"
"scripts\deploy\server-status.ps1","07_Tools_Validation_Misc","Tools, Validation Scripts, Root Config, Misc","PowerShell Script",".ps1","33","758","0.74","6/4/2026 1:42:59 PM"
"scripts\deploy\server-up.ps1","07_Tools_Validation_Misc","Tools, Validation Scripts, Root Config, Misc","PowerShell Script",".ps1","34","953","0.93","6/4/2026 1:42:59 PM"
"scripts\deploy\validate-pack3a-deployment-baseline.ps1","07_Tools_Validation_Misc","Tools, Validation Scripts, Root Config, Misc","PowerShell Script",".ps1","15","1019","1","6/4/2026 1:23:52 PM"
"scripts\deploy\validate-pack3b-server-deployment-manifest.ps1","07_Tools_Validation_Misc","Tools, Validation Scripts, Root Config, Misc","PowerShell Script",".ps1","15","1047","1.02","6/4/2026 1:31:23 PM"
"scripts\deploy\validate-pack3c-deployment-dry-run.ps1","07_Tools_Validation_Misc","Tools, Validation Scripts, Root Config, Misc","PowerShell Script",".ps1","15","1032","1.01","6/4/2026 1:37:16 PM"
"scripts\deploy\validate-pack3d-server-command-standardization.ps1","07_Tools_Validation_Misc","Tools, Validation Scripts, Root Config, Misc","PowerShell Script",".ps1","15","1043","1.02","6/4/2026 1:43:08 PM"
"scripts\deploy\validate-pack3e-server-app-compose.ps1","07_Tools_Validation_Misc","Tools, Validation Scripts, Root Config, Misc","PowerShell Script",".ps1","15","1041","1.02","6/4/2026 1:46:45 PM"
"scripts\deploy\validate-pack3f-deployment-standardization-rollup.ps1","07_Tools_Validation_Misc","Tools, Validation Scripts, Root Config, Misc","PowerShell Script",".ps1","15","1072","1.05","6/4/2026 1:49:50 PM"
"scripts\dev\run-api-local.ps1","07_Tools_Validation_Misc","Tools, Validation Scripts, Root Config, Misc","PowerShell Script",".ps1","15","943","0.92","6/7/2026 4:45:50 PM"
"scripts\dev\test-backend-clean-apply-full.ps1","07_Tools_Validation_Misc","Tools, Validation Scripts, Root Config, Misc","PowerShell Script",".ps1","81","3029","2.96","6/9/2026 2:25:00 PM"
"scripts\dev\test-backend-full-local.ps1","07_Tools_Validation_Misc","Tools, Validation Scripts, Root Config, Misc","PowerShell Script",".ps1","47","1909","1.86","6/8/2026 8:53:34 AM"
"scripts\dev\test-backend-local.ps1","07_Tools_Validation_Misc","Tools, Validation Scripts, Root Config, Misc","PowerShell Script",".ps1","66","2889","2.82","6/8/2026 8:40:34 AM"
"scripts\docker\get-docker-command.ps1","07_Tools_Validation_Misc","Tools, Validation Scripts, Root Config, Misc","PowerShell Script",".ps1","20","447","0.44","6/4/2026 10:49:26 AM"
"scripts\docker\start-demo-sources.ps1","07_Tools_Validation_Misc","Tools, Validation Scripts, Root Config, Misc","PowerShell Script",".ps1","51","1528","1.49","6/4/2026 10:49:43 AM"
"scripts\docker\start-local-db.ps1","07_Tools_Validation_Misc","Tools, Validation Scripts, Root Config, Misc","PowerShell Script",".ps1","7","233","0.23","6/4/2026 10:49:33 AM"
"scripts\docker\start-main-db.ps1","07_Tools_Validation_Misc","Tools, Validation Scripts, Root Config, Misc","PowerShell Script",".ps1","40","1475","1.44","6/4/2026 10:49:32 AM"
"scripts\docker\stop-demo-sources.ps1","07_Tools_Validation_Misc","Tools, Validation Scripts, Root Config, Misc","PowerShell Script",".ps1","34","1108","1.08","6/4/2026 10:49:43 AM"
"scripts\docker\stop-local-db.ps1","07_Tools_Validation_Misc","Tools, Validation Scripts, Root Config, Misc","PowerShell Script",".ps1","7","232","0.23","6/4/2026 10:49:33 AM"
"scripts\docker\stop-main-db.ps1","07_Tools_Validation_Misc","Tools, Validation Scripts, Root Config, Misc","PowerShell Script",".ps1","29","1035","1.01","6/4/2026 10:49:32 AM"
"scripts\edge-agent\Install-PPIQ-EdgeAgent-Service.ps1","07_Tools_Validation_Misc","Tools, Validation Scripts, Root Config, Misc","PowerShell Script",".ps1","22","950","0.93","6/6/2026 5:00:49 PM"
"scripts\edge-agent\Run-PPIQ-EdgeAgent-Local.ps1","07_Tools_Validation_Misc","Tools, Validation Scripts, Root Config, Misc","PowerShell Script",".ps1","20","668","0.65","6/6/2026 5:00:49 PM"
"scripts\edge-agent\Uninstall-PPIQ-EdgeAgent-Service.ps1","07_Tools_Validation_Misc","Tools, Validation Scripts, Root Config, Misc","PowerShell Script",".ps1","10","405","0.4","6/6/2026 5:00:49 PM"
"scripts\env\print-effective-config.ps1","07_Tools_Validation_Misc","Tools, Validation Scripts, Root Config, Misc","PowerShell Script",".ps1","19","991","0.97","6/4/2026 10:38:19 AM"
"scripts\env\use-profile.ps1","07_Tools_Validation_Misc","Tools, Validation Scripts, Root Config, Misc","PowerShell Script",".ps1","61","2090","2.04","6/6/2026 9:50:51 AM"
"scripts\env\validate-pack2a-config-env-baseline.ps1","07_Tools_Validation_Misc","Tools, Validation Scripts, Root Config, Misc","PowerShell Script",".ps1","22","1173","1.15","6/4/2026 1:02:39 PM"
"scripts\env\validate-pack2b-env-secret-separation.ps1","07_Tools_Validation_Misc","Tools, Validation Scripts, Root Config, Misc","PowerShell Script",".ps1","25","1809","1.77","6/4/2026 1:04:43 PM"
"scripts\env\validate-pack2c-config-placeholder-cleanup.ps1","07_Tools_Validation_Misc","Tools, Validation Scripts, Root Config, Misc","PowerShell Script",".ps1","22","1316","1.29","6/4/2026 1:07:01 PM"
"scripts\env\validate-pack2d-final-env-standardization.ps1","07_Tools_Validation_Misc","Tools, Validation Scripts, Root Config, Misc","PowerShell Script",".ps1","15","1025","1","6/4/2026 1:10:36 PM"
"scripts\env\validate-s1-standardization.ps1","07_Tools_Validation_Misc","Tools, Validation Scripts, Root Config, Misc","PowerShell Script",".ps1","53","1670","1.63","6/4/2026 10:38:21 AM"
"scripts\go-live\Test-PPIQ104-MigrateSeed.ps1","07_Tools_Validation_Misc","Tools, Validation Scripts, Root Config, Misc","PowerShell Script",".ps1","65","3849","3.76","6/15/2026 11:44:12 AM"
"scripts\hygiene\generate-s2a-cleanup-plan.ps1","07_Tools_Validation_Misc","Tools, Validation Scripts, Root Config, Misc","PowerShell Script",".ps1","360","15814","15.44","6/4/2026 10:53:19 AM"
"scripts\hygiene\validate-s2b-senior-quickcheck.ps1","07_Tools_Validation_Misc","Tools, Validation Scripts, Root Config, Misc","PowerShell Script",".ps1","45","1621","1.58","6/4/2026 11:04:33 AM"
"scripts\hygiene-check.mjs","07_Tools_Validation_Misc","Tools, Validation Scripts, Root Config, Misc","Other Text File",".mjs","42","1819","1.78","6/13/2026 7:33:53 PM"
"scripts\phase10\validate-phase10-rollup.ps1","07_Tools_Validation_Misc","Tools, Validation Scripts, Root Config, Misc","PowerShell Script",".ps1","26","823","0.8","6/9/2026 4:09:58 PM"
"scripts\phase11\validate-phase11-rollup.ps1","07_Tools_Validation_Misc","Tools, Validation Scripts, Root Config, Misc","PowerShell Script",".ps1","75","2168","2.12","6/9/2026 4:52:29 PM"
"scripts\phase7\validate-phase7-rollup.ps1","07_Tools_Validation_Misc","Tools, Validation Scripts, Root Config, Misc","PowerShell Script",".ps1","193","5761","5.63","6/8/2026 7:55:23 AM"
"scripts\phase8\validate-phase8-rollup.ps1","07_Tools_Validation_Misc","Tools, Validation Scripts, Root Config, Misc","PowerShell Script",".ps1","157","5439","5.31","6/8/2026 8:29:49 AM"
"scripts\phase9\validate-phase9-rollup.ps1","07_Tools_Validation_Misc","Tools, Validation Scripts, Root Config, Misc","PowerShell Script",".ps1","127","4411","4.31","6/8/2026 12:29:09 PM"
"scripts\refactor\validate-pack4a-genericness-refactor-baseline.ps1","07_Tools_Validation_Misc","Tools, Validation Scripts, Root Config, Misc","PowerShell Script",".ps1","15","1040","1.02","6/4/2026 1:52:05 PM"
"scripts\refactor\validate-pack4b-api-raw-sql-quarantine.ps1","07_Tools_Validation_Misc","Tools, Validation Scripts, Root Config, Misc","PowerShell Script",".ps1","15","1041","1.02","6/4/2026 1:56:31 PM"
"scripts\refactor\validate-pack4c-analytics-kpi-burndown.ps1","07_Tools_Validation_Misc","Tools, Validation Scripts, Root Config, Misc","PowerShell Script",".ps1","15","1054","1.03","6/5/2026 6:03:25 PM"
"scripts\refactor\validate-pack4d-canonical-integration-burndown.ps1","07_Tools_Validation_Misc","Tools, Validation Scripts, Root Config, Misc","PowerShell Script",".ps1","15","1086","1.06","6/5/2026 6:04:45 PM"
"scripts\run\free-ports.ps1","07_Tools_Validation_Misc","Tools, Validation Scripts, Root Config, Misc","PowerShell Script",".ps1","34","998","0.97","6/4/2026 10:40:20 AM"
"scripts\run\show-ports.ps1","07_Tools_Validation_Misc","Tools, Validation Scripts, Root Config, Misc","PowerShell Script",".ps1","26","790","0.77","6/4/2026 10:40:20 AM"
"scripts\run\start-api.ps1","07_Tools_Validation_Misc","Tools, Validation Scripts, Root Config, Misc","PowerShell Script",".ps1","25","572","0.56","6/4/2026 10:40:38 AM"
"scripts\run\start-local.ps1","07_Tools_Validation_Misc","Tools, Validation Scripts, Root Config, Misc","PowerShell Script",".ps1","43","1937","1.89","6/4/2026 10:49:53 AM"
"scripts\run\start-web.ps1","07_Tools_Validation_Misc","Tools, Validation Scripts, Root Config, Misc","PowerShell Script",".ps1","25","611","0.6","6/4/2026 10:40:38 AM"
"scripts\run\start-website.ps1","07_Tools_Validation_Misc","Tools, Validation Scripts, Root Config, Misc","PowerShell Script",".ps1","25","628","0.61","6/4/2026 10:40:39 AM"
"scripts\run\stop-local.ps1","07_Tools_Validation_Misc","Tools, Validation Scripts, Root Config, Misc","PowerShell Script",".ps1","20","608","0.59","6/4/2026 10:40:56 AM"
"scripts\run\validate-s1b-runtime.ps1","07_Tools_Validation_Misc","Tools, Validation Scripts, Root Config, Misc","PowerShell Script",".ps1","54","1738","1.7","6/4/2026 10:41:07 AM"
"scripts\run\validate-s1c-topology.ps1","07_Tools_Validation_Misc","Tools, Validation Scripts, Root Config, Misc","PowerShell Script",".ps1","58","2045","2","6/4/2026 10:50:01 AM"
"scripts\test\repo-sanity-s0.ps1","07_Tools_Validation_Misc","Tools, Validation Scripts, Root Config, Misc","PowerShell Script",".ps1","55","1884","1.84","6/4/2026 10:25:52 AM"
"scripts\test\run-e2e-stable.ps1","07_Tools_Validation_Misc","Tools, Validation Scripts, Root Config, Misc","PowerShell Script",".ps1","29","1340","1.31","6/4/2026 12:42:48 PM"
"scripts\test\validate-current-green.ps1","07_Tools_Validation_Misc","Tools, Validation Scripts, Root Config, Misc","PowerShell Script",".ps1","61","2262","2.21","6/4/2026 10:30:16 AM"
"scripts\test\validate-current-green-final.ps1","07_Tools_Validation_Misc","Tools, Validation Scripts, Root Config, Misc","PowerShell Script",".ps1","8","385","0.38","6/4/2026 1:10:33 PM"
"scripts\test\validate-s3c-stable-e2e-core.ps1","07_Tools_Validation_Misc","Tools, Validation Scripts, Root Config, Misc","PowerShell Script",".ps1","22","1259","1.23","6/4/2026 12:42:48 PM"
"scripts\top15\run-phase3-phase4-regression.ps1","07_Tools_Validation_Misc","Tools, Validation Scripts, Root Config, Misc","PowerShell Script",".ps1","13","452","0.44","6/9/2026 4:54:47 PM"
"scripts\verify-no-hardcoded-demo-pages.mjs","07_Tools_Validation_Misc","Tools, Validation Scripts, Root Config, Misc","Other Text File",".mjs","109","3919","3.83","6/13/2026 3:19:38 PM"
"scripts\verify-solution-hygiene.ps1","07_Tools_Validation_Misc","Tools, Validation Scripts, Root Config, Misc","PowerShell Script",".ps1","20","1617","1.58","6/13/2026 7:18:18 PM"
"tools\_archive\landed-tooling\20260606112715\MANIFEST.json","07_Tools_Validation_Misc","Tools, Validation Scripts, Root Config, Misc","Tooling Script",".json","263","12484","12.19","6/10/2026 11:51:12 AM"
"tools\_archive\landed-tooling\20260606112715\MANIFEST.md","07_Tools_Validation_Misc","Tools, Validation Scripts, Root Config, Misc","Tooling Script",".md","48","6103","5.96","6/10/2026 11:51:12 AM"
"tools\_archive\landed-tooling\20260606112715\tools\ground-truth\apply-ground-truth-validation-hotfix-pack.cjs","07_Tools_Validation_Misc","Tools, Validation Scripts, Root Config, Misc","Tooling Script",".cjs","1064","43178","42.17","6/10/2026 11:51:12 AM"
"tools\_archive\landed-tooling\20260606112715\tools\ground-truth\repair-ground-truth-p03p04-and-godfile-policy.cjs","07_Tools_Validation_Misc","Tools, Validation Scripts, Root Config, Misc","Tooling Script",".cjs","762","31340","30.61","6/10/2026 11:51:12 AM"
"tools\_archive\landed-tooling\20260606112715\tools\ml\Apply-PPIQ-v5-T209-T213.ps1","07_Tools_Validation_Misc","Tools, Validation Scripts, Root Config, Misc","Tooling Script",".ps1","1497","57100","55.76","6/10/2026 11:51:12 AM"
"tools\_archive\landed-tooling\20260606112715\tools\pack-a\apply-pack-a1-remaining-cleanup-audit-closure-map.cjs","07_Tools_Validation_Misc","Tools, Validation Scripts, Root Config, Misc","Tooling Script",".cjs","941","29263","28.58","6/10/2026 11:51:12 AM"
"tools\_archive\landed-tooling\20260606112715\tools\pack-b\apply-pack-b1-safe-frontend-refactor.cjs","07_Tools_Validation_Misc","Tools, Validation Scripts, Root Config, Misc","Tooling Script",".cjs","731","21835","21.32","6/10/2026 11:51:12 AM"
"tools\_archive\landed-tooling\20260606112715\tools\pack-b\apply-pack-b2-widget-builder-content-split.cjs","07_Tools_Validation_Misc","Tools, Validation Scripts, Root Config, Misc","Tooling Script",".cjs","617","18747","18.31","6/10/2026 11:51:12 AM"
"tools\_archive\landed-tooling\20260606112715\tools\pack-b\apply-pack-b2-widget-builder-content-split-v2.cjs","07_Tools_Validation_Misc","Tools, Validation Scripts, Root Config, Misc","Tooling Script",".cjs","651","18945","18.5","6/10/2026 11:51:12 AM"
"tools\_archive\landed-tooling\20260606112715\tools\pack-b\apply-pack-b3-widget-builder-shell-retirement.cjs","07_Tools_Validation_Misc","Tools, Validation Scripts, Root Config, Misc","Tooling Script",".cjs","184","6045","5.9","6/10/2026 11:51:12 AM"
"tools\_archive\landed-tooling\20260606112715\tools\pack-b\apply-pack-b4a-t037-compatibility-split.cjs","07_Tools_Validation_Misc","Tools, Validation Scripts, Root Config, Misc","Tooling Script",".cjs","299","9620","9.39","6/10/2026 11:51:12 AM"
"tools\_archive\landed-tooling\20260606112715\tools\pack-b\repair-pack-b1-css-safe-split.cjs","07_Tools_Validation_Misc","Tools, Validation Scripts, Root Config, Misc","Tooling Script",".cjs","390","10306","10.06","6/10/2026 11:51:12 AM"
"tools\_archive\landed-tooling\20260606112715\tools\pack-b\repair-pack-b2-generated-split-compile.cjs","07_Tools_Validation_Misc","Tools, Validation Scripts, Root Config, Misc","Tooling Script",".cjs","344","10654","10.4","6/10/2026 11:51:12 AM"
"tools\_archive\landed-tooling\20260606112715\tools\pack-b\repair-pack-b2-import-syntax.cjs","07_Tools_Validation_Misc","Tools, Validation Scripts, Root Config, Misc","Tooling Script",".cjs","209","6709","6.55","6/10/2026 11:51:12 AM"
"tools\_archive\landed-tooling\20260606112715\tools\pack-d\apply-pack-d1-backend-split-audit-route-snapshot.cjs","07_Tools_Validation_Misc","Tools, Validation Scripts, Root Config, Misc","Tooling Script",".cjs","732","22624","22.09","6/10/2026 11:51:12 AM"
"tools\_archive\landed-tooling\20260606112715\tools\pack-d\apply-pack-d2a-t054-route-preserving-split.cjs","07_Tools_Validation_Misc","Tools, Validation Scripts, Root Config, Misc","Tooling Script",".cjs","314","9803","9.57","6/10/2026 11:51:12 AM"
"tools\_archive\landed-tooling\20260606112715\tools\pack-d\apply-pack-d3a-t055-route-service-preserving-split.cjs","07_Tools_Validation_Misc","Tools, Validation Scripts, Root Config, Misc","Tooling Script",".cjs","345","10851","10.6","6/10/2026 11:51:12 AM"
"tools\_archive\landed-tooling\20260606112715\tools\pack-d\repair-pack-d1-target-paths.cjs","07_Tools_Validation_Misc","Tools, Validation Scripts, Root Config, Misc","Tooling Script",".cjs","274","8632","8.43","6/10/2026 11:51:12 AM"
"tools\_archive\landed-tooling\20260606112715\tools\phase3-phase4\repair-phase34-validator-frontend-path-policy.cjs","07_Tools_Validation_Misc","Tools, Validation Scripts, Root Config, Misc","Tooling Script",".cjs","219","8779","8.57","6/10/2026 11:51:12 AM"
"tools\_archive\landed-tooling\20260606112715\tools\phase3-phase4\repair-phase34-validator-marker-policy.cjs","07_Tools_Validation_Misc","Tools, Validation Scripts, Root Config, Misc","Tooling Script",".cjs","197","8238","8.04","6/10/2026 11:51:12 AM"
"tools\_archive\landed-tooling\20260606112715\tools\phase56\apply-phase5-phase6.cjs","07_Tools_Validation_Misc","Tools, Validation Scripts, Root Config, Misc","Tooling Script",".cjs","787","32020","31.27","6/10/2026 11:51:12 AM"
"tools\_archive\landed-tooling\20260606112715\tools\phase78\apply-phase7-phase8-v2.cjs","07_Tools_Validation_Misc","Tools, Validation Scripts, Root Config, Misc","Tooling Script",".cjs","588","29787","29.09","6/10/2026 11:51:12 AM"
"tools\_archive\landed-tooling\20260606112715\tools\phase9-phase10\apply-phase9-phase10.cjs","07_Tools_Validation_Misc","Tools, Validation Scripts, Root Config, Misc","Tooling Script",".cjs","505","19069","18.62","6/10/2026 11:51:12 AM"
"tools\_archive\landed-tooling\20260606112715\tools\phase9-phase10\repair-phase10-demo-lead-marker.cjs","07_Tools_Validation_Misc","Tools, Validation Scripts, Root Config, Misc","Tooling Script",".cjs","146","4876","4.76","6/10/2026 11:51:12 AM"
"tools\_archive\landed-tooling\20260606112715\tools\phase9-phase10\repair-phase10-website-overclaims.cjs","07_Tools_Validation_Misc","Tools, Validation Scripts, Root Config, Misc","Tooling Script",".cjs","140","4336","4.23","6/10/2026 11:51:12 AM"
"tools\_archive\landed-tooling\20260606112715\tools\phase9-phase10\repair-phase9-phase10-validator.cjs","07_Tools_Validation_Misc","Tools, Validation Scripts, Root Config, Misc","Tooling Script",".cjs","277","10715","10.46","6/10/2026 11:51:12 AM"
"tools\_archive\landed-tooling\20260606112715\tools\phase9-phase10\repair-phase9-phase10-validator-v2.cjs","07_Tools_Validation_Misc","Tools, Validation Scripts, Root Config, Misc","Tooling Script",".cjs","230","7980","7.79","6/10/2026 11:51:12 AM"
"tools\_archive\landed-tooling\20260606112715\tools\task-closure\apply-task-closure-gate-t001-t071.cjs","07_Tools_Validation_Misc","Tools, Validation Scripts, Root Config, Misc","Tooling Script",".cjs","815","33052","32.28","6/10/2026 11:51:12 AM"
"tools\_archive\landed-tooling\20260606112715\tools\tests\fix-api-integration-test-db-connection.cjs","07_Tools_Validation_Misc","Tools, Validation Scripts, Root Config, Misc","Tooling Script",".cjs","307","10057","9.82","6/10/2026 11:51:12 AM"
"tools\_archive\landed-tooling\20260606112715\tools\tests\patch-api-test-local-db-resolver.cjs","07_Tools_Validation_Misc","Tools, Validation Scripts, Root Config, Misc","Tooling Script",".cjs","60","2628","2.57","6/10/2026 11:51:12 AM"
"tools\_archive\landed-tooling\ARCHIVE_INDEX.md","07_Tools_Validation_Misc","Tools, Validation Scripts, Root Config, Misc","Tooling Script",".md","9","272","0.27","6/10/2026 11:51:12 AM"
"tools\archive\deduplicated-build-files\Jenkinsfile.deploy-ci.archived","07_Tools_Validation_Misc","Tools, Validation Scripts, Root Config, Misc","Tooling Script",".archived","275","10992","10.73","6/1/2026 12:10:39 AM"
"tools\archive\orphaned-non-sln-tests\PlantProcessIQ.Tests_20260614_225009\Intelligence\GoldenThreadAndAnalysisTests.cs","07_Tools_Validation_Misc","Tools, Validation Scripts, Root Config, Misc","Tooling Script",".cs","131","5259","5.14","6/2/2026 5:10:49 PM"
"tools\archive\orphaned-non-sln-tests\PlantProcessIQ.Tests_20260614_225009\Mapping\WorkedMappingTests.cs","07_Tools_Validation_Misc","Tools, Validation Scripts, Root Config, Misc","Tooling Script",".cs","157","6864","6.7","6/2/2026 5:10:47 PM"
"tools\archive\retired-duplicate-pages\src__pages__AdminPage.tsx","07_Tools_Validation_Misc","Tools, Validation Scripts, Root Config, Misc","Tooling Script",".tsx","1","51","0.05","5/19/2026 12:19:15 AM"
"tools\archive\retired-duplicate-pages\src__pages__CorrelationPage.tsx","07_Tools_Validation_Misc","Tools, Validation Scripts, Root Config, Misc","Tooling Script",".tsx","1","65","0.06","5/30/2026 11:14:59 AM"
"tools\archive\retired-duplicate-pages\src__pages__DashboardPage.tsx","07_Tools_Validation_Misc","Tools, Validation Scripts, Root Config, Misc","Tooling Script",".tsx","1","63","0.06","5/19/2026 12:19:15 AM"
"tools\archive\retired-duplicate-pages\src__pages__DataQualityPage.tsx","07_Tools_Validation_Misc","Tools, Validation Scripts, Root Config, Misc","Tooling Script",".tsx","1","65","0.06","5/30/2026 11:14:59 AM"
"tools\archive\retired-duplicate-pages\src__pages__RiskDashboardPage.tsx","07_Tools_Validation_Misc","Tools, Validation Scripts, Root Config, Misc","Tooling Script",".tsx","1","71","0.07","5/30/2026 11:14:59 AM"
"tools\ci\check-crlf.mjs","07_Tools_Validation_Misc","Tools, Validation Scripts, Root Config, Misc","Tooling Script",".mjs","29","1108","1.08","6/9/2026 12:41:37 AM"
"tools\ci\Invoke-PPIQ-Certification.ps1","07_Tools_Validation_Misc","Tools, Validation Scripts, Root Config, Misc","Tooling Script",".ps1","69","1858","1.81","6/6/2026 2:34:46 PM"
"tools\ci\ppiq-certification-stage.sh","07_Tools_Validation_Misc","Tools, Validation Scripts, Root Config, Misc","Tooling Script",".sh","20","649","0.63","6/6/2026 2:34:46 PM"
"tools\ci\Rebuild-LocalTestDb.ps1","07_Tools_Validation_Misc","Tools, Validation Scripts, Root Config, Misc","Tooling Script",".ps1","66","3867","3.78","6/9/2026 1:34:22 AM"
"tools\ci\run-backend-ci.sh","07_Tools_Validation_Misc","Tools, Validation Scripts, Root Config, Misc","Tooling Script",".sh","27","800","0.78","5/20/2026 11:33:48 AM"
"tools\ci\run-ef-migrations.sh","07_Tools_Validation_Misc","Tools, Validation Scripts, Root Config, Misc","Tooling Script",".sh","33","1078","1.05","5/20/2026 11:23:18 AM"
"tools\ci\run-frontend-ci.sh","07_Tools_Validation_Misc","Tools, Validation Scripts, Root Config, Misc","Tooling Script",".sh","27","670","0.65","5/20/2026 11:23:57 AM"
"tools\ci\run-local-full-validation.ps1","07_Tools_Validation_Misc","Tools, Validation Scripts, Root Config, Misc","Tooling Script",".ps1","60","1742","1.7","6/10/2026 11:51:12 AM"
"tools\ci\run-website-ci.sh","07_Tools_Validation_Misc","Tools, Validation Scripts, Root Config, Misc","Tooling Script",".sh","18","491","0.48","5/20/2026 11:24:11 AM"
"tools\ci\validate-real-ui-gates.cjs","07_Tools_Validation_Misc","Tools, Validation Scripts, Root Config, Misc","Tooling Script",".cjs","39","1066","1.04","6/9/2026 2:25:01 PM"
"tools\ci\validate-test-project-registration.cjs","07_Tools_Validation_Misc","Tools, Validation Scripts, Root Config, Misc","Tooling Script",".cjs","93","2430","2.37","6/7/2026 2:45:22 PM"
"tools\ci\Verify-Phase01-Local.ps1","07_Tools_Validation_Misc","Tools, Validation Scripts, Root Config, Misc","Tooling Script",".ps1","28","1466","1.43","6/9/2026 12:41:37 AM"
"tools\ci\wait-for-http.sh","07_Tools_Validation_Misc","Tools, Validation Scripts, Root Config, Misc","Tooling Script",".sh","46","1126","1.1","5/20/2026 11:22:29 AM"
"tools\ci\write-certification-gate-report.cjs","07_Tools_Validation_Misc","Tools, Validation Scripts, Root Config, Misc","Tooling Script",".cjs","44","1308","1.28","6/6/2026 2:29:19 PM"
"tools\deploy\Invoke-Phase03PostDeploySmoke.ps1","07_Tools_Validation_Misc","Tools, Validation Scripts, Root Config, Misc","Tooling Script",".ps1","33","1094","1.07","6/7/2026 3:15:57 PM"
"tools\deploy\Invoke-Phase04TenantIsolationProof.ps1","07_Tools_Validation_Misc","Tools, Validation Scripts, Root Config, Misc","Tooling Script",".ps1","32","1074","1.05","6/7/2026 3:15:57 PM"
"tools\deploy\Test-ExternalPostgresPortClosed.ps1","07_Tools_Validation_Misc","Tools, Validation Scripts, Root Config, Misc","Tooling Script",".ps1","27","803","0.78","6/7/2026 3:15:57 PM"
"tools\deploy\Test-ReadOnlyPreviewRole.ps1","07_Tools_Validation_Misc","Tools, Validation Scripts, Root Config, Misc","Tooling Script",".ps1","24","739","0.72","6/7/2026 3:15:57 PM"
"tools\dev\Install-GitHooks.ps1","07_Tools_Validation_Misc","Tools, Validation Scripts, Root Config, Misc","Tooling Script",".ps1","15","469","0.46","5/31/2026 11:30:39 AM"
"tools\dev\Restart-PPIQ-Local.ps1","07_Tools_Validation_Misc","Tools, Validation Scripts, Root Config, Misc","Tooling Script",".ps1","18","503","0.49","5/31/2026 11:07:49 AM"
"tools\dev\Show-PPIQ-PortOwner.ps1","07_Tools_Validation_Misc","Tools, Validation Scripts, Root Config, Misc","Tooling Script",".ps1","30","893","0.87","5/31/2026 11:30:39 AM"
"tools\dev\Stop-PPIQ-Port.ps1","07_Tools_Validation_Misc","Tools, Validation Scripts, Root Config, Misc","Tooling Script",".ps1","42","1151","1.12","5/31/2026 11:30:39 AM"
"tools\dev-bootstrap.ps1","07_Tools_Validation_Misc","Tools, Validation Scripts, Root Config, Misc","Tooling Script",".ps1","270","13276","12.96","5/31/2026 11:30:39 AM"
"tools\edge-agent\edge-agent.sample.json","07_Tools_Validation_Misc","Tools, Validation Scripts, Root Config, Misc","Tooling Script",".json","48","1318","1.29","6/6/2026 5:00:49 PM"
"tools\edge-agent\package-manifest.json","07_Tools_Validation_Misc","Tools, Validation Scripts, Root Config, Misc","Tooling Script",".json","24","922","0.9","6/6/2026 5:00:49 PM"
"tools\edge-agent\ppiq-edge-agent.cjs","07_Tools_Validation_Misc","Tools, Validation Scripts, Root Config, Misc","Tooling Script",".cjs","129","4394","4.29","6/6/2026 5:00:49 PM"
"tools\edge-agent\spool\batch-1780754450587.json","07_Tools_Validation_Misc","Tools, Validation Scripts, Root Config, Misc","Tooling Script",".json","67","1955","1.91","6/6/2026 5:00:50 PM"
"tools\edge-agent\spool\batch-1780754451423.json","07_Tools_Validation_Misc","Tools, Validation Scripts, Root Config, Misc","Tooling Script",".json","67","1955","1.91","6/6/2026 5:00:51 PM"
"tools\edge-agent\spool\batch-1780754661137.json","07_Tools_Validation_Misc","Tools, Validation Scripts, Root Config, Misc","Tooling Script",".json","67","1955","1.91","6/6/2026 5:04:21 PM"
"tools\edge-agent\spool\batch-1780754800348.json","07_Tools_Validation_Misc","Tools, Validation Scripts, Root Config, Misc","Tooling Script",".json","67","1955","1.91","6/6/2026 5:06:40 PM"
"tools\edge-agent\spool\batch-1780754800636.json","07_Tools_Validation_Misc","Tools, Validation Scripts, Root Config, Misc","Tooling Script",".json","67","1955","1.91","6/6/2026 5:06:40 PM"
"tools\edge-agent\spool\batch-1780754883793.json","07_Tools_Validation_Misc","Tools, Validation Scripts, Root Config, Misc","Tooling Script",".json","67","1955","1.91","6/6/2026 5:08:03 PM"
"tools\edge-agent\spool\batch-1780754884376.json","07_Tools_Validation_Misc","Tools, Validation Scripts, Root Config, Misc","Tooling Script",".json","67","1955","1.91","6/6/2026 5:08:04 PM"
"tools\edge-agent\spool\batch-1780754922515.json","07_Tools_Validation_Misc","Tools, Validation Scripts, Root Config, Misc","Tooling Script",".json","67","1955","1.91","6/6/2026 5:08:42 PM"
"tools\edge-agent\spool\batch-1780754927960.json","07_Tools_Validation_Misc","Tools, Validation Scripts, Root Config, Misc","Tooling Script",".json","67","1955","1.91","6/6/2026 5:08:47 PM"
"tools\edge-agent\spool\batch-1780754928559.json","07_Tools_Validation_Misc","Tools, Validation Scripts, Root Config, Misc","Tooling Script",".json","67","1955","1.91","6/6/2026 5:08:48 PM"
"tools\edge-agent\spool\batch-1780755045183.json","07_Tools_Validation_Misc","Tools, Validation Scripts, Root Config, Misc","Tooling Script",".json","67","1955","1.91","6/6/2026 5:10:45 PM"
"tools\edge-agent\spool\batch-1780755045722.json","07_Tools_Validation_Misc","Tools, Validation Scripts, Root Config, Misc","Tooling Script",".json","67","1955","1.91","6/6/2026 5:10:45 PM"
"tools\edge-agent\spool\batch-1780755048221.json","07_Tools_Validation_Misc","Tools, Validation Scripts, Root Config, Misc","Tooling Script",".json","67","1955","1.91","6/6/2026 5:10:48 PM"
"tools\edge-agent\spool\batch-1780755052967.json","07_Tools_Validation_Misc","Tools, Validation Scripts, Root Config, Misc","Tooling Script",".json","67","1955","1.91","6/6/2026 5:10:52 PM"
"tools\edge-agent\spool\batch-1780755053564.json","07_Tools_Validation_Misc","Tools, Validation Scripts, Root Config, Misc","Tooling Script",".json","67","1955","1.91","6/6/2026 5:10:53 PM"
"tools\GeneratePlantProcessIQ_UltimateAudit.ps1","07_Tools_Validation_Misc","Tools, Validation Scripts, Root Config, Misc","Tooling Script",".ps1","1172","38945","38.03","5/20/2026 10:25:40 AM"
"tools\golive\t03\Invoke-T03-DotnetTestGreenMeaningful.ps1","07_Tools_Validation_Misc","Tools, Validation Scripts, Root Config, Misc","Tooling Script",".ps1","503","16872","16.48","6/11/2026 12:41:43 PM"
"tools\golive\t03\Validate-T03-DotnetTestGreenMeaningful.ps1","07_Tools_Validation_Misc","Tools, Validation Scripts, Root Config, Misc","Tooling Script",".ps1","52","1383","1.35","6/11/2026 12:40:03 PM"
"tools\ground-truth\Invoke-GroundTruthValidation.ps1","07_Tools_Validation_Misc","Tools, Validation Scripts, Root Config, Misc","Tooling Script",".ps1","130","4252","4.15","6/6/2026 12:16:32 PM"
"tools\ground-truth\validate-ground-truth.cjs","07_Tools_Validation_Misc","Tools, Validation Scripts, Root Config, Misc","Tooling Script",".cjs","52","2108","2.06","6/6/2026 12:16:32 PM"
"tools\ml\Run-PPIQ-v5-DbAndFrontendProof-PS51.ps1","07_Tools_Validation_Misc","Tools, Validation Scripts, Root Config, Misc","Tooling Script",".ps1","299","12342","12.05","6/6/2026 9:50:51 AM"
"tools\pack-a\Invoke-PackA-ClosureGate-WithBridge.ps1","07_Tools_Validation_Misc","Tools, Validation Scripts, Root Config, Misc","Tooling Script",".ps1","44","1258","1.23","6/6/2026 2:34:46 PM"
"tools\pack-a\Invoke-PackA-FinalClosure-WithBridges.ps1","07_Tools_Validation_Misc","Tools, Validation Scripts, Root Config, Misc","Tooling Script",".ps1","44","1347","1.32","6/6/2026 3:11:51 PM"
"tools\pack-a\Invoke-PackA-Regression.ps1","07_Tools_Validation_Misc","Tools, Validation Scripts, Root Config, Misc","Tooling Script",".ps1","51","1310","1.28","6/6/2026 2:25:27 PM"
"tools\pack-a\pack-a2-tooling-archive.cjs","07_Tools_Validation_Misc","Tools, Validation Scripts, Root Config, Misc","Tooling Script",".cjs","480","13970","13.64","6/6/2026 2:27:10 PM"
"tools\pack-a\pack-a3b-task-closure-evidence-bridge.cjs","07_Tools_Validation_Misc","Tools, Validation Scripts, Root Config, Misc","Tooling Script",".cjs","508","21968","21.45","6/6/2026 2:34:45 PM"
"tools\pack-a\pack-a3-ci-certification-wiring.cjs","07_Tools_Validation_Misc","Tools, Validation Scripts, Root Config, Misc","Tooling Script",".cjs","564","16872","16.48","6/6/2026 2:29:17 PM"
"tools\pack-a\pack-a4-deduplicate-jenkins-telemetry.cjs","07_Tools_Validation_Misc","Tools, Validation Scripts, Root Config, Misc","Tooling Script",".cjs","575","23091","22.55","6/6/2026 2:38:58 PM"
"tools\pack-a\pack-a5-t035-mapping-drift-docs.cjs","07_Tools_Validation_Misc","Tools, Validation Scripts, Root Config, Misc","Tooling Script",".cjs","706","30397","29.68","6/6/2026 3:11:49 PM"
"tools\pack-a\validate-pack-a-ci-certification.cjs","07_Tools_Validation_Misc","Tools, Validation Scripts, Root Config, Misc","Tooling Script",".cjs","67","2031","1.98","6/6/2026 2:29:19 PM"
"tools\pack-a\validate-pack-a-closure-map.cjs","07_Tools_Validation_Misc","Tools, Validation Scripts, Root Config, Misc","Tooling Script",".cjs","55","1815","1.77","6/6/2026 2:25:27 PM"
"tools\pack-a\validate-pack-a-run-once-archive.cjs","07_Tools_Validation_Misc","Tools, Validation Scripts, Root Config, Misc","Tooling Script",".cjs","123","3403","3.32","6/6/2026 2:27:16 PM"
"tools\pack-a\validate-pack-a-t007-dedup.cjs","07_Tools_Validation_Misc","Tools, Validation Scripts, Root Config, Misc","Tooling Script",".cjs","83","3677","3.59","6/6/2026 2:39:00 PM"
"tools\pack-a\validate-pack-a-t035-mapping-drift-docs.cjs","07_Tools_Validation_Misc","Tools, Validation Scripts, Root Config, Misc","Tooling Script",".cjs","66","1944","1.9","6/6/2026 3:11:51 PM"
"tools\pack-a\validate-pack-a-task-closure-bridge.cjs","07_Tools_Validation_Misc","Tools, Validation Scripts, Root Config, Misc","Tooling Script",".cjs","57","2241","2.19","6/6/2026 2:34:46 PM"
"tools\pack-b\analyze-pack-b-split-plan.cjs","07_Tools_Validation_Misc","Tools, Validation Scripts, Root Config, Misc","Tooling Script",".cjs","135","3911","3.82","6/6/2026 1:44:12 PM"
"tools\pack-b\validate-pack-b-p05-closure.cjs","07_Tools_Validation_Misc","Tools, Validation Scripts, Root Config, Misc","Tooling Script",".cjs","104","3069","3","6/6/2026 1:44:12 PM"
"tools\pack-b\validate-raw-brand-tokens.cjs","07_Tools_Validation_Misc","Tools, Validation Scripts, Root Config, Misc","Tooling Script",".cjs","53","1633","1.59","6/6/2026 1:44:12 PM"
"tools\pack-d\Invoke-PackD-BackendRegression.ps1","07_Tools_Validation_Misc","Tools, Validation Scripts, Root Config, Misc","Tooling Script",".ps1","45","1018","0.99","6/6/2026 2:14:12 PM"
"tools\pack-d\validate-pack-d-backend-thinness.cjs","07_Tools_Validation_Misc","Tools, Validation Scripts, Root Config, Misc","Tooling Script",".cjs","56","1571","1.53","6/6/2026 2:15:44 PM"
"tools\pack-d\validate-pack-d-route-contract-snapshot.cjs","07_Tools_Validation_Misc","Tools, Validation Scripts, Root Config, Misc","Tooling Script",".cjs","104","3503","3.42","6/6/2026 2:14:12 PM"
"tools\pack-d\validate-pack-d-t054-thinness.cjs","07_Tools_Validation_Misc","Tools, Validation Scripts, Root Config, Misc","Tooling Script",".cjs","45","1272","1.24","6/6/2026 2:17:12 PM"
"tools\pack-d\validate-pack-d-t055-thinness.cjs","07_Tools_Validation_Misc","Tools, Validation Scripts, Root Config, Misc","Tooling Script",".cjs","45","1288","1.26","6/6/2026 2:19:22 PM"
"tools\pack-e\Invoke-PackE-FinalClosure.ps1","07_Tools_Validation_Misc","Tools, Validation Scripts, Root Config, Misc","Tooling Script",".ps1","31","1411","1.38","6/6/2026 4:32:00 PM"
"tools\pack-e\Invoke-PackE-HistorianRegression.ps1","07_Tools_Validation_Misc","Tools, Validation Scripts, Root Config, Misc","Tooling Script",".ps1","33","1257","1.23","6/6/2026 4:32:00 PM"
"tools\pack-e\Invoke-PackE-Regression.ps1","07_Tools_Validation_Misc","Tools, Validation Scripts, Root Config, Misc","Tooling Script",".ps1","32","900","0.88","6/6/2026 3:57:56 PM"
"tools\pack-e\pack-e1-historian-audit-closure-map.cjs","07_Tools_Validation_Misc","Tools, Validation Scripts, Root Config, Misc","Tooling Script",".cjs","658","22833","22.3","6/6/2026 3:57:45 PM"
"tools\pack-e\pack-e2-t060-ga-historian-backend.cjs","07_Tools_Validation_Misc","Tools, Validation Scripts, Root Config, Misc","Tooling Script",".cjs","1049","45185","44.13","6/6/2026 4:02:06 PM"
"tools\pack-e\pack-e3-t063-historian-ui-register-test-map.cjs","07_Tools_Validation_Misc","Tools, Validation Scripts, Root Config, Misc","Tooling Script",".cjs","969","41474","40.5","6/6/2026 4:15:29 PM"
"tools\pack-e\pack-e4-t064-historian-tests-docs-regression.cjs","07_Tools_Validation_Misc","Tools, Validation Scripts, Root Config, Misc","Tooling Script",".cjs","715","31550","30.81","6/6/2026 4:31:31 PM"
"tools\pack-e\validate-pack-e-closure-map.cjs","07_Tools_Validation_Misc","Tools, Validation Scripts, Root Config, Misc","Tooling Script",".cjs","55","1898","1.85","6/6/2026 3:57:56 PM"
"tools\pack-e\validate-pack-e-t060-ga-historian-backend.cjs","07_Tools_Validation_Misc","Tools, Validation Scripts, Root Config, Misc","Tooling Script",".cjs","63","2838","2.77","6/6/2026 4:02:09 PM"
"tools\pack-e\validate-pack-e-t063-historian-ui.cjs","07_Tools_Validation_Misc","Tools, Validation Scripts, Root Config, Misc","Tooling Script",".cjs","63","2991","2.92","6/6/2026 4:15:31 PM"
"tools\pack-e\validate-pack-e-t064-historian-regression.cjs","07_Tools_Validation_Misc","Tools, Validation Scripts, Root Config, Misc","Tooling Script",".cjs","67","3131","3.06","6/6/2026 4:32:00 PM"
"tools\pack-f\continue-pack-f5-fix-batch-limit-snapshot.cjs","07_Tools_Validation_Misc","Tools, Validation Scripts, Root Config, Misc","Tooling Script",".cjs","201","8057","7.87","6/6/2026 5:10:42 PM"
"tools\pack-f\continue-pack-f5-fix-ot-safety-snapshot.cjs","07_Tools_Validation_Misc","Tools, Validation Scripts, Root Config, Misc","Tooling Script",".cjs","156","5586","5.46","6/6/2026 5:08:00 PM"
"tools\pack-f\Invoke-PackF-FinalClosure.ps1","07_Tools_Validation_Misc","Tools, Validation Scripts, Root Config, Misc","Tooling Script",".ps1","33","1387","1.35","6/6/2026 5:06:39 PM"
"tools\pack-f\Invoke-PackF-FinalRegression.ps1","07_Tools_Validation_Misc","Tools, Validation Scripts, Root Config, Misc","Tooling Script",".ps1","34","1351","1.32","6/6/2026 5:06:39 PM"
"tools\pack-f\Invoke-PackF-Regression.ps1","07_Tools_Validation_Misc","Tools, Validation Scripts, Root Config, Misc","Tooling Script",".ps1","32","904","0.88","6/6/2026 4:39:39 PM"
"tools\pack-f\pack-f1-edge-agent-audit-closure-map.cjs","07_Tools_Validation_Misc","Tools, Validation Scripts, Root Config, Misc","Tooling Script",".cjs","731","26004","25.39","6/6/2026 4:39:33 PM"
"tools\pack-f\pack-f2-t066-ot-safe-edge-agent-backend.cjs","07_Tools_Validation_Misc","Tools, Validation Scripts, Root Config, Misc","Tooling Script",".cjs","979","44499","43.46","6/6/2026 4:50:32 PM"
"tools\pack-f\pack-f3-t067-edge-agent-packaging-deployment.cjs","07_Tools_Validation_Misc","Tools, Validation Scripts, Root Config, Misc","Tooling Script",".cjs","794","33394","32.61","6/6/2026 5:00:08 PM"
"tools\pack-f\pack-f4-t068-edge-collector-management-ux.cjs","07_Tools_Validation_Misc","Tools, Validation Scripts, Root Config, Misc","Tooling Script",".cjs","899","40496","39.55","6/6/2026 5:03:15 PM"
"tools\pack-f\pack-f5-t071-edge-tests-docs-final-closure.cjs","07_Tools_Validation_Misc","Tools, Validation Scripts, Root Config, Misc","Tooling Script",".cjs","704","32662","31.9","6/6/2026 5:06:37 PM"
"tools\pack-f\validate-pack-f-closure-map.cjs","07_Tools_Validation_Misc","Tools, Validation Scripts, Root Config, Misc","Tooling Script",".cjs","55","1931","1.89","6/6/2026 4:39:39 PM"
"tools\pack-f\validate-pack-f-t066-edge-backend.cjs","07_Tools_Validation_Misc","Tools, Validation Scripts, Root Config, Misc","Tooling Script",".cjs","60","3242","3.17","6/6/2026 4:50:34 PM"
"tools\pack-f\validate-pack-f-t067-edge-packaging.cjs","07_Tools_Validation_Misc","Tools, Validation Scripts, Root Config, Misc","Tooling Script",".cjs","69","3380","3.3","6/6/2026 5:00:49 PM"
"tools\pack-f\validate-pack-f-t068-edge-collector-ux.cjs","07_Tools_Validation_Misc","Tools, Validation Scripts, Root Config, Misc","Tooling Script",".cjs","56","2897","2.83","6/6/2026 5:03:16 PM"
"tools\pack-f\validate-pack-f-t071-edge-regression.cjs","07_Tools_Validation_Misc","Tools, Validation Scripts, Root Config, Misc","Tooling Script",".cjs","73","3662","3.58","6/6/2026 5:06:39 PM"
"tools\pack-g\Invoke-PackG-Phase15Regression.ps1","07_Tools_Validation_Misc","Tools, Validation Scripts, Root Config, Misc","Tooling Script",".ps1","57","2548","2.49","6/6/2026 6:19:49 PM"
"tools\pack-g\pack-g1-phase15-advisory-value-audit-closure-map.cjs","07_Tools_Validation_Misc","Tools, Validation Scripts, Root Config, Misc","Tooling Script",".cjs","1063","36270","35.42","6/6/2026 5:25:25 PM"
"tools\pack-g\pack-g2-phase15-advisory-value-domain-contract.cjs","07_Tools_Validation_Misc","Tools, Validation Scripts, Root Config, Misc","Tooling Script",".cjs","824","36586","35.73","6/6/2026 5:29:34 PM"
"tools\pack-g\pack-g3-t096-deterministic-whatif-scenario-engine.cjs","07_Tools_Validation_Misc","Tools, Validation Scripts, Root Config, Misc","Tooling Script",".cjs","1221","56382","55.06","6/6/2026 5:37:03 PM"
"tools\pack-g\pack-g4-t097-recommendation-generator-eimpact.cjs","07_Tools_Validation_Misc","Tools, Validation Scripts, Root Config, Misc","Tooling Script",".cjs","1290","60303","58.89","6/6/2026 5:50:12 PM"
"tools\pack-g\pack-g5-t098-value-realization-tracking.cjs","07_Tools_Validation_Misc","Tools, Validation Scripts, Root Config, Misc","Tooling Script",".cjs","1072","57255","55.91","6/6/2026 5:59:19 PM"
"tools\pack-g\pack-g6-t099-roi-cfo-value-dashboard.cjs","07_Tools_Validation_Misc","Tools, Validation Scripts, Root Config, Misc","Tooling Script",".cjs","1057","57426","56.08","6/6/2026 6:03:42 PM"
"tools\pack-g\pack-g7-t100-cross-plant-industry-benchmarking.cjs","07_Tools_Validation_Misc","Tools, Validation Scripts, Root Config, Misc","Tooling Script",".cjs","1079","52319","51.09","6/6/2026 6:07:07 PM"
"tools\pack-g\pack-g8-t101-recommendation-honesty-certification.cjs","07_Tools_Validation_Misc","Tools, Validation Scripts, Root Config, Misc","Tooling Script",".cjs","1094","53452","52.2","6/6/2026 6:16:49 PM"
"tools\pack-g\pack-g9-t102-phase15-regression-final-closure.cjs","07_Tools_Validation_Misc","Tools, Validation Scripts, Root Config, Misc","Tooling Script",".cjs","555","24211","23.64","6/6/2026 6:19:42 PM"
"tools\pack-g\validate-pack-g2-phase15-contract.cjs","07_Tools_Validation_Misc","Tools, Validation Scripts, Root Config, Misc","Tooling Script",".cjs","62","3594","3.51","6/6/2026 5:29:37 PM"
"tools\pack-g\validate-pack-g3-t096-scenario-engine.cjs","07_Tools_Validation_Misc","Tools, Validation Scripts, Root Config, Misc","Tooling Script",".cjs","61","3459","3.38","6/6/2026 5:40:49 PM"
"tools\pack-g\validate-pack-g4-t097-recommendation-generator.cjs","07_Tools_Validation_Misc","Tools, Validation Scripts, Root Config, Misc","Tooling Script",".cjs","64","3877","3.79","6/6/2026 5:50:24 PM"
"tools\pack-g\validate-pack-g5-t098-value-realization.cjs","07_Tools_Validation_Misc","Tools, Validation Scripts, Root Config, Misc","Tooling Script",".cjs","62","3549","3.47","6/6/2026 5:59:40 PM"
"tools\pack-g\validate-pack-g6-t099-roi-cfo-dashboard.cjs","07_Tools_Validation_Misc","Tools, Validation Scripts, Root Config, Misc","Tooling Script",".cjs","62","3473","3.39","6/6/2026 6:03:47 PM"
"tools\pack-g\validate-pack-g7-t100-benchmarking.cjs","07_Tools_Validation_Misc","Tools, Validation Scripts, Root Config, Misc","Tooling Script",".cjs","61","3389","3.31","6/6/2026 6:09:34 PM"
"tools\pack-g\validate-pack-g8-t101-honesty-certification.cjs","07_Tools_Validation_Misc","Tools, Validation Scripts, Root Config, Misc","Tooling Script",".cjs","61","3590","3.51","6/6/2026 6:16:54 PM"
"tools\pack-g\validate-pack-g9-t102-phase15-regression.cjs","07_Tools_Validation_Misc","Tools, Validation Scripts, Root Config, Misc","Tooling Script",".cjs","98","3839","3.75","6/6/2026 6:19:49 PM"
"tools\pack-g\validate-pack-g-phase15-closure-map.cjs","07_Tools_Validation_Misc","Tools, Validation Scripts, Root Config, Misc","Tooling Script",".cjs","59","2261","2.21","6/6/2026 5:25:35 PM"
"tools\phase10\phase10a-t051-connector-behavioural-failure-tests.cjs","07_Tools_Validation_Misc","Tools, Validation Scripts, Root Config, Misc","Tooling Script",".cjs","758","26053","25.44","6/8/2026 1:14:22 PM"
"tools\phase10\validate-api-startup-service-inference-fix.cjs","07_Tools_Validation_Misc","Tools, Validation Scripts, Root Config, Misc","Tooling Script",".cjs","55","1694","1.65","6/8/2026 1:12:33 PM"
"tools\phase10\validate-phase10-license-runtime.cjs","07_Tools_Validation_Misc","Tools, Validation Scripts, Root Config, Misc","Tooling Script",".cjs","84","2406","2.35","6/9/2026 4:09:57 PM"
"tools\phase10\validate-t051-connector-behavioural-failure-tests.cjs","07_Tools_Validation_Misc","Tools, Validation Scripts, Root Config, Misc","Tooling Script",".cjs","70","2160","2.11","6/8/2026 1:33:53 PM"
"tools\phase11\validate-phase11-ui-hardening.cjs","07_Tools_Validation_Misc","Tools, Validation Scripts, Root Config, Misc","Tooling Script",".cjs","153","4357","4.25","6/9/2026 4:40:25 PM"
"tools\phase1-phase2\Invoke-DeduplicateBuildFiles.ps1","07_Tools_Validation_Misc","Tools, Validation Scripts, Root Config, Misc","Tooling Script",".ps1","48","2287","2.23","6/6/2026 9:32:29 AM"
"tools\phase1-phase2\Invoke-FrontendDuplicatePageCleanup.ps1","07_Tools_Validation_Misc","Tools, Validation Scripts, Root Config, Misc","Tooling Script",".ps1","54","2687","2.62","6/6/2026 9:32:22 AM"
"tools\phase1-phase2\Invoke-Phase1Phase2Validation.ps1","07_Tools_Validation_Misc","Tools, Validation Scripts, Root Config, Misc","Tooling Script",".ps1","76","2200","2.15","6/6/2026 9:32:53 AM"
"tools\phase1-phase2\Invoke-RunOnceToolArchive.ps1","07_Tools_Validation_Misc","Tools, Validation Scripts, Root Config, Misc","Tooling Script",".ps1","58","1976","1.93","6/6/2026 9:32:39 AM"
"tools\phase1-phase2\Invoke-SecretScan.ps1","07_Tools_Validation_Misc","Tools, Validation Scripts, Root Config, Misc","Tooling Script",".ps1","278","11447","11.18","6/6/2026 9:50:51 AM"
"tools\phase1-phase2\Test-Phase2RealismSources.ps1","07_Tools_Validation_Misc","Tools, Validation Scripts, Root Config, Misc","Tooling Script",".ps1","67","2424","2.37","6/6/2026 9:32:52 AM"
"tools\phase1-phase2\Test-PostgresPrivateBind.ps1","07_Tools_Validation_Misc","Tools, Validation Scripts, Root Config, Misc","Tooling Script",".ps1","24","651","0.64","6/6/2026 9:32:21 AM"
"tools\phase1-phase2\Test-Utf8NoBom.ps1","07_Tools_Validation_Misc","Tools, Validation Scripts, Root Config, Misc","Tooling Script",".ps1","55","1941","1.9","6/6/2026 9:37:33 AM"
"tools\phase2\apply-p2-t08-standard-rollout.cjs","07_Tools_Validation_Misc","Tools, Validation Scripts, Root Config, Misc","Tooling Script",".cjs","688","19008","18.56","6/10/2026 3:44:34 PM"
"tools\phase2\apply-p2-t09-action-buttons.cjs","07_Tools_Validation_Misc","Tools, Validation Scripts, Root Config, Misc","Tooling Script",".cjs","349","9106","8.89","6/10/2026 4:27:11 PM"
"tools\phase2\repair-p2-t08-final-inline-style.cjs","07_Tools_Validation_Misc","Tools, Validation Scripts, Root Config, Misc","Tooling Script",".cjs","186","4746","4.63","6/10/2026 4:04:39 PM"
"tools\phase2\repair-p2-t08-inline-styles.cjs","07_Tools_Validation_Misc","Tools, Validation Scripts, Root Config, Misc","Tooling Script",".cjs","170","4265","4.17","6/10/2026 3:52:21 PM"
"tools\phase2\repair-p2-t08-materialanalytics-from-backup.cjs","07_Tools_Validation_Misc","Tools, Validation Scripts, Root Config, Misc","Tooling Script",".cjs","230","7445","7.27","6/10/2026 4:03:30 PM"
"tools\phase2\repair-p2-t09-standardbutton-duplicates.cjs","07_Tools_Validation_Misc","Tools, Validation Scripts, Root Config, Misc","Tooling Script",".cjs","168","4989","4.87","6/10/2026 4:25:16 PM"
"tools\phase2\validate-p2-t010-table-standardization.cjs","07_Tools_Validation_Misc","Tools, Validation Scripts, Root Config, Misc","Tooling Script",".cjs","114","3454","3.37","6/10/2026 4:37:55 PM"
"tools\phase2\validate-p2-t011-tabs-navigation.cjs","07_Tools_Validation_Misc","Tools, Validation Scripts, Root Config, Misc","Tooling Script",".cjs","140","3776","3.69","6/10/2026 4:46:00 PM"
"tools\phase2\validate-p2-t012-fields-inputs.cjs","07_Tools_Validation_Misc","Tools, Validation Scripts, Root Config, Misc","Tooling Script",".cjs","128","3502","3.42","6/10/2026 4:50:00 PM"
"tools\phase2\validate-p2-t08-standard-rollout.cjs","07_Tools_Validation_Misc","Tools, Validation Scripts, Root Config, Misc","Tooling Script",".cjs","91","3059","2.99","6/10/2026 3:44:35 PM"
"tools\phase2\validate-p2-t09-action-buttons.cjs","07_Tools_Validation_Misc","Tools, Validation Scripts, Root Config, Misc","Tooling Script",".cjs","111","3275","3.2","6/10/2026 4:22:59 PM"
"tools\phase3\apply-p3-t14-value-executive.cjs","07_Tools_Validation_Misc","Tools, Validation Scripts, Root Config, Misc","Tooling Script",".cjs","1057","35105","34.28","6/10/2026 12:38:30 PM"
"tools\phase3\apply-p3-t15-widget-schema-drift.cjs","07_Tools_Validation_Misc","Tools, Validation Scripts, Root Config, Misc","Tooling Script",".cjs","1194","37034","36.17","6/10/2026 12:59:37 PM"
"tools\phase3\apply-p3-t16-canonical-env-deploy.cjs","07_Tools_Validation_Misc","Tools, Validation Scripts, Root Config, Misc","Tooling Script",".cjs","688","23675","23.12","6/10/2026 1:12:28 PM"
"tools\phase3\apply-p3-t17-cost-i18n.cjs","07_Tools_Validation_Misc","Tools, Validation Scripts, Root Config, Misc","Tooling Script",".cjs","551","18457","18.02","6/10/2026 2:21:36 PM"
"tools\phase3\apply-p3-t18-local-native-db.ps1","07_Tools_Validation_Misc","Tools, Validation Scripts, Root Config, Misc","Tooling Script",".ps1","98","2937","2.87","6/10/2026 2:35:14 PM"
"tools\phase3\repair-p3-t14-route.cjs","07_Tools_Validation_Misc","Tools, Validation Scripts, Root Config, Misc","Tooling Script",".cjs","237","7024","6.86","6/10/2026 12:44:11 PM"
"tools\phase3\repair-p3-t16-compose-reset-and-validator.cjs","07_Tools_Validation_Misc","Tools, Validation Scripts, Root Config, Misc","Tooling Script",".cjs","326","12040","11.76","6/10/2026 2:15:08 PM"
"tools\phase3\smoke-p3-t19-clean-machine-login.ps1","07_Tools_Validation_Misc","Tools, Validation Scripts, Root Config, Misc","Tooling Script",".ps1","97","2391","2.33","6/10/2026 3:21:44 PM"
"tools\phase3\validate-p3-t14-value-executive.cjs","07_Tools_Validation_Misc","Tools, Validation Scripts, Root Config, Misc","Tooling Script",".cjs","68","2936","2.87","6/10/2026 12:44:11 PM"
"tools\phase3\validate-p3-t15-widget-schema-drift.cjs","07_Tools_Validation_Misc","Tools, Validation Scripts, Root Config, Misc","Tooling Script",".cjs","95","4539","4.43","6/10/2026 12:59:37 PM"
"tools\phase3\validate-p3-t16-canonical-env-deploy.cjs","07_Tools_Validation_Misc","Tools, Validation Scripts, Root Config, Misc","Tooling Script",".cjs","218","7793","7.61","6/10/2026 2:17:01 PM"
"tools\phase3\validate-p3-t17-cost-i18n.cjs","07_Tools_Validation_Misc","Tools, Validation Scripts, Root Config, Misc","Tooling Script",".cjs","114","4586","4.48","6/10/2026 2:21:37 PM"
"tools\phase3\validate-p3-t18-readonly-query-preview-role.cjs","07_Tools_Validation_Misc","Tools, Validation Scripts, Root Config, Misc","Tooling Script",".cjs","74","3747","3.66","6/10/2026 2:34:01 PM"
"tools\phase3\validate-p3-t19-clean-machine-login.cjs","07_Tools_Validation_Misc","Tools, Validation Scripts, Root Config, Misc","Tooling Script",".cjs","116","4625","4.52","6/10/2026 3:28:37 PM"
"tools\phase3-phase4\Invoke-Phase3Phase4Validation.ps1","07_Tools_Validation_Misc","Tools, Validation Scripts, Root Config, Misc","Tooling Script",".ps1","98","3320","3.24","6/6/2026 12:16:32 PM"
"tools\phase3-phase4\validate-phase3-phase4-source.cjs","07_Tools_Validation_Misc","Tools, Validation Scripts, Root Config, Misc","Tooling Script",".cjs","128","5473","5.34","6/6/2026 12:21:50 PM"
"tools\phase5\phase05a-fix-t026-catalog-oversize.cjs","07_Tools_Validation_Misc","Tools, Validation Scripts, Root Config, Misc","Tooling Script",".cjs","271","6508","6.36","6/7/2026 3:34:05 PM"
"tools\phase5\phase05a-fix-t026-previewrows-missing.cjs","07_Tools_Validation_Misc","Tools, Validation Scripts, Root Config, Misc","Tooling Script",".cjs","279","6497","6.34","6/7/2026 3:38:34 PM"
"tools\phase5\phase05a-fix-t026-regenerate-from-backup.cjs","07_Tools_Validation_Misc","Tools, Validation Scripts, Root Config, Misc","Tooling Script",".cjs","481","14013","13.68","6/7/2026 3:36:51 PM"
"tools\phase5\phase05a-t026-split-generic-schema-mapping.cjs","07_Tools_Validation_Misc","Tools, Validation Scripts, Root Config, Misc","Tooling Script",".cjs","490","14162","13.83","6/7/2026 3:32:37 PM"
"tools\phase5\phase05b-continue-t027-after-phase1-contracts.cjs","07_Tools_Validation_Misc","Tools, Validation Scripts, Root Config, Misc","Tooling Script",".cjs","195","7353","7.18","6/7/2026 3:47:50 PM"
"tools\phase5\phase05b-fix-t027-top-level-contracts.cjs","07_Tools_Validation_Misc","Tools, Validation Scripts, Root Config, Misc","Tooling Script",".cjs","518","12239","11.95","6/7/2026 3:46:05 PM"
"tools\phase5\phase05b-t027-split-workflow-endpoints.cjs","07_Tools_Validation_Misc","Tools, Validation Scripts, Root Config, Misc","Tooling Script",".cjs","735","20023","19.55","6/7/2026 3:43:21 PM"
"tools\phase5\phase05c-fix-t028-regenerate-from-backup.cjs","07_Tools_Validation_Misc","Tools, Validation Scripts, Root Config, Misc","Tooling Script",".cjs","655","17730","17.31","6/7/2026 3:57:25 PM"
"tools\phase5\phase05c-t028-split-connector-configuration-service.cjs","07_Tools_Validation_Misc","Tools, Validation Scripts, Root Config, Misc","Tooling Script",".cjs","581","16566","16.18","6/7/2026 3:51:44 PM"
"tools\phase5\validate-t026-generic-schema-mapping-split.cjs","07_Tools_Validation_Misc","Tools, Validation Scripts, Root Config, Misc","Tooling Script",".cjs","185","3406","3.33","6/7/2026 3:38:36 PM"
"tools\phase5\validate-t027-workflow-endpoint-split.cjs","07_Tools_Validation_Misc","Tools, Validation Scripts, Root Config, Misc","Tooling Script",".cjs","111","4560","4.45","6/7/2026 3:47:52 PM"
"tools\phase5\validate-t028-connector-configuration-service-split.cjs","07_Tools_Validation_Misc","Tools, Validation Scripts, Root Config, Misc","Tooling Script",".cjs","79","3474","3.39","6/7/2026 3:57:27 PM"
"tools\phase56\check-file-size-complexity.cjs","07_Tools_Validation_Misc","Tools, Validation Scripts, Root Config, Misc","Tooling Script",".cjs","82","2803","2.74","6/6/2026 11:20:44 AM"
"tools\phase56\contrast-check.cjs","07_Tools_Validation_Misc","Tools, Validation Scripts, Root Config, Misc","Tooling Script",".cjs","46","1284","1.25","6/6/2026 11:20:45 AM"
"tools\phase56\create-file-size-baseline.cjs","07_Tools_Validation_Misc","Tools, Validation Scripts, Root Config, Misc","Tooling Script",".cjs","48","1579","1.54","6/6/2026 11:20:43 AM"
"tools\phase56\Invoke-Phase5Phase6Validation.ps1","07_Tools_Validation_Misc","Tools, Validation Scripts, Root Config, Misc","Tooling Script",".ps1","70","1989","1.94","6/6/2026 11:20:46 AM"
"tools\phase56\phase56-file-size-baseline.json","07_Tools_Validation_Misc","Tools, Validation Scripts, Root Config, Misc","Tooling Script",".json","73","2184","2.13","6/6/2026 2:10:01 PM"
"tools\phase56\validate-phase56.cjs","07_Tools_Validation_Misc","Tools, Validation Scripts, Root Config, Misc","Tooling Script",".cjs","66","2592","2.53","6/6/2026 11:22:27 AM"
"tools\phase5b\analyze-phase5b-refactor.cjs","07_Tools_Validation_Misc","Tools, Validation Scripts, Root Config, Misc","Tooling Script",".cjs","428","15230","14.87","6/6/2026 11:31:16 AM"
"tools\phase5b\phase5b-targets.snapshot.json","07_Tools_Validation_Misc","Tools, Validation Scripts, Root Config, Misc","Tooling Script",".json","45","1748","1.71","6/6/2026 11:36:29 AM"
"tools\phase5b\split-product-core-types.cjs","07_Tools_Validation_Misc","Tools, Validation Scripts, Root Config, Misc","Tooling Script",".cjs","392","12569","12.27","6/6/2026 11:33:56 AM"
"tools\phase5b\split-product-core-types-domains.cjs","07_Tools_Validation_Misc","Tools, Validation Scripts, Root Config, Misc","Tooling Script",".cjs","591","19350","18.9","6/6/2026 11:36:27 AM"
"tools\phase5b\validate-phase5b-preflight.cjs","07_Tools_Validation_Misc","Tools, Validation Scripts, Root Config, Misc","Tooling Script",".cjs","36","1395","1.36","6/6/2026 11:36:29 AM"
"tools\phase5b\validate-product-core-type-split.cjs","07_Tools_Validation_Misc","Tools, Validation Scripts, Root Config, Misc","Tooling Script",".cjs","156","5241","5.12","6/6/2026 11:36:27 AM"
"tools\phase7\phase07a-t037-value-engine-depth.cjs","07_Tools_Validation_Misc","Tools, Validation Scripts, Root Config, Misc","Tooling Script",".cjs","650","21941","21.43","6/7/2026 4:03:29 PM"
"tools\phase7\phase07b-t038-eur-28k-56k-worked-case.cjs","07_Tools_Validation_Misc","Tools, Validation Scripts, Root Config, Misc","Tooling Script",".cjs","322","10973","10.72","6/7/2026 4:46:07 PM"
"tools\phase7\phase07c-t039-value-realization-ledger.cjs","07_Tools_Validation_Misc","Tools, Validation Scripts, Root Config, Misc","Tooling Script",".cjs","1029","36822","35.96","6/7/2026 4:49:34 PM"
"tools\phase7\phase07d-t040-value-scenario-page.cjs","07_Tools_Validation_Misc","Tools, Validation Scripts, Root Config, Misc","Tooling Script",".cjs","907","26932","26.3","6/7/2026 4:57:20 PM"
"tools\phase7\validate-t037-value-engine-depth.cjs","07_Tools_Validation_Misc","Tools, Validation Scripts, Root Config, Misc","Tooling Script",".cjs","77","2282","2.23","6/7/2026 4:03:43 PM"
"tools\phase7\validate-t038-eur-28k-56k-worked-case.cjs","07_Tools_Validation_Misc","Tools, Validation Scripts, Root Config, Misc","Tooling Script",".cjs","69","2019","1.97","6/7/2026 4:46:26 PM"
"tools\phase7\validate-t039-value-realization-ledger.cjs","07_Tools_Validation_Misc","Tools, Validation Scripts, Root Config, Misc","Tooling Script",".cjs","115","3457","3.38","6/7/2026 4:51:10 PM"
"tools\phase7\validate-t040-value-scenario-page.cjs","07_Tools_Validation_Misc","Tools, Validation Scripts, Root Config, Misc","Tooling Script",".cjs","103","2922","2.85","6/7/2026 4:57:21 PM"
"tools\phase78\backend-api-hygiene-baseline.json","07_Tools_Validation_Misc","Tools, Validation Scripts, Root Config, Misc","Tooling Script",".json","308","10238","10","6/6/2026 11:48:56 AM"
"tools\phase78\check-backend-api-hygiene.cjs","07_Tools_Validation_Misc","Tools, Validation Scripts, Root Config, Misc","Tooling Script",".cjs","33","1800","1.76","6/6/2026 11:48:56 AM"
"tools\phase78\Invoke-Phase7Phase8Validation.ps1","07_Tools_Validation_Misc","Tools, Validation Scripts, Root Config, Misc","Tooling Script",".ps1","27","1932","1.89","6/6/2026 11:48:56 AM"
"tools\phase78\validate-phase78.cjs","07_Tools_Validation_Misc","Tools, Validation Scripts, Root Config, Misc","Tooling Script",".cjs","26","1716","1.68","6/6/2026 11:48:56 AM"
"tools\phase8\phase08a-t042-vif-multicollinearity.cjs","07_Tools_Validation_Misc","Tools, Validation Scripts, Root Config, Misc","Tooling Script",".cjs","355","12040","11.76","6/8/2026 7:59:25 AM"
"tools\phase8\phase08b-t043-golden-signal-recovery.cjs","07_Tools_Validation_Misc","Tools, Validation Scripts, Root Config, Misc","Tooling Script",".cjs","428","15256","14.9","6/8/2026 8:03:12 AM"
"tools\phase8\phase08c-t044-finding-transparency.cjs","07_Tools_Validation_Misc","Tools, Validation Scripts, Root Config, Misc","Tooling Script",".cjs","455","16391","16.01","6/8/2026 8:22:29 AM"
"tools\phase8\phase08d-t045-readiness-gates.cjs","07_Tools_Validation_Misc","Tools, Validation Scripts, Root Config, Misc","Tooling Script",".cjs","864","31395","30.66","6/8/2026 8:27:14 AM"
"tools\phase8\phase08-t045-t046-t047-ai-assistant-hmi.cjs","07_Tools_Validation_Misc","Tools, Validation Scripts, Root Config, Misc","Tooling Script",".cjs","1604","56735","55.41","6/9/2026 2:59:47 PM"
"tools\phase8\phase08-t048-t049-outcome-loop-eval-gate.cjs","07_Tools_Validation_Misc","Tools, Validation Scripts, Root Config, Misc","Tooling Script",".cjs","912","30711","29.99","6/9/2026 3:22:00 PM"
"tools\phase8\validate-t042-vif-multicollinearity.cjs","07_Tools_Validation_Misc","Tools, Validation Scripts, Root Config, Misc","Tooling Script",".cjs","73","2067","2.02","6/8/2026 7:59:27 AM"
"tools\phase8\validate-t043-golden-signal-recovery.cjs","07_Tools_Validation_Misc","Tools, Validation Scripts, Root Config, Misc","Tooling Script",".cjs","71","2225","2.17","6/8/2026 8:03:14 AM"
"tools\phase8\validate-t044-finding-transparency.cjs","07_Tools_Validation_Misc","Tools, Validation Scripts, Root Config, Misc","Tooling Script",".cjs","82","2496","2.44","6/8/2026 8:22:39 AM"
"tools\phase8\validate-t045-readiness-gates.cjs","07_Tools_Validation_Misc","Tools, Validation Scripts, Root Config, Misc","Tooling Script",".cjs","103","2981","2.91","6/8/2026 8:27:15 AM"
"tools\phase8\validate-t045-t046-t047-ai-assistant-hmi.cjs","07_Tools_Validation_Misc","Tools, Validation Scripts, Root Config, Misc","Tooling Script",".cjs","76","2519","2.46","6/9/2026 2:59:50 PM"
"tools\phase8\validate-t046-correlation-certification-rollup.cjs","07_Tools_Validation_Misc","Tools, Validation Scripts, Root Config, Misc","Tooling Script",".cjs","84","2544","2.48","6/8/2026 8:29:48 AM"
"tools\phase8\validate-t048-t049-outcome-loop-eval-gate.cjs","07_Tools_Validation_Misc","Tools, Validation Scripts, Root Config, Misc","Tooling Script",".cjs","66","1909","1.86","6/9/2026 3:28:16 PM"
"tools\phase9\phase09a-t047-deterministic-suggestion-workflow.cjs","07_Tools_Validation_Misc","Tools, Validation Scripts, Root Config, Misc","Tooling Script",".cjs","637","23537","22.99","6/8/2026 8:34:03 AM"
"tools\phase9\phase09b-t048-assistant-grounding-eval.cjs","07_Tools_Validation_Misc","Tools, Validation Scripts, Root Config, Misc","Tooling Script",".cjs","585","21949","21.43","6/8/2026 8:44:58 AM"
"tools\phase9\phase09c-t049-model-gateway-serving-modes.cjs","07_Tools_Validation_Misc","Tools, Validation Scripts, Root Config, Misc","Tooling Script",".cjs","749","28129","27.47","6/8/2026 1:33:44 PM"
"tools\phase9\phase09d-t050-ai-regression-sweep.cjs","07_Tools_Validation_Misc","Tools, Validation Scripts, Root Config, Misc","Tooling Script",".cjs","488","18177","17.75","6/8/2026 12:29:03 PM"
"tools\phase9\validate-t047-deterministic-suggestion-workflow.cjs","07_Tools_Validation_Misc","Tools, Validation Scripts, Root Config, Misc","Tooling Script",".cjs","87","2711","2.65","6/8/2026 8:34:07 AM"
"tools\phase9\validate-t048-assistant-grounding-eval.cjs","07_Tools_Validation_Misc","Tools, Validation Scripts, Root Config, Misc","Tooling Script",".cjs","96","2992","2.92","6/8/2026 8:45:02 AM"
"tools\phase9\validate-t049-model-gateway-serving-modes.cjs","07_Tools_Validation_Misc","Tools, Validation Scripts, Root Config, Misc","Tooling Script",".cjs","99","3100","3.03","6/8/2026 9:24:47 AM"
"tools\phase9\validate-t050-ai-regression-sweep.cjs","07_Tools_Validation_Misc","Tools, Validation Scripts, Root Config, Misc","Tooling Script",".cjs","89","3029","2.96","6/8/2026 12:29:09 PM"
"tools\phase9\validate-t051-t052-t053-persona-rbac.cjs","07_Tools_Validation_Misc","Tools, Validation Scripts, Root Config, Misc","Tooling Script",".cjs","71","2026","1.98","6/9/2026 3:39:43 PM"
"tools\phase9-phase10\Invoke-Phase9Phase10Validation.ps1","07_Tools_Validation_Misc","Tools, Validation Scripts, Root Config, Misc","Tooling Script",".ps1","97","3090","3.02","6/6/2026 11:53:03 AM"
"tools\phase9-phase10\validate-phase9-phase10.cjs","07_Tools_Validation_Misc","Tools, Validation Scripts, Root Config, Misc","Tooling Script",".cjs","161","5821","5.68","6/6/2026 12:09:32 PM"
"tools\phase9-phase10\website-phase10-guard.cjs","07_Tools_Validation_Misc","Tools, Validation Scripts, Root Config, Misc","Tooling Script",".cjs","47","1649","1.61","6/6/2026 11:53:03 AM"
"tools\post-deploy-smoke.sh","07_Tools_Validation_Misc","Tools, Validation Scripts, Root Config, Misc","Tooling Script",".sh","91","3085","3.01","5/30/2026 8:56:45 AM"
"tools\PPIQ_AUTH_STARTUP_DIAGNOSTIC.txt","07_Tools_Validation_Misc","Tools, Validation Scripts, Root Config, Misc","Tooling Script",".txt","924","65441","63.91","6/4/2026 1:19:42 AM"
"tools\ppiq_phase2_files.txt","07_Tools_Validation_Misc","Tools, Validation Scripts, Root Config, Misc","Tooling Script",".txt","2881","127905","124.91","6/4/2026 1:19:42 AM"
"tools\ppiq_phase3_backend.txt","07_Tools_Validation_Misc","Tools, Validation Scripts, Root Config, Misc","Tooling Script",".txt","573","24820","24.24","6/4/2026 1:19:42 AM"
"tools\realization\continue-phase03-phase04-from-t016.cjs","07_Tools_Validation_Misc","Tools, Validation Scripts, Root Config, Misc","Tooling Script",".cjs","1096","36606","35.75","6/7/2026 3:15:55 PM"
"tools\realization\Invoke-AuditImmutabilityCiGate.ps1","07_Tools_Validation_Misc","Tools, Validation Scripts, Root Config, Misc","Tooling Script",".ps1","27","805","0.79","6/11/2026 12:49:12 PM"
"tools\realization\Invoke-Phase01Phase02Regression.ps1","07_Tools_Validation_Misc","Tools, Validation Scripts, Root Config, Misc","Tooling Script",".ps1","116","3107","3.03","6/7/2026 2:44:19 PM"
"tools\realization\Invoke-Phase03Phase04Regression.ps1","07_Tools_Validation_Misc","Tools, Validation Scripts, Root Config, Misc","Tooling Script",".ps1","72","2033","1.99","6/7/2026 3:15:57 PM"
"tools\realization\pack-r12-phase01-phase02-closure.cjs","07_Tools_Validation_Misc","Tools, Validation Scripts, Root Config, Misc","Tooling Script",".cjs","1751","57130","55.79","6/7/2026 2:44:07 PM"
"tools\realization\validate-genealogy-recursive-cycle-guard.cjs","07_Tools_Validation_Misc","Tools, Validation Scripts, Root Config, Misc","Tooling Script",".cjs","28","935","0.91","6/7/2026 2:44:19 PM"
"tools\realization\validate-phase01-phase02.cjs","07_Tools_Validation_Misc","Tools, Validation Scripts, Root Config, Misc","Tooling Script",".cjs","184","5474","5.35","6/7/2026 3:00:06 PM"
"tools\realization\validate-phase03-phase04.cjs","07_Tools_Validation_Misc","Tools, Validation Scripts, Root Config, Misc","Tooling Script",".cjs","201","7559","7.38","6/7/2026 3:15:57 PM"
"tools\scaffold-website-frontend.ps1","07_Tools_Validation_Misc","Tools, Validation Scripts, Root Config, Misc","Tooling Script",".ps1","1644","45672","44.6","5/19/2026 2:14:54 PM"
"tools\scaffold-website-frontend-v2.ps1","07_Tools_Validation_Misc","Tools, Validation Scripts, Root Config, Misc","Tooling Script",".ps1","1220","34964","34.14","5/19/2026 2:25:54 PM"
"tools\security\Invoke-SecretScan.ps1","07_Tools_Validation_Misc","Tools, Validation Scripts, Root Config, Misc","Tooling Script",".ps1","104","3499","3.42","6/7/2026 2:44:19 PM"
"tools\security\Scan-PPIQ-Phase1-Defaults.ps1","07_Tools_Validation_Misc","Tools, Validation Scripts, Root Config, Misc","Tooling Script",".ps1","34","1284","1.25","5/30/2026 8:56:49 AM"
"tools\security\Test-DatabaseEncryptionAtRest.ps1","07_Tools_Validation_Misc","Tools, Validation Scripts, Root Config, Misc","Tooling Script",".ps1","27","757","0.74","6/7/2026 2:44:19 PM"
"tools\security\validate-bootstrap-admin-disabled.cjs","07_Tools_Validation_Misc","Tools, Validation Scripts, Root Config, Misc","Tooling Script",".cjs","111","2926","2.86","6/7/2026 2:58:20 PM"
"tools\security\validate-devseed-production-artifact.cjs","07_Tools_Validation_Misc","Tools, Validation Scripts, Root Config, Misc","Tooling Script",".cjs","55","1885","1.84","6/7/2026 2:44:19 PM"
"tools\security\validate-no-demo-tenant-fallback.cjs","07_Tools_Validation_Misc","Tools, Validation Scripts, Root Config, Misc","Tooling Script",".cjs","77","2594","2.53","6/7/2026 2:56:29 PM"
"tools\security\validate-safesql-comment-stripper.cjs","07_Tools_Validation_Misc","Tools, Validation Scripts, Root Config, Misc","Tooling Script",".cjs","132","3334","3.26","6/7/2026 3:01:28 PM"
"tools\security\validate-tenant-context-hardening.cjs","07_Tools_Validation_Misc","Tools, Validation Scripts, Root Config, Misc","Tooling Script",".cjs","68","2305","2.25","6/7/2026 3:15:57 PM"
"tools\task-closure\Invoke-Backend-Regression.ps1","07_Tools_Validation_Misc","Tools, Validation Scripts, Root Config, Misc","Tooling Script",".ps1","1","106","0.1","6/6/2026 1:34:45 PM"
"tools\task-closure\Invoke-Edge-Regression.ps1","07_Tools_Validation_Misc","Tools, Validation Scripts, Root Config, Misc","Tooling Script",".ps1","1","103","0.1","6/6/2026 1:34:45 PM"
"tools\task-closure\Invoke-Frontend-Regression.ps1","07_Tools_Validation_Misc","Tools, Validation Scripts, Root Config, Misc","Tooling Script",".ps1","66","1904","1.86","6/6/2026 1:44:12 PM"
"tools\task-closure\Invoke-Historian-Regression.ps1","07_Tools_Validation_Misc","Tools, Validation Scripts, Root Config, Misc","Tooling Script",".ps1","1","102","0.1","6/6/2026 1:34:45 PM"
"tools\task-closure\Invoke-T001-T071-Regression.ps1","07_Tools_Validation_Misc","Tools, Validation Scripts, Root Config, Misc","Tooling Script",".ps1","1","124","0.12","6/6/2026 1:34:45 PM"
"tools\task-closure\Invoke-T001-T071-TaskClosureGate.ps1","07_Tools_Validation_Misc","Tools, Validation Scripts, Root Config, Misc","Tooling Script",".ps1","1184","4600","4.49","6/6/2026 4:54:41 PM"
"tools\task-closure\ppiq-pack-a4-scorecard-bridge.cjs","07_Tools_Validation_Misc","Tools, Validation Scripts, Root Config, Misc","Tooling Script",".cjs","85","3915","3.82","6/6/2026 2:39:00 PM"
"tools\task-closure\ppiq-pack-a5-scorecard-bridge.cjs","07_Tools_Validation_Misc","Tools, Validation Scripts, Root Config, Misc","Tooling Script",".cjs","85","3921","3.83","6/6/2026 3:11:51 PM"
"tools\task-closure\ppiq-pack-a-scorecard-bridge.cjs","07_Tools_Validation_Misc","Tools, Validation Scripts, Root Config, Misc","Tooling Script",".cjs","167","6970","6.81","6/6/2026 2:34:46 PM"
"tools\task-closure\ppiq-pack-e2-scorecard-bridge.cjs","07_Tools_Validation_Misc","Tools, Validation Scripts, Root Config, Misc","Tooling Script",".cjs","85","3939","3.85","6/6/2026 4:02:09 PM"
"tools\task-closure\ppiq-pack-e3-scorecard-bridge.cjs","07_Tools_Validation_Misc","Tools, Validation Scripts, Root Config, Misc","Tooling Script",".cjs","85","3928","3.84","6/6/2026 4:15:31 PM"
"tools\task-closure\ppiq-pack-e4-scorecard-bridge.cjs","07_Tools_Validation_Misc","Tools, Validation Scripts, Root Config, Misc","Tooling Script",".cjs","74","3891","3.8","6/6/2026 4:32:00 PM"
"tools\task-closure\ppiq-pack-f2-scorecard-bridge.cjs","07_Tools_Validation_Misc","Tools, Validation Scripts, Root Config, Misc","Tooling Script",".cjs","57","3821","3.73","6/6/2026 4:50:34 PM"
"tools\task-closure\ppiq-pack-f3-scorecard-bridge.cjs","07_Tools_Validation_Misc","Tools, Validation Scripts, Root Config, Misc","Tooling Script",".cjs","57","3800","3.71","6/6/2026 5:00:49 PM"
"tools\task-closure\ppiq-pack-f4-scorecard-bridge.cjs","07_Tools_Validation_Misc","Tools, Validation Scripts, Root Config, Misc","Tooling Script",".cjs","57","3829","3.74","6/6/2026 5:03:16 PM"
"tools\task-closure\ppiq-pack-f5-scorecard-bridge.cjs","07_Tools_Validation_Misc","Tools, Validation Scripts, Root Config, Misc","Tooling Script",".cjs","57","3842","3.75","6/6/2026 5:06:39 PM"
"tools\task-closure\ppiq-pack-g3-scorecard-bridge.cjs","07_Tools_Validation_Misc","Tools, Validation Scripts, Root Config, Misc","Tooling Script",".cjs","56","3466","3.38","6/6/2026 5:40:49 PM"
"tools\task-closure\ppiq-pack-g4-scorecard-bridge.cjs","07_Tools_Validation_Misc","Tools, Validation Scripts, Root Config, Misc","Tooling Script",".cjs","56","3485","3.4","6/6/2026 5:50:24 PM"
"tools\task-closure\ppiq-pack-g5-scorecard-bridge.cjs","07_Tools_Validation_Misc","Tools, Validation Scripts, Root Config, Misc","Tooling Script",".cjs","56","3467","3.39","6/6/2026 5:59:40 PM"
"tools\task-closure\ppiq-pack-g6-scorecard-bridge.cjs","07_Tools_Validation_Misc","Tools, Validation Scripts, Root Config, Misc","Tooling Script",".cjs","56","3454","3.37","6/6/2026 6:03:47 PM"
"tools\task-closure\ppiq-pack-g7-scorecard-bridge.cjs","07_Tools_Validation_Misc","Tools, Validation Scripts, Root Config, Misc","Tooling Script",".cjs","56","3463","3.38","6/6/2026 6:09:34 PM"
"tools\task-closure\ppiq-pack-g8-scorecard-bridge.cjs","07_Tools_Validation_Misc","Tools, Validation Scripts, Root Config, Misc","Tooling Script",".cjs","56","3484","3.4","6/6/2026 6:16:54 PM"
"tools\task-closure\ppiq-pack-g9-scorecard-bridge.cjs","07_Tools_Validation_Misc","Tools, Validation Scripts, Root Config, Misc","Tooling Script",".cjs","72","4239","4.14","6/6/2026 6:19:49 PM"
"tools\task-closure\validate-action-matrix-coverage.cjs","07_Tools_Validation_Misc","Tools, Validation Scripts, Root Config, Misc","Tooling Script",".cjs","1","115","0.11","6/6/2026 1:34:45 PM"
"tools\task-closure\validate-arabic-locale-completeness.cjs","07_Tools_Validation_Misc","Tools, Validation Scripts, Root Config, Misc","Tooling Script",".cjs","1","102","0.1","6/6/2026 1:34:45 PM"
"tools\task-closure\validate-backend-analyzers.cjs","07_Tools_Validation_Misc","Tools, Validation Scripts, Root Config, Misc","Tooling Script",".cjs","1","111","0.11","6/6/2026 1:34:45 PM"
"tools\task-closure\validate-backend-endpoint-thinness.cjs","07_Tools_Validation_Misc","Tools, Validation Scripts, Root Config, Misc","Tooling Script",".cjs","1","101","0.1","6/6/2026 1:34:45 PM"
"tools\task-closure\validate-edge-no-egress.cjs","07_Tools_Validation_Misc","Tools, Validation Scripts, Root Config, Misc","Tooling Script",".cjs","1","99","0.1","6/6/2026 1:34:45 PM"
"tools\task-closure\validate-edge-staging-canonical-flow.cjs","07_Tools_Validation_Misc","Tools, Validation Scripts, Root Config, Misc","Tooling Script",".cjs","1","98","0.1","6/6/2026 1:34:45 PM"
"tools\task-closure\validate-historian-canonical-flow.cjs","07_Tools_Validation_Misc","Tools, Validation Scripts, Root Config, Misc","Tooling Script",".cjs","1","95","0.09","6/6/2026 1:34:45 PM"
"tools\task-closure\validate-historian-connector.cjs","07_Tools_Validation_Misc","Tools, Validation Scripts, Root Config, Misc","Tooling Script",".cjs","1","90","0.09","6/6/2026 1:34:45 PM"
"tools\task-closure\validate-i18n-string-extraction.cjs","07_Tools_Validation_Misc","Tools, Validation Scripts, Root Config, Misc","Tooling Script",".cjs","1","87","0.08","6/6/2026 1:34:45 PM"
"tools\task-closure\validate-mobile-parity.cjs","07_Tools_Validation_Misc","Tools, Validation Scripts, Root Config, Misc","Tooling Script",".cjs","1","89","0.09","6/6/2026 1:34:45 PM"
"tools\task-closure\validate-p05-no-tracked-warnings.cjs","07_Tools_Validation_Misc","Tools, Validation Scripts, Root Config, Misc","Tooling Script",".cjs","6","180","0.18","6/6/2026 1:44:12 PM"
"tools\task-closure\validate-raw-brand-tokens.cjs","07_Tools_Validation_Misc","Tools, Validation Scripts, Root Config, Misc","Tooling Script",".cjs","1","90","0.09","6/6/2026 1:34:45 PM"
"tools\task-closure\validate-realism-scale.cjs","07_Tools_Validation_Misc","Tools, Validation Scripts, Root Config, Misc","Tooling Script",".cjs","1","106","0.1","6/6/2026 1:34:45 PM"
"tools\task-closure\validate-rtl-theme-matrix.cjs","07_Tools_Validation_Misc","Tools, Validation Scripts, Root Config, Misc","Tooling Script",".cjs","1","96","0.09","6/6/2026 1:34:45 PM"
"tools\task-closure\validate-t001-t071-task-closure.cjs","07_Tools_Validation_Misc","Tools, Validation Scripts, Root Config, Misc","Tooling Script",".cjs","13839","46890","45.79","6/6/2026 4:54:41 PM"
"tools\task-closure\write-gate-report.cjs","07_Tools_Validation_Misc","Tools, Validation Scripts, Root Config, Misc","Tooling Script",".cjs","1","125","0.12","6/6/2026 1:34:45 PM"
"tools\top15\validate-phase3-phase4-top15.cjs","07_Tools_Validation_Misc","Tools, Validation Scripts, Root Config, Misc","Tooling Script",".cjs","74","2616","2.55","6/9/2026 4:50:22 PM"
"tools\ui\audit-action-buttons.cjs","07_Tools_Validation_Misc","Tools, Validation Scripts, Root Config, Misc","Tooling Script",".cjs","321","8944","8.73","6/10/2026 4:22:58 PM"
"tools\ui\audit-fields.cjs","07_Tools_Validation_Misc","Tools, Validation Scripts, Root Config, Misc","Tooling Script",".cjs","379","11364","11.1","6/10/2026 4:50:00 PM"
"tools\ui\audit-tables.cjs","07_Tools_Validation_Misc","Tools, Validation Scripts, Root Config, Misc","Tooling Script",".cjs","233","6561","6.41","6/10/2026 4:35:53 PM"
"tools\ui\audit-tabs-navigation.cjs","07_Tools_Validation_Misc","Tools, Validation Scripts, Root Config, Misc","Tooling Script",".cjs","363","10948","10.69","6/10/2026 4:43:42 PM"
"tools\ui\audit-ui-instances.cjs","07_Tools_Validation_Misc","Tools, Validation Scripts, Root Config, Misc","Tooling Script",".cjs","137","4538","4.43","6/10/2026 3:44:35 PM"
"tools\validation\prove-standard-import-gate.cjs","07_Tools_Validation_Misc","Tools, Validation Scripts, Root Config, Misc","Tooling Script",".cjs","67","2278","2.22","5/31/2026 2:07:14 PM"
"tools\validation\Run-FullValidation.ps1","07_Tools_Validation_Misc","Tools, Validation Scripts, Root Config, Misc","Tooling Script",".ps1","55","1268","1.24","5/19/2026 12:19:15 AM"
"tools\validation\Run-P00A-StructuralGates.ps1","07_Tools_Validation_Misc","Tools, Validation Scripts, Root Config, Misc","Tooling Script",".ps1","59","2704","2.64","5/31/2026 2:11:35 PM"
"tools\validation\Validate-BeforeRefactor.ps1","07_Tools_Validation_Misc","Tools, Validation Scripts, Root Config, Misc","Tooling Script",".ps1","38","1090","1.06","5/19/2026 12:19:15 AM"
"tools\validation\Validate-Dimension2-Dimension6.ps1","07_Tools_Validation_Misc","Tools, Validation Scripts, Root Config, Misc","Tooling Script",".ps1","185","6569","6.42","5/21/2026 4:37:50 PM"
"tools\validation\Validate-Dimension7-Brand.ps1","07_Tools_Validation_Misc","Tools, Validation Scripts, Root Config, Misc","Tooling Script",".ps1","156","4760","4.65","5/21/2026 4:51:34 PM"
"tools\validation\validate-phase01-phase02-gates.mjs","07_Tools_Validation_Misc","Tools, Validation Scripts, Root Config, Misc","Tooling Script",".mjs","176","6646","6.49","6/9/2026 12:41:35 AM"
"tools\validation\Validate-Phase01-Phase02-Gates.ps1","07_Tools_Validation_Misc","Tools, Validation Scripts, Root Config, Misc","Tooling Script",".ps1","11","223","0.22","5/30/2026 3:06:41 PM"
"tools\validation\validate-phase01-phase02-v5-gates.mjs","07_Tools_Validation_Misc","Tools, Validation Scripts, Root Config, Misc","Tooling Script",".mjs","76","4371","4.27","6/9/2026 12:44:33 AM"
"tools\validation\Validate-Phase01-Phase02-v5-Gates.ps1","07_Tools_Validation_Misc","Tools, Validation Scripts, Root Config, Misc","Tooling Script",".ps1","12","238","0.23","5/30/2026 4:32:49 PM"
"tools\validation\validate-phase03-gates.mjs","07_Tools_Validation_Misc","Tools, Validation Scripts, Root Config, Misc","Tooling Script",".mjs","100","4313","4.21","5/31/2026 2:07:14 PM"
"tools\validation\Validate-Phase03-Gates.ps1","07_Tools_Validation_Misc","Tools, Validation Scripts, Root Config, Misc","Tooling Script",".ps1","10","206","0.2","5/30/2026 3:43:16 PM"
"tools\validation\Validate-Phase1-Hardening-Website.ps1","07_Tools_Validation_Misc","Tools, Validation Scripts, Root Config, Misc","Tooling Script",".ps1","155","5400","5.27","5/25/2026 12:37:24 PM"
"tools\validation\Validate-Phase2-Step1-Step2.ps1","07_Tools_Validation_Misc","Tools, Validation Scripts, Root Config, Misc","Tooling Script",".ps1","112","4222","4.12","5/25/2026 1:14:21 PM"
"tools\validation\Validate-Phase2-Step3-Step5.ps1","07_Tools_Validation_Misc","Tools, Validation Scripts, Root Config, Misc","Tooling Script",".ps1","77","3178","3.1","5/25/2026 1:54:07 PM"
"tools\validation\validate-sql-script-hygiene.cjs","07_Tools_Validation_Misc","Tools, Validation Scripts, Root Config, Misc","Tooling Script",".cjs","62","2179","2.13","5/31/2026 2:07:14 PM"
"tools\validation\validate-t208-exposure.cjs","07_Tools_Validation_Misc","Tools, Validation Scripts, Root Config, Misc","Tooling Script",".cjs","43","1621","1.58","5/31/2026 2:07:14 PM"
"tools\validation\validate-v6-phase01-phase02-completion.cjs","07_Tools_Validation_Misc","Tools, Validation Scripts, Root Config, Misc","Tooling Script",".cjs","49","3429","3.35","5/31/2026 2:07:14 PM"
"tools\validation\validate-v7-phase01.cjs","07_Tools_Validation_Misc","Tools, Validation Scripts, Root Config, Misc","Tooling Script",".cjs","73","3939","3.85","6/9/2026 12:41:35 AM"
"tools\validation\validate-v7-phase01-acceptance.cjs","07_Tools_Validation_Misc","Tools, Validation Scripts, Root Config, Misc","Tooling Script",".cjs","95","5262","5.14","6/9/2026 12:41:35 AM"
"tools\validation\validate-v7-phase02-phase03-acceptance.cjs","07_Tools_Validation_Misc","Tools, Validation Scripts, Root Config, Misc","Tooling Script",".cjs","74","3777","3.69","5/31/2026 2:07:14 PM"
"tools\validation\validate-v7-phase04-phase05-acceptance.cjs","07_Tools_Validation_Misc","Tools, Validation Scripts, Root Config, Misc","Tooling Script",".cjs","49","2590","2.53","5/31/2026 2:07:14 PM"
"tools\validation\validate-v7-phase04-phase05-completion.cjs","07_Tools_Validation_Misc","Tools, Validation Scripts, Root Config, Misc","Tooling Script",".cjs","59","3666","3.58","5/31/2026 2:07:14 PM"
"Website\.env.local","07_Tools_Validation_Misc","Tools, Validation Scripts, Root Config, Misc","Environment Config",".local","0","0","0","6/4/2026 1:12:42 PM"
"Website\PlantProcess.Website\.dockerignore","08_Website","Website: PlantProcess.Website","Website Config / Asset",".dockerignore","16","321","0.31","5/19/2026 3:44:31 PM"
"Website\PlantProcess.Website\.env.example","08_Website","Website: PlantProcess.Website","Website Config / Asset",".example","1","52","0.05","5/19/2026 2:26:36 PM"
"Website\PlantProcess.Website\.env.local","08_Website","Website: PlantProcess.Website","Website Config / Asset",".local","1","52","0.05","6/4/2026 1:12:08 PM"
"Website\PlantProcess.Website\Dockerfile","08_Website","Website: PlantProcess.Website","Website Config / Asset","","23","683","0.67","5/19/2026 3:03:14 PM"
"Website\PlantProcess.Website\docs\phase10-acceptance.md","08_Website","Website: PlantProcess.Website","Website Config / Asset",".md","156","1648","1.61","6/3/2026 11:45:31 AM"
"Website\PlantProcess.Website\index.html","08_Website","Website: PlantProcess.Website","Website Config / Asset",".html","19","703","0.69","6/10/2026 11:51:12 AM"
"Website\PlantProcess.Website\nginx.conf","08_Website","Website: PlantProcess.Website","Website Config / Asset",".conf","20","449","0.44","5/19/2026 2:26:36 PM"
"Website\PlantProcess.Website\package.json","08_Website","Website: PlantProcess.Website","Website Config / Asset",".json","39","1403","1.37","6/13/2026 9:05:46 PM"
"Website\PlantProcess.Website\playwright.golive.config.ts","08_Website","Website: PlantProcess.Website","Website Config / Asset",".ts","11","405","0.4","6/13/2026 10:18:54 PM"
"Website\PlantProcess.Website\playwright.phase7.config.ts","08_Website","Website: PlantProcess.Website","Website Config / Asset",".ts","23","1282","1.25","6/13/2026 3:21:49 PM"
"Website\PlantProcess.Website\postcss.config.cjs","08_Website","Website: PlantProcess.Website","Website Config / Asset",".cjs","3","37","0.04","5/19/2026 2:58:18 PM"
"Website\PlantProcess.Website\public\brand\plantprocess-iq-engineer-brief.html","08_Website","Website: PlantProcess.Website","Website Config / Asset",".html","171","4852","4.74","5/21/2026 4:44:43 PM"
"Website\PlantProcess.Website\public\brand\plantprocess-iq-logo.svg","08_Website","Website: PlantProcess.Website","Website Config / Asset",".svg","51","2168","2.12","5/20/2026 9:31:14 AM"
"Website\PlantProcess.Website\public\brand\sou-icon.svg","08_Website","Website: PlantProcess.Website","Website Config / Asset",".svg","50","1743","1.7","5/20/2026 9:19:52 AM"
"Website\PlantProcess.Website\public\brand\sou-logo-horizontal.svg","08_Website","Website: PlantProcess.Website","Website Config / Asset",".svg","40","1813","1.77","5/20/2026 9:19:52 AM"
"Website\PlantProcess.Website\public\build-info.json","08_Website","Website: PlantProcess.Website","Website Config / Asset",".json","9","297","0.29","6/10/2026 12:30:22 PM"
"Website\PlantProcess.Website\public\favicon.svg","08_Website","Website: PlantProcess.Website","Website Config / Asset",".svg","50","1743","1.7","5/20/2026 9:19:52 AM"
"Website\PlantProcess.Website\scripts\check-http-https.mjs","08_Website","Website: PlantProcess.Website","Website Config / Asset",".mjs","27","1391","1.36","6/13/2026 10:18:54 PM"
"Website\PlantProcess.Website\scripts\check-tagline.mjs","08_Website","Website: PlantProcess.Website","Website Config / Asset",".mjs","36","1437","1.4","6/13/2026 3:21:47 PM"
"Website\PlantProcess.Website\scripts\phase10-website-e2e.mjs","08_Website","Website: PlantProcess.Website","Website Config / Asset",".mjs","123","3312","3.23","6/3/2026 3:17:09 PM"
"Website\PlantProcess.Website\scripts\PPIQ704-jenkins-stage.note.groovy","08_Website","Website: PlantProcess.Website","Website Config / Asset",".groovy","9","272","0.27","6/15/2026 10:08:53 AM"
"Website\PlantProcess.Website\scripts\static-serve.mjs","08_Website","Website: PlantProcess.Website","Website Config / Asset",".mjs","25","1645","1.61","6/13/2026 10:18:54 PM"
"Website\PlantProcess.Website\scripts\validate-phase7-content.mjs","08_Website","Website: PlantProcess.Website","Website Config / Asset",".mjs","102","4065","3.97","6/15/2026 10:08:02 AM"
"Website\PlantProcess.Website\scripts\validate-website-content.mjs","08_Website","Website: PlantProcess.Website","Website Config / Asset",".mjs","133","3950","3.86","6/3/2026 3:10:18 PM"
"Website\PlantProcess.Website\scripts\website-soak.mjs","08_Website","Website: PlantProcess.Website","Website Config / Asset",".mjs","15","837","0.82","6/13/2026 10:18:54 PM"
"Website\PlantProcess.Website\src\App.tsx","08_Website","Website: PlantProcess.Website","Website Source",".tsx","539","20299","19.82","6/3/2026 11:33:11 AM"
"Website\PlantProcess.Website\src\brand\plantProcessBrand.ts","08_Website","Website: PlantProcess.Website","Website Source",".ts","68","2443","2.39","6/15/2026 10:08:02 AM"
"Website\PlantProcess.Website\src\brand\plantprocess-iq-architecture.svg","08_Website","Website: PlantProcess.Website","Website Source",".svg","87","5621","5.49","5/21/2026 4:44:08 PM"
"Website\PlantProcess.Website\src\brand\tagline.ts","08_Website","Website: PlantProcess.Website","Website Source",".ts","5","330","0.32","6/13/2026 3:21:47 PM"
"Website\PlantProcess.Website\src\components\brand\sou-brand.css","08_Website","Website: PlantProcess.Website","Website Component",".css","165","3398","3.32","5/20/2026 9:22:15 AM"
"Website\PlantProcess.Website\src\components\brand\SOUBrand.tsx","08_Website","Website: PlantProcess.Website","Website Component",".tsx","40","993","0.97","5/20/2026 9:20:58 AM"
"Website\PlantProcess.Website\src\components\BrandProofSection.tsx","08_Website","Website: PlantProcess.Website","Website Component",".tsx","60","1814","1.77","5/21/2026 4:56:19 PM"
"Website\PlantProcess.Website\src\components\proof\ConnectorHonestyBlock.tsx","08_Website","Website: PlantProcess.Website","Website Component",".tsx","39","1273","1.24","5/25/2026 12:32:05 PM"
"Website\PlantProcess.Website\src\components\proof\PositioningTruthBlock.tsx","08_Website","Website: PlantProcess.Website","Website Component",".tsx","30","1002","0.98","5/25/2026 12:31:45 PM"
"Website\PlantProcess.Website\src\components\proof\PricingLicenseMatrix.tsx","08_Website","Website: PlantProcess.Website","Website Component",".tsx","65","1987","1.94","5/25/2026 12:31:23 PM"
"Website\PlantProcess.Website\src\components\proof\ProductScreenshotShowcase.tsx","08_Website","Website: PlantProcess.Website","Website Component",".tsx","53","1954","1.91","5/25/2026 12:31:10 PM"
"Website\PlantProcess.Website\src\components\proof\RequestDemoForm.tsx","08_Website","Website: PlantProcess.Website","Website Component",".tsx","333","12174","11.89","6/6/2026 11:56:49 AM"
"Website\PlantProcess.Website\src\content\phase1WebsiteProof.ts","08_Website","Website: PlantProcess.Website","Website Source",".ts","175","5394","5.27","5/25/2026 12:30:39 PM"
"Website\PlantProcess.Website\src\content\products\index.generated.ts","08_Website","Website: PlantProcess.Website","Website Source",".ts","10","477","0.47","6/13/2026 3:21:43 PM"
"Website\PlantProcess.Website\src\content\products\mes.ts","08_Website","Website: PlantProcess.Website","Website Source",".ts","82","3994","3.9","6/13/2026 3:21:43 PM"
"Website\PlantProcess.Website\src\content\products\model.ts","08_Website","Website: PlantProcess.Website","Website Source",".ts","22","862","0.84","6/13/2026 3:21:43 PM"
"Website\PlantProcess.Website\src\content\products\yardWarehouse.ts","08_Website","Website: PlantProcess.Website","Website Source",".ts","81","4121","4.02","6/13/2026 3:21:43 PM"
"Website\PlantProcess.Website\src\main.tsx","08_Website","Website: PlantProcess.Website","Website Source",".tsx","14","380","0.37","5/25/2026 12:33:21 PM"
"Website\PlantProcess.Website\src\pages\products\ProductPage.tsx","08_Website","Website: PlantProcess.Website","Website Source",".tsx","182","8292","8.1","6/13/2026 3:21:43 PM"
"Website\PlantProcess.Website\src\routes\phase7Products.routes.tsx","08_Website","Website: PlantProcess.Website","Website Source",".tsx","23","825","0.81","6/13/2026 3:21:43 PM"
"Website\PlantProcess.Website\src\styles\global.css","08_Website","Website: PlantProcess.Website","Website Source",".css","838","14549","14.21","6/3/2026 11:52:14 AM"
"Website\PlantProcess.Website\src\styles\phase10.css","08_Website","Website: PlantProcess.Website","Website Source",".css","453","10957","10.7","6/13/2026 10:18:58 PM"
"Website\PlantProcess.Website\src\styles\phase1-proof.css","08_Website","Website: PlantProcess.Website","Website Source",".css","332","6664","6.51","5/25/2026 12:32:38 PM"
"Website\PlantProcess.Website\src\vite-env.d.ts","08_Website","Website: PlantProcess.Website","Website Source",".ts","10","239","0.23","5/19/2026 2:54:50 PM"
"Website\PlantProcess.Website\tests\e2e\phase7-golive.spec.ts","08_Website","Website: PlantProcess.Website","Website Config / Asset",".ts","78","3656","3.57","6/13/2026 10:18:54 PM"
"Website\PlantProcess.Website\tests\e2e\phase7-leadcapture.spec.ts","08_Website","Website: PlantProcess.Website","Website Config / Asset",".ts","30","1436","1.4","6/13/2026 8:57:50 PM"
"Website\PlantProcess.Website\tests\e2e\phase7-responsive.spec.ts","08_Website","Website: PlantProcess.Website","Website Config / Asset",".ts","58","2368","2.31","6/13/2026 3:21:49 PM"
"Website\PlantProcess.Website\tsconfig.app.json","08_Website","Website: PlantProcess.Website","Website Config / Asset",".json","18","425","0.42","6/6/2026 9:36:14 AM"
"Website\PlantProcess.Website\tsconfig.json","08_Website","Website: PlantProcess.Website","Website Config / Asset",".json","7","120","0.12","6/6/2026 9:36:14 AM"
"Website\PlantProcess.Website\tsconfig.node.json","08_Website","Website: PlantProcess.Website","Website Config / Asset",".json","13","259","0.25","6/6/2026 9:36:14 AM"
"Website\PlantProcess.Website\vite.config.ts","08_Website","Website: PlantProcess.Website","Website Config / Asset",".ts","14","246","0.24","5/19/2026 2:26:36 PM"
