"RelativePath","Category","CategoryTitle","Classification","Extension","Lines","SizeBytes","SizeKB","Sha256","ForceIncluded","LastWriteTime"
"Backend\PlantProcess.Analytics.Core\Common\DeterministicRandom.cs","01_Backend_Core","Backend Core: API, Application, Analytics, Domain, Infrastructure, Workers","C# Source",".cs","34","1173","1.15","C0F62E6484BA62AE1A587D1B75A55B02C942E3F53074F28A92A041E620C42005","False","2026-06-02 00:35:37"
"Backend\PlantProcess.Analytics.Core\Contracts\AdvancedAnalysisResult.cs","01_Backend_Core","Backend Core: API, Application, Analytics, Domain, Infrastructure, Workers","C# Source",".cs","28","1062","1.04","7CA23109B85A50C27778CB7BB9964F978C02CFBD36352DE56F5879E8F2B06FE0","False","2026-06-02 00:35:40"
"Backend\PlantProcess.Analytics.Core\Discipline\StatisticalDiscipline.cs","01_Backend_Core","Backend Core: API, Application, Analytics, Domain, Infrastructure, Workers","C# Source",".cs","91","4151","4.05","6FD2334B9A74D3B1CDA6E885E48E5E54B7C08D26097D159869A3C42191292FA3","False","2026-06-02 00:35:40"
"Backend\PlantProcess.Analytics.Core\Kernel\Capability\CapabilityContracts.cs","01_Backend_Core","Backend Core: API, Application, Analytics, Domain, Infrastructure, Workers","C# Source",".cs","167","5295","5.17","70C1C7285E9ACE2D3F5B8A17E0D0E0E41256AB52681763AF47C789C0668FF002","False","2026-08-12 14:29:00"
"Backend\PlantProcess.Analytics.Core\Kernel\Capability\CapabilityProfiler.cs","01_Backend_Core","Backend Core: API, Application, Analytics, Domain, Infrastructure, Workers","C# Source",".cs","390","22037","21.52","45F8DFAB405875F88A4A86E16072B041BE405B08B482CD8FCD27B1F286F7C752","False","2026-08-12 14:29:00"
"Backend\PlantProcess.Analytics.Core\Kernel\Common\KernelCommonContracts.cs","01_Backend_Core","Backend Core: API, Application, Analytics, Domain, Infrastructure, Workers","C# Source",".cs","60","2052","2","55A439FD78C60F8DD9104B508DB42C6081DB2668D6EA54DE7DB15BDCA29A0B22","False","2026-08-12 14:11:24"
"Backend\PlantProcess.Analytics.Core\Kernel\GroupComparisonKernel.cs","01_Backend_Core","Backend Core: API, Application, Analytics, Domain, Infrastructure, Workers","C# Source",".cs","220","10302","10.06","62E06B1B185BAC553B1C877E107BD76657D30EE88077539ACEB6028271BE6260","False","2026-08-12 14:11:24"
"Backend\PlantProcess.Analytics.Core\Kernel\KernelMethodSelector.cs","01_Backend_Core","Backend Core: API, Application, Analytics, Domain, Infrastructure, Workers","C# Source",".cs","62","2653","2.59","59B8B14C480AF182459349F4649309A86D734889F26774C60A57A0E61E5A7FA1","False","2026-08-12 14:11:24"
"Backend\PlantProcess.Analytics.Core\Kernel\SpecialFunctions.cs","01_Backend_Core","Backend Core: API, Application, Analytics, Domain, Infrastructure, Workers","C# Source",".cs","136","4980","4.86","AD0C4CA7DA7E19A2A327C1ED8B1D8AB433849A2219DE5A4FE49835528CD5A88A","False","2026-08-12 13:40:55"
"Backend\PlantProcess.Analytics.Core\Kernel\StatisticalKernelContracts.cs","01_Backend_Core","Backend Core: API, Application, Analytics, Domain, Infrastructure, Workers","C# Source",".cs","84","3096","3.02","DD7BC408ECF8F5A298FFD63B86CB707B414208660F1D13EA6876FD37E3D7C83A","False","2026-08-12 14:11:24"
"Backend\PlantProcess.Analytics.Core\Kpi\ExpressionEvaluator.cs","01_Backend_Core","Backend Core: API, Application, Analytics, Domain, Infrastructure, Workers","C# Source",".cs","131","4415","4.31","7CEC5787F7E088918AE58DAF556D24CB3F3E32518CF9A791A6919FF98F75A539","False","2026-06-02 00:35:39"
"Backend\PlantProcess.Analytics.Core\Kpi\KpiEngine.cs","01_Backend_Core","Backend Core: API, Application, Analytics, Domain, Infrastructure, Workers","C# Source",".cs","380","12586","12.29","D7E3748A6E42A083862B39D1D75B4DE75985F52FAF4F91DA5AF87012225D5C5A","False","2026-06-07 15:01:26"
"Backend\PlantProcess.Analytics.Core\Methods\CategoricalAssociation.cs","01_Backend_Core","Backend Core: API, Application, Analytics, Domain, Infrastructure, Workers","C# Source",".cs","31","1354","1.32","C2C5102CFFA7AE78CC7B10E187345193E15BDB312B2F5DB11F3FED72AA65C5A8","False","2026-06-02 00:35:38"
"Backend\PlantProcess.Analytics.Core\Methods\Lasso.cs","01_Backend_Core","Backend Core: API, Application, Analytics, Domain, Infrastructure, Workers","C# Source",".cs","55","2228","2.18","61E44D4EEBA4BF4997DD5B1DA967356A706AE24BAC15D01CE47D2FDFB203709A","False","2026-06-02 00:35:38"
"Backend\PlantProcess.Analytics.Core\Methods\MethodSelector.cs","01_Backend_Core","Backend Core: API, Application, Analytics, Domain, Infrastructure, Workers","C# Source",".cs","37","1988","1.94","785AD9105A3BCE877E44FB4440C3A54668B54363506742747A2CD646F311099B","False","2026-06-02 00:35:38"
"Backend\PlantProcess.Analytics.Core\Methods\MutualInformation.cs","01_Backend_Core","Backend Core: API, Application, Analytics, Domain, Infrastructure, Workers","C# Source",".cs","67","2665","2.6","C14F077786307767E5BE819729BFC42E9A9E291E0BC8146BF3D5B7D8E8C7C367","False","2026-06-02 00:35:37"
"Backend\PlantProcess.Analytics.Core\Methods\VarianceInflation.cs","01_Backend_Core","Backend Core: API, Application, Analytics, Domain, Infrastructure, Workers","C# Source",".cs","38","1453","1.42","AA234C31CA2DD790254D5B88F85533B8DA6B0F91ACC61E1C63D90633292D4AA9","False","2026-06-02 00:35:38"
"Backend\PlantProcess.Analytics.Core\Numerics\LinearAlgebra.cs","01_Backend_Core","Backend Core: API, Application, Analytics, Domain, Infrastructure, Workers","C# Source",".cs","64","2645","2.58","64180DC08D686DB2CB416B25A3D4F6424529A7EEC1BCFAA5471D5DFA0BE3E2FC","False","2026-06-02 00:35:37"
"Backend\PlantProcess.Analytics.Core\Numerics\Stats.cs","01_Backend_Core","Backend Core: API, Application, Analytics, Domain, Infrastructure, Workers","C# Source",".cs","105","4291","4.19","617B3202044B91F35771D61A376A124A5A416370011A608886885F92DAC817C6","False","2026-06-02 00:35:37"
"Backend\PlantProcess.Analytics.Core\PlantProcess.Analytics.Core.csproj","01_Backend_Core","Backend Core: API, Application, Analytics, Domain, Infrastructure, Workers",".NET Project File",".csproj","11","334","0.33","D1D3519DDDDB0F0CF36602A2C1D81A80D6C6CFA3F8D338B1AB8BD411119CB530","False","2026-06-07 14:56:26"
"Backend\PlantProcess.Analytics.Core\Primitives\AnalysisModels.cs","01_Backend_Core","Backend Core: API, Application, Analytics, Domain, Infrastructure, Workers","C# Source",".cs","39","1157","1.13","2EC7E4F5B760433D0B23A44D36A9B185F0C30F776D198EC8071A1B2726C6CC28","False","2026-06-02 00:35:38"
"Backend\PlantProcess.Analytics.Core\Primitives\SimpleAnalysis.cs","01_Backend_Core","Backend Core: API, Application, Analytics, Domain, Infrastructure, Workers","C# Source",".cs","140","7766","7.58","82BEA4C9B02711B0274E72095F1FB13F4C724212E0243C143EA35D5C65780930","False","2026-06-02 00:35:39"
"Backend\PlantProcess.Analytics.Core\Readiness\ReadinessGate.cs","01_Backend_Core","Backend Core: API, Application, Analytics, Domain, Infrastructure, Workers","C# Source",".cs","80","4143","4.05","5E4EBBC18E0A5B3987FDB7AC3659CAC2C898617C928C55539ED657F5498CA199","False","2026-08-15 11:57:56"
"Backend\PlantProcess.Analytics.Engine\AnalyticsEngineServiceCollectionExtensions.cs","01_Backend_Core","Backend Core: API, Application, Analytics, Domain, Infrastructure, Workers","C# Source",".cs","20","838","0.82","8D31B494F6ECA0D0172F907B13E9F03E8DB3A6B2BDE8ECF287229F210ED88FD3","False","2026-06-02 00:49:31"
"Backend\PlantProcess.Analytics.Engine\ManagedStatisticalComputeEngine.cs","01_Backend_Core","Backend Core: API, Application, Analytics, Domain, Infrastructure, Workers","C# Source",".cs","122","5596","5.46","7E74634C64283FF43FCDACC81F59A3689727EA58605DEA081E9C3510661F72A6","False","2026-06-02 00:49:31"
"Backend\PlantProcess.Analytics.Engine\PlantProcess.Analytics.Engine.csproj","01_Backend_Core","Backend Core: API, Application, Analytics, Domain, Infrastructure, Workers",".NET Project File",".csproj","16","658","0.64","00AEFBDA430048CE8B94C9A500B4D453232DF42C43BD8A9FC6ECBE9F87A07264","False","2026-06-02 01:28:35"
"Backend\PlantProcess.Analytics.Engine\Ports.cs","01_Backend_Core","Backend Core: API, Application, Analytics, Domain, Infrastructure, Workers","C# Source",".cs","46","1749","1.71","AA9A125967E3EB9B688B8EB3A1A2B0BCD7F5C910780C69EF71B8C8E72C0FBE19","False","2026-06-02 00:49:31"
"Backend\PlantProcess.Analytics.Engine\Postgres\PostgresAnalysisFindingSink.cs","01_Backend_Core","Backend Core: API, Application, Analytics, Domain, Infrastructure, Workers","C# Source",".cs","110","5890","5.75","0E3A3B1D4186580EFC0FF8A449B49B6AAC5FBFF94FA9316040FA19F3A46927BB","False","2026-06-02 01:28:42"
"Backend\PlantProcess.Analytics.Engine\Postgres\PostgresCanonicalFeatureSource.cs","01_Backend_Core","Backend Core: API, Application, Analytics, Domain, Infrastructure, Workers","C# Source",".cs","152","7364","7.19","EEEBA9648C38DE96EBD9E345F5989A70DB0E842D9C3D8F2EAEF0967AA036FD80","False","2026-06-02 01:28:38"
"Backend\PlantProcess.Analytics.Engine\Postgres\PostgresEngineServiceCollectionExtensions.cs","01_Backend_Core","Backend Core: API, Application, Analytics, Domain, Infrastructure, Workers","C# Source",".cs","23","1224","1.2","4E6853E485A6211258F266E1375B66CAB4AC8FB958E338BB978EEAEF4D7CDDB9","False","2026-06-02 01:28:45"
"Backend\PlantProcess.Api\Analytics\KpiEvaluationService.cs","01_Backend_Core","Backend Core: API, Application, Analytics, Domain, Infrastructure, Workers","C# Source",".cs","133","6910","6.75","84BF9B6E6168F4DA3C56D410F32DED7AFB5CE31F9A0179FB165696EC9078BAC2","False","2026-06-02 13:31:41"
"Backend\PlantProcess.Api\appsettings.Development.json","01_Backend_Core","Backend Core: API, Application, Analytics, Domain, Infrastructure, Workers","JSON Configuration",".json","29","1590","1.55","AC1C712B1232C91CD4F8CA853E920A1088E0149F438E090662A2A441CB201153","False","2026-06-27 16:19:46"
"Backend\PlantProcess.Api\appsettings.json","01_Backend_Core","Backend Core: API, Application, Analytics, Domain, Infrastructure, Workers","JSON Configuration",".json","30","760","0.74","E0EF82FBED5F6BF1795629DF44F2CE79982C74C376C7427A5245A7FB19421163","False","2026-06-13 22:21:20"
"Backend\PlantProcess.Api\AssistantGateway\V5AssistantGateway.cs","01_Backend_Core","Backend Core: API, Application, Analytics, Domain, Infrastructure, Workers","C# Source",".cs","663","24728","24.15","AD82B1BD8C1F5CD819667C1C91EA1B8449E37C1248E5F327AC691E0627EBFD0A","False","2026-06-25 09:19:16"
"Backend\PlantProcess.Api\AssistantGateway\V5PrivateModelGatewayCertificationEndpoints.cs","01_Backend_Core","Backend Core: API, Application, Analytics, Domain, Infrastructure, Workers","C# Source",".cs","790","32644","31.88","B11C7C7542795B80DD867A558020ECE61B3A965AF2CAC075BE2B547EFAAF33E0","False","2026-06-08 09:13:32"
"Backend\PlantProcess.Api\BlendedProvenance\V5BlendedProvenanceEndpoints.cs","01_Backend_Core","Backend Core: API, Application, Analytics, Domain, Infrastructure, Workers","C# Source",".cs","135","5031","4.91","9641122DD293ABB355442A33E6B013D57385F2DCFE73EEF16B0BC429F74302B1","False","2026-06-07 14:48:03"
"Backend\PlantProcess.Api\ComplianceControls\V5ComplianceControlsEndpoints.cs","01_Backend_Core","Backend Core: API, Application, Analytics, Domain, Infrastructure, Workers","C# Source",".cs","481","17295","16.89","B6EA7B1134CD48D453A98AC36126BF9F06729526E35F999507C50F92EDABE815","False","2026-06-07 14:48:03"
"Backend\PlantProcess.Api\Configuration\StartupConfigurationValidator.cs","01_Backend_Core","Backend Core: API, Application, Analytics, Domain, Infrastructure, Workers","C# Source",".cs","435","16194","15.81","73549EC1DF1D6EF09A6F33A819D7DA160E090AE6952083D481EF571755CF780D","False","2026-06-13 23:22:56"
"Backend\PlantProcess.Api\DeploymentPortability\V5DeploymentPortabilityEndpoints.cs","01_Backend_Core","Backend Core: API, Application, Analytics, Domain, Infrastructure, Workers","C# Source",".cs","266","10883","10.63","6DFD4B9E8ED08D668E321E9AC0D1491DF74886EE6577EC6204F10E6E5DB1A575","False","2026-06-07 14:48:03"
"Backend\PlantProcess.Api\Dockerfile","01_Backend_Core","Backend Core: API, Application, Analytics, Domain, Infrastructure, Workers","Dockerfile","","36","1397","1.36","4D95548F0851288DDFA13CD87223B6E04E86EEB597ECC25811E1C791583A3981","True","2026-06-10 00:33:24"
"Backend\PlantProcess.Api\Endpoints\Admin\AdminEndpoints.cs","01_Backend_Core","Backend Core: API, Application, Analytics, Domain, Infrastructure, Workers","C# Source",".cs","828","34110","33.31","BA054DECFEE102B5B8528AEF23ACF96C2F33C5367084C2CD279A8444A6F9B723","False","2026-07-09 15:19:52"
"Backend\PlantProcess.Api\Endpoints\Admin\AdminProofEndpoints.cs","01_Backend_Core","Backend Core: API, Application, Analytics, Domain, Infrastructure, Workers","C# Source",".cs","71","2679","2.62","9EB8EFB8E80B8F4F40A2A85B0311CC3E4C62955EF7D7EB8AA83F90C730064E8A","False","2026-05-31 08:49:27"
"Backend\PlantProcess.Api\Endpoints\Admin\ConnectorAdminEndpoints.cs","01_Backend_Core","Backend Core: API, Application, Analytics, Domain, Infrastructure, Workers","C# Source",".cs","417","19029","18.58","AE18A7391959A10F68B4F2A73CA080B45F57C71806BDA55D02E04A14F59D1A6F","False","2026-07-12 21:44:54"
"Backend\PlantProcess.Api\Endpoints\Admin\ConnectorSchemaDriftEndpoints.cs","01_Backend_Core","Backend Core: API, Application, Analytics, Domain, Infrastructure, Workers","C# Source",".cs","40","1780","1.74","BB090640891E2FCA84ED9923E76EE1D048932286A30C40B614A8B788917243DC","False","2026-06-13 00:49:47"
"Backend\PlantProcess.Api\Endpoints\Admin\GenericSchemaMappingEndpoints.Catalog.cs","01_Backend_Core","Backend Core: API, Application, Analytics, Domain, Infrastructure, Workers","C# Source",".cs","8","264","0.26","96B2E4B0A4CC3C58EBBB778024C6FAF56C1538ED22407EFF1B97F77FA19848F6","False","2026-06-07 15:36:53"
"Backend\PlantProcess.Api\Endpoints\Admin\GenericSchemaMappingEndpoints.Catalog.Query.cs","01_Backend_Core","Backend Core: API, Application, Analytics, Domain, Infrastructure, Workers","C# Source",".cs","192","7211","7.04","D1D4E40D1F9601CACD8BF41205E348EB5AA7FB1EBDB777FC1979F7CE88FEAC13","False","2026-06-07 15:36:53"
"Backend\PlantProcess.Api\Endpoints\Admin\GenericSchemaMappingEndpoints.Catalog.Registration.cs","01_Backend_Core","Backend Core: API, Application, Analytics, Domain, Infrastructure, Workers","C# Source",".cs","200","8162","7.97","623C43F65472D19CAFFDB59EC324CF455BE38C3CCB6B2380C9BA59C8AD2FEF06","False","2026-06-07 15:36:53"
"Backend\PlantProcess.Api\Endpoints\Admin\GenericSchemaMappingEndpoints.Contracts.cs","01_Backend_Core","Backend Core: API, Application, Analytics, Domain, Infrastructure, Workers","C# Source",".cs","96","2926","2.86","D97C14CF1EB0E49C3F70F170F6FD2764CB34BC836197D900F3BD6A9A03C5CC31","False","2026-06-07 15:36:53"
"Backend\PlantProcess.Api\Endpoints\Admin\GenericSchemaMappingEndpoints.cs","01_Backend_Core","Backend Core: API, Application, Analytics, Domain, Infrastructure, Workers","C# Source",".cs","77","3346","3.27","5F94DD94F8ED065D46734431E6EA1024F1AF5B81C8170D5D52E17E6D0CA64A02","False","2026-06-09 23:39:11"
"Backend\PlantProcess.Api\Endpoints\Admin\GenericSchemaMappingEndpoints.Execution.cs","01_Backend_Core","Backend Core: API, Application, Analytics, Domain, Infrastructure, Workers","C# Source",".cs","268","9970","9.74","DA4F0EFE840C8562BEB51C640DB20F9FE512FFC1E0636119B01453CDC10333E6","False","2026-06-07 15:36:53"
"Backend\PlantProcess.Api\Endpoints\Admin\GenericSchemaMappingEndpoints.Joins.cs","01_Backend_Core","Backend Core: API, Application, Analytics, Domain, Infrastructure, Workers","C# Source",".cs","128","5176","5.05","BA582C6BF3016A606241AC821F2331401A003134BF5EB8A17FE519678AFE34B1","False","2026-06-07 15:36:53"
"Backend\PlantProcess.Api\Endpoints\Admin\GenericSchemaMappingEndpoints.Kpi.cs","01_Backend_Core","Backend Core: API, Application, Analytics, Domain, Infrastructure, Workers","C# Source",".cs","152","5605","5.47","CCE000D224AB863A644E4DFE12C7C3A9E1168A02BEEDE6E8DEC3235D5D66DD92","False","2026-06-07 15:36:53"
"Backend\PlantProcess.Api\Endpoints\Admin\GenericSchemaMappingEndpoints.PreviewRows.cs","01_Backend_Core","Backend Core: API, Application, Analytics, Domain, Infrastructure, Workers","C# Source",".cs","67","2453","2.4","687B6E55C0977E3EB82755523D7B490C6CB74458E08A50DA5270C9D9BE549ADA","False","2026-06-07 15:38:36"
"Backend\PlantProcess.Api\Endpoints\Admin\GenericSchemaMappingEndpoints.Resolver.cs","01_Backend_Core","Backend Core: API, Application, Analytics, Domain, Infrastructure, Workers","C# Source",".cs","205","7503","7.33","2ADEA8038E0030784B65381EB66DA1E48E8C7AACC37435F9481434E49F95FDF3","False","2026-06-09 23:39:11"
"Backend\PlantProcess.Api\Endpoints\Admin\GenericSchemaMappingEndpoints.SqlHelpers.cs","01_Backend_Core","Backend Core: API, Application, Analytics, Domain, Infrastructure, Workers","C# Source",".cs","164","5950","5.81","4234B90093CB9764101C1C00C0A03E1EB0EC690A4CFC6FFCB2FD07643CABD168","False","2026-06-29 17:36:00"
"Backend\PlantProcess.Api\Endpoints\Admin\JobAdminEndpoints.cs","01_Backend_Core","Backend Core: API, Application, Analytics, Domain, Infrastructure, Workers","C# Source",".cs","374","15093","14.74","E59737793F2DB0C18E572EA11A24686F559E750E5A13C263E65DA8CF3534A414","False","2026-06-09 11:00:00"
"Backend\PlantProcess.Api\Endpoints\Admin\JobAdminEndpoints.cs.20260609_110000","01_Backend_Core","Backend Core: API, Application, Analytics, Domain, Infrastructure, Workers","Other Text File",".20260609_110000","371","14817","14.47","F94985790F2543046C6B3FCA024458444EA30568F399533574360263E71EE587","False","2026-06-09 10:54:20"
"Backend\PlantProcess.Api\Endpoints\Admin\LicenseAdminEndpoints.cs","01_Backend_Core","Backend Core: API, Application, Analytics, Domain, Infrastructure, Workers","C# Source",".cs","397","15973","15.6","3629F335B007CB69F94806C7CBB632722C0B6462016163CB55426D19EF66FE42","False","2026-05-30 11:50:13"
"Backend\PlantProcess.Api\Endpoints\Admin\P03P04CompletionProofEndpoints.cs","01_Backend_Core","Backend Core: API, Application, Analytics, Domain, Infrastructure, Workers","C# Source",".cs","146","5228","5.11","9167BAA6B449C6A9CCED43C5DE3A91F40DEB84885B47609CB8A4A941596510FE","False","2026-06-01 16:50:42"
"Backend\PlantProcess.Api\Endpoints\Admin\P03P04MappingGenealogyEndpoints.cs","01_Backend_Core","Backend Core: API, Application, Analytics, Domain, Infrastructure, Workers","C# Source",".cs","46","1744","1.7","72CBD6893CD0D361F8411DA5CFD1DC3EB89D5B2B02E5FA1738D81321A99AEF00","False","2026-06-01 16:50:41"
"Backend\PlantProcess.Api\Endpoints\Admin\Phase1WorkflowTruthEndpoints.Contracts.001.cs","01_Backend_Core","Backend Core: API, Application, Analytics, Domain, Infrastructure, Workers","C# Source",".cs","78","2983","2.91","2034207E6922DACDA2D0649A3EED76E2F16F7C2731492F72BA48DEE5273F974F","False","2026-06-07 15:43:24"
"Backend\PlantProcess.Api\Endpoints\Admin\Phase1WorkflowTruthEndpoints.cs","01_Backend_Core","Backend Core: API, Application, Analytics, Domain, Infrastructure, Workers","C# Source",".cs","98","4707","4.6","CE47957F94712BBA2AD3688A5CCB90A0932E1217BA2ACA7DA5C66DFEB6EB768B","False","2026-06-23 17:32:24"
"Backend\PlantProcess.Api\Endpoints\Admin\Phase1WorkflowTruthEndpoints.Handlers.002.GetConnectorTruthAsync.cs","01_Backend_Core","Backend Core: API, Application, Analytics, Domain, Infrastructure, Workers","C# Source",".cs","77","3065","2.99","99FC1F55F7BA74116BD37B8DB4E7439A4C77B3B6BA2728E788AEA1061D16BF96","False","2026-06-07 15:43:24"
"Backend\PlantProcess.Api\Endpoints\Admin\Phase1WorkflowTruthEndpoints.Handlers.003.GetConnectorCertificationAsync.cs","01_Backend_Core","Backend Core: API, Application, Analytics, Domain, Infrastructure, Workers","C# Source",".cs","38","1604","1.57","AF38741F80400E0691FC6B819AE9A32F844F76A67E34D9A3A1D7D8195FA40DFE","False","2026-06-07 15:43:24"
"Backend\PlantProcess.Api\Endpoints\Admin\Phase1WorkflowTruthEndpoints.Handlers.004.GetSourceScheduleBoardAsync.cs","01_Backend_Core","Backend Core: API, Application, Analytics, Domain, Infrastructure, Workers","C# Source",".cs","69","2864","2.8","32A33E751F65AB3B8B59BF98F54C448305F93C72291C3E59A5C2FCB6962D5815","False","2026-07-12 15:31:39"
"Backend\PlantProcess.Api\Endpoints\Admin\Phase1WorkflowTruthEndpoints.Handlers.005.RunDueSourceImportsAsync.cs","01_Backend_Core","Backend Core: API, Application, Analytics, Domain, Infrastructure, Workers","C# Source",".cs","57","1965","1.92","2F5E20A7DF309BFBA044A7C7712E7CA1896CCA0D424BAFA570E46B954A5521A8","False","2026-06-07 15:43:24"
"Backend\PlantProcess.Api\Endpoints\Admin\Phase1WorkflowTruthEndpoints.Handlers.006.ScheduleSourceDatasetNowAsync.cs","01_Backend_Core","Backend Core: API, Application, Analytics, Domain, Infrastructure, Workers","C# Source",".cs","34","1305","1.27","1AC55959C28AABBE75F7D7768E4ADA1704E46FF058AD9B4DB4CF1CA7C7E6F7BD","False","2026-06-07 15:43:24"
"Backend\PlantProcess.Api\Endpoints\Admin\Phase1WorkflowTruthEndpoints.Handlers.007.UpdateDatasetCursorAsync.cs","01_Backend_Core","Backend Core: API, Application, Analytics, Domain, Infrastructure, Workers","C# Source",".cs","35","1375","1.34","F2A99F9D512B4020C82BF9FB41E35830CA69760E1BB495037D6D760245CB0DA6","False","2026-06-07 15:43:24"
"Backend\PlantProcess.Api\Endpoints\Admin\Phase1WorkflowTruthEndpoints.Handlers.009.GetStagingRecordsAsync.cs","01_Backend_Core","Backend Core: API, Application, Analytics, Domain, Infrastructure, Workers","C# Source",".cs","70","2445","2.39","03B7772636C60CA49B8A31687A8092363D18A3B5B98F92534E7CB2E66ADDADB8","False","2026-06-07 15:43:24"
"Backend\PlantProcess.Api\Endpoints\Admin\Phase1WorkflowTruthEndpoints.Handlers.010.GetSchemaMappingWorkbenchAsync.cs","01_Backend_Core","Backend Core: API, Application, Analytics, Domain, Infrastructure, Workers","C# Source",".cs","98","3928","3.84","2BE5A5ACAA069B8D52A191DC694C294D0F9E476C9BC76994CD5B02233EBFA36A","False","2026-06-29 17:36:00"
"Backend\PlantProcess.Api\Endpoints\Admin\Phase1WorkflowTruthEndpoints.Handlers.011.PreviewSchemaViewAsync.cs","01_Backend_Core","Backend Core: API, Application, Analytics, Domain, Infrastructure, Workers","C# Source",".cs","106","3650","3.56","02EF006950D0844A4DBED584919980681C7EF8BE6893B11132BD8B9BB0292ECB","False","2026-06-07 15:43:24"
"Backend\PlantProcess.Api\Endpoints\Admin\Phase1WorkflowTruthEndpoints.Handlers.012.GetImportJobConfigurationBoardAsync.cs","01_Backend_Core","Backend Core: API, Application, Analytics, Domain, Infrastructure, Workers","C# Source",".cs","86","3140","3.07","D30B266DF6821687C96F02552DF54697060808F80584B25BCD9418A96077CC3F","False","2026-06-07 15:43:24"
"Backend\PlantProcess.Api\Endpoints\Admin\Phase1WorkflowTruthEndpoints.Handlers.013.CreateImportJobFromMappingAsync.cs","01_Backend_Core","Backend Core: API, Application, Analytics, Domain, Infrastructure, Workers","C# Source",".cs","105","4270","4.17","2F2477601E2BBAF330BD4908E4E775BC008928E335D75C7ED998AD8312390C88","False","2026-06-07 15:43:24"
"Backend\PlantProcess.Api\Endpoints\Admin\Phase1WorkflowTruthEndpoints.Handlers.014.BuildSourceScheduleRowAsync.cs","01_Backend_Core","Backend Core: API, Application, Analytics, Domain, Infrastructure, Workers","C# Source",".cs","63","2701","2.64","5AF94F2E97CF16F8D8B8CE44AAD4B5038FF1E257A0924DB99E0032BB08D6C7F0","False","2026-06-07 15:43:24"
"Backend\PlantProcess.Api\Endpoints\Admin\Phase1WorkflowTruthEndpoints.Helpers.015.BuildProviderTruthRows.cs","01_Backend_Core","Backend Core: API, Application, Analytics, Domain, Infrastructure, Workers","C# Source",".cs","164","7942","7.76","6EC10E5F26F68FB140C2F5A546F5EE5D0E37D4574B5400CC2FBE59F500B12169","False","2026-06-13 00:50:53"
"Backend\PlantProcess.Api\Endpoints\Admin\Phase1WorkflowTruthEndpoints.Helpers.016.BuildCertification.cs","01_Backend_Core","Backend Core: API, Application, Analytics, Domain, Infrastructure, Workers","C# Source",".cs","40","1654","1.62","73DF208B8E85683CA79C5E0BE977F87BA05251AFB7A5FA94ECA50F6A9D0284C9","False","2026-06-07 15:43:24"
"Backend\PlantProcess.Api\Endpoints\Admin\Phase1WorkflowTruthEndpoints.Helpers.017.BuildCanonicalTargets.cs","01_Backend_Core","Backend Core: API, Application, Analytics, Domain, Infrastructure, Workers","C# Source",".cs","47","3204","3.13","0D925C17359A60E260D2111F818C54DD0F96F7F329BAF7F4830D8801F6596470","False","2026-06-07 15:43:24"
"Backend\PlantProcess.Api\Endpoints\Admin\Phase1WorkflowTruthEndpoints.Helpers.018.ValidateSafePreviewSql.cs","01_Backend_Core","Backend Core: API, Application, Analytics, Domain, Infrastructure, Workers","C# Source",".cs","73","2374","2.32","4EAC65965A54B43DC67F4C9D660F8FAF641372BEF5EEC692366235D38655DDF4","False","2026-06-07 15:43:24"
"Backend\PlantProcess.Api\Endpoints\Admin\Phase1WorkflowTruthEndpoints.Helpers.019.WrapSelectWithLimit.cs","01_Backend_Core","Backend Core: API, Application, Analytics, Domain, Infrastructure, Workers","C# Source",".cs","23","800","0.78","C0ACE44CAEE168FB3E9AECF6508AE00B277A785A7D3EBC8972028B77084C0440","False","2026-06-07 15:43:24"
"Backend\PlantProcess.Api\Endpoints\Admin\Phase1WorkflowTruthEndpoints.Helpers.020.SameProvider.cs","01_Backend_Core","Backend Core: API, Application, Analytics, Domain, Infrastructure, Workers","C# Source",".cs","22","725","0.71","64002405E172E44927090B23C03A64C3966A14FABDC766B349E1D0C244DDED3D","False","2026-06-07 15:43:24"
"Backend\PlantProcess.Api\Endpoints\Admin\Phase1WorkflowTruthEndpoints.Helpers.021.NormalizeProvider.cs","01_Backend_Core","Backend Core: API, Application, Analytics, Domain, Infrastructure, Workers","C# Source",".cs","53","1543","1.51","DFC0DC7B0E1BC5604EFD31DE3205ED6145F5A508786914ED7D84CB6794601CBD","False","2026-06-07 15:43:24"
"Backend\PlantProcess.Api\Endpoints\Admin\Phase1WorkflowTruthEndpoints.Helpers.022.NormalizeCode.cs","01_Backend_Core","Backend Core: API, Application, Analytics, Domain, Infrastructure, Workers","C# Source",".cs","22","731","0.71","E95B260854149D0E3A2008289DDF5D8D69DEA0024AC8C32C3017339C5BFCC6AB","False","2026-06-07 15:43:24"
"Backend\PlantProcess.Api\Endpoints\Admin\Phase1WorkflowTruthEndpoints.TopLevelContracts.001.cs","01_Backend_Core","Backend Core: API, Application, Analytics, Domain, Infrastructure, Workers","C# Source",".cs","252","7478","7.3","3CBE41EE7226BABEEA54321103E0AFC8578A14FA50F800717AA12A7977E2A2BA","False","2026-06-07 15:46:22"
"Backend\PlantProcess.Api\Endpoints\Admin\Phase1WorkflowTruthEndpoints.TopLevelContracts.002.cs","01_Backend_Core","Backend Core: API, Application, Analytics, Domain, Infrastructure, Workers","C# Source",".cs","43","1298","1.27","18318D51EDB5572CA7B1D5717F21882060B8A6CECF66DB2C7EED6CBFCCF00A52","False","2026-06-07 15:46:22"
"Backend\PlantProcess.Api\Endpoints\Admin\Phase2OperationEndpoints.cs","01_Backend_Core","Backend Core: API, Application, Analytics, Domain, Infrastructure, Workers","C# Source",".cs","887","31035","30.31","9F05914DA5638CD0461744294BB660CB3C7DD8A330B99727A197B0C3343FA185","False","2026-06-03 07:54:00"
"Backend\PlantProcess.Api\Endpoints\Admin\Phase2PilotReadinessEndpoints.cs","01_Backend_Core","Backend Core: API, Application, Analytics, Domain, Infrastructure, Workers","C# Source",".cs","401","14744","14.4","3888A090B5F18870A7BDE010505041FF068BAD158BC293E0EA93BA1663125A3B","False","2026-07-10 10:32:47"
"Backend\PlantProcess.Api\Endpoints\Admin\SchemaConfigurationEndpoints.cs","01_Backend_Core","Backend Core: API, Application, Analytics, Domain, Infrastructure, Workers","C# Source",".cs","431","16584","16.2","0EE3FAF4A58F79A6910D0EA4F1510C1EEF3EC61ACF7205D64986CB62189EF6D1","False","2026-07-03 15:42:53"
"Backend\PlantProcess.Api\Endpoints\Admin\TwoStageImportEndpoints.cs","01_Backend_Core","Backend Core: API, Application, Analytics, Domain, Infrastructure, Workers","C# Source",".cs","622","24082","23.52","3792228F3A8B742ED22145D3F361A6A96B789810A587C6743655886FBFF63AEC","False","2026-07-05 16:21:33"
"Backend\PlantProcess.Api\Endpoints\Analytics\AdvancedResultsEndpoints.cs","01_Backend_Core","Backend Core: API, Application, Analytics, Domain, Infrastructure, Workers","C# Source",".cs","144","7963","7.78","09425508C2C22172F0B0AB5D5A53BAD74E6CF03578FCA9546F002FDC48C31370","False","2026-07-05 16:21:33"
"Backend\PlantProcess.Api\Endpoints\Analytics\AnalysisJobDefinitionEndpoints.cs","01_Backend_Core","Backend Core: API, Application, Analytics, Domain, Infrastructure, Workers","C# Source",".cs","839","33598","32.81","81793024FBE00608E81CDC93B250C90D814BFECE49440B8CA7237263A2E4BC38","False","2026-07-08 17:27:55"
"Backend\PlantProcess.Api\Endpoints\Analytics\CorrelationEndpoints.cs","01_Backend_Core","Backend Core: API, Application, Analytics, Domain, Infrastructure, Workers","C# Source",".cs","751","29199","28.51","A8814181FFC186FC66B3FA30559EE4575C7E6969F2155C6B9B8F199B0FCD2576","False","2026-06-08 13:24:00"
"Backend\PlantProcess.Api\Endpoints\Analytics\FeatureEngineeringEndpoints.cs","01_Backend_Core","Backend Core: API, Application, Analytics, Domain, Infrastructure, Workers","C# Source",".cs","30","1070","1.04","7DD2AFDBE094045F2465B3A9773C1A923ACB09D4D60B67F10B50F2AE785DA4F8","False","2026-06-08 13:24:00"
"Backend\PlantProcess.Api\Endpoints\Analytics\KpiEvaluationEndpoints.cs","01_Backend_Core","Backend Core: API, Application, Analytics, Domain, Infrastructure, Workers","C# Source",".cs","141","7341","7.17","C241571A2F2E7CF301969F788A27077346B330CB4E9F2D677B101CD2CBD519C6","False","2026-06-03 07:54:00"
"Backend\PlantProcess.Api\Endpoints\Analytics\MlFoundationEndpoints.cs","01_Backend_Core","Backend Core: API, Application, Analytics, Domain, Infrastructure, Workers","C# Source",".cs","395","14300","13.96","23CB9F421571783F742CDE3A742EB2718ECB9214BE1B60E28754AB81B319FD68","False","2026-08-04 22:36:47"
"Backend\PlantProcess.Api\Endpoints\Analytics\MlLearningEndpoints.cs","01_Backend_Core","Backend Core: API, Application, Analytics, Domain, Infrastructure, Workers","C# Source",".cs","306","9467","9.25","183B8350FBFDD15869F5A07B9BE541DC852BD4D0EB175C71CF4EBDD938B1232E","False","2026-06-03 07:54:00"
"Backend\PlantProcess.Api\Endpoints\Analytics\MlProviderEndpoints.cs","01_Backend_Core","Backend Core: API, Application, Analytics, Domain, Infrastructure, Workers","C# Source",".cs","62","2318","2.26","B249DBBED7CFC040DC7E78F6CF95DB8341F659BA5813BFCCB593F39BAFF27C89","False","2026-05-31 12:39:01"
"Backend\PlantProcess.Api\Endpoints\Analytics\MlReadinessEndpoints.cs","01_Backend_Core","Backend Core: API, Application, Analytics, Domain, Infrastructure, Workers","C# Source",".cs","87","3514","3.43","79E439BD5483E1DB9293B749CA2FD60FF4C4DAE7D9B009752363F7B0029BF368","False","2026-06-08 13:24:00"
"Backend\PlantProcess.Api\Endpoints\Analytics\Phase2InvestigationEndpoints.cs","01_Backend_Core","Backend Core: API, Application, Analytics, Domain, Infrastructure, Workers","C# Source",".cs","603","21027","20.53","DF957657A927AFE40103EDACFCC4BE704909FDA9DD2234CFC4DB3556F303E45C","False","2026-06-13 00:49:47"
"Backend\PlantProcess.Api\Endpoints\Analytics\ProvenanceGuardedAdvancedResultsEndpoints.cs","01_Backend_Core","Backend Core: API, Application, Analytics, Domain, Infrastructure, Workers","C# Source",".cs","78","3413","3.33","FBBB53F118BB919DE0B10F0561E2C39489E061D21E4308FC7FFC9C3E59D8D4FC","False","2026-06-02 18:44:09"
"Backend\PlantProcess.Api\Endpoints\Analytics\ReadModelEndpoints.cs","01_Backend_Core","Backend Core: API, Application, Analytics, Domain, Infrastructure, Workers","C# Source",".cs","77","4310","4.21","E87DA217557CB90FE9B7FD355D7345DCBBB4CF69313320F0AFAFA2CD136549AF","False","2026-06-02 13:31:39"
"Backend\PlantProcess.Api\Endpoints\Analytics\RiskCalibrationEndpoints.cs","01_Backend_Core","Backend Core: API, Application, Analytics, Domain, Infrastructure, Workers","C# Source",".cs","22","884","0.86","4F9E0B2678D631483C667219DCD9F4C54BAA92359057D87E0225378C028C4765","False","2026-06-02 18:44:11"
"Backend\PlantProcess.Api\Endpoints\Analytics\RiskEvidenceEndpoints.cs","01_Backend_Core","Backend Core: API, Application, Analytics, Domain, Infrastructure, Workers","C# Source",".cs","59","2448","2.39","04D4C2FC7257AECE4CCEF0D3C685FA6FBB2C5F127721427A8B9180C8939F2FEE","False","2026-06-02 18:44:11"
"Backend\PlantProcess.Api\Endpoints\Analytics\RiskScoreEndpoints.cs","01_Backend_Core","Backend Core: API, Application, Analytics, Domain, Infrastructure, Workers","C# Source",".cs","250","9404","9.18","2E5FFC098B533C1CD8F1115B70AF8C994A03066AA11E7123C6951F227182AC18","False","2026-06-08 13:24:00"
"Backend\PlantProcess.Api\Endpoints\Analytics\SimpleAnalysisEndpoints.cs","01_Backend_Core","Backend Core: API, Application, Analytics, Domain, Infrastructure, Workers","C# Source",".cs","115","6076","5.93","8B03AEFBEE473E35CCFE8EE61DCA40152B72C71EDC480F0FA38802609206945E","False","2026-06-02 13:31:40"
"Backend\PlantProcess.Api\Endpoints\Analytics\SuggestionEndpoints.cs","01_Backend_Core","Backend Core: API, Application, Analytics, Domain, Infrastructure, Workers","C# Source",".cs","66","2998","2.93","E2F4B70063402D8D962EB5E8303F6C18C64CACC34580576A015BA6AF6908825E","False","2026-06-08 13:30:10"
"Backend\PlantProcess.Api\Endpoints\Analytics\ValueEndpoints.cs","01_Backend_Core","Backend Core: API, Application, Analytics, Domain, Infrastructure, Workers","C# Source",".cs","85","4488","4.38","7B6F945C0275D90EAE6A8AAC29C03E74C64ECDF21E1731A7E7AF900E3DD47F2C","False","2026-06-08 13:30:10"
"Backend\PlantProcess.Api\Endpoints\Analytics\ValueRealizationEndpoints.cs","01_Backend_Core","Backend Core: API, Application, Analytics, Domain, Infrastructure, Workers","C# Source",".cs","113","3964","3.87","66E8351166C623AE677E067F909B840171DB7D71D09B146DA21DBEB72653CEED","False","2026-06-08 13:30:10"
"Backend\PlantProcess.Api\Endpoints\Assistant\AssistantEndpoints.cs","01_Backend_Core","Backend Core: API, Application, Analytics, Domain, Infrastructure, Workers","C# Source",".cs","147","6814","6.65","038EC14C62E567B0955D3B51CCB58F6E22D4ED32594993BF5D6D858BB1151EC0","False","2026-08-08 16:40:46"
"Backend\PlantProcess.Api\Endpoints\Assistant\Phase8AssistantRuntimeEndpoints.cs","01_Backend_Core","Backend Core: API, Application, Analytics, Domain, Infrastructure, Workers","C# Source",".cs","127","4801","4.69","0CA3007F117E9AF6F92CA97E329617DCEB1CD819ADF7D038CB451F5BC5FEBC9F","False","2026-06-09 14:59:49"
"Backend\PlantProcess.Api\Endpoints\Assistant\Phase8SuggestionOutcomeLoopEndpoints.cs","01_Backend_Core","Backend Core: API, Application, Analytics, Domain, Infrastructure, Workers","C# Source",".cs","58","1943","1.9","892D6A4753E4F88CBB09FA032DE83A0D232346B994EEC258E06F01E344C43A04","False","2026-06-09 15:28:14"
"Backend\PlantProcess.Api\Endpoints\Configuration\ConfigurationEndpoints.cs","01_Backend_Core","Backend Core: API, Application, Analytics, Domain, Infrastructure, Workers","C# Source",".cs","571","22906","22.37","52041CAB65319E5E7D6EAB69C45BA281F94E2CCB7D88428D46EDFC504D05DEF2","False","2026-06-03 07:54:00"
"Backend\PlantProcess.Api\Endpoints\Dashboarding\DashboardEndpoints.cs","01_Backend_Core","Backend Core: API, Application, Analytics, Domain, Infrastructure, Workers","C# Source",".cs","719","28704","28.03","151406E0B86166B19FB9FC5CF4B4C188BCEAC5368291EFA645A1E0862F62926E","False","2026-06-08 13:24:00"
"Backend\PlantProcess.Api\Endpoints\DataQuality\DataQualityEndpoints.cs","01_Backend_Core","Backend Core: API, Application, Analytics, Domain, Infrastructure, Workers","C# Source",".cs","163","5817","5.68","D90474E0D6C1E4F56B98DEBB396C82A762243D9E40586097030D1BD6909B1BEF","False","2026-06-03 07:54:00"
"Backend\PlantProcess.Api\Endpoints\DataQuality\DataQualityScanEndpoints.cs","01_Backend_Core","Backend Core: API, Application, Analytics, Domain, Infrastructure, Workers","C# Source",".cs","195","7441","7.27","816AFC1C5B2000804D95A2BBDA67B0042C76B00A1F3D44FE689E35A86B673455","False","2026-06-08 13:24:00"
"Backend\PlantProcess.Api\Endpoints\Demo\DemoLifecycleEndpoints.cs","01_Backend_Core","Backend Core: API, Application, Analytics, Domain, Infrastructure, Workers","C# Source",".cs","414","15337","14.98","7C5769C716C2A67C003EF4CC5DDEFC7A175A74DB9570214989D5F9AB5C412214","False","2026-06-08 13:24:00"
"Backend\PlantProcess.Api\Endpoints\Demo\DemoReadinessEndpoints.cs","01_Backend_Core","Backend Core: API, Application, Analytics, Domain, Infrastructure, Workers","C# Source",".cs","65","2610","2.55","476E153EBDF9960DA87BCDFEBEB4BBB0D21F7314212079262CAE2AA09F70450F","False","2026-06-15 11:44:12"
"Backend\PlantProcess.Api\Endpoints\Development\DevSeedEndpoints.cs","01_Backend_Core","Backend Core: API, Application, Analytics, Domain, Infrastructure, Workers","C# Source",".cs","109","4566","4.46","CA30A71545F89C12ECF0A6154D74F999DD7D1EB0BFDC9811BBBF715D399E4BB9","False","2026-06-07 14:44:19"
"Backend\PlantProcess.Api\Endpoints\Diagnostics\DiagnosticsEndpoints.cs","01_Backend_Core","Backend Core: API, Application, Analytics, Domain, Infrastructure, Workers","C# Source",".cs","91","3892","3.8","185510E962519877105DE4BFEEA290A400E51DC4A6AC8BB7ED1B33C8289881CF","False","2026-05-22 23:12:56"
"Backend\PlantProcess.Api\Endpoints\DynamicContent\DynamicContentEndpoints.cs","01_Backend_Core","Backend Core: API, Application, Analytics, Domain, Infrastructure, Workers","C# Source",".cs","147","5451","5.32","EA72B62D96BAAFE0848B7D719FF7BBC7319566C120DD7DD6B4EAD151D2347459","False","2026-05-30 11:44:13"
"Backend\PlantProcess.Api\Endpoints\Engine\AlertEndpoints.cs","01_Backend_Core","Backend Core: API, Application, Analytics, Domain, Infrastructure, Workers","C# Source",".cs","149","7116","6.95","AA22680D371A49B59F45FB46A786C807D8F99462E99D4BE3F5A04AEBA62CD054","False","2026-07-13 18:44:57"
"Backend\PlantProcess.Api\Endpoints\Engine\SupervisorEndpoints.cs","01_Backend_Core","Backend Core: API, Application, Analytics, Domain, Infrastructure, Workers","C# Source",".cs","159","6918","6.76","C28342F2F8BB02509044767F761627361A135159A9C0616DA33D12FF1816E3A1","False","2026-07-13 18:44:57"
"Backend\PlantProcess.Api\Endpoints\Health\HealthEndpoints.cs","01_Backend_Core","Backend Core: API, Application, Analytics, Domain, Infrastructure, Workers","C# Source",".cs","242","8921","8.71","DC46B13EDC8F443D4030E6BD4C358C192C110643E6470C56AE2EF6D800118960","False","2026-06-26 10:06:52"
"Backend\PlantProcess.Api\Endpoints\Integration\ImportWorkflowEndpoints.cs","01_Backend_Core","Backend Core: API, Application, Analytics, Domain, Infrastructure, Workers","C# Source",".cs","96","3929","3.84","DC49B5B97B6DBD3D980780085D15F940B0F7DB785D90E4139E8F77D470E14882","False","2026-06-08 13:24:00"
"Backend\PlantProcess.Api\Endpoints\Integration\IntegrationEndpoints.cs","01_Backend_Core","Backend Core: API, Application, Analytics, Domain, Infrastructure, Workers","C# Source",".cs","694","27228","26.59","C6D7BBFD5F529A2BCB4BAF8F967C1F0E8755773FF90EF56203A9BBD6A8BB7FA2","False","2026-06-08 13:24:00"
"Backend\PlantProcess.Api\Endpoints\Licensing\Phase10LicenseEndpoints.cs","01_Backend_Core","Backend Core: API, Application, Analytics, Domain, Infrastructure, Workers","C# Source",".cs","86","3172","3.1","D0EF6148D6CCE44F6D7BFAB1E06E2AE5E147DAA59F803238C38BF5B1755DA022","False","2026-06-09 16:09:29"
"Backend\PlantProcess.Api\Endpoints\MappingHealth\Phase34MappingHealthEndpoints.cs","01_Backend_Core","Backend Core: API, Application, Analytics, Domain, Infrastructure, Workers","C# Source",".cs","57","3551","3.47","88DA54B9AF69259333F7EDA9752E11DD57684D55BA63658600398B2128FB5DA1","False","2026-06-06 10:31:44"
"Backend\PlantProcess.Api\Endpoints\Materials\MaterialEndpoints.cs","01_Backend_Core","Backend Core: API, Application, Analytics, Domain, Infrastructure, Workers","C# Source",".cs","295","10413","10.17","ECA8CB20BD26D7DCDCF6AA136C9EB3AEB572BBA6CA7220450EF19900E555F9D5","False","2026-06-03 07:54:00"
"Backend\PlantProcess.Api\Endpoints\Materials\MaterialInvestigationEndpoints.cs","01_Backend_Core","Backend Core: API, Application, Analytics, Domain, Infrastructure, Workers","C# Source",".cs","389","14085","13.75","C63B1E71260B2EFC12175830FFF0C69F6923A84894517F3FF125D97E91A9F041","False","2026-06-03 07:54:00"
"Backend\PlantProcess.Api\Endpoints\PageBuilder\PageDefinitionEndpoints.cs","01_Backend_Core","Backend Core: API, Application, Analytics, Domain, Infrastructure, Workers","C# Source",".cs","731","29859","29.16","EA01EBCC2B0DF382DB05EB29B70B6EC1833F917EB54095A53EB064096096F9CE","False","2026-08-08 22:00:23"
"Backend\PlantProcess.Api\Endpoints\Phase2\Phase2LifecycleProofEndpoints.cs","01_Backend_Core","Backend Core: API, Application, Analytics, Domain, Infrastructure, Workers","C# Source",".cs","482","23098","22.56","7790557A902DA74C4673AE6E6C7ED746873B929E5C8BAA687803ECD945BB2628","False","2026-05-31 16:44:23"
"Backend\PlantProcess.Api\Endpoints\Phase45\Phase45ClosureEndpoints.cs","01_Backend_Core","Backend Core: API, Application, Analytics, Domain, Infrastructure, Workers","C# Source",".cs","602","35097","34.27","63944A4AE2DB5DD42E06F95323F6FF9C4ED2C049CCED8CC6313AAC0CB52AD5DA","False","2026-05-31 16:48:53"
"Backend\PlantProcess.Api\Endpoints\PlantLayout\PlantLayoutEndpoints.cs","01_Backend_Core","Backend Core: API, Application, Analytics, Domain, Infrastructure, Workers","C# Source",".cs","255","9940","9.71","098C8DD59BEE74B2D212906E32289E3AC3E8877AB186C7A01331B94A408A254F","False","2026-06-08 13:24:01"
"Backend\PlantProcess.Api\Endpoints\Prep\AuthoringSupportEndpoints.cs","01_Backend_Core","Backend Core: API, Application, Analytics, Domain, Infrastructure, Workers","C# Source",".cs","389","18288","17.86","A84B3B2770E1BE4DD5DDEB048CBF01462C7A83EF9BE70EA2A81BA3CB3A01244F","False","2026-08-06 19:26:03"
"Backend\PlantProcess.Api\Endpoints\Prep\VisualMapperEndpoints.cs","01_Backend_Core","Backend Core: API, Application, Analytics, Domain, Infrastructure, Workers","C# Source",".cs","575","33733","32.94","3DE5F73D169EDC3D746E6E4AD571D5AAFF4133EF87B75074DCC4284ECFC756F3","False","2026-08-05 18:23:28"
"Backend\PlantProcess.Api\Endpoints\Process\ProcessEndpoints.cs","01_Backend_Core","Backend Core: API, Application, Analytics, Domain, Infrastructure, Workers","C# Source",".cs","767","29660","28.96","82775BF819E73532433A53EB2EDD7972F84EB833CB8634C8481632DC4B29792D","False","2026-08-03 00:00:25"
"Backend\PlantProcess.Api\Endpoints\Quality\QualityEndpoints.cs","01_Backend_Core","Backend Core: API, Application, Analytics, Domain, Infrastructure, Workers","C# Source",".cs","258","8862","8.65","02BED43EA4D8F9F9B9BB68A6C3EB2A086BE07B4F69FC795DCAC69769E023B058","False","2026-06-08 13:24:01"
"Backend\PlantProcess.Api\Endpoints\Reporting\CustomerDemoReportEndpoints.cs","01_Backend_Core","Backend Core: API, Application, Analytics, Domain, Infrastructure, Workers","C# Source",".cs","262","11495","11.23","EB02C9CF00E85DBDB0AB246D78BF193B34DBFC6315A8D8D1EA742BA211754F1D","False","2026-06-15 11:44:12"
"Backend\PlantProcess.Api\Endpoints\Reporting\ReportingEndpoints.cs","01_Backend_Core","Backend Core: API, Application, Analytics, Domain, Infrastructure, Workers","C# Source",".cs","171","6517","6.36","B814E486C8958B432341FB69887E98028F96A23AC0E05D6F8B283019B9AC0C1C","False","2026-06-08 13:24:01"
"Backend\PlantProcess.Api\Endpoints\Security\Phase9RoleAccessEndpoints.cs","01_Backend_Core","Backend Core: API, Application, Analytics, Domain, Infrastructure, Workers","C# Source",".cs","131","5193","5.07","E001DFA2E3EE86D5A9EB6449BCE6FB380270A62B9E7415CAFA56B7BD105D19B5","False","2026-06-09 15:39:35"
"Backend\PlantProcess.Api\Endpoints\Validation\ValidationEndpoints.cs","01_Backend_Core","Backend Core: API, Application, Analytics, Domain, Infrastructure, Workers","Validation Script",".cs","274","9960","9.73","F835957038D0568D644948D14F3697DEDD5CAE255B6DA4FB86B12959B309FCE3","False","2026-05-19 00:19:14"
"Backend\PlantProcess.Api\Endpoints\Workflow\WorkflowEndpoints.Contracts.001.cs","01_Backend_Core","Backend Core: API, Application, Analytics, Domain, Infrastructure, Workers","C# Source",".cs","224","7552","7.38","2821FA84DC03D931026E375B80DE6C76BB258FC336AF638DFD0D6FCC3A01052C","False","2026-08-03 00:00:25"
"Backend\PlantProcess.Api\Endpoints\Workflow\WorkflowEndpoints.cs","01_Backend_Core","Backend Core: API, Application, Analytics, Domain, Infrastructure, Workers","C# Source",".cs","64","2927","2.86","198354987AD9FC6DE7B52DDF7AB6140B24CA983AEEBAEBF155DD5301B76C7E88","False","2026-06-07 15:43:24"
"Backend\PlantProcess.Api\Endpoints\Workflow\WorkflowEndpoints.Handlers.002.GetWorkflowOverview.cs","01_Backend_Core","Backend Core: API, Application, Analytics, Domain, Infrastructure, Workers","C# Source",".cs","54","2599","2.54","DEB009D234C83FD4578B6AB04FBDD3161D814ABE83C0913E166F4B154C96C307","False","2026-06-07 15:43:24"
"Backend\PlantProcess.Api\Endpoints\Workflow\WorkflowEndpoints.Handlers.003.GetWorkflowStatusAsync.cs","01_Backend_Core","Backend Core: API, Application, Analytics, Domain, Infrastructure, Workers","C# Source",".cs","61","3101","3.03","EAC99B77E7C6F0186FF05966D8E9DE126D45C53D7D525541E17D036A41E53C3E","False","2026-06-07 15:43:24"
"Backend\PlantProcess.Api\Endpoints\Workflow\WorkflowEndpoints.Handlers.004.RegisterSourceSystemAsync.cs","01_Backend_Core","Backend Core: API, Application, Analytics, Domain, Infrastructure, Workers","C# Source",".cs","61","2651","2.59","32EA345B84DA2725EC597E3B37DD194E8CAB30BD6151DAD35F27A497C4647E42","False","2026-06-08 13:24:01"
"Backend\PlantProcess.Api\Endpoints\Workflow\WorkflowEndpoints.Handlers.005.CreateImportBatchAsync.cs","01_Backend_Core","Backend Core: API, Application, Analytics, Domain, Infrastructure, Workers","C# Source",".cs","61","2634","2.57","3668C8784C6E5C4137C2DB5779FF0F030DD49C64D349B04320EB11000359D672","False","2026-06-08 13:24:01"
"Backend\PlantProcess.Api\Endpoints\Workflow\WorkflowEndpoints.Handlers.006.CreateMappingDefinitionAsync.cs","01_Backend_Core","Backend Core: API, Application, Analytics, Domain, Infrastructure, Workers","C# Source",".cs","65","2881","2.81","EB86017E32B6BE4B5CA1A3054C5A678068327C8F6261081DA9E0E5E73011F881","False","2026-06-08 13:24:01"
"Backend\PlantProcess.Api\Endpoints\Workflow\WorkflowEndpoints.Handlers.007.CreateMaterialAsync.cs","01_Backend_Core","Backend Core: API, Application, Analytics, Domain, Infrastructure, Workers","C# Source",".cs","66","2868","2.8","00C686175DFAE2FDCB9CE44D5A8E821900E093F74928DB6D445C04EFA154FCE7","False","2026-06-08 13:24:01"
"Backend\PlantProcess.Api\Endpoints\Workflow\WorkflowEndpoints.Handlers.008.AddMaterialAliasAsync.cs","01_Backend_Core","Backend Core: API, Application, Analytics, Domain, Infrastructure, Workers","C# Source",".cs","61","2570","2.51","65074BC863B4240465EBC8E4DCED582DF30E789905FC662439F6C91615BF9F2C","False","2026-06-08 13:24:01"
"Backend\PlantProcess.Api\Endpoints\Workflow\WorkflowEndpoints.Handlers.009.CreateGenealogyEdgeAsync.cs","01_Backend_Core","Backend Core: API, Application, Analytics, Domain, Infrastructure, Workers","C# Source",".cs","64","2819","2.75","6EA026F729C719256B59976CD82AA0DE040BDB0342D3033A21683E1B8BF79EA2","False","2026-06-08 13:24:01"
"Backend\PlantProcess.Api\Endpoints\Workflow\WorkflowEndpoints.Handlers.010.AddProcessStepAsync.cs","01_Backend_Core","Backend Core: API, Application, Analytics, Domain, Infrastructure, Workers","C# Source",".cs","69","3036","2.96","8EAA344DC8C452A2B35FF78624038F653C406616B46113A2728D78253A4B0782","False","2026-06-08 13:24:01"
"Backend\PlantProcess.Api\Endpoints\Workflow\WorkflowEndpoints.Handlers.011.AddParameterDefinitionAsync.cs","01_Backend_Core","Backend Core: API, Application, Analytics, Domain, Infrastructure, Workers","C# Source",".cs","66","2912","2.84","906AAEDC53A84546194F627EEFF9DC4F3B66D05D423F3A8498F3CC58F9134D7E","False","2026-06-08 13:24:01"
"Backend\PlantProcess.Api\Endpoints\Workflow\WorkflowEndpoints.Handlers.012.AddParameterObservationAsync.cs","01_Backend_Core","Backend Core: API, Application, Analytics, Domain, Infrastructure, Workers","C# Source",".cs","73","3274","3.2","7F41FD110E6C5DF30B177AEC0745ACB5D36EF6194B6012D031601174A9119FA4","False","2026-06-08 13:24:01"
"Backend\PlantProcess.Api\Endpoints\Workflow\WorkflowEndpoints.Handlers.013.AddProcessEventAsync.cs","01_Backend_Core","Backend Core: API, Application, Analytics, Domain, Infrastructure, Workers","C# Source",".cs","66","2880","2.81","C468A071C95F699C52E25645433A70670AB935C7B80993042A25DD94B4A5CE96","False","2026-06-08 13:24:01"
"Backend\PlantProcess.Api\Endpoints\Workflow\WorkflowEndpoints.Handlers.014.AddDowntimeEventAsync.cs","01_Backend_Core","Backend Core: API, Application, Analytics, Domain, Infrastructure, Workers","C# Source",".cs","73","3150","3.08","11CF3A57E70B57F46EFA085FCF9FA1C13EC50755C8D9D6E68DF82973964D3EBC","False","2026-08-03 00:00:25"
"Backend\PlantProcess.Api\Endpoints\Workflow\WorkflowEndpoints.Handlers.015.AddDefectCatalogAsync.cs","01_Backend_Core","Backend Core: API, Application, Analytics, Domain, Infrastructure, Workers","C# Source",".cs","60","2553","2.49","2B4FFB4285334B6EB4EF306F6F9254EB1F6AA88FAC35FC0F3773C09FC7D3D367","False","2026-06-08 13:24:01"
"Backend\PlantProcess.Api\Endpoints\Workflow\WorkflowEndpoints.Handlers.016.AddQualityEventAsync.cs","01_Backend_Core","Backend Core: API, Application, Analytics, Domain, Infrastructure, Workers","C# Source",".cs","67","2878","2.81","3299D2EFDA0A98888AC509B10696984E30C9C835081AF96B1FEF8DC588E057C2","False","2026-06-08 13:24:01"
"Backend\PlantProcess.Api\Endpoints\Workflow\WorkflowEndpoints.Handlers.017.RaiseDataQualityIssueAsync.cs","01_Backend_Core","Backend Core: API, Application, Analytics, Domain, Infrastructure, Workers","C# Source",".cs","63","2749","2.68","FE22A10D9F17CB3582C4AFD1BC0C86871757CF010637CE4035722920958697CF","False","2026-06-08 13:24:01"
"Backend\PlantProcess.Api\Endpoints\Workflow\WorkflowEndpoints.Handlers.018.StoreRiskScoreAsync.cs","01_Backend_Core","Backend Core: API, Application, Analytics, Domain, Infrastructure, Workers","C# Source",".cs","64","2752","2.69","452025B3DA2EC903C0D5256920E7DA0C2603B162291FC3600763A2DAFB754951","False","2026-06-08 13:24:01"
"Backend\PlantProcess.Api\Endpoints\Workflow\WorkflowEndpoints.Handlers.019.InvestigateMaterialAsync.cs","01_Backend_Core","Backend Core: API, Application, Analytics, Domain, Infrastructure, Workers","C# Source",".cs","177","7852","7.67","AA69F435E432E01203F1EA3FA098BB1C18B881D2D2595D87ED7DAA0862CA6706","False","2026-06-07 15:43:24"
"Backend\PlantProcess.Api\Endpoints\Workflow\WorkflowEndpoints.Helpers.020.ToMetadata.cs","01_Backend_Core","Backend Core: API, Application, Analytics, Domain, Infrastructure, Workers","C# Source",".cs","48","2053","2","F1DAACCB06ABC0E6F6F8FC159D671956F0A16375D0CB5B86ACDAE88D30159AEB","False","2026-06-07 15:43:24"
"Backend\PlantProcess.Api\EnterpriseIdentity\V5EnterpriseIdentityEndpoints.cs","01_Backend_Core","Backend Core: API, Application, Analytics, Domain, Infrastructure, Workers","C# Source",".cs","952","36613","35.75","8EC53AF9A5F6ED8188861C2A88253F6CCC98E237A6BADE2C0433EB033D0F521C","False","2026-06-07 14:48:03"
"Backend\PlantProcess.Api\EnterpriseSsoScim\V5EnterpriseSsoScimEndpoints.cs","01_Backend_Core","Backend Core: API, Application, Analytics, Domain, Infrastructure, Workers","C# Source",".cs","852","32487","31.73","725689C3F24EB65A181D7C5539F96C170496DF859CA94CECFE3C376AD25C95E9","False","2026-06-07 14:51:39"
"Backend\PlantProcess.Api\EnterpriseSsoScim\V5IdentityRuntimeCertificationEndpoints.cs","01_Backend_Core","Backend Core: API, Application, Analytics, Domain, Infrastructure, Workers","C# Source",".cs","874","32288","31.53","9420560B901FB76C98F900258CE4C1C984A7EED2E92D2A73745F94302270009C","False","2026-06-07 14:48:03"
"Backend\PlantProcess.Api\ErrorHandling\ApplicationProblems.cs","01_Backend_Core","Backend Core: API, Application, Analytics, Domain, Infrastructure, Workers","C# Source",".cs","28","1686","1.65","7C1F6EB5E706A10942558C32A009DF4E49873492EA64825359BBB0686CACDAF7","False","2026-06-03 00:28:29"
"Backend\PlantProcess.Api\ErrorHandling\GlobalExceptionHandler.cs","01_Backend_Core","Backend Core: API, Application, Analytics, Domain, Infrastructure, Workers","C# Source",".cs","80","3254","3.18","9EBD6BEA4F0D8FD7BE89534D1D87BD5200879F8647B5409B913FAC6EDBF155DD","False","2026-06-03 00:28:29"
"Backend\PlantProcess.Api\Extensions\ApplicationResultHttpExtensions.cs","01_Backend_Core","Backend Core: API, Application, Analytics, Domain, Infrastructure, Workers","C# Source",".cs","61","2182","2.13","D1E051BF1970D81B3EB626521FA2C4D5D0E22DF8BB6B709C39889F4B4C140EC6","False","2026-05-19 00:19:14"
"Backend\PlantProcess.Api\Extensions\LicenseEndpointExtensions.cs","01_Backend_Core","Backend Core: API, Application, Analytics, Domain, Infrastructure, Workers","C# Source",".cs","22","673","0.66","C073F9A4E0810C1793B72DCF8335382009840BE574AAD723ED1F05AC87ACEA55","False","2026-05-21 15:25:03"
"Backend\PlantProcess.Api\Filter\LicenseFeatureEndpointFilter.cs","01_Backend_Core","Backend Core: API, Application, Analytics, Domain, Infrastructure, Workers","C# Source",".cs","28","875","0.85","3C656CB61EE26C0D60494E6D10AB2AC07E3FD13412E7984C493C0BD26F00F41C","False","2026-05-21 15:24:44"
"Backend\PlantProcess.Api\GlobalUsings.T08.cs","01_Backend_Core","Backend Core: API, Application, Analytics, Domain, Infrastructure, Workers","C# Source",".cs","3","269","0.26","5A98AA69CF632055D30F37598B1408922EBB12AB133AE01E56C187EB3E826EA6","False","2026-06-13 00:53:34"
"Backend\PlantProcess.Api\Hosting\ComputeRunReaperHostedService.cs","01_Backend_Core","Backend Core: API, Application, Analytics, Domain, Infrastructure, Workers","C# Source",".cs","94","3896","3.8","17398C649C2E4A0B7858737FBE685F991ECBAACB4B5C9E0A7858222B63309167","False","2026-07-05 16:46:32"
"Backend\PlantProcess.Api\Hosting\ReadModelRefreshHostedService.cs","01_Backend_Core","Backend Core: API, Application, Analytics, Domain, Infrastructure, Workers","C# Source",".cs","104","4341","4.24","E35CD4F2B40523D74268DAC042A0A0A753FDD0349D6AFB6A879F357B96BE051B","False","2026-06-04 01:19:36"
"Backend\PlantProcess.Api\Middleware\AuditLogMiddleware.cs","01_Backend_Core","Backend Core: API, Application, Analytics, Domain, Infrastructure, Workers","C# Source",".cs","230","8291","8.1","87A181FBCDF35A64FE998D76F893639F31B90FFC68EC6F363354F78E96CF1FE6","False","2026-05-22 23:12:56"
"Backend\PlantProcess.Api\Middleware\CorrelationIdMiddleware.cs","01_Backend_Core","Backend Core: API, Application, Analytics, Domain, Infrastructure, Workers","C# Source",".cs","67","3206","3.13","EEFD5A12CD4A99F15088F417F79E8581DA3552E83960A2D5D9054DA1E3142B01","False","2026-05-19 00:19:14"
"Backend\PlantProcess.Api\Middleware\RequestResponseLoggingMiddleware.cs","01_Backend_Core","Backend Core: API, Application, Analytics, Domain, Infrastructure, Workers","C# Source",".cs","125","4478","4.37","DA89DF5772A493C4BFD4BFB29E54068B275A6B5611F68FC1EB4A1C5113A02AA0","False","2026-05-19 00:19:14"
"Backend\PlantProcess.Api\Middleware\SecurityHeadersMiddleware.cs","01_Backend_Core","Backend Core: API, Application, Analytics, Domain, Infrastructure, Workers","C# Source",".cs","39","1436","1.4","5851B5868DBCB4F9C83A1A7127837CB4437AE72296CD3D1FC4A9902CE10FDB8F","False","2026-06-03 00:28:30"
"Backend\PlantProcess.Api\Observability\JobLogEndpointFilter.cs","01_Backend_Core","Backend Core: API, Application, Analytics, Domain, Infrastructure, Workers","C# Source",".cs","66","2369","2.31","4A8577EF42D8BC76B0729837C3812E266E36734E75898E9D6324105A4098D4F3","False","2026-07-05 16:47:15"
"Backend\PlantProcess.Api\Observability\JobLogService.cs","01_Backend_Core","Backend Core: API, Application, Analytics, Domain, Infrastructure, Workers","C# Source",".cs","64","2124","2.07","B1AE087BE2046978B9DA8FE2009C992183F3B2392B4B1C1C91BD48913AC56837","False","2026-07-05 16:47:15"
"Backend\PlantProcess.Api\Options\PlantProcessOptions.cs","01_Backend_Core","Backend Core: API, Application, Analytics, Domain, Infrastructure, Workers","C# Source",".cs","16","487","0.48","D9A872A36A144AF3E5B440F71560867C242DF977D82FC9922839D5B6D0835651","False","2026-05-19 00:19:14"
"Backend\PlantProcess.Api\OutboundLeadSystem\V5OutboundLeadSystemEndpoints.cs","01_Backend_Core","Backend Core: API, Application, Analytics, Domain, Infrastructure, Workers","C# Source",".cs","809","31493","30.75","9A1279EBADB3FC4E7C4AA789F676D99074EB10987E10B43863E150DD23FB5FD1","False","2026-06-24 10:44:02"
"Backend\PlantProcess.Api\PlantConnectors\P15AdvisoryRecommendationEndpoints.cs","01_Backend_Core","Backend Core: API, Application, Analytics, Domain, Infrastructure, Workers","C# Source",".cs","97","3731","3.64","04689548FEFECC2DC9F0EE4D57D524BADDE25CBBC161DF3342EB130B38CF9AFF","False","2026-06-06 17:50:24"
"Backend\PlantProcess.Api\PlantConnectors\P15AdvisoryScenarioEndpoints.cs","01_Backend_Core","Backend Core: API, Application, Analytics, Domain, Infrastructure, Workers","C# Source",".cs","77","2784","2.72","3B1F0AD508533CED3417B0A36AF2C5BC12DA43FF6E9472DC61687527524F8D90","False","2026-06-06 17:40:49"
"Backend\PlantProcess.Api\PlantConnectors\P15BenchmarkingEndpoints.cs","01_Backend_Core","Backend Core: API, Application, Analytics, Domain, Infrastructure, Workers","C# Source",".cs","74","2796","2.73","5BFB3E9749E3274A65BF618AA5BA53F327834DDAECED879CF2D8A4EE974F82BD","False","2026-06-06 18:09:34"
"Backend\PlantProcess.Api\PlantConnectors\P15HonestyCertificationEndpoints.cs","01_Backend_Core","Backend Core: API, Application, Analytics, Domain, Infrastructure, Workers","C# Source",".cs","54","1972","1.93","85BD15F994FC2507E22C6CB54D8815E8B9B4BF100A33907C7A11695A61CA599A","False","2026-06-06 18:16:54"
"Backend\PlantProcess.Api\PlantConnectors\P15RoiCfoDashboardEndpoints.cs","01_Backend_Core","Backend Core: API, Application, Analytics, Domain, Infrastructure, Workers","C# Source",".cs","60","2235","2.18","700AB5397322A14B453AA5F3078106FDAFED03FDFFFE5E0B18571088899ABECF","False","2026-06-06 18:03:47"
"Backend\PlantProcess.Api\PlantConnectors\P15ValueRealizationEndpoints.cs","01_Backend_Core","Backend Core: API, Application, Analytics, Domain, Infrastructure, Workers","C# Source",".cs","96","3799","3.71","FAC2EE54896E38D806CC03C2CCC26E1D6158CD0C60FB366815093C6DAA5E9308","False","2026-06-06 17:59:40"
"Backend\PlantProcess.Api\PlantConnectors\V5ConnectorRuntimeCertificationEndpoints.cs","01_Backend_Core","Backend Core: API, Application, Analytics, Domain, Infrastructure, Workers","C# Source",".cs","900","34185","33.38","8DC955EB5B322053E8BEFE2815D3EF4D8DE50E95249CD4F09E9EB2CF70D1DA3E","False","2026-06-07 14:48:03"
"Backend\PlantProcess.Api\PlantConnectors\V5GaHistorianConnectorEndpoints.cs","01_Backend_Core","Backend Core: API, Application, Analytics, Domain, Infrastructure, Workers","C# Source",".cs","299","11879","11.6","483388ACBA1DBE827E77ECC6FE10D55943EB5FE1BDD04273DA7C4378351A4676","False","2026-06-06 16:02:09"
"Backend\PlantProcess.Api\PlantConnectors\V5OtSafeEdgeCollectorEndpoints.cs","01_Backend_Core","Backend Core: API, Application, Analytics, Domain, Infrastructure, Workers","C# Source",".cs","391","16017","15.64","62D95DC5A4F16578DA2569115F91305746A99E89A4D4FC77CD1EA0AA1F08102D","False","2026-06-06 16:50:34"
"Backend\PlantProcess.Api\PlantConnectors\V5PlantConnectorEndpoints.cs","01_Backend_Core","Backend Core: API, Application, Analytics, Domain, Infrastructure, Workers","C# Source",".cs","636","23040","22.5","768BB7EF5FECCED4EB10E373EB6B102167C2958189012F7B358AC2269BA72B17","False","2026-06-07 14:48:03"
"Backend\PlantProcess.Api\PlantProcess.Api.csproj","01_Backend_Core","Backend Core: API, Application, Analytics, Domain, Infrastructure, Workers",".NET Project File",".csproj","35","1690","1.65","A7E28C9EA7C426B3B863CDF542C2CC0DEC6F137302A099743E63D1E36318555E","False","2026-06-03 15:56:42"
"Backend\PlantProcess.Api\PlantProcess.Api.http","01_Backend_Core","Backend Core: API, Application, Analytics, Domain, Infrastructure, Workers","Other Text File",".http","6","145","0.14","2EC354AC705FF879836BF7E1C07E848311624448807495C6F091745ACB36EB8F","False","2026-05-06 20:48:35"
"Backend\PlantProcess.Api\PlantProcess.PhaseH_I.http","01_Backend_Core","Backend Core: API, Application, Analytics, Domain, Infrastructure, Workers","Other Text File",".http","56","1303","1.27","610D6453C489B12D1A2BADDB54396B48F3D9C8506A41FD72434EE7F398492A0B","False","2026-05-11 15:36:51"
"Backend\PlantProcess.Api\Program.cs","01_Backend_Core","Backend Core: API, Application, Analytics, Domain, Infrastructure, Workers","C# Source",".cs","1251","29178","28.49","B7DA1F0330147228465FF290D9866053A0E31C4123D0293B491B81BA0EA524CA","False","2026-08-04 22:36:47"
"Backend\PlantProcess.Api\Properties\launchSettings.json","01_Backend_Core","Backend Core: API, Application, Analytics, Domain, Infrastructure, Workers","JSON Configuration",".json","38","1592","1.55","C6DAD7E9314FEB8F68915E7DA1095D41F0196B08F43A62B47E5090566F3A16F3","False","2026-06-16 22:47:42"
"Backend\PlantProcess.Api\Security\AdminMfaRequirementMiddleware.cs","01_Backend_Core","Backend Core: API, Application, Analytics, Domain, Infrastructure, Workers","C# Source",".cs","90","3450","3.37","C0F48E7DD4781B547DD03958626829A23A924D9D89B679A20F07DFFF4398E91C","False","2026-06-12 22:04:54"
"Backend\PlantProcess.Api\Security\AuthEndpoints.cs","01_Backend_Core","Backend Core: API, Application, Analytics, Domain, Infrastructure, Workers","C# Source",".cs","476","19367","18.91","5A85FFD35B1AB695BC36B753A66DE544ABB0C511444D15905FB258ABD722E211","False","2026-06-12 22:04:54"
"Backend\PlantProcess.Api\Security\AuthOptions.cs","01_Backend_Core","Backend Core: API, Application, Analytics, Domain, Infrastructure, Workers","C# Source",".cs","64","2558","2.5","1DDF9F595F059D691621E2293568AC75ABF36EADC89212174D367680AADCC810","False","2026-06-12 22:04:54"
"Backend\PlantProcess.Api\Security\AuthStore.cs","01_Backend_Core","Backend Core: API, Application, Analytics, Domain, Infrastructure, Workers","C# Source",".cs","452","14961","14.61","358B886AE2094088844B3824126E234EC85893EF4DE4E44C06F4F475785123FD","False","2026-06-03 13:28:54"
"Backend\PlantProcess.Api\Security\FirstRunProvisioningHostedService.cs","01_Backend_Core","Backend Core: API, Application, Analytics, Domain, Infrastructure, Workers","C# Source",".cs","124","4643","4.53","5FC9C219251F98E7593F584DB1B2B52A41CBF23DE9ADE9387C1CD2005D4ACE52","False","2026-06-28 17:27:33"
"Backend\PlantProcess.Api\Security\HttpTenantAccessor.cs","01_Backend_Core","Backend Core: API, Application, Analytics, Domain, Infrastructure, Workers","C# Source",".cs","15","602","0.59","A448F19DBFC511D1DAC2456530E1B71EFE5945033E857AC17F086D5C3CF1DD5B","False","2026-06-03 01:21:01"
"Backend\PlantProcess.Api\Security\P01P02SecuritySchema.cs","01_Backend_Core","Backend Core: API, Application, Analytics, Domain, Infrastructure, Workers","C# Source",".cs","198","7884","7.7","C57D33057677D6A4DE70F7022B6C344D8D576750885056BBE770A2A2C153726C","False","2026-06-01 14:55:46"
"Backend\PlantProcess.Api\Security\P01P02StartupGuard.cs","01_Backend_Core","Backend Core: API, Application, Analytics, Domain, Infrastructure, Workers","C# Source",".cs","152","5419","5.29","3A175AF1C534C5F8A917FE1E60DD98383052720DC179F9A2CD8DE05A4C79613F","False","2026-06-01 15:28:51"
"Backend\PlantProcess.Api\Security\PlantAccessControl.cs","01_Backend_Core","Backend Core: API, Application, Analytics, Domain, Infrastructure, Workers","C# Source",".cs","365","16859","16.46","06055D3DD6AD423FB475C93F2A6B2BAC73704054BC62A6131482D6339098A6C4","False","2026-08-09 10:02:02"
"Backend\PlantProcess.Api\Security\TenantClaimReader.cs","01_Backend_Core","Backend Core: API, Application, Analytics, Domain, Infrastructure, Workers","C# Source",".cs","32","1220","1.19","5CF1CD6D0DFFEA16EFC6628DCE047D3278AADD39BDD0584552DC58E786777545","False","2026-06-07 14:44:18"
"Backend\PlantProcess.Api\Security\TenantContextAccessor.cs","01_Backend_Core","Backend Core: API, Application, Analytics, Domain, Infrastructure, Workers","C# Source",".cs","79","2417","2.36","F85F694B073E8F5176841DB98C48CDBF89B3CA1C21914361327A702F83CD7AC6","False","2026-06-07 15:15:57"
"Backend\PlantProcess.Api\SignedLicensing\V5Ed25519LicenseEndpoints.cs","01_Backend_Core","Backend Core: API, Application, Analytics, Domain, Infrastructure, Workers","C# Source",".cs","767","29519","28.83","54D411DE85827F035796BC1A6849E92AE512278640FED801A65C1912D1D90CB3","False","2026-06-07 14:48:04"
"Backend\PlantProcess.Api\SignedLicensing\V5LicenseResolverProofEndpoints.cs","01_Backend_Core","Backend Core: API, Application, Analytics, Domain, Infrastructure, Workers","C# Source",".cs","74","2645","2.58","40565F6AFBF3CE7F97E4DB7610A8C11127A029942AC67CF8F4A70DE587171DC3","False","2026-06-03 16:00:04"
"Backend\PlantProcess.Api\SignedLicensing\V5SignedLicensingEndpoints.cs","01_Backend_Core","Backend Core: API, Application, Analytics, Domain, Infrastructure, Workers","C# Source",".cs","696","25207","24.62","CF97868E44F9AEC475DF79226F90C46198E7FF21F12AC90BC16F9E0B93EAC106","False","2026-06-13 22:21:20"
"Backend\PlantProcess.Api\SignedLicensing\VerifiedEd25519LicenseService.cs","01_Backend_Core","Backend Core: API, Application, Analytics, Domain, Infrastructure, Workers","C# Source",".cs","467","18318","17.89","F161FA32314EB4BA58247BEFF03FF6F3F64722C589F50D06FA37E265388DC43F","False","2026-06-07 14:48:04"
"Backend\PlantProcess.Api\Swagger\SwaggerExamplesOperationFilter.cs","01_Backend_Core","Backend Core: API, Application, Analytics, Domain, Infrastructure, Workers","C# Source",".cs","237","8529","8.33","CB1BFB0753F81A12D1C960B34AC5AEBEF1A981A1123CFB15005ECF7F4137AF36","False","2026-05-19 10:32:04"
"Backend\PlantProcess.Api\TestMode\PpiqTestModeOptions.cs","01_Backend_Core","Backend Core: API, Application, Analytics, Domain, Infrastructure, Workers","C# Source",".cs","56","2691","2.63","2AEBB0CE33444CD09C5187B2D78C11F13E59DCB3A98424722759D2772DE58715","False","2026-06-13 00:53:34"
"Backend\PlantProcess.Api\TestMode\PpiqTestModeStartup.cs","01_Backend_Core","Backend Core: API, Application, Analytics, Domain, Infrastructure, Workers","C# Source",".cs","153","6574","6.42","193D954E88E030F484D61D700523FA2D9C25477ED383F40DE4B7ADDB97CB677B","False","2026-06-13 00:53:34"
"Backend\PlantProcess.Api\VisualMapper\V5VisualMapperEndpoints.cs","01_Backend_Core","Backend Core: API, Application, Analytics, Domain, Infrastructure, Workers","C# Source",".cs","709","28060","27.4","F9F5222F9EC103EAB35FB8AB2403D11E7DC02568105BCBBEB2B223833F66F4A0","False","2026-06-07 14:48:04"
"Backend\PlantProcess.Application\Acquisition\HistorianTagHistoryMapper.cs","01_Backend_Core","Backend Core: API, Application, Analytics, Domain, Infrastructure, Workers","C# Source",".cs","50","1818","1.78","F75B1956747E61D5A8B753E5F055A770C4B1DDD39233F3CF14693855BE398FC7","False","2026-06-04 09:28:55"
"Backend\PlantProcess.Application\Acquisition\OtSafeAcquisitionContracts.cs","01_Backend_Core","Backend Core: API, Application, Analytics, Domain, Infrastructure, Workers","C# Source",".cs","107","2807","2.74","468277CA098C2FC500CE66278B9BA1A45E14EE2A517D6A6DEFA2AF2A48B5C2BD","False","2026-06-04 09:28:54"
"Backend\PlantProcess.Application\Acquisition\OtSafeEdgeCollectorGateway.cs","01_Backend_Core","Backend Core: API, Application, Analytics, Domain, Infrastructure, Workers","C# Source",".cs","55","2181","2.13","5CA71268B9C304B43DDE25BCFE9E04B4506BB89DD41BEE8FE3D9AC081F22D754","False","2026-06-04 10:25:51"
"Backend\PlantProcess.Application\Acquisition\SchemaDriftDetector.cs","01_Backend_Core","Backend Core: API, Application, Analytics, Domain, Infrastructure, Workers","C# Source",".cs","79","3286","3.21","D9D6DAD398D8DB12C78A75B98D86A9E52ABC42CA8B62D5B5B1DBCF307A81AA0B","False","2026-06-04 09:28:56"
"Backend\PlantProcess.Application\Advisory\P15AdvisoryHonestyPolicy.cs","01_Backend_Core","Backend Core: API, Application, Analytics, Domain, Infrastructure, Workers","C# Source",".cs","177","7483","7.31","2448F9412E3CCF334EF2A1A0590CB2CE5D7FC19686BF830E83EC863DEDEEA1A3","False","2026-06-06 17:29:37"
"Backend\PlantProcess.Application\Advisory\P15AdvisoryValueContracts.cs","01_Backend_Core","Backend Core: API, Application, Analytics, Domain, Infrastructure, Workers","C# Source",".cs","258","9871","9.64","BF7EB6CA6A9EFA7F33D5F2C024D4B6785B80A6FCF5FD3110C38677EEF2B7C226","False","2026-06-06 17:29:37"
"Backend\PlantProcess.Application\Advisory\P15BenchmarkingService.cs","01_Backend_Core","Backend Core: API, Application, Analytics, Domain, Infrastructure, Workers","C# Source",".cs","211","8806","8.6","98C1A4BBDEF04EBB5FDB7F9C10D60A917B1DFD41E26C6BE989965F5ACFD4DB17","False","2026-06-06 18:09:34"
"Backend\PlantProcess.Application\Advisory\P15HonestyCertificationService.cs","01_Backend_Core","Backend Core: API, Application, Analytics, Domain, Infrastructure, Workers","C# Source",".cs","280","12585","12.29","5DE84A3F18FBCCAD481F97ACDE9825CC7E6A9E13039256DBE1AF2C168008D80E","False","2026-06-06 18:16:54"
"Backend\PlantProcess.Application\Advisory\P15RecommendationService.cs","01_Backend_Core","Backend Core: API, Application, Analytics, Domain, Infrastructure, Workers","C# Source",".cs","178","8695","8.49","068EA45DE0BCC78CF5B625FD3A9A336D01009F7B658C86089048220FCBCCB8BF","False","2026-06-06 17:50:24"
"Backend\PlantProcess.Application\Advisory\P15RoiCfoDashboardService.cs","01_Backend_Core","Backend Core: API, Application, Analytics, Domain, Infrastructure, Workers","C# Source",".cs","185","8285","8.09","75FCB5182E33BE71C37D8D7337DE09B94975ECC0B94B2225E7BD3485D047E0FF","False","2026-06-06 18:03:47"
"Backend\PlantProcess.Application\Advisory\P15ScenarioSimulationService.cs","01_Backend_Core","Backend Core: API, Application, Analytics, Domain, Infrastructure, Workers","C# Source",".cs","202","9136","8.92","9F5C9AD9F51C7A9297C12F888839206E20D239FA2666373902EF57582EE5E815","False","2026-06-06 17:40:49"
"Backend\PlantProcess.Application\Advisory\P15ValueRealizationService.cs","01_Backend_Core","Backend Core: API, Application, Analytics, Domain, Infrastructure, Workers","C# Source",".cs","173","7796","7.61","5FC66B8B09E0336E66A528D77177A0757E6BDFAAAF0A516462F7068B59E33E60","False","2026-06-06 17:59:40"
"Backend\PlantProcess.Application\Analytics\Advanced\AdvancedAnalysisContracts.cs","01_Backend_Core","Backend Core: API, Application, Analytics, Domain, Infrastructure, Workers","C# Source",".cs","86","2846","2.78","702BB0D5BEA5339C6636B399953FD1584671250267A77E8231AC8CE2300DE07C","False","2026-06-03 00:54:30"
"Backend\PlantProcess.Application\Analytics\Advanced\AdvancedCorrelationComputeService.cs","01_Backend_Core","Backend Core: API, Application, Analytics, Domain, Infrastructure, Workers","C# Source",".cs","390","19220","18.77","32CBB3F1D498416130C96300E949F9553EFBEC86A2211A63E5524A8BF65CC7FC","False","2026-06-08 08:22:39"
"Backend\PlantProcess.Application\Analytics\Advanced\AdvancedFindingTransparency.cs","01_Backend_Core","Backend Core: API, Application, Analytics, Domain, Infrastructure, Workers","C# Source",".cs","77","2943","2.87","D37742ECE5EDA1BE12C27F0343B1BB034FC43DFAF5DBCBA3B59AC9A47FF7493A","False","2026-06-08 08:22:39"
"Backend\PlantProcess.Application\Analytics\Advanced\AdvancedReadiness.cs","01_Backend_Core","Backend Core: API, Application, Analytics, Domain, Infrastructure, Workers","C# Source",".cs","45","1771","1.73","E601C4367581B2DD7390EDACCDF468CE5BDDFECEFC8368DCE75391FC3ACCA4AA","False","2026-06-03 01:10:39"
"Backend\PlantProcess.Application\Analytics\Advanced\AdvancedReadinessGateSurface.cs","01_Backend_Core","Backend Core: API, Application, Analytics, Domain, Infrastructure, Workers","C# Source",".cs","142","5292","5.17","443795DB038992F329B3DBB04157A8E4547AFA419B5CF5B4C1FB696978D81058","False","2026-06-08 08:27:15"
"Backend\PlantProcess.Application\Analytics\Advanced\AnalysisOutcomeTarget.cs","01_Backend_Core","Backend Core: API, Application, Analytics, Domain, Infrastructure, Workers","C# Source",".cs","37","1525","1.49","48DDA03D2FED5A1D6289730E8A6A8795D1717F793D03E4BA653D686A8E5CD4F7","False","2026-08-12 09:19:34"
"Backend\PlantProcess.Application\Analytics\Advanced\AnalysisReadiness.cs","01_Backend_Core","Backend Core: API, Application, Analytics, Domain, Infrastructure, Workers","C# Source",".cs","63","2204","2.15","7DEEA43A560E475101DC20CF76EC8305A7DE4ECCDD8428721BB20D987BDD0810","False","2026-08-15 11:57:56"
"Backend\PlantProcess.Application\Analytics\Advanced\NullAdvancedResultWriter.cs","01_Backend_Core","Backend Core: API, Application, Analytics, Domain, Infrastructure, Workers","C# Source",".cs","12","461","0.45","6F1C5EC7C6CDB944BD92D44E8BD03A70FD5BDE9348A31AD8AFB84BFEFB9F520A","False","2026-06-03 00:54:31"
"Backend\PlantProcess.Application\Analytics\Calibration\CalibrationContracts.cs","01_Backend_Core","Backend Core: API, Application, Analytics, Domain, Infrastructure, Workers","C# Source",".cs","27","858","0.84","4F9DCFF8937C5ECF20638AB2C766517D605DDA443C913DAD85183275BF145071","False","2026-06-02 18:44:09"
"Backend\PlantProcess.Application\Analytics\Calibration\IRiskCalibrationProvider.cs","01_Backend_Core","Backend Core: API, Application, Analytics, Domain, Infrastructure, Workers","C# Source",".cs","6","224","0.22","6D3AF0AFE3719DECA8F6448BD6556F4B496B06D780A029A7FA42B1EB3882020B","False","2026-06-02 18:44:10"
"Backend\PlantProcess.Application\Analytics\Calibration\RiskCalibrationService.cs","01_Backend_Core","Backend Core: API, Application, Analytics, Domain, Infrastructure, Workers","C# Source",".cs","77","3077","3","B910704D427249869F12F4A601E137DB1565B24893114C913ADD267A30D1B9CB","False","2026-06-02 18:44:10"
"Backend\PlantProcess.Application\Analytics\Contracts\CorrelationComputeDtos.cs","01_Backend_Core","Backend Core: API, Application, Analytics, Domain, Infrastructure, Workers","C# Source",".cs","23","603","0.59","CFD4F5D0ABEB842A312BD33343C1052C880D6D37C21BE137144488634765E553","False","2026-05-30 16:32:49"
"Backend\PlantProcess.Application\Analytics\Contracts\CorrelationDtos.cs","01_Backend_Core","Backend Core: API, Application, Analytics, Domain, Infrastructure, Workers","C# Source",".cs","111","3027","2.96","88BD390B8F01AE9843265E31B0845A110DA31260D0802B52C24B3A4AD79E6F4C","False","2026-05-19 00:19:14"
"Backend\PlantProcess.Application\Analytics\Contracts\MaterialFeatureVector.cs","01_Backend_Core","Backend Core: API, Application, Analytics, Domain, Infrastructure, Workers","C# Source",".cs","125","3897","3.81","A74D044BB8DAE579663A87E77B5652E47EE05194802AB8396FAD8631E3CAB138","False","2026-05-19 00:19:14"
"Backend\PlantProcess.Application\Analytics\Contracts\MlReadinessDtos.cs","01_Backend_Core","Backend Core: API, Application, Analytics, Domain, Infrastructure, Workers","C# Source",".cs","90","2534","2.47","280D26A73F19495A265D529F64E9656D60D3EBDED8CEE7FAEEC0CD0D9FAAB450","False","2026-05-21 16:19:35"
"Backend\PlantProcess.Application\Analytics\Contracts\NarrativeProviderDtos.cs","01_Backend_Core","Backend Core: API, Application, Analytics, Domain, Infrastructure, Workers","C# Source",".cs","29","780","0.76","AA29945CD9CF1085000B51A923FC0D19749D272D1678F662EC084917BDC1EE3B","False","2026-05-31 12:39:01"
"Backend\PlantProcess.Application\Analytics\Contracts\RiskPredictionDtos.cs","01_Backend_Core","Backend Core: API, Application, Analytics, Domain, Infrastructure, Workers","C# Source",".cs","70","1768","1.73","189695868143C69C47B52B5EED2C74085E0D217D55AD25E5C5E6F7CE729A4584","False","2026-05-19 00:19:14"
"Backend\PlantProcess.Application\Analytics\Contracts\StoreRiskScoreCommand.cs","01_Backend_Core","Backend Core: API, Application, Analytics, Domain, Infrastructure, Workers","C# Source",".cs","18","416","0.41","E00EE94CF5764DC41BD6CA869E4D1A455857FA1F819C53215407D603B4D1D805","False","2026-05-19 00:19:14"
"Backend\PlantProcess.Application\Analytics\Engines\CanonicalCorrelationEngine.cs","01_Backend_Core","Backend Core: API, Application, Analytics, Domain, Infrastructure, Workers","C# Source",".cs","18","911","0.89","156A50C98B6CF3B02947939F55A8AF9D042EE48BDDCF57D93D4BE796DA350E5C","False","2026-06-04 01:19:36"
"Backend\PlantProcess.Application\Analytics\Engines\CorrelationEngineRegistry.cs","01_Backend_Core","Backend Core: API, Application, Analytics, Domain, Infrastructure, Workers","C# Source",".cs","30","1364","1.33","C8A8F5DB03B5916E5B6F37A8713AB7B006452CB7FF32879767D64C08059ED2D2","False","2026-06-04 01:19:36"
"Backend\PlantProcess.Application\Analytics\Engines\ICorrelationEngine.cs","01_Backend_Core","Backend Core: API, Application, Analytics, Domain, Infrastructure, Workers","C# Source",".cs","14","589","0.58","614A6534207B3FB0440E7383A2BD8DBAA6BB4DDD5FE0FC865B4B15DFD64726C4","False","2026-06-04 01:19:36"
"Backend\PlantProcess.Application\Analytics\Interfaces\ICorrelationComputeEngine.cs","01_Backend_Core","Backend Core: API, Application, Analytics, Domain, Infrastructure, Workers","C# Source",".cs","12","337","0.33","30FB77472A671A48C7BD4E9905C230920F6615523EB65882E153668B10ED83FC","False","2026-05-30 16:32:49"
"Backend\PlantProcess.Application\Analytics\Interfaces\ICorrelationService.cs","01_Backend_Core","Backend Core: API, Application, Analytics, Domain, Infrastructure, Workers","C# Source",".cs","29","970","0.95","73604EEDF1090A7FDA53E5321CE989C88B8ABD22EF86F407DB3946F8765BE421","False","2026-05-19 00:19:14"
"Backend\PlantProcess.Application\Analytics\Interfaces\IEmbeddingProvider.cs","01_Backend_Core","Backend Core: API, Application, Analytics, Domain, Infrastructure, Workers","C# Source",".cs","12","312","0.3","F828BD9D701F1CECF042BFBA2A40B982D05AD198E4274F03E52E3AE988F73F34","False","2026-05-30 16:32:49"
"Backend\PlantProcess.Application\Analytics\Interfaces\IFeatureEngineeringService.cs","01_Backend_Core","Backend Core: API, Application, Analytics, Domain, Infrastructure, Workers","C# Source",".cs","16","392","0.38","7D1C8279401BE719BE517EEE897CE7CCB049486D3F11891AE5C303DFF6337026","False","2026-05-19 00:19:14"
"Backend\PlantProcess.Application\Analytics\Interfaces\IMlReadinessService.cs","01_Backend_Core","Backend Core: API, Application, Analytics, Domain, Infrastructure, Workers","C# Source",".cs","19","626","0.61","92CF72C0C8B3C9FB4C7B622CE9A17A544943D540ECA2B63862982EECE165CF94","False","2026-05-21 16:20:49"
"Backend\PlantProcess.Application\Analytics\Interfaces\INarrativeProvider.cs","01_Backend_Core","Backend Core: API, Application, Analytics, Domain, Infrastructure, Workers","C# Source",".cs","13","306","0.3","229256DEBE8C69E28EBF53EE68D7ECE7DBCC353898F21718C677DE57A7E69CC4","False","2026-05-31 12:39:01"
"Backend\PlantProcess.Application\Analytics\Interfaces\IQualityLabelBuilderService.cs","01_Backend_Core","Backend Core: API, Application, Analytics, Domain, Infrastructure, Workers","C# Source",".cs","13","405","0.4","1B0EBE7C94C03C5CA239A039022E4B72463F99262B47DBEF9D0F7457218A523A","False","2026-05-21 16:20:15"
"Backend\PlantProcess.Application\Analytics\Interfaces\IRiskScoreService.cs","01_Backend_Core","Backend Core: API, Application, Analytics, Domain, Infrastructure, Workers","C# Source",".cs","24","697","0.68","EED600B5D39A7C68C5F80D9EB05A96314B58B7171A54809B3FA80DC7DBB1C71E","False","2026-05-19 00:19:14"
"Backend\PlantProcess.Application\Analytics\Services\ApiNarrativeProvider.cs","01_Backend_Core","Backend Core: API, Application, Analytics, Domain, Infrastructure, Workers","C# Source",".cs","98","3256","3.18","1675A65A79D13612428AAA606DC498E7C97BB527B9EFD192B67F62BC51DA4FB6","False","2026-05-31 12:39:01"
"Backend\PlantProcess.Application\Analytics\Services\ConfiguredNarrativeProvider.cs","01_Backend_Core","Backend Core: API, Application, Analytics, Domain, Infrastructure, Workers","C# Source",".cs","53","1731","1.69","88DE625770E2884C286D40129BE533E058BC54EBCE2F7420972E102BFEE21B53","False","2026-05-31 12:39:01"
"Backend\PlantProcess.Application\Analytics\Services\CorrelationService.cs","01_Backend_Core","Backend Core: API, Application, Analytics, Domain, Infrastructure, Workers","C# Source",".cs","564","25356","24.76","F40A7A523522F08D26C9620DF5540B2538B902BDE8CCA28BC81CA01D5BB6860D","False","2026-06-04 08:55:17"
"Backend\PlantProcess.Application\Analytics\Services\DeterministicEmbeddingProvider.cs","01_Backend_Core","Backend Core: API, Application, Analytics, Domain, Infrastructure, Workers","C# Source",".cs","49","1860","1.82","902088AAC59384EA738AC907F2C3EFF728A11C5040A75FE400B0487860B6AF87","False","2026-05-30 16:32:49"
"Backend\PlantProcess.Application\Analytics\Services\FeatureEngineeringService.cs","01_Backend_Core","Backend Core: API, Application, Analytics, Domain, Infrastructure, Workers","C# Source",".cs","445","19276","18.82","3B106982E26AFF2C804422D8DFB969C580C5AE2091041F72D88FEDEE6DEB6B65","False","2026-05-19 10:15:44"
"Backend\PlantProcess.Application\Analytics\Services\LocalNarrativeProvider.cs","01_Backend_Core","Backend Core: API, Application, Analytics, Domain, Infrastructure, Workers","C# Source",".cs","64","2240","2.19","16D26F23629694401AD9133D08E761FA5E66B34A04EECF1F0A9AA6B5D3B0BB38","False","2026-05-31 12:39:01"
"Backend\PlantProcess.Application\Analytics\Services\MlReadinessService.cs","01_Backend_Core","Backend Core: API, Application, Analytics, Domain, Infrastructure, Workers","C# Source",".cs","482","18305","17.88","231A04DE8351A383FC668F4A724DF6B2CE23EE96FA7AC6FBD8A6F4854AEFE879","False","2026-05-21 16:36:00"
"Backend\PlantProcess.Application\Analytics\Services\QualityLabelBuilderService.cs","01_Backend_Core","Backend Core: API, Application, Analytics, Domain, Infrastructure, Workers","C# Source",".cs","245","9047","8.83","1CB38103235A9DAFE43E949EA52BE49F98B6B78A998BD3413CBF3E2729D465EA","False","2026-05-21 16:32:59"
"Backend\PlantProcess.Application\Analytics\Services\RiskScoreService.cs","01_Backend_Core","Backend Core: API, Application, Analytics, Domain, Infrastructure, Workers","C# Source",".cs","392","16753","16.36","E2B26C840316F769657B3C6AA5BBA80E6C429FA39F586900492500F05711246B","False","2026-05-31 14:21:24"
"Backend\PlantProcess.Application\Analytics\Suggestions\ISuggestionEngine.cs","01_Backend_Core","Backend Core: API, Application, Analytics, Domain, Infrastructure, Workers","C# Source",".cs","7","312","0.3","1C4B591F6BDB50A00BC824475A537C661C96C84D750629BD064B816875446DD7","False","2026-06-02 19:26:02"
"Backend\PlantProcess.Application\Analytics\Suggestions\ISuggestionStore.cs","01_Backend_Core","Backend Core: API, Application, Analytics, Domain, Infrastructure, Workers","C# Source",".cs","14","885","0.86","158C705DEE7D82CBEBA9552B59A07564F5D9963EF00CA8BE20960631E8EC12AC","False","2026-06-02 19:26:06"
"Backend\PlantProcess.Application\Analytics\Suggestions\SuggestionConfidence.cs","01_Backend_Core","Backend Core: API, Application, Analytics, Domain, Infrastructure, Workers","C# Source",".cs","19","744","0.73","49990A46F724BF53AAED093D875FEE220F46179E22B0045834FE85680BBC12B8","False","2026-06-02 19:26:02"
"Backend\PlantProcess.Application\Analytics\Suggestions\SuggestionContracts.cs","01_Backend_Core","Backend Core: API, Application, Analytics, Domain, Infrastructure, Workers","C# Source",".cs","37","1242","1.21","47D1723C254C467920C9295DA6F33A2AC94EFED873C201D625A328C4ADB0845D","False","2026-06-25 10:27:25"
"Backend\PlantProcess.Application\Analytics\Suggestions\SuggestionEngine.cs","01_Backend_Core","Backend Core: API, Application, Analytics, Domain, Infrastructure, Workers","C# Source",".cs","93","4249","4.15","2A8713A1D316B0C320CC3E5F1283F2CB69030CE299DC17647A79F02DBEB88BB1","False","2026-06-25 10:27:25"
"Backend\PlantProcess.Application\Analytics\Suggestions\SuggestionGenerationJob.cs","01_Backend_Core","Backend Core: API, Application, Analytics, Domain, Infrastructure, Workers","C# Source",".cs","24","1013","0.99","6809C6466795E1999BD6F09CCC5A1D7180E832AE01C4DAD572945048B3D4AAB2","False","2026-06-02 19:26:06"
"Backend\PlantProcess.Application\Analytics\Suggestions\SuggestionWorkflow.cs","01_Backend_Core","Backend Core: API, Application, Analytics, Domain, Infrastructure, Workers","C# Source",".cs","36","1954","1.91","863C81449518612F3080DFF425500FF5862162747D620A61E7111B12E207D5CD","False","2026-06-08 08:34:07"
"Backend\PlantProcess.Application\Analytics\Value\CostAssumptionValidator.cs","01_Backend_Core","Backend Core: API, Application, Analytics, Domain, Infrastructure, Workers","C# Source",".cs","43","1628","1.59","DD21C52594DFCD03BE5B1EE17E6205562271B52E676D5114916787D1E0B3C753","False","2026-06-04 09:13:12"
"Backend\PlantProcess.Application\Analytics\Value\Demo\Phase7WorkedCaseFixtures.cs","01_Backend_Core","Backend Core: API, Application, Analytics, Domain, Infrastructure, Workers","C# Source",".cs","66","2495","2.44","99BC7EA5404E9EC6EBC66CFC002D71B58E3E5C9605EF3FBEC7C94993602E4DD1","False","2026-06-07 16:46:26"
"Backend\PlantProcess.Application\Analytics\Value\DowntimeImpactCalculator.cs","01_Backend_Core","Backend Core: API, Application, Analytics, Domain, Infrastructure, Workers","C# Source",".cs","53","2092","2.04","635261811C1E2DB736DD9DF50BEE27DD6E1F64E73810A37BCA9C5D4961B207AF","False","2026-06-15 00:50:55"
"Backend\PlantProcess.Application\Analytics\Value\FindingEvidenceContracts.cs","01_Backend_Core","Backend Core: API, Application, Analytics, Domain, Infrastructure, Workers","C# Source",".cs","63","1985","1.94","C7D0FA6246F39B6C379E158064F5B3657A305EAF80A54814FB5F183CD07944D7","False","2026-06-04 09:13:12"
"Backend\PlantProcess.Application\Analytics\Value\ICostAssumptionStore.cs","01_Backend_Core","Backend Core: API, Application, Analytics, Domain, Infrastructure, Workers","C# Source",".cs","10","533","0.52","F528D5E6E30233EAC62A59592DA0A99746BC20CF78C7BA4F7E68FC3B092506E2","False","2026-06-02 18:48:31"
"Backend\PlantProcess.Application\Analytics\Value\IValueImpactEngine.cs","01_Backend_Core","Backend Core: API, Application, Analytics, Domain, Infrastructure, Workers","C# Source",".cs","6","180","0.18","B47462568CAADF41D87EECD8758EABD4F742049BDE3B8A7A447B5434DF31AA02","False","2026-06-02 18:48:30"
"Backend\PlantProcess.Application\Analytics\Value\IValueRealizationService.cs","01_Backend_Core","Backend Core: API, Application, Analytics, Domain, Infrastructure, Workers","C# Source",".cs","7","178","0.17","248CF3A0C7947D1846DC05F98647D4060355BD712A774B749F586023F4D094C7","False","2026-06-07 16:51:10"
"Backend\PlantProcess.Application\Analytics\Value\ValueContracts.cs","01_Backend_Core","Backend Core: API, Application, Analytics, Domain, Infrastructure, Workers","C# Source",".cs","97","3062","2.99","1FFDFCEA3121930D1A43BF5E869CCED58B27243A6F3B4257106EE3D7DC3C0C81","False","2026-06-07 16:03:43"
"Backend\PlantProcess.Application\Analytics\Value\ValueHonestyLint.cs","01_Backend_Core","Backend Core: API, Application, Analytics, Domain, Infrastructure, Workers","C# Source",".cs","26","973","0.95","7A4ABEC22827F381DEC731C700E481A7D1311583863BFEE2E53887A085C821AF","False","2026-06-02 18:48:31"
"Backend\PlantProcess.Application\Analytics\Value\ValueImpactEngine.cs","01_Backend_Core","Backend Core: API, Application, Analytics, Domain, Infrastructure, Workers","C# Source",".cs","185","6648","6.49","85BF2C763881C9695E5C11671DC1112681FEED1A501A2F0FC5F8D65F4B6AB1F9","False","2026-06-07 16:05:03"
"Backend\PlantProcess.Application\Analytics\Value\ValueRealizationContracts.cs","01_Backend_Core","Backend Core: API, Application, Analytics, Domain, Infrastructure, Workers","C# Source",".cs","115","3551","3.47","0182D66637D3399BD90B1A73F1F52AA173A78C88F13D840D144010BB08AB9730","False","2026-06-07 16:51:10"
"Backend\PlantProcess.Application\Analytics\Value\ValueRealizationService.cs","01_Backend_Core","Backend Core: API, Application, Analytics, Domain, Infrastructure, Workers","C# Source",".cs","189","7442","7.27","DCA333E7A9948252739216E6AEC064DC90998B073B00F2312ADCE6CCC70EB983","False","2026-06-07 16:53:15"
"Backend\PlantProcess.Application\ApplicationAssemblyMarker.cs","01_Backend_Core","Backend Core: API, Application, Analytics, Domain, Infrastructure, Workers","C# Source",".cs","12","211","0.21","62D45EBBB445ED5C665153C046E8FB437E3FFC87175055BD38EC557DD84DB5D0","False","2026-05-19 00:19:14"
"Backend\PlantProcess.Application\Assistant\AssistantContracts.cs","01_Backend_Core","Backend Core: API, Application, Analytics, Domain, Infrastructure, Workers","C# Source",".cs","90","4006","3.91","3BF1C50C98DC6F206955FDB06EB5BE4700AA22BE442389510918EB1D5F81ADBB","False","2026-08-08 15:58:39"
"Backend\PlantProcess.Application\Assistant\AssistantEvalHarness.cs","01_Backend_Core","Backend Core: API, Application, Analytics, Domain, Infrastructure, Workers","C# Source",".cs","52","2019","1.97","A91F248FD64FED0438FF5357AB486106C2DDC19BFEF10AD30D3EC08843C498ED","False","2026-06-08 08:45:02"
"Backend\PlantProcess.Application\Assistant\AssistantGroundingEvalGate.cs","01_Backend_Core","Backend Core: API, Application, Analytics, Domain, Infrastructure, Workers","C# Source",".cs","147","6148","6","2BFF619D4BB5E3B4F6F8ECBE30C5C4F7B3088D23D55551C113C59165AC28361F","False","2026-06-08 08:45:02"
"Backend\PlantProcess.Application\Assistant\AssistantRetrievalIndexBuildService.cs","01_Backend_Core","Backend Core: API, Application, Analytics, Domain, Infrastructure, Workers","C# Source",".cs","59","1889","1.84","CBB4A05569D5ADD56681227B932D574411CCCC055DF3E306EA6A67BC61B400A1","False","2026-06-04 09:25:28"
"Backend\PlantProcess.Application\Assistant\AssistantService.cs","01_Backend_Core","Backend Core: API, Application, Analytics, Domain, Infrastructure, Workers","C# Source",".cs","186","9160","8.95","47EA07F7E8D35C1079F807730B2F7A441427159911ABD6A9CBE1B38B4087AB15","False","2026-08-08 21:42:49"
"Backend\PlantProcess.Application\Assistant\ExtractiveAssistantModel.cs","01_Backend_Core","Backend Core: API, Application, Analytics, Domain, Infrastructure, Workers","C# Source",".cs","50","2068","2.02","9FC36282CCB9D8F868D33D7AB50666B72078EE5327BEF1C4D37E04F5303017B2","False","2026-06-02 19:26:49"
"Backend\PlantProcess.Application\Assistant\GroundedAssistantGateway.cs","01_Backend_Core","Backend Core: API, Application, Analytics, Domain, Infrastructure, Workers","C# Source",".cs","62","2118","2.07","74756C77A7C1E5CB0E47BF7A0EBB470178A5604E1ED1F26128C9A4461CF5B41B","False","2026-06-04 09:22:59"
"Backend\PlantProcess.Application\Assistant\GroundingService.cs","01_Backend_Core","Backend Core: API, Application, Analytics, Domain, Infrastructure, Workers","C# Source",".cs","66","3169","3.09","CF231609BB40A7D95E57B9B3C19552D82D106F475E6864C85FEA182BACFFC58F","False","2026-06-08 08:45:02"
"Backend\PlantProcess.Application\Assistant\IAssistantChunkProducer.cs","01_Backend_Core","Backend Core: API, Application, Analytics, Domain, Infrastructure, Workers","C# Source",".cs","17","589","0.58","BF7D260BA4039A8D24E9353AA6B221CEE6ED318926ACF122B32AF35CE414B67D","False","2026-07-13 16:35:51"
"Backend\PlantProcess.Application\Assistant\IAssistantModel.cs","01_Backend_Core","Backend Core: API, Application, Analytics, Domain, Infrastructure, Workers","C# Source",".cs","10","452","0.44","CF246217AD3EBCEFDFC0575357A4BA0EC1C0D5487FCE1AA42A7326F65CA321C7","False","2026-06-02 19:26:49"
"Backend\PlantProcess.Application\Assistant\IEmbedder.cs","01_Backend_Core","Backend Core: API, Application, Analytics, Domain, Infrastructure, Workers","C# Source",".cs","12","519","0.51","05F221411F422D8DF6E8D5C913B3177D48CAD6264FB5309DE3090208D3910B48","False","2026-06-04 09:22:56"
"Backend\PlantProcess.Application\Assistant\IRetrievalIndex.cs","01_Backend_Core","Backend Core: API, Application, Analytics, Domain, Infrastructure, Workers","C# Source",".cs","13","719","0.7","01B992515240F157BF81BAE061E8282FEF09B3D1BAC3D83C01BF9840CF2CF612","False","2026-06-02 19:26:47"
"Backend\PlantProcess.Application\Assistant\LocalSemanticEmbedder.cs","01_Backend_Core","Backend Core: API, Application, Analytics, Domain, Infrastructure, Workers","C# Source",".cs","109","3213","3.14","96ABFA96AB132DADD66C17F439FF9647DF67FE70BA17505E1880739DC76B8703","False","2026-06-04 09:22:57"
"Backend\PlantProcess.Application\Assistant\ModelGateway\NoopPrivateModelGatewayTransport.cs","01_Backend_Core","Backend Core: API, Application, Analytics, Domain, Infrastructure, Workers","C# Source",".cs","20","825","0.81","20F66C81B2826472A140B35DC9FF1470474909709FB34F4A3A7221875974F2D7","False","2026-06-08 13:12:27"
"Backend\PlantProcess.Application\Assistant\ModelGateway\PrivateModelGatewayContracts.cs","01_Backend_Core","Backend Core: API, Application, Analytics, Domain, Infrastructure, Workers","C# Source",".cs","92","2635","2.57","A26909749C03EA5385C0EFA448166C2979D043DCF4509B433F5D87FC7809AFB9","False","2026-06-08 09:24:47"
"Backend\PlantProcess.Application\Assistant\ModelGateway\PrivateModelGatewayService.cs","01_Backend_Core","Backend Core: API, Application, Analytics, Domain, Infrastructure, Workers","C# Source",".cs","158","6544","6.39","22A96900585214B948A6E1EE5CEC368874A5E2A79E3E6B89BFB1DC4D79B92687","False","2026-06-08 09:28:46"
"Backend\PlantProcess.Application\Assistant\Planning\DeterministicToolPlanner.cs","01_Backend_Core","Backend Core: API, Application, Analytics, Domain, Infrastructure, Workers","C# Source",".cs","245","10343","10.1","4BDC6D40311BA2FD5BA3BD95009548616EA19C59A8634517B93B87E33F350F03","False","2026-08-16 09:30:30"
"Backend\PlantProcess.Application\Assistant\Planning\PlanningContracts.cs","01_Backend_Core","Backend Core: API, Application, Analytics, Domain, Infrastructure, Workers","C# Source",".cs","314","11005","10.75","4D919B6518428F90EC7ED0B40D7FFBE3D0F021EEB2B97BA8EDF19A341DA57354","False","2026-08-16 09:30:30"
"Backend\PlantProcess.Application\Assistant\QuantityRegistry.cs","01_Backend_Core","Backend Core: API, Application, Analytics, Domain, Infrastructure, Workers","C# Source",".cs","142","5186","5.06","D1164485E2DF82B0B2B93E26BD35C304B679EFF84C648820C32C9CA724C7EF8E","False","2026-08-08 21:06:55"
"Backend\PlantProcess.Application\Assistant\Retrieval\EvidencePacker.cs","01_Backend_Core","Backend Core: API, Application, Analytics, Domain, Infrastructure, Workers","C# Source",".cs","290","11811","11.53","8C0D534B6DBD76B78398BC53DA44853E8AB47ED25553C800634C363EA57609B7","False","2026-08-16 10:11:17"
"Backend\PlantProcess.Application\Assistant\Retrieval\HybridRanker.cs","01_Backend_Core","Backend Core: API, Application, Analytics, Domain, Infrastructure, Workers","C# Source",".cs","109","4402","4.3","93D0BDA7869A97D6C9BE7C24536F8725D5AEE5B5578428D07C6500044C74CE9E","False","2026-08-16 10:11:17"
"Backend\PlantProcess.Application\Assistant\Retrieval\PermissionSafeCandidateFilter.cs","01_Backend_Core","Backend Core: API, Application, Analytics, Domain, Infrastructure, Workers","C# Source",".cs","124","4723","4.61","D3305BF8CE6C91820C8D971240A3D5B6C804E220D4E4AA1E95947598B26C3B11","False","2026-08-16 10:11:17"
"Backend\PlantProcess.Application\Assistant\Retrieval\RetrievalBenchmarkHooks.cs","01_Backend_Core","Backend Core: API, Application, Analytics, Domain, Infrastructure, Workers","C# Source",".cs","101","3833","3.74","36EC352E4C6B7B4BDACFC5C51F593D16D04C3A6ECCCBA81FBCEB14B1F442C66A","False","2026-08-16 10:11:17"
"Backend\PlantProcess.Application\Assistant\Retrieval\RetrievalContracts.cs","01_Backend_Core","Backend Core: API, Application, Analytics, Domain, Infrastructure, Workers","C# Source",".cs","312","10815","10.56","1DF43D52AE18EB1616511B4D3D1469D2F609CE976E1F2801A1368DD1C656DD0C","False","2026-08-16 10:11:17"
"Backend\PlantProcess.Application\Assistant\Serving\GovernedModelServingRuntime.cs","01_Backend_Core","Backend Core: API, Application, Analytics, Domain, Infrastructure, Workers","C# Source",".cs","315","12570","12.28","EEB0D1818583DB8D90070B956F1BF964F1D6DD57E07341CF7966568E94F80742","False","2026-08-16 12:08:22"
"Backend\PlantProcess.Application\Assistant\Serving\ScopedPayloadBuilder.cs","01_Backend_Core","Backend Core: API, Application, Analytics, Domain, Infrastructure, Workers","C# Source",".cs","101","4303","4.2","6F61C2CD986CB2B33459F4529952FBA6F1E1BEAE947004B8B3D365465CB27B9D","False","2026-08-16 12:08:22"
"Backend\PlantProcess.Application\Assistant\Serving\ServingContracts.cs","01_Backend_Core","Backend Core: API, Application, Analytics, Domain, Infrastructure, Workers","C# Source",".cs","232","8272","8.08","718006E19C754F5E958F01CE61FF257CDE67B08665A674A3022D7A8D857A18AA","False","2026-08-16 12:08:22"
"Backend\PlantProcess.Application\Assistant\Serving\ServingReadiness.cs","01_Backend_Core","Backend Core: API, Application, Analytics, Domain, Infrastructure, Workers","C# Source",".cs","129","5717","5.58","6B5D9353502D4C871144AEE08C2477BFE88D36ACE2CCF0002CE9B4C34C531A15","False","2026-08-16 12:08:22"
"Backend\PlantProcess.Application\Assistant\Tools\ITool.cs","01_Backend_Core","Backend Core: API, Application, Analytics, Domain, Infrastructure, Workers","Tooling Script",".cs","11","468","0.46","A102D89CEB55B8CC5424921B1A07E2A5C8C8C2D14C7553D56AA05599D19124C8","False","2026-06-02 19:26:47"
"Backend\PlantProcess.Application\Assistant\Tools\ToolRegistry.cs","01_Backend_Core","Backend Core: API, Application, Analytics, Domain, Infrastructure, Workers","Tooling Script",".cs","45","1972","1.93","0722E4ED4DA5F618F516978373828824A939E7AA8CBB36CF0DD6186FFD0D2E06","False","2026-06-02 19:26:48"
"Backend\PlantProcess.Application\Assistant\TypedQuantityGuard.cs","01_Backend_Core","Backend Core: API, Application, Analytics, Domain, Infrastructure, Workers","C# Source",".cs","147","6207","6.06","47AB4BB56B304268A1A38DD84FB4304F7510E3395AB31588F984850EBBBA4085","False","2026-08-08 21:06:55"
"Backend\PlantProcess.Application\Assistant\Verification\AnswerVerifier.cs","01_Backend_Core","Backend Core: API, Application, Analytics, Domain, Infrastructure, Workers","C# Source",".cs","386","16200","15.82","8BED2A73D648F18709251FAF9C00F285E301E9B4EE5CAE94E25012D7A1294BBB","False","2026-08-16 11:40:04"
"Backend\PlantProcess.Application\Assistant\Verification\ClaimPhrasePolicy.cs","01_Backend_Core","Backend Core: API, Application, Analytics, Domain, Infrastructure, Workers","C# Source",".cs","166","7795","7.61","4A0D09ED1654A073F7F6CC208A3335B06F3B462C95AB3A0B09A55DFFF9683ADB","False","2026-08-16 11:40:04"
"Backend\PlantProcess.Application\Assistant\Verification\QualityGates.cs","01_Backend_Core","Backend Core: API, Application, Analytics, Domain, Infrastructure, Workers","C# Source",".cs","183","6187","6.04","8E38909F67A047683B2A99CFD13AEB102E143135BEF012E46C4FEB64F4618CFE","False","2026-08-16 11:40:04"
"Backend\PlantProcess.Application\Assistant\Verification\QualityHarness.cs","01_Backend_Core","Backend Core: API, Application, Analytics, Domain, Infrastructure, Workers","C# Source",".cs","289","12162","11.88","3ECD72F141C24FFC168E7984678E3426CFC335DC445DC32198E462076CA721D6","False","2026-08-16 11:40:04"
"Backend\PlantProcess.Application\Assistant\Verification\VerificationContracts.cs","01_Backend_Core","Backend Core: API, Application, Analytics, Domain, Infrastructure, Workers","C# Source",".cs","258","8800","8.59","3470C29083A881F79B45BED3F88F1E0D1C62710F77C2DD4EF6EFDEE38BC18E84","False","2026-08-16 11:40:04"
"Backend\PlantProcess.Application\Assistant\WidgetResultEvidence.cs","01_Backend_Core","Backend Core: API, Application, Analytics, Domain, Infrastructure, Workers","C# Source",".cs","281","11240","10.98","FE17AC5437814E1D3593A081517D3FEEAF8AFB6DD2FD3733316C72309C463193","False","2026-08-08 20:18:52"
"Backend\PlantProcess.Application\AssistantRuntime\Phase8AssistantRegressionEvalGate.cs","01_Backend_Core","Backend Core: API, Application, Analytics, Domain, Infrastructure, Workers","C# Source",".cs","197","7753","7.57","1051FF9C541C7377E1AE16A57C2696ED85C580CDD1DB67A7713FDA236D176D3A","False","2026-06-09 15:28:12"
"Backend\PlantProcess.Application\AssistantRuntime\Phase8AssistantRuntimeContracts.cs","01_Backend_Core","Backend Core: API, Application, Analytics, Domain, Infrastructure, Workers","C# Source",".cs","249","9511","9.29","532CE120582CE47BB191323D7C23F5F3A4ECA6A661064B9C3178CB2B48F79417","False","2026-06-09 14:59:49"
"Backend\PlantProcess.Application\AssistantRuntime\Phase8SuggestionOutcomeLoop.cs","01_Backend_Core","Backend Core: API, Application, Analytics, Domain, Infrastructure, Workers","C# Source",".cs","162","5805","5.67","527170E4E18EC61D7C3418FE0D69BB75D832DE1D46E711A7A1A48566AB853B00","False","2026-06-09 15:28:11"
"Backend\PlantProcess.Application\Audit\AuditLogContext.cs","01_Backend_Core","Backend Core: API, Application, Analytics, Domain, Infrastructure, Workers","C# Source",".cs","25","752","0.73","CE1B444ABCFE6D2E8AA258CC419F175AF47BFE3909F1DD7C4EE1BBC1F750D359","False","2026-05-22 23:12:56"
"Backend\PlantProcess.Application\Audit\IAuditLogService.cs","01_Backend_Core","Backend Core: API, Application, Analytics, Domain, Infrastructure, Workers","C# Source",".cs","16","603","0.59","243DFBD609A5C18E2CAEBCA332BF4B84246C2DEA3F43CEBA29DE2EC71ED6B357","False","2026-05-22 23:12:56"
"Backend\PlantProcess.Application\Common\Constants\ApplicationErrorCodes.cs","01_Backend_Core","Backend Core: API, Application, Analytics, Domain, Infrastructure, Workers","C# Source",".cs","13","643","0.63","4659AB627C7CE078122A5C456A68E7E18AE8F26A88D41B39ADD20CFAD293D384","False","2026-05-21 14:29:50"
"Backend\PlantProcess.Application\Common\Paging\PagedResult.cs","01_Backend_Core","Backend Core: API, Application, Analytics, Domain, Infrastructure, Workers","C# Source",".cs","29","632","0.62","A0CBBC2E1CA884CC2F311657A23B7EE915E914E31901A3DBB10655150E1C4846","False","2026-05-19 00:19:14"
"Backend\PlantProcess.Application\Common\Paging\PageRequest.cs","01_Backend_Core","Backend Core: API, Application, Analytics, Domain, Infrastructure, Workers","C# Source",".cs","22","442","0.43","B20DCB4DA896BEA61977DBC9B9FB4609011F6A8DBB1FE5E125DBB2BA65113051","False","2026-05-19 00:19:14"
"Backend\PlantProcess.Application\Common\Persistence\IPlantProcessDbContext.cs","01_Backend_Core","Backend Core: API, Application, Analytics, Domain, Infrastructure, Workers","C# Source",".cs","71","2889","2.82","FA5EA00BCE5BCDFEB0B15F420C7303F8F1E95E1F6E84092E8A942813206AB434","False","2026-08-16 09:32:54"
"Backend\PlantProcess.Application\Common\Results\ApplicationError.cs","01_Backend_Core","Backend Core: API, Application, Analytics, Domain, Infrastructure, Workers","C# Source",".cs","80","2382","2.33","4B99A0229D618FFB8C3CDCD574A2A2F3936BBFC88BAA6C9BE7970D4B07E3E560","False","2026-05-21 14:30:34"
"Backend\PlantProcess.Application\Common\Results\ApplicationErrorType.cs","01_Backend_Core","Backend Core: API, Application, Analytics, Domain, Infrastructure, Workers","C# Source",".cs","14","290","0.28","47CBF99FE05F3F972297791AEB1944C7255F3976A479A7F0F6402498F26185D0","False","2026-05-21 16:05:01"
"Backend\PlantProcess.Application\Common\Results\ApplicationResult.cs","01_Backend_Core","Backend Core: API, Application, Analytics, Domain, Infrastructure, Workers","C# Source",".cs","30","682","0.67","356E38CD79BBEA83F2C699024FBC7FD7AFA2CB2CFD66A1B966CD1A47244525F9","False","2026-05-19 00:19:14"
"Backend\PlantProcess.Application\Common\Results\ApplicationResultT.cs","01_Backend_Core","Backend Core: API, Application, Analytics, Domain, Infrastructure, Workers","C# Source",".cs","33","786","0.77","28EAE9FEA86BA86F711E00399051D0D2813B609935488895FA5588946D5B8730","False","2026-05-19 00:19:14"
"Backend\PlantProcess.Application\Common\Text\TextNormalizer.cs","01_Backend_Core","Backend Core: API, Application, Analytics, Domain, Infrastructure, Workers","C# Source",".cs","43","1243","1.21","417F9F9B73BF51C7B823AB3B8842F35BEEB81B2A6F89EA47E6CD613FC2B5CA6D","False","2026-05-19 00:19:14"
"Backend\PlantProcess.Application\Common\Time\IClock.cs","01_Backend_Core","Backend Core: API, Application, Analytics, Domain, Infrastructure, Workers","C# Source",".cs","11","165","0.16","96B400742EE472FC940A3D3FF8F21A65A491D05117AEFF0955F57384E540A4AA","False","2026-05-19 00:19:14"
"Backend\PlantProcess.Application\Common\Time\IPlantTimeContextResolver.cs","01_Backend_Core","Backend Core: API, Application, Analytics, Domain, Infrastructure, Workers","C# Source",".cs","15","313","0.31","E8A9CD927E89D6C79D3EE647DC6B05E0A5B7BD23B841B62011500C39FF3C75E2","False","2026-05-19 00:19:14"
"Backend\PlantProcess.Application\Common\Time\PlantTimeContext.cs","01_Backend_Core","Backend Core: API, Application, Analytics, Domain, Infrastructure, Workers","C# Source",".cs","8","152","0.15","8771545BDAC3A02D3A48E0D6CFDF1C491EDD10DC0BD803ED5DC0BD2204A54CB8","False","2026-05-19 00:19:14"
"Backend\PlantProcess.Application\Common\Time\PlantTimeContextResolver.cs","01_Backend_Core","Backend Core: API, Application, Analytics, Domain, Infrastructure, Workers","C# Source",".cs","58","1571","1.53","252D3484B32DEB45D890401501D560B8D1CF3D17CC005DF272EFDDB2A72A2C21","False","2026-05-19 00:19:14"
"Backend\PlantProcess.Application\Common\Time\SystemClock.cs","01_Backend_Core","Backend Core: API, Application, Analytics, Domain, Infrastructure, Workers","C# Source",".cs","11","224","0.22","6BE8A2CED82FDC0E3A770F540E29057452559F65CB3D5A321CB3D9F12F49E9C7","False","2026-05-19 00:19:14"
"Backend\PlantProcess.Application\Common\Validation\Guard.cs","01_Backend_Core","Backend Core: API, Application, Analytics, Domain, Infrastructure, Workers","Validation Script",".cs","37","1187","1.16","33D4446210447216890EBFFAD1C03A98C51253DEAE03BF6D9BE6A3AF6D0B3DB1","False","2026-05-19 00:19:14"
"Backend\PlantProcess.Application\Common\Validation\ValidationFailure.cs","01_Backend_Core","Backend Core: API, Application, Analytics, Domain, Infrastructure, Workers","Validation Script",".cs","9","174","0.17","214FD1157737524B3149ECEC0BEF44F41D9441D4B115921D83004AE7FA7D4549","False","2026-05-19 00:19:14"
"Backend\PlantProcess.Application\Common\Validation\ValidationResult.cs","01_Backend_Core","Backend Core: API, Application, Analytics, Domain, Infrastructure, Workers","Validation Script",".cs","31","873","0.85","059C058E7282FEAAF2D36BCACC8D4160B5E966411BABCD9A5D4222AF014D7085","False","2026-05-19 00:19:14"
"Backend\PlantProcess.Application\Connectors\Certification\ConnectorBehaviourCertification.cs","01_Backend_Core","Backend Core: API, Application, Analytics, Domain, Infrastructure, Workers","C# Source",".cs","468","15338","14.98","6D52B78CB51FC8EE8F1ABFF6AE389A1DB2D39EF35613F9971974704F054DBD42","False","2026-06-08 13:33:50"
"Backend\PlantProcess.Application\Contracts\Common\CommandMetadata.cs","01_Backend_Core","Backend Core: API, Application, Analytics, Domain, Infrastructure, Workers","C# Source",".cs","11","252","0.25","38CAC1347D4F4BBA748F18834BBAA16FFC6FF472A419264B901784404D29801E","False","2026-05-19 00:19:14"
"Backend\PlantProcess.Application\Contracts\Common\QueryMetadata.cs","01_Backend_Core","Backend Core: API, Application, Analytics, Domain, Infrastructure, Workers","C# Source",".cs","8","171","0.17","F47BE81DE7E9CF4F6C04131810E84AAC3E283F86A6BFC7B078E8AD0DBD85B762","False","2026-05-19 00:19:14"
"Backend\PlantProcess.Application\Contracts\DataQuality\RaiseDataQualityIssueCommand.cs","01_Backend_Core","Backend Core: API, Application, Analytics, Domain, Infrastructure, Workers","C# Source",".cs","15","366","0.36","43A77117D3BB0615E4354760394AF2CF742951880C5A3000517203809FE8AB1E","False","2026-05-19 00:19:14"
"Backend\PlantProcess.Application\Contracts\Materials\AddMaterialAliasCommand.cs","01_Backend_Core","Backend Core: API, Application, Analytics, Domain, Infrastructure, Workers","C# Source",".cs","13","298","0.29","85DC0889C91C8EF296731B1023823E20263A8EC0E836CA400023D8C302139578","False","2026-05-19 00:19:14"
"Backend\PlantProcess.Application\Contracts\Materials\CreateGenealogyEdgeCommand.cs","01_Backend_Core","Backend Core: API, Application, Analytics, Domain, Infrastructure, Workers","C# Source",".cs","16","411","0.4","FF869C92E40560FBA10F104FBA9061FCAA07B224318AA1E89632A486327E9CB2","False","2026-05-19 00:19:14"
"Backend\PlantProcess.Application\Contracts\Materials\CreateMaterialCommand.cs","01_Backend_Core","Backend Core: API, Application, Analytics, Domain, Infrastructure, Workers","C# Source",".cs","18","458","0.45","D0B12B2737230783B21D925D6189401B94395705521E07B3015E1BB88CA788DA","False","2026-05-19 00:19:14"
"Backend\PlantProcess.Application\Contracts\PlantLayout\PlantLayoutDtos.cs","01_Backend_Core","Backend Core: API, Application, Analytics, Domain, Infrastructure, Workers","C# Source",".cs","72","1766","1.72","72A6457EB71263EDA9F6221B5714C78E8C8109B92317AC2B932E572122483958","False","2026-05-19 00:19:14"
"Backend\PlantProcess.Application\Contracts\Process\AddDowntimeEventCommand.cs","01_Backend_Core","Backend Core: API, Application, Analytics, Domain, Infrastructure, Workers","C# Source",".cs","21","542","0.53","2043B212BC97501D59B2F1068333E83846AB21447AD4E93B8FCFAC49273B3879","False","2026-08-03 00:00:25"
"Backend\PlantProcess.Application\Contracts\Process\AddParameterDefinitionCommand.cs","01_Backend_Core","Backend Core: API, Application, Analytics, Domain, Infrastructure, Workers","C# Source",".cs","17","435","0.42","11209E95B2D1395EB560598B6BDDF04744ADFE709971FC0129C3C8074042D8B4","False","2026-05-19 00:19:14"
"Backend\PlantProcess.Application\Contracts\Process\AddParameterObservationCommand.cs","01_Backend_Core","Backend Core: API, Application, Analytics, Domain, Infrastructure, Workers","C# Source",".cs","22","568","0.55","8F8647B40BA99D89665108BAC6D512EDE55800CAD0D3184C0F08743BA267047D","False","2026-05-19 00:19:14"
"Backend\PlantProcess.Application\Contracts\Process\AddProcessEventCommand.cs","01_Backend_Core","Backend Core: API, Application, Analytics, Domain, Infrastructure, Workers","C# Source",".cs","18","445","0.43","6FFB80EFDE9DF2CEEE9E8DFC11E8295034910B30C765FAFD24A31A99394FBD60","False","2026-05-19 00:19:14"
"Backend\PlantProcess.Application\Contracts\Process\AddProcessStepCommand.cs","01_Backend_Core","Backend Core: API, Application, Analytics, Domain, Infrastructure, Workers","C# Source",".cs","20","505","0.49","6BC3BC8F75EC3A46877D0A2CC097468D88ED76B191736085791275DBDDF1069C","False","2026-05-19 00:19:14"
"Backend\PlantProcess.Application\Contracts\Quality\AddDefectCatalogCommand.cs","01_Backend_Core","Backend Core: API, Application, Analytics, Domain, Infrastructure, Workers","C# Source",".cs","13","305","0.3","02F083D232CE87FF7981E211D5089179EE4AE35D1FD335521B827199C1E89F96","False","2026-05-19 00:19:14"
"Backend\PlantProcess.Application\Contracts\Quality\AddQualityEventCommand.cs","01_Backend_Core","Backend Core: API, Application, Analytics, Domain, Infrastructure, Workers","C# Source",".cs","18","434","0.42","466AC91C30731B1F97D4A1735EFE8F7BDA1EF865FD4595C81C99AE9E215EE9D7","False","2026-05-19 00:19:14"
"Backend\PlantProcess.Application\Contracts\Quality\QualityReadDtos.cs","01_Backend_Core","Backend Core: API, Application, Analytics, Domain, Infrastructure, Workers","C# Source",".cs","39","902","0.88","983F36F5B8056C122EFEF99B7DAC2619D7620F23D0C4B471FF7954DFBE41C31E","False","2026-05-19 00:19:14"
"Backend\PlantProcess.Application\Contracts\Readiness\ApplicationReadinessDto.cs","01_Backend_Core","Backend Core: API, Application, Analytics, Domain, Infrastructure, Workers","C# Source",".cs","90","2822","2.76","3BE2DE0AB9B5DBE41C783B9CF98E464EA11EE0ED39670201DA92C1FC5720EBF6","False","2026-05-19 12:04:58"
"Backend\PlantProcess.Application\Dashboarding\Contracts\DashboardDefinitionDtos.cs","01_Backend_Core","Backend Core: API, Application, Analytics, Domain, Infrastructure, Workers","C# Source",".cs","99","2521","2.46","8BFC9A9875EDB07C140F4C1D1EC2D70AC1350232B93791310D58AC14C1121633","False","2026-07-27 14:18:17"
"Backend\PlantProcess.Application\Dashboarding\Contracts\DashboardDtos.cs","01_Backend_Core","Backend Core: API, Application, Analytics, Domain, Infrastructure, Workers","C# Source",".cs","185","5405","5.28","3AC53FFD15729D108A112CDE5FC169F4C8A4D343674798A0E6A6D199648EE550","False","2026-05-19 00:19:14"
"Backend\PlantProcess.Application\Dashboarding\Contracts\DashboardMetadataDtos.cs","01_Backend_Core","Backend Core: API, Application, Analytics, Domain, Infrastructure, Workers","C# Source",".cs","318","12985","12.68","7259A8373873D0E7293BF7BFC05E81738F5041E06DA6C2BE95CECF27977051F1","False","2026-08-16 09:32:54"
"Backend\PlantProcess.Application\Dashboarding\Contracts\WidgetQueryExpressionDtos.cs","01_Backend_Core","Backend Core: API, Application, Analytics, Domain, Infrastructure, Workers","C# Source",".cs","58","1623","1.58","1A397A55F270B196E547261A91215BCA2FE6F20BCA19D44F99652ED17A2DABCE","False","2026-05-30 11:44:13"
"Backend\PlantProcess.Application\Dashboarding\Interfaces\IDashboardDefinitionService.cs","01_Backend_Core","Backend Core: API, Application, Analytics, Domain, Infrastructure, Workers","C# Source",".cs","70","2532","2.47","52DADE3DFEC950791D41D3D3787C885188BD04ABA1DD5DF56ADFE46495908B69","False","2026-05-19 00:19:14"
"Backend\PlantProcess.Application\Dashboarding\Interfaces\IDashboardMetadataService.cs","01_Backend_Core","Backend Core: API, Application, Analytics, Domain, Infrastructure, Workers","C# Source",".cs","13","344","0.34","3E02A84DCC92BBCB5ABC68D80F8A423403CCF9D34B656CDF35277E9200999C7A","False","2026-05-19 00:19:14"
"Backend\PlantProcess.Application\Dashboarding\Interfaces\IDashboardQueryService.cs","01_Backend_Core","Backend Core: API, Application, Analytics, Domain, Infrastructure, Workers","C# Source",".cs","34","1192","1.16","23B7C559CB89CEE8054AEE769B8DC6BA64B36E72402A226904F9F6D50CBB556F","False","2026-05-19 00:19:14"
"Backend\PlantProcess.Application\Dashboarding\Interfaces\IDashboardWidgetQueryService.cs","01_Backend_Core","Backend Core: API, Application, Analytics, Domain, Infrastructure, Workers","C# Source",".cs","14","392","0.38","1CA4F2409AF721917EF5E28573D99770D6E14989683A4CB5E4690713BD2F8FDE","False","2026-05-19 00:19:14"
"Backend\PlantProcess.Application\Dashboarding\Interfaces\IDashboardWidgetValidationService.cs","01_Backend_Core","Backend Core: API, Application, Analytics, Domain, Infrastructure, Workers","C# Source",".cs","13","346","0.34","09809390F81EA305509048F60192D8D5F32D25E809B65CABAC56E0C0FAF47BBD","False","2026-05-19 00:19:14"
"Backend\PlantProcess.Application\Dashboarding\Interfaces\IWidgetQueryExpressionService.cs","01_Backend_Core","Backend Core: API, Application, Analytics, Domain, Infrastructure, Workers","C# Source",".cs","11","408","0.4","D2206A833AF9263F258111544818DC2AC217FCDF60E0518559A54A71C5B33497","False","2026-05-30 11:44:13"
"Backend\PlantProcess.Application\Dashboarding\Services\Dashboards\DashboardDefinitionService.cs","01_Backend_Core","Backend Core: API, Application, Analytics, Domain, Infrastructure, Workers","C# Source",".cs","968","38134","37.24","2EC4C6288BCE4AE680C137034860313532F21789F908C275BE8FC04C572B94A1","False","2026-07-27 18:48:39"
"Backend\PlantProcess.Application\Dashboarding\Services\Metadata\DashboardMetadataService.cs","01_Backend_Core","Backend Core: API, Application, Analytics, Domain, Infrastructure, Workers","C# Source",".cs","489","21082","20.59","46C5007A8D29EF9C845DD71BFF8A267A8DFCE0C45D99CAE90DBAEC1768AD5221","False","2026-08-12 14:01:26"
"Backend\PlantProcess.Application\Dashboarding\Services\Queries\DashboardAggregateExecutor.cs","01_Backend_Core","Backend Core: API, Application, Analytics, Domain, Infrastructure, Workers","C# Source",".cs","521","21747","21.24","7E3D047512C99AA03A6969543F7D9D0DB6555064C35A9965644CD92DC38F55C8","False","2026-08-11 14:28:28"
"Backend\PlantProcess.Application\Dashboarding\Services\Queries\DashboardQueryService.cs","01_Backend_Core","Backend Core: API, Application, Analytics, Domain, Infrastructure, Workers","C# Source",".cs","799","33863","33.07","8CE7B33ECEC46E7D48EC03A9C50767B881856240F8ED3795E1CAA5C074AFCC2C","False","2026-05-19 00:19:14"
"Backend\PlantProcess.Application\Dashboarding\Services\Queries\DashboardWidgetQueryService.cs","01_Backend_Core","Backend Core: API, Application, Analytics, Domain, Infrastructure, Workers","C# Source",".cs","1265","57086","55.75","3DCC938AEC5BBA75A25E229A8BF46CC7AD7F0F392C6C40D93D6F59291F722696","False","2026-08-16 09:32:54"
"Backend\PlantProcess.Application\Dashboarding\Services\Queries\WidgetResultSources.cs","01_Backend_Core","Backend Core: API, Application, Analytics, Domain, Infrastructure, Workers","C# Source",".cs","2440","109190","106.63","73B8C937319C4B2BF7EE22AA22D4D7CDBA0A284DB72D2617DADAAAF4759966A0","False","2026-08-16 11:40:53"
"Backend\PlantProcess.Application\Dashboarding\Services\Widgets\DashboardChartGrammar.cs","01_Backend_Core","Backend Core: API, Application, Analytics, Domain, Infrastructure, Workers","C# Source",".cs","332","18096","17.67","1D250FE906CB0FA9F995D565A3F23A297CA757688AFB520E5151441ABF407C33","False","2026-08-16 09:06:24"
"Backend\PlantProcess.Application\Dashboarding\Services\Widgets\DashboardDimensionRegistry.cs","01_Backend_Core","Backend Core: API, Application, Analytics, Domain, Infrastructure, Workers","C# Source",".cs","216","8028","7.84","699F42093AF9F9A35D97F462AAD540F94391ED6AE176687DC27EF2C9CAB35508","False","2026-08-12 14:01:26"
"Backend\PlantProcess.Application\Dashboarding\Services\Widgets\DashboardWidgetQuerySafetyRegistry.cs","01_Backend_Core","Backend Core: API, Application, Analytics, Domain, Infrastructure, Workers","C# Source",".cs","224","10226","9.99","89C0D2441074331FE4999015BD3B4ECB1EFF3A3A90F6D9300A693066BD692259","False","2026-08-16 09:32:54"
"Backend\PlantProcess.Application\Dashboarding\Services\Widgets\DashboardWidgetValidationService.cs","01_Backend_Core","Backend Core: API, Application, Analytics, Domain, Infrastructure, Workers","C# Source",".cs","144","6352","6.2","3D49BBA3725D546419484859DF7AEA63203C9AB2A8D687B17B6557FD96FCB27B","False","2026-08-12 09:19:34"
"Backend\PlantProcess.Application\Dashboarding\Services\Widgets\WidgetQueryExpressionService.cs","01_Backend_Core","Backend Core: API, Application, Analytics, Domain, Infrastructure, Workers","C# Source",".cs","418","14959","14.61","3A5376D484F51EEB42DB280A06308B7F1FBDBAD2FD06F580FDFED765DA0F48A0","False","2026-05-30 11:44:13"
"Backend\PlantProcess.Application\Dashboarding\Services\Widgets\WidgetScriptSqlCompiler.cs","01_Backend_Core","Backend Core: API, Application, Analytics, Domain, Infrastructure, Workers","C# Source",".cs","240","11945","11.67","A24FB36D44DD358974DC56CB4E0AEA6010CCCB59F0406A1C97F53128B79B5B14","False","2026-06-03 11:47:18"
"Backend\PlantProcess.Application\Definitions\Contracts\DefinitionSnapshot.cs","01_Backend_Core","Backend Core: API, Application, Analytics, Domain, Infrastructure, Workers","C# Source",".cs","28","1037","1.01","0AF11D03B528253C2DB944FBCEB3F7819266C0455B8942E373F432966E10A9D7","False","2026-08-06 18:15:47"
"Backend\PlantProcess.Application\Definitions\DefinitionKind.cs","01_Backend_Core","Backend Core: API, Application, Analytics, Domain, Infrastructure, Workers","C# Source",".cs","49","1723","1.68","240B29B596418A0710F260A3163F39E8088E856F7E9D04A481D3E7E61A2FCA8E","False","2026-08-06 18:15:47"
"Backend\PlantProcess.Application\Definitions\Interfaces\IDefinitionService.cs","01_Backend_Core","Backend Core: API, Application, Analytics, Domain, Infrastructure, Workers","C# Source",".cs","83","3632","3.55","93364E15267A9CB370BE67787855CCCEF4FD65368A4B39F8C293C5C4F4C7E52D","False","2026-08-06 18:15:47"
"Backend\PlantProcess.Application\Demo\Contracts\DemoLifecycleDtos.cs","01_Backend_Core","Backend Core: API, Application, Analytics, Domain, Infrastructure, Workers","C# Source",".cs","102","2946","2.88","D6516C72F25D7140B06F15DE3531B2B5E8F84E3A6F326896EEC2272B52470BC2","False","2026-05-21 16:01:13"
"Backend\PlantProcess.Application\Demo\Interfaces\IDemoLifecycleService.cs","01_Backend_Core","Backend Core: API, Application, Analytics, Domain, Infrastructure, Workers","C# Source",".cs","9","304","0.3","6714B05C1E117DB5F2073777F50B3642F8887A7840C53455FBEEC506D6FAB077","False","2026-05-21 14:49:18"
"Backend\PlantProcess.Application\Demo\Readiness\DemoReadinessEvaluator.cs","01_Backend_Core","Backend Core: API, Application, Analytics, Domain, Infrastructure, Workers","C# Source",".cs","43","1639","1.6","F138B984FDB8092B0C04EF7E2D9A7571EAE2B3F4E33079CDC4C161764C27D898","False","2026-06-15 07:40:38"
"Backend\PlantProcess.Application\Demo\Services\DemoLifecycleService.cs","01_Backend_Core","Backend Core: API, Application, Analytics, Domain, Infrastructure, Workers","C# Source",".cs","584","24707","24.13","52B0B895B291595E9CE760C33C7DC8608DAF9ED8CCFCE39218628582F92717DA","False","2026-05-21 16:01:25"
"Backend\PlantProcess.Application\DependencyInjection.cs","01_Backend_Core","Backend Core: API, Application, Analytics, Domain, Infrastructure, Workers","C# Source",".cs","141","8050","7.86","2C4AF1BCB839F8CC2686365A6D774111B1F14D294B6CF51BD72731079FE49EF4","False","2026-08-15 16:22:03"
"Backend\PlantProcess.Application\GlobalUsings.T08.cs","01_Backend_Core","Backend Core: API, Application, Analytics, Domain, Infrastructure, Workers","C# Source",".cs","3","269","0.26","5A98AA69CF632055D30F37598B1408922EBB12AB133AE01E56C187EB3E826EA6","False","2026-06-13 00:47:56"
"Backend\PlantProcess.Application\Integration\Connectors\ConnectorCertification.cs","01_Backend_Core","Backend Core: API, Application, Analytics, Domain, Infrastructure, Workers","C# Source",".cs","76","2081","2.03","F95ADF5D1D512C9109F1F441995344A4C124412A06B3B2CCE7F278A5C5218B44","False","2026-06-09 14:33:08"
"Backend\PlantProcess.Application\Integration\Connectors\ConnectorProviderCatalog.cs","01_Backend_Core","Backend Core: API, Application, Analytics, Domain, Infrastructure, Workers","C# Source",".cs","104","4835","4.72","BA307EC6BCE0A14F42049859F75B9087495014676C4E6E822CF956D96BF140BB","False","2026-07-15 11:08:42"
"Backend\PlantProcess.Application\Integration\Connectors\ProviderAvailability.cs","01_Backend_Core","Backend Core: API, Application, Analytics, Domain, Infrastructure, Workers","C# Source",".cs","28","1194","1.17","94E40232A35767D4C73D9AAA7E9B9FBE14377888674C3C048DF3A7518FBFF348","False","2026-06-13 00:50:53"
"Backend\PlantProcess.Application\Integration\Contracts\Commands\BulkCreateStagingRecordsCommand.cs","01_Backend_Core","Backend Core: API, Application, Analytics, Domain, Infrastructure, Workers","C# Source",".cs","18","456","0.45","6818D2FFDDE3D7A4A1C0B65F506A814987C28AF41A8507C4262E5363813E32BF","False","2026-05-19 00:19:14"
"Backend\PlantProcess.Application\Integration\Contracts\Commands\CreateImportBatchCommand.cs","01_Backend_Core","Backend Core: API, Application, Analytics, Domain, Infrastructure, Workers","C# Source",".cs","15","377","0.37","DBF8852649E1CFB31D821C0ED5946C1EE530EA2B0A40C781937C7D9097316462","False","2026-05-19 00:19:14"
"Backend\PlantProcess.Application\Integration\Contracts\Commands\RunImportWorkflowCommand.cs","01_Backend_Core","Backend Core: API, Application, Analytics, Domain, Infrastructure, Workers","C# Source",".cs","36","1197","1.17","DEACB458411452E808AE613203908EC83D2D37FF5FA85E3269DFE0BD4DC3DA3F","False","2026-05-19 00:19:14"
"Backend\PlantProcess.Application\Integration\Contracts\ConnectionProfiles\ConnectionProfileDtos.cs","01_Backend_Core","Backend Core: API, Application, Analytics, Domain, Infrastructure, Workers","C# Source",".cs","16","271","0.26","0A3929FA6585E1E1F704A06F953FA6F03CF4F2BB5A1A2509A8C8C74D42407407","False","2026-05-19 00:19:14"
"Backend\PlantProcess.Application\Integration\Contracts\ConnectionProfiles\CreateConnectionProfileCommand.cs","01_Backend_Core","Backend Core: API, Application, Analytics, Domain, Infrastructure, Workers","C# Source",".cs","16","280","0.27","B93BD1CAAC0B5A88757DC47F50DB6822E556DA16DE2FE0404918017CCCF33FCE","False","2026-05-19 00:19:14"
"Backend\PlantProcess.Application\Integration\Contracts\Dtos\ConnectorDtos.cs","01_Backend_Core","Backend Core: API, Application, Analytics, Domain, Infrastructure, Workers","C# Source",".cs","180","4891","4.78","7CE25E155BC9E2BC19EF5FDE7E13F41B3BF67A80CA7C5EF116B81C1887F54B79","False","2026-05-19 00:19:14"
"Backend\PlantProcess.Application\Integration\Contracts\Dtos\DataSourceConnectorDtos.cs","01_Backend_Core","Backend Core: API, Application, Analytics, Domain, Infrastructure, Workers","C# Source",".cs","80","2198","2.15","F319040914B385283F532F8B42D2255610AF01D9CFE92D21ACAAE33D91D15DC7","False","2026-05-19 00:19:14"
"Backend\PlantProcess.Application\Integration\Contracts\Dtos\ImportWorkflowResult.cs","01_Backend_Core","Backend Core: API, Application, Analytics, Domain, Infrastructure, Workers","C# Source",".cs","51","1416","1.38","A8ADFC0BE1BB55A01AB79F074567768472E92B1CC6780F2B639696DF8D80D119","False","2026-05-19 00:19:14"
"Backend\PlantProcess.Application\Integration\Contracts\Dtos\SchemaConfigurationDtos.cs","01_Backend_Core","Backend Core: API, Application, Analytics, Domain, Infrastructure, Workers","C# Source",".cs","107","2899","2.83","E8472EF0F1F26F932336370ECBBFF8B38C6B4D03F651ABE4DAAFAC3A8D3C1658","False","2026-05-19 00:19:14"
"Backend\PlantProcess.Application\Integration\Contracts\Dtos\SourceDiscoveryDtos.cs","01_Backend_Core","Backend Core: API, Application, Analytics, Domain, Infrastructure, Workers","C# Source",".cs","34","1162","1.13","58D3FF7A3897446F2CF6F1894BE48F065BC06ADA268F9CBB2AA7B11DA09F137A","False","2026-07-08 14:42:55"
"Backend\PlantProcess.Application\Integration\Contracts\Jobs\JobDefinitionDtos.cs","01_Backend_Core","Backend Core: API, Application, Analytics, Domain, Infrastructure, Workers","C# Source",".cs","55","1406","1.37","E9E5931D4D5A728F69837FF19CED1A74C835C9F0D82CA015A888265D8C8975B5","False","2026-05-19 00:19:14"
"Backend\PlantProcess.Application\Integration\Contracts\Jobs\JobOperationsDtos.cs","01_Backend_Core","Backend Core: API, Application, Analytics, Domain, Infrastructure, Workers","C# Source",".cs","58","1488","1.45","644CAF746D5932351F5041487963D1BCF891335D5275DEB8736FDB9B8B855CAF","False","2026-05-19 00:19:14"
"Backend\PlantProcess.Application\Integration\Contracts\Jobs\JobRunHistoryDtos.cs","01_Backend_Core","Backend Core: API, Application, Analytics, Domain, Infrastructure, Workers","C# Source",".cs","16","253","0.25","D16A21D7ED196990DA8FC54A7F87AF8A1BDC733E5F504F158343D5B7F88A9CF1","False","2026-05-19 00:19:14"
"Backend\PlantProcess.Application\Integration\Contracts\Mapping\CreateMappingDefinitionCommand.cs","01_Backend_Core","Backend Core: API, Application, Analytics, Domain, Infrastructure, Workers","C# Source",".cs","17","442","0.43","FE4E0D7C86B6057A1FE714DA22E68C34AC1E51D505BCF7233CA87BB2EDCE3013","False","2026-05-19 00:19:14"
"Backend\PlantProcess.Application\Integration\Contracts\Mapping\MappingDefinitionDtos.cs","01_Backend_Core","Backend Core: API, Application, Analytics, Domain, Infrastructure, Workers","C# Source",".cs","16","260","0.25","E098590D68BD7FBD4941D9FEB3E5F3642401774DCABFFBF0FF582A6BADC26CCC","False","2026-05-19 00:19:14"
"Backend\PlantProcess.Application\Integration\Contracts\Mapping\MappingExecutionResult.cs","01_Backend_Core","Backend Core: API, Application, Analytics, Domain, Infrastructure, Workers","C# Source",".cs","26","636","0.62","AAFCBF727F1E5567B03F4317504AA004910CCE906DFA73C1020F6DC3ED666708","False","2026-05-19 00:19:14"
"Backend\PlantProcess.Application\Integration\Contracts\SourceSystems\RegisterSourceSystemCommand.cs","01_Backend_Core","Backend Core: API, Application, Analytics, Domain, Infrastructure, Workers","C# Source",".cs","14","363","0.35","9C929A56CDB7C5A5D1C03D80139325BDF9F749E71AEB2E3B41E850C1ECB54D66","False","2026-05-19 00:19:14"
"Backend\PlantProcess.Application\Integration\Contracts\SourceSystems\SourceSystemDtos.cs","01_Backend_Core","Backend Core: API, Application, Analytics, Domain, Infrastructure, Workers","C# Source",".cs","16","261","0.25","8F49FFB45D48C482227AE548F8DBCB8C1084AADC3F71F22000683CC6A24C5612","False","2026-05-19 00:19:14"
"Backend\PlantProcess.Application\Integration\Contracts\Staging\StagingRecordBulkCreateResult.cs","01_Backend_Core","Backend Core: API, Application, Analytics, Domain, Infrastructure, Workers","C# Source",".cs","16","391","0.38","01E615283330E1C823B27AA39B71921AC64EC34A5E36FF0E2211364D2AA225A1","False","2026-05-19 00:19:14"
"Backend\PlantProcess.Application\Integration\Interfaces\Connectors\IConnectorConfigurationService.cs","01_Backend_Core","Backend Core: API, Application, Analytics, Domain, Infrastructure, Workers","C# Source",".cs","75","2915","2.85","F47EF30C17093F4080DA886B3099038377FDA3FE4E18B4B58BCAA5774C041823","False","2026-07-08 14:42:55"
"Backend\PlantProcess.Application\Integration\Interfaces\Import\IImportBatchQueueProcessorService.cs","01_Backend_Core","Backend Core: API, Application, Analytics, Domain, Infrastructure, Workers","C# Source",".cs","18","500","0.49","32AD81A4AEB5EF23D81A84E8FBC672F81BF8BABD59402A836B93ABE959996BAE","False","2026-05-19 00:19:14"
"Backend\PlantProcess.Application\Integration\Interfaces\Import\IImportBatchService.cs","01_Backend_Core","Backend Core: API, Application, Analytics, Domain, Infrastructure, Workers","C# Source",".cs","70","2160","2.11","228C24401A89154541411A5452175810F158E30FC37BEAE5CC3DF83E7AC4DEAA","False","2026-05-19 00:19:14"
"Backend\PlantProcess.Application\Integration\Interfaces\Import\IImportWorkflowService.cs","01_Backend_Core","Backend Core: API, Application, Analytics, Domain, Infrastructure, Workers","C# Source",".cs","16","452","0.44","417082968F8F519CAD121615AD9FCCC5E973BA3D337FAD0E30F50B638C3D24E7","False","2026-05-19 00:19:14"
"Backend\PlantProcess.Application\Integration\Interfaces\Jobs\IJobDefinitionService.cs","01_Backend_Core","Backend Core: API, Application, Analytics, Domain, Infrastructure, Workers","C# Source",".cs","46","1539","1.5","D93809A0F97B3D5DA67250B520A2278DB045E641B55FFBA9E97F3FB5B7D74539","False","2026-05-19 00:19:14"
"Backend\PlantProcess.Application\Integration\Interfaces\Jobs\IJobRegistrationService.cs","01_Backend_Core","Backend Core: API, Application, Analytics, Domain, Infrastructure, Workers","C# Source",".cs","18","551","0.54","15083DAF3D99BD063AD3E7AF846942D18BA38774C5083CA8599AC554F1DA4F3A","False","2026-05-19 00:19:14"
"Backend\PlantProcess.Application\Integration\Interfaces\Jobs\IJobRunOrchestratorService.cs","01_Backend_Core","Backend Core: API, Application, Analytics, Domain, Infrastructure, Workers","C# Source",".cs","17","500","0.49","27B9BEEFA664E3B17A0FE59DDF81E94A20D4A20EF702027A2740FF5851313346","False","2026-05-19 00:19:14"
"Backend\PlantProcess.Application\Integration\Interfaces\Jobs\IJobRuntimeService.cs","01_Backend_Core","Backend Core: API, Application, Analytics, Domain, Infrastructure, Workers","C# Source",".cs","32","1007","0.98","CC85938D9EC4EA71AEBCC2ED14AA9727BE821B82C64B5D5A256CF129530D710B","False","2026-05-19 00:19:14"
"Backend\PlantProcess.Application\Integration\Interfaces\Mapping\IMappingDefinitionService.cs","01_Backend_Core","Backend Core: API, Application, Analytics, Domain, Infrastructure, Workers","C# Source",".cs","36","1422","1.39","AA08ED8ACCC2FB003E6B2ECB9D9B9259E07661E34BCAF47D45A1938FC8FBA608","False","2026-05-19 00:19:14"
"Backend\PlantProcess.Application\Integration\Interfaces\Mapping\IMappingExecutionService.cs","01_Backend_Core","Backend Core: API, Application, Analytics, Domain, Infrastructure, Workers","C# Source",".cs","24","671","0.66","5FC0140AD53AD99DCB19C33E75ED149CD03B1F19387E2A1896D6CCCE37A7F5BF","False","2026-05-19 00:19:14"
"Backend\PlantProcess.Application\Integration\Interfaces\SchemaConfiguration\ISchemaConfigurationService.cs","01_Backend_Core","Backend Core: API, Application, Analytics, Domain, Infrastructure, Workers","C# Source",".cs","54","1929","1.88","14DD5AA05D56C7C5129D3107A24EA21BF8987EC4978A557127319B7C17BE83B6","False","2026-05-19 00:19:14"
"Backend\PlantProcess.Application\Integration\Interfaces\SchemaConfiguration\ISchemaReader.cs","01_Backend_Core","Backend Core: API, Application, Analytics, Domain, Infrastructure, Workers","C# Source",".cs","24","771","0.75","E38FFDFDB6C924A0F3F7D3FD3E68CECAEAA9D53E7E15C06D5BD541FF754F8F5D","False","2026-05-19 00:19:14"
"Backend\PlantProcess.Application\Integration\Interfaces\SourceSystems\IDataSourceConnector.cs","01_Backend_Core","Backend Core: API, Application, Analytics, Domain, Infrastructure, Workers","C# Source",".cs","32","814","0.79","658F405A03484552CBD358B3F5CA84081E72CED63D5616D5C68548570270196F","False","2026-05-24 14:20:18"
"Backend\PlantProcess.Application\Integration\Interfaces\SourceSystems\IDataSourceConnectorFactory.cs","01_Backend_Core","Backend Core: API, Application, Analytics, Domain, Infrastructure, Workers","C# Source",".cs","21","598","0.58","E732608E5189F3CEF13D613F4ED757B8518B67733478B3526DB6F125DDD64694","False","2026-05-19 00:19:14"
"Backend\PlantProcess.Application\Integration\Interfaces\SourceSystems\IDataSourceReader.cs","01_Backend_Core","Backend Core: API, Application, Analytics, Domain, Infrastructure, Workers","C# Source",".cs","34","1095","1.07","1B22CD47AABA61A85A6DA3BFE2E7AB0F3FABC4356B20EBAA12C27199061CA8FC","False","2026-05-19 00:19:14"
"Backend\PlantProcess.Application\Integration\Interfaces\SourceSystems\IDeltaImportExecutionService.cs","01_Backend_Core","Backend Core: API, Application, Analytics, Domain, Infrastructure, Workers","C# Source",".cs","21","624","0.61","2FA9B8619448F8A274EB71895C2D915C35CC8935CF8FE1DF7F151B588E67EE66","False","2026-05-22 20:06:10"
"Backend\PlantProcess.Application\Integration\Interfaces\SourceSystems\IIncrementalSyncStateService.cs","01_Backend_Core","Backend Core: API, Application, Analytics, Domain, Infrastructure, Workers","C# Source",".cs","23","703","0.69","F0ABFFAF3E01B1CD20D074303A4B9D5477A343F1A6E620EAB74C867166830840","False","2026-05-19 00:19:14"
"Backend\PlantProcess.Application\Integration\Interfaces\SourceSystems\ISourceSystemService.cs","01_Backend_Core","Backend Core: API, Application, Analytics, Domain, Infrastructure, Workers","C# Source",".cs","26","804","0.79","C6AFC9AEAA1EA439E273BEF33889098C2FC127E6AB43AA56AC4CFE7605CF371B","False","2026-05-19 00:19:14"
"Backend\PlantProcess.Application\Integration\Interfaces\Staging\IStagingRecordService.cs","01_Backend_Core","Backend Core: API, Application, Analytics, Domain, Infrastructure, Workers","C# Source",".cs","16","478","0.47","6C17C6EF3BE86DDD17242354DC49E8651D6973CF6DCBA1B6638A5FCB74EA781B","False","2026-05-19 00:19:14"
"Backend\PlantProcess.Application\Integration\Mapping\Faults\MappingFaultClassifier.cs","01_Backend_Core","Backend Core: API, Application, Analytics, Domain, Infrastructure, Workers","C# Source",".cs","30","1258","1.23","9FDB4B1CEED978C8CBC1A70A92DCB3A1410F47500D6AC1EB937E25857716C029","False","2026-06-15 10:18:31"
"Backend\PlantProcess.Application\Integration\Protection\ISourceLoadBudgetProvider.cs","01_Backend_Core","Backend Core: API, Application, Analytics, Domain, Infrastructure, Workers","C# Source",".cs","12","461","0.45","7E5155BFC1DF30C9BAF1B86F2457B3559B0B3C3BB95455FCE67A785D1DE40394","False","2026-06-25 09:07:00"
"Backend\PlantProcess.Application\Integration\Protection\SourceLoadBudgetOptions.cs","01_Backend_Core","Backend Core: API, Application, Analytics, Domain, Infrastructure, Workers","C# Source",".cs","35","1195","1.17","C54B1D1BEA899ECC65C7CC13B9B1CA4ABCDD76E4AC8FE5136578447D8D91D5C8","False","2026-06-25 09:07:00"
"Backend\PlantProcess.Application\Integration\Protection\SourceLoadProtectionPolicy.cs","01_Backend_Core","Backend Core: API, Application, Analytics, Domain, Infrastructure, Workers","C# Source",".cs","64","2660","2.6","407B19C809965053508C1E0EB7F33D2CB577A41A07456F2BC5BDBCD329D99C3F","False","2026-06-15 10:18:31"
"Backend\PlantProcess.Application\Integration\Protection\SourceLoadRejectedException.cs","01_Backend_Core","Backend Core: API, Application, Analytics, Domain, Infrastructure, Workers","C# Source",".cs","20","633","0.62","F3474C78CEF6293D386CF6689B31336883487B80411C805FAABAF6E7E0F4AAD8","False","2026-06-25 09:07:00"
"Backend\PlantProcess.Application\Integration\Protection\SourceQueryRateLimiter.cs","01_Backend_Core","Backend Core: API, Application, Analytics, Domain, Infrastructure, Workers","C# Source",".cs","41","1325","1.29","C6149E4B4071CD04CBE72233C715CA75D362149434DDCFC983AE61654BCE31E6","False","2026-06-25 09:07:00"
"Backend\PlantProcess.Application\Integration\Protection\ThrottlingDataSourceReader.cs","01_Backend_Core","Backend Core: API, Application, Analytics, Domain, Infrastructure, Workers","C# Source",".cs","71","2859","2.79","F394E1D04C447E69F847EA69BE84FC4CF2C926C832145673BFD8690F63EBA825","False","2026-06-25 09:07:00"
"Backend\PlantProcess.Application\Integration\Security\CanonicalTableAllowlist.cs","01_Backend_Core","Backend Core: API, Application, Analytics, Domain, Infrastructure, Workers","C# Source",".cs","26","1217","1.19","BBE07577402990842776F537D75B591840B6FAC7B4619D8C75769A0ED3367D44","False","2026-06-04 01:19:36"
"Backend\PlantProcess.Application\Integration\Security\ITableAllowlistProvider.cs","01_Backend_Core","Backend Core: API, Application, Analytics, Domain, Infrastructure, Workers","C# Source",".cs","17","681","0.67","FD7D1DE3C57389E112ADD488F1B2B988AB0F0DD918B4DC8C55D28A9404337D07","False","2026-06-04 01:19:36"
"Backend\PlantProcess.Application\Integration\Security\SafeSqlCommentStripper.cs","01_Backend_Core","Backend Core: API, Application, Analytics, Domain, Infrastructure, Workers","C# Source",".cs","121","3410","3.33","E9302756654B5A73444782FDAA0CCEF74AD9D355925AD9BFE8359EEF2822FE17","False","2026-06-07 14:44:19"
"Backend\PlantProcess.Application\Integration\Security\SafeSqlValidator.cs","01_Backend_Core","Backend Core: API, Application, Analytics, Domain, Infrastructure, Workers","C# Source",".cs","356","12546","12.25","2DD25242DCDA52C82649D39C73EDEB19071247CFB8CA4E42DF5E1A03687FAC0C","False","2026-06-07 14:44:19"
"Backend\PlantProcess.Application\Integration\Security\SqlAllowlistProvider.cs","01_Backend_Core","Backend Core: API, Application, Analytics, Domain, Infrastructure, Workers","C# Source",".cs","101","2784","2.72","E25B7A64691DE519BB153398E097912F4B1980AFD3B9A2B16993C2EC1D4C67FA","False","2026-06-04 08:47:03"
"Backend\PlantProcess.Application\Integration\Services\Connectors\ConnectorConfigurationService.cs","01_Backend_Core","Backend Core: API, Application, Analytics, Domain, Infrastructure, Workers","C# Source",".cs","32","1171","1.14","85B0A55515C02C94065A1DE2929494D27CB9491132446EA0CE3A5D329201E484","False","2026-06-07 15:57:27"
"Backend\PlantProcess.Application\Integration\Services\Connectors\ConnectorConfigurationService.Csv.014.DiscoverCsvSchemaAsync.cs","01_Backend_Core","Backend Core: API, Application, Analytics, Domain, Infrastructure, Workers","C# Source",".cs","81","3661","3.58","D2DF4D1B2AFF14008ECECB4FBEEEC8C2ABA842DDF9026B31260D0CA41E7C7150","False","2026-06-07 15:57:27"
"Backend\PlantProcess.Application\Integration\Services\Connectors\ConnectorConfigurationService.Csv.015.PreviewCsvAsync.cs","01_Backend_Core","Backend Core: API, Application, Analytics, Domain, Infrastructure, Workers","C# Source",".cs","41","1739","1.7","59ED22C455F8FE0D609414B0D1CF0E4198C34416E0387FD6B8F837AE2A835DB2","False","2026-06-07 15:57:27"
"Backend\PlantProcess.Application\Integration\Services\Connectors\ConnectorConfigurationService.Csv.016.ImportCsvSnapshotAsync.cs","01_Backend_Core","Backend Core: API, Application, Analytics, Domain, Infrastructure, Workers","C# Source",".cs","118","5356","5.23","1A973238D4E59843205B9C677AA7905BA46B1D5E07538AEA32E11DE8D0EC7AF1","False","2026-06-07 15:57:27"
"Backend\PlantProcess.Application\Integration\Services\Connectors\ConnectorConfigurationService.Csv.024.ResolveDelimiter.cs","01_Backend_Core","Backend Core: API, Application, Analytics, Domain, Infrastructure, Workers","C# Source",".cs","36","1171","1.14","363B02684E5524BCEF3D6C426B6B9A347C24FB6FE7A0FF9A5A1F2855F6A7B842","False","2026-06-07 15:57:27"
"Backend\PlantProcess.Application\Integration\Services\Connectors\ConnectorConfigurationService.CsvParser.999.CsvTextParser.cs","01_Backend_Core","Backend Core: API, Application, Analytics, Domain, Infrastructure, Workers","C# Source",".cs","19","804","0.79","CA153B7BD8487650AD043DB6E4738A7A92AAF7DA9EC8BFF4DAE618EF90857D84","False","2026-06-07 15:57:27"
"Backend\PlantProcess.Application\Integration\Services\Connectors\ConnectorConfigurationService.Datasets.009.ToDatasetDto.cs","01_Backend_Core","Backend Core: API, Application, Analytics, Domain, Infrastructure, Workers","C# Source",".cs","41","1887","1.84","D3A72FC3701EDD26E41C202305448BB7DA380961BEAAED41311F5C1DE35C571E","False","2026-06-07 15:57:27"
"Backend\PlantProcess.Application\Integration\Services\Connectors\ConnectorConfigurationService.Datasets.010.DiscoverSchemaAsync.cs","01_Backend_Core","Backend Core: API, Application, Analytics, Domain, Infrastructure, Workers","C# Source",".cs","140","7013","6.85","78C0F121ECC7E9F0B459F8F164A6B82B360EB33EFABBEC3B0AA8816B6A26C8DD","False","2026-06-07 15:57:27"
"Backend\PlantProcess.Application\Integration\Services\Connectors\ConnectorConfigurationService.Datasets.012.GetDatasetsAsync.cs","01_Backend_Core","Backend Core: API, Application, Analytics, Domain, Infrastructure, Workers","C# Source",".cs","61","2665","2.6","3E380FD89F7C8754D78413E1BA01DBB98B43C918AB345176737303E28D39B4D6","False","2026-06-07 15:57:27"
"Backend\PlantProcess.Application\Integration\Services\Connectors\ConnectorConfigurationService.Datasets.013.CreateDatasetAsync.cs","01_Backend_Core","Backend Core: API, Application, Analytics, Domain, Infrastructure, Workers","C# Source",".cs","75","3869","3.78","6A0B3A69B62EFCE3AB35C9E22C972C0EDF610007B30913083B841200E84722AF","False","2026-07-12 15:36:28"
"Backend\PlantProcess.Application\Integration\Services\Connectors\ConnectorConfigurationService.Datasets.018.GetDatasetDtoQuery.cs","01_Backend_Core","Backend Core: API, Application, Analytics, Domain, Infrastructure, Workers","C# Source",".cs","44","1969","1.92","4FF680D79C6D9A7EA75E10413E70F2A76F457C8290D23AB40392FA26D4330575","False","2026-07-12 15:36:28"
"Backend\PlantProcess.Application\Integration\Services\Connectors\ConnectorConfigurationService.Discovery.030.LiveDiscovery.cs","01_Backend_Core","Backend Core: API, Application, Analytics, Domain, Infrastructure, Workers","C# Source",".cs","128","5766","5.63","A82D0B29D71E820D7CBA9647F9CDDF1711B2036BA9DDCD4F755F06EF24685B1C","False","2026-07-08 14:42:55"
"Backend\PlantProcess.Application\Integration\Services\Connectors\ConnectorConfigurationService.Fields.020.BuildFieldDefinitions.cs","01_Backend_Core","Backend Core: API, Application, Analytics, Domain, Infrastructure, Workers","C# Source",".cs","54","2369","2.31","F5599C3C1646A8FED84EA6AE21C2CA02411F36F6A3C22A544A46B373F3FBDEE0","False","2026-06-07 15:57:27"
"Backend\PlantProcess.Application\Integration\Services\Connectors\ConnectorConfigurationService.Fields.021.BuildFieldDefinitionDtos.cs","01_Backend_Core","Backend Core: API, Application, Analytics, Domain, Infrastructure, Workers","C# Source",".cs","52","2087","2.04","3211FE7B2FA29A74838212EF9D122BF1EB62E2AA8A3BCB21ABBDD2B19DDDDAD5","False","2026-06-07 15:57:27"
"Backend\PlantProcess.Application\Integration\Services\Connectors\ConnectorConfigurationService.Helpers.011.NormalizeCode.cs","01_Backend_Core","Backend Core: API, Application, Analytics, Domain, Infrastructure, Workers","C# Source",".cs","28","1069","1.04","87568846B5A0C048B96FF884CB019E6C01CC510590E42DBFC7E7ACD5A3D39D63","False","2026-06-07 15:57:27"
"Backend\PlantProcess.Application\Integration\Services\Connectors\ConnectorConfigurationService.Helpers.023.NormalizeProviderType.cs","01_Backend_Core","Backend Core: API, Application, Analytics, Domain, Infrastructure, Workers","C# Source",".cs","36","1293","1.26","51E9D850BF892E8C11D4CCDB8CA68560370AB7E37580A63FB3D0524E6598816D","False","2026-06-07 15:57:27"
"Backend\PlantProcess.Application\Integration\Services\Connectors\ConnectorConfigurationService.Helpers.025.InferDataType.cs","01_Backend_Core","Backend Core: API, Application, Analytics, Domain, Infrastructure, Workers","C# Source",".cs","43","1429","1.4","6F4C2298847D58F0F43245AF53443EE542E08AA18038C12E7DE454B2036AC962","False","2026-06-07 15:57:27"
"Backend\PlantProcess.Application\Integration\Services\Connectors\ConnectorConfigurationService.Helpers.026.LooksLikeKey.cs","01_Backend_Core","Backend Core: API, Application, Analytics, Domain, Infrastructure, Workers","C# Source",".cs","25","961","0.94","182AAD79EC0809C840A81353992B8BD717113805167CFF803C5519244F1E4813","False","2026-06-07 15:57:27"
"Backend\PlantProcess.Application\Integration\Services\Connectors\ConnectorConfigurationService.Helpers.027.LooksLikeTimestamp.cs","01_Backend_Core","Backend Core: API, Application, Analytics, Domain, Infrastructure, Workers","C# Source",".cs","25","971","0.95","67D5D2F3FD2BD63E514F8869960DE995A3B424695203BE610CB458443D3C106F","False","2026-06-07 15:57:27"
"Backend\PlantProcess.Application\Integration\Services\Connectors\ConnectorConfigurationService.Helpers.028.Parse.cs","01_Backend_Core","Backend Core: API, Application, Analytics, Domain, Infrastructure, Workers","C# Source",".cs","165","5702","5.57","A45D1E162153B6BAC1DD58F2BC6A8125AA38CF6C49CACBE9C7B77874614C0242","False","2026-06-07 15:57:27"
"Backend\PlantProcess.Application\Integration\Services\Connectors\ConnectorConfigurationService.Profiles.002.GetConnectionProfilesAsync.cs","01_Backend_Core","Backend Core: API, Application, Analytics, Domain, Infrastructure, Workers","C# Source",".cs","71","3111","3.04","13665D37CC3C5F7A59A7B3525DE71CA0A9B366814F277C99E60080837E963B00","False","2026-06-07 15:57:27"
"Backend\PlantProcess.Application\Integration\Services\Connectors\ConnectorConfigurationService.Profiles.003.GetConnectionProfileByIdAsync.cs","01_Backend_Core","Backend Core: API, Application, Analytics, Domain, Infrastructure, Workers","C# Source",".cs","27","1173","1.15","320A366D6ACE0A91A088A8066896156C370C8CE881CEEE4EEE58420C65CB7C34","False","2026-07-13 11:05:31"
"Backend\PlantProcess.Application\Integration\Services\Connectors\ConnectorConfigurationService.Profiles.004.CreateConnectionProfileAsync.cs","01_Backend_Core","Backend Core: API, Application, Analytics, Domain, Infrastructure, Workers","C# Source",".cs","84","3594","3.51","C441B3A344BB48BBA671B4335C6554B6FE3208DC1A2D481768452CAD570CD4F2","False","2026-06-07 15:57:27"
"Backend\PlantProcess.Application\Integration\Services\Connectors\ConnectorConfigurationService.Profiles.005.UpdateConnectionProfileAsync.cs","01_Backend_Core","Backend Core: API, Application, Analytics, Domain, Infrastructure, Workers","C# Source",".cs","48","2048","2","0F7C9A0E47455D4A9EBAC878CF041B749303DAF95427CD852E9841D8C25747E0","False","2026-06-07 15:57:27"
"Backend\PlantProcess.Application\Integration\Services\Connectors\ConnectorConfigurationService.Profiles.006.ActivateConnectionProfileAsync.cs","01_Backend_Core","Backend Core: API, Application, Analytics, Domain, Infrastructure, Workers","C# Source",".cs","31","1315","1.28","34BC0D4B6B40482FCFE24C3B0D45A2B1BF8687ED98ADA52B65E62D2951E57D23","False","2026-06-07 15:57:27"
"Backend\PlantProcess.Application\Integration\Services\Connectors\ConnectorConfigurationService.Profiles.007.DeactivateConnectionProfileAsync.cs","01_Backend_Core","Backend Core: API, Application, Analytics, Domain, Infrastructure, Workers","C# Source",".cs","31","1319","1.29","387B00DBC38D7F319AFBC0D62493DC7A82881A9EEC632E448D86CF0BB31CFDA1","False","2026-06-07 15:57:27"
"Backend\PlantProcess.Application\Integration\Services\Connectors\ConnectorConfigurationService.Profiles.008.TestConnectionProfileAsync.cs","01_Backend_Core","Backend Core: API, Application, Analytics, Domain, Infrastructure, Workers","C# Source",".cs","47","2022","1.97","18976E1041EC6085D685B46F3A449E71C1066D2FD9F083C7378466A0B51CC2F4","False","2026-07-15 10:59:33"
"Backend\PlantProcess.Application\Integration\Services\Connectors\ConnectorConfigurationService.Profiles.017.GetConnectionProfileDtoQuery.cs","01_Backend_Core","Backend Core: API, Application, Analytics, Domain, Infrastructure, Workers","C# Source",".cs","50","2189","2.14","21529E2B7BFA42939048B7940CDC8DD74FF276615C38E7DC8BFB79619F5C2B6E","False","2026-07-13 11:05:31"
"Backend\PlantProcess.Application\Integration\Services\Connectors\ConnectorConfigurationService.Profiles.022.ValidateConnectionProfileRequest.cs","01_Backend_Core","Backend Core: API, Application, Analytics, Domain, Infrastructure, Workers","C# Source",".cs","32","1421","1.39","88D9AFFD882B256021BEA433771BA3745F255382B96D30839165B9D69DBEC154","False","2026-06-07 15:57:27"
"Backend\PlantProcess.Application\Integration\Services\Connectors\ConnectorConfigurationService.ProviderTypes.001.GetProviderTypes.cs","01_Backend_Core","Backend Core: API, Application, Analytics, Domain, Infrastructure, Workers","C# Source",".cs","102","4786","4.67","4A10A7107F55716CC0B80A0E55C87FB91CA06520CEA655886BBABC9BBEAADDA1","False","2026-06-13 00:50:53"
"Backend\PlantProcess.Application\Integration\Services\Connectors\ConnectorConfigurationService.Queries.019.GetFieldDtosAsync.cs","01_Backend_Core","Backend Core: API, Application, Analytics, Domain, Infrastructure, Workers","C# Source",".cs","41","1646","1.61","5F079ABCE40C93C08A732F5BF0C526A9081689A132DB2C1F46B2363C9CED6275","False","2026-06-07 15:57:27"
"Backend\PlantProcess.Application\Integration\Services\Import\ImportBatchQueueProcessorService.cs","01_Backend_Core","Backend Core: API, Application, Analytics, Domain, Infrastructure, Workers","C# Source",".cs","172","7456","7.28","48CE2D060B1A7E084BD08788D353B8B0C52B584F91AD466EFB2A84F05819758F","False","2026-05-19 00:19:14"
"Backend\PlantProcess.Application\Integration\Services\Import\ImportBatchService.cs","01_Backend_Core","Backend Core: API, Application, Analytics, Domain, Infrastructure, Workers","C# Source",".cs","156","5997","5.86","CA1A2ED7B1DDC90262F6F2FF69413E96FB5A6A0F1AF3AC68EAB353BA1C1D20CA","False","2026-05-19 00:19:14"
"Backend\PlantProcess.Application\Integration\Services\Import\ImportWorkflowService.cs","01_Backend_Core","Backend Core: API, Application, Analytics, Domain, Infrastructure, Workers","C# Source",".cs","272","13507","13.19","FF7C276980495E7BCC8905D1281D055611AA5B81C1949923313C393F3D027FD3","False","2026-05-19 00:19:14"
"Backend\PlantProcess.Application\Integration\Services\Jobs\JobDefinitionService.cs","01_Backend_Core","Backend Core: API, Application, Analytics, Domain, Infrastructure, Workers","C# Source",".cs","337","12612","12.32","68C31E779469792A74EB43E366E2C04CB857A93B4C3485B67F5C9A414B2C731D","False","2026-05-19 00:19:14"
"Backend\PlantProcess.Application\Integration\Services\Jobs\JobRegistrationService.cs","01_Backend_Core","Backend Core: API, Application, Analytics, Domain, Infrastructure, Workers","C# Source",".cs","287","12346","12.06","B3CC2D7AE1C1338E777A78E007240B2575079CD2FA8A31D0FA1539347C4EBA0D","False","2026-05-19 10:56:55"
"Backend\PlantProcess.Application\Integration\Services\Jobs\JobRunOrchestratorService.cs","01_Backend_Core","Backend Core: API, Application, Analytics, Domain, Infrastructure, Workers","C# Source",".cs","205","8304","8.11","15CAE6461C7BE351E68DF3C6229A74494789DBB2AC24BBF20ED2A9DCCF554380","False","2026-05-19 00:19:14"
"Backend\PlantProcess.Application\Integration\Services\Jobs\JobRuntimeService.cs","01_Backend_Core","Backend Core: API, Application, Analytics, Domain, Infrastructure, Workers","C# Source",".cs","161","6280","6.13","09C576FE9A8B8AC94AEC412A09648E971B919A51AE5F135E8024B9FD5CA005BE","False","2026-05-19 00:19:14"
"Backend\PlantProcess.Application\Integration\Services\Mapping\MappingDefinitionService.cs","01_Backend_Core","Backend Core: API, Application, Analytics, Domain, Infrastructure, Workers","C# Source",".cs","234","11773","11.5","6198E6D6E92A930E5C72A6A0AB7EFCD29399B3EE4418F9168B34FE1631F9E20E","False","2026-05-19 00:19:14"
"Backend\PlantProcess.Application\Integration\Services\Mapping\MappingExecutionService.cs","01_Backend_Core","Backend Core: API, Application, Analytics, Domain, Infrastructure, Workers","C# Source",".cs","991","41784","40.8","6749419F08FDF6718E211C3D34E36E0BF18A5D248C56D9E857493EDAD0912FDE","False","2026-07-13 16:46:54"
"Backend\PlantProcess.Application\Integration\Services\SchemaConfiguration\SchemaConfigurationService.cs","01_Backend_Core","Backend Core: API, Application, Analytics, Domain, Infrastructure, Workers","C# Source",".cs","380","15429","15.07","B747CD5B1F04428E5F1EB7E935D579CBBD91568A4D980BE044CB460E6E517213","False","2026-05-19 00:19:14"
"Backend\PlantProcess.Application\Integration\Services\SourceSystems\BackfillExecutionService.cs","01_Backend_Core","Backend Core: API, Application, Analytics, Domain, Infrastructure, Workers","C# Source",".cs","337","13308","13","A93B596C8BCC232A60E334B5179107FE0E42CF466F842CF59E30AE12C1610569","False","2026-06-09 09:57:50"
"Backend\PlantProcess.Application\Integration\Services\SourceSystems\ConnectorSchemaDriftService.cs","01_Backend_Core","Backend Core: API, Application, Analytics, Domain, Infrastructure, Workers","C# Source",".cs","245","8757","8.55","418CDF1911345F5192C7D4D8AEE01D0A1EABA0AD64E47B4B66D38C5D8DA3E259","False","2026-06-09 14:20:06"
"Backend\PlantProcess.Application\Integration\Services\SourceSystems\DeltaImportExecutionService.cs","01_Backend_Core","Backend Core: API, Application, Analytics, Domain, Infrastructure, Workers","C# Source",".cs","282","9920","9.69","F78DD6FE12FA8F98014A67D7F34256C3EB1C36F5BF9BBB620D1A10F4F9683774","False","2026-05-25 11:21:26"
"Backend\PlantProcess.Application\Integration\Services\SourceSystems\IncrementalSyncStateService.cs","01_Backend_Core","Backend Core: API, Application, Analytics, Domain, Infrastructure, Workers","C# Source",".cs","93","3960","3.87","2A563E416F5C5110B9DFD985B47BCB88FF630773BA832951E5318EA7B9957DC5","False","2026-07-12 15:36:28"
"Backend\PlantProcess.Application\Integration\Services\SourceSystems\SourceSystemService.cs","01_Backend_Core","Backend Core: API, Application, Analytics, Domain, Infrastructure, Workers","C# Source",".cs","76","3146","3.07","F3559BAE2084E28B719C57303FE702FA928A05307DCC6D2AC982C600E771DA25","False","2026-05-19 00:19:14"
"Backend\PlantProcess.Application\Integration\Services\Staging\StagingRecordService.cs","01_Backend_Core","Backend Core: API, Application, Analytics, Domain, Infrastructure, Workers","C# Source",".cs","133","5415","5.29","265AC37E0713AB1B6EFFE4C1CCA8A7D7E6DF29A479D81004D6E050811904CA65","False","2026-05-19 00:19:14"
"Backend\PlantProcess.Application\Licensing\Contracts\LicenseFeature.cs","01_Backend_Core","Backend Core: API, Application, Analytics, Domain, Infrastructure, Workers","C# Source",".cs","50","1236","1.21","034D15D9910832C79F318D9F3DEB28D271A9C79C14BACFCCB2ADFCAD11FC804F","False","2026-05-21 14:26:38"
"Backend\PlantProcess.Application\Licensing\Contracts\LicenseFeatureStatusDto.cs","01_Backend_Core","Backend Core: API, Application, Analytics, Domain, Infrastructure, Workers","C# Source",".cs","7","194","0.19","4B3CA5600E58A067FB5F6F10D29798713BD4FB69AB0263353CBC10B61B8FC3A5","False","2026-05-21 14:27:45"
"Backend\PlantProcess.Application\Licensing\Contracts\LicenseLimits.cs","01_Backend_Core","Backend Core: API, Application, Analytics, Domain, Infrastructure, Workers","C# Source",".cs","21","683","0.67","BF63F2017DC7781C005B84DD83037FF0D84C6142555CC1C044F3A114C9B3417A","False","2026-05-21 14:26:58"
"Backend\PlantProcess.Application\Licensing\Contracts\LicensePlan.cs","01_Backend_Core","Backend Core: API, Application, Analytics, Domain, Infrastructure, Workers","C# Source",".cs","8","251","0.25","CC0B9A59E2F413E9E376F23EA7FC7324F79841E01AA46398A303F47FF88E29FB","False","2026-05-21 14:27:28"
"Backend\PlantProcess.Application\Licensing\Contracts\LicenseStatusDto.cs","01_Backend_Core","Backend Core: API, Application, Analytics, Domain, Infrastructure, Workers","C# Source",".cs","13","452","0.44","4C1B86F484BC8A48C8DA268D023735D08A96D8B250E9038FCB989AB2CC043478","False","2026-05-21 14:28:00"
"Backend\PlantProcess.Application\Licensing\Contracts\LicenseTier.cs","01_Backend_Core","Backend Core: API, Application, Analytics, Domain, Infrastructure, Workers","C# Source",".cs","9","156","0.15","8684780764EAAE4BFB85AF8291C2BB8B2F97699FC95FFD1491B663058398835E","False","2026-05-21 14:26:08"
"Backend\PlantProcess.Application\Licensing\Interfaces\ILicenseService.cs","01_Backend_Core","Backend Core: API, Application, Analytics, Domain, Infrastructure, Workers","C# Source",".cs","35","1097","1.07","61FF97CBD7092A5AC30ADAC4D909A53B87A1DBD65FE653AABE3FAF5E5CCC5464","False","2026-05-21 14:28:51"
"Backend\PlantProcess.Application\Licensing\Options\LicenseOptions.cs","01_Backend_Core","Backend Core: API, Application, Analytics, Domain, Infrastructure, Workers","C# Source",".cs","20","555","0.54","24F6B023129E5CF101067B17573C8A59DAB3797F1AA8148BA73028AA3062F1BA","False","2026-05-21 15:10:00"
"Backend\PlantProcess.Application\Licensing\Phase10\Phase10LicenseRuntime.cs","01_Backend_Core","Backend Core: API, Application, Analytics, Domain, Infrastructure, Workers","C# Source",".cs","331","11159","10.9","DD30A82490E3533B27C23ADB63CE9BE170E5D5303740BB1A27790A0E325FE151","False","2026-06-13 00:47:56"
"Backend\PlantProcess.Application\Licensing\Services\LicenseService.cs","01_Backend_Core","Backend Core: API, Application, Analytics, Domain, Infrastructure, Workers","C# Source",".cs","379","14987","14.64","5C8F41EAC8313E07F11648C2B052D9B196BC37E70B6D9DEF0D3F82A1E5C9AF21","False","2026-05-21 15:10:26"
"Backend\PlantProcess.Application\PlantProcess.Application.csproj","01_Backend_Core","Backend Core: API, Application, Analytics, Domain, Infrastructure, Workers",".NET Project File",".csproj","45","1693","1.65","B0F7CE6957371C68C1539D73994333A97DB80EAB2653D2D6C5748B2DCD7E8D03","False","2026-06-03 00:54:31"
"Backend\PlantProcess.Application\Provenance\IProvenanceResolver.cs","01_Backend_Core","Backend Core: API, Application, Analytics, Domain, Infrastructure, Workers","C# Source",".cs","7","295","0.29","6890E4278766530E97B95ECEA276F22AE1E4E507F4AA138BBF34A315D6438F22","False","2026-06-02 18:44:07"
"Backend\PlantProcess.Application\Provenance\ProvenanceClaimGuard.cs","01_Backend_Core","Backend Core: API, Application, Analytics, Domain, Infrastructure, Workers","C# Source",".cs","46","1704","1.66","4AB6A12BAE70D4FBFC3B80374CAA29FE3010725FB26A273B5912BB970D37F011","False","2026-06-02 18:44:08"
"Backend\PlantProcess.Application\Provenance\ProvenanceHandle.cs","01_Backend_Core","Backend Core: API, Application, Analytics, Domain, Infrastructure, Workers","C# Source",".cs","60","3110","3.04","FDD9C4CABC18BEB21E5EE5A456FC817E4F51926534FB24968AAEEEF8B454264A","False","2026-08-08 16:16:44"
"Backend\PlantProcess.Application\Reporting\BrandedPdfWriter.cs","01_Backend_Core","Backend Core: API, Application, Analytics, Domain, Infrastructure, Workers","C# Source",".cs","120","5449","5.32","51182E93A7B8F58498EDDFD57B3F475F0A6DFEB7AEB9A5C664E325B9C15F2C8D","False","2026-06-15 11:44:12"
"Backend\PlantProcess.Application\Reporting\InvestigationReportDtos.cs","01_Backend_Core","Backend Core: API, Application, Analytics, Domain, Infrastructure, Workers","C# Source",".cs","33","860","0.84","D44913EB2D4C0384648B4C804F6F30B5D5A8E38CDD8BBCC80CDA3EB29C9440FD","False","2026-05-19 00:19:14"
"Backend\PlantProcess.Application\Security\DataBoundary\AssistantEgressGuard.cs","01_Backend_Core","Backend Core: API, Application, Analytics, Domain, Infrastructure, Workers","C# Source",".cs","47","1943","1.9","B966E2C7EE181275CF8CAFBFCDEF46C3EF4FDE62205F0DFD02E2831AF449FD86","False","2026-06-25 09:16:55"
"Backend\PlantProcess.Application\Security\DataBoundary\AssistantEgressPlan.cs","01_Backend_Core","Backend Core: API, Application, Analytics, Domain, Infrastructure, Workers","C# Source",".cs","15","529","0.52","B2A51781FEF9069043195AACA5E11B6FB71C6FA99D210ECF6269C38272812E7F","False","2026-06-25 09:16:55"
"Backend\PlantProcess.Application\Security\DataBoundary\DataBoundaryPolicy.cs","01_Backend_Core","Backend Core: API, Application, Analytics, Domain, Infrastructure, Workers","C# Source",".cs","42","1649","1.61","B62026341CDD59E482A5EFF606F5BF27C5484D1F73503CE1477FAB439D8BA7FE","False","2026-06-15 10:18:31"
"Backend\PlantProcess.Application\Security\Rbac\FormalRoleAccessMatrix.cs","01_Backend_Core","Backend Core: API, Application, Analytics, Domain, Infrastructure, Workers","C# Source",".cs","359","12511","12.22","073599C00CDE9E34BC065EF2A40CF74EC70B23E83E26BF75CF384BBF7168C2B1","False","2026-06-13 00:53:34"
"Backend\PlantProcess.Application\Security\Tenancy\TenantAbstractions.cs","01_Backend_Core","Backend Core: API, Application, Analytics, Domain, Infrastructure, Workers","C# Source",".cs","61","2120","2.07","01666910B8F7D027484DC1F3DD4777688FF630AC83E8CDF79CF409814CF48679","False","2026-06-03 01:21:01"
"Backend\PlantProcess.Application\Services\DataQuality\DataQualityService.cs","01_Backend_Core","Backend Core: API, Application, Analytics, Domain, Infrastructure, Workers","C# Source",".cs","523","26289","25.67","547666456757CBAEC645186288278BA205624305483A53AF9DD7176DF7C168EE","False","2026-05-19 00:19:14"
"Backend\PlantProcess.Application\Services\DataQuality\IDataQualityService.cs","01_Backend_Core","Backend Core: API, Application, Analytics, Domain, Infrastructure, Workers","C# Source",".cs","55","2365","2.31","2D708A0DA43D6C74361DD4B06F43F21A0E19096760A3A5A377D077ED036E4F87","False","2026-05-19 00:19:14"
"Backend\PlantProcess.Application\Services\Materials\GenealogyService.cs","01_Backend_Core","Backend Core: API, Application, Analytics, Domain, Infrastructure, Workers","C# Source",".cs","129","5121","5","19DA9E460A2D722F88729C13B7BBB49CE70DDF5D9F0577D70A44A2C096503D98","False","2026-05-19 00:19:14"
"Backend\PlantProcess.Application\Services\Materials\IGenealogyService.cs","01_Backend_Core","Backend Core: API, Application, Analytics, Domain, Infrastructure, Workers","C# Source",".cs","26","760","0.74","F226831DEFCFEB0903D783B93CAD7759349551EE7B5F1CEC81E7C476BB64483C","False","2026-05-19 00:19:14"
"Backend\PlantProcess.Application\Services\Materials\IMaterialService.cs","01_Backend_Core","Backend Core: API, Application, Analytics, Domain, Infrastructure, Workers","C# Source",".cs","39","1197","1.17","E3F92716859CD313AF77E9C89B54C1EA0C559EF8442FE2C56829871FC1B3C4BF","False","2026-05-19 00:19:14"
"Backend\PlantProcess.Application\Services\Materials\MaterialService.cs","01_Backend_Core","Backend Core: API, Application, Analytics, Domain, Infrastructure, Workers","C# Source",".cs","173","7098","6.93","07CE972BA5A367A0ED8D548F90B43CA09A3862A6E74CA2A8167B76D8C62A2B98","False","2026-05-19 00:19:14"
"Backend\PlantProcess.Application\Services\PlantLayout\IPlantLayoutQueryService.cs","01_Backend_Core","Backend Core: API, Application, Analytics, Domain, Infrastructure, Workers","C# Source",".cs","19","1147","1.12","FF18176C3240DBC5F1AF7BBC794546505B9E323F3CA09FBE87B69C87F3F3E3DB","False","2026-05-19 00:19:14"
"Backend\PlantProcess.Application\Services\PlantLayout\PlantLayoutQueryService.cs","01_Backend_Core","Backend Core: API, Application, Analytics, Domain, Infrastructure, Workers","C# Source",".cs","120","7226","7.06","BC7B0A90A5DD013695DF81F1763C827230EF4BAA91AB6BBC4AC43CB92125450A","False","2026-05-19 00:19:14"
"Backend\PlantProcess.Application\Services\Process\IProcessDataService.cs","01_Backend_Core","Backend Core: API, Application, Analytics, Domain, Infrastructure, Workers","C# Source",".cs","30","973","0.95","12460C17F60D82A164E291EDF291C88E42A585489AFE7637BC9E86C8035DB320","False","2026-05-19 00:19:14"
"Backend\PlantProcess.Application\Services\Process\ProcessDataService.cs","01_Backend_Core","Backend Core: API, Application, Analytics, Domain, Infrastructure, Workers","C# Source",".cs","415","18419","17.99","EBB4632239E934AD238B240F0FC58D9EDD54F5862C1E42D1CCB6F966AA555A8D","False","2026-08-03 00:00:25"
"Backend\PlantProcess.Application\Services\Quality\IQualityQueryService.cs","01_Backend_Core","Backend Core: API, Application, Analytics, Domain, Infrastructure, Workers","C# Source",".cs","15","530","0.52","983737A4031344EB102CE0AFF416239259ACA4965EEBC3E10DF58526724D28EB","False","2026-05-19 00:19:14"
"Backend\PlantProcess.Application\Services\Quality\IQualityService.cs","01_Backend_Core","Backend Core: API, Application, Analytics, Domain, Infrastructure, Workers","C# Source",".cs","18","500","0.49","2C6153529725C764166B9F82184D3150BE50B7587D865B1E151C5F74E031CD24","False","2026-05-19 00:19:14"
"Backend\PlantProcess.Application\Services\Quality\QualityQueryService.cs","01_Backend_Core","Backend Core: API, Application, Analytics, Domain, Infrastructure, Workers","C# Source",".cs","101","4694","4.58","67AA08FFE39D8174AC5F4E8DD1B35BC52B417C59C17B6C7C1CD792B4D438E93A","False","2026-05-19 00:19:14"
"Backend\PlantProcess.Application\Services\Quality\QualityService.cs","01_Backend_Core","Backend Core: API, Application, Analytics, Domain, Infrastructure, Workers","C# Source",".cs","137","5757","5.62","C84BACBC4E435A98FE9AA764370C0ADFEDDFA6D5CE66EA5E8AB58DDD8518EFBA","False","2026-05-19 00:19:14"
"Backend\PlantProcess.Application\Services\Readiness\ApplicationReadinessService.cs","01_Backend_Core","Backend Core: API, Application, Analytics, Domain, Infrastructure, Workers","C# Source",".cs","952","38670","37.76","BA34A7B64C33E9911DA3AF0D214EBFBCEB21CAA8765993F1D3B991AC768C33A4","False","2026-08-12 09:19:34"
"Backend\PlantProcess.Application\Services\Readiness\IApplicationReadinessService.cs","01_Backend_Core","Backend Core: API, Application, Analytics, Domain, Infrastructure, Workers","C# Source",".cs","23","839","0.82","5C624681C0E90767B5B527820B9607351367AA71695B20D313A052816A6929FD","False","2026-05-19 12:05:15"
"Backend\PlantProcess.Application\Services\Reporting\IInvestigationReportService.cs","01_Backend_Core","Backend Core: API, Application, Analytics, Domain, Infrastructure, Workers","C# Source",".cs","21","617","0.6","A16437AB7F259FC97809B720A534361F1FFCBE488800A1340AD9671B6D1B6B1A","False","2026-05-19 00:19:15"
"Backend\PlantProcess.Application\Services\Reporting\InvestigationReportService.cs","01_Backend_Core","Backend Core: API, Application, Analytics, Domain, Infrastructure, Workers","C# Source",".cs","257","12328","12.04","EA77AB4AAF48EB0AB04B510AF4FBBA81B79BC19FDCDFE13B57860E2F3EF2A641","False","2026-06-15 11:44:12"
"Backend\PlantProcess.Application\Top15\Phase34\Top15Phase34Runtime.cs","01_Backend_Core","Backend Core: API, Application, Analytics, Domain, Infrastructure, Workers","C# Source",".cs","639","22810","22.28","DEA7965434C7861CD660E593462F80B01EF4498E7CB3D288569BC115E472B130","False","2026-06-09 16:50:12"
"Backend\PlantProcess.Domain\Common\BaseEntity.cs","01_Backend_Core","Backend Core: API, Application, Analytics, Domain, Infrastructure, Workers","C# Source",".cs","24","881","0.86","CFE4A0D1D37225BD930465A2424290E3D44D3C8D59A0128E6597D0DBEC71CF06","False","2026-05-06 20:54:15"
"Backend\PlantProcess.Domain\Entities\Analytics\CorrelationResult.cs","01_Backend_Core","Backend Core: API, Application, Analytics, Domain, Infrastructure, Workers","C# Source",".cs","54","1933","1.89","12B3EB3381D74BFCAF1389DBFC9C908A17F46DA9B3780B5E1221D7BCE3580049","False","2026-05-11 14:21:22"
"Backend\PlantProcess.Domain\Entities\Analytics\ModelRegistry.cs","01_Backend_Core","Backend Core: API, Application, Analytics, Domain, Infrastructure, Workers","C# Source",".cs","67","2829","2.76","650B62043F5DA24F899490DE338366B5E4A73EA843054ADC482F80343C5B5B5C","False","2026-05-11 15:36:51"
"Backend\PlantProcess.Domain\Entities\Analytics\RiskScore.cs","01_Backend_Core","Backend Core: API, Application, Analytics, Domain, Infrastructure, Workers","C# Source",".cs","103","3336","3.26","9CBDCD1667F3A5CE401240953476BE9CB828175D3AADB4D615BCA7BDD6A856D5","False","2026-05-19 10:18:55"
"Backend\PlantProcess.Domain\Entities\Audit\AuditLogEntry.cs","01_Backend_Core","Backend Core: API, Application, Analytics, Domain, Infrastructure, Workers","C# Source",".cs","97","4125","4.03","4F84A664DF1DE62A84058676C102450B583A07079828ED283212246CD58041E0","False","2026-05-22 23:12:56"
"Backend\PlantProcess.Domain\Entities\Configuration\IndustryTemplate.cs","01_Backend_Core","Backend Core: API, Application, Analytics, Domain, Infrastructure, Workers","C# Source",".cs","65","2005","1.96","C43EC9C9375F6865D94578619B5AF666A5159A50C2EDDCCC641C86FFEDD74978","False","2026-05-10 09:51:19"
"Backend\PlantProcess.Domain\Entities\Configuration\MaterialUnitTypeDefinition.cs","01_Backend_Core","Backend Core: API, Application, Analytics, Domain, Infrastructure, Workers","C# Source",".cs","65","2078","2.03","6750A3A427C826EF0A8C71147023E8CDBF0DF93D83A31AEEF60EC606E54FB23F","False","2026-05-10 09:51:33"
"Backend\PlantProcess.Domain\Entities\Configuration\OperationDefinition.cs","01_Backend_Core","Backend Core: API, Application, Analytics, Domain, Infrastructure, Workers","C# Source",".cs","70","2217","2.17","41189BE9168C9D7ED7CF1659597C17C34B822A9845024EE17FF25C4E7926C2BE","False","2026-05-10 09:51:47"
"Backend\PlantProcess.Domain\Entities\Configuration\Route.cs","01_Backend_Core","Backend Core: API, Application, Analytics, Domain, Infrastructure, Workers","C# Source",".cs","64","1816","1.77","D4B5C0F95E760E497DCF5356780840F6221728D253F6EAE5684FF87459D4EBB2","False","2026-05-10 09:52:01"
"Backend\PlantProcess.Domain\Entities\Configuration\RouteStep.cs","01_Backend_Core","Backend Core: API, Application, Analytics, Domain, Infrastructure, Workers","C# Source",".cs","55","1770","1.73","A5DDC7BAEF4762C80685FFD81A725939247FCE61FDE9E20C6500BF3AE22E5843","False","2026-05-10 09:52:09"
"Backend\PlantProcess.Domain\Entities\Dashboarding\DashboardDefinition.cs","01_Backend_Core","Backend Core: API, Application, Analytics, Domain, Infrastructure, Workers","C# Source",".cs","115","3136","3.06","F11CCAD40572AE53CA911DA3DC435993D09AB20487274F4A24E3329E43732F19","False","2026-05-19 00:19:15"
"Backend\PlantProcess.Domain\Entities\Dashboarding\DashboardWidgetDefinition.cs","01_Backend_Core","Backend Core: API, Application, Analytics, Domain, Infrastructure, Workers","C# Source",".cs","236","9318","9.1","68EA33AC65A633B9AE622CF037060E5178C2F491B1302F03308DDB348AA4CFE4","False","2026-08-12 15:14:48"
"Backend\PlantProcess.Domain\Entities\Dashboarding\WidgetExpressionStatus.cs","01_Backend_Core","Backend Core: API, Application, Analytics, Domain, Infrastructure, Workers","C# Source",".cs","8","149","0.15","533F81DBF6B3344A7CB85088FB8A63582D36112611141C4E4359E85FB67E7F9A","False","2026-05-30 11:44:13"
"Backend\PlantProcess.Domain\Entities\Definitions\DefinitionVersion.cs","01_Backend_Core","Backend Core: API, Application, Analytics, Domain, Infrastructure, Workers","C# Source",".cs","69","2615","2.55","AF14274ADF12B585BB12011134AE301AA0BEE0B97D1EA0CE807A314A55D725A6","False","2026-08-06 18:59:20"
"Backend\PlantProcess.Domain\Entities\Integration\ConnectionProfile.cs","01_Backend_Core","Backend Core: API, Application, Analytics, Domain, Infrastructure, Workers","C# Source",".cs","239","8026","7.84","548ACC865AD419CA2E56090530949352E16892DE77E3385AA1198C451F0EF0A6","False","2026-05-16 14:06:23"
"Backend\PlantProcess.Domain\Entities\Integration\ImportBatch.cs","01_Backend_Core","Backend Core: API, Application, Analytics, Domain, Infrastructure, Workers","C# Source",".cs","99","3090","3.02","53DBC4B8E08516CFE8A45C58D396AB1C85CC4AC6E47994BE27C6811FE8A352D9","False","2026-05-11 12:13:25"
"Backend\PlantProcess.Domain\Entities\Integration\JobDefinition.cs","01_Backend_Core","Backend Core: API, Application, Analytics, Domain, Infrastructure, Workers","C# Source",".cs","233","7452","7.28","6D02550728AAC9D6793DE1156A82D5A6A71CED440186F45A2C3F4A605E036D93","False","2026-05-16 12:32:31"
"Backend\PlantProcess.Domain\Entities\Integration\JobRunHistory.cs","01_Backend_Core","Backend Core: API, Application, Analytics, Domain, Infrastructure, Workers","C# Source",".cs","136","4550","4.44","042FCF1477F2217073B7B90E4C877D6346041B2929FAD047961B2D213354A02E","False","2026-05-16 13:54:50"
"Backend\PlantProcess.Domain\Entities\Integration\KpiDefinition.cs","01_Backend_Core","Backend Core: API, Application, Analytics, Domain, Infrastructure, Workers","C# Source",".cs","176","5721","5.59","E11B16282B86890B1E6491DC13B4572C158BA73A97F0E3D2F4709B4898DDDD28","False","2026-05-16 11:42:48"
"Backend\PlantProcess.Domain\Entities\Integration\MappingDefinition.cs","01_Backend_Core","Backend Core: API, Application, Analytics, Domain, Infrastructure, Workers","C# Source",".cs","104","3688","3.6","ED3241245E45597CE922024E7A460FC89076A455EDB14773350B0FC062B95C1A","False","2026-05-10 09:15:41"
"Backend\PlantProcess.Domain\Entities\Integration\SchemaViewDefinition.cs","01_Backend_Core","Backend Core: API, Application, Analytics, Domain, Infrastructure, Workers","C# Source",".cs","216","7307","7.14","42843FB0CD13B91307B630581366B7B6CFA0A6047D087A8C408192B30BE887A1","False","2026-05-16 11:42:23"
"Backend\PlantProcess.Domain\Entities\Integration\SourceDatasetDefinition.cs","01_Backend_Core","Backend Core: API, Application, Analytics, Domain, Infrastructure, Workers","C# Source",".cs","211","7260","7.09","98A4E7EAFF1B424A4F5F883EAEF488D3490B91720BF6AD5D5E64CA880A32A88A","False","2026-05-22 23:30:58"
"Backend\PlantProcess.Domain\Entities\Integration\SourceFieldDefinition.cs","01_Backend_Core","Backend Core: API, Application, Analytics, Domain, Infrastructure, Workers","C# Source",".cs","142","4634","4.53","29256310EF4FFFF2DDB3C078BD35134A57A30380F038A85947E727D8C7B1C4FA","False","2026-05-16 10:55:57"
"Backend\PlantProcess.Domain\Entities\Integration\SourceSystemDefinition.cs","01_Backend_Core","Backend Core: API, Application, Analytics, Domain, Infrastructure, Workers","C# Source",".cs","102","4251","4.15","BEC306B65D475EE88C694C0883A254203946835E0F46953E57F4843698C8C5B9","False","2026-05-11 10:58:47"
"Backend\PlantProcess.Domain\Entities\Integration\StagingRecord.cs","01_Backend_Core","Backend Core: API, Application, Analytics, Domain, Infrastructure, Workers","C# Source",".cs","117","3807","3.72","7B32C80FF68DA928EDAC7CA619EA2B24700ECFF32FC94EC931619E4CDE8FBE23","False","2026-05-11 12:16:36"
"Backend\PlantProcess.Domain\Entities\Materials\GenealogyEdge.cs","01_Backend_Core","Backend Core: API, Application, Analytics, Domain, Infrastructure, Workers","C# Source",".cs","129","4766","4.65","300D6C38FA55A025BF4284D630B5A882B8D6E1EC2360DEDECC6B69107A899FF1","False","2026-06-03 14:27:16"
"Backend\PlantProcess.Domain\Entities\Materials\MaterialAlias.cs","01_Backend_Core","Backend Core: API, Application, Analytics, Domain, Infrastructure, Workers","C# Source",".cs","41","1277","1.25","93DF8E9AC053A4DF37BF3B854456736899427D91663A26B7C5E06897E2D5B063","False","2026-05-07 11:42:03"
"Backend\PlantProcess.Domain\Entities\Materials\MaterialUnit.cs","01_Backend_Core","Backend Core: API, Application, Analytics, Domain, Infrastructure, Workers","C# Source",".cs","145","4748","4.64","204BBF108C70C37D55FC3DC40905FFC470CE50F79D19D15D64081EC5FA6FB19E","False","2026-05-07 11:42:45"
"Backend\PlantProcess.Domain\Entities\PlantLayout\Area.cs","01_Backend_Core","Backend Core: API, Application, Analytics, Domain, Infrastructure, Workers","C# Source",".cs","65","1902","1.86","2CB657AE6775DD27D4667A45FD272BD0838EB768C46285FF253F70363E73942A","False","2026-05-07 12:17:06"
"Backend\PlantProcess.Domain\Entities\PlantLayout\Equipment.cs","01_Backend_Core","Backend Core: API, Application, Analytics, Domain, Infrastructure, Workers","C# Source",".cs","97","2886","2.82","E07455BC1D3845452072747C3F9D53A132473923B6BFB456F135584600239899","False","2026-05-07 12:17:17"
"Backend\PlantProcess.Domain\Entities\PlantLayout\Site.cs","01_Backend_Core","Backend Core: API, Application, Analytics, Domain, Infrastructure, Workers","C# Source",".cs","49","1480","1.45","624EF095A3B8DF4FE920E5A01ACF11A331819817E6FA644B82B6712744515BF0","False","2026-05-07 11:58:44"
"Backend\PlantProcess.Domain\Entities\Process\DowntimeEvent.cs","01_Backend_Core","Backend Core: API, Application, Analytics, Domain, Infrastructure, Workers","C# Source",".cs","122","4661","4.55","80C11CA21B9F075F32E0E9813EB8174AEF624F188C49F6DB796160B53DC01ABD","False","2026-08-03 00:00:25"
"Backend\PlantProcess.Domain\Entities\Process\ParameterDefinition.cs","01_Backend_Core","Backend Core: API, Application, Analytics, Domain, Infrastructure, Workers","C# Source",".cs","65","2266","2.21","8457D0D7C965FCDD6595A832B45F3C365C8F1154B03564B74EF02B3B3B1DC669","False","2026-05-07 11:42:28"
"Backend\PlantProcess.Domain\Entities\Process\ParameterObservation.cs","01_Backend_Core","Backend Core: API, Application, Analytics, Domain, Infrastructure, Workers","C# Source",".cs","113","3741","3.65","1AAB8B208829882AE0026B6D2347CBF65CC4BEEC0C88217087C0802C8CFC7A62","False","2026-05-07 11:42:36"
"Backend\PlantProcess.Domain\Entities\Process\ProcessEvent.cs","01_Backend_Core","Backend Core: API, Application, Analytics, Domain, Infrastructure, Workers","C# Source",".cs","77","2463","2.41","CC0A9F331C0A290CE05D24C51EC051D79D70701330E7A1FD214AC25B3D47B372","False","2026-05-07 11:43:20"
"Backend\PlantProcess.Domain\Entities\Process\ProcessStepExecution.cs","01_Backend_Core","Backend Core: API, Application, Analytics, Domain, Infrastructure, Workers","C# Source",".cs","189","6640","6.48","5DF477D478F420A5BC037CD2A4AAD29728288C09D80D9FE10F421CF669236799","False","2026-05-11 12:17:36"
"Backend\PlantProcess.Domain\Entities\Process\ProductSpecification.cs","01_Backend_Core","Backend Core: API, Application, Analytics, Domain, Infrastructure, Workers","C# Source",".cs","100","4064","3.97","F45F35E1CA42B3739E60EDBC9868D0E3FED57E400C313E865780C92CA4E4C61B","False","2026-08-16 08:58:21"
"Backend\PlantProcess.Domain\Entities\Quality\DataQualityIssue.cs","01_Backend_Core","Backend Core: API, Application, Analytics, Domain, Infrastructure, Workers","C# Source",".cs","76","2629","2.57","19BA46D664D05ECCB9306542CCF361DE113330D5ABA26BE89403B9AD1EFF5459","False","2026-05-11 12:17:58"
"Backend\PlantProcess.Domain\Entities\Quality\DefectCatalog.cs","01_Backend_Core","Backend Core: API, Application, Analytics, Domain, Infrastructure, Workers","C# Source",".cs","46","1417","1.38","C0BBFFCFD90E71257CED1824A9C207A79F85D3397986879757D42C5769E87F67","False","2026-05-11 14:21:22"
"Backend\PlantProcess.Domain\Entities\Quality\QualityEvent.cs","01_Backend_Core","Backend Core: API, Application, Analytics, Domain, Infrastructure, Workers","C# Source",".cs","101","3558","3.47","7704FC562C3DBA841DDC6EA595C925474C51B175BC27E050820165A40CAFD4D7","False","2026-08-16 08:58:21"
"Backend\PlantProcess.Domain\Enums\Integration\JobDefinitionType.cs","01_Backend_Core","Backend Core: API, Application, Analytics, Domain, Infrastructure, Workers","C# Source",".cs","24","660","0.64","E17016C752A615034342AC03DF55A9EFE1679AC85060E372773B67CE9E483703","False","2026-05-16 12:31:38"
"Backend\PlantProcess.Domain\Enums\Integration\JobRunStatus.cs","01_Backend_Core","Backend Core: API, Application, Analytics, Domain, Infrastructure, Workers","C# Source",".cs","13","265","0.26","B0223278B1A78EBF8F80C08017059EC188AB5E7873650B876D9C11EDFAFD00A8","False","2026-05-16 12:31:58"
"Backend\PlantProcess.Domain\PlantProcess.Domain.csproj","01_Backend_Core","Backend Core: API, Application, Analytics, Domain, Infrastructure, Workers",".NET Project File",".csproj","9","218","0.21","4D29C3A189C0733E1A32B231953BC515877A4A26F81B22BCA995551A432B2C61","False","2026-05-07 12:21:16"
"Backend\PlantProcess.Infrastructure\Analytics\AdvancedAnalysisExtensions.cs","01_Backend_Core","Backend Core: API, Application, Analytics, Domain, Infrastructure, Workers","C# Source",".cs","29","1343","1.31","8DA3F94C6364F5C7D266784D33124A546F8916AA7FBD529463D40A0EB45834FC","False","2026-08-12 09:19:34"
"Backend\PlantProcess.Infrastructure\Analytics\DotNetAdvancedCorrelationEngine.cs","01_Backend_Core","Backend Core: API, Application, Analytics, Domain, Infrastructure, Workers","C# Source",".cs","44","2056","2.01","56537586756B1FD1407B66F520A3FC776EE4542C82FD10991097266E1B7929F2","False","2026-06-03 01:10:39"
"Backend\PlantProcess.Infrastructure\Analytics\NpgsqlAdvancedResultWriter.cs","01_Backend_Core","Backend Core: API, Application, Analytics, Domain, Infrastructure, Workers","C# Source",".cs","119","6339","6.19","BDC7F9943B9184C021359E8FB952EE749FC1771BFBD05F2D11B5029CCAE6A4B3","False","2026-06-28 17:04:08"
"Backend\PlantProcess.Infrastructure\Analytics\NpgsqlAnalysisOutcomeTargetResolver.cs","01_Backend_Core","Backend Core: API, Application, Analytics, Domain, Infrastructure, Workers","C# Source",".cs","50","1933","1.89","EFDE6DC6A567D3FD2A5E745FA67A7E02DDE26A13BC998FBADFBDE8AA87295B2D","False","2026-08-12 09:19:34"
"Backend\PlantProcess.Infrastructure\Analytics\NpgsqlCostAssumptionStore.cs","01_Backend_Core","Backend Core: API, Application, Analytics, Domain, Infrastructure, Workers","C# Source",".cs","111","5636","5.5","9ACC3F63899DBBB494C3D9BCDEB74856F54FFDCA8D1B718C3237473AFCA78E0A","False","2026-06-02 18:48:32"
"Backend\PlantProcess.Infrastructure\Analytics\NpgsqlFeatureVectorLoader.cs","01_Backend_Core","Backend Core: API, Application, Analytics, Domain, Infrastructure, Workers","C# Source",".cs","144","7088","6.92","AA62560FF94E651CFF55B0593FEA30BBA2444541F32189408F1965599CD20E7F","False","2026-06-03 00:54:31"
"Backend\PlantProcess.Infrastructure\Analytics\NpgsqlRiskCalibrationProvider.cs","01_Backend_Core","Backend Core: API, Application, Analytics, Domain, Infrastructure, Workers","C# Source",".cs","58","2730","2.67","4F795F1C0B74F7064E177681354E0D0652D8E31A1ABCD66B4E498A4E0AE85E64","False","2026-06-02 18:44:11"
"Backend\PlantProcess.Infrastructure\Analytics\NpgsqlSuggestionStore.cs","01_Backend_Core","Backend Core: API, Application, Analytics, Domain, Infrastructure, Workers","C# Source",".cs","189","10250","10.01","F6171A372B9D9FA5912870320108CF29EB0492148231B3A1248EBDAFBE12F262","False","2026-06-02 19:26:11"
"Backend\PlantProcess.Infrastructure\Analytics\NpgsqlValueImpactRepository.cs","01_Backend_Core","Backend Core: API, Application, Analytics, Domain, Infrastructure, Workers","C# Source",".cs","79","3034","2.96","34C5A640BF5A658583BC376A160FAC412629BA1F06E0AD52AF6ED93F0E9D5B1B","False","2026-06-07 16:03:43"
"Backend\PlantProcess.Infrastructure\Analytics\NpgsqlValueRealizationRepository.cs","01_Backend_Core","Backend Core: API, Application, Analytics, Domain, Infrastructure, Workers","C# Source",".cs","200","8406","8.21","8BBF2DA681351E4881CF6A339781646ECC14647909854826FE1528E8BEBFE1C0","False","2026-06-07 16:51:10"
"Backend\PlantProcess.Infrastructure\Analytics\PostgresCorrelationComputeEngine.cs","01_Backend_Core","Backend Core: API, Application, Analytics, Domain, Infrastructure, Workers","C# Source",".cs","91","4238","4.14","73E54CD319114B5A6102B53CEB64137EEC537A48A0CC5FDCC06F68BF0F7021EC","False","2026-05-31 08:49:27"
"Backend\PlantProcess.Infrastructure\Analytics\SuggestionEngineExtensions.cs","01_Backend_Core","Backend Core: API, Application, Analytics, Domain, Infrastructure, Workers","C# Source",".cs","15","527","0.51","6916B28A97A57EBE8F701C35A846D8C505980BF21B688AEEF35E774EAAA0637C","False","2026-06-02 19:26:11"
"Backend\PlantProcess.Infrastructure\Analytics\ValueEngineExtensions.cs","01_Backend_Core","Backend Core: API, Application, Analytics, Domain, Infrastructure, Workers","C# Source",".cs","18","811","0.79","194B51919A2C020CE21ED57C54576C7F532FBB7544D69EF2A9B7B881805C90C7","False","2026-06-07 16:49:38"
"Backend\PlantProcess.Infrastructure\Assistant\AssistantInfrastructureExtensions.cs","01_Backend_Core","Backend Core: API, Application, Analytics, Domain, Infrastructure, Workers","C# Source",".cs","54","2795","2.73","A9E4DD036EDCCDC68A42FD7BF288BBD52E3D30C1876B20884750FD0BC845655E","False","2026-08-08 21:06:55"
"Backend\PlantProcess.Infrastructure\Assistant\AssistantTools.cs","01_Backend_Core","Backend Core: API, Application, Analytics, Domain, Infrastructure, Workers","C# Source",".cs","91","4247","4.15","A05F791868B3F61E29AF52F8A539C4B4EF4D36CC69469CBC2CA54D801C04DF61","False","2026-06-02 19:26:54"
"Backend\PlantProcess.Infrastructure\Assistant\CanonicalChunkProducer.cs","01_Backend_Core","Backend Core: API, Application, Analytics, Domain, Infrastructure, Workers","C# Source",".cs","202","10538","10.29","A283A075959DD611B7E008314DCD2D5C8CD3FB8C476EF6B28D348669A1BA7647","False","2026-07-13 16:35:51"
"Backend\PlantProcess.Infrastructure\Assistant\CompositeChunkProducer.cs","01_Backend_Core","Backend Core: API, Application, Analytics, Domain, Infrastructure, Workers","C# Source",".cs","50","1754","1.71","E3345862B22F59312D70AF76949EBBAAFB6AE6CEBB38921EF49569DBAF05284C","False","2026-08-08 16:26:04"
"Backend\PlantProcess.Infrastructure\Assistant\NpgsqlParameterQuantityRegistry.cs","01_Backend_Core","Backend Core: API, Application, Analytics, Domain, Infrastructure, Workers","C# Source",".cs","50","2201","2.15","F8C8CEF2012948323180EBE7A535EBAFD177FB527B682C30903E5483CF27137B","False","2026-08-08 21:06:55"
"Backend\PlantProcess.Infrastructure\Assistant\NpgsqlRetrievalIndex.cs","01_Backend_Core","Backend Core: API, Application, Analytics, Domain, Infrastructure, Workers","C# Source",".cs","158","7774","7.59","DFE528C9CE36CB4049DC72F81C0780090E78C53DE49E309D6FBFC838F1C72F81","False","2026-08-08 16:26:04"
"Backend\PlantProcess.Infrastructure\Assistant\NpgsqlWidgetResultEvidenceReader.cs","01_Backend_Core","Backend Core: API, Application, Analytics, Domain, Infrastructure, Workers","C# Source",".cs","185","8163","7.97","FE32C9E088E88F8CB1DE7095508D6C28A5A7964F6792F2FB65BE26838D5236DF","False","2026-08-08 19:51:13"
"Backend\PlantProcess.Infrastructure\Assistant\WidgetResultChunkProducer.cs","01_Backend_Core","Backend Core: API, Application, Analytics, Domain, Infrastructure, Workers","C# Source",".cs","226","10150","9.91","B895693856553E81AAC1F5817B5E56844CC5054AEEF1361A11E604171A92139D","False","2026-08-08 20:18:52"
"Backend\PlantProcess.Infrastructure\Audit\AuditLogService.cs","01_Backend_Core","Backend Core: API, Application, Analytics, Domain, Infrastructure, Workers","C# Source",".cs","70","2858","2.79","4A3FB686CD4AB97218DD72A406D8CEBC24A2C82E75BCEAFB6123B7C02D162761","False","2026-05-24 08:58:17"
"Backend\PlantProcess.Infrastructure\Bulk\ParameterObservationInsertRow.cs","01_Backend_Core","Backend Core: API, Application, Analytics, Domain, Infrastructure, Workers","C# Source",".cs","50","1310","1.28","C0447BBF6D8FE49FF960EE2D46D29ADDF38F7C3A8804E2BF84FD454F5972BCEF","False","2026-05-11 15:17:23"
"Backend\PlantProcess.Infrastructure\Bulk\TelemetryBulkRepository.cs","01_Backend_Core","Backend Core: API, Application, Analytics, Domain, Infrastructure, Workers","C# Source",".cs","228","8287","8.09","505566EAB696C24FEB56348B1C95F7C0EFA901BCC927231E7044FF2A69C490D8","False","2026-05-11 15:17:00"
"Backend\PlantProcess.Infrastructure\Bulk\TelemetryChannelBuffer.cs","01_Backend_Core","Backend Core: API, Application, Analytics, Domain, Infrastructure, Workers","C# Source",".cs","43","1779","1.74","91466A40A858323EAA782DE202757B4A42332F4E41DE09772B0E86D5F2B9F969","False","2026-05-10 20:47:57"
"Backend\PlantProcess.Infrastructure\Connectors\Common\ConnectorOptions.cs","01_Backend_Core","Backend Core: API, Application, Analytics, Domain, Infrastructure, Workers","C# Source",".cs","60","2267","2.21","9149B97E5CD67409587C09C3286FD25FC683932C11A44E88FC2D0E1E18AD72C4","False","2026-05-19 11:09:14"
"Backend\PlantProcess.Infrastructure\Connectors\Common\ConnectorReadOnlySession.cs","01_Backend_Core","Backend Core: API, Application, Analytics, Domain, Infrastructure, Workers","C# Source",".cs","47","1764","1.72","4AD5E1E4EB39752289ACF5D7760A4D404946BA1389DA6934B49950187E86DF11","False","2026-06-03 00:28:30"
"Backend\PlantProcess.Infrastructure\Connectors\Common\DataSourceConnectorFactory.cs","01_Backend_Core","Backend Core: API, Application, Analytics, Domain, Infrastructure, Workers","C# Source",".cs","127","5122","5","15BF4DA1BA5465EBE8057CBF08F7F4F0C9744473CF473D238A3015270F292B72","False","2026-06-25 09:10:37"
"Backend\PlantProcess.Infrastructure\Connectors\Common\SourceValueFormatter.cs","01_Backend_Core","Backend Core: API, Application, Analytics, Domain, Infrastructure, Workers","C# Source",".cs","23","932","0.91","7214060CDE6EFD86CD37F88B4F750CC4D7C7477A0368932E81BB2EA7AFCA6B11","False","2026-07-12 15:36:28"
"Backend\PlantProcess.Infrastructure\Connectors\ConnectorCredentialResolver.cs","01_Backend_Core","Backend Core: API, Application, Analytics, Domain, Infrastructure, Workers","C# Source",".cs","62","2711","2.65","93A40F4BB733FD739E33350C746822CCF49804393802C9A82DC1940045BA8477","False","2026-07-06 10:40:20"
"Backend\PlantProcess.Infrastructure\Connectors\Csv\CsvConnector.cs","01_Backend_Core","Backend Core: API, Application, Analytics, Domain, Infrastructure, Workers","C# Source",".cs","510","18970","18.53","B62FEA594356A5033AB98F5829E659E4429899EA79C9EE22F4070353F8064644","False","2026-06-06 09:32:07"
"Backend\PlantProcess.Infrastructure\Connectors\Excel\ExcelConnector.cs","01_Backend_Core","Backend Core: API, Application, Analytics, Domain, Infrastructure, Workers","C# Source",".cs","407","15902","15.53","3277A5624EF66599DA53BF918A3446B9DCF34ACAEAE5B59ED26DF76DF1F41D21","False","2026-05-24 14:20:29"
"Backend\PlantProcess.Infrastructure\Connectors\Historian\OpcUaHistorianConnector.cs","01_Backend_Core","Backend Core: API, Application, Analytics, Domain, Infrastructure, Workers","C# Source",".cs","156","5935","5.8","D9953F23C2E7C2E841D49E46901D3EAD698C03423ACAF6C2D2FEB2250523B314","False","2026-06-06 16:02:09"
"Backend\PlantProcess.Infrastructure\Connectors\MySql\MySqlConnector.cs","01_Backend_Core","Backend Core: API, Application, Analytics, Domain, Infrastructure, Workers","C# Source",".cs","391","17306","16.9","CA068B1CEB2DB430851F61353590B4D61F288E39140912805FABA5B46753467C","False","2026-07-12 15:36:28"
"Backend\PlantProcess.Infrastructure\Connectors\Oracle\OracleConnector.cs","01_Backend_Core","Backend Core: API, Application, Analytics, Domain, Infrastructure, Workers","C# Source",".cs","500","19104","18.66","EB006C905351D6055705576A12110BCA15EC6275CFA54558774F51AF0248419F","False","2026-07-12 15:36:28"
"Backend\PlantProcess.Infrastructure\Connectors\PostgreSql\PostgreSqlConnector.cs","01_Backend_Core","Backend Core: API, Application, Analytics, Domain, Infrastructure, Workers","C# Source",".cs","324","13583","13.26","49AD494C707A03B848E2731EDB26245FB56B73C46A2EA7484323622263DFD477","False","2026-07-12 15:36:28"
"Backend\PlantProcess.Infrastructure\Connectors\SqlServer\MsSqlConnector.cs","01_Backend_Core","Backend Core: API, Application, Analytics, Domain, Infrastructure, Workers","C# Source",".cs","404","17899","17.48","02DC29772968018583C4044EC18B60CBD3A9DD4FA72CAC6F44DCB0BBC78F432E","False","2026-07-12 15:36:28"
"Backend\PlantProcess.Infrastructure\Definitions\DefinitionService.cs","01_Backend_Core","Backend Core: API, Application, Analytics, Domain, Infrastructure, Workers","C# Source",".cs","341","14512","14.17","F24242AE4C60B6AADCF660479600AF1A3FA685EECE500F6EC76928E70EDE6AC8","False","2026-08-06 18:59:20"
"Backend\PlantProcess.Infrastructure\DependencyInjection.cs","01_Backend_Core","Backend Core: API, Application, Analytics, Domain, Infrastructure, Workers","C# Source",".cs","140","7941","7.75","657E470777084DDC1975336D2251556A7308D31F8365EEEFA06438FD7A69AF86","False","2026-08-06 18:59:20"
"Backend\PlantProcess.Infrastructure\Integration\Protection\OptionsSourceLoadBudgetProvider.cs","01_Backend_Core","Backend Core: API, Application, Analytics, Domain, Infrastructure, Workers","C# Source",".cs","25","944","0.92","16C34774CBD8458200343D2ADF91A1DEDBDF05606357DB5CCE580C96F8334125","False","2026-06-25 09:10:37"
"Backend\PlantProcess.Infrastructure\Integration\Security\NpgsqlTableAllowlistProvider.cs","01_Backend_Core","Backend Core: API, Application, Analytics, Domain, Infrastructure, Workers","C# Source",".cs","55","2489","2.43","2EEED195379BE10771546E2B265C670BD7E1B6C1915BE250F77C1B518C4B09AF","False","2026-06-22 14:23:58"
"Backend\PlantProcess.Infrastructure\Persistence\Configurations\Analytics\CorrelationResultConfiguration.cs","01_Backend_Core","Backend Core: API, Application, Analytics, Domain, Infrastructure, Workers","C# Source",".cs","37","1851","1.81","3F4F9217D300A4C8C0CA2042B12837D729CD2B6C1BCD1A5523151A6157470B31","False","2026-05-19 00:19:15"
"Backend\PlantProcess.Infrastructure\Persistence\Configurations\Analytics\ModelRegistryConfiguration.cs","01_Backend_Core","Backend Core: API, Application, Analytics, Domain, Infrastructure, Workers","C# Source",".cs","40","2005","1.96","E541312CEF14451AA1395BD2C0679B3C4273BDC8330584A2A13F5DC0A70C13CD","False","2026-05-19 00:19:15"
"Backend\PlantProcess.Infrastructure\Persistence\Configurations\Analytics\RiskScoreConfiguration.cs","01_Backend_Core","Backend Core: API, Application, Analytics, Domain, Infrastructure, Workers","C# Source",".cs","71","2532","2.47","631FAF685A4E4AF53A4F4D31C7A5F8EC79B2A7F30B8F1E426775839DA9218EE8","False","2026-05-19 10:19:24"
"Backend\PlantProcess.Infrastructure\Persistence\Configurations\Common\PostgresConcurrencyExtensions.cs","01_Backend_Core","Backend Core: API, Application, Analytics, Domain, Infrastructure, Workers","C# Source",".cs","21","821","0.8","E3DA72928723DA74E91883D4C3B4D27D6B17FBBBF892F18BFA89573BA1D194A7","False","2026-05-19 00:19:15"
"Backend\PlantProcess.Infrastructure\Persistence\Configurations\Configuration\Audit\AuditLogEntryConfiguration.cs","01_Backend_Core","Backend Core: API, Application, Analytics, Domain, Infrastructure, Workers","C# Source",".cs","161","5295","5.17","809954F0CBFBAF2B9429CC5F992E9815816305B8AE4685693352B67298601E6F","False","2026-05-24 13:50:01"
"Backend\PlantProcess.Infrastructure\Persistence\Configurations\Configuration\IndustryTemplateConfiguration.cs","01_Backend_Core","Backend Core: API, Application, Analytics, Domain, Infrastructure, Workers","C# Source",".cs","32","1356","1.32","598AD5D676202E5103A38A58CAF4896CE11A673D2CE4AE27899878C99A6C2EED","False","2026-05-19 00:19:15"
"Backend\PlantProcess.Infrastructure\Persistence\Configurations\Configuration\MaterialUnitTypeDefinitionConfiguration.cs","01_Backend_Core","Backend Core: API, Application, Analytics, Domain, Infrastructure, Workers","C# Source",".cs","35","1481","1.45","1711D3DB75C153A4BC34665229AC1759030D27E3C30BF86FB5B91B05FAA39693","False","2026-05-19 00:19:15"
"Backend\PlantProcess.Infrastructure\Persistence\Configurations\Configuration\OperationDefinitionConfiguration.cs","01_Backend_Core","Backend Core: API, Application, Analytics, Domain, Infrastructure, Workers","C# Source",".cs","37","1554","1.52","D93602127DB220375EC196606D8E6B107BFD295DF46633A23E67E491B5691258","False","2026-05-19 00:19:15"
"Backend\PlantProcess.Infrastructure\Persistence\Configurations\Configuration\RouteConfiguration.cs","01_Backend_Core","Backend Core: API, Application, Analytics, Domain, Infrastructure, Workers","C# Source",".cs","38","1557","1.52","74FF8F7380C54F4A7DA1535C1E515051B347EFA26079B71BBD818B9B55FDEB83","False","2026-05-19 00:19:15"
"Backend\PlantProcess.Infrastructure\Persistence\Configurations\Configuration\RouteStepConfiguration.cs","01_Backend_Core","Backend Core: API, Application, Analytics, Domain, Infrastructure, Workers","C# Source",".cs","41","1589","1.55","8DC57D13119C5050FD108C148298ADA186B4AC1CE32CD867123A4683B388CB26","False","2026-05-19 00:19:15"
"Backend\PlantProcess.Infrastructure\Persistence\Configurations\Dashboarding\DashboardDefinitionConfiguration.cs","01_Backend_Core","Backend Core: API, Application, Analytics, Domain, Infrastructure, Workers","C# Source",".cs","76","2300","2.25","3B989ED039C547DDB3ADC34B1AD533FB624C15EB2F34B8035963AD335E35109A","False","2026-05-19 00:19:15"
"Backend\PlantProcess.Infrastructure\Persistence\Configurations\Dashboarding\DashboardWidgetDefinitionConfiguration.cs","01_Backend_Core","Backend Core: API, Application, Analytics, Domain, Infrastructure, Workers","C# Source",".cs","95","4111","4.01","4DB9E9EFBCD1D224A2DFB5691787745E03E817D16C572A39B5193D725A707CEA","False","2026-05-30 11:44:13"
"Backend\PlantProcess.Infrastructure\Persistence\Configurations\Definitions\DefinitionVersionConfiguration.cs","01_Backend_Core","Backend Core: API, Application, Analytics, Domain, Infrastructure, Workers","C# Source",".cs","40","2194","2.14","4EF9F0979A9AACC0C9EC6618230FC48661B59749884EF1088D02623F3A4140BB","False","2026-08-07 01:22:15"
"Backend\PlantProcess.Infrastructure\Persistence\Configurations\Integration\ConnectionProfileConfiguration.cs","01_Backend_Core","Backend Core: API, Application, Analytics, Domain, Infrastructure, Workers","C# Source",".cs","70","3126","3.05","AACF48F60AD49C6F0EB11D8D6D4AFBD77B8DB57BDB22C7DD88970DB7A929F8C0","False","2026-05-19 00:19:15"
"Backend\PlantProcess.Infrastructure\Persistence\Configurations\Integration\ImportBatchConfiguration.cs","01_Backend_Core","Backend Core: API, Application, Analytics, Domain, Infrastructure, Workers","C# Source",".cs","43","1881","1.84","AE7586797188564CC35A6C8C3D0D7B91AE1CC6D17A2C22D3240F125024231A78","False","2026-05-19 00:19:15"
"Backend\PlantProcess.Infrastructure\Persistence\Configurations\Integration\JobDefinitionConfiguration.cs","01_Backend_Core","Backend Core: API, Application, Analytics, Domain, Infrastructure, Workers","C# Source",".cs","85","2671","2.61","D1374B5592EC63808894DEE06608EB91326899EDFBA97F325111206FC32C3BD2","False","2026-05-19 00:19:15"
"Backend\PlantProcess.Infrastructure\Persistence\Configurations\Integration\JobRunHistoryConfiguration.cs","01_Backend_Core","Backend Core: API, Application, Analytics, Domain, Infrastructure, Workers","C# Source",".cs","90","2842","2.78","2B8483AEE3312873A40C55A4DDCBBBACC6470D44BAAB53C06281A0DA4C241621","False","2026-05-19 00:19:15"
"Backend\PlantProcess.Infrastructure\Persistence\Configurations\Integration\KpiDefinitionConfiguration.cs","01_Backend_Core","Backend Core: API, Application, Analytics, Domain, Infrastructure, Workers","C# Source",".cs","54","2345","2.29","7FDE1941C1E88DC7EE3179A2D1F427201548AA34629B2F4947C38463730AE068","False","2026-05-19 00:19:15"
"Backend\PlantProcess.Infrastructure\Persistence\Configurations\Integration\MappingDefinitionConfiguration.cs","01_Backend_Core","Backend Core: API, Application, Analytics, Domain, Infrastructure, Workers","C# Source",".cs","74","2185","2.13","7E3F65FB5F1A07401B6870F49FEC737D68740CAF42302305C097E8914DB6614E","False","2026-05-19 00:19:15"
"Backend\PlantProcess.Infrastructure\Persistence\Configurations\Integration\SchemaViewDefinitionConfiguration.cs","01_Backend_Core","Backend Core: API, Application, Analytics, Domain, Infrastructure, Workers","C# Source",".cs","64","2663","2.6","BAC77DDEFED82D378DFFDCB35C78033D748CAFE3D04C29F8A6BE6AA5495B2BDC","False","2026-05-19 00:19:15"
"Backend\PlantProcess.Infrastructure\Persistence\Configurations\Integration\SourceDatasetDefinitionConfiguration.cs","01_Backend_Core","Backend Core: API, Application, Analytics, Domain, Infrastructure, Workers","C# Source",".cs","63","2824","2.76","810B381815C5949CA4AB0626CD78CFC4B303665C07C65944294E2B0AD19ABCC9","False","2026-05-22 23:33:40"
"Backend\PlantProcess.Infrastructure\Persistence\Configurations\Integration\SourceFieldDefinitionConfiguration.cs","01_Backend_Core","Backend Core: API, Application, Analytics, Domain, Infrastructure, Workers","C# Source",".cs","44","1963","1.92","A47C99C07A118C7DEBA9B161FA22A78A2EB50F3DE5076A2C7C70880428E0904A","False","2026-05-19 00:19:15"
"Backend\PlantProcess.Infrastructure\Persistence\Configurations\Integration\SourceSystemDefinitionConfiguration.cs","01_Backend_Core","Backend Core: API, Application, Analytics, Domain, Infrastructure, Workers","C# Source",".cs","34","1452","1.42","737EBE925A5126D8892DBEA2947E7ECAD535F0859499A19A070F664711A8DF2B","False","2026-06-23 15:05:43"
"Backend\PlantProcess.Infrastructure\Persistence\Configurations\Integration\StagingRecordConfiguration.cs","01_Backend_Core","Backend Core: API, Application, Analytics, Domain, Infrastructure, Workers","C# Source",".cs","44","2143","2.09","D4A0266CD34314BB3355A545CC79B236A23A49F83C2B77B07EDB9FCFB626EF3E","False","2026-05-19 00:19:15"
"Backend\PlantProcess.Infrastructure\Persistence\Configurations\Materials\GenealogyEdgeConfiguration.cs","01_Backend_Core","Backend Core: API, Application, Analytics, Domain, Infrastructure, Workers","C# Source",".cs","60","2439","2.38","29E0A76F3006A6C74644A6492BEA38420FB6C48001C7596A42D4518382CB4818","False","2026-06-03 14:27:17"
"Backend\PlantProcess.Infrastructure\Persistence\Configurations\Materials\MaterialAliasConfiguration.cs","01_Backend_Core","Backend Core: API, Application, Analytics, Domain, Infrastructure, Workers","C# Source",".cs","40","1546","1.51","459B290721ED85AA7B6A3A065CEA9F1CDB1308B115F17DDA29237371FC877712","False","2026-05-19 00:19:15"
"Backend\PlantProcess.Infrastructure\Persistence\Configurations\Materials\MaterialUnitConfiguration.cs","01_Backend_Core","Backend Core: API, Application, Analytics, Domain, Infrastructure, Workers","C# Source",".cs","60","2833","2.77","BA5AB7A87CF5FA3E04B721836720896FC61E27ABF9C3E9352D06E6BE8293C6D1","False","2026-05-19 00:19:15"
"Backend\PlantProcess.Infrastructure\Persistence\Configurations\PlantLayout\AreaConfiguration.cs","01_Backend_Core","Backend Core: API, Application, Analytics, Domain, Infrastructure, Workers","C# Source",".cs","43","1519","1.48","3E62B3D4B9F33DA7A8F0C216E0BA676DEDBEADCAA72F1B18EE3753A1DE0845BE","False","2026-05-19 00:19:15"
"Backend\PlantProcess.Infrastructure\Persistence\Configurations\PlantLayout\EquipmentConfiguration.cs","01_Backend_Core","Backend Core: API, Application, Analytics, Domain, Infrastructure, Workers","C# Source",".cs","51","1893","1.85","CD55B3083D923F4E5C7CA34688C96B8F564A1845303B112DA5C44074B82860D3","False","2026-05-19 00:19:15"
"Backend\PlantProcess.Infrastructure\Persistence\Configurations\PlantLayout\SiteConfiguration.cs","01_Backend_Core","Backend Core: API, Application, Analytics, Domain, Infrastructure, Workers","C# Source",".cs","31","1234","1.21","E661DDD634461CB94C87FD5C02CC4CD0E44CB9DC3E32C14FCE9BD97D208976C8","False","2026-05-19 00:19:15"
"Backend\PlantProcess.Infrastructure\Persistence\Configurations\Process\DowntimeEventConfiguration.cs","01_Backend_Core","Backend Core: API, Application, Analytics, Domain, Infrastructure, Workers","C# Source",".cs","69","3122","3.05","EEDBBDDA95113DD8A64CED4DB9C28D3D18544A775456A41A65628E18B1E7BBE4","False","2026-08-03 00:00:25"
"Backend\PlantProcess.Infrastructure\Persistence\Configurations\Process\ParameterDefinitionConfiguration.cs","01_Backend_Core","Backend Core: API, Application, Analytics, Domain, Infrastructure, Workers","C# Source",".cs","40","1882","1.84","F58CAFEF1E73837E652BFEB0FF2AB26127C35D460BA2A2165F9860626509B304","False","2026-05-19 00:19:15"
"Backend\PlantProcess.Infrastructure\Persistence\Configurations\Process\ParameterObservationConfiguration.cs","01_Backend_Core","Backend Core: API, Application, Analytics, Domain, Infrastructure, Workers","C# Source",".cs","60","2701","2.64","0E4958C173C333BE402F4915A9E4938F40E26777DBA6CD330C457E72B9F0A478","False","2026-05-19 00:19:15"
"Backend\PlantProcess.Infrastructure\Persistence\Configurations\Process\ProcessEventConfiguration.cs","01_Backend_Core","Backend Core: API, Application, Analytics, Domain, Infrastructure, Workers","C# Source",".cs","52","2252","2.2","27D92A74E354F9930ED0F6DEC5E311D60F567FCFDD1544A66C618B0713D26A36","False","2026-05-19 00:19:15"
"Backend\PlantProcess.Infrastructure\Persistence\Configurations\Process\ProcessStepExecutionConfiguration.cs","01_Backend_Core","Backend Core: API, Application, Analytics, Domain, Infrastructure, Workers","C# Source",".cs","59","2876","2.81","4A78B3B21E41319A52F7F16877FFB9DD4857A50D9EFC0DC443B8A2CD187CEE62","False","2026-05-19 00:19:15"
"Backend\PlantProcess.Infrastructure\Persistence\Configurations\Process\ProductSpecificationConfiguration.cs","01_Backend_Core","Backend Core: API, Application, Analytics, Domain, Infrastructure, Workers","C# Source",".cs","54","2693","2.63","30F2CEAB441058F802B8692C1EB1DB582DC9E84F7629D8732847C46A254AAF48","False","2026-08-16 08:58:21"
"Backend\PlantProcess.Infrastructure\Persistence\Configurations\Quality\DataQualityIssueConfiguration.cs","01_Backend_Core","Backend Core: API, Application, Analytics, Domain, Infrastructure, Workers","C# Source",".cs","42","1795","1.75","453462C2E52934C9D807204A077B9880EF7AF3175CD8DBB62463456CE40956F5","False","2026-05-19 00:19:15"
"Backend\PlantProcess.Infrastructure\Persistence\Configurations\Quality\DefectCatalogConfiguration.cs","01_Backend_Core","Backend Core: API, Application, Analytics, Domain, Infrastructure, Workers","C# Source",".cs","35","1528","1.49","C854C980AC0FF2F735C06C4CAF23F41A87E488383419EBDC63396A2DF637AD65","False","2026-05-19 00:19:15"
"Backend\PlantProcess.Infrastructure\Persistence\Configurations\Quality\QualityEventConfiguration.cs","01_Backend_Core","Backend Core: API, Application, Analytics, Domain, Infrastructure, Workers","C# Source",".cs","57","2697","2.63","B2C4FC45D992E0067C801D6F4D6B3161644043FEE0F735902F2BC62188B9A32B","False","2026-08-16 08:58:21"
"Backend\PlantProcess.Infrastructure\Persistence\PlantProcessDbContext.cs","01_Backend_Core","Backend Core: API, Application, Analytics, Domain, Infrastructure, Workers","C# Source",".cs","180","8007","7.82","A7D8EC9DA1B78AF1B4774BDE49054BE506BBEC12ABB04F5D5CF1DFBBE6BC2AF2","False","2026-08-16 09:32:54"
"Backend\PlantProcess.Infrastructure\PlantProcess.Infrastructure.csproj","01_Backend_Core","Backend Core: API, Application, Analytics, Domain, Infrastructure, Workers",".NET Project File",".csproj","36","1434","1.4","DF752013252B1EA069D03B3A77F227835F25B8198F8DA8F62F018AA9398380D8","False","2026-05-25 13:38:09"
"Backend\PlantProcess.Infrastructure\PlantProcessDesignTimeDbContextFactory.cs","01_Backend_Core","Backend Core: API, Application, Analytics, Domain, Infrastructure, Workers","C# Source",".cs","29","1352","1.32","ACB76A06871DF7D2BCCBC4466D2E55D64BAEA495861F48FC0A47BDB6ABB00424","False","2026-06-17 14:29:18"
"Backend\PlantProcess.Infrastructure\Provenance\NpgsqlProvenanceResolver.cs","01_Backend_Core","Backend Core: API, Application, Analytics, Domain, Infrastructure, Workers","C# Source",".cs","143","7242","7.07","4C74060DE5AE954A9EF166F9219D981B52CB2C72DB04A23C17BD5826C949F54B","False","2026-08-08 16:16:44"
"Backend\PlantProcess.Infrastructure\Provenance\ProvenanceInfrastructureExtensions.cs","01_Backend_Core","Backend Core: API, Application, Analytics, Domain, Infrastructure, Workers","C# Source",".cs","19","822","0.8","A5AA0047E18705B083B8F45ED86F285FF08DAE7466F2482E97533BDC70CFB38D","False","2026-06-02 18:44:12"
"Backend\PlantProcess.Infrastructure\Resilience\FailedBatchWriter.cs","01_Backend_Core","Backend Core: API, Application, Analytics, Domain, Infrastructure, Workers","C# Source",".cs","59","2473","2.42","59016CBCF0155133C5F1A570348662CBAA557A23172CB4A85954A149748A6338","False","2026-05-10 20:53:44"
"Backend\PlantProcess.Infrastructure\Security\TenantGucConnectionInterceptor.cs","01_Backend_Core","Backend Core: API, Application, Analytics, Domain, Infrastructure, Workers","C# Source",".cs","77","2743","2.68","47161456E3530224FF2F0D8FA5B6B9D39391567A5D088D64B6BE827158EC1607","False","2026-06-10 11:51:12"
"Backend\PlantProcess.Infrastructure\TimeSeries\TelemetryIngestionWorker.cs","01_Backend_Core","Backend Core: API, Application, Analytics, Domain, Infrastructure, Workers","C# Source",".cs","256","9094","8.88","75706DD2BB99E0FD70C67EF97BD6E1A03258E343F15569927665B9DAF92B2E58","False","2026-06-03 13:58:18"
"Backend\PlantProcess.Workers\appsettings.Development.json","01_Backend_Core","Backend Core: API, Application, Analytics, Domain, Infrastructure, Workers","JSON Configuration",".json","13","267","0.26","74EFEF6D049148C8320BD7EA2D318EDA3CDD0D4BC3B5ED22A846C9238C2076AA","False","2026-05-12 15:15:58"
"Backend\PlantProcess.Workers\appsettings.json","01_Backend_Core","Backend Core: API, Application, Analytics, Domain, Infrastructure, Workers","JSON Configuration",".json","30","785","0.77","35D523F5CE54630D6999407078DB2ED794A496B0E16A13A26065D4C0DF3D3E4D","False","2026-05-12 15:16:25"
"Backend\PlantProcess.Workers\Dockerfile","01_Backend_Core","Backend Core: API, Application, Analytics, Domain, Infrastructure, Workers","Dockerfile","","32","1180","1.15","1386FC643F702F4EA3AC444E486DC9BE4E61AEE9098DC2CDE4A83AE2447E22C6","True","2026-06-10 00:33:24"
"Backend\PlantProcess.Workers\Edge\OtSafeEdgeAgentContract.cs","01_Backend_Core","Backend Core: API, Application, Analytics, Domain, Infrastructure, Workers","C# Source",".cs","92","3041","2.97","632F4E4C3456E4E98C7CD58142B27DDAEB04CA3AAD22E58E92D9DFA625987819","False","2026-06-06 16:50:34"
"Backend\PlantProcess.Workers\PlantProcess.Workers.csproj","01_Backend_Core","Backend Core: API, Application, Analytics, Domain, Infrastructure, Workers",".NET Project File",".csproj","45","1890","1.85","4D671798D022F084882077312FD7B20E368174CAED173E778F353B0360572D31","False","2026-05-19 00:19:15"
"Backend\PlantProcess.Workers\Program.cs","01_Backend_Core","Backend Core: API, Application, Analytics, Domain, Infrastructure, Workers","C# Source",".cs","160","7789","7.61","9B2646CAE5A8944F352806F614D69421B0577F9C5C11BE7C421EDD367D366C16","False","2026-05-19 00:19:15"
"Backend\PlantProcess.Workers\Properties\launchSettings.json","01_Backend_Core","Backend Core: API, Application, Analytics, Domain, Infrastructure, Workers","JSON Configuration",".json","12","286","0.28","AFF68CD431B6DB5E154499CE8E75D411713F461ED897B94A089B74E3E5721028","False","2026-06-06 09:36:11"
"Backend\PlantProcess.Workers\TelemetryIngestionWorker.cs","01_Backend_Core","Backend Core: API, Application, Analytics, Domain, Infrastructure, Workers","C# Source",".cs","123","4154","4.06","1394EE3803134655BFC6883DF3748E0F4088F4577400A1829EB364D096165661","False","2026-05-11 15:20:08"
"Backend\PlantProcess.Workers\Worker.cs","01_Backend_Core","Backend Core: API, Application, Analytics, Domain, Infrastructure, Workers","C# Source",".cs","483","20743","20.26","D54B2A4C455961B4ED1AFFD0ABA16909B3D6865E2AF201D4E9A28A055EC88842","False","2026-05-22 20:21:16"
"Backend\PlantProcessIQ.sln","01_Backend_Core","Backend Core: API, Application, Analytics, Domain, Infrastructure, Workers",".NET Solution",".sln","243","19176","18.73","6679B1F3F3A7A85EC41CECA5107F38302F58918DEDCB935282C6882A0381350E","False","2026-08-12 15:26:35"
"Backend\database\_quarantine_corrupt\310_p03_p04_mapping_genealogy_foundation.ps1.broken","02_Backend_Database","Backend Database: Scripts, Seed, Views","Other Text File",".broken","903","30482","29.77","4093C0FC4ACFD5F17A7697E7E6950A658C7F2545EB25128B52CC566D42105E9D","True","2026-06-17 14:50:03"
"Backend\database\_review\audit_ddl_definition.sql","02_Backend_Database","Backend Database: Scripts, Seed, Views","SQL Script",".sql","19","755","0.74","54D7B615531188DA6D426CDB4CECB5DD04975EFF27F00421168D3F88B5AE8961","True","2026-08-02 23:14:33"
"Backend\database\_review\forensics_subsystem_capture.sql","02_Backend_Database","Backend Database: Scripts, Seed, Views","SQL Script",".sql","313","8596","8.39","9C502B54A9440FF799FCB572C3F2BF9B26A51D52EE45BE5D2FCCD88A6566EA21","True","2026-08-02 21:07:19"
"Backend\database\_review\forensics_trigger_verdict.txt","02_Backend_Database","Backend Database: Scripts, Seed, Views","Other Text File",".txt","13","563","0.55","521FF160D45E3F253EC9C1333072C1E59076AC43B4D90E5B1C3C73C943985834","True","2026-08-02 21:07:19"
"Backend\database\acceptance\rule2_prefill_allowlist.txt","02_Backend_Database","Backend Database: Scripts, Seed, Views","Other Text File",".txt","38","2440","2.38","DB95B4CD583EDDCA91FE62865FB46498B2CBDA3FFF622D512C1BE52A4D18DAEA","True","2026-08-02 16:36:39"
"Backend\database\acceptance\rule2_proof.sql","02_Backend_Database","Backend Database: Scripts, Seed, Views","SQL Script",".sql","45","1804","1.76","C43E0BFD09F4245DA9409C530838047D091B7030C4BCF944EE0F2172D2DA41D0","True","2026-08-02 16:36:39"
"Backend\database\database.apply-order.manifest.csv","02_Backend_Database","Backend Database: Scripts, Seed, Views","Other Text File",".csv","88","20406","19.93","97E10EE553E2EFE9DE4EFB8F9A301981634E99EA628129F11D3635E908DFEA64","True","2026-08-08 22:00:23"
"Backend\database\database.apply-order.manifest.md","02_Backend_Database","Backend Database: Scripts, Seed, Views","Markdown Documentation",".md","118","17273","16.87","46F47E89109D7221921E5985D055CAA5AE9121FFCF9723A4ADC4498DC6049944","True","2026-08-08 16:10:32"
"Backend\database\local-repair\README.md","02_Backend_Database","Backend Database: Scripts, Seed, Views","Markdown Documentation",".md","20","967","0.94","9CDE1BF462184907AE152B71FF64BF597E807D977D5756A393ACB26BEB7E7521","True","2026-06-09 01:08:10"
"Backend\database\README.md","02_Backend_Database","Backend Database: Scripts, Seed, Views","Markdown Documentation",".md","36","1327","1.3","6AA3FD75B30F47E334363763D029A0EFC3EB3A854789322327E0BF9688DDFE78","True","2026-06-04 12:22:33"
"Backend\database\scripts\000_schema_migrations_watermark.sql","02_Backend_Database","Backend Database: Scripts, Seed, Views","SQL Script",".sql","7","347","0.34","F85FA6FB06D66C9C0F46E09FCD94D007A25B87308E375A843979748BA75D103C","True","2026-06-15 07:40:39"
"Backend\database\scripts\000_schemas.sql","02_Backend_Database","Backend Database: Scripts, Seed, Views","SQL Script",".sql","6","468","0.46","5DEEE2605ABA3F6D04FAA0CBF6BA1476E71738751755D452561BBCFD2F6B9B53","True","2026-06-17 23:36:54"
"Backend\database\scripts\050_dashboard_phase8_9_10_indexes.sql","02_Backend_Database","Backend Database: Scripts, Seed, Views","SQL Script",".sql","127","4512","4.41","6B7A541F579A6E85BE55D82BEC1117E7A2AD9D26D2C54FB77F0ECE4B10EAF97D","True","2026-05-12 08:12:48"
"Backend\database\scripts\060_phase_8_9_dashboard_materialized_views.sql","02_Backend_Database","Backend Database: Scripts, Seed, Views","SQL Script",".sql","117","4316","4.21","382A9D482DF3AE7F4275BA9FCAF72C807D22C3D817B373858A63988533AF5C60","True","2026-05-12 09:05:38"
"Backend\database\scripts\070_fix_system_template_widget_codes.sql","02_Backend_Database","Backend Database: Scripts, Seed, Views","SQL Script",".sql","26","1195","1.17","E5052C9A377116662BF88CE250AEEAAB470C238C049A9A00988AAE37FEB7A12E","True","2026-07-29 10:41:27"
"Backend\database\scripts\070_repair_system_template_widget_codes.sql","02_Backend_Database","Backend Database: Scripts, Seed, Views","SQL Script",".sql","95","3716","3.63","AB50E436D0CE0111F2DF3D6208D540F7D1842D6E706D75D7303DA57A07E11092","True","2026-07-29 10:41:27"
"Backend\database\scripts\071_validate_dashboard_performance.sql","02_Backend_Database","Backend Database: Scripts, Seed, Views","SQL Script",".sql","145","4472","4.37","72752B0F7156083500865E338720F4FE2F9C342C3AACE2319C973D0C02F893D5","True","2026-05-16 09:46:16"
"Backend\database\scripts\080_phase_3_4_connector_schema_foundation.sql","02_Backend_Database","Backend Database: Scripts, Seed, Views","SQL Script",".sql","16","660","0.64","E39691130B502DB57895674CE2101262150FBE6B65C0CB5877493F0AE587A37E","True","2026-05-31 14:21:24"
"Backend\database\scripts\095_create_runtime_app_role_admin_only.sql","02_Backend_Database","Backend Database: Scripts, Seed, Views","SQL Script",".sql","47","2022","1.97","B12184218C4EA21F9B25AA225177733C6A3A226A8A2C1C82FE663333FD8F9302","True","2026-06-24 10:32:36"
"Backend\database\scripts\096_harden_audit_log_immutability.sql","02_Backend_Database","Backend Database: Scripts, Seed, Views","SQL Script",".sql","126","4115","4.02","40FBCE0D185926B1A676D24641466BC539FAA8228C4B9D6A8B53D2B6FA0D3DB4","True","2026-05-24 13:44:18"
"Backend\database\scripts\110_phase1_demo_source_shapes.sql","02_Backend_Database","Backend Database: Scripts, Seed, Views","SQL Script",".sql","256","10043","9.81","C650BF38C1909AD63DBA1A8BF46B6DEC9E4D244279E83FCA230AC69FAE2BE456","True","2026-05-25 11:12:28"
"Backend\database\scripts\111_phase1_demo_mapping_views.sql","02_Backend_Database","Backend Database: Scripts, Seed, Views","SQL Script",".sql","89","2685","2.62","0742D8C9FC90B1219A5BD279D6CFFD2D00C39BA8970C6089606E2777C3E9513E","True","2026-05-25 11:12:35"
"Backend\database\scripts\113_phase1_widget_script_layer.sql","02_Backend_Database","Backend Database: Scripts, Seed, Views","SQL Script",".sql","78","3179","3.1","B20FE82065430BA52C910C188ACB88059B14673252EE1D2F585BCA3468258F8D","True","2026-05-25 11:38:36"
"Backend\database\scripts\115_phase2_integrity_audit.sql","02_Backend_Database","Backend Database: Scripts, Seed, Views","SQL Script",".sql","236","7130","6.96","7228C77AD5EA086D290995A2CDFFE3B94E563ADA074E0727D18CABE70D3F1340","True","2026-05-25 13:09:44"
"Backend\database\scripts\116_phase2_operation_analytics_pilot_foundation.sql","02_Backend_Database","Backend Database: Scripts, Seed, Views","SQL Script",".sql","272","9857","9.63","3D4B93051A7896E40228A69CD161F78D99D0F0F6D7F86A75EB2CDA91C4603812","True","2026-05-30 23:37:47"
"Backend\database\scripts\117_phase8_widget_script_layer_entity_mapping.sql","02_Backend_Database","Backend Database: Scripts, Seed, Views","SQL Script",".sql","65","2611","2.55","7A34817836B28ECAE6E311809545BA08209C7F649D9222A6756431CEBE1DC4B3","True","2026-05-30 16:18:46"
"Backend\database\scripts\120_phase02_canonical_schema_mapping_engine.sql","02_Backend_Database","Backend Database: Scripts, Seed, Views","SQL Script",".sql","332","10997","10.74","FD44C360B5FF1271D331ADFF2FDE0170750AF16A77B2550DD06B36B945416A95","True","2026-05-30 15:06:18"
"Backend\database\scripts\121_phase01_bootstrap_token_sweep.sql","02_Backend_Database","Backend Database: Scripts, Seed, Views","SQL Script",".sql","23","959","0.94","487B42648AAB0C2EA39A758DA2915B716794BD9646195E44B409EE7F7946786F","True","2026-05-30 15:11:59"
"Backend\database\scripts\130_phase03_two_stage_delta_import_architecture.sql","02_Backend_Database","Backend Database: Scripts, Seed, Views","SQL Script",".sql","1900","64014","62.51","AC038C8767ED686C23290546F4C056E8BC5F9D5F39B32CD4F4EF114A642D8F59","True","2026-06-29 17:52:17"
"Backend\database\scripts\140_phase02_demo_sources_genealogy_spine.sql","02_Backend_Database","Backend Database: Scripts, Seed, Views","SQL Script",".sql","127","6417","6.27","66F1F78D3329FBDE1AE25907E7BB54908DAF9FD03AC1F3EAA89F13BDF24C239A","True","2026-05-31 11:42:05"
"Backend\database\scripts\141_phase03_page_builder_foundation.sql","02_Backend_Database","Backend Database: Scripts, Seed, Views","SQL Script",".sql","70","3493","3.41","DAB83821D4A36191EC9C591D35970A932EB069B77FADC4D94A2C645B81041606","True","2026-05-31 11:42:05"
"Backend\database\scripts\142_phase02_phase03_page_definition_and_demo_source_completion.sql","02_Backend_Database","Backend Database: Scripts, Seed, Views","SQL Script",".sql","302","10757","10.5","C4DBDDA35896E48C38FA6095D0C17C66557F50907A1BA1F9BD5A3FFD475EB99F","True","2026-05-31 15:57:47"
"Backend\database\scripts\200_phase02_ml_foundation_feature_store_pgvector.sql","02_Backend_Database","Backend Database: Scripts, Seed, Views","SQL Script",".sql","709","27157","26.52","054C427EB9E53BAF553850F309EC800C56DC6E7A2F107A058A850FC0A61AC274","True","2026-05-31 09:13:06"
"Backend\database\scripts\201_phase02_ml_feature_store_v6_completion.sql","02_Backend_Database","Backend Database: Scripts, Seed, Views","SQL Script",".sql","186","11798","11.52","65687A04BC4111FBA10DD61DC4E34AB1F5F2463F26624051B2D6AB7ED10EF5F1","True","2026-05-31 08:49:27"
"Backend\database\scripts\202_phase02_ml_compute_basic_correlations_hotfix.sql","02_Backend_Database","Backend Database: Scripts, Seed, Views","SQL Script",".sql","96","3370","3.29","8EBF0A75A2C0741106B153DBE2E46E23EBEAE232AFB53AECC71D1C29A3EA272A","True","2026-05-31 11:09:20"
"Backend\database\scripts\203_phase02_ml_compute_v6_wrapper_hotfix.sql","02_Backend_Database","Backend Database: Scripts, Seed, Views","SQL Script",".sql","39","1290","1.26","0CEA67E9469DFE5798046B270E1127F95142A652F7796186D7BDB64E319E1F66","True","2026-05-31 11:09:20"
"Backend\database\scripts\204_phase04_phase05_ml_learning_core.sql","02_Backend_Database","Backend Database: Scripts, Seed, Views","SQL Script",".sql","828","31390","30.65","CF4851A64ACF90656DCE339863562BA78BD99C60ADCD3ED0DCF3EFB0CA8B2E57","True","2026-07-15 12:34:44"
"Backend\database\scripts\205_phase04_phase05_completion_governance_jobs_tests.sql","02_Backend_Database","Backend Database: Scripts, Seed, Views","SQL Script",".sql","1239","42312","41.32","77769811D44D333E0188D41CFA180842033DBE6B3EFEA09B2A76D02B0831A9CF","True","2026-07-15 12:34:44"
"Backend\database\scripts\206_fix_dashboard_widget_definition_schema_drift.sql","02_Backend_Database","Backend Database: Scripts, Seed, Views","SQL Script",".sql","199","6358","6.21","1E49AE9FB80B26D58B6FA59DF4029EF08D47DFEAB000A639C03D2CCF9DC1F5F0","True","2026-05-31 14:40:26"
"Backend\database\scripts\207_fix_dashboard_widget_expression_smallint_schema_drift.sql","02_Backend_Database","Backend Database: Scripts, Seed, Views","SQL Script",".sql","173","6667","6.51","27E18C3E6718D31F1B4ABC151231F9BF1F5CE8BCEEA3133A2ECB35342D62C685","True","2026-05-31 14:42:12"
"Backend\database\scripts\250_p3_advanced_analysis_tenant_scope.sql","02_Backend_Database","Backend Database: Scripts, Seed, Views","SQL Script",".sql","15","885","0.86","EB53A6B460E7C4A245851E56CFB4AD6C8C3026052FA6D38BC645618C201F950F","True","2026-06-03 10:22:03"
"Backend\database\scripts\251_p1_correlation_method_honesty.sql","02_Backend_Database","Backend Database: Scripts, Seed, Views","SQL Script",".sql","30","1531","1.5","8C01B54905A37B906DFDC32E43366465C3E3C31CB7EE73E5B8DE7E7DE807BEB7","True","2026-06-03 10:22:03"
"Backend\database\scripts\252_job_event_log.sql","02_Backend_Database","Backend Database: Scripts, Seed, Views","SQL Script",".sql","22","899","0.88","BD388B79D9983DC5DF4010198087AFE72BDC249B3303F48D8DAC15EC20F02409","True","2026-07-05 16:47:15"
"Backend\database\scripts\300_p01_p02_security_access_control_spine.sql","02_Backend_Database","Backend Database: Scripts, Seed, Views","SQL Script",".sql","365","12653","12.36","8484EC4AA6247082859DC7EE38A0F40AAFF72D90C19697F7303F24523A81D64A","True","2026-06-01 15:40:07"
"Backend\database\scripts\301_p01_p02_authstore_compatibility_bridge.sql","02_Backend_Database","Backend Database: Scripts, Seed, Views","SQL Script",".sql","97","4013","3.92","BE16B92D5920C9EC9F762F8AC00C103777A1831AD6A9A826F7B18FDF1C68D568","True","2026-06-26 12:53:00"
"Backend\database\scripts\302_p01_p02_authstore_lineage_lock.sql","02_Backend_Database","Backend Database: Scripts, Seed, Views","SQL Script",".sql","104","4493","4.39","AE6944F62E4CDA898CDCD200863709E5061A757607979B2D698D4F2D48FACCD8","True","2026-06-09 01:08:05"
"Backend\database\scripts\302_p02_authstore_runtime_lineage_lock.sql","02_Backend_Database","Backend Database: Scripts, Seed, Views","SQL Script",".sql","118","3876","3.79","8DE4702420F9B67A4FB5A4B726451EB0E5B7C50FB5ACFF73899473F0EAB1F1CF","True","2026-06-09 14:24:59"
"Backend\database\scripts\310_mapping_genealogy_foundation.sql","02_Backend_Database","Backend Database: Scripts, Seed, Views","SQL Script",".sql","214","9904","9.67","E69902008B28A123A02FC8A46E06816FEF7881C52F4F66A87207A147A5B4F31D","True","2026-06-22 17:54:43"
"Backend\database\scripts\311_p03_p04_fix_genealogy_walk_and_safe_sql.sql","02_Backend_Database","Backend Database: Scripts, Seed, Views","SQL Script",".sql","246","7471","7.3","54620B0331F45DE4F3ADC7D61CC3F398D213AC4771747ACD7059FBE3FBB4818F","True","2026-06-01 15:55:22"
"Backend\database\scripts\312_p03_p04_completion_pack_a.sql","02_Backend_Database","Backend Database: Scripts, Seed, Views","SQL Script",".sql","720","24499","23.92","EC2A10D592D0CA1069410B70AE83640FD6CF8088D3AA0FAAF2022E6968EE9D46","True","2026-06-01 16:50:40"
"Backend\database\scripts\313_p03_p04_completion_pack_a_hotfix.sql","02_Backend_Database","Backend Database: Scripts, Seed, Views","SQL Script",".sql","404","13800","13.48","AE1FCDB0E4E2052EDC7B90C67AFB59B8BE41C11C3F6E719FCE98560811CF9DAE","True","2026-06-01 16:53:27"
"Backend\database\scripts\320_p3_business_key_reconciliation.sql","02_Backend_Database","Backend Database: Scripts, Seed, Views","SQL Script",".sql","145","5576","5.45","F9E682D4A1D0EAD4BD6934DEF1D9A4DDDE9CDD4A8C44AFE0E77B3D0FD44C8EB3","True","2026-07-09 14:01:38"
"Backend\database\scripts\320_phase2_canonical_completion.sql","02_Backend_Database","Backend Database: Scripts, Seed, Views","SQL Script",".sql","123","6482","6.33","AC6CCD9D94D709C61FEF272F996F926517FD6D792DE43C8A7B6A5FA088A557FB","True","2026-06-02 17:10:27"
"Backend\database\scripts\321_p3_golden_thread_and_missing_hop.sql","02_Backend_Database","Backend Database: Scripts, Seed, Views","SQL Script",".sql","87","3600","3.52","3825049C1B0488A2A477E96DA2EB28C5048195564131CAB3763FBD779D1084DC","True","2026-06-14 22:50:21"
"Backend\database\scripts\322_p3_transition_attribution_detailed.sql","02_Backend_Database","Backend Database: Scripts, Seed, Views","SQL Script",".sql","58","2627","2.57","6B6DD26A44B379A6F5398E32FD718685F381E2555B386857835AC0FFF6E0C512","True","2026-06-14 22:50:21"
"Backend\database\scripts\360_p05_read_model_refresh_infrastructure.sql","02_Backend_Database","Backend Database: Scripts, Seed, Views","SQL Script",".sql","102","4517","4.41","38C245F130D9AC84A288BFFBAF8FA352359988DAA638FDB177A4D52BCFCDB0BD","True","2026-06-02 01:56:09"
"Backend\database\scripts\361_p05_dashboard_read_models.sql","02_Backend_Database","Backend Database: Scripts, Seed, Views","SQL Script",".sql","59","2579","2.52","A69841D995AB30016F2A50DAA83214270E328F370B66D9DED08E8D76C5BB69F0","True","2026-06-02 02:35:26"
"Backend\database\scripts\362_p05_dashboard_read_models_extra.sql","02_Backend_Database","Backend Database: Scripts, Seed, Views","SQL Script",".sql","63","3046","2.97","B17B36C50CBF727B7C1855B1A5EECF7F0906F7350073F579DC161097B8260F9E","True","2026-06-02 13:31:38"
"Backend\database\scripts\363_p05_kpi_targets_alerts.sql","02_Backend_Database","Backend Database: Scripts, Seed, Views","SQL Script",".sql","37","1785","1.74","2CFD7EF8D7C6367200EC464A638A3296DA74A4B93DC5893B3D77CE9DED36457A","True","2026-06-02 13:31:39"
"Backend\database\scripts\400_phase4_value_engine.sql","02_Backend_Database","Backend Database: Scripts, Seed, Views","SQL Script",".sql","60","2883","2.82","C36C81D4BFBED9806C3F2D6A4540F98DB9FD8DB4DC0D4A1FE75A2304F2990A84","True","2026-06-02 18:48:30"
"Backend\database\scripts\410_phase5_suggestions.sql","02_Backend_Database","Backend Database: Scripts, Seed, Views","SQL Script",".sql","40","1836","1.79","368C992C3BBD85F6DAC9A92D5DD0094BFC6E35FDB29232CE5525D49F6B13A55C","True","2026-06-02 19:25:59"
"Backend\database\scripts\420_p3_value_evidence_hmi.sql","02_Backend_Database","Backend Database: Scripts, Seed, Views","SQL Script",".sql","224","9569","9.34","115521EFB5E67DE209F45207211110C072B9886802EADCCC769974AA06AD13A3","True","2026-06-17 15:34:00"
"Backend\database\scripts\420_phase6_assistant.sql","02_Backend_Database","Backend Database: Scripts, Seed, Views","SQL Script",".sql","32","1492","1.46","04E211CE488A367304CB3CC3482F0C4049047A058537FA4FE5C740C4057B1B18","True","2026-06-02 19:26:45"
"Backend\database\scripts\421_phase7_value_realization_ledger.sql","02_Backend_Database","Backend Database: Scripts, Seed, Views","SQL Script",".sql","44","2094","2.04","CF0F4F83FB5F87AB311EDD898810E8AF17280DA2EAA65C12D982A56582A2F1A3","True","2026-06-07 16:51:10"
"Backend\database\scripts\425_p3_t17_cost_assumption_i18n_contract.sql","02_Backend_Database","Backend Database: Scripts, Seed, Views","SQL Script",".sql","107","4274","4.17","C2EC9B9D2987AE8C4D503EE337E432C1ACC64A3FD383CA76157119C7A336B166","True","2026-06-10 14:21:37"
"Backend\database\scripts\426_p3_t18_readonly_query_preview_role.sql","02_Backend_Database","Backend Database: Scripts, Seed, Views","SQL Script",".sql","190","5861","5.72","E32B382898030614CA027F0627D4C38A439B7B847DBA22819D72E4E47057ED83","True","2026-06-10 14:33:59"
"Backend\database\scripts\427_demo_cost_assumptions_DEMO_ONLY.sql","02_Backend_Database","Backend Database: Scripts, Seed, Views","SQL Script",".sql","20","979","0.96","892F4321294431C46108E53EC0463B0B1CAF81CA3F73EDEE1ED43AF559087AA3","True","2026-06-02 18:48:30"
"Backend\database\scripts\430_p4_production_assistant.sql","02_Backend_Database","Backend Database: Scripts, Seed, Views","SQL Script",".sql","116","4672","4.56","DC6A0E45CB13D280AD0ECFE0C27154F57F96766627A5AE7DCB78552A8E97C22C","True","2026-06-04 09:22:58"
"Backend\database\scripts\430_phase3_phase4_certification_mapping_health.sql","02_Backend_Database","Backend Database: Scripts, Seed, Views","SQL Script",".sql","251","12279","11.99","B2CDABF19ED66008EC78732BBBA09EC028EACA48823DFAC8A5D0554D4E2441FA","True","2026-06-06 10:31:44"
"Backend\database\scripts\440_p5_ot_safe_acquisition.sql","02_Backend_Database","Backend Database: Scripts, Seed, Views","SQL Script",".sql","117","4925","4.81","A7AF081F25504EAFFB2CC6555EBB26698862A78F5701F2699FAF2C35E22A63D0","True","2026-06-04 09:28:57"
"Backend\database\scripts\500_v5_p01_auth_argon2id_and_secret_hygiene.sql","02_Backend_Database","Backend Database: Scripts, Seed, Views","SQL Script",".sql","41","1497","1.46","9F64E6B8EE815AC915187EC6BB74827E634D474E204CDD93FD985CFFA719657D","True","2026-06-03 13:28:58"
"Backend\database\scripts\510_v5_p02_rls_tenant_isolation_and_secret_vault.sql","02_Backend_Database","Backend Database: Scripts, Seed, Views","SQL Script",".sql","320","13234","12.92","FAEB4B35777E5EE802B17336855BEDEC0913D5D1FB0899D5C8F2FBC3D53DCAE4","True","2026-06-03 13:45:31"
"Backend\database\scripts\511_v5_p02_hotpath_explain_review.sql.quarantine","02_Backend_Database","Backend Database: Scripts, Seed, Views","Other Text File",".quarantine","42","1211","1.18","89BD1C5DD7FC82F7072434637697944B743F315CB1E5F08526F2E8F4C245BAE4","True","2026-06-03 13:29:00"
"Backend\database\scripts\520_v5_p03_timeseries_foundation.sql","02_Backend_Database","Backend Database: Scripts, Seed, Views","SQL Script",".sql","427","16181","15.8","F20F1FD7A498744C84D5997F92F4010F688A0FD169DE7AEF91C6A38AB458BD86","True","2026-06-03 13:56:58"
"Backend\database\scripts\530_v5_p04_assistant_model_gateway_boundary.sql","02_Backend_Database","Backend Database: Scripts, Seed, Views","SQL Script",".sql","301","10151","9.91","54B42C3BA8D34F9C5A9EAD7FC79CDEBDC9D8E70B0D72121CEE2199BA857805A2","True","2026-06-04 01:19:36"
"Backend\database\scripts\540_v5_p05_visual_mapper_foundation.sql","02_Backend_Database","Backend Database: Scripts, Seed, Views","SQL Script",".sql","334","13230","12.92","FA24DDD7D8AE583191AD3D37ADD00D88540E2E06A2263050258A65C6AF646384","True","2026-06-17 16:29:07"
"Backend\database\scripts\541_v5_p05_visual_mapper_draft_definition.sql","02_Backend_Database","Backend Database: Scripts, Seed, Views","SQL Script",".sql","27","1411","1.38","523D54749138C2ED0A3174F0DD57DE3D89229B404847160DB6371322D19B6D5A","True","2026-08-04 15:46:18"
"Backend\database\scripts\550_v5_p06_blended_provenance.sql","02_Backend_Database","Backend Database: Scripts, Seed, Views","SQL Script",".sql","240","8534","8.33","2A3AFBEEDB01D5F638AEA0E7F2411307AC4088F6E207230928905A1D6D1010BE","True","2026-06-18 21:07:32"
"Backend\database\scripts\560_v5_p07_plant_connector_breadth.sql","02_Backend_Database","Backend Database: Scripts, Seed, Views","SQL Script",".sql","227","8601","8.4","CD877FA7226C6B5DF7C63D066B6E58F71999ED2451EEACA44FBA83BD1380E710","True","2026-06-03 14:34:24"
"Backend\database\scripts\570_v5_p08_enterprise_identity_mfa_sessions.sql","02_Backend_Database","Backend Database: Scripts, Seed, Views","SQL Script",".sql","240","8383","8.19","84B1829CB2D2CF17DD76801B1F27842FDD99E7340F0F8C3A9F56C10FDDBE1372","True","2026-06-03 14:34:25"
"Backend\database\scripts\580_v5_p09_enterprise_identity_sso_scim.sql","02_Backend_Database","Backend Database: Scripts, Seed, Views","SQL Script",".sql","329","10218","9.98","65848934F45EA3ECC323896F72ED60D04ECB5756D48E141D03FA8D3037EE2C52","True","2026-06-03 14:39:26"
"Backend\database\scripts\590_v5_p10_signed_license_anti_tamper.sql","02_Backend_Database","Backend Database: Scripts, Seed, Views","SQL Script",".sql","183","6256","6.11","DD6C6322A0DB30C60437A101CF1CF9E95F96E6B27674255BDC2642D1B603E4DA","True","2026-06-03 14:39:26"
"Backend\database\scripts\600_v5_p11_outbound_notifications_leads.sql","02_Backend_Database","Backend Database: Scripts, Seed, Views","SQL Script",".sql","271","9475","9.25","21F0EED347E04D71C58156884BE9118EF045BCB4D85D636AA32BFF519C2544B6","True","2026-06-04 01:19:36"
"Backend\database\scripts\610_v5_p12_i18n_rtl_mobile.sql","02_Backend_Database","Backend Database: Scripts, Seed, Views","SQL Script",".sql","166","7297","7.13","F20AF3528F78966516F70ECEA88800E66E46682236A6A1C417F8128790D73277","True","2026-06-04 01:19:36"
"Backend\database\scripts\620_v5_p13_deployment_dr_portability.sql","02_Backend_Database","Backend Database: Scripts, Seed, Views","SQL Script",".sql","279","9337","9.12","AEBF7D0CBC82FCC2D9C3883586BE8BFC31E76E58278FB70DC4791CBA1E5F9FB1","True","2026-06-03 15:22:38"
"Backend\database\scripts\630_v5_p14_compliance_refactor_controls.sql","02_Backend_Database","Backend Database: Scripts, Seed, Views","SQL Script",".sql","214","8224","8.03","1395C587871CD7155E6470D1A866A107232870C68FA5B1E866E9A9DDACFDAF52","True","2026-06-03 15:22:39"
"Backend\database\scripts\640_remaining_sensitive_data_catalog.sql","02_Backend_Database","Backend Database: Scripts, Seed, Views","SQL Script",".sql","86","4295","4.19","DA51A3A09269768212F37D09A0D132A39AB795DD2FBD661FFF9EC81A434CF5F5","True","2026-06-03 15:51:16"
"Backend\database\scripts\650_remaining_p10_ed25519_verified_license.sql","02_Backend_Database","Backend Database: Scripts, Seed, Views","SQL Script",".sql","165","5569","5.44","6603B02EA49707A6B7424C205BAC606DC320BCF568316CCA0217429889271789","True","2026-06-03 15:56:43"
"Backend\database\scripts\660_remaining_p09_sso_scim_runtime_certification.sql","02_Backend_Database","Backend Database: Scripts, Seed, Views","SQL Script",".sql","259","7740","7.56","9B5015F1702EA9EB23A5B3865385C1D1D6807B2DEB1C14ACDC1A8F1402249AFE","True","2026-06-03 16:04:03"
"Backend\database\scripts\665_pack_b35_mostly_green_task_closure.sql","02_Backend_Database","Backend Database: Scripts, Seed, Views","SQL Script",".sql","171","10776","10.52","F26170648FC2110753803F218983F70F18405DE4A0AFC415ADAF438895C3713D","True","2026-06-03 16:16:35"
"Backend\database\scripts\670_pack_b4_connector_runtime_certification.sql","02_Backend_Database","Backend Database: Scripts, Seed, Views","SQL Script",".sql","345","10812","10.56","C6BCA1CD503495739B0A9B857AB2ABAF217CE990B95799B035F1B285BF07374E","True","2026-06-03 16:21:18"
"Backend\database\scripts\680_pack_b5_private_model_gateway_ciso_controls.sql","02_Backend_Database","Backend Database: Scripts, Seed, Views","SQL Script",".sql","327","11248","10.98","3179A279A505B7CD8AEC76A58F14D527733DD77506D2BD2F1F3B9F71D8DC876D","True","2026-06-03 16:23:57"
"Backend\database\scripts\690_mapping_and_genealogy_function_completion.sql","02_Backend_Database","Backend Database: Scripts, Seed, Views","SQL Script",".sql","139","6156","6.01","B647163EF193E9464B329E959C6D383D750D1E88F01C72A146B84FF78FC5F3DD","True","2026-06-24 11:27:49"
"Backend\database\scripts\690_phase01_genealogy_recursive_cycle_guard.sql","02_Backend_Database","Backend Database: Scripts, Seed, Views","SQL Script",".sql","40","1248","1.22","9173ED634CF9B2E9B078ACF19763D4A46E7230ECBCB1C63D29BF8FC0F8D1811F","True","2026-06-07 14:44:19"
"Backend\database\scripts\700_canonical_default_tenant_repair.sql","02_Backend_Database","Backend Database: Scripts, Seed, Views","SQL Script",".sql","51","2050","2","C21B0E153EF94D7FE53ADCEC2F6CC0E57C41E95F5C856BD56A100F86A605866A","True","2026-06-24 12:12:53"
"Backend\database\scripts\700_phase03_readonly_preview_role.sql","02_Backend_Database","Backend Database: Scripts, Seed, Views","SQL Script",".sql","36","1328","1.3","8A37900921E74D63348B1DE3408CDF43A68421AECFFCBE28C77C5F4977F7C59B","True","2026-06-17 16:42:22"
"Backend\database\scripts\705_dashboard_widget_active_code_unique.sql","02_Backend_Database","Backend Database: Scripts, Seed, Views","SQL Script",".sql","28","1060","1.04","EE5ADC98C0309BECEF5037EE84FB43594A13EC270585BBD85EF5FD06A8D2636F","True","2026-06-24 12:12:53"
"Backend\database\scripts\710_phase04_second_tenant_seed.sql.quarantine","02_Backend_Database","Backend Database: Scripts, Seed, Views","Other Text File",".quarantine","38","1037","1.01","B1D06CD44998A4EF3FC7902A2934713B0C9D983562465C945A26A06374860C0D","True","2026-06-07 15:15:57"
"Backend\database\scripts\715_suggestion_population_method.sql","02_Backend_Database","Backend Database: Scripts, Seed, Views","SQL Script",".sql","4","364","0.36","16BBBE0EBAD674BF3A9F97E7ACAD4BE820150C3C4A2FD808492CEB42D7E306CE","True","2026-06-25 10:33:37"
"Backend\database\scripts\725_v1_correlation_run_timeout_and_result_proof.sql","02_Backend_Database","Backend Database: Scripts, Seed, Views","SQL Script",".sql","167","6685","6.53","B2A70C9A3DA54CC6C07996488CA02ED3D765A2621F4AC5F8C8162456F97C9AC3","True","2026-07-05 15:41:37"
"Backend\database\scripts\730_alert_rules_and_plant_data_log.sql","02_Backend_Database","Backend Database: Scripts, Seed, Views","SQL Script",".sql","90","3809","3.72","980F4A960CD4B38ADA14CFC43DDA0DC505F95628241C0C29B2ABC361A18FB0AD","True","2026-07-13 17:57:52"
"Backend\database\scripts\740_feature_store_heat_lineage_and_defect_outcomes.sql","02_Backend_Database","Backend Database: Scripts, Seed, Views","SQL Script",".sql","287","14473","14.13","70991E622E8B50D0DE49694AB7E1E8DD647AA0AB0D71B71DF2E6B7CAF5E37E95","True","2026-07-20 10:30:47"
"Backend\database\scripts\741_feature_store_coil_grain_projection.sql","02_Backend_Database","Backend Database: Scripts, Seed, Views","SQL Script",".sql","356","17693","17.28","E5275251040B97489F331B74C24CEEE658D625BC246EEF033FEA30E726342034","True","2026-07-20 15:57:18"
"Backend\database\scripts\742_feature_regrain_generic.sql","02_Backend_Database","Backend Database: Scripts, Seed, Views","SQL Script",".sql","42","2450","2.39","BD4E2D4053A6DBEA60438C8FCDBC122CC3739853E07B590D85840E9B664EE78E","True","2026-07-20 22:40:15"
"Backend\database\scripts\750_forensics_audit_subsystem.sql","02_Backend_Database","Backend Database: Scripts, Seed, Views","SQL Script",".sql","107","5578","5.45","006A600807D80623837BB246884E77F3D717EDA1EACDAB27B41C10633EF76F48","True","2026-08-02 23:14:33"
"Backend\database\scripts\760_t025_lineage_and_outcome_producer.sql","02_Backend_Database","Backend Database: Scripts, Seed, Views","SQL Script",".sql","423","24556","23.98","BFFC55A94A57158ADFC67E1B9C9A88BD72570332A6F239CF893F9AFC7DC036D1","True","2026-08-05 14:38:50"
"Backend\database\scripts\770_t039_definition_version_store.sql","02_Backend_Database","Backend Database: Scripts, Seed, Views","SQL Script",".sql","73","3930","3.84","8399D81F75DE38521313AF3685D03393834A15E1ED33416A8D176FB889222088","True","2026-08-06 18:59:20"
"Backend\database\scripts\771_t041_page_audience_roles.sql","02_Backend_Database","Backend Database: Scripts, Seed, Views","SQL Script",".sql","35","1564","1.53","51A858D9E0699A1AB3A829F0E0B9BE8CD93549230082871CDD4C4471AE3F95C1","True","2026-08-08 19:35:48"
"Backend\database\scripts\772_t042_page_backing_dashboard_and_publication.sql","02_Backend_Database","Backend Database: Scripts, Seed, Views","SQL Script",".sql","34","1883","1.84","DE8335E8AEE3BF2CBE0F605EF4C20C388072C8F972E32A73F1639EBEC52F0D64","True","2026-08-08 20:39:32"
"Backend\database\scripts\773_t042_one_live_page_per_backing_dashboard.sql","02_Backend_Database","Backend Database: Scripts, Seed, Views","SQL Script",".sql","18","980","0.96","75380137B5F120C54CDC256699B68880F03D5251A2D414267C34C3210AA9BBD3","True","2026-08-08 22:00:23"
"Backend\database\scripts\780_t073_widget_result_evidence.sql","02_Backend_Database","Backend Database: Scripts, Seed, Views","SQL Script",".sql","57","2897","2.83","6CEAF419CEE2772E81BCB823B28E45918A4D8AEC06349C47F224BB6A9E9F7AA0","True","2026-08-08 16:10:32"
"Backend\database\scripts\790_t044_canonical_widget_definitions.sql","02_Backend_Database","Backend Database: Scripts, Seed, Views","SQL Script",".sql","76","3494","3.41","BFB16753BA1AC486067515B71E9FAAA91FE3D4D4188469A92A43E3B6C80A5299","True","2026-08-11 00:53:30"
"Backend\database\scripts\800_t045_canonical_widget_definitions.sql","02_Backend_Database","Backend Database: Scripts, Seed, Views","SQL Script",".sql","89","4198","4.1","FFBBB8334F3CA261AE7C0C72EDDD1960EC720199CA7C36ABDF2DE29C10423054","True","2026-08-12 10:56:16"
"Backend\database\scripts\810_t045_packb_mi_sev_convergence.sql","02_Backend_Database","Backend Database: Scripts, Seed, Views","SQL Script",".sql","55","2510","2.45","A739BC4E3C0B05954056410EBA8B185BDDE20A0D925DF127411C4C2B57910F46","True","2026-08-12 09:19:34"
"Backend\database\scripts\811_t045_packc_mi_sev_title_convergence.sql","02_Backend_Database","Backend Database: Scripts, Seed, Views","SQL Script",".sql","50","2321","2.27","4C963EB1ABB06C33FA097D2C33BF8A56B2676BB3A464DFA47E9FAC3CA89BE004","True","2026-08-12 09:58:22"
"Backend\database\scripts\812_t045_packd_analytical_page_bindings.sql","02_Backend_Database","Backend Database: Scripts, Seed, Views","SQL Script",".sql","137","5619","5.49","87AE845BFA21DFE614133709A88370D95F6991D4DDA14CA39CA761ADD503ABF0","True","2026-08-12 10:19:32"
"Backend\database\scripts\813_t045_packe_presentation_parameter_convergence.sql","02_Backend_Database","Backend Database: Scripts, Seed, Views","SQL Script",".sql","76","3429","3.35","66AB779AA2C5F95E9A11681D72E0B5E9D87B3C5DC05011F7921A74AA5FBCA403","True","2026-08-12 10:23:49"
"Backend\database\scripts\814_t045_packf_residual_parameter_convergence.sql","02_Backend_Database","Backend Database: Scripts, Seed, Views","SQL Script",".sql","83","3799","3.71","913C48A1AC8A72F765BE3C6012AC5598D74855025505EE0C01C12BDBE5C956AA","True","2026-08-12 10:27:52"
"Backend\database\scripts\815_t045_packg_operational_widget_convergence.sql","02_Backend_Database","Backend Database: Scripts, Seed, Views","SQL Script",".sql","93","4072","3.98","E93AC156FF0A63A7CB4C2D8017908DA566B880F06B9CBE339B9C6BE9EC554CE3","True","2026-08-12 10:56:16"
"Backend\database\scripts\816_t045_closure_state.sql","02_Backend_Database","Backend Database: Scripts, Seed, Views","SQL Script",".sql","84","4511","4.41","3B144F8A5FF81457F0C4B43BFE2A1726D7BE3D9DBCEF80AF0E5F1F68C7F7CF11","True","2026-08-12 11:12:05"
"Backend\database\scripts\817_t045_packi_mi_sev_retirement.sql","02_Backend_Database","Backend Database: Scripts, Seed, Views","SQL Script",".sql","54","2433","2.38","6A9D91E3FF340F8BB4398668FF56C5478FD10536CD296805727B738F949A880F","True","2026-08-12 11:35:49"
"Backend\database\scripts\818_t047_parameter_deep_analysis_grammar.sql","02_Backend_Database","Backend Database: Scripts, Seed, Views","SQL Script",".sql","95","4472","4.37","CC897BEB6F72065F5F8664AA299DDA424A83146182C131877B9E3DCEC837CD44","True","2026-08-15 09:59:32"
"Backend\database\scripts\819_t047_parameter_deep_analysis_scatter.sql","02_Backend_Database","Backend Database: Scripts, Seed, Views","SQL Script",".sql","73","2990","2.92","17ADA1D957359763C4F1F7519D8D645D4BA7D2C2BC2BF53A6C91BD6D9D29915C","True","2026-08-15 10:09:58"
"Backend\database\scripts\820_t047_production_quality_multiseries.sql","02_Backend_Database","Backend Database: Scripts, Seed, Views","SQL Script",".sql","65","2778","2.71","46B46C29A78F05401237E83087B035B0410541972FC57A59C10624C3402D4A26","True","2026-08-15 10:33:26"
"Backend\database\scripts\821_t047_packe_seven_page_composition.sql","02_Backend_Database","Backend Database: Scripts, Seed, Views","SQL Script",".sql","164","8544","8.34","59C04B9863EF44195889BAB07C64664D46F700BEB29096A69AD2C3CBBACA6FAE","True","2026-08-15 10:48:46"
"Backend\database\scripts\822_t044r1_positional_and_specification_materialisation.sql","02_Backend_Database","Backend Database: Scripts, Seed, Views","SQL Script",".sql","142","6721","6.56","FB04B0AE83C751BA71E22C18BE3F954FD8DD2DE9F4E60C2AA0BF9DC7EBE9A2B2","True","2026-08-16 14:22:25"
"Backend\database\scripts\823_t047_final_page_bindings.sql","02_Backend_Database","Backend Database: Scripts, Seed, Views","SQL Script",".sql","68","3548","3.46","9E1CFA0794F2A8ED1812E74D99431C47CAA4F778C68FDAE97086AD1BCFCF4F80","True","2026-08-16 09:32:54"
"Backend\database\scripts\999_grant_runtime_app_role_privileges.sql","02_Backend_Database","Backend Database: Scripts, Seed, Views","SQL Script",".sql","46","2662","2.6","D6AC9B9221270CA85AC2BB7EF68441094A239B8A0616ADFC963809C3AA26E24A","True","2026-06-22 20:12:32"
"Backend\database\scripts\M2-28_results_v2_tenant_backfill.sql","02_Backend_Database","Backend Database: Scripts, Seed, Views","SQL Script",".sql","82","3738","3.65","76792C12B18368414BBA1F19A98F6CD931A37DF80098766CC2D62F1EECFCF6CD","True","2026-07-22 09:43:34"
"Backend\database\seed\000_plantprocessiq_unified_advanced_realistic_demo_seed.sql","02_Backend_Database","Backend Database: Scripts, Seed, Views","SQL Script",".sql","1628","100750","98.39","7B7B9B9FFA687663E97C45E20D7B9E169AE50167EC911FDA02FAD8A2491E76AC","True","2026-06-24 11:27:49"
"Backend\database\seed\001_basic_genealogy_seed.sql","02_Backend_Database","Backend Database: Scripts, Seed, Views","SQL Script",".sql","402","8436","8.24","149AFB4E10FD93EB86567C896D00BEFA0C7C54AE5432772F9F870EF651BC8E7A","True","2026-05-10 10:18:23"
"Backend\database\seed\002_full_feature_demo_seed.sql","02_Backend_Database","Backend Database: Scripts, Seed, Views","SQL Script",".sql","971","76933","75.13","5D7D9B2729CFA608FF129B8610E8827FD371689CCC0B63D73F3CE78AA7E889A7","True","2026-05-11 07:53:31"
"Backend\database\seed\002_full_feature_demo_seed.txt","02_Backend_Database","Backend Database: Scripts, Seed, Views","Other Text File",".txt","971","76933","75.13","5D7D9B2729CFA608FF129B8610E8827FD371689CCC0B63D73F3CE78AA7E889A7","True","2026-05-10 12:06:56"
"Backend\database\seed\003_additional_demo_seed.sql","02_Backend_Database","Backend Database: Scripts, Seed, Views","SQL Script",".sql","156","11310","11.04","57E277E2C0C0AF84CB6CBFB83A31587963F78D8B1C53DBD5EBDFD2D41C5206DE","True","2026-05-11 14:21:23"
"Backend\database\seed\005_phase0_job_definitions.sql","02_Backend_Database","Backend Database: Scripts, Seed, Views","SQL Script",".sql","146","3321","3.24","A5946DF9CB88BD8185F1B7B578C25B91D7242066D2456E8828C9D8B3FAFA1FCF","True","2026-05-16 12:38:32"
"Backend\database\seed\010_p3_golden_thread_seed.sql","02_Backend_Database","Backend Database: Scripts, Seed, Views","SQL Script",".sql","106","6254","6.11","F69DA059110CF559DF0BD433D71014EB00EDE52E178F01E4D1BA2ECD85BCD876","True","2026-07-09 14:29:53"
"Backend\database\seed\011_p4_demo_correctness_signal.sql","02_Backend_Database","Backend Database: Scripts, Seed, Views","SQL Script",".sql","55","3988","3.89","2CD06B4C1C056E0F6B833795943BA1376FEA59A8D5D0D703C109003E600C9F0C","True","2026-06-15 00:28:50"
"Backend\database\seed\040_demo_readiness_fixtures_DEMO_ONLY.sql","02_Backend_Database","Backend Database: Scripts, Seed, Views","SQL Script",".sql","76","5657","5.52","6CAD0AE88E9BEB60D1DEFCC3C9C9970BAA25FBB882D8D246E52CF96C239BF873","True","2026-06-23 16:23:46"
"Backend\database\seed\090_phase1_dashboard_builder_indexes.sql","02_Backend_Database","Backend Database: Scripts, Seed, Views","SQL Script",".sql","128","4906","4.79","6FCFDFC4D571F224D7D9FE20229BDF2823DC0F9A95D2862B15AE30EC2AAFB0FF","True","2026-05-16 13:26:24"
"Backend\database\seed\090_phase1_system_dashboard_templates.sql","02_Backend_Database","Backend Database: Scripts, Seed, Views","SQL Script",".sql","412","9178","8.96","1AAC12FEE9E6E25BFB859F4DCC5DDDF8310D88EDC259717D605754552DB6B826","True","2026-05-16 13:26:03"
"Backend\database\seed\091_phase1_dashboard_builder_explain_validate.sql","02_Backend_Database","Backend Database: Scripts, Seed, Views","SQL Script",".sql","54","1612","1.57","303D82AFD2604AB26ED051516460AA5D1BA2DB61311871D7FD1BF7D841F94087","True","2026-05-16 13:26:43"
"Backend\database\seed\20260511_phase_c_staging_records.sql","02_Backend_Database","Backend Database: Scripts, Seed, Views","SQL Script",".sql","51","1924","1.88","BCE8B0D05A2CD5D792280237E53CBFD23E819FBB2A27E89661728089318C03FE","True","2026-05-11 12:16:37"
"Backend\database\seed\dev_ed25519_public_key.sql","02_Backend_Database","Backend Database: Scripts, Seed, Views","SQL Script",".sql","8","718","0.7","4ED2F8A7F6A1E708AEF7F20742E663A20C4E67B7696503C6BCFD2996388E623C","True","2026-06-28 16:23:14"
"Backend\database\seed\source-systems\synthetic_hsm_source_insert.sql","02_Backend_Database","Backend Database: Scripts, Seed, Views","SQL Script",".sql","2821","966435","943.78","D7E95D191BCE9C77E9C556AF656E8C57D17DED7EE5F49FF7862544B7DBE748A8","True","2026-05-24 14:58:18"
"Backend\database\seed\source-systems\synthetic_inspection_source_insert.sql","02_Backend_Database","Backend Database: Scripts, Seed, Views","SQL Script",".sql","6601","2239347","2186.86","74D7DB72E6FE8E25DC9419A29E9E74894F11FDFAC4D4F9E96EDDB4AB2A571643","True","2026-05-24 14:58:18"
"Backend\database\seed\source-systems\synthetic_qms_source_insert.sql","02_Backend_Database","Backend Database: Scripts, Seed, Views","SQL Script",".sql","419","120540","117.71","0EF98CFD5E066C4CD87987FCA23AFEFBC0AEEB40B520345439CE7B454DE56952","True","2026-05-24 14:58:18"
"Backend\database\test-seeds\900_clean_test_auth_seed.sql","02_Backend_Database","Backend Database: Scripts, Seed, Views","SQL Script",".sql","183","5155","5.03","CFA378A8CD879F2CB6B5811891ED8E272CC9811B2C6ADC999836D1FF7EB9734A","True","2026-06-09 14:25:00"
"Backend\database\validation\720_phase04_two_tenant_isolation_probe.sql","02_Backend_Database","Backend Database: Scripts, Seed, Views","Validation Script",".sql","4","174","0.17","42C9C020F7D732FCA84C784E4C50FE90B1D46AC2ED24BBE0656F52C0A39F45A9","True","2026-06-07 15:15:57"
"Backend\database\views\006_dashboard_dataset_views.sql","02_Backend_Database","Backend Database: Scripts, Seed, Views","SQL Script",".sql","56","2026","1.98","CE3C664F6749755A3F319FDC86B120289EA7E1E9D7A748A074F9FA2D12099C12","True","2026-05-11 15:36:51"
"Backend\tests\_fixtures\seed_test_auth.sql","03_Backend_Tests","Backend Tests","SQL Script",".sql","109","4584","4.48","9ADCF47720E6878E406EC79CFF7256DB3A69BBB148DA7707EB09AFA432B87A73","True","2026-06-09 01:08:10"
"Backend\tests\PlantProcess.Analytics.Core.Tests\Assistant\GroundingContractTests.cs","03_Backend_Tests","Backend Tests","C# Source",".cs","87","3768","3.68","78894A0E629F05D3FD5ADDE935ED7FA1E20F0BEDA00FB1B3A5258845A2D05784","False","2026-06-02 19:26:59"
"Backend\tests\PlantProcess.Analytics.Core.Tests\Calibration\RiskCalibrationServiceTests.cs","03_Backend_Tests","Backend Tests","C# Source",".cs","80","3169","3.09","5DEBF3BBEB48F949FA62B467500A8B0F7F0A23AEAECCFF1D0D819D780F107B35","False","2026-06-02 18:44:12"
"Backend\tests\PlantProcess.Analytics.Core.Tests\GoldenData.cs","03_Backend_Tests","Backend Tests","C# Source",".cs","59","2303","2.25","B3BCB58EC83D1598C0F6BE8DB69EC8549C20AADE3971F0F8667450585DBFE827","False","2026-06-02 00:35:41"
"Backend\tests\PlantProcess.Analytics.Core.Tests\Journey\CanonicalJourneyAnalyticsContractTests.cs","03_Backend_Tests","Backend Tests","C# Source",".cs","111","4299","4.2","D054DB75118431BBD11C047C912A7D0043D11990B61F96581318637F0098A798","False","2026-07-15 21:15:24"
"Backend\tests\PlantProcess.Analytics.Core.Tests\P05_KpiEngineTests.cs","03_Backend_Tests","Backend Tests","C# Source",".cs","96","4773","4.66","45797FA8087BFBC1DBCF300E48D55456BD8FB26ED80280A10F1A15B259503341","False","2026-06-02 00:35:41"
"Backend\tests\PlantProcess.Analytics.Core.Tests\P05_PrimitivesTests.cs","03_Backend_Tests","Backend Tests","C# Source",".cs","103","3887","3.8","F1ECDC47A6C8CC7EF83AFCC0B596B90D627C0CC546373C3CF47AB5DF9718DE43","False","2026-06-02 00:35:41"
"Backend\tests\PlantProcess.Analytics.Core.Tests\P06_DisciplineTests.cs","03_Backend_Tests","Backend Tests","C# Source",".cs","67","2474","2.42","9AB5390B9267606678581324BF824DF30D929B7A8B1C483BC9E8F4437A7B102E","False","2026-06-02 00:35:42"
"Backend\tests\PlantProcess.Analytics.Core.Tests\P06_GoldenGateTests.cs","03_Backend_Tests","Backend Tests","C# Source",".cs","78","3767","3.68","59E24D057B29E6CB85FAD01CDDC5E3A6AF58B8624E3F5A072FAAA6CB323C102E","False","2026-06-02 00:35:42"
"Backend\tests\PlantProcess.Analytics.Core.Tests\P06_MethodSelectionTests.cs","03_Backend_Tests","Backend Tests","C# Source",".cs","46","2221","2.17","DC42C2E08B972B18641E48051598F0F3E1C258F1DD86465550D25242295D55EC","False","2026-06-02 00:35:41"
"Backend\tests\PlantProcess.Analytics.Core.Tests\P06_ReadinessGateTests.cs","03_Backend_Tests","Backend Tests","C# Source",".cs","46","1970","1.92","CF4A886892431D36C10B419314120C6E8FFB70B37B72088201803EF830FC7137","False","2026-06-02 00:35:42"
"Backend\tests\PlantProcess.Analytics.Core.Tests\P06_StatisticalMethodsTests.cs","03_Backend_Tests","Backend Tests","C# Source",".cs","59","2454","2.4","FDF5A1D57E478198F73E67EAC10DFD330163BC03BAEF5BF9BFBA1919D2B5772C","False","2026-06-02 00:35:41"
"Backend\tests\PlantProcess.Analytics.Core.Tests\PlantProcess.Analytics.Core.Tests.csproj","03_Backend_Tests","Backend Tests",".NET Project File",".csproj","17","660","0.64","45849E3DF946B06834DE49C0BFF2B80212C35D07808AF5BC572D59F975F15EC7","False","2026-06-07 14:48:02"
"Backend\tests\PlantProcess.Analytics.Core.Tests\Provenance\CorrelationConsolidationArchitectureTests.cs","03_Backend_Tests","Backend Tests","C# Source",".cs","31","1186","1.16","EDC3FBA5F19638CB5CFCCB6EE52EACEE23EFD847501621C607449130E8DC8631","False","2026-06-11 12:49:12"
"Backend\tests\PlantProcess.Analytics.Core.Tests\ReadinessDimensionParityTests.cs","03_Backend_Tests","Backend Tests","C# Source",".cs","133","5282","5.16","9C1F5F3E356043CF92BD5F0B9564CFBF87B8BEE8A6554B43ECF482B7F9F2FA8B","False","2026-08-15 11:57:56"
"Backend\tests\PlantProcess.Analytics.Core.Tests\Suggestions\SuggestionEngineTests.cs","03_Backend_Tests","Backend Tests","C# Source",".cs","74","3191","3.12","099CFA5F27D51EED243C9A84BC0E88604F40D1FF92D71AB501FCB349603A999F","False","2026-06-25 10:27:25"
"Backend\tests\PlantProcess.Analytics.Core.Tests\T171_CapabilityProfilerTests.cs","03_Backend_Tests","Backend Tests","C# Source",".cs","398","18085","17.66","9A532826665572EF3A0D983164CEF6E37B9EA03AB77B8B403521EE4B5FF9D17B","False","2026-08-12 14:29:00"
"Backend\tests\PlantProcess.Analytics.Core.Tests\T171_RefusalVocabularyTests.cs","03_Backend_Tests","Backend Tests","C# Source",".cs","129","5188","5.07","6A9A2A28115297C09647845C36FD1A3EA8CC1FBED8DF5E3263BF35F56442B3C4","False","2026-08-12 14:11:24"
"Backend\tests\PlantProcess.Analytics.Core.Tests\T177_ParityRegressionTests.cs","03_Backend_Tests","Backend Tests","C# Source",".cs","187","8259","8.07","8D09336D35520659208A245F5009A4605D77320FB6A96ED48295F6483F5AE464","False","2026-08-12 13:57:36"
"Backend\tests\PlantProcess.Analytics.Core.Tests\T177_StatisticalKernelTests.cs","03_Backend_Tests","Backend Tests","C# Source",".cs","255","11646","11.37","2F125A2C72750A849C1A18C2E109F82F7F6D893942E82548D480DAC50C95B916","False","2026-08-12 14:11:24"
"Backend\tests\PlantProcess.Analytics.Core.Tests\TestContext.cs","03_Backend_Tests","Backend Tests","C# Source",".cs","14","543","0.53","715F90B6211113A27D80D32965016DC48D6E898E7ED2670A0A9A024B70CE3E8F","False","2026-06-02 00:35:40"
"Backend\tests\PlantProcess.Analytics.Core.Tests\Value\ValueHonestyLintTests.cs","03_Backend_Tests","Backend Tests","C# Source",".cs","29","945","0.92","33889C376D04D9E99856D732E458D7F2FEF41A1BC014D9CB3A6FCFF20856BA35","False","2026-06-02 18:48:34"
"Backend\tests\PlantProcess.Analytics.Core.Tests\Value\ValueImpactEngineTests.cs","03_Backend_Tests","Backend Tests","C# Source",".cs","89","3312","3.23","2EFA201D01BC001BEAC97DB89BEA2B72C11FDA94D741B1ED778FE6EAD388DE37","False","2026-06-02 18:48:34"
"Backend\tests\PlantProcess.Analytics.Engine.Tests\Fakes.cs","03_Backend_Tests","Backend Tests","C# Source",".cs","63","2698","2.63","48DD11004C7659B7D55D31D823CDD7D60E566431417F0559CF95FA9416762A70","False","2026-06-02 00:49:32"
"Backend\tests\PlantProcess.Analytics.Engine.Tests\ManagedStatisticalComputeEngineTests.cs","03_Backend_Tests","Backend Tests","C# Source",".cs","65","3001","2.93","EE28E15916B2CECC06D34F1EB92EB04E16916829195744E101F86FA99B826F50","False","2026-06-02 00:49:32"
"Backend\tests\PlantProcess.Analytics.Engine.Tests\PlantProcess.Analytics.Engine.Tests.csproj","03_Backend_Tests","Backend Tests",".NET Project File",".csproj","17","718","0.7","DA396EECDB8808B3F3E9104E0C5EA59AB3902A5E717382DE3DABE7EF5EEA467E","False","2026-06-02 00:49:31"
"Backend\tests\PlantProcess.Analytics.Engine.Tests\PostgresAdapterIntegrationTests.cs","03_Backend_Tests","Backend Tests","C# Source",".cs","36","1488","1.45","7129FDA4DEF48CF939C70D1EA189DA533244225A48587BE4E0A3D32AFBF46B04","False","2026-06-02 01:05:18"
"Backend\tests\PlantProcess.Api.IntegrationTests\Acceptance\Rule2EmptyStartTests.cs","03_Backend_Tests","Backend Tests","C# Source",".cs","118","4450","4.35","23BFB120D6BFE7951FE91028B23492B7B9B56AB85F0A09554A837983F6BD71D2","False","2026-08-02 16:36:39"
"Backend\tests\PlantProcess.Api.IntegrationTests\Analytics\MlLearningCoreIntegrationTests.cs","03_Backend_Tests","Backend Tests","C# Source",".cs","134","5006","4.89","A1470CDB5D29793BF04526424EF86D9961EC4BA9A54B1E4FB61D73A667C76196","False","2026-06-15 10:47:57"
"Backend\tests\PlantProcess.Api.IntegrationTests\appsettings.Test.json","03_Backend_Tests","Backend Tests","JSON Configuration",".json","18","568","0.55","A1DE76193CE7AD055D08FC0DCB9242FC62677A2DA399A83E6C45415B18966E0F","False","2026-06-27 16:19:46"
"Backend\tests\PlantProcess.Api.IntegrationTests\AssemblyInfo.cs","03_Backend_Tests","Backend Tests","C# Source",".cs","3","79","0.08","DC487307A71887C7C1CFD04DEC25A884571326C6229CA6289335234CBC555975","False","2026-06-08 12:57:22"
"Backend\tests\PlantProcess.Api.IntegrationTests\Auth\AuthLifecycleTests.cs","03_Backend_Tests","Backend Tests","C# Source",".cs","85","3719","3.63","101AF53D0C9098ED6CA44C69157F85B930E6CDDEC93AF7425C6DC1F4C7324B0F","False","2026-06-15 11:25:21"
"Backend\tests\PlantProcess.Api.IntegrationTests\BlendedProvenance\TransitionCoilWeightedAttributionTests.cs","03_Backend_Tests","Backend Tests","C# Source",".cs","108","5231","5.11","EE18D526B9AE059D46E3897BD53C13BD3EB735A5D0C9CD12AEE61B0125B49F72","False","2026-06-29 11:30:12"
"Backend\tests\PlantProcess.Api.IntegrationTests\Connectors\ConnectorTruthContractTests.cs","03_Backend_Tests","Backend Tests","C# Source",".cs","122","4391","4.29","7C0D4FF8528467132D0F1103F199987DD738C306F65E43B1BC67E3EC4A4BD166","False","2026-06-15 10:47:57"
"Backend\tests\PlantProcess.Api.IntegrationTests\Demo\Phase2DemoLifecycleContractTests.cs","03_Backend_Tests","Backend Tests","C# Source",".cs","69","2067","2.02","9C9E267ED7AE8DE819981A5B15DF69A35821BAE53EACB37E8872523E74FC97AD","False","2026-06-15 10:47:57"
"Backend\tests\PlantProcess.Api.IntegrationTests\Demo\Phase2NoFacadeMetricSourceTests.cs","03_Backend_Tests","Backend Tests","C# Source",".cs","62","2018","1.97","328DA799658CA9268B82A5847E258DB784FD0A1E92CF54A91BF2C73B12EDC318","False","2026-06-15 10:47:57"
"Backend\tests\PlantProcess.Api.IntegrationTests\DistributionSourceNpgsqlTranslationTests.cs","03_Backend_Tests","Backend Tests","C# Source",".cs","161","7111","6.94","3CAEDC0D878845ED294A7C3120467B841156939FF9288027D36153D99552D3D5","False","2026-08-15 09:33:45"
"Backend\tests\PlantProcess.Api.IntegrationTests\Engine\ContractGuardsIntegrationTests.cs","03_Backend_Tests","Backend Tests","C# Source",".cs","91","3827","3.74","0566CA03EAEC7ADA60D744501D8A6C3200B78E67F952A3BD77FE1CB57C208862","False","2026-07-14 13:39:09"
"Backend\tests\PlantProcess.Api.IntegrationTests\Engine\EngineSurfacesIntegrationTests.cs","03_Backend_Tests","Backend Tests","C# Source",".cs","139","7105","6.94","EDF9F709F0FB811F7D9B17AD8FF577F30097B5678482412F726F95932252CAAF","False","2026-07-14 13:10:31"
"Backend\tests\PlantProcess.Api.IntegrationTests\EquipmentStoppageAndImpactNpgsqlTests.cs","03_Backend_Tests","Backend Tests","C# Source",".cs","157","6192","6.05","12E77B93694A8D6787A6CDCDE9754A0AB4F208F36858FB6EF490857828139467","False","2026-08-15 12:16:09"
"Backend\tests\PlantProcess.Api.IntegrationTests\ErrorHandling\GlobalExceptionHandlerTests.cs","03_Backend_Tests","Backend Tests","C# Source",".cs","80","3458","3.38","4102660CCA2577708732703FD3785D6993DD7C08E547FDD16B0117CEDF086B6A","False","2026-06-15 10:47:57"
"Backend\tests\PlantProcess.Api.IntegrationTests\FinalPageBindingsNpgsqlTests.cs","03_Backend_Tests","Backend Tests","C# Source",".cs","152","6976","6.81","F4A6D9F2336F5ED9771892522D40CC305EA1F3F3A951781C4D987BF7F2F93CC0","False","2026-08-16 09:32:54"
"Backend\tests\PlantProcess.Api.IntegrationTests\Genealogy\GenealogyGoldenThreadTests.cs","03_Backend_Tests","Backend Tests","C# Source",".cs","155","6870","6.71","17F95CC98B88AEC5AFBD06EB10B53B9F1185E2B2AD81ACD379F442F74DA15ECC","False","2026-07-10 10:03:27"
"Backend\tests\PlantProcess.Api.IntegrationTests\Genealogy\NamedDemoCoilGenealogyTests.cs","03_Backend_Tests","Backend Tests","C# Source",".cs","117","5730","5.6","B632B2BCF32F537FE85A215CA293EF217EF47752D56AC93E21DE97250101EC73","False","2026-06-23 14:16:24"
"Backend\tests\PlantProcess.Api.IntegrationTests\GoldenThreadSerialCollection.cs","03_Backend_Tests","Backend Tests","C# Source",".cs","14","713","0.7","CAC25E6F2495DA8655D692C1BD0ACB12F04B00486933ABB7498A893AEEEA9653","False","2026-06-29 11:30:12"
"Backend\tests\PlantProcess.Api.IntegrationTests\Hardening\PageVersionConflictContractTests.cs","03_Backend_Tests","Backend Tests","C# Source",".cs","36","1251","1.22","7148DEDF740FE45418DC74A16BF09D59D4346C50339CF5A100B92BD46780C551","False","2026-06-15 10:47:57"
"Backend\tests\PlantProcess.Api.IntegrationTests\Hardening\RefreshTokenInvalidationContractTests.cs","03_Backend_Tests","Backend Tests","C# Source",".cs","47","1674","1.63","98CA80BCD8836196DE07C7F1375F00C9A79979217734E7EC7BD5B08BB33020A4","False","2026-06-15 10:47:57"
"Backend\tests\PlantProcess.Api.IntegrationTests\Hardening\StartupConfigurationValidatorTests.cs","03_Backend_Tests","Backend Tests","C# Source",".cs","67","2346","2.29","4EDF9D9628F5B03D69F57BC85C29B6F2A35C683AF7B1CC249053C9FADE6EDDCD","False","2026-06-15 10:47:57"
"Backend\tests\PlantProcess.Api.IntegrationTests\Hardening\TestWebHostEnvironment.cs","03_Backend_Tests","Backend Tests","C# Source",".cs","16","807","0.79","FA8F780FDA9C1BE22FFB61DCFADD7165CCB4DDD41D2FC080EF08876E37DB3B8D","False","2026-06-13 23:06:26"
"Backend\tests\PlantProcess.Api.IntegrationTests\Health\HealthEndpointTests.cs","03_Backend_Tests","Backend Tests","C# Source",".cs","25","663","0.65","25F3395184D3133ACFBEB811994D1E86C32C24DB72BAD2240DDBDA839BD46D0E","False","2026-06-15 10:47:57"
"Backend\tests\PlantProcess.Api.IntegrationTests\Import\DeltaImportResumabilityTests.cs","03_Backend_Tests","Backend Tests","C# Source",".cs","124","6174","6.03","1AAD7C1413F4FC64C0050229103B2BA8DF14DAD371D190B11BEC9E1826BEA405","False","2026-06-15 10:47:57"
"Backend\tests\PlantProcess.Api.IntegrationTests\Infrastructure\AuthenticatedApiTestBase.cs","03_Backend_Tests","Backend Tests","C# Source",".cs","476","16870","16.47","1142203C856DB865850A49256C06B8B04A495C943DB9AC99C7B8E7506C02F80A","False","2026-06-18 12:29:57"
"Backend\tests\PlantProcess.Api.IntegrationTests\Journey\CanonicalJourneyApiContractTests.cs","03_Backend_Tests","Backend Tests","C# Source",".cs","236","12251","11.96","D6A2DC197BC98E827932F6A4E77DC474A53C4F5126A7E5553BF4C5368D14154B","False","2026-07-15 21:15:24"
"Backend\tests\PlantProcess.Api.IntegrationTests\Licensing\T08TierFeatureSnapshotTests.cs","03_Backend_Tests","Backend Tests","C# Source",".cs","47","2266","2.21","B264FD761AB169D82F1FD14DF1A8DFBB2996F32914D11E3391E83489E2C60FD7","False","2026-06-15 10:47:57"
"Backend\tests\PlantProcess.Api.IntegrationTests\Mapping\MappingLifecycleProofTests.cs","03_Backend_Tests","Backend Tests","C# Source",".cs","118","5277","5.15","4DB23199C82510ED0CECAFFBBB4227B077B422CEE6E4279FFB7DF48AAA330CB5","False","2026-07-10 10:03:27"
"Backend\tests\PlantProcess.Api.IntegrationTests\Mapping\VisualMapperSessionLifecycleTests.cs","03_Backend_Tests","Backend Tests","C# Source",".cs","417","22272","21.75","578C256637269C12C18849857B631ABB15ECA48911AC07CEF70C6E502C19D798","False","2026-08-05 13:58:12"
"Backend\tests\PlantProcess.Api.IntegrationTests\Middleware\SecurityHeadersMiddlewareTests.cs","03_Backend_Tests","Backend Tests","C# Source",".cs","28","1013","0.99","4193712D35568309A261AAE1FBCFD58715AB7095C0C78425D80E0B8DF0E0CF86","False","2026-06-15 10:47:57"
"Backend\tests\PlantProcess.Api.IntegrationTests\MultiSeriesSourcesNpgsqlTests.cs","03_Backend_Tests","Backend Tests","C# Source",".cs","136","5541","5.41","40D16B406B06B6C1A7CD75981F80D36437146E24E2916F30C7FF6887AA3C39FC","False","2026-08-15 10:33:26"
"Backend\tests\PlantProcess.Api.IntegrationTests\OpenApi\OpenApiContractTests.cs","03_Backend_Tests","Backend Tests","C# Source",".cs","55","1662","1.62","E7A0FFDFD8C36384C58F5BBD8A10286DEB5FBA457F9A9DCD61E3625A9B1679A1","False","2026-06-15 10:47:57"
"Backend\tests\PlantProcess.Api.IntegrationTests\OpenApi\OpenApiMlAndDynamicEndpointContractTests.cs","03_Backend_Tests","Backend Tests","C# Source",".cs","41","1468","1.43","159CB50F83E1E047E4C4FA229F1264A6BC3F58F04F9BCA5CB37D0886A569D556","False","2026-06-15 10:47:57"
"Backend\tests\PlantProcess.Api.IntegrationTests\ParameterRelationshipNpgsqlTests.cs","03_Backend_Tests","Backend Tests","C# Source",".cs","129","5380","5.25","6D491EB581D3D0A2E6F77F1EF2A5D96E2170C69D95E8F584AD3C95F92DB70833","False","2026-08-15 10:09:58"
"Backend\tests\PlantProcess.Api.IntegrationTests\ParameterValueSpreadNpgsqlTests.cs","03_Backend_Tests","Backend Tests","C# Source",".cs","129","5625","5.49","EA2914708AC6012248C135083D0AD627467446C06F87E296BDF75C5C1886BA34","False","2026-08-15 09:44:40"
"Backend\tests\PlantProcess.Api.IntegrationTests\Phase3\Phase3GoldenThreadAndAttributionTests.cs","03_Backend_Tests","Backend Tests","C# Source",".cs","178","8813","8.61","753F9F8A6275B01D467139CB017A1FEB1BB4CB7D6E46EEC4335A68882F624C10","False","2026-06-29 11:30:12"
"Backend\tests\PlantProcess.Api.IntegrationTests\Phase4\Phase4DemoCorrectnessAndJobsTests.cs","03_Backend_Tests","Backend Tests","C# Source",".cs","229","10667","10.42","09E979C0F62D1930651EB5166F176B39C972412B2B6B1E086230CE6FB453283E","False","2026-06-22 17:54:28"
"Backend\tests\PlantProcess.Api.IntegrationTests\PlantProcess.Api.IntegrationTests.csproj","03_Backend_Tests","Backend Tests",".NET Project File",".csproj","39","1587","1.55","B7325F5419F4196373B11164741AF4A7A2A1DF341A0DE00048FF1706971A076B","False","2026-06-22 17:54:43"
"Backend\tests\PlantProcess.Api.IntegrationTests\RiskEvidenceNpgsqlTests.cs","03_Backend_Tests","Backend Tests","C# Source",".cs","264","10585","10.34","7C7074AEC84E1DF3EE3EAB449268777409A7EAA7439DEB07BCAEF1CE975636CB","False","2026-08-15 15:38:53"
"Backend\tests\PlantProcess.Api.IntegrationTests\Routing\T10DuplicateRouteContractTests.cs","03_Backend_Tests","Backend Tests","C# Source",".cs","45","1934","1.89","83C2824588D2BCD2B4ECF7FD34383163143C1C6CCD3A695859425D17A3978303","False","2026-06-15 10:47:57"
"Backend\tests\PlantProcess.Api.IntegrationTests\Security\AdminMfaFlagTests.cs","03_Backend_Tests","Backend Tests","C# Source",".cs","62","2439","2.38","F47791F3297B8EAFDE324934D0D2CEF98A51AE854175A7C4ABD0FCF67DB9E6D9","False","2026-06-15 10:47:57"
"Backend\tests\PlantProcess.Api.IntegrationTests\Security\AuthEndpointTests.cs","03_Backend_Tests","Backend Tests","C# Source",".cs","73","2118","2.07","24FC4082F78CAA288E3CD12A86944B0F341A43B07BA22A8223C052E93B17156F","False","2026-06-15 10:47:57"
"Backend\tests\PlantProcess.Api.IntegrationTests\Security\AuthGateMatrixTests.cs","03_Backend_Tests","Backend Tests","C# Source",".cs","112","3275","3.2","E255838288C9DB35167790B56948F0CEA233374236594C790582388DF1A7D58F","False","2026-06-15 10:47:57"
"Backend\tests\PlantProcess.Api.IntegrationTests\Security\PageBuilderRouteAccessControlTests.cs","03_Backend_Tests","Backend Tests","C# Source",".cs","91","3785","3.7","F4B2A4D21BBDF66F37FE8EB279D82E29C9731E9D8F2581E04F8278FA30C49A30","False","2026-08-09 10:02:02"
"Backend\tests\PlantProcess.Api.IntegrationTests\Security\Phase04TenantIsolationProofTests.cs","03_Backend_Tests","Backend Tests","C# Source",".cs","13","293","0.29","604B41235A853271FA645793E407EF7C32B478EA33739A523384873DC87FAE19","False","2026-06-15 10:47:57"
"Backend\tests\PlantProcess.Api.IntegrationTests\Security\ProductionDevEndpointGuardTests.cs","03_Backend_Tests","Backend Tests","C# Source",".cs","37","1290","1.26","60CD90FD92CFC4A34051129A626076BED5583FAC218AEE1AD3599686D2182E2C","False","2026-06-15 10:47:57"
"Backend\tests\PlantProcess.Api.IntegrationTests\Security\SchemaConfigurationSafetyEndpointTests.cs","03_Backend_Tests","Backend Tests","C# Source",".cs","79","2844","2.78","0AD301BC49DCACCA4DBFBFCD13DF93C37F0390AAAC1807958A6732EAB4F2D2F4","False","2026-06-15 10:47:57"
"Backend\tests\PlantProcess.Api.IntegrationTests\Security\T05ProductionProofAbsentTests.cs","03_Backend_Tests","Backend Tests","C# Source",".cs","93","4176","4.08","EAB199FE6CB836E2645DDF5A396B072B41F3557BCE4E7BABB056FB5D291366E0","False","2026-06-22 17:54:28"
"Backend\tests\PlantProcess.Api.IntegrationTests\Security\T06CrossTenantIsolationTests.cs","03_Backend_Tests","Backend Tests","C# Source",".cs","41","2073","2.02","EFE25DD4917CACE18365CF5D92B911A174B4471094EE90F378C493E0E4840BAE","False","2026-06-15 10:47:57"
"Backend\tests\PlantProcess.Api.IntegrationTests\Security\T06RoleAuthorizationMatrixTests.cs","03_Backend_Tests","Backend Tests","C# Source",".cs","55","2799","2.73","F4F5EADD8EA19F8CE2F2A5B02256B2835721ABEA754A939B50FC315E6BF792AD","False","2026-06-15 10:47:57"
"Backend\tests\PlantProcess.Api.IntegrationTests\Security\T06RouteAuthorizationCoverageTests.cs","03_Backend_Tests","Backend Tests","C# Source",".cs","51","2301","2.25","039E842540566222117751721FEB7EB1B8CEB1044D792756469AF3A95DEA3892","False","2026-06-15 10:47:57"
"Backend\tests\PlantProcess.Api.IntegrationTests\Security\T07SensitiveActionAuditCoverageTests.cs","03_Backend_Tests","Backend Tests","C# Source",".cs","80","3311","3.23","AA2A985B2CF99963BBDEF554D33A4BAC367D6A4E109C0A0FA3C4CC053C0D0BA4","False","2026-06-15 10:47:57"
"Backend\tests\PlantProcess.Api.IntegrationTests\Security\T08ConnectorSecretMaskingIntegrationTests.cs","03_Backend_Tests","Backend Tests","C# Source",".cs","57","2397","2.34","5C1F9DE8F3E6D7528092AB2EAA6CE796531C75087597AAF68B4ED6DC964D0865","False","2026-06-15 10:47:57"
"Backend\tests\PlantProcess.Api.IntegrationTests\Security\TenantAccessorTests.cs","03_Backend_Tests","Backend Tests","C# Source",".cs","54","1717","1.68","6DBD43755B0EBCDA2AC3D088123D8B2269CAEDCD6AF6A8B8A3C8D4BE1B6EE6B8","False","2026-06-15 10:47:57"
"Backend\tests\PlantProcess.Api.IntegrationTests\Security\TenantIsolationMatrixTests.cs","03_Backend_Tests","Backend Tests","C# Source",".cs","72","3638","3.55","EA8AB3962051380CAB0F59780AA8B70CD375B1CC67A3E60A9F3C9A97E3E235DC","False","2026-06-15 10:47:57"
"Backend\tests\PlantProcess.Api.IntegrationTests\Smoke\ApiEndpointCatalogSmokeTests.cs","03_Backend_Tests","Backend Tests","C# Source",".cs","136","5483","5.35","53EDFE30920837DDC78E175352FE5EFDC63453E2280609AF9BFB983983329695","False","2026-06-15 10:47:57"
"Backend\tests\PlantProcess.Api.IntegrationTests\Smoke\ApiSmokeEndpointTests.cs","03_Backend_Tests","Backend Tests","C# Source",".cs","34","1078","1.05","578526936A1D21CFA4E653F5731153CFB4D9959E24B5137A78628E8B36B0A60C","False","2026-06-15 10:47:57"
"Backend\tests\PlantProcess.Api.IntegrationTests\TestMode\PpiqTestModeGuardTests.cs","03_Backend_Tests","Backend Tests","C# Source",".cs","48","1754","1.71","38DAA105583A1AA681F25F0C3674B847C2344DCA70FEDE496A4D3CA9B1ACAAC0","False","2026-06-15 10:47:57"
"Backend\tests\PlantProcess.Application.UnitTests\Acquisition\P5_OtSafeAcquisitionTests.cs","03_Backend_Tests","Backend Tests","C# Source",".cs","150","5656","5.52","FD5A1BA1AC4D7463000094304819077DBEAF76AB4C8635D997E18F6858495094","False","2026-06-04 09:28:59"
"Backend\tests\PlantProcess.Application.UnitTests\Analytics\Advanced\AdvancedCorrelationComputeServiceTests.cs","03_Backend_Tests","Backend Tests","C# Source",".cs","142","7313","7.14","C5C05371F2C3D95B22FEA8294C159CEDBFA9A3BBA8AB3C73066FCF330D8BB212","False","2026-06-03 00:54:36"
"Backend\tests\PlantProcess.Application.UnitTests\Analytics\Advanced\AnalysisReadinessServiceTests.cs","03_Backend_Tests","Backend Tests","C# Source",".cs","57","2267","2.21","939D7BBFB6CAB66D2B7D427B50F52BDF5812AB31B59DB4AD45101E7C72D9FBD4","False","2026-06-03 01:10:42"
"Backend\tests\PlantProcess.Application.UnitTests\Analytics\Advanced\Phase8_T042VifMulticollinearityTests.cs","03_Backend_Tests","Backend Tests","C# Source",".cs","161","5864","5.73","61DFD6A677DD58CC27737F519C58CF8342512E0108D8B995039AA2FD7BACAD5C","False","2026-06-08 07:59:27"
"Backend\tests\PlantProcess.Application.UnitTests\Analytics\Advanced\Phase8_T043GoldenSignalRecoveryTests.cs","03_Backend_Tests","Backend Tests","C# Source",".cs","255","10024","9.79","B59815DF5BAC2B7E28CF599F7AF40D9C89A23D027588193A08ECFE557B46FCA2","False","2026-06-08 08:18:13"
"Backend\tests\PlantProcess.Application.UnitTests\Analytics\Advanced\Phase8_T044FindingTransparencyTests.cs","03_Backend_Tests","Backend Tests","C# Source",".cs","169","6714","6.56","D2F349868315BBC90CF56F4A34EEEF15E4D84D764EE6EBDE72FE6C1DFE29FAF7","False","2026-06-08 08:22:39"
"Backend\tests\PlantProcess.Application.UnitTests\Analytics\Advanced\Phase8_T045ReadinessGateSurfaceTests.cs","03_Backend_Tests","Backend Tests","C# Source",".cs","125","5051","4.93","D2027837C772C337EEB5B4F050D4FFD3E980C4162E4622CC4A1CC14A47860361","False","2026-08-15 11:57:56"
"Backend\tests\PlantProcess.Application.UnitTests\Analytics\CostAssumptionStoreContractTests.cs","03_Backend_Tests","Backend Tests","C# Source",".cs","94","3928","3.84","DA10C1C973A5246A7313F5D185D75BD457087A5559990F4D515EA6F4EBF2DEA0","False","2026-06-02 18:48:35"
"Backend\tests\PlantProcess.Application.UnitTests\Analytics\FeatureEngineeringServiceTests.cs","03_Backend_Tests","Backend Tests","C# Source",".cs","66","2218","2.17","5C484A7778D85E7CF60DEABBED434577B9B20566F1360B9F3695B4EA8F2C87B0","False","2026-05-31 14:21:24"
"Backend\tests\PlantProcess.Application.UnitTests\Analytics\MlReadinessServiceTests.cs","03_Backend_Tests","Backend Tests","C# Source",".cs","75","2397","2.34","347F0FE2A4894440D93A4B0E7E0C1EBC138D2614999F3DDDC077588F9231CFC8","False","2026-05-31 14:21:24"
"Backend\tests\PlantProcess.Application.UnitTests\Analytics\P2_CanonicalAnalyticsArchitectureTests.cs","03_Backend_Tests","Backend Tests","C# Source",".cs","114","4855","4.74","FEBFCB6BAFA059BBD19B9A860BAB2ECB0B61C069AC7BDB65D922867349E321F3","False","2026-06-04 09:09:25"
"Backend\tests\PlantProcess.Application.UnitTests\Analytics\P3_ValueEvidenceKpiCoverageTests.cs","03_Backend_Tests","Backend Tests","C# Source",".cs","135","4952","4.84","FBE9AF319DF72939B47D6FAC29849A7A609A3969CDB02C9A3081CA6ACD67DFEC","False","2026-06-04 09:13:18"
"Backend\tests\PlantProcess.Application.UnitTests\Analytics\Phase5_CostAssumptionAbstainTests.cs","03_Backend_Tests","Backend Tests","C# Source",".cs","50","1810","1.77","8B588951A1257817CD09CE77F92E9A19DC9BEF26F5A7DFD51863C7977F70AA2D","False","2026-06-15 00:50:56"
"Backend\tests\PlantProcess.Application.UnitTests\Analytics\Phase5_DowntimeImpactTests.cs","03_Backend_Tests","Backend Tests","C# Source",".cs","48","1898","1.85","02F076DF95F268E33DDA749967E141AEAEC4456ECAE212437932F617199F72E6","False","2026-06-15 00:50:56"
"Backend\tests\PlantProcess.Application.UnitTests\Analytics\Phase9_T047SuggestionWorkflowCertificationTests.cs","03_Backend_Tests","Backend Tests","C# Source",".cs","412","16310","15.93","94849BEA6745323B9141FC6E25FC420E9CB5E5AAA87110A03AF7D9B454C749FE","False","2026-06-08 08:34:07"
"Backend\tests\PlantProcess.Application.UnitTests\Analytics\ProvenanceClaimGuardTests.cs","03_Backend_Tests","Backend Tests","C# Source",".cs","107","4617","4.51","68AA6422CD2CB8F5131AAA2852D73A7CCD693672CAC6A9BB5990678F638312CB","False","2026-06-02 18:44:13"
"Backend\tests\PlantProcess.Application.UnitTests\Analytics\QualityLabelBuilderServiceTests.cs","03_Backend_Tests","Backend Tests","C# Source",".cs","41","1447","1.41","2F2E1F6DEE4638CA56970A19A77E30CB7F041DD5104FF7BDD9B13E665CBA7F51","False","2026-05-31 14:21:24"
"Backend\tests\PlantProcess.Application.UnitTests\Analytics\RiskScoreServiceTests.cs","03_Backend_Tests","Backend Tests","C# Source",".cs","70","2252","2.2","DC4FEA30627CBF752282CCB4A75FBDBF5AB91CD513BBC1EF83E3AF551DD163E3","False","2026-05-31 14:21:24"
"Backend\tests\PlantProcess.Application.UnitTests\Analytics\SuggestionWorkflowTests.cs","03_Backend_Tests","Backend Tests","C# Source",".cs","95","4616","4.51","FBF3645D995A17ADC098265847850E5B7216978225B160E3527DC5E2597998E7","False","2026-06-02 19:26:16"
"Backend\tests\PlantProcess.Application.UnitTests\Assistant\P4_ProductionAssistantTests.cs","03_Backend_Tests","Backend Tests","C# Source",".cs","144","5872","5.73","87BEC83D1B35455C81E8B8E2B14E5261E9C7850D0E50A11CC4A1D1C34403E22E","False","2026-06-04 09:23:02"
"Backend\tests\PlantProcess.Application.UnitTests\Assistant\Phase4_BareNumberElicitationTests.cs","03_Backend_Tests","Backend Tests","C# Source",".cs","54","2398","2.34","F1C516A6C6C67F748CBB7CB4D9F6DAEF2309E9BB64C14F2ADA345E794B3F8223","False","2026-06-15 00:23:52"
"Backend\tests\PlantProcess.Application.UnitTests\Assistant\Phase8AssistantRegressionEvalGateTests.cs","03_Backend_Tests","Backend Tests","C# Source",".cs","99","3915","3.82","EB11208FC3870EAB838599F0E5E4317CE074F398924114EC5FF1757164953CBB","False","2026-06-09 15:28:13"
"Backend\tests\PlantProcess.Application.UnitTests\Assistant\Phase8AssistantRuntimeTests.cs","03_Backend_Tests","Backend Tests","C# Source",".cs","73","3095","3.02","B43AF554B24EC4E28533740D128B31349FB23A7696B2413BD7A12EBCF0FD43F6","False","2026-06-09 14:59:49"
"Backend\tests\PlantProcess.Application.UnitTests\Assistant\Phase8SuggestionOutcomeLoopTests.cs","03_Backend_Tests","Backend Tests","C# Source",".cs","72","2870","2.8","746AAB47532F0B84C05ABE0101931B20FC3D013FDC7DD61848FE054106F85A69","False","2026-06-09 15:28:12"
"Backend\tests\PlantProcess.Application.UnitTests\Assistant\Phase9_T048AssistantGroundingEvalGateTests.cs","03_Backend_Tests","Backend Tests","C# Source",".cs","212","8715","8.51","14987EBA0C6D48DE636CE7BC0C8442B0F8D4B643E68032DF23DF44EEC5466093","False","2026-06-08 08:45:02"
"Backend\tests\PlantProcess.Application.UnitTests\Assistant\Phase9_T049ModelGatewayServingModesTests.cs","03_Backend_Tests","Backend Tests","C# Source",".cs","270","11712","11.44","E6B82CDB7C1DA53837BC16EF7E3B763385C29951676B4159158476E36F8AD5C5","False","2026-06-08 09:24:47"
"Backend\tests\PlantProcess.Application.UnitTests\Assistant\Phase9_T050AssistantRegressionSweepTests.cs","03_Backend_Tests","Backend Tests","C# Source",".cs","187","8622","8.42","4F121C8693012CE90865A893629676FDCB0A41230476DF6FD3ABDD3BBA4A244B","False","2026-06-08 12:33:39"
"Backend\tests\PlantProcess.Application.UnitTests\Assistant\Planning\DeterministicToolPlannerTests.cs","03_Backend_Tests","Backend Tests","C# Source",".cs","443","19722","19.26","7168FDBBAA3BC8E87C60C3FFA141FFF6B28E38344AFD6AA38938EA610D0A9302","False","2026-08-16 09:30:30"
"Backend\tests\PlantProcess.Application.UnitTests\Assistant\Retrieval\EvidencePackerTests.cs","03_Backend_Tests","Backend Tests","C# Source",".cs","640","23791","23.23","4550339A05605D30231BB33F3476404B95DD67BD8D7D9F4133E6599321FE5AF2","False","2026-08-16 10:11:17"
"Backend\tests\PlantProcess.Application.UnitTests\Assistant\RetrievalAndToolTests.cs","03_Backend_Tests","Backend Tests","C# Source",".cs","134","6644","6.49","9A303997EB61F48378079DE1203CB651CB4C167BBA0F0A26AA280B7B03530620","False","2026-06-02 19:27:01"
"Backend\tests\PlantProcess.Application.UnitTests\Assistant\Serving\ModelServingRuntimeTests.cs","03_Backend_Tests","Backend Tests","C# Source",".cs","570","23163","22.62","7A8C7ED5962292058BD497BA674A393DB478672BFBDFA3653215985F88993D48","False","2026-08-16 12:08:22"
"Backend\tests\PlantProcess.Application.UnitTests\Assistant\T072ContextEnvelopeTests.cs","03_Backend_Tests","Backend Tests","C# Source",".cs","197","8234","8.04","341C338346C8FEFA294168F2C06D0220F4287CB1BFE18F28A20C452BFB278EC0","False","2026-08-08 21:06:55"
"Backend\tests\PlantProcess.Application.UnitTests\Assistant\T073EvidenceAnchorTests.cs","03_Backend_Tests","Backend Tests","C# Source",".cs","184","7446","7.27","51BAF27432D3449D8C4DEEDCB581D516CFBD26E23D142D3C77139D113A3B6A74","False","2026-08-08 21:06:55"
"Backend\tests\PlantProcess.Application.UnitTests\Assistant\T073FocusedCompositionTests.cs","03_Backend_Tests","Backend Tests","C# Source",".cs","229","9784","9.55","010CD212AAECF4E29F35181F177A55055D61BB86A33917B14A6795DE28E2CF6B","False","2026-08-08 21:06:55"
"Backend\tests\PlantProcess.Application.UnitTests\Assistant\T073WidgetResultEvidenceTests.cs","03_Backend_Tests","Backend Tests","C# Source",".cs","185","7470","7.29","C950DD8F113F59C63F68B0B91051DDDD7CF12152630A6CD6B0774B5956EA7FE1","False","2026-08-08 16:40:46"
"Backend\tests\PlantProcess.Application.UnitTests\Assistant\T074QuantityRefusalTests.cs","03_Backend_Tests","Backend Tests","C# Source",".cs","129","5339","5.21","706A2013E7C0849E45B979DF01A822A57F7D2321768195D77B223E0F4644468E","False","2026-08-08 21:42:49"
"Backend\tests\PlantProcess.Application.UnitTests\Assistant\T074TypedQuantityGuardTests.cs","03_Backend_Tests","Backend Tests","C# Source",".cs","225","8776","8.57","DA29DCD8D2C03C4334D251808F76A96382B5165B8747E293ED49CE534E657863","False","2026-08-08 21:06:55"
"Backend\tests\PlantProcess.Application.UnitTests\Assistant\Verification\AnswerVerifierTests.cs","03_Backend_Tests","Backend Tests","C# Source",".cs","502","19890","19.42","B1309CC7ACAADD63E32DC625D013CCF1F3B6247633771147215C6A85EB7A7A58","False","2026-08-16 11:40:04"
"Backend\tests\PlantProcess.Application.UnitTests\Assistant\Verification\QualityHarnessTests.cs","03_Backend_Tests","Backend Tests","C# Source",".cs","421","16118","15.74","F682FB96B9C327C53C78BA18280951D1BBBBA1862ABABCE067EDDE56B9878655","False","2026-08-16 11:40:04"
"Backend\tests\PlantProcess.Application.UnitTests\Common\ApplicationResultTests.cs","03_Backend_Tests","Backend Tests","C# Source",".cs","91","3168","3.09","944D0E71E6436EC18C01DD05CAB1BDD62F15E0F468F7E5E74109B273AD0E0A3D","False","2026-05-20 11:46:31"
"Backend\tests\PlantProcess.Application.UnitTests\Common\PageRequestTests.cs","03_Backend_Tests","Backend Tests","C# Source",".cs","39","1000","0.98","6516968AE35F5A755B42C7351CEBCD87D9B3724C36AF679AE976D1775A803D92","False","2026-05-19 00:19:15"
"Backend\tests\PlantProcess.Application.UnitTests\Common\TextNormalizerTests.cs","03_Backend_Tests","Backend Tests","C# Source",".cs","40","1026","1","C5A9E4B96C9FD3C58372C6C1F56AEA1FB6CDF33FC34BF48CA6170095FDBEBFF8","False","2026-05-19 00:19:15"
"Backend\tests\PlantProcess.Application.UnitTests\Connectors\Phase10_T051ConnectorBehaviouralFailureTests.cs","03_Backend_Tests","Backend Tests","C# Source",".cs","115","4950","4.83","6512B1EE7E9E40552C3B80B89F5A0A37A5147C2F3D305ED0AA7D1AD8DDD7F10A","False","2026-06-08 13:33:52"
"Backend\tests\PlantProcess.Application.UnitTests\Dashboarding\WidgetKindGrammarTests.cs","03_Backend_Tests","Backend Tests","C# Source",".cs","84","3370","3.29","ADC31F1F31E9FF48ACBB189D4389E749F0EF5B8973B410644BAB672E938465EC","False","2026-08-08 16:47:19"
"Backend\tests\PlantProcess.Application.UnitTests\Dashboarding\WidgetQueryExpressionServiceTests.cs","03_Backend_Tests","Backend Tests","C# Source",".cs","56","2212","2.16","1234E45F57B9511DA5B59DBD52BB38639EB1B52CF6643B771E71EFE244906342","False","2026-05-30 11:44:13"
"Backend\tests\PlantProcess.Application.UnitTests\Definitions\DefinitionKindTests.cs","03_Backend_Tests","Backend Tests","C# Source",".cs","67","2363","2.31","00B1CBC43C8D02CAEE6AF2C96757C157CE791D3296E6DED1548EF6BC008F900A","False","2026-08-06 18:15:47"
"Backend\tests\PlantProcess.Application.UnitTests\Demo\Phase1_DemoReadinessTests.cs","03_Backend_Tests","Backend Tests","C# Source",".cs","52","1774","1.73","526D9B445CA2288445C62EA5FAE553915838BBBF15314F98799DEC7040FF1100","False","2026-06-15 07:40:39"
"Backend\tests\PlantProcess.Application.UnitTests\GlobalUsings.T08.cs","03_Backend_Tests","Backend Tests","C# Source",".cs","3","269","0.26","5A98AA69CF632055D30F37598B1408922EBB12AB133AE01E56C187EB3E826EA6","False","2026-06-13 00:53:34"
"Backend\tests\PlantProcess.Application.UnitTests\Hardening\Phase1DependencyRegistrationTests.cs","03_Backend_Tests","Backend Tests","C# Source",".cs","43","1775","1.73","C06276B2FECC0D4122857B7B14AB8BFE9C72E99E518091AE8CC6CA178F152484","False","2026-06-06 09:32:21"
"Backend\tests\PlantProcess.Application.UnitTests\Integration\ConnectorCertificationGateTests.cs","03_Backend_Tests","Backend Tests","C# Source",".cs","62","1833","1.79","3B2622898866A4D9DC29C905EDB1BDAC2A877D4B90FAEB6BB38F3738CB7EE133","False","2026-06-09 14:20:06"
"Backend\tests\PlantProcess.Application.UnitTests\Integration\SchemaDriftWiringTests.cs","03_Backend_Tests","Backend Tests","C# Source",".cs","57","1948","1.9","17F3F215DC69092507C485386B8E03FE87F4CCD489CB88FD5F77A1E49CD2604E","False","2026-06-09 14:20:06"
"Backend\tests\PlantProcess.Application.UnitTests\Integration\SourceLoadThrottlingDataSourceReaderTests.cs","03_Backend_Tests","Backend Tests","C# Source",".cs","108","4492","4.39","2DE05FD9AF5FA55F16F7B1D0A188044AB1E63A0A14E2570063F063C6EE269CC3","False","2026-06-25 09:07:00"
"Backend\tests\PlantProcess.Application.UnitTests\Integration\V2Policy_MappingFaultTests.cs","03_Backend_Tests","Backend Tests","C# Source",".cs","35","1280","1.25","26A59BC964474B88A72E7340FDBDED4435784871B13E3B2D9FBBCCE94827205D","False","2026-06-15 10:18:32"
"Backend\tests\PlantProcess.Application.UnitTests\Integration\V2Policy_SourceLoadProtectionTests.cs","03_Backend_Tests","Backend Tests","C# Source",".cs","54","2130","2.08","FFA4041C636FB27A9E730B26CD9A4BA9A132ECD5F8CAAD1119D98390B9AA6EF5","False","2026-06-15 10:18:32"
"Backend\tests\PlantProcess.Application.UnitTests\Journey\CanonicalJourneyAssistantContractTests.cs","03_Backend_Tests","Backend Tests","C# Source",".cs","134","4984","4.87","2D1997C3737A19869E73D717B627A1F49F41986A493A5C507DC1D46D93F8A14D","False","2026-07-15 21:15:24"
"Backend\tests\PlantProcess.Application.UnitTests\Licensing\LicenseServiceTests.cs","03_Backend_Tests","Backend Tests","C# Source",".cs","177","4793","4.68","5606758DBAAF85A06D428316BC00E50CAA4036DF03B7410F54063E7902CC9CBC","False","2026-05-21 15:18:45"
"Backend\tests\PlantProcess.Application.UnitTests\Licensing\Phase10LicenseRuntimeTests.cs","03_Backend_Tests","Backend Tests","C# Source",".cs","129","4657","4.55","ED1C4E2C161425DC6BEE292E6A769B5FDE5E616748A5F79432DCA3A336D2A9B2","False","2026-06-13 00:47:58"
"Backend\tests\PlantProcess.Application.UnitTests\Licensing\Phase5_LicenseTierTamperTests.cs","03_Backend_Tests","Backend Tests","C# Source",".cs","38","1489","1.45","590775599A147A4EBB29C5F51C0E526C1C18F5E9FDFB8B88C2D6CBA3B9505683","False","2026-06-15 00:50:56"
"Backend\tests\PlantProcess.Application.UnitTests\Phase1_KpiSqlGuardTests.cs","03_Backend_Tests","Backend Tests","C# Source",".cs","29","1176","1.15","449B2AA364D95B58FEA2CA74B9FE54751C85C022B3EAE7DD5509416162ECCBA3","False","2026-06-04 08:47:08"
"Backend\tests\PlantProcess.Application.UnitTests\Phase1_SafeSqlValidatorCorpusTests.cs","03_Backend_Tests","Backend Tests","C# Source",".cs","49","2938","2.87","B1FF20BF1E275A5E0FBF6B347D6078452CECFB8A451B4613A0ED37B3AA3EF3DC","False","2026-06-04 01:19:36"
"Backend\tests\PlantProcess.Application.UnitTests\Phase2_AnalyticsGoldenTests.cs","03_Backend_Tests","Backend Tests","C# Source",".cs","49","2464","2.41","ADB89D1637D43F46E0EAC0AB93906C9A4638C7AD955EFCEC244EECA9276ACDFC","False","2026-06-04 01:19:36"
"Backend\tests\PlantProcess.Application.UnitTests\Phase2_CorrelationEngineRegistryTests.cs","03_Backend_Tests","Backend Tests","C# Source",".cs","32","1338","1.31","6727CAB1EA18211B5EEADED6D155B1523CA4BAC17412AC765087160554B57AC1","False","2026-06-04 01:19:36"
"Backend\tests\PlantProcess.Application.UnitTests\Phase3_CostAssumptionValidatorTests.cs","03_Backend_Tests","Backend Tests","C# Source",".cs","37","1251","1.22","4538720626858477B3EE58E3E5C3EF6FBB91934212B4E70030B0B5CC876B9267","False","2026-06-04 01:19:36"
"Backend\tests\PlantProcess.Application.UnitTests\Phase3_ValueImpactEngineTests.cs","03_Backend_Tests","Backend Tests","C# Source",".cs","72","2784","2.72","696CE029F437B9A5E32789F0CBCA7A853CABE3B75CC67EEC982ED03D9A2EEBB5","False","2026-06-04 01:19:36"
"Backend\tests\PlantProcess.Application.UnitTests\Phase3Phase4\Phase3Phase4CertificationTests.cs","03_Backend_Tests","Backend Tests","C# Source",".cs","226","11173","10.91","913B964CDA6D793DD60B7F4115EE20A7A657DEDF45BCC76F667B036CE91E651B","False","2026-06-08 13:35:11"
"Backend\tests\PlantProcess.Application.UnitTests\Phase7_ValueImpactEngineDepthTests.cs","03_Backend_Tests","Backend Tests","C# Source",".cs","116","4110","4.01","17393288E2C44D285BF9F3A9FCE3793383DC7B8A2038C4160EAD41A97C9E0F99","False","2026-06-07 16:03:43"
"Backend\tests\PlantProcess.Application.UnitTests\Phase7_ValueImpactWorkedCaseTests.cs","03_Backend_Tests","Backend Tests","C# Source",".cs","88","3416","3.34","4089185C670EA8E69A134982C3685613BCD4A356BBD6C94BFC0ACECB654D3E60","False","2026-06-07 16:46:26"
"Backend\tests\PlantProcess.Application.UnitTests\Phase7_ValueRealizationTrackingTests.cs","03_Backend_Tests","Backend Tests","C# Source",".cs","103","3932","3.84","4F5902D91078ECB9279DC0D029AA876BE81FA4F0B23EB2286235A5F34A7D39A2","False","2026-06-07 16:51:10"
"Backend\tests\PlantProcess.Application.UnitTests\PlantProcess.Application.UnitTests.csproj","03_Backend_Tests","Backend Tests",".NET Project File",".csproj","30","1095","1.07","2704E9D510ECBDC56A5EE2DC099AFEB98BC763CFFDCA6B81CBC9D134FC7FDF2D","False","2026-05-24 08:05:13"
"Backend\tests\PlantProcess.Application.UnitTests\Provenance\T073WidgetResultHandleTests.cs","03_Backend_Tests","Backend Tests","C# Source",".cs","51","1652","1.61","DF555493FE8FC23D9236E2689D72DC94A83A3613F6B99ED0605E6DEC0C1AD3E3","False","2026-08-08 16:16:44"
"Backend\tests\PlantProcess.Application.UnitTests\Reporting\BrandedPdfWriterTests.cs","03_Backend_Tests","Backend Tests","C# Source",".cs","20","781","0.76","502028CFEC7B9F362E092E905AB0CB95666A4478A24DDA125F55D8FA4EF9EEF7","False","2026-06-15 11:44:12"
"Backend\tests\PlantProcess.Application.UnitTests\Security\AssistantEgressGuardTests.cs","03_Backend_Tests","Backend Tests","C# Source",".cs","48","1990","1.94","87AECCAF1F4B5273903DEA1B0437EC38D126DE9BC7E58B6363161D871AF36F6E","False","2026-06-25 09:16:55"
"Backend\tests\PlantProcess.Application.UnitTests\Security\Phase5_RoleScopeMatrixTests.cs","03_Backend_Tests","Backend Tests","C# Source",".cs","50","2261","2.21","EE82A01B408F82BDABFDDA7FDE5D671A3CC20322B148ADF128FEB827C939D91E","False","2026-06-15 00:50:56"
"Backend\tests\PlantProcess.Application.UnitTests\Security\Phase9RoleAccessMatrixTests.cs","03_Backend_Tests","Backend Tests","C# Source",".cs","69","2278","2.22","21B8A065B59DD9307694982EC2273CB059DD65744414C89334E65D62A4E9CE33","False","2026-06-09 15:39:34"
"Backend\tests\PlantProcess.Application.UnitTests\Security\SafeSqlDynamicAllowlistTests.cs","03_Backend_Tests","Backend Tests","C# Source",".cs","39","1281","1.25","7C1E878B406D01B8B4F4C21A9BE41472F72934CCEEF871AFFBB0FE613882C16B","False","2026-07-03 15:42:53"
"Backend\tests\PlantProcess.Application.UnitTests\Security\SafeSqlPolicyTests.cs","03_Backend_Tests","Backend Tests","C# Source",".cs","197","10414","10.17","19B30CD3CD45F766270DBA9719D83E9FD33D753FD34D64F0F4B3F2DA938C129E","False","2026-05-24 08:02:06"
"Backend\tests\PlantProcess.Application.UnitTests\Security\SafeSqlValidatorPhase1Tests.cs","03_Backend_Tests","Backend Tests","C# Source",".cs","51","1860","1.82","D0BEC0BD763FEC207A00CA32DE51663582CE084CDAA0561A19CE6374BEE376A0","False","2026-06-04 08:47:08"
"Backend\tests\PlantProcess.Application.UnitTests\Security\V2Policy_DataBoundaryTests.cs","03_Backend_Tests","Backend Tests","C# Source",".cs","42","1594","1.56","02F990D38575C7BD5ED217E3957DAA282624C70362F7B579C4CA37EE425C3B1F","False","2026-06-15 10:18:32"
"Backend\tests\PlantProcess.Application.UnitTests\Top15\Top15Phase34RuntimeTests.cs","03_Backend_Tests","Backend Tests","C# Source",".cs","181","7769","7.59","44021E8A2C2AE86AF0A0B287D82F4DE78A75B8C44817575CE1EED2E6BA168FFF","False","2026-06-09 16:57:17"
"Backend\tests\PlantProcess.Application.UnitTests\Widgets\WidgetScriptSqlCompilerTests.cs","03_Backend_Tests","Backend Tests","C# Source",".cs","73","3294","3.22","AB4188831665AD20463534C0D73714D3157E5C1A0E70E8943DF4203004FEE180","False","2026-06-03 11:07:10"
"Backend\tests\PlantProcess.Architecture.Tests\ArchitectureDependencyDirectionTests.cs","03_Backend_Tests","Backend Tests","C# Source",".cs","75","2336","2.28","D87BD0A9214F43063CCEFCED5F59FFDF04964A906D23D5EB07005EC3EE6CE21C","False","2026-06-06 09:32:33"
"Backend\tests\PlantProcess.Architecture.Tests\AssistantPlannerIsolationTests.cs","03_Backend_Tests","Backend Tests","C# Source",".cs","230","8734","8.53","BC615847C4BD2B89994A83DBA4C6C33E0F8337FA5C99098EA069CF9946E7F2BA","False","2026-08-16 09:30:30"
"Backend\tests\PlantProcess.Architecture.Tests\AssistantRetrievalIsolationTests.cs","03_Backend_Tests","Backend Tests","C# Source",".cs","249","8475","8.28","0823259E2259A449260AB551E73436057226115704A3C6297E80FD2EF9079F26","False","2026-08-16 10:11:17"
"Backend\tests\PlantProcess.Architecture.Tests\AssistantServingIsolationTests.cs","03_Backend_Tests","Backend Tests","C# Source",".cs","208","7267","7.1","9BCF8D700504080AF17FEAB24C13C1DAF7AD84D766B604613EA6577AB110C044","False","2026-08-16 12:08:22"
"Backend\tests\PlantProcess.Architecture.Tests\AssistantVerificationIsolationTests.cs","03_Backend_Tests","Backend Tests","C# Source",".cs","225","7708","7.53","63D774362188450490F8D6D2B390557B8C3EFA1F44F3F6C18F2CE326CB1CF69D","False","2026-08-16 11:40:04"
"Backend\tests\PlantProcess.Architecture.Tests\ChartGrammarMetadataWiringTests.cs","03_Backend_Tests","Backend Tests","C# Source",".cs","145","6090","5.95","0E76F411B65930DC477120E73A5FE71AFC0658F9C4DF09F2612161DA1D52250C","False","2026-08-12 14:01:26"
"Backend\tests\PlantProcess.Architecture.Tests\ChartGrammarSemanticsTests.cs","03_Backend_Tests","Backend Tests","C# Source",".cs","230","10384","10.14","AD66C01071DD10175A1AD8D301C1AD0FC8DC5E90EC03F8C5FD1B05DC41A69518","False","2026-08-15 09:44:40"
"Backend\tests\PlantProcess.Architecture.Tests\CiPipelineTruthGateTests.cs","03_Backend_Tests","Backend Tests","C# Source",".cs","118","5239","5.12","5E1F4BBB93BF5FB62AD4A0116AC1EAABA1E2A5771EE7DD9FB033E39C16B1A6E5","False","2026-07-10 12:41:49"
"Backend\tests\PlantProcess.Architecture.Tests\ConnectorCredentialResolverTests.cs","03_Backend_Tests","Backend Tests","C# Source",".cs","63","2376","2.32","99C2458C04721570552FAADF3ADA3CD0BA51454A04B440BB69BC8B575F8E38BD","False","2026-07-06 10:40:21"
"Backend\tests\PlantProcess.Architecture.Tests\CorrelationEngineRegistrationTests.cs","03_Backend_Tests","Backend Tests","C# Source",".cs","60","2304","2.25","CB69A43E21844885135AD36A06C3C45D41EC26272CE9419FE620D2EB07EC181F","False","2026-08-15 16:22:03"
"Backend\tests\PlantProcess.Architecture.Tests\CorrelationReaperSourceGuardTests.cs","03_Backend_Tests","Backend Tests","C# Source",".cs","73","3627","3.54","B6DAA5DE0637922C6679B8C299174102D3C9CA2C085433E440EB30E2F2C60073","False","2026-07-05 16:49:20"
"Backend\tests\PlantProcess.Architecture.Tests\DeployRedPathProofTests.cs","03_Backend_Tests","Backend Tests","C# Source",".cs","87","4036","3.94","6E4E24243849127E372882614CBA7BE04B21FD3A490A4305F073EE5A026A225F","False","2026-07-10 12:41:49"
"Backend\tests\PlantProcess.Architecture.Tests\DimensionRegistrySingleAuthorityTests.cs","03_Backend_Tests","Backend Tests","C# Source",".cs","134","6013","5.87","3440261F6B937E95146F712C6DBD0B94B46A3156DD7B60400402035AC7EFD602","False","2026-08-12 14:01:26"
"Backend\tests\PlantProcess.Architecture.Tests\DistributionQuartileKernelTests.cs","03_Backend_Tests","Backend Tests","C# Source",".cs","110","4190","4.09","F753881668501DAADA60B24B1199CD7C3BECC77883F74A9824D4B97182FAA2BC","False","2026-08-15 09:44:40"
"Backend\tests\PlantProcess.Architecture.Tests\DomainKnowsNoChartGrammarTests.cs","03_Backend_Tests","Backend Tests","C# Source",".cs","114","4039","3.94","7099790F72AE7525C3D21079F5C85DB493A10CC70BEE657E9CED0B3CD0843901","False","2026-08-12 15:14:48"
"Backend\tests\PlantProcess.Architecture.Tests\EquipmentImpactIndependenceTests.cs","03_Backend_Tests","Backend Tests","C# Source",".cs","88","3485","3.4","08B518FC3ECD86655732DDDC1295144109B06634A6AAA48518DD291F36D90169","False","2026-08-15 12:16:09"
"Backend\tests\PlantProcess.Architecture.Tests\GenericAggregateEngineGenericityTests.cs","03_Backend_Tests","Backend Tests","C# Source",".cs","95","3558","3.47","F039E3E21A3457B902726BDB3038490E9BEB04EB0B606FBDB7A6B927D8646349","False","2026-08-11 14:28:28"
"Backend\tests\PlantProcess.Architecture.Tests\JobLogObservabilitySourceGuardTests.cs","03_Backend_Tests","Backend Tests","C# Source",".cs","72","3030","2.96","0A5CE91DDE8A4820A06870991609EA80A6B737CD8E7E3FB1DEAE1AC7917D438D","False","2026-07-05 16:47:58"
"Backend\tests\PlantProcess.Architecture.Tests\NativeDistributionMeasureRegistrationTests.cs","03_Backend_Tests","Backend Tests","C# Source",".cs","86","3497","3.42","6E13DCACEF0BAE6AAEEA47AC885A99449E315B10A983251E07C19BAE59A4051D","False","2026-08-15 09:33:45"
"Backend\tests\PlantProcess.Architecture.Tests\NativeWidgetSourceGenericityTests.cs","03_Backend_Tests","Backend Tests","C# Source",".cs","135","5776","5.64","83EB1CD073E7361E33C59A4C72FEFD2A63AD1678D0A9917302392D7F109493E6","False","2026-08-12 09:19:34"
"Backend\tests\PlantProcess.Architecture.Tests\PipelineSourceText.cs","03_Backend_Tests","Backend Tests","C# Source",".cs","87","3492","3.41","048337B75D0D81F74C7962F8EFD154ADAF3017D14B3EF5EF4B490123CEBBB610","False","2026-07-10 12:41:49"
"Backend\tests\PlantProcess.Architecture.Tests\PlantProcess.Architecture.Tests.csproj","03_Backend_Tests","Backend Tests",".NET Project File",".csproj","31","1178","1.15","24A06D2B3E1879324F2DE76E23AC9259DE00E6E01F2C9577B17FA16376055AC4","False","2026-06-06 09:32:32"
"Backend\tests\PlantProcess.Architecture.Tests\PresentationParameterConvergenceTests.cs","03_Backend_Tests","Backend Tests","C# Source",".cs","91","3389","3.31","3BB68D255F218E22B361E3B5D1F8E418788098D949759337C71FE793231BE47F","False","2026-08-12 10:23:49"
"Backend\tests\PlantProcess.Architecture.Tests\ProvenanceResolverExhaustivenessTests.cs","03_Backend_Tests","Backend Tests","C# Source",".cs","61","2440","2.38","F9F23F288C1E1D25CCB43115DD7D2B68D253769FBFDE30B54D8A65610EB78E61","False","2026-08-08 16:16:44"
"Backend\tests\PlantProcess.Architecture.Tests\ReadinessContractParityTests.cs","03_Backend_Tests","Backend Tests","C# Source",".cs","75","2818","2.75","ECD5A6F33FBCCA1A1A30C6AD2F7F61C259A0F59C87E5416CC5463E36D315C12D","False","2026-08-15 11:57:56"
"Backend\tests\PlantProcess.Architecture.Tests\RiskEvidenceKernelTests.cs","03_Backend_Tests","Backend Tests","C# Source",".cs","184","7607","7.43","5E56C7D372CEABDBF0238F275BFD5D38E07838C5F9539D340B418A1A9FBE5F91","False","2026-08-15 15:38:53"
"Backend\tests\PlantProcess.Architecture.Tests\RuntimeCardinalityRefusalTests.cs","03_Backend_Tests","Backend Tests","C# Source",".cs","90","3769","3.68","2063BF3AF01E7D5BA52DD9859FC5592B0381C8E3FF7F92D59A48CB8F039A2D9B","False","2026-08-12 14:08:03"
"Backend\tests\PlantProcess.Architecture.Tests\SeederTerminologyHonestyTests.cs","03_Backend_Tests","Backend Tests","C# Source",".cs","112","4330","4.23","2011C4ACBDC53972012FA44B391B7E691E219A1240FA41540243D35C19591EA5","False","2026-08-12 11:35:49"
"Backend\tests\PlantProcess.Architecture.Tests\T034CatalogueHasNoPlantLiteralsTests.cs","03_Backend_Tests","Backend Tests","C# Source",".cs","76","3126","3.05","127F1EB43C7F85021B37C0B9A8631E134D30429AB428424307751A4041DAF04D","False","2026-08-05 13:58:12"
"Backend\tests\PlantProcess.Architecture.Tests\T035DebugLogSafetyTests.cs","03_Backend_Tests","Backend Tests","C# Source",".cs","84","3565","3.48","693A5BE00340F6A7D71F0431ECDF95480C86BEA188ABAF7CEF16674B750BC1C6","False","2026-08-05 14:53:50"
"Backend\tests\PlantProcess.Architecture.Tests\T036AuthoredSqlSafetyTests.cs","03_Backend_Tests","Backend Tests","C# Source",".cs","63","2793","2.73","725BEE9E82771CA95BFE8F010A859569434084B5D7E4B4CB72E80A345B715873","False","2026-08-05 18:23:28"
"Backend\tests\PlantProcess.Architecture.Tests\T05ProofEndpointGatingTests.cs","03_Backend_Tests","Backend Tests","C# Source",".cs","94","4050","3.96","64F4A9324B4F22CFDA53BF499C2C52753B8BB48F2A3F3293D179D15DF5660A47","False","2026-06-13 10:56:42"
"Backend\tests\PlantProcess.Architecture.Tests\T08ConnectorSecretMaskingGuardTests.cs","03_Backend_Tests","Backend Tests","C# Source",".cs","70","3032","2.96","BEEA745872E92F1A264E85E62CD29D98023FFA4A8A9DAFFD39B0CE14E8DB2D3B","False","2026-06-13 10:58:19"
"Backend\tests\PlantProcess.Architecture.Tests\T08LicenseModelGuardTests.cs","03_Backend_Tests","Backend Tests","C# Source",".cs","52","2135","2.08","E31E8EDB420A6A649EB0B360C02CF4AADDFC8015BE51E21896F60DB32A4313C0","False","2026-06-13 00:53:34"
"Backend\tests\PlantProcess.Architecture.Tests\T10ProviderAvailabilityGuardTests.cs","03_Backend_Tests","Backend Tests","C# Source",".cs","37","1671","1.63","D2719BEDE92347722B5A05F30B685550E937343B0A6D59EE68481058A9DB22E0","False","2026-06-13 00:50:53"
"Backend\tests\PlantProcess.Architecture.Tests\T14LicenseEnforcementGuardTests.cs","03_Backend_Tests","Backend Tests","C# Source",".cs","51","2430","2.37","957E2D6D48F7AEC576BF3D9C430E96605CC72DF2D591641E2DAD14BBCE77C5C1","False","2026-06-13 00:49:47"
"Backend\tests\PlantProcess.Domain.Tests\Architecture\DomainArchitectureTests.cs","03_Backend_Tests","Backend Tests","C# Source",".cs","51","1915","1.87","B2873A7C4F4C1951B09207758A0B52203B5196ED837367C61D104F566EDABBE9","False","2026-05-20 12:03:29"
"Backend\tests\PlantProcess.Domain.Tests\Dashboarding\DashboardWidgetDefinitionExpressionTests.cs","03_Backend_Tests","Backend Tests","C# Source",".cs","54","1501","1.47","A264D3E018E17284805AD9EC5192D0FD96DFD9095AB899AFF4E754E50B803E04","False","2026-05-30 11:44:13"
"Backend\tests\PlantProcess.Domain.Tests\Dashboarding\WidgetDefinitionDimensionInvariantTests.cs","03_Backend_Tests","Backend Tests","C# Source",".cs","136","5468","5.34","D9BB96F15950D1A853960012B4BA9CF7A8C7F5141EEBE710FA59C608F9C2FBB2","False","2026-08-12 15:14:48"
"Backend\tests\PlantProcess.Domain.Tests\PlantProcess.Domain.Tests.csproj","03_Backend_Tests","Backend Tests",".NET Project File",".csproj","29","996","0.97","CF3590DAC6519A68A58EB88D5EC72E4F1CEF05F65EE1C46AFED33A23514EC5D0","False","2026-05-24 08:05:13"
"Backend\tests\PlantProcess.Infrastructure.IntegrationTests\Analytics\AdvancedEngineContractTests.cs","03_Backend_Tests","Backend Tests","C# Source",".cs","52","2582","2.52","E7CCE93C8E3B960F7EE14659EE28D35C2C4F4B4EFC130371EEE64E77CE20505A","False","2026-06-03 01:10:42"
"Backend\tests\PlantProcess.Infrastructure.IntegrationTests\Analytics\AdvancedResultPersistenceTests.cs","03_Backend_Tests","Backend Tests","C# Source",".cs","71","3486","3.4","F7B52FF71325D6873F3A151C1413A47A07B1C9DF65EB19C40691A700154E0873","False","2026-06-28 22:11:31"
"Backend\tests\PlantProcess.Infrastructure.IntegrationTests\Analytics\DowntimeMinutesMeasureExecutionTests.cs","03_Backend_Tests","Backend Tests","C# Source",".cs","208","9536","9.31","068298FED73033863FEAD5DE266EBBF347627497DE12B1FE205A3460DA8C50C8","False","2026-08-12 10:27:52"
"Backend\tests\PlantProcess.Infrastructure.IntegrationTests\Analytics\GenericAggregateEngineTests.cs","03_Backend_Tests","Backend Tests","C# Source",".cs","231","9921","9.69","7C473B55D5C83090017421A7C78814CB3654B34FFCA2242FB0A7EA0BC5FB3FD0","False","2026-08-12 10:27:52"
"Backend\tests\PlantProcess.Infrastructure.IntegrationTests\Analytics\TestAnalysisReadinessDoubles.cs","03_Backend_Tests","Backend Tests","C# Source",".cs","44","1923","1.88","AE2F8B405D25D2FF5350C956975F3DD3CD0B450975C223CE773A34AB88A0AAB0","False","2026-08-12 10:27:52"
"Backend\tests\PlantProcess.Infrastructure.IntegrationTests\appsettings.Test.json","03_Backend_Tests","Backend Tests","JSON Configuration",".json","24","1250","1.22","36FD3DA490897D79B598561208169C3465E6D9A59E727334D59C41EC2988EE7F","False","2026-06-22 17:54:43"
"Backend\tests\PlantProcess.Infrastructure.IntegrationTests\Audit\AuditLogImmutabilityTests.cs","03_Backend_Tests","Backend Tests","C# Source",".cs","289","10325","10.08","1943572D7F470681401F9C1FFFD22419490513BB356D5EBCD4E173B12ECEEC9B","False","2026-06-22 20:12:32"
"Backend\tests\PlantProcess.Infrastructure.IntegrationTests\Connectors\CsvConnectorSmokeTests.cs","03_Backend_Tests","Backend Tests","C# Source",".cs","61","2165","2.11","2EA4BB96A90168E9096DC6098C83947AA3948EC5F0C89FAED5E788EC794E3FDC","False","2026-05-24 14:20:41"
"Backend\tests\PlantProcess.Infrastructure.IntegrationTests\Connectors\CsvConnectorTrimRegressionTests.cs","03_Backend_Tests","Backend Tests","C# Source",".cs","29","1003","0.98","135A213FD8496D3F0616D8E3A3416AA80EA8D6A4898477F0896704E1D5370E86","False","2026-06-06 09:32:49"
"Backend\tests\PlantProcess.Infrastructure.IntegrationTests\Connectors\ExcelConnectorSmokeTests.cs","03_Backend_Tests","Backend Tests","C# Source",".cs","77","2850","2.78","679ED412AA6A1EA984F0D9F0C02D8C007C21239F067C0E9AAF0EF64419A5286E","False","2026-05-24 14:20:44"
"Backend\tests\PlantProcess.Infrastructure.IntegrationTests\Connectors\ReadOnlyEnforcementTests.cs","03_Backend_Tests","Backend Tests","C# Source",".cs","50","2278","2.22","3FBD5F50F6A83F1F140CB2B6BC77543B27FBEE6DB28B0F0FBD66B796C2E370EA","False","2026-06-23 12:50:29"
"Backend\tests\PlantProcess.Infrastructure.IntegrationTests\Database\SqlScriptHygieneApplyTests.cs","03_Backend_Tests","Backend Tests","C# Source",".cs","105","3749","3.66","8B573F46E006FE58C9B4FB16CF8E3A10456A1E7EE310B1CAE9E2F1966DF2F6AF","False","2026-05-31 14:21:24"
"Backend\tests\PlantProcess.Infrastructure.IntegrationTests\Database\Utf8NoBomRepositoryHygieneTests.cs","03_Backend_Tests","Backend Tests","C# Source",".cs","95","3719","3.63","230A9F21208780B897997301F3AA52945812143BA3161DFAE2334AAA1DB269E0","False","2026-07-03 12:25:02"
"Backend\tests\PlantProcess.Infrastructure.IntegrationTests\Definitions\WidgetDefinitionVersioningTests.cs","03_Backend_Tests","Backend Tests","C# Source",".cs","199","8519","8.32","7A1A02AA3879B9B2D0E495C1A83E3E588EFDEEA49618E3E601A848A59A05F75A","False","2026-08-06 18:59:20"
"Backend\tests\PlantProcess.Infrastructure.IntegrationTests\Demo\Phase2RealismSourceSeedTests.cs","03_Backend_Tests","Backend Tests","C# Source",".cs","92","4347","4.25","7D4D0C68417DB45C9BDF314CB57F1B44F9399BD3E0A9A4EBE451F2AECB531720","False","2026-06-25 16:09:44"
"Backend\tests\PlantProcess.Infrastructure.IntegrationTests\PlantProcess.Infrastructure.IntegrationTests.csproj","03_Backend_Tests","Backend Tests",".NET Project File",".csproj","40","1622","1.58","0AA87316FC9218A4A9CB05569C89D66AA4D5936F435DDFB4C21044F467EBBCFB","False","2026-06-22 17:54:43"
"Backend\tests\PlantProcess.Infrastructure.IntegrationTests\Security\RlsTenantIsolationTests.cs","03_Backend_Tests","Backend Tests","C# Source",".cs","111","5143","5.02","CF4C1F4446253E7E4CA3FF4E770035413F5DED198D09578E28040916A47C9B7C","False","2026-06-22 20:12:32"
"Backend\tests\PlantProcess.ML.Runtime.Tests\Benchmarks\BenchmarkHarnessTests.cs","03_Backend_Tests","Backend Tests","C# Source",".cs","941","35479","34.65","2C17E48562F75DAC543D71FDEC644F710DF973E35DAE3C03936AB026C8587FDE","False","2026-08-16 15:33:00"
"Backend\tests\PlantProcess.ML.Runtime.Tests\CrossLanguageCompatibilityTests.cs","03_Backend_Tests","Backend Tests","C# Source",".cs","179","6519","6.37","1B634AF92E537E0D19462DE650D3C1AB977117D68B97B0E15AF5BF3BE7FAEB8C","False","2026-08-12 15:26:28"
"Backend\tests\PlantProcess.ML.Runtime.Tests\EndToEndProtocolTests.cs","03_Backend_Tests","Backend Tests","C# Source",".cs","274","11942","11.66","9D37C7C793CF7E1C43ECF6D28BB06EB68ED7E4F2075303875105FAD21E5EC7DE","False","2026-08-12 16:26:47"
"Backend\tests\PlantProcess.ML.Runtime.Tests\PlantProcess.ML.Runtime.Tests.csproj","03_Backend_Tests","Backend Tests",".NET Project File",".csproj","16","619","0.6","18CE7C0AE069D6719E0338C12FE3C33073D25AE10CBD1F52D3AEAD9E196D5A07","False","2026-08-12 15:26:28"
"Backend\tests\PlantProcess.ML.Runtime.Tests\ProtocolContractTests.cs","03_Backend_Tests","Backend Tests","C# Source",".cs","175","6759","6.6","0FFBA51F52217DCC0AE102438A8CA5381F3FE7FF3AA59FDB2870848754721D93","False","2026-08-12 15:26:28"
"Backend\tests\PlantProcess.ML.Runtime.Tests\PythonEnvironment.cs","03_Backend_Tests","Backend Tests","C# Source",".cs","100","4042","3.95","698E1CEDEA69B993615E6C65C4A503FFA62F5C4C7D6B2B0AFCBA81761D7F24CE","False","2026-08-12 16:26:47"
"Backend\tests\PlantProcess.PerformanceTests\PlantProcess.PerformanceTests.csproj","03_Backend_Tests","Backend Tests",".NET Project File",".csproj","25","874","0.85","C1A765CDB8C975CAFDFCA38E926487A571BCA811EC0044C93D96E1456DC1F23E","False","2026-05-24 08:05:12"
"Backend\tests\TESTS.md","03_Backend_Tests","Backend Tests","Markdown Documentation",".md","23","1879","1.83","AC990F6202EC6665A2211314F86835C52157E5BFFE18D09ECE2D2002C8908B8E","False","2026-06-13 19:18:19"
"ML\.gitattributes","03A_ML_Runtime","ML Runtime: Python Compute, Models, Protocol, Tests","Other Text File",".gitattributes","5","246","0.24","99D10836E5C9643179D5A2DBE4F65866BED92390FE8E41BE8E5321C7EA1D1C94","True","2026-08-12 15:13:22"
"ML\.gitignore","03A_ML_Runtime","ML Runtime: Python Compute, Models, Protocol, Tests","Other Text File",".gitignore","23","863","0.84","DD9C7D722A37B8F5F221ABDBC9D480C0ABA7F49383B5D08974A7804EEE701161","True","2026-08-12 15:13:22"
"ML\pyproject.toml","03A_ML_Runtime","ML Runtime: Python Compute, Models, Protocol, Tests","Python Project Manifest",".toml","31","1052","1.03","55FBAB6153F5CF928D89809A339B7C8D2C4EE072A1C35C5DC377EAF88F2B6352","True","2026-08-13 13:13:23"
"ML\README.md","03A_ML_Runtime","ML Runtime: Python Compute, Models, Protocol, Tests","Markdown Documentation",".md","80","2667","2.6","0DB9E3A453281D571CB32A73022C25164E37245CD53A15EBF10E4699A3425907","True","2026-08-12 15:13:22"
"ML\requirements.lock","03A_ML_Runtime","ML Runtime: Python Compute, Models, Protocol, Tests","Other Text File",".lock","36","1484","1.45","8E407C5F1BE50E9E4D7077EADA8FBFD32908CE9C4CF9CD13AF21606513BB4C4E","True","2026-08-15 11:42:43"
"ML\src\ppiq_ml\__init__.py","03A_ML_Runtime","ML Runtime: Python Compute, Models, Protocol, Tests","Python Source",".py","8","291","0.28","7FAF1E7F92546E9A8F5F84E175A8C204781D9DCBBE0C131FAC41379D6287CB06","True","2026-08-12 15:13:22"
"ML\src\ppiq_ml\artifacts\__init__.py","03A_ML_Runtime","ML Runtime: Python Compute, Models, Protocol, Tests","Python Source",".py","29","1397","1.36","F3A1B20B8737D80C44F8A8D9B4819EC90894DAFAA8D503C48EB6CF6B1905B59A","True","2026-08-13 12:51:40"
"ML\src\ppiq_ml\artifacts\_arrow.py","03A_ML_Runtime","ML Runtime: Python Compute, Models, Protocol, Tests","Python Source",".py","82","3592","3.51","8E150FF8C826D8705327B34D2B00BBACD45CD35AC768AC1DD99DE738F4B55346","True","2026-08-13 12:51:40"
"ML\src\ppiq_ml\artifacts\_reverse.py","03A_ML_Runtime","ML Runtime: Python Compute, Models, Protocol, Tests","Python Source",".py","42","1919","1.87","F8E38B08610BE4DCABBEC51ADA1CF2F81550DC78DC1FB754AC7A879FFE6B96F9","True","2026-08-13 12:51:40"
"ML\src\ppiq_ml\artifacts\arrow_ipc_adapter.py","03A_ML_Runtime","ML Runtime: Python Compute, Models, Protocol, Tests","Python Source",".py","97","3616","3.53","B65616E62E8BD33682FDA59879AAEF46FAC428272B1C294A7E253F17F3912430","True","2026-08-13 12:51:40"
"ML\src\ppiq_ml\artifacts\b03.py","03A_ML_Runtime","ML Runtime: Python Compute, Models, Protocol, Tests","Python Source",".py","135","4482","4.38","4E1B340277C58B380F040679EE7D72A29F5E7978ACB1FF884966782D4A60CCD6","True","2026-08-13 12:51:40"
"ML\src\ppiq_ml\artifacts\contract.py","03A_ML_Runtime","ML Runtime: Python Compute, Models, Protocol, Tests","Python Source",".py","102","3200","3.12","4FBED68D9D16D517EDB6F30269A3A7F8FC268FD5AB0CC4B22BB59B729BD2E2AA","True","2026-08-13 12:51:40"
"ML\src\ppiq_ml\artifacts\hashing.py","03A_ML_Runtime","ML Runtime: Python Compute, Models, Protocol, Tests","Python Source",".py","104","4442","4.34","73176E5AFE46221BE26EDD09DD2A2CE6981B41D67C318BB096246E2EF714834C","True","2026-08-13 12:51:40"
"ML\src\ppiq_ml\artifacts\parquet_adapter.py","03A_ML_Runtime","ML Runtime: Python Compute, Models, Protocol, Tests","Python Source",".py","99","3669","3.58","3281D0952B8FA1DB3D04650F1EA4DE1D60181DBE673ED63150F6089F501654B0","True","2026-08-13 12:51:40"
"ML\src\ppiq_ml\artifacts\registry.py","03A_ML_Runtime","ML Runtime: Python Compute, Models, Protocol, Tests","Python Source",".py","42","1737","1.7","2664484AD42A8822441F665AA42ED3C914C37EB69DFC2CBB8BD99FDCBE68C48F","True","2026-08-13 12:51:40"
"ML\src\ppiq_ml\artifacts\schema.py","03A_ML_Runtime","ML Runtime: Python Compute, Models, Protocol, Tests","Python Source",".py","110","4069","3.97","C75A11702DF92A1F794B05956861A70B4916BDDAB38F66EA05116F688019B513","True","2026-08-13 12:51:40"
"ML\src\ppiq_ml\encoders\__init__.py","03A_ML_Runtime","ML Runtime: Python Compute, Models, Protocol, Tests","Python Source",".py","71","2495","2.44","A76F09BFB9267C71D388DC224C68B00FFF7B06313BE63AAE7662568203B82AB4","True","2026-08-15 11:42:43"
"ML\src\ppiq_ml\encoders\b05.py","03A_ML_Runtime","ML Runtime: Python Compute, Models, Protocol, Tests","Python Source",".py","89","3309","3.23","B5F1199F5338AF1F304DFE7CC7434CEB4EC8A10F8F9EF85D0A8D3E6D86FC66C1","True","2026-08-15 11:42:43"
"ML\src\ppiq_ml\encoders\contract.py","03A_ML_Runtime","ML Runtime: Python Compute, Models, Protocol, Tests","Python Source",".py","299","10204","9.96","640B1F5AB1965CD73D1C4DB2DA20C5C72CDEF9371C6E1A2EC9C234C1BCE3FDBA","True","2026-08-15 11:42:43"
"ML\src\ppiq_ml\encoders\eligibility.py","03A_ML_Runtime","ML Runtime: Python Compute, Models, Protocol, Tests","Python Source",".py","146","5367","5.24","C69EB739B940021140754B321FD5AFFE486FDA2F9CC0547ADBA536D4C766B230","True","2026-08-15 11:42:43"
"ML\src\ppiq_ml\encoders\torch_candidate.py","03A_ML_Runtime","ML Runtime: Python Compute, Models, Protocol, Tests","Python Source",".py","383","14927","14.58","0AE8927697EDA8940CC1BFBCEA1D3025213034B864B7D92F2567FD545F68DEA0","True","2026-08-15 11:42:43"
"ML\src\ppiq_ml\encoders\windows.py","03A_ML_Runtime","ML Runtime: Python Compute, Models, Protocol, Tests","Python Source",".py","146","5543","5.41","C6CD044ECB1A2587563E982D36A044CEDC8183926284B7CC3EA2A301B6FFBC8A","True","2026-08-15 11:42:43"
"ML\src\ppiq_ml\explanation\__init__.py","03A_ML_Runtime","ML Runtime: Python Compute, Models, Protocol, Tests","Python Source",".py","30","981","0.96","DB1A488BC814950B51BD2926178DB4C379ECBF5395416E5321122E8D701AC4C3","True","2026-08-15 09:53:49"
"ML\src\ppiq_ml\explanation\bridge.py","03A_ML_Runtime","ML Runtime: Python Compute, Models, Protocol, Tests","Python Source",".py","51","2182","2.13","9A7D4CE90FD20B085F3EDFCE8985B964F9019278D6D8E033BE6A589447C9B7C0","True","2026-08-15 09:53:49"
"ML\src\ppiq_ml\explanation\contract.py","03A_ML_Runtime","ML Runtime: Python Compute, Models, Protocol, Tests","Python Source",".py","180","6906","6.74","AA2FB7ABAFA5D8F3F42BB965B6267E27CC2DDFFD9D44BADA8F6EEBC3A7D17BD8","True","2026-08-15 09:53:49"
"ML\src\ppiq_ml\explanation\treeshap.py","03A_ML_Runtime","ML Runtime: Python Compute, Models, Protocol, Tests","Python Source",".py","143","5707","5.57","0BA2490AB0232B9E5B27B4C1B4B9ED67FC0F86B55A534362D30162EB1A3566AC","True","2026-08-15 09:53:49"
"ML\src\ppiq_ml\governance\__init__.py","03A_ML_Runtime","ML Runtime: Python Compute, Models, Protocol, Tests","Python Source",".py","68","2332","2.28","9F0392864562240F718E321947681C66FF2293FCD0C80846A84A001CD2328947","True","2026-08-15 09:36:08"
"ML\src\ppiq_ml\governance\checks.py","03A_ML_Runtime","ML Runtime: Python Compute, Models, Protocol, Tests","Python Source",".py","127","3849","3.76","FE5AC5C5C069488C58AB42134FB8C22B71956BE1FA5C940AA31EFEE84C96698F","True","2026-08-15 09:36:08"
"ML\src\ppiq_ml\governance\dimensions.py","03A_ML_Runtime","ML Runtime: Python Compute, Models, Protocol, Tests","Python Source",".py","222","9150","8.94","38D850A9188B2EA89286D7646FDF4ABEF5AADF56128A9B4B401946645CD279C4","True","2026-08-15 09:36:08"
"ML\src\ppiq_ml\governance\encoder_rule.py","03A_ML_Runtime","ML Runtime: Python Compute, Models, Protocol, Tests","Python Source",".py","125","4651","4.54","41BD149245CB1BE7801C0D3D16727DC5AEC10CA2E42C479641F77EB94340D6D5","True","2026-08-15 09:36:08"
"ML\src\ppiq_ml\governance\evidence.py","03A_ML_Runtime","ML Runtime: Python Compute, Models, Protocol, Tests","Python Source",".py","288","10954","10.7","46545310808BD370658672CDA5D7DC6EDD601352F96D8AF65453961578F4CF42","True","2026-08-15 09:36:08"
"ML\src\ppiq_ml\governance\kernel.py","03A_ML_Runtime","ML Runtime: Python Compute, Models, Protocol, Tests","Python Source",".py","262","10513","10.27","4C1016B6518C015747DC754F5C8D78FFB82D6CFCF58FB6F2FDE07F54822EEF56","True","2026-08-15 09:36:08"
"ML\src\ppiq_ml\governance\stability.py","03A_ML_Runtime","ML Runtime: Python Compute, Models, Protocol, Tests","Python Source",".py","157","6071","5.93","42CDF051E765BA768BEFAB7B4D0FC98A061F0416838A786B26BC2CB5ABF8EFFA","True","2026-08-15 09:36:08"
"ML\src\ppiq_ml\models\__init__.py","03A_ML_Runtime","ML Runtime: Python Compute, Models, Protocol, Tests","Python Source",".py","6","273","0.27","A78C5E897D97AA5093CE384F7DCA98F3462BC8B06182ED57C8C3F330E603921B","True","2026-08-15 09:13:43"
"ML\src\ppiq_ml\models\mf03_novelty\__init__.py","03A_ML_Runtime","ML Runtime: Python Compute, Models, Protocol, Tests","Python Source",".py","71","2292","2.24","EBA9EC3B62E67DDC43E13BE0925DBAC34EBE3ABC7CBDADD403F3340D6CAF4B98","True","2026-08-15 10:37:14"
"ML\src\ppiq_ml\models\mf03_novelty\baseline.py","03A_ML_Runtime","ML Runtime: Python Compute, Models, Protocol, Tests","Python Source",".py","146","5368","5.24","F928FE33AA12F14CE3899FB98FD0F5A2CD304C5F77380B80D2A8D6F2BC6436D0","True","2026-08-15 10:37:14"
"ML\src\ppiq_ml\models\mf03_novelty\candidate.py","03A_ML_Runtime","ML Runtime: Python Compute, Models, Protocol, Tests","Python Source",".py","155","5894","5.76","0B011B33CC630488152C499E906A851A303FE4BC3D1F88CA1529E550308921D7","True","2026-08-15 10:37:14"
"ML\src\ppiq_ml\models\mf03_novelty\contract.py","03A_ML_Runtime","ML Runtime: Python Compute, Models, Protocol, Tests","Python Source",".py","255","8444","8.25","38BB283575DC3F5FAA103F8AAD9CC5F4409882898787F582D3C22FC5D22B11AD","True","2026-08-15 10:37:14"
"ML\src\ppiq_ml\models\mf03_novelty\eligibility.py","03A_ML_Runtime","ML Runtime: Python Compute, Models, Protocol, Tests","Python Source",".py","189","6794","6.63","F123B3A46AD8D8FA20D8D1F434386B07DA8FFC12DCA63BE2E7250B46AD1E5A71","True","2026-08-15 10:37:14"
"ML\src\ppiq_ml\models\mf03_novelty\runtime.py","03A_ML_Runtime","ML Runtime: Python Compute, Models, Protocol, Tests","Python Source",".py","178","6688","6.53","CA1DFD06181022B0D8196D5F028E1F773B6F187E90A60FC0BBD7EA678FF7190F","True","2026-08-15 10:37:14"
"ML\src\ppiq_ml\models\mf03_novelty\threshold.py","03A_ML_Runtime","ML Runtime: Python Compute, Models, Protocol, Tests","Python Source",".py","44","1817","1.77","561FF810C7DB0FE693CB513AB98925E51B08379D6CE9A3DF984B0A115D170DEB","True","2026-08-15 10:37:14"
"ML\src\ppiq_ml\models\mf04_supervised\__init__.py","03A_ML_Runtime","ML Runtime: Python Compute, Models, Protocol, Tests","Python Source",".py","68","2557","2.5","9066A0ACBDAF58858B15A69F185FC9C56BACCA16747A8E99FE6E94F3853A592D","True","2026-08-15 09:13:43"
"ML\src\ppiq_ml\models\mf04_supervised\baseline.py","03A_ML_Runtime","ML Runtime: Python Compute, Models, Protocol, Tests","Python Source",".py","114","3796","3.71","745245BB619B588BF3D7ECFB5B17BE1FCB4732DBCD3414430859B5E0F3A5EA69","True","2026-08-15 09:13:43"
"ML\src\ppiq_ml\models\mf04_supervised\candidate.py","03A_ML_Runtime","ML Runtime: Python Compute, Models, Protocol, Tests","Python Source",".py","279","9958","9.72","D4B208C3A43473AA82D65D538807920E39E60C19A4E429BB7C126F09F929735E","True","2026-08-15 09:13:43"
"ML\src\ppiq_ml\models\mf04_supervised\contract.py","03A_ML_Runtime","ML Runtime: Python Compute, Models, Protocol, Tests","Python Source",".py","225","7713","7.53","E0090B125B416824C168C83FC7BE96B862459119C4F64A760F7B2B2B4063F98B","True","2026-08-15 09:13:43"
"ML\src\ppiq_ml\models\mf04_supervised\eligibility.py","03A_ML_Runtime","ML Runtime: Python Compute, Models, Protocol, Tests","Python Source",".py","241","7818","7.63","88ADCE87422B5C41BDEA573DB956D8B174EF326BC27E23EEEAA3E736806EFF74","True","2026-08-15 09:13:43"
"ML\src\ppiq_ml\models\mf04_supervised\holdout.py","03A_ML_Runtime","ML Runtime: Python Compute, Models, Protocol, Tests","Python Source",".py","83","2918","2.85","CED65399ADECA5709A6F104FC4B1D663E82E0898FBCC1927174F0B7C75C2EA1B","True","2026-08-15 09:13:43"
"ML\src\ppiq_ml\models\mf04_supervised\leakage.py","03A_ML_Runtime","ML Runtime: Python Compute, Models, Protocol, Tests","Python Source",".py","160","5687","5.55","B8D3920CFFB716B4B41B295DABBD692B104992BC6F50BD065E110272EC5ED46C","True","2026-08-15 09:13:43"
"ML\src\ppiq_ml\models\mf04_supervised\metrics.py","03A_ML_Runtime","ML Runtime: Python Compute, Models, Protocol, Tests","Python Source",".py","192","7179","7.01","CE1CA05E7B5C84C6020009309953D38A979BAE179934C5216653003C57F1344B","True","2026-08-15 09:13:43"
"ML\src\ppiq_ml\models\mf04_supervised\outcome.py","03A_ML_Runtime","ML Runtime: Python Compute, Models, Protocol, Tests","Python Source",".py","231","9618","9.39","63200B6F6C9CD03E64612BB62250E2AE854AE979F6E85D0445EC36C3F75B167A","True","2026-08-15 09:13:43"
"ML\src\ppiq_ml\models\mf04_supervised\population.py","03A_ML_Runtime","ML Runtime: Python Compute, Models, Protocol, Tests","Python Source",".py","66","2342","2.29","5DDA096096CE65F015A9A77CD0AFAC1F946C7A1651720A4DF7D3CC4F0551F111","True","2026-08-15 09:13:43"
"ML\src\ppiq_ml\models\mf04_supervised\runtime.py","03A_ML_Runtime","ML Runtime: Python Compute, Models, Protocol, Tests","Python Source",".py","316","12154","11.87","AA788B0152EA32CA9D7CDE3DEFFB071999176EB43CFBD3116899C871CFAC5E8B","True","2026-08-15 09:13:43"
"ML\src\ppiq_ml\remediation\__init__.py","03A_ML_Runtime","ML Runtime: Python Compute, Models, Protocol, Tests","Python Source",".py","53","1658","1.62","3774CFC84993BB7EE4D32BFFC3CF3942996F6054B6A7B83511EEEC3FFE266AD5","True","2026-08-15 12:15:08"
"ML\src\ppiq_ml\remediation\authority.py","03A_ML_Runtime","ML Runtime: Python Compute, Models, Protocol, Tests","Python Source",".py","173","6832","6.67","D4EABA45852754A388FD9D2B346A9CD3187DD1081BBDA327C9C9FED80140EE3E","True","2026-08-15 12:15:08"
"ML\src\ppiq_ml\remediation\checks.py","03A_ML_Runtime","ML Runtime: Python Compute, Models, Protocol, Tests","Python Source",".py","226","9736","9.51","CFAFEEC4F144D275B37F491A017DEAE18BD57BC9132F73F532A481C84F52060E","True","2026-08-15 12:15:08"
"ML\src\ppiq_ml\remediation\contract.py","03A_ML_Runtime","ML Runtime: Python Compute, Models, Protocol, Tests","Python Source",".py","244","8744","8.54","F97BF60AFEA130B40F0859A7C28EFF4D79E7218FCBB18F39E5C70030A88C5DB8","True","2026-08-15 12:15:08"
"ML\src\ppiq_ml\remediation\eligibility.py","03A_ML_Runtime","ML Runtime: Python Compute, Models, Protocol, Tests","Python Source",".py","97","3742","3.65","2F636882B8EA7261B0FD694AB3BABF5D1C62633FD94A674F50065BDDE674E6A4","True","2026-08-15 16:17:09"
"ML\src\ppiq_ml\remediation\kernel.py","03A_ML_Runtime","ML Runtime: Python Compute, Models, Protocol, Tests","Python Source",".py","27","1175","1.15","8CB735737639C2621220910E8E4065EA7B596F6CEE1E2C0D0CF5827008C2B73C","True","2026-08-15 12:15:08"
"ML\src\ppiq_ml\runtime\__init__.py","03A_ML_Runtime","ML Runtime: Python Compute, Models, Protocol, Tests","Python Source",".py","16","860","0.84","F9D47B629A05FDF9B2515AD5CF252574B59FA5A90F8E86CCB76981E9BEA9E129","True","2026-08-12 15:13:22"
"ML\src\ppiq_ml\runtime\checkpoint.py","03A_ML_Runtime","ML Runtime: Python Compute, Models, Protocol, Tests","Python Source",".py","58","1895","1.85","0DD0D729AABF4CBB133BB8493856B9C135FCA294C852810BF3E9613CF55D47FB","True","2026-08-12 15:13:22"
"ML\src\ppiq_ml\runtime\cli.py","03A_ML_Runtime","ML Runtime: Python Compute, Models, Protocol, Tests","Python Source",".py","138","4701","4.59","4C99AB04DF70F18FC233E59DC25A33DB9D7FDE9094A88B8D06C578022FE4D20D","True","2026-08-12 16:26:47"
"ML\src\ppiq_ml\runtime\job_spec.py","03A_ML_Runtime","ML Runtime: Python Compute, Models, Protocol, Tests","Python Source",".py","140","4813","4.7","B13E6A6076779FF97213DE86B2059736F435878A85F9B766748AC3AFD5D74C04","True","2026-08-12 15:13:22"
"ML\src\ppiq_ml\runtime\protocol.py","03A_ML_Runtime","ML Runtime: Python Compute, Models, Protocol, Tests","Python Source",".py","71","2638","2.58","5A281C410DE45F3D5858B91B5A7F5ED5480A722887A4BA6A360D22EA0832A4A2","True","2026-08-12 15:13:22"
"ML\src\ppiq_ml\runtime\result_manifest.py","03A_ML_Runtime","ML Runtime: Python Compute, Models, Protocol, Tests","Python Source",".py","125","4900","4.79","5422672E1138BDE74802FBAFEEC44C0653706914777D478679612D6FD8AFD112","True","2026-08-12 15:13:22"
"ML\src\ppiq_ml\runtime\runner.py","03A_ML_Runtime","ML Runtime: Python Compute, Models, Protocol, Tests","Python Source",".py","160","6139","6","4475E05E2FAD38EBB3D7BB3ABE876885C7F2E1071D95C8664B2115FE9F899A05","True","2026-08-12 15:13:22"
"ML\src\ppiq_ml\sequences\__init__.py","03A_ML_Runtime","ML Runtime: Python Compute, Models, Protocol, Tests","Python Source",".py","58","1943","1.9","2E82F920F73D2A6572063B371B8AB110A4FF477560A6EAFFA461F3C6701BAB28","True","2026-08-15 10:59:10"
"ML\src\ppiq_ml\sequences\b04.py","03A_ML_Runtime","ML Runtime: Python Compute, Models, Protocol, Tests","Python Source",".py","166","5580","5.45","3412264D513E1AB9D0B615294B1CE0FC2C1512F28C7E8634FEE66C9ED4CBC229","True","2026-08-15 10:59:10"
"ML\src\ppiq_ml\sequences\codecs.py","03A_ML_Runtime","ML Runtime: Python Compute, Models, Protocol, Tests","Python Source",".py","128","4163","4.07","F476B98209407CC886DD79F93755D5FC91C8AF7DF02DAF2331B5FF76A457330B","True","2026-08-15 10:59:10"
"ML\src\ppiq_ml\sequences\contract.py","03A_ML_Runtime","ML Runtime: Python Compute, Models, Protocol, Tests","Python Source",".py","278","10038","9.8","0AE9C9EB2A31C9E4CCB7EA3E1AE5A95973FC432ED66FD9E9948BD8CCED29C851","True","2026-08-15 10:59:10"
"ML\src\ppiq_ml\sequences\dtypes.py","03A_ML_Runtime","ML Runtime: Python Compute, Models, Protocol, Tests","Python Source",".py","80","2572","2.51","72A04653DF43E3768DFFAFE2C4052798DBF41F98AD3545ED2549F24683A306B5","True","2026-08-15 10:59:10"
"ML\src\ppiq_ml\sequences\store.py","03A_ML_Runtime","ML Runtime: Python Compute, Models, Protocol, Tests","Python Source",".py","357","13974","13.65","B582B34C1609E5C6689D2C6FC27B90240242D432356AA631CD47E25C49665F88","True","2026-08-15 10:59:10"
"ML\src\ppiq_ml\similarity\__init__.py","03A_ML_Runtime","ML Runtime: Python Compute, Models, Protocol, Tests","Python Source",".py","55","1851","1.81","C8BCC1BF1BF923357EB21976FFD37EF57B2287B998D72554655C434448B3184E","True","2026-08-15 10:19:09"
"ML\src\ppiq_ml\similarity\approximate.py","03A_ML_Runtime","ML Runtime: Python Compute, Models, Protocol, Tests","Python Source",".py","243","9477","9.25","725F887A64370CC7CD03B697933BDD4979504A93517A3AF4A5920AB7335EDBD8","True","2026-08-15 10:19:09"
"ML\src\ppiq_ml\similarity\contract.py","03A_ML_Runtime","ML Runtime: Python Compute, Models, Protocol, Tests","Python Source",".py","266","9395","9.17","C77EDF8FF90C53E03DA33CA3F6FCD677CF12583FF0A64C03223F8614B2E6CB66","True","2026-08-15 10:19:09"
"ML\src\ppiq_ml\similarity\exact_flat.py","03A_ML_Runtime","ML Runtime: Python Compute, Models, Protocol, Tests","Python Source",".py","176","6343","6.19","C030635BD4C2C9808085D3EE078DC92F786B3D88DB3DD895DA9B7DAED6C505D2","True","2026-08-15 10:19:09"
"ML\src\ppiq_ml\similarity\metrics.py","03A_ML_Runtime","ML Runtime: Python Compute, Models, Protocol, Tests","Python Source",".py","68","2493","2.43","06ED728702F1B5EBF908E1080D419AA098D4CFE208382E77E482732E7E8F19C1","True","2026-08-15 10:19:09"
"ML\src\ppiq_ml\similarity\recall.py","03A_ML_Runtime","ML Runtime: Python Compute, Models, Protocol, Tests","Python Source",".py","210","7826","7.64","8C1C837B8A8FBB215E4D6AE18CB93F3AB25F7CF9661CA96CFD70FFB9FF1EAF1B","True","2026-08-15 10:19:09"
"ML\tests\handlers\__init__.py","03A_ML_Runtime","ML Runtime: Python Compute, Models, Protocol, Tests","Python Test Source",".py","1","77","0.08","6EEAF6EA48B360065C8E49C70D2511CA6C9C06DA13E72A0320728A58690B3A10","True","2026-08-12 16:26:47"
"ML\tests\handlers\fixture_handlers.py","03A_ML_Runtime","ML Runtime: Python Compute, Models, Protocol, Tests","Python Test Source",".py","88","2908","2.84","CE3CDAADE9A67949C5F3B1B0E5549D28CC5506A46B309B23E615DF009768ED4D","True","2026-08-12 16:26:47"
"ML\tests\mf04_population_fixture.py","03A_ML_Runtime","ML Runtime: Python Compute, Models, Protocol, Tests","Python Test Source",".py","159","5398","5.27","19494624136FB5240D6087239A7994454F14BCCC840385815B1F868DEF9B3495","True","2026-08-15 09:13:43"
"ML\tests\t176_promotion_fixture.py","03A_ML_Runtime","ML Runtime: Python Compute, Models, Protocol, Tests","Python Test Source",".py","183","5648","5.52","C167CDB38E7635DB81DAEE00C158C6E9DF86605DA2FFD51475732991ECA19245","True","2026-08-15 09:36:08"
"ML\tests\test_artifact_contract.py","03A_ML_Runtime","ML Runtime: Python Compute, Models, Protocol, Tests","Python Test Source",".py","170","7644","7.46","B7C02390066F045CA87069BDC5169762D7D95D9521FE33ADD766044C2D1DA1CC","True","2026-08-13 12:51:40"
"ML\tests\test_artifact_corruption.py","03A_ML_Runtime","ML Runtime: Python Compute, Models, Protocol, Tests","Python Test Source",".py","96","4207","4.11","9EC27D4E12F5F77360E3C2AEACFD4429D0DB0AA3E25A3265F600308BB461CD7D","True","2026-08-13 12:51:40"
"ML\tests\test_artifact_roundtrip.py","03A_ML_Runtime","ML Runtime: Python Compute, Models, Protocol, Tests","Python Test Source",".py","176","8723","8.52","C923ACB702D0B14B0B3E0A5A4E68C54D37C07DDD10852972121E3F79D856E4FF","True","2026-08-13 12:51:40"
"ML\tests\test_b03_hook.py","03A_ML_Runtime","ML Runtime: Python Compute, Models, Protocol, Tests","Python Test Source",".py","91","4367","4.26","7D638FBE820396D99E0A2A69CA6F0B2C75300B7302DD0BBD7B7C4BD18A0229A9","True","2026-08-13 12:51:40"
"ML\tests\test_isolation.py","03A_ML_Runtime","ML Runtime: Python Compute, Models, Protocol, Tests","Python Test Source",".py","149","6713","6.56","D67CEF48573A34160F8BC3CE231686381443D6B7F2FFFCEDE0AD739A4B758A21","True","2026-08-13 12:51:40"
"ML\tests\test_mf04_boundary.py","03A_ML_Runtime","ML Runtime: Python Compute, Models, Protocol, Tests","Python Test Source",".py","185","7882","7.7","38051FE174C0850DE746FF4165AE57A644B801E0C3B0C36BD2EA319BD743427A","True","2026-08-15 09:13:43"
"ML\tests\test_mf04_contract_and_leakage.py","03A_ML_Runtime","ML Runtime: Python Compute, Models, Protocol, Tests","Python Test Source",".py","299","12412","12.12","A9BB92B2A611590398D736088554E7004B934FF7CFF637225A532097819F7225","True","2026-08-15 09:13:43"
"ML\tests\test_mf04_training_runtime.py","03A_ML_Runtime","ML Runtime: Python Compute, Models, Protocol, Tests","Python Test Source",".py","347","15626","15.26","E3550CF02656235979966E740731B06F25A9B7D17D13FDB3F32245359F95C911","True","2026-08-15 09:13:43"
"ML\tests\test_protocol_contract.py","03A_ML_Runtime","ML Runtime: Python Compute, Models, Protocol, Tests","Python Test Source",".py","130","5819","5.68","8E8F92103B12CD4AB575278FFFDF34936ADDB5FEB5E84F4EB6ADB72F5E597EC0","True","2026-08-12 15:13:22"
"ML\tests\test_runner_behaviour.py","03A_ML_Runtime","ML Runtime: Python Compute, Models, Protocol, Tests","Python Test Source",".py","244","10371","10.13","6542FD1AD6146D0F20BE90FFDE756EB105546DA168C6479725083F81FADD26FB","True","2026-08-12 15:13:22"
"ML\tests\test_t170_boundary.py","03A_ML_Runtime","ML Runtime: Python Compute, Models, Protocol, Tests","Python Test Source",".py","184","7404","7.23","135FAB95F7EA61D004C6FE9EBDBCE15342C5239B605000F44BD89D4A4E269F81","True","2026-08-15 10:59:10"
"ML\tests\test_t170_bounded_and_corruption.py","03A_ML_Runtime","ML Runtime: Python Compute, Models, Protocol, Tests","Python Test Source",".py","350","14562","14.22","F4220BF8CADA47E3F17C2E4201938FF92A086CE44CB7F866A2DE593A86B44BC0","True","2026-08-15 10:59:10"
"ML\tests\test_t170_sequence_payload.py","03A_ML_Runtime","ML Runtime: Python Compute, Models, Protocol, Tests","Python Test Source",".py","276","12357","12.07","01CE09EF0E149997C12664D9183695BD4CAA84BF5BBA9B38A8782BAD99A834C2","True","2026-08-15 10:59:10"
"ML\tests\test_t172_boundary.py","03A_ML_Runtime","ML Runtime: Python Compute, Models, Protocol, Tests","Python Test Source",".py","216","8950","8.74","2E79D5E762A9A52553F670CB4273B5EA66694FBBBFC33F9A5B14F6659B5C5215","True","2026-08-15 11:42:43"
"ML\tests\test_t172_process_encoder.py","03A_ML_Runtime","ML Runtime: Python Compute, Models, Protocol, Tests","Python Test Source",".py","387","17278","16.87","BC116350B169FCAD5572B1BDA39EDEC5B235FA0D6C41595A828E149C7DBF0E01","True","2026-08-15 11:42:43"
"ML\tests\test_t173_boundary.py","03A_ML_Runtime","ML Runtime: Python Compute, Models, Protocol, Tests","Python Test Source",".py","408","17281","16.88","4F8B8116F78270F1BAB9BC8D568E618D27BBAADFCC142677AAC86F56C85BAB85","True","2026-08-15 10:19:09"
"ML\tests\test_t173_index_contract.py","03A_ML_Runtime","ML Runtime: Python Compute, Models, Protocol, Tests","Python Test Source",".py","243","10639","10.39","7355F7CD62B5F346B94F22DCBE0F5B47673AF042428E04A2B1E69471F08DF662","True","2026-08-15 10:19:09"
"ML\tests\test_t173_recall_and_eligibility.py","03A_ML_Runtime","ML Runtime: Python Compute, Models, Protocol, Tests","Python Test Source",".py","273","12355","12.07","6C4E2AAFC0E1A8B669CDA9B004C3CBF9697F3FCD911D2BFFAA14910B464BEA42","True","2026-08-15 10:19:09"
"ML\tests\test_t174_boundary.py","03A_ML_Runtime","ML Runtime: Python Compute, Models, Protocol, Tests","Python Test Source",".py","168","7195","7.03","E3CD3838B3CBC29CAFDC20A362B61712F6947E584F7952072DA33F35773D55EA","True","2026-08-15 10:37:14"
"ML\tests\test_t174_novelty_runtime.py","03A_ML_Runtime","ML Runtime: Python Compute, Models, Protocol, Tests","Python Test Source",".py","420","19001","18.56","78CC9442EE288DBBC26A5EF320FAD2EDBD12297A1BBE8DD648A46D695D0D506A","True","2026-08-15 10:37:14"
"ML\tests\test_t176_boundary.py","03A_ML_Runtime","ML Runtime: Python Compute, Models, Protocol, Tests","Python Test Source",".py","175","7158","6.99","B7D8C205C37F0AF9728D8E00F552D1BC6687ED4E72847DFF022904A5A3A9B801","True","2026-08-15 09:36:08"
"ML\tests\test_t176_contract_completeness.py","03A_ML_Runtime","ML Runtime: Python Compute, Models, Protocol, Tests","Python Test Source",".py","247","9956","9.72","847B442AA49638B7BF68DE4EB4D37F2EE6405B7BE05FF8235B9790F73D191643","True","2026-08-15 09:53:49"
"ML\tests\test_t176_evidence_and_stability.py","03A_ML_Runtime","ML Runtime: Python Compute, Models, Protocol, Tests","Python Test Source",".py","143","6151","6.01","B6D5ACED7B992EF1488B2E97B9688A0D7FC05DC3FE8F5313C1F215B45912F261","True","2026-08-15 09:36:08"
"ML\tests\test_t176_promotion_kernel.py","03A_ML_Runtime","ML Runtime: Python Compute, Models, Protocol, Tests","Python Test Source",".py","326","14345","14.01","CD2AF037F55F16C6EE0EDEB4B81147FF3552EE5ED6A57CEB196CAC102C754242","True","2026-08-15 09:36:08"
"ML\tests\test_t176_treeshap_provider.py","03A_ML_Runtime","ML Runtime: Python Compute, Models, Protocol, Tests","Python Test Source",".py","394","16597","16.21","EEA0AEDD01BBAA3908F2669B2CB7A1C51EDE620208AB92B51CCF0756CDC13057","True","2026-08-15 09:53:49"
"ML\tests\test_t178_boundary.py","03A_ML_Runtime","ML Runtime: Python Compute, Models, Protocol, Tests","Python Test Source",".py","191","7542","7.37","205D537D1737260D95BDD3D8A5013F35A5442672809107BEE55CF6E7A5A7D1DB","True","2026-08-15 12:15:08"
"ML\tests\test_t178_remediation_kernel.py","03A_ML_Runtime","ML Runtime: Python Compute, Models, Protocol, Tests","Python Test Source",".py","495","22353","21.83","4A15275F3C5105CBCAFB1FD94875DC535F6490B9956FA193A0666D62B9F27E70","True","2026-08-15 16:17:09"
"Frontend\PlantProcess.Web\.dockerignore","04_Frontend_App","Frontend App: PlantProcess.Web Core Source (HMI)","Other Text File",".dockerignore","18","354","0.35","1BCAEE9F51C5BD5A88D7C0CE8DFDF009589126603CB4E02B3824A430C90C4E8B","False","2026-05-19 15:43:40"
"Frontend\PlantProcess.Web\.env.development","04_Frontend_App","Frontend App: PlantProcess.Web Core Source (HMI)","Environment Config",".development","4","98","0.1","D8B9CE6DCB7C041B700DBFAB03840EC47B2D5585D82F2E7B642F0D7648C4D623","True","2026-05-12 15:36:02"
"Frontend\PlantProcess.Web\.env.example","04_Frontend_App","Frontend App: PlantProcess.Web Core Source (HMI)","Environment Config",".example","14","566","0.55","F75823A8F1DE183E4217C250593F0AF9D947DBCF3C7C8AEC02A7F3AB8D7EDFA7","True","2026-06-06 09:50:51"
"Frontend\PlantProcess.Web\.env.local","04_Frontend_App","Frontend App: PlantProcess.Web Core Source (HMI)","Environment Config",".local","6","169","0.17","6A79E40D35F12EDE63FF07D185082BC5C7153377EA13487AC83875BD50CE630A","True","2026-08-16 12:20:41"
"Frontend\PlantProcess.Web\.env.test","04_Frontend_App","Frontend App: PlantProcess.Web Core Source (HMI)","Environment Config",".test","3","102","0.1","24BD149B4404E1C90C7C7097CE1324404381E27B6FA5EBADECD0D0447231C4A2","True","2026-05-31 14:24:05"
"Frontend\PlantProcess.Web\.gitignore","04_Frontend_App","Frontend App: PlantProcess.Web Core Source (HMI)","Other Text File",".gitignore","25","272","0.27","D0E42129DE8532A1C60E737CDD8EC2E96B5D89E2BA65EEAD2BA0466651CC74EA","False","2026-06-09 07:41:58"
"Frontend\PlantProcess.Web\DEAD_BUTTON_INVENTORY.md","04_Frontend_App","Frontend App: PlantProcess.Web Core Source (HMI)","Markdown Documentation",".md","8","296","0.29","C5F92F907B5B6731A336B6725DDC46E0DE0D4BA421679F664C980C4A9B4D082A","False","2026-07-16 14:48:03"
"Frontend\PlantProcess.Web\Dockerfile","04_Frontend_App","Frontend App: PlantProcess.Web Core Source (HMI)","Dockerfile","","28","658","0.64","13E794DBAE8645158856742AE133A7945FC6B155089A20562F36693FCF06969C","True","2026-06-26 14:11:01"
"Frontend\PlantProcess.Web\docs\a11y\audit-30May2026.md","04_Frontend_App","Frontend App: PlantProcess.Web Core Source (HMI)","Markdown Documentation",".md","33","575","0.56","A3AC3485E227D6C4266F3D8234B0DBA71B6A7BC335B71D8D6E5A484ADDC3529C","False","2026-05-30 11:14:59"
"Frontend\PlantProcess.Web\docs\refactor\codemods.md","04_Frontend_App","Frontend App: PlantProcess.Web Core Source (HMI)","Markdown Documentation",".md","25","572","0.56","47FD5689DFC72587DF4B904F68E29E9FCF53AC5C96B34A673E4238FE8266B4E4","False","2026-05-30 10:53:07"
"Frontend\PlantProcess.Web\docs\refactor\dead-code-removal-30May2026.md","04_Frontend_App","Frontend App: PlantProcess.Web Core Source (HMI)","Markdown Documentation",".md","23","1322","1.29","EC693A851202DF2F1C8386B56FCD97321446FB6514392F775C77FC6C52AAEBF7","False","2026-05-30 10:53:07"
"Frontend\PlantProcess.Web\docs\refactor\implementation-wrapper-pattern.md","04_Frontend_App","Frontend App: PlantProcess.Web Core Source (HMI)","Markdown Documentation",".md","23","944","0.92","B2B3AE1B0D2BC7B9769877D5776F414A406F845B197D39CAE4DF189FEFEF49C1","False","2026-06-06 14:10:00"
"Frontend\PlantProcess.Web\docs\ui-standards\button-inventory.csv","04_Frontend_App","Frontend App: PlantProcess.Web Core Source (HMI)","Other Text File",".csv","257","43161","42.15","626C388930E7D7442CD408910F46F21ED8CAB080A553544273E3D199AD510D45","False","2026-06-24 17:16:41"
"Frontend\PlantProcess.Web\docs\ui-standards\component-specification.md","04_Frontend_App","Frontend App: PlantProcess.Web Core Source (HMI)","Markdown Documentation",".md","62","1743","1.7","8A573EE275D035CE4D3980FDA2CE8859A2CAFAFC2D3C6651EAFA4DE346725728","False","2026-05-30 10:16:06"
"Frontend\PlantProcess.Web\docs\ui-standards\inert-standard-buttons.json","04_Frontend_App","Frontend App: PlantProcess.Web Core Source (HMI)","JSON Configuration",".json","7","95","0.09","19C2553C49C336F2888F079FFD18962ED6CD9A7E035B25FD9AE3325A8C919285","False","2026-07-23 10:25:38"
"Frontend\PlantProcess.Web\docs\ui-standards\input-inventory.csv","04_Frontend_App","Frontend App: PlantProcess.Web Core Source (HMI)","Other Text File",".csv","42","9174","8.96","B89E1F944FBFD6EF97E7915295176BFAD6DAF3C02F42D6897711B088B5857930","False","2026-07-23 10:25:38"
"Frontend\PlantProcess.Web\docs\ui-standards\inventory-summary.md","04_Frontend_App","Frontend App: PlantProcess.Web Core Source (HMI)","Markdown Documentation",".md","29","686","0.67","C0923CD0B9E88C75FB1C27BF24369F96E878DF8C2073BDD757777A384B9C0DF4","False","2026-06-24 17:16:41"
"Frontend\PlantProcess.Web\docs\ui-standards\table-inventory.csv","04_Frontend_App","Frontend App: PlantProcess.Web Core Source (HMI)","Other Text File",".csv","37","7440","7.27","DE5A9EC09F52DB0E6FA5FBDE6D1D5E9259799C152DAC0C263BD9A42D26978269","False","2026-06-24 17:16:41"
"Frontend\PlantProcess.Web\docs\ui-standards\tabs-inventory.csv","04_Frontend_App","Frontend App: PlantProcess.Web Core Source (HMI)","Other Text File",".csv","7","1190","1.16","AC3144D43BAFDD6E55EA3CE18454CE84046FB2A4F85CB113812B776FC639DCBE","False","2026-07-23 10:25:38"
"Frontend\PlantProcess.Web\docs\visual-regression\phase56-baseline.md","04_Frontend_App","Frontend App: PlantProcess.Web Core Source (HMI)","Markdown Documentation",".md","25","597","0.58","E22D03783B901241A8B32CD1F08C8B2CAA7B4AED7E5429841A0CC1EF36A49C04","False","2026-05-30 11:14:59"
"Frontend\PlantProcess.Web\eslint.config.js","04_Frontend_App","Frontend App: PlantProcess.Web Core Source (HMI)","JavaScript Source",".js","135","4375","4.27","EF43966A27C8105557BCCD302DEC41AFF451CA5F274988B633B06B5354A02A8F","False","2026-05-30 10:54:44"
"Frontend\PlantProcess.Web\index.html","04_Frontend_App","Frontend App: PlantProcess.Web Core Source (HMI)","Markup / View",".html","21","704","0.69","55357F3B077AEE228B258AD461ADC42B8CE8A6BF73AD4F1D9DDCB64DAD4BA322","False","2026-06-10 11:51:12"
"Frontend\PlantProcess.Web\nginx.conf","04_Frontend_App","Frontend App: PlantProcess.Web Core Source (HMI)","Other Text File",".conf","20","455","0.44","95EE1F23964B62243BFCC7E449B3684F5710A8A2E3168C9D15C4E6DFD76EF0E7","False","2026-05-19 14:09:48"
"Frontend\PlantProcess.Web\openapi\README.md","04_Frontend_App","Frontend App: PlantProcess.Web Core Source (HMI)","Markdown Documentation",".md","24","968","0.95","6C0070F523ECB7CA2A1E6B0AB9D523428DC17507D769AD98546CDB18B8771C4D","False","2026-06-09 07:41:57"
"Frontend\PlantProcess.Web\package.json","04_Frontend_App","Frontend App: PlantProcess.Web Core Source (HMI)","JSON Configuration",".json","152","10495","10.25","57F7EA7FABE9A65F785DC66FD4F59BF5DAE91A2F24CED66DB898C8356A5F6AB4","False","2026-07-23 10:25:38"
"Frontend\PlantProcess.Web\playwright.config.ts","04_Frontend_App","Frontend App: PlantProcess.Web Core Source (HMI)","TypeScript Source",".ts","209","7439","7.26","ED25AB41A1A4F2FCB584E93CBFCE3F0302CE0A88B7666B854FEFECB4642D5498","False","2026-06-23 18:23:18"
"Frontend\PlantProcess.Web\playwright.journey.config.ts","04_Frontend_App","Frontend App: PlantProcess.Web Core Source (HMI)","TypeScript Source",".ts","27","777","0.76","C36F59A150EDEED94761A6989CC9891D07CCC7F59B043ADDEB24A5687F4736ED","False","2026-07-15 21:15:24"
"Frontend\PlantProcess.Web\playwright.phase2.config.ts","04_Frontend_App","Frontend App: PlantProcess.Web Core Source (HMI)","TypeScript Source",".ts","66","1491","1.46","216AD88D21A62C89E093EC1E2C0F4330B458E6CEE329B0C05D6B778A674867E6","False","2026-05-25 13:07:52"
"Frontend\PlantProcess.Web\playwright.phase9.config.ts","04_Frontend_App","Frontend App: PlantProcess.Web Core Source (HMI)","TypeScript Source",".ts","35","956","0.93","841DF34B9933DBDD87366848C43CB2031DC423661C5C61D937C600830CB03885","False","2026-06-03 20:05:21"
"Frontend\PlantProcess.Web\playwright.ppiq-v1-matrix.config.ts","04_Frontend_App","Frontend App: PlantProcess.Web Core Source (HMI)","TypeScript Source",".ts","63","1990","1.94","CB03162C7B2DF122D682459DB74ECCC13A65EAE2719E38D4E639AB6697E49111","False","2026-06-15 11:44:12"
"Frontend\PlantProcess.Web\playwright.ppiq-v1-readiness.config.ts","04_Frontend_App","Frontend App: PlantProcess.Web Core Source (HMI)","TypeScript Source",".ts","18","619","0.6","C08B22F8ECA7BC83B937A4C23BD67340C1A5437D0FCB4007D8D1A451501B658C","False","2026-06-15 11:44:12"
"Frontend\PlantProcess.Web\playwright.t040.config.ts","04_Frontend_App","Frontend App: PlantProcess.Web Core Source (HMI)","TypeScript Source",".ts","35","1349","1.32","A99A1847ABF63B2A5B999AC53CF6FDA3DD968874515B9BD158A92AA0DBFB43B1","False","2026-08-08 20:18:20"
"Frontend\PlantProcess.Web\playwright-report-journey\index.html","04_Frontend_App","Frontend App: PlantProcess.Web Core Source (HMI)","Markup / View",".html","90","599272","585.23","3F791B42BD6FCC11BA8D6A818FA4A10BE0EA5099348AB5238299E4025BAF5587","False","2026-07-15 21:38:11"
"Frontend\PlantProcess.Web\playwright-report-journey\trace\assets\codeMirrorModule-Ds_H_9Yq.js","04_Frontend_App","Frontend App: PlantProcess.Web Core Source (HMI)","JavaScript Source",".js","32","313054","305.72","97273402DD9C1DBE012459A05A57D5F81FCF900828C7DB1E8A33D2D1B8F73E17","False","2026-06-09 22:10:55"
"Frontend\PlantProcess.Web\playwright-report-journey\trace\assets\defaultSettingsView-D31xz8zv.js","04_Frontend_App","Frontend App: PlantProcess.Web Core Source (HMI)","JavaScript Source",".js","262","649133","633.92","89918F149A8F31F3F0931BE88224CE73991C11B328AAF96F6C8553AF243D36F1","False","2026-06-09 22:10:59"
"Frontend\PlantProcess.Web\playwright-report-journey\trace\assets\urlMatch-BYQrIQwR.js","04_Frontend_App","Frontend App: PlantProcess.Web Core Source (HMI)","JavaScript Source",".js","1","819","0.8","168C4DEE4815EA8D3C131A504033CD23D4B15AEFA0209DD10AD3F643E8F1D8A7","False","2026-06-09 22:11:00"
"Frontend\PlantProcess.Web\playwright-report-journey\trace\codeMirrorModule.DYBRYzYX.css","04_Frontend_App","Frontend App: PlantProcess.Web Core Source (HMI)","Stylesheet",".css","1","6421","6.27","70BF421A13E87857CA684BFA2CC55F06D7C5A50F71253A3FF1D74769B14A957E","False","2026-06-09 22:10:50"
"Frontend\PlantProcess.Web\playwright-report-journey\trace\defaultSettingsView.BDKsFU3c.css","04_Frontend_App","Frontend App: PlantProcess.Web Core Source (HMI)","Stylesheet",".css","1","110856","108.26","0A7AB260FEDB13141B5635B80704878E37ADBA89198A16D43B83972E981CA648","False","2026-06-09 22:10:51"
"Frontend\PlantProcess.Web\playwright-report-journey\trace\index.BCnMPevh.js","04_Frontend_App","Frontend App: PlantProcess.Web Core Source (HMI)","JavaScript Source",".js","2","6591","6.44","B7B21F6A648DB1AF9B77717E1BE7BBF0ECB09E0E23E596C815B7B84661DE4B87","False","2026-06-09 22:10:59"
"Frontend\PlantProcess.Web\playwright-report-journey\trace\index.CzXZzn5A.css","04_Frontend_App","Frontend App: PlantProcess.Web Core Source (HMI)","Stylesheet",".css","1","2111","2.06","4EC2A3D49DB259CE9025CB4FA48D73B1AFD58215E567EEF3B4A4CBF76C1674D9","False","2026-06-09 22:10:52"
"Frontend\PlantProcess.Web\playwright-report-journey\trace\index.html","04_Frontend_App","Frontend App: PlantProcess.Web Core Source (HMI)","Markup / View",".html","44","2363","2.31","86A5792CFF2ECF975E580491D8593E322104711946EFD765EDD250039A2E2F3D","False","2026-06-09 22:10:53"
"Frontend\PlantProcess.Web\playwright-report-journey\trace\manifest.webmanifest","04_Frontend_App","Frontend App: PlantProcess.Web Core Source (HMI)","Other Text File",".webmanifest","16","429","0.42","D8540500603A32A39FE7E5A0375DC0F9EBAFD11118E06A846DB7EFC608223AB9","False","2026-06-09 22:11:03"
"Frontend\PlantProcess.Web\playwright-report-journey\trace\playwright-logo.svg","04_Frontend_App","Frontend App: PlantProcess.Web Core Source (HMI)","Other Text File",".svg","9","5033","4.92","6B0A4367BDEAB10995BC239278F04C68C10E48ADBEC15E799E01909A0D66DCB9","False","2026-06-09 22:11:03"
"Frontend\PlantProcess.Web\playwright-report-journey\trace\snapshot.html","04_Frontend_App","Frontend App: PlantProcess.Web Core Source (HMI)","Markup / View",".html","10","389","0.38","11C80EFE4F4424FA59004BCC71FED77A420D2DA5F199790E355C30A5B965D0CD","False","2026-06-09 22:10:54"
"Frontend\PlantProcess.Web\playwright-report-journey\trace\snapshot.v8KI4P3m.js","04_Frontend_App","Frontend App: PlantProcess.Web Core Source (HMI)","JavaScript Source",".js","2","660","0.64","97A3CD6D67AAAC66EFC838D7D743AC51BBF7D272E1287981C11758FCA21A0657","False","2026-06-09 22:11:00"
"Frontend\PlantProcess.Web\playwright-report-journey\trace\sw.bundle.js","04_Frontend_App","Frontend App: PlantProcess.Web Core Source (HMI)","JavaScript Source",".js","5","95469","93.23","EB666DD23C07D2305F216AF443A83EE71E06433E0D5B9DA2927A9FEE18AA2AB9","False","2026-06-09 22:11:00"
"Frontend\PlantProcess.Web\playwright-report-journey\trace\uiMode.Btcz36p_.css","04_Frontend_App","Frontend App: PlantProcess.Web Core Source (HMI)","Stylesheet",".css","1","60239","58.83","BFE8330CC78EEB1B1C4D8983AAB7068D725526E407903EE19E515996250CB221","False","2026-06-09 22:10:53"
"Frontend\PlantProcess.Web\playwright-report-journey\trace\uiMode.C2Efnu2P.js","04_Frontend_App","Frontend App: PlantProcess.Web Core Source (HMI)","JavaScript Source",".js","6","38201","37.31","FCDE5934289592310CE4DB673B29DF510ADCDBC0C028264E0C8D3605EC253EE8","False","2026-06-09 22:11:00"
"Frontend\PlantProcess.Web\playwright-report-journey\trace\uiMode.html","04_Frontend_App","Frontend App: PlantProcess.Web Core Source (HMI)","Markup / View",".html","18","727","0.71","5F17CD4E1DDCF1915C15487B7B4E6A4A812CA6FD79ECEDEA97EF0DD2900DD635","False","2026-06-09 22:10:54"
"Frontend\PlantProcess.Web\playwright-report-journey\trace\xtermModule.DYP7pi_n.css","04_Frontend_App","Frontend App: PlantProcess.Web Core Source (HMI)","Stylesheet",".css","32","4150","4.05","7C5A01F382F76539FC9B4DB6B18E18A7035741845FD14968C5CDC0A7E373D817","False","2026-06-09 22:10:53"
"Frontend\PlantProcess.Web\playwright-report-readiness\index.html","04_Frontend_App","Frontend App: PlantProcess.Web Core Source (HMI)","Markup / View",".html","90","524824","512.52","C1AF4A43FBA7327C9CA23878A88B9E8D7D14F4B397486CCA43595260CE36B17C","False","2026-06-15 11:48:28"
"Frontend\PlantProcess.Web\public\brand\plantprocess-iq-architecture.svg","04_Frontend_App","Frontend App: PlantProcess.Web Core Source (HMI)","Other Text File",".svg","87","5621","5.49","30FD78F1601492C7A58D0C02A49827F0AC05D6D0EA5DFB3B4DCC7C872640FE74","False","2026-05-21 16:44:08"
"Frontend\PlantProcess.Web\public\brand\plantprocess-iq-engineer-brief.html","04_Frontend_App","Frontend App: PlantProcess.Web Core Source (HMI)","Markup / View",".html","171","4852","4.74","24C9BA9EBA4F6397A7027226BB2E88C40E9F30AE1BC8A45FAC670FEA3B5070C1","False","2026-05-21 16:44:43"
"Frontend\PlantProcess.Web\public\brand\plantprocess-iq-logo.svg","04_Frontend_App","Frontend App: PlantProcess.Web Core Source (HMI)","Other Text File",".svg","51","2168","2.12","9BE5A1BF2F72BE934535C277F5F27CBBC9F9D5B2BE8E1115131A77D340BC0E26","False","2026-05-20 09:31:14"
"Frontend\PlantProcess.Web\public\brand\sou-icon.svg","04_Frontend_App","Frontend App: PlantProcess.Web Core Source (HMI)","Other Text File",".svg","50","1743","1.7","3A5683AA1179079537936DD39AB7FCB845369A199DF47807F9D6C4414EAF0DC7","False","2026-05-20 09:19:52"
"Frontend\PlantProcess.Web\public\brand\sou-logo-horizontal.svg","04_Frontend_App","Frontend App: PlantProcess.Web Core Source (HMI)","Other Text File",".svg","40","1813","1.77","7615AB27A735CF534DB633D0086D1B2F609C3923615D370686D72FEA92F3EFBC","False","2026-05-20 09:19:52"
"Frontend\PlantProcess.Web\public\build-info.json","04_Frontend_App","Frontend App: PlantProcess.Web Core Source (HMI)","JSON Configuration",".json","9","297","0.29","BC7627FB8D80BDEDD3C6757E597A8745F3B58FABD5390F7D8DAE9863B705E865","False","2026-06-10 12:30:22"
"Frontend\PlantProcess.Web\public\favicon.svg","04_Frontend_App","Frontend App: PlantProcess.Web Core Source (HMI)","Other Text File",".svg","50","1743","1.7","3A5683AA1179079537936DD39AB7FCB845369A199DF47807F9D6C4414EAF0DC7","False","2026-05-20 09:19:52"
"Frontend\PlantProcess.Web\public\icons.svg","04_Frontend_App","Frontend App: PlantProcess.Web Core Source (HMI)","Other Text File",".svg","24","5031","4.91","B45FA506195CFCDEF406BA9F0C77B36DDC1A7C224040926EC70ABC2FDEA7B93A","False","2026-05-11 16:00:07"
"Frontend\PlantProcess.Web\README.frontend-implementation.md","04_Frontend_App","Frontend App: PlantProcess.Web Core Source (HMI)","Markdown Documentation",".md","11","684","0.67","1AEF7EC8B26016D60DB6CE37EC27E6DA376ED00F3D80DC84FFA9C9311057E9E2","False","2026-06-06 11:18:29"
"Frontend\PlantProcess.Web\README.md","04_Frontend_App","Frontend App: PlantProcess.Web Core Source (HMI)","Markdown Documentation",".md","73","2425","2.37","8DC9E0EE2281ACB3324624FBE6EB7E1377CC626F616EA4DC90E3A90AE094374D","False","2026-05-11 16:00:06"
"Frontend\PlantProcess.Web\reports\ui-audit\phase2-ui-audit.json","04_Frontend_App","Frontend App: PlantProcess.Web Core Source (HMI)","JSON Configuration",".json","8831","246343","240.57","E2472041A6185568E0C9B6AC7D4CF615E4AC4E20AD7ED98933625FB4401BBE34","False","2026-05-30 09:22:53"
"Frontend\PlantProcess.Web\reports\ui-audit\phase2-ui-audit.md","04_Frontend_App","Frontend App: PlantProcess.Web Core Source (HMI)","Markdown Documentation",".md","1017","104164","101.72","4684CA96B7222076F683D5593F50FDEEE8CF291EC2B53A10A14F04BBF40596BD","False","2026-05-30 09:22:53"
"Frontend\PlantProcess.Web\src\accessibility\phase56ThemeRuntime.ts","04_Frontend_App","Frontend App: PlantProcess.Web Core Source (HMI)","TypeScript Source",".ts","95","3946","3.85","736093DABB2E86A5B7B4C5F3EF28A2A904D52142054A6315DCDD4B5DD75E3D44","False","2026-07-04 18:23:43"
"Frontend\PlantProcess.Web\src\api\__tests__\apiClient.retry-backoff.test.ts","04_Frontend_App","Frontend App: PlantProcess.Web Core Source (HMI)","TypeScript Source",".ts","52","1750","1.71","8C05FB1C2E85966ADB634A4A9BE62EA62EF39C76A2EE7388792EF8CE8AD766B4","False","2026-07-04 18:23:44"
"Frontend\PlantProcess.Web\src\api\admin\admin.api.ts","04_Frontend_App","Frontend App: PlantProcess.Web Core Source (HMI)","TypeScript Source",".ts","25","918","0.9","CF0FCD8E5F68114D7DAA58F19011659FC19BDFF569627980BAFFFD997A1692FC","False","2026-07-04 18:23:43"
"Frontend\PlantProcess.Web\src\api\admin\index.ts","04_Frontend_App","Frontend App: PlantProcess.Web Core Source (HMI)","TypeScript Source",".ts","2","84","0.08","CFEC07990CFA0643CA463147EF8A45B08B52115FC6219839B0E3F97476306A08","False","2026-07-04 18:23:43"
"Frontend\PlantProcess.Web\src\api\advancedAnalysis.ts","04_Frontend_App","Frontend App: PlantProcess.Web Core Source (HMI)","TypeScript Source",".ts","60","2786","2.72","C6C7EC334B7A52B4D67002A12018AEEDE9725E62F9C846A1E7F8F5C4058EBDF7","False","2026-07-25 16:03:25"
"Frontend\PlantProcess.Web\src\api\advisoryApi.ts","04_Frontend_App","Frontend App: PlantProcess.Web Core Source (HMI)","TypeScript Source",".ts","89","12658","12.36","1DC7A04B51358E0EC2F346B24E9F5EFBB3B652BB38021B153805E6100F3ABC6A","False","2026-07-09 12:05:51"
"Frontend\PlantProcess.Web\src\api\analytics\analytics.api.ts","04_Frontend_App","Frontend App: PlantProcess.Web Core Source (HMI)","TypeScript Source",".ts","24","986","0.96","DEEAF2F5CEB89D55671CA79D6AB8D1ED6ADF49EEF1B93C1D4E573B6E5C199FE2","False","2026-07-04 18:23:43"
"Frontend\PlantProcess.Web\src\api\analytics\index.ts","04_Frontend_App","Frontend App: PlantProcess.Web Core Source (HMI)","TypeScript Source",".ts","2","92","0.09","B1ABB324B2C17C736760C316F627C2629E2D66811952EFECC2CD8E4C722DBA54","False","2026-07-04 18:23:43"
"Frontend\PlantProcess.Web\src\api\apiConfig.ts","04_Frontend_App","Frontend App: PlantProcess.Web Core Source (HMI)","TypeScript Source",".ts","44","1530","1.49","2859973878571F1C85108D2833EE18DD29BDB073A009BB40BF7A0119765C556A","False","2026-07-04 18:23:44"
"Frontend\PlantProcess.Web\src\api\apiConfig.ts.t04bak","04_Frontend_App","Frontend App: PlantProcess.Web Core Source (HMI)","Other Text File",".t04bak","44","1521","1.49","600288AC0EE66EE93731481E867A10AA57FDF1F335B765B2960B359BCB9E44AB","False","2026-05-12 15:19:41"
"Frontend\PlantProcess.Web\src\api\assistantApi.ts","04_Frontend_App","Frontend App: PlantProcess.Web Core Source (HMI)","TypeScript Source",".ts","245","7917","7.73","5472BD202910FB319D796F5C305D04325C481823725DB293191192B9DAE2FE47","False","2026-08-08 21:57:44"
"Frontend\PlantProcess.Web\src\api\canvasApi.ts","04_Frontend_App","Frontend App: PlantProcess.Web Core Source (HMI)","TypeScript Source",".ts","75","4461","4.36","BAAA386B1F74AE712AB1A0F32E89DEAB1141B8D84BA7D5A2B200B25808B817FE","False","2026-08-05 18:23:28"
"Frontend\PlantProcess.Web\src\api\dashboarding\dashboarding.api.ts","04_Frontend_App","Frontend App: PlantProcess.Web Core Source (HMI)","TypeScript Source",".ts","60","2605","2.54","87F6A566BA9271FEA214675C6943434EAF29864B7D296992F41A98577AB39039","False","2026-07-27 14:06:17"
"Frontend\PlantProcess.Web\src\api\dashboarding\index.ts","04_Frontend_App","Frontend App: PlantProcess.Web Core Source (HMI)","TypeScript Source",".ts","2","98","0.1","FBA736E46FF09DD82EB2CEE74506A92BB2F4A89C177B6CDC0A4F405FADDFE5C6","False","2026-07-04 18:23:43"
"Frontend\PlantProcess.Web\src\api\demo-analytics\demoAnalytics.api.ts","04_Frontend_App","Frontend App: PlantProcess.Web Core Source (HMI)","TypeScript Source",".ts","76","1590","1.55","FCCBEA08D9D61E73F949F55E65790D35ADDB90DB93AA10BE0121B574176B55A2","False","2026-07-05 14:16:18"
"Frontend\PlantProcess.Web\src\api\edgeCollector.ts","04_Frontend_App","Frontend App: PlantProcess.Web Core Source (HMI)","TypeScript Source",".ts","161","4246","4.15","97C11846CB0E8E96BDC451A36F3C2A4A31F44EDFC3D978CEEAD3EE8D4D436A38","False","2026-07-04 18:23:44"
"Frontend\PlantProcess.Web\src\api\engine\alerts.api.ts","04_Frontend_App","Frontend App: PlantProcess.Web Core Source (HMI)","TypeScript Source",".ts","49","1305","1.27","9AA3D0AC4C8FB8CA8D601B6EE708FFD14ED956291A13D6F84E13C0B38EDD0495","False","2026-07-13 18:39:53"
"Frontend\PlantProcess.Web\src\api\engine\supervisor.api.ts","04_Frontend_App","Frontend App: PlantProcess.Web Core Source (HMI)","TypeScript Source",".ts","27","693","0.68","7AD5BD78CF6A9AE8B270E55CEDF4BABE269F46AB71B20A0BF51D4CCB85DB581D","False","2026-07-13 17:54:29"
"Frontend\PlantProcess.Web\src\api\historianConnector.ts","04_Frontend_App","Frontend App: PlantProcess.Web Core Source (HMI)","TypeScript Source",".ts","154","3912","3.82","A4610B568B4561F5709C165E711396FEF8614CDB30D3029CEAC2A159C194B69A","False","2026-07-04 18:23:44"
"Frontend\PlantProcess.Web\src\api\http\apiClient.ts","04_Frontend_App","Frontend App: PlantProcess.Web Core Source (HMI)","TypeScript Source",".ts","362","10148","9.91","3C2A09123E74B301554C266C5B66694BFB18A6C2757F3105ADB169A5422F4E56","False","2026-07-04 18:23:43"
"Frontend\PlantProcess.Web\src\api\http\index.ts","04_Frontend_App","Frontend App: PlantProcess.Web Core Source (HMI)","TypeScript Source",".ts","1","30","0.03","FA318AA5F40059E282E4C59BDAB0D6AD97602ACA1BD07AE427C4487F76381367","False","2026-07-04 18:23:43"
"Frontend\PlantProcess.Web\src\api\inspectionWorkflowApi.ts","04_Frontend_App","Frontend App: PlantProcess.Web Core Source (HMI)","TypeScript Source",".ts","213","6103","5.96","74A4D7304B965A3A6FA4A32C29ED48B2CBE072357CDA8F5692833032722B1EC4","False","2026-07-04 18:23:44"
"Frontend\PlantProcess.Web\src\api\integration\index.ts","04_Frontend_App","Frontend App: PlantProcess.Web Core Source (HMI)","TypeScript Source",".ts","2","96","0.09","A705B8AB4EB9A52362FC429C1D87E6FB2DC9B37D7489157F559AD49D436DC5C3","False","2026-07-04 18:23:43"
"Frontend\PlantProcess.Web\src\api\integration\integration.api.ts","04_Frontend_App","Frontend App: PlantProcess.Web Core Source (HMI)","TypeScript Source",".ts","30","1562","1.53","911A99CD662584FA39CBA236EBBB284A58080B96B42C5DFCD001501FB34F5507","False","2026-07-04 18:23:44"
"Frontend\PlantProcess.Web\src\api\integration\mappingAuthor.api.ts","04_Frontend_App","Frontend App: PlantProcess.Web Core Source (HMI)","TypeScript Source",".ts","41","1415","1.38","1AE1A8C124C726D9108260B0FD66CD469C49232F67C0BD915B513698AD0F683D","False","2026-07-13 17:10:00"
"Frontend\PlantProcess.Web\src\api\legacy\__tests__\plantProcessApi.contract.test.ts","04_Frontend_App","Frontend App: PlantProcess.Web Core Source (HMI)","TypeScript Source",".ts","62","1653","1.61","3AD07DC834DF341E95E598F8A41DEB951FEF195FE2D4A14943FAABCEB5B0AB06","False","2026-07-04 18:23:44"
"Frontend\PlantProcess.Web\src\api\license\index.ts","04_Frontend_App","Frontend App: PlantProcess.Web Core Source (HMI)","TypeScript Source",".ts","3","108","0.11","42F28A9F9E73C68796E649C243DCA4D02D329B964057319E9C21406C90BB9DCF","False","2026-07-04 18:23:44"
"Frontend\PlantProcess.Web\src\api\license\license.api.ts","04_Frontend_App","Frontend App: PlantProcess.Web Core Source (HMI)","TypeScript Source",".ts","51","1443","1.41","B28E2F116EFD4557FC8E299F69BC3CAF2CC02D1EF149D03302D449CFF4850B35","False","2026-07-04 18:23:44"
"Frontend\PlantProcess.Web\src\api\license\licenseUsage.api.ts","04_Frontend_App","Frontend App: PlantProcess.Web Core Source (HMI)","TypeScript Source",".ts","85","2245","2.19","CC4C2551D3C9A9B75B63EF7D0DA4A05271D82E9E662F5ED4CC2D135E513319DE","False","2026-07-04 18:23:44"
"Frontend\PlantProcess.Web\src\api\license\phase10License.api.ts","04_Frontend_App","Frontend App: PlantProcess.Web Core Source (HMI)","TypeScript Source",".ts","40","1256","1.23","7AF2E4F7790713C79C9387285B83128B14B024EF9E998F3F27BD4FAB09DADA56","False","2026-07-04 18:23:44"
"Frontend\PlantProcess.Web\src\api\ml\index.ts","04_Frontend_App","Frontend App: PlantProcess.Web Core Source (HMI)","TypeScript Source",".ts","1","34","0.03","FF320AD706B42939557F7CC8B3FA422A7926633BC545E440D5EB0A315FB59FEE","False","2026-07-04 18:23:44"
"Frontend\PlantProcess.Web\src\api\ml\mlReadiness.api.ts","04_Frontend_App","Frontend App: PlantProcess.Web Core Source (HMI)","TypeScript Source",".ts","120","3086","3.01","D04C09C11269D17CE9EECEC280F04F82AB62CE22375242CCC12671C538B6A62B","False","2026-07-04 18:23:44"
"Frontend\PlantProcess.Web\src\api\p3T14ValueExecutive.ts","04_Frontend_App","Frontend App: PlantProcess.Web Core Source (HMI)","TypeScript Source",".ts","299","11243","10.98","C11E103D518FCA57093726F238E944890D94EBF232637AC6663A9FE9D537251A","False","2026-07-04 18:23:44"
"Frontend\PlantProcess.Web\src\api\p3T15WidgetSchemaContract.ts","04_Frontend_App","Frontend App: PlantProcess.Web Core Source (HMI)","TypeScript Source",".ts","343","10705","10.45","B45375DB6C66D355C40C762988232C84B38B680FAD0953B3BFB07C8F135DF61C","False","2026-07-04 18:23:44"
"Frontend\PlantProcess.Web\src\api\pageBuilder\index.ts","04_Frontend_App","Frontend App: PlantProcess.Web Core Source (HMI)","TypeScript Source",".ts","1","36","0.04","61F10A7D082AD12383268D25AD2EA908CCB708A90F4DEBC441759A5C2AC8686D","False","2026-07-04 18:23:44"
"Frontend\PlantProcess.Web\src\api\pageBuilder\pageBuilder.api.ts","04_Frontend_App","Frontend App: PlantProcess.Web Core Source (HMI)","TypeScript Source",".ts","57","2705","2.64","1022EA12283598873A040E207D2EFA8B8135DEB174F0F94B595239C4D0D8D540","False","2026-08-08 22:11:17"
"Frontend\PlantProcess.Web\src\api\productApiClient.ts","04_Frontend_App","Frontend App: PlantProcess.Web Core Source (HMI)","TypeScript Source",".ts","146","4297","4.2","974900F51859CC858A03970B26AC6429408D4A61EC3F27E173D1447F4896CCC5","False","2026-07-04 18:23:44"
"Frontend\PlantProcess.Web\src\api\productApiHardening.implementation.ts","04_Frontend_App","Frontend App: PlantProcess.Web Core Source (HMI)","TypeScript Source",".ts","391","8823","8.62","960287C5889C30BEE2844D7007DFCEA561EF1826140C47BF40A8EECD34F67FBC","False","2026-07-04 18:23:44"
"Frontend\PlantProcess.Web\src\api\productApiHardening.ts","04_Frontend_App","Frontend App: PlantProcess.Web Core Source (HMI)","TypeScript Source",".ts","1","55","0.05","4BE892154F063F3AABE9B6BEDEDAB54262AFA8876FB10F95B76F53A38372E5C0","False","2026-07-04 18:23:44"
"Frontend\PlantProcess.Web\src\api\product-core\admin-mapping-types.ts","04_Frontend_App","Frontend App: PlantProcess.Web Core Source (HMI)","TypeScript Source",".ts","336","8864","8.66","92A7D6D9F425A72B2B06454BD1EC5F924BC18CBB7136D39EFA420B40AA3C4257","False","2026-07-04 18:23:44"
"Frontend\PlantProcess.Web\src\api\product-core\analytics-quality-types.ts","04_Frontend_App","Frontend App: PlantProcess.Web Core Source (HMI)","TypeScript Source",".ts","51","1483","1.45","E04CC549CA79C939684FC24D1092B12FE356E84D770AAC15CE47B5C2678D5451","False","2026-07-04 18:23:44"
"Frontend\PlantProcess.Web\src\api\product-core\dashboard-widget-types.ts","04_Frontend_App","Frontend App: PlantProcess.Web Core Source (HMI)","TypeScript Source",".ts","384","11899","11.62","C13D728773D7424686AB029CD94EC91B27DE5D6CC32BAD07C51D22F1518017BC","False","2026-08-13 12:49:40"
"Frontend\PlantProcess.Web\src\api\product-core\license-commercial-types.ts","04_Frontend_App","Frontend App: PlantProcess.Web Core Source (HMI)","TypeScript Source",".ts","11","385","0.38","AC618239E94E771D31C093454942D58FA1F0947F48462B43A9BB3040B7EF3B1A","False","2026-07-04 18:23:44"
"Frontend\PlantProcess.Web\src\api\product-core\material-process-types.ts","04_Frontend_App","Frontend App: PlantProcess.Web Core Source (HMI)","TypeScript Source",".ts","39","1136","1.11","624246A620268B78AB76C298F00C03CF84FF48B8483832E1C2B0A2BA25D839D4","False","2026-07-04 18:23:44"
"Frontend\PlantProcess.Web\src\api\product-core\product-core-types.manifest.json","04_Frontend_App","Frontend App: PlantProcess.Web Core Source (HMI)","JSON Configuration",".json","344","9458","9.24","D9E84DB231C13CDBCBC61902982BFBD347E9341460D6EAD730EE1F25BD65FB41","False","2026-06-06 11:36:27"
"Frontend\PlantProcess.Web\src\api\product-core\shared-types.ts","04_Frontend_App","Frontend App: PlantProcess.Web Core Source (HMI)","TypeScript Source",".ts","301","8381","8.18","52D7750A054EF7614699E9AA0EB8C848103E25FCC3CA24B3FD46FFA3EFCD3EB2","False","2026-07-08 17:05:38"
"Frontend\PlantProcess.Web\src\api\product-core\types.ts","04_Frontend_App","Frontend App: PlantProcess.Web Core Source (HMI)","TypeScript Source",".ts","89","2437","2.38","20EDFADD7C893432BC3FFB4D22B7C6E9D518D63CC7922EDBA124D8026F9BEB82","False","2026-07-04 18:23:44"
"Frontend\PlantProcess.Web\src\api\product-core\widget-role-binding.ts","04_Frontend_App","Frontend App: PlantProcess.Web Core Source (HMI)","TypeScript Source",".ts","119","4427","4.32","AE65BF791C0A734B720B1F29EED9BA59E2435F44914A1F456C9A43773643AD6F","False","2026-07-29 09:48:00"
"Frontend\PlantProcess.Web\src\api\productCoreApiClient.implementation.ts","04_Frontend_App","Frontend App: PlantProcess.Web Core Source (HMI)","TypeScript Source",".ts","7","263","0.26","3D6E1981580157106F85F3E6D9A0DB5D3F55FB74B4FB1795913E379EE2F5CA36","False","2026-07-04 18:23:44"
"Frontend\PlantProcess.Web\src\api\productCoreApiClient.runtime.ts","04_Frontend_App","Frontend App: PlantProcess.Web Core Source (HMI)","TypeScript Source",".ts","642","21320","20.82","7E4D78CF610A8C9C54BE348655F9804FDCF0519CAD1E43504A1F1E449BC0CF39","False","2026-07-23 10:25:38"
"Frontend\PlantProcess.Web\src\api\productCoreApiClient.ts","04_Frontend_App","Frontend App: PlantProcess.Web Core Source (HMI)","TypeScript Source",".ts","1","56","0.05","06E83F009E16D2C0602E30256BF9B6AE10F1051420B7418BDC4F1F649B312810","False","2026-07-04 18:23:44"
"Frontend\PlantProcess.Web\src\api\schemaMapping\schemaMapping.api.ts","04_Frontend_App","Frontend App: PlantProcess.Web Core Source (HMI)","TypeScript Source",".ts","158","4497","4.39","80AFFCD5104951743C88FF5C71EE5E8495AC75CDD432B489F6F4E96E1C84BC92","False","2026-07-04 18:23:44"
"Frontend\PlantProcess.Web\src\api\value\index.ts","04_Frontend_App","Frontend App: PlantProcess.Web Core Source (HMI)","TypeScript Source",".ts","2","32","0.03","5D93918F9E2210F748E5BACE0B1CA6C30F6D98A9435005C84CECB43AB612E511","False","2026-07-04 18:23:44"
"Frontend\PlantProcess.Web\src\api\value\value.api.ts","04_Frontend_App","Frontend App: PlantProcess.Web Core Source (HMI)","TypeScript Source",".ts","76","2130","2.08","B4D178F25B2AFBC9240C17FC0A4919ED5CA0EC887D23FA169CF7D6DD6EFC6B2D","False","2026-07-04 18:23:44"
"Frontend\PlantProcess.Web\src\api\widgetScript\index.ts","04_Frontend_App","Frontend App: PlantProcess.Web Core Source (HMI)","TypeScript Source",".ts","1","35","0.03","0579278AB66FCDB44A68942F12ED1456140E9E9FD3D78976CBF3F8B4F795F51B","False","2026-07-04 18:23:44"
"Frontend\PlantProcess.Web\src\api\widgetScript\widgetScript.api.ts","04_Frontend_App","Frontend App: PlantProcess.Web Core Source (HMI)","TypeScript Source",".ts","59","1993","1.95","DC9E14D0E16775E031DE932D8F8B2F99E534A30E80FC6C4DC92CB8DA4E0E63E9","False","2026-07-04 18:23:44"
"Frontend\PlantProcess.Web\src\api\workflow-foundation\workflowFoundation.api.ts","04_Frontend_App","Frontend App: PlantProcess.Web Core Source (HMI)","TypeScript Source",".ts","370","10479","10.23","6FA150D9D68A25DFE17E90B2BE8CC42FFA6A89EDD279CE9AEA50C0F88BCD5BE6","False","2026-07-04 18:23:44"
"Frontend\PlantProcess.Web\src\App.tsx","04_Frontend_App","Frontend App: PlantProcess.Web Core Source (HMI)","TypeScript Source",".tsx","895","30194","29.49","0F1A4AE16DA1CF0A268DE7D1FB7C46B30A5FB49DB87A3AC468C22B0F45936231","False","2026-08-08 15:43:51"
"Frontend\PlantProcess.Web\src\authoring\authoringCentreRegion.test.tsx","04_Frontend_App","Frontend App: PlantProcess.Web Core Source (HMI)","TypeScript Source",".tsx","83","4416","4.31","EB10B6D3BEA1EE0FD2D70D6A2B4AB804F59F4C41277FEC88190DE51789B04CEC","False","2026-08-07 00:30:25"
"Frontend\PlantProcess.Web\src\authoring\authoringFocus.test.tsx","04_Frontend_App","Frontend App: PlantProcess.Web Core Source (HMI)","TypeScript Source",".tsx","73","3681","3.59","67955537F35AB37EC9195CC1C89E9FD3F7E4C09C760707EEC9ACA421BFA42475","False","2026-08-08 16:04:05"
"Frontend\PlantProcess.Web\src\authoring\authoringKeyboard.test.tsx","04_Frontend_App","Frontend App: PlantProcess.Web Core Source (HMI)","TypeScript Source",".tsx","165","8114","7.92","D7D0BE2B44BE56E229046850CFEED21A0D5E02A9BC6139240A1D4D6C390BF43C","False","2026-08-08 15:10:06"
"Frontend\PlantProcess.Web\src\authoring\authoringPurposes.ts","04_Frontend_App","Frontend App: PlantProcess.Web Core Source (HMI)","TypeScript Source",".ts","104","4204","4.11","446D157809A1B80276E1E1607041D34F0588BB8E520E95F8028EFFF1D2208FA6","False","2026-08-06 09:53:30"
"Frontend\PlantProcess.Web\src\authoring\authoringSchemaTree.test.tsx","04_Frontend_App","Frontend App: PlantProcess.Web Core Source (HMI)","TypeScript Source",".tsx","154","6870","6.71","A0C9696B278A6A1EB941233C400E9D07D5E6A6C119669649FC2F031B37CFFA41","False","2026-08-05 14:37:34"
"Frontend\PlantProcess.Web\src\authoring\AuthoringSchemaTree.tsx","04_Frontend_App","Frontend App: PlantProcess.Web Core Source (HMI)","TypeScript Source",".tsx","203","9525","9.3","0D5AB099043A1B201B68854F5D59CD3E8B5E2C65011A72ACDBEDACA6DF1B1FA7","False","2026-08-05 14:37:34"
"Frontend\PlantProcess.Web\src\authoring\authoring-shell.css","04_Frontend_App","Frontend App: PlantProcess.Web Core Source (HMI)","Stylesheet",".css","115","6644","6.49","5C80CD6C000BA6325543B0B929074358021E5E1C846FEA7A851EB3F7EA2BEF8A","False","2026-08-07 00:30:25"
"Frontend\PlantProcess.Web\src\authoring\AuthoringStateBanner.tsx","04_Frontend_App","Frontend App: PlantProcess.Web Core Source (HMI)","TypeScript Source",".tsx","43","1598","1.56","19C78D350E5F407989EB7EE9FDD7B351DEC731ADA2F9FEF0E27953C3D411F304","False","2026-08-06 23:19:10"
"Frontend\PlantProcess.Web\src\authoring\authoring-states.css","04_Frontend_App","Frontend App: PlantProcess.Web Core Source (HMI)","Stylesheet",".css","52","1265","1.24","9160433F7A058EF77C6A0AE1F3F1B85D372B4CE9B616EFF5A758B6061921FE86","False","2026-08-06 23:19:10"
"Frontend\PlantProcess.Web\src\authoring\authoringStates.test.tsx","04_Frontend_App","Frontend App: PlantProcess.Web Core Source (HMI)","TypeScript Source",".tsx","208","9620","9.39","6362054C236D033D338F1DA1F285C321B3BEA67D1255CA01511A5E5313C295DA","False","2026-08-07 00:53:26"
"Frontend\PlantProcess.Web\src\authoring\authoringStates.ts","04_Frontend_App","Frontend App: PlantProcess.Web Core Source (HMI)","TypeScript Source",".ts","219","8257","8.06","9892EC68D765CCCB6949CA9E4F6ACAB042B8D88587B133B27C1E46F689F9D170","False","2026-08-07 00:53:26"
"Frontend\PlantProcess.Web\src\authoring\AuthoringToolbox.tsx","04_Frontend_App","Frontend App: PlantProcess.Web Core Source (HMI)","TypeScript Source",".tsx","94","4091","4","192B06E898F84A9F84779BEA46F8BF795A525AAB89EAE0C50C2E14630CC21E0F","False","2026-08-05 11:04:19"
"Frontend\PlantProcess.Web\src\authoring\blockNodes.test.tsx","04_Frontend_App","Frontend App: PlantProcess.Web Core Source (HMI)","TypeScript Source",".tsx","136","7886","7.7","B9751524625FE68687B8CACBBAB0AABDDB1D379608C381F4FD6B5F7C413B8E27","False","2026-08-05 11:20:37"
"Frontend\PlantProcess.Web\src\authoring\BlockNodes.tsx","04_Frontend_App","Frontend App: PlantProcess.Web Core Source (HMI)","TypeScript Source",".tsx","252","10379","10.14","E4B8438B2592BBBD99E7133A7468E5C5D416AE3BB37456CA8FE1D6CE87808AA2","False","2026-08-05 11:20:37"
"Frontend\PlantProcess.Web\src\authoring\blockRegistry.ts","04_Frontend_App","Frontend App: PlantProcess.Web Core Source (HMI)","TypeScript Source",".ts","106","7961","7.77","6CD60C77509C501E7F015712F8274E2F7F6524A1AE66F38714551E6F877A9D86","False","2026-08-05 11:04:19"
"Frontend\PlantProcess.Web\src\authoring\describeThrownAction.test.ts","04_Frontend_App","Frontend App: PlantProcess.Web Core Source (HMI)","TypeScript Source",".ts","95","3883","3.79","5CE68CEB38C5E5D2EE0F15E7D2F305505FB7B324373C0E1169EFE8B7E4677A03","False","2026-08-12 14:45:51"
"Frontend\PlantProcess.Web\src\authoring\graphSemantics.test.ts","04_Frontend_App","Frontend App: PlantProcess.Web Core Source (HMI)","TypeScript Source",".ts","380","18844","18.4","8161946D4761C5226678FF99DD295F69514A8D119F1F76D4C844EDA4F740DB05","False","2026-08-05 11:28:03"
"Frontend\PlantProcess.Web\src\authoring\graphSemantics.ts","04_Frontend_App","Frontend App: PlantProcess.Web Core Source (HMI)","TypeScript Source",".ts","778","30043","29.34","DF2C27CAE4956DEF71E4EE1143DB8ED5C1DCE7173A0A3EA2A0CBD7C0F3482423","False","2026-08-05 11:28:03"
"Frontend\PlantProcess.Web\src\authoring\operatorContract.test.ts","04_Frontend_App","Frontend App: PlantProcess.Web Core Source (HMI)","TypeScript Source",".ts","74","3340","3.26","038A8F3BD7E55E1911B53518DD612E32F565F2B6A84A65D84BC946403D519C47","False","2026-08-05 09:48:23"
"Frontend\PlantProcess.Web\src\authoring\operatorContract.ts","04_Frontend_App","Frontend App: PlantProcess.Web Core Source (HMI)","TypeScript Source",".ts","72","3267","3.19","072D6818817198B4F3FC1A0E574DF470C925B4592C3AB9D0A27E356FA0C9202F","False","2026-08-05 09:48:23"
"Frontend\PlantProcess.Web\src\authoring\previewReport.test.ts","04_Frontend_App","Frontend App: PlantProcess.Web Core Source (HMI)","TypeScript Source",".ts","114","4776","4.66","9828BECDADFF2985B49E4EA37502C9583E2E3511C23D88271625871B0F392117","False","2026-08-05 15:06:39"
"Frontend\PlantProcess.Web\src\authoring\previewReport.ts","04_Frontend_App","Frontend App: PlantProcess.Web Core Source (HMI)","TypeScript Source",".ts","201","8774","8.57","62CACC5F7840C0A62EDE061E31D0F93AE560E4B47203B4BA6A56F63264FAF9FA","False","2026-08-12 14:45:51"
"Frontend\PlantProcess.Web\src\authoring\role-binding.css","04_Frontend_App","Frontend App: PlantProcess.Web Core Source (HMI)","Stylesheet",".css","51","1296","1.27","DDD08535CC2E40CAE9CC38D22B23016769134B2F67152235DD17109B2A8BA74F","False","2026-08-06 22:53:42"
"Frontend\PlantProcess.Web\src\authoring\roleBinding.test.tsx","04_Frontend_App","Frontend App: PlantProcess.Web Core Source (HMI)","TypeScript Source",".tsx","129","6366","6.22","43C55F8EF175A5FBA846C93B5D0BEC119B6F3E0A6B8DCB6DD8D6B000CFD6428D","False","2026-08-06 10:55:47"
"Frontend\PlantProcess.Web\src\authoring\roleBindingCompat.test.ts","04_Frontend_App","Frontend App: PlantProcess.Web Core Source (HMI)","TypeScript Source",".ts","108","4787","4.67","726F11E906A9FE7CA6C3672A7952BB2F91CE9CB8D728976E5C1A8A85610D34B1","False","2026-08-06 10:23:57"
"Frontend\PlantProcess.Web\src\authoring\roleBindingCompat.ts","04_Frontend_App","Frontend App: PlantProcess.Web Core Source (HMI)","TypeScript Source",".ts","102","4827","4.71","49A164C71E01700C194EE7FD962F5244220DB896C3AEC00A9E32EF0D2C59C168","False","2026-08-06 10:23:57"
"Frontend\PlantProcess.Web\src\authoring\RoleBindingFields.tsx","04_Frontend_App","Frontend App: PlantProcess.Web Core Source (HMI)","TypeScript Source",".tsx","89","3658","3.57","F12446049166BF859FC3FC4B6AEEB57A7EE0A5B3EC3B8B2474B110ACE649766B","False","2026-08-06 10:55:47"
"Frontend\PlantProcess.Web\src\authoring\roleBindingPresentation.ts","04_Frontend_App","Frontend App: PlantProcess.Web Core Source (HMI)","TypeScript Source",".ts","57","2645","2.58","4599A4F6D59A2B866EA22275C256AFC76C126C067D139A2644DA1E2859C04B6F","False","2026-08-06 09:23:17"
"Frontend\PlantProcess.Web\src\authoring\s2-query-binding.css","04_Frontend_App","Frontend App: PlantProcess.Web Core Source (HMI)","Stylesheet",".css","56","1601","1.56","D2D28B914DF0362E28C2BB2CB47D4D1F0B44745BDFC8839CB38009289CA46AA2","False","2026-08-06 22:53:42"
"Frontend\PlantProcess.Web\src\authoring\s2QueryBinding.test.tsx","04_Frontend_App","Frontend App: PlantProcess.Web Core Source (HMI)","TypeScript Source",".tsx","319","15995","15.62","5BCD87619C96608785E5E6F12B80BA6ACED9BF8355E72950C3DCD46F43A94240","False","2026-08-07 00:53:26"
"Frontend\PlantProcess.Web\src\authoring\S2QueryBinding.tsx","04_Frontend_App","Frontend App: PlantProcess.Web Core Source (HMI)","TypeScript Source",".tsx","411","18397","17.97","A5518F826EF7DF63C30C564778BA67CCFCF408E24A3F9D302B4BD2715E66FC8F","False","2026-08-07 00:53:26"
"Frontend\PlantProcess.Web\src\authoring\s2QueryContract.test.ts","04_Frontend_App","Frontend App: PlantProcess.Web Core Source (HMI)","TypeScript Source",".ts","46","2002","1.96","E3965280A8481EFDAC477434BCE1E237D8712F4C54326AA5221264FC50D5CC82","False","2026-08-06 09:53:30"
"Frontend\PlantProcess.Web\src\authoring\s2ShellSave.test.tsx","04_Frontend_App","Frontend App: PlantProcess.Web Core Source (HMI)","TypeScript Source",".tsx","195","9979","9.75","8CD1FE5CA35AF1BEA0E02060AD63A94CA262B0166E38134F99DC3BECE3BABA63","False","2026-08-13 09:20:35"
"Frontend\PlantProcess.Web\src\authoring\schemaTreeModel.test.ts","04_Frontend_App","Frontend App: PlantProcess.Web Core Source (HMI)","TypeScript Source",".ts","173","7519","7.34","DE0D3348220F60736C01E1988588BBC9CBA7F0CD328EECB756BBDADEBEE8E1BE","False","2026-08-05 14:05:57"
"Frontend\PlantProcess.Web\src\authoring\schemaTreeModel.ts","04_Frontend_App","Frontend App: PlantProcess.Web Core Source (HMI)","TypeScript Source",".ts","233","8965","8.75","6CB56B028C835A7F51BB67A12F27F6CB1E3B4351A35F19130548F1F64D40FBA3","False","2026-08-05 14:05:57"
"Frontend\PlantProcess.Web\src\authoring\sharedAuthoringShell.test.tsx","04_Frontend_App","Frontend App: PlantProcess.Web Core Source (HMI)","TypeScript Source",".tsx","267","13733","13.41","5692513D89215A77C07233EB6138F700147C5F6467F776C07EF27C46F45C8267","False","2026-08-06 10:55:47"
"Frontend\PlantProcess.Web\src\authoring\SharedAuthoringShell.tsx","04_Frontend_App","Frontend App: PlantProcess.Web Core Source (HMI)","TypeScript Source",".tsx","1153","56197","54.88","B929B591E52825FCC2C9816D0F4513A1F7CEF065A026E9A83E4DE8FD37B3DC27","False","2026-08-12 15:35:49"
"Frontend\PlantProcess.Web\src\authoring\sqlHighlight.test.tsx","04_Frontend_App","Frontend App: PlantProcess.Web Core Source (HMI)","TypeScript Source",".tsx","89","3679","3.59","F196D50906FD8897D2A522DF195F2F6F6F3A2EF162B0117A88D9C779A9468BA4","False","2026-08-05 18:49:17"
"Frontend\PlantProcess.Web\src\authoring\sqlHighlight.ts","04_Frontend_App","Frontend App: PlantProcess.Web Core Source (HMI)","TypeScript Source",".ts","99","4149","4.05","019059BE7A9F07745397A70B8E98B265FCA610B5C82A07AAEBA0F1C2E33A6110","False","2026-08-05 18:49:17"
"Frontend\PlantProcess.Web\src\authoring\SqlHighlighted.tsx","04_Frontend_App","Frontend App: PlantProcess.Web Core Source (HMI)","TypeScript Source",".tsx","32","1048","1.02","E296BD92E31E7397EFC0A0C63746C3D0067AA26899F302D3B0334A1F11AD83DC","False","2026-08-05 18:49:17"
"Frontend\PlantProcess.Web\src\authoring\sqlModeModel.test.ts","04_Frontend_App","Frontend App: PlantProcess.Web Core Source (HMI)","TypeScript Source",".ts","145","5958","5.82","FD6B773B43579EF6C1E4129FFC4CA0B73E4EC5077846261316E764FC8A4486F0","False","2026-08-05 18:29:00"
"Frontend\PlantProcess.Web\src\authoring\sqlModeModel.ts","04_Frontend_App","Frontend App: PlantProcess.Web Core Source (HMI)","TypeScript Source",".ts","187","7821","7.64","2209A593235C50D31F168280B05C949268D8150740899654B60E84DD940CF5FB","False","2026-08-05 18:29:00"
"Frontend\PlantProcess.Web\src\authoring\sqlModeShell.test.tsx","04_Frontend_App","Frontend App: PlantProcess.Web Core Source (HMI)","TypeScript Source",".tsx","73","3393","3.31","9F0DDD9B39A27EFE8E3CE0532BA36D61C97A07D09B6084746AFDA6761FEADDA9","False","2026-08-05 18:37:44"
"Frontend\PlantProcess.Web\src\authoring\widgetDefinitionModel.test.ts","04_Frontend_App","Frontend App: PlantProcess.Web Core Source (HMI)","TypeScript Source",".ts","232","10826","10.57","1BFA49246E14E425277D34BBCFF3DCC07585872B5FEE82BE52C0FFF6D4CB3BEE","False","2026-08-13 09:20:35"
"Frontend\PlantProcess.Web\src\authoring\widgetDefinitionModel.ts","04_Frontend_App","Frontend App: PlantProcess.Web Core Source (HMI)","TypeScript Source",".ts","300","11627","11.35","130425A1F34BE96863A47CF0D90D74CD9E64E0546F7AD16C4CB02F93554B9D7E","False","2026-08-12 15:35:49"
"Frontend\PlantProcess.Web\src\authoring\workspaceEntryPoints.test.tsx","04_Frontend_App","Frontend App: PlantProcess.Web Core Source (HMI)","TypeScript Source",".tsx","166","7588","7.41","075E2F7FBC5ECC7E44C679DFD48E8D9E9BF4516C44B62C7F417BA493F33EBDD4","False","2026-08-10 15:32:39"
"Frontend\PlantProcess.Web\src\brand\plantProcessBrand.ts","04_Frontend_App","Frontend App: PlantProcess.Web Core Source (HMI)","TypeScript Source",".ts","103","3218","3.14","95E0D0596C9B356BB76A137D0CB478BB548CD4EC9E6D99B3EF44D265657F2CFD","False","2026-07-04 18:23:44"
"Frontend\PlantProcess.Web\src\canvas\canvas.css","04_Frontend_App","Frontend App: PlantProcess.Web Core Source (HMI)","Stylesheet",".css","55","4853","4.74","FE373A02FF23432F633681EB37582E11349D9D1F46DFF062F32199FA7A0BAD23","False","2026-08-06 22:53:42"
"Frontend\PlantProcess.Web\src\canvas\CanvasShell.tsx","04_Frontend_App","Frontend App: PlantProcess.Web Core Source (HMI)","TypeScript Source",".tsx","45","1918","1.87","44F77CAEEEA15E017276FEF0162AFA173EAD7988A3250EEDCA89CB20823B630B","False","2026-08-05 14:37:34"
"Frontend\PlantProcess.Web\src\canvas\nodes\BlockNode.tsx","04_Frontend_App","Frontend App: PlantProcess.Web Core Source (HMI)","TypeScript Source",".tsx","44","1890","1.85","F1BE648B8EB8C0EAB4531CDA2DC0845D4CC04CCCC1799F211B0644721880AD18","False","2026-07-22 09:41:00"
"Frontend\PlantProcess.Web\src\canvas\nodes\DatasetNode.tsx","04_Frontend_App","Frontend App: PlantProcess.Web Core Source (HMI)","TypeScript Source",".tsx","65","3285","3.21","1A9DE3DFB65ED1DE9249A24DAC8D87DF26C4304E7BF5695844915A82CAA8F386","False","2026-08-05 14:37:34"
"Frontend\PlantProcess.Web\src\canvas\ports.ts","04_Frontend_App","Frontend App: PlantProcess.Web Core Source (HMI)","TypeScript Source",".ts","19","758","0.74","4B2968437E0E86A22E4BDE8E2A58050FD3781C4ED334CD8A3DFD54CD642C0B48","False","2026-07-22 00:30:27"
"Frontend\PlantProcess.Web\src\components\__tests__\ActiveFilterChips.test.tsx","04_Frontend_App","Frontend App: PlantProcess.Web Core Source (HMI)","TypeScript Source",".tsx","61","2002","1.96","EA712682EC23230E3A8D4908539AF8BCEBD34343D5EEBE57B6A78C3DE788A27D","False","2026-07-04 18:23:44"
"Frontend\PlantProcess.Web\src\components\__tests__\AsyncState.test.tsx","04_Frontend_App","Frontend App: PlantProcess.Web Core Source (HMI)","TypeScript Source",".tsx","24","862","0.84","2A2CD4BF09BC30AE993747FDC0870C3E7129CB0C1DEC154E063E3E354762F3A2","False","2026-07-04 18:23:44"
"Frontend\PlantProcess.Web\src\components\__tests__\LockedFeatureOverlay.test.tsx","04_Frontend_App","Frontend App: PlantProcess.Web Core Source (HMI)","TypeScript Source",".tsx","19","565","0.55","43B9AB7A1902206716A977EC4BE958D005349396031956699C3EDEC18DB1B53B","False","2026-07-05 14:16:18"
"Frontend\PlantProcess.Web\src\components\__tests__\LogPanel.test.tsx","04_Frontend_App","Frontend App: PlantProcess.Web Core Source (HMI)","TypeScript Source",".tsx","41","1787","1.75","EA121D952B7E8398FA992803EBA7E80B1A652844154EF79A3BE49CE14D72663A","False","2026-07-05 21:48:05"
"Frontend\PlantProcess.Web\src\components\__tests__\MetricCard.test.tsx","04_Frontend_App","Frontend App: PlantProcess.Web Core Source (HMI)","TypeScript Source",".tsx","45","1235","1.21","C08167E492A10ED40B817BD6BE21F8498EBC03D4E50B9A9CA204CC2E814A81AE","False","2026-07-04 18:23:44"
"Frontend\PlantProcess.Web\src\components\__tests__\SortableDataTable.virtualization.test.tsx","04_Frontend_App","Frontend App: PlantProcess.Web Core Source (HMI)","TypeScript Source",".tsx","59","1472","1.44","C5657BE9CD7D77E6A685460FA64E14108FE786EA6254B342007B82401CF3E5F8","False","2026-07-04 18:23:44"
"Frontend\PlantProcess.Web\src\components\__tests__\StatusBadge.test.tsx","04_Frontend_App","Frontend App: PlantProcess.Web Core Source (HMI)","TypeScript Source",".tsx","30","1014","0.99","6744A1FA026D41C117C23DD8E842BC5E87410D393FA793E3AD6F05C32A09DEED","False","2026-07-04 18:23:44"
"Frontend\PlantProcess.Web\src\components\__tests__\workspaceProjection.test.tsx","04_Frontend_App","Frontend App: PlantProcess.Web Core Source (HMI)","TypeScript Source",".tsx","150","6208","6.06","508705651A4442F0A44C098B9E3342467B90521E39B6682EE4F61397AA308F52","False","2026-08-09 09:04:50"
"Frontend\PlantProcess.Web\src\components\ActiveFilterChips.tsx","04_Frontend_App","Frontend App: PlantProcess.Web Core Source (HMI)","TypeScript Source",".tsx","72","2012","1.96","63CA487E65E537320F13C3478E8272E093C6A77FA9EF608B9CB4D7AFF24573C6","False","2026-07-15 12:33:45"
"Frontend\PlantProcess.Web\src\components\analysis\GateReadinessPanel.css","04_Frontend_App","Frontend App: PlantProcess.Web Core Source (HMI)","Stylesheet",".css","152","3653","3.57","D8B88BE04EDE4BC0E2EC25F420D34DE2D63C67B4A027820948B5B7DCA09E4D5D","False","2026-07-29 09:52:09"
"Frontend\PlantProcess.Web\src\components\analysis\GateReadinessPanel.tsx","04_Frontend_App","Frontend App: PlantProcess.Web Core Source (HMI)","TypeScript Source",".tsx","172","7029","6.86","E597236BE2D0FD4840A03AD083ADC16292ACAB2D99DA2703FC5E9992B6C0BEA0","False","2026-07-29 09:52:09"
"Frontend\PlantProcess.Web\src\components\analytics\__tests__\AdvancedResultPanel.test.tsx","04_Frontend_App","Frontend App: PlantProcess.Web Core Source (HMI)","TypeScript Source",".tsx","42","1750","1.71","AEDDFCC30C634401554E95349952EA01180879CF65959B2581686D4CD465DE85","False","2026-07-04 18:23:44"
"Frontend\PlantProcess.Web\src\components\analytics\AdvancedResultPanel.tsx","04_Frontend_App","Frontend App: PlantProcess.Web Core Source (HMI)","TypeScript Source",".tsx","107","4269","4.17","EECD7CE525E15957F98A31137B5455665FF30B914EC4FF6DCBFACFC23952BAAD","False","2026-07-04 18:23:44"
"Frontend\PlantProcess.Web\src\components\analytics\AdvancedResultsList.tsx","04_Frontend_App","Frontend App: PlantProcess.Web Core Source (HMI)","TypeScript Source",".tsx","26","1184","1.16","C57550D6FD197B99A229DAFA51A9B06A923FEA1DA0687C09A278502484017CA7","False","2026-07-04 18:23:44"
"Frontend\PlantProcess.Web\src\components\analytics\BidirectionalThread.tsx","04_Frontend_App","Frontend App: PlantProcess.Web Core Source (HMI)","TypeScript Source",".tsx","92","4142","4.04","DAE4989CD1BD979221EF032FF52809E99229AB645AD5D1C50DCF38E9F42D77FF","False","2026-07-04 18:23:44"
"Frontend\PlantProcess.Web\src\components\analytics\EvidencePanel.tsx","04_Frontend_App","Frontend App: PlantProcess.Web Core Source (HMI)","TypeScript Source",".tsx","71","3452","3.37","1C08969C1030A137F5009F67872EF1DD55FE1280BEDF758846DBB7872DE7DD9B","False","2026-07-04 18:23:44"
"Frontend\PlantProcess.Web\src\components\analytics\FindingEvidencePanel.tsx","04_Frontend_App","Frontend App: PlantProcess.Web Core Source (HMI)","TypeScript Source",".tsx","56","1696","1.66","7AA846DB471AE2EBE4A1E9D1D1B06F118930282C985A8BA7FDF9AD7D3721D27A","False","2026-07-04 18:23:44"
"Frontend\PlantProcess.Web\src\components\analytics\ReadModelWidgets.tsx","04_Frontend_App","Frontend App: PlantProcess.Web Core Source (HMI)","TypeScript Source",".tsx","150","9290","9.07","AAF52148AA10044994952E787C8EE281D48C81D17AAB63D9553E7BEEAB9012B3","False","2026-07-04 18:23:44"
"Frontend\PlantProcess.Web\src\components\AppLayout.css","04_Frontend_App","Frontend App: PlantProcess.Web Core Source (HMI)","Stylesheet",".css","528","11260","11","4DCCC671E50DE0287BA74F5DF585874FA7CA36A064A187ED6424B77EA5C8F218","False","2026-07-25 12:32:55"
"Frontend\PlantProcess.Web\src\components\AppLayout.tsx","04_Frontend_App","Frontend App: PlantProcess.Web Core Source (HMI)","TypeScript Source",".tsx","462","20386","19.91","B78BDBD23879ADF27C0C449ABD6882C55F23E063EB5739634851BD38DF31F9D1","False","2026-08-09 09:04:50"
"Frontend\PlantProcess.Web\src\components\assistant\__tests__\assistantContextEnvelope.test.ts","04_Frontend_App","Frontend App: PlantProcess.Web Core Source (HMI)","TypeScript Source",".ts","97","4140","4.04","EB248DCFD28270EC34937245E9EB39AA98ADC253E9785B5EB621609AC6AF9B53","False","2026-08-08 15:58:39"
"Frontend\PlantProcess.Web\src\components\assistant\__tests__\assistantEvidence.test.ts","04_Frontend_App","Frontend App: PlantProcess.Web Core Source (HMI)","TypeScript Source",".ts","144","5552","5.42","861D4A4CC5C4CB15B345D980520212C0F3D090549EC5CEA581A6BC05B0FBEB72","False","2026-08-08 21:57:44"
"Frontend\PlantProcess.Web\src\components\assistant\__tests__\assistantEvidenceSurface.test.tsx","04_Frontend_App","Frontend App: PlantProcess.Web Core Source (HMI)","TypeScript Source",".tsx","215","8439","8.24","D1736733A089387456837AB1B84EC51414A95CE744C67B427ED23BF1C94F8E56","False","2026-08-09 09:17:58"
"Frontend\PlantProcess.Web\src\components\assistant\__tests__\assistantPersistence.test.tsx","04_Frontend_App","Frontend App: PlantProcess.Web Core Source (HMI)","TypeScript Source",".tsx","124","4352","4.25","160D3B0B735DB4A26782895C33E27C3E7F04F2149780C8B5918191707834C232","False","2026-08-07 00:35:36"
"Frontend\PlantProcess.Web\src\components\assistant\AssistantChat.css","04_Frontend_App","Frontend App: PlantProcess.Web Core Source (HMI)","Stylesheet",".css","249","5988","5.85","FC476513D797605395DDEBAC27035CE10FB7EB1B0D7CD6060725938E9AD7CCF5","False","2026-08-09 09:49:30"
"Frontend\PlantProcess.Web\src\components\assistant\AssistantChat.tsx","04_Frontend_App","Frontend App: PlantProcess.Web Core Source (HMI)","TypeScript Source",".tsx","423","14409","14.07","DB27987D1FA07257A3247C3E01B6FC9823C75A7E8C6EFE2E6B0F240562DC6BD3","False","2026-08-09 09:49:30"
"Frontend\PlantProcess.Web\src\components\assistant\AssistantDock.css","04_Frontend_App","Frontend App: PlantProcess.Web Core Source (HMI)","Stylesheet",".css","58","1928","1.88","06597A51AA4E07383EBB69E6C9893CEDD532D3663298639E53F6CA622C9D25BF","False","2026-08-07 14:45:18"
"Frontend\PlantProcess.Web\src\components\assistant\AssistantDock.tsx","04_Frontend_App","Frontend App: PlantProcess.Web Core Source (HMI)","TypeScript Source",".tsx","90","3328","3.25","7C2B19B46AE6D7EA0FAA67936A6DFF96EB7DFFEFE71A7DFE5E32A0AAE5D4431A","False","2026-08-09 09:17:58"
"Frontend\PlantProcess.Web\src\components\assistant\AssistantDockContext.tsx","04_Frontend_App","Frontend App: PlantProcess.Web Core Source (HMI)","TypeScript Source",".tsx","141","5510","5.38","987EB1EC2C0A34B319A99550487F7C492E4789B54D146BCB9853B3AAF2B8F5F2","False","2026-08-08 15:33:12"
"Frontend\PlantProcess.Web\src\components\assistant\assistantEvidence.ts","04_Frontend_App","Frontend App: PlantProcess.Web Core Source (HMI)","TypeScript Source",".ts","139","5146","5.03","DC06E8DC43AA6C563FD94DF72B9FDD2722C37053532C0F4A751EB681FA845838","False","2026-08-08 21:57:44"
"Frontend\PlantProcess.Web\src\components\assistant\assistantPageContext.ts","04_Frontend_App","Frontend App: PlantProcess.Web Core Source (HMI)","TypeScript Source",".ts","107","4159","4.06","716EC38125791ECC29D5D415A4F3D97D2DFCCB2D50E9B22AF87942DF239466BC","False","2026-08-08 15:58:39"
"Frontend\PlantProcess.Web\src\components\AsyncState.tsx","04_Frontend_App","Frontend App: PlantProcess.Web Core Source (HMI)","TypeScript Source",".tsx","27","713","0.7","49F718B40E830E12A182B615EE8DF3D591E0CDC174979049ACE73F1DF4EC4992","False","2026-07-04 18:23:44"
"Frontend\PlantProcess.Web\src\components\brand\app-command-header.css","04_Frontend_App","Frontend App: PlantProcess.Web Core Source (HMI)","Stylesheet",".css","322","7322","7.15","89E229867B481CD34F43F2EAA67582362E071C1E0396A642017FB8E13C6170B7","False","2026-07-04 18:23:44"
"Frontend\PlantProcess.Web\src\components\brand\AppCommandHeader.tsx","04_Frontend_App","Frontend App: PlantProcess.Web Core Source (HMI)","TypeScript Source",".tsx","64","2330","2.28","2046835C0D99EA7463E1F23F0BA070ACF09FB66912755FAD9383D3E0E7E305F6","False","2026-07-15 16:01:11"
"Frontend\PlantProcess.Web\src\components\brand\app-dual-brand-header.css","04_Frontend_App","Frontend App: PlantProcess.Web Core Source (HMI)","Stylesheet",".css","98","2112","2.06","561F5CA9700EE7028FAE236417997673C4D49855F327F7B164068B7610AD2565","False","2026-07-04 18:23:44"
"Frontend\PlantProcess.Web\src\components\brand\AppDualBrandHeader.tsx","04_Frontend_App","Frontend App: PlantProcess.Web Core Source (HMI)","TypeScript Source",".tsx","30","901","0.88","1D88786EDC0A1F3BA29452D63A9A2367B485777CDB44E0008A6BC9A15AA5D163","False","2026-07-15 10:34:44"
"Frontend\PlantProcess.Web\src\components\brand\brand-proof-panel.css","04_Frontend_App","Frontend App: PlantProcess.Web Core Source (HMI)","Stylesheet",".css","124","2320","2.27","C7B6CFDAA3B63B9F28A601FC6AEAA5AB06451732AC1E1839D7D22F2F6C96CC71","False","2026-07-04 18:23:44"
"Frontend\PlantProcess.Web\src\components\brand\BrandProofPanel.tsx","04_Frontend_App","Frontend App: PlantProcess.Web Core Source (HMI)","TypeScript Source",".tsx","66","2286","2.23","5AD3FE180D755B1407D61AEB8495234F19429358588EAF95F915FFD56BE7CB19","False","2026-07-04 18:23:44"
"Frontend\PlantProcess.Web\src\components\brand\product-brand.css","04_Frontend_App","Frontend App: PlantProcess.Web Core Source (HMI)","Stylesheet",".css","154","2998","2.93","4C02DF0601CE57F86DAAC6E3A7411138E9C5932914C4BEDB19DAF91AD960CC0E","False","2026-07-04 18:23:44"
"Frontend\PlantProcess.Web\src\components\brand\ProductBrand.tsx","04_Frontend_App","Frontend App: PlantProcess.Web Core Source (HMI)","TypeScript Source",".tsx","47","1545","1.51","188C0583F82CFD83B8A05035B0E2C88D0624D4A6AAA8EB4E453D4EDFA2450E51","False","2026-07-04 18:23:44"
"Frontend\PlantProcess.Web\src\components\brand\sou-brand.css","04_Frontend_App","Frontend App: PlantProcess.Web Core Source (HMI)","Stylesheet",".css","165","3559","3.48","F6D5D079280348AE3504AE2EB0072CE96693D3B492204BCF9447753BF44BB35C","False","2026-07-04 18:23:44"
"Frontend\PlantProcess.Web\src\components\brand\SOUBrand.tsx","04_Frontend_App","Frontend App: PlantProcess.Web Core Source (HMI)","TypeScript Source",".tsx","40","1029","1","0B839238C9E647233E66A4C20135177AFC63494D1EC794BADEC71EA44187E28E","False","2026-07-04 18:23:44"
"Frontend\PlantProcess.Web\src\components\BrandProofSection.tsx","04_Frontend_App","Frontend App: PlantProcess.Web Core Source (HMI)","TypeScript Source",".tsx","60","1814","1.77","9190DC811282D2C81D93DB7F8E48493999BA1BC3290C4DF1701FACBD54D8611F","False","2026-07-04 18:23:44"
"Frontend\PlantProcess.Web\src\components\charts\__tests__\boxPlotChart.test.tsx","04_Frontend_App","Frontend App: PlantProcess.Web Core Source (HMI)","TypeScript Source",".tsx","52","2089","2.04","5BE258EA7854D038AA641A2209CAE5F0626176F28E717B27E935220EA8C107A2","False","2026-08-15 09:44:40"
"Frontend\PlantProcess.Web\src\components\charts\__tests__\heatmapChart.test.tsx","04_Frontend_App","Frontend App: PlantProcess.Web Core Source (HMI)","TypeScript Source",".tsx","104","4386","4.28","36FC82F1A4E533BD3844C1A0959745F42ADF973679EA24AC265AD7BECF0D19BB","False","2026-08-16 11:40:53"
"Frontend\PlantProcess.Web\src\components\charts\__tests__\histogramChart.test.tsx","04_Frontend_App","Frontend App: PlantProcess.Web Core Source (HMI)","TypeScript Source",".tsx","54","2323","2.27","5779B41F7A1E3D6C044984DE3ED96AF13FD8DB02FC8DA4255445CB7E9B2ECDCF","False","2026-08-15 09:33:45"
"Frontend\PlantProcess.Web\src\components\charts\__tests__\pairedSeriesChart.test.tsx","04_Frontend_App","Frontend App: PlantProcess.Web Core Source (HMI)","TypeScript Source",".tsx","64","2679","2.62","691BE50461832179D0FB66C9509BDA2E911A0550B46618329CB2993FA4E40DF3","False","2026-08-16 09:06:24"
"Frontend\PlantProcess.Web\src\components\charts\__tests__\scatterXYChart.test.tsx","04_Frontend_App","Frontend App: PlantProcess.Web Core Source (HMI)","TypeScript Source",".tsx","44","1921","1.88","2AA6F36DDE6E94733E49AFA1BFF53E301A96CABB86F69146FC1F543E1E5D992E","False","2026-08-15 10:09:58"
"Frontend\PlantProcess.Web\src\components\charts\__tests__\specificationTable.test.tsx","04_Frontend_App","Frontend App: PlantProcess.Web Core Source (HMI)","TypeScript Source",".tsx","97","3811","3.72","3FFEFED3A8B9449B09BB24359BD81CAF7B75B1ED75C9635FA76E3B9004F3386A","False","2026-08-16 11:40:53"
"Frontend\PlantProcess.Web\src\components\charts\__tests__\stackedSeriesChart.test.tsx","04_Frontend_App","Frontend App: PlantProcess.Web Core Source (HMI)","TypeScript Source",".tsx","57","2382","2.33","A1C237C574A46EC7024EC9C508BC51706A5380D387565E425F7720BC0FCD3218","False","2026-08-15 10:33:26"
"Frontend\PlantProcess.Web\src\components\charts\BoxPlotChart.tsx","04_Frontend_App","Frontend App: PlantProcess.Web Core Source (HMI)","TypeScript Source",".tsx","93","3771","3.68","041EFF71AFC93422FEFC4E576D0A999786C2653E547BF703DD7774DD27F802C7","False","2026-08-15 09:44:40"
"Frontend\PlantProcess.Web\src\components\charts\heatmapChart.css","04_Frontend_App","Frontend App: PlantProcess.Web Core Source (HMI)","Stylesheet",".css","59","1358","1.33","4F3492C2092D4298D9332FEDB6E460FBA91D4B00A7D5437C653D9228973811A2","False","2026-08-16 11:40:53"
"Frontend\PlantProcess.Web\src\components\charts\HeatmapChart.tsx","04_Frontend_App","Frontend App: PlantProcess.Web Core Source (HMI)","TypeScript Source",".tsx","148","5146","5.03","4C6E0C0DE06C19291C3851C7CB35501FD2A116A909D6EA0AD096D91173409947","False","2026-08-16 11:40:53"
"Frontend\PlantProcess.Web\src\components\charts\HistogramChart.tsx","04_Frontend_App","Frontend App: PlantProcess.Web Core Source (HMI)","TypeScript Source",".tsx","70","2826","2.76","FEEEAE9CC1437292D7C05FA006AE8E74789F402E0207A7FE4DA4DAB82740C8D7","False","2026-08-15 09:33:45"
"Frontend\PlantProcess.Web\src\components\charts\InteractiveCharts.tsx","04_Frontend_App","Frontend App: PlantProcess.Web Core Source (HMI)","TypeScript Source",".tsx","472","13664","13.34","44E0DE2473660CFF6929C522A65DECE2A1EA203BB84AFB6F188E5CA345CB0CB7","False","2026-07-25 10:20:06"
"Frontend\PlantProcess.Web\src\components\charts\PairedSeriesChart.tsx","04_Frontend_App","Frontend App: PlantProcess.Web Core Source (HMI)","TypeScript Source",".tsx","113","4394","4.29","2EDA1A91D36685F34C4A13AF868BC9BBC061A13B847DE3F6DBC477E2A08648B7","False","2026-08-16 09:06:24"
"Frontend\PlantProcess.Web\src\components\charts\ScatterXYChart.tsx","04_Frontend_App","Frontend App: PlantProcess.Web Core Source (HMI)","TypeScript Source",".tsx","72","2874","2.81","EB337C19F7B819BC4E35B403C02B7043385389914056E0D474F6395ACE11A3AE","False","2026-08-15 10:09:58"
"Frontend\PlantProcess.Web\src\components\charts\specificationTable.css","04_Frontend_App","Frontend App: PlantProcess.Web Core Source (HMI)","Stylesheet",".css","41","1170","1.14","7AE27DD6BE27337424EB642E10E7498C9EF31FE47CDD53D923304CB88077C703","False","2026-08-16 11:40:53"
"Frontend\PlantProcess.Web\src\components\charts\SpecificationTable.tsx","04_Frontend_App","Frontend App: PlantProcess.Web Core Source (HMI)","TypeScript Source",".tsx","131","4726","4.62","0FE2FC6795FA6B38A3D8A82444665369D04832C8526C2D149838F18156BD3128","False","2026-08-16 11:40:53"
"Frontend\PlantProcess.Web\src\components\charts\StackedSeriesChart.tsx","04_Frontend_App","Frontend App: PlantProcess.Web Core Source (HMI)","TypeScript Source",".tsx","89","3463","3.38","0E63A9382CFD800413A43132054CD7F5DBB436CCEE886FB00DCB023A7E5D1857","False","2026-08-15 10:33:26"
"Frontend\PlantProcess.Web\src\components\conflict\__tests__\ConflictDialog.contract.test.tsx","04_Frontend_App","Frontend App: PlantProcess.Web Core Source (HMI)","TypeScript Source",".tsx","35","1368","1.34","CD0AE70D21A99F52E4EB6B63D784C3A1347DD459A85922944B9F309AF63F904C","False","2026-07-04 18:23:44"
"Frontend\PlantProcess.Web\src\components\conflict\ConflictDialog.tsx","04_Frontend_App","Frontend App: PlantProcess.Web Core Source (HMI)","TypeScript Source",".tsx","66","2638","2.58","A299E23E20920D3047E4894D235ECEF5BA26D789BB123CC4AA9D68CF8C2FD457","False","2026-07-04 18:23:44"
"Frontend\PlantProcess.Web\src\components\dashboard\__tests__\chartCategoryLabels.test.tsx","04_Frontend_App","Frontend App: PlantProcess.Web Core Source (HMI)","TypeScript Source",".tsx","123","4361","4.26","B5AE9E90C850D580A76C6150CB7003C07EE42747BAFE82F0FFC9454C18D2023F","False","2026-08-11 09:41:44"
"Frontend\PlantProcess.Web\src\components\dashboard\__tests__\chartSwitcherConvergence.test.tsx","04_Frontend_App","Frontend App: PlantProcess.Web Core Source (HMI)","TypeScript Source",".tsx","186","6831","6.67","46794FED70B7778716D6165340E477B3D766C1DE9FEAF47E9D756D9E0F387CBF","False","2026-08-13 12:49:40"
"Frontend\PlantProcess.Web\src\components\dashboard\__tests__\workspaceSelectionsBar.test.tsx","04_Frontend_App","Frontend App: PlantProcess.Web Core Source (HMI)","TypeScript Source",".tsx","140","4644","4.54","A836CD8240100D20DB6EF34BD296CEDC624DA62F8FD697E0A9346ABE1BFEC7C6","False","2026-08-10 11:34:55"
"Frontend\PlantProcess.Web\src\components\dashboard\associative.css","04_Frontend_App","Frontend App: PlantProcess.Web Core Source (HMI)","Stylesheet",".css","218","5539","5.41","AF37DF41553E146119068DADD0A1C0B37DE76A3DB64C894484FFFABDCBF0AD54","False","2026-08-16 12:02:52"
"Frontend\PlantProcess.Web\src\components\dashboard\AssociativePanel.tsx","04_Frontend_App","Frontend App: PlantProcess.Web Core Source (HMI)","TypeScript Source",".tsx","67","2858","2.79","9B41D9617A2E1E9C4F31EC26C69BE8AD309AACE80A34B45D853C234F047B7A8A","False","2026-08-16 12:02:52"
"Frontend\PlantProcess.Web\src\components\dashboard\chartExtras.css","04_Frontend_App","Frontend App: PlantProcess.Web Core Source (HMI)","Stylesheet",".css","22","1803","1.76","035B4C9F6C4BEBEC12BC3BB5C1DDAA82CBA5671E0F10F1D1529218743FF197B1","False","2026-07-22 09:49:49"
"Frontend\PlantProcess.Web\src\components\dashboard\ChartExtras.tsx","04_Frontend_App","Frontend App: PlantProcess.Web Core Source (HMI)","TypeScript Source",".tsx","135","6472","6.32","8C9AF62D8E65FF349C8B22741FD85A4BAEA574BEA9F5B2405CDF17729B720208","False","2026-08-13 12:49:40"
"Frontend\PlantProcess.Web\src\components\dashboard\DashboardGridLayout.tsx","04_Frontend_App","Frontend App: PlantProcess.Web Core Source (HMI)","TypeScript Source",".tsx","112","3722","3.63","C236D2943EFB6CA410138C198DCD7C32C9F10272FAB716E2CD1A975B6EB3C6D0","False","2026-08-10 11:58:48"
"Frontend\PlantProcess.Web\src\components\dashboard\DashboardWidgetCard.tsx","04_Frontend_App","Frontend App: PlantProcess.Web Core Source (HMI)","TypeScript Source",".tsx","371","13143","12.83","A53B6261A07D4550C0854A1E645756964E53ED766DC5203DF8C2493B9967B0B0","False","2026-08-13 12:49:40"
"Frontend\PlantProcess.Web\src\components\dashboard\DragGhost.css","04_Frontend_App","Frontend App: PlantProcess.Web Core Source (HMI)","Stylesheet",".css","39","833","0.81","0993F79A9B2B2386B96F3E24D6C8AD4CB9BC5E10AD60424EF72F394DCBF692BD","False","2026-07-04 18:23:44"
"Frontend\PlantProcess.Web\src\components\dashboard\DragGhost.tsx","04_Frontend_App","Frontend App: PlantProcess.Web Core Source (HMI)","TypeScript Source",".tsx","33","741","0.72","CFE225317ED7C1811417895001AD36318EDDCB55E4A539C5372B4974CBF00934","False","2026-07-04 18:23:44"
"Frontend\PlantProcess.Web\src\components\dashboard\DrilldownDrawer.tsx","04_Frontend_App","Frontend App: PlantProcess.Web Core Source (HMI)","TypeScript Source",".tsx","64","1798","1.76","DB9FF8551D55038E205E4412449FD194165F16C6FD98F4950DF18359DB66572B","False","2026-07-04 18:23:44"
"Frontend\PlantProcess.Web\src\components\dashboard\EmptyInsightState.tsx","04_Frontend_App","Frontend App: PlantProcess.Web Core Source (HMI)","TypeScript Source",".tsx","17","437","0.43","496C7E39A8872BDAF33C3D9C3D1AA2DBC2E4629C12CBBF52BBA35D2C9A95D1CD","False","2026-07-04 18:23:44"
"Frontend\PlantProcess.Web\src\components\dashboard\LiveWidgetChart.tsx","04_Frontend_App","Frontend App: PlantProcess.Web Core Source (HMI)","TypeScript Source",".tsx","151","4793","4.68","94438B9562777B327099B3CFE80F73421543CB19A2AFC1C37AC526A7D72D8043","False","2026-07-17 15:01:53"
"Frontend\PlantProcess.Web\src\components\dashboard\SavedDashboardWidget.tsx","04_Frontend_App","Frontend App: PlantProcess.Web Core Source (HMI)","TypeScript Source",".tsx","457","19473","19.02","60D1E8578C96F0E74FE124761CD39D4EB1940F742854D1AA4C21D6208637C054","False","2026-08-16 11:40:53"
"Frontend\PlantProcess.Web\src\components\dashboard\SelectionBreadcrumb.tsx","04_Frontend_App","Frontend App: PlantProcess.Web Core Source (HMI)","TypeScript Source",".tsx","104","3822","3.73","CC07C9D9160F1B6E59B3D4F9827E21AC2BFCB1D16A7CD98E664153772A27443B","False","2026-08-10 11:58:48"
"Frontend\PlantProcess.Web\src\components\DashboardFilterBar.css","04_Frontend_App","Frontend App: PlantProcess.Web Core Source (HMI)","Stylesheet",".css","234","5835","5.7","83FD791D1DE31F9055F8BA982D66D2078C01BB765496D6E9AB762F21CC9049ED","False","2026-07-04 18:23:44"
"Frontend\PlantProcess.Web\src\components\DashboardFilterBar.tsx","04_Frontend_App","Frontend App: PlantProcess.Web Core Source (HMI)","TypeScript Source",".tsx","343","11808","11.53","6E9F21A10E146C61F0BB2E8F4C318C6A58CE46B9ED0380B2C7802F5C6BE0D11B","False","2026-07-25 12:25:06"
"Frontend\PlantProcess.Web\src\components\ErrorBoundary.css","04_Frontend_App","Frontend App: PlantProcess.Web Core Source (HMI)","Stylesheet",".css","91","1943","1.9","39A9B6E464DFF74EB27DF436533CE3612EBAF030C76CD28C7E4AEC0AAC5C56F2","False","2026-07-04 18:23:44"
"Frontend\PlantProcess.Web\src\components\exec\EntitlementGate.tsx","04_Frontend_App","Frontend App: PlantProcess.Web Core Source (HMI)","TypeScript Source",".tsx","55","1938","1.89","EFC33EFFBA21CBE0E103B40E0D2BFA20CA9314634C5F05A968C7AA75E66D06C2","False","2026-07-04 18:23:44"
"Frontend\PlantProcess.Web\src\components\exec\ValueRangePanel.tsx","04_Frontend_App","Frontend App: PlantProcess.Web Core Source (HMI)","TypeScript Source",".tsx","84","4342","4.24","49CD0B9985CB539B6BF0873B9AF6C1E841BA89283E63DB8A7A69485E36FC7C47","False","2026-07-04 18:23:44"
"Frontend\PlantProcess.Web\src\components\forms\InlineFieldError.css","04_Frontend_App","Frontend App: PlantProcess.Web Core Source (HMI)","Stylesheet",".css","18","375","0.37","9FBF2776DAADCDD2D44F521D22AC1312404EB172734A4A6A44F0FCE700FCBDC2","False","2026-07-04 18:23:44"
"Frontend\PlantProcess.Web\src\components\forms\InlineFieldError.tsx","04_Frontend_App","Frontend App: PlantProcess.Web Core Source (HMI)","TypeScript Source",".tsx","14","289","0.28","A33D04DD40450A9A500E9DC3DB3AB5BDE63806E21C9C4E6BC16126BBEBCB16AC","False","2026-07-04 18:23:44"
"Frontend\PlantProcess.Web\src\components\inspection\index.ts","04_Frontend_App","Frontend App: PlantProcess.Web Core Source (HMI)","TypeScript Source",".ts","1","11","0.01","8E609BB71C20B858C77F0E9F90BB1319DB8477B13F9F965F1A1E18524BF50881","False","2026-07-05 14:16:18"
"Frontend\PlantProcess.Web\src\components\inspection\SaveInspectionJobModal.tsx","04_Frontend_App","Frontend App: PlantProcess.Web Core Source (HMI)","TypeScript Source",".tsx","98","3506","3.42","97FAA3D7E534AEDFF85ED7DBDA79DD98419605832F1B4B9A5D4FE39ED1F5BDAD","False","2026-07-04 18:23:44"
"Frontend\PlantProcess.Web\src\components\journey\__tests__\JourneyRail.certification.test.tsx","04_Frontend_App","Frontend App: PlantProcess.Web Core Source (HMI)","TypeScript Source",".tsx","36","1415","1.38","048A6D5DD20423EBA15185AD553D9F85B8FA247B1501EC0733DF47DFE1CC2DD3","False","2026-07-15 21:15:24"
"Frontend\PlantProcess.Web\src\components\journey\JourneyRail.css","04_Frontend_App","Frontend App: PlantProcess.Web Core Source (HMI)","Stylesheet",".css","233","5865","5.73","F6DCBC3688D6B3652FCCAC772DBF03B070BACC8831514B4A58B07B255CFD1DA8","False","2026-07-15 21:15:24"
"Frontend\PlantProcess.Web\src\components\journey\JourneyRail.tsx","04_Frontend_App","Frontend App: PlantProcess.Web Core Source (HMI)","TypeScript Source",".tsx","129","7390","7.22","02EAF57C7561BC4412A48E4E0DF604AE656AC2FB1427E0C3A82B39C999B8A325","False","2026-08-03 10:54:03"
"Frontend\PlantProcess.Web\src\components\layout\index.ts","04_Frontend_App","Frontend App: PlantProcess.Web Core Source (HMI)","TypeScript Source",".ts","1","27","0.03","216C5796695B14DE28F8829227523382E9E2FC6523B91C2D6B385F20E404F453","False","2026-07-04 18:23:44"
"Frontend\PlantProcess.Web\src\components\layout\page-grid.css","04_Frontend_App","Frontend App: PlantProcess.Web Core Source (HMI)","Stylesheet",".css","116","2296","2.24","9184C94A50EEC9F4F4FB00EE234EF1C8102D128322A4E16B0305C27183384462","False","2026-07-04 18:23:44"
"Frontend\PlantProcess.Web\src\components\layout\PageGrid.tsx","04_Frontend_App","Frontend App: PlantProcess.Web Core Source (HMI)","TypeScript Source",".tsx","55","1176","1.15","917292A392B97B0E956129DB383FE1A38C39F7928EF0DAA3A09BF1EFC8007E4F","False","2026-07-04 18:23:44"
"Frontend\PlantProcess.Web\src\components\license\ConnectorTruthPanel.tsx","04_Frontend_App","Frontend App: PlantProcess.Web Core Source (HMI)","TypeScript Source",".tsx","127","3899","3.81","0A404F8B893D04A9A0E8A2E4AE604495E75C2560CAF5B548C9F71B4F3A6ACE70","False","2026-07-15 12:33:46"
"Frontend\PlantProcess.Web\src\components\license\dimension-completion-panel.css","04_Frontend_App","Frontend App: PlantProcess.Web Core Source (HMI)","Stylesheet",".css","186","3573","3.49","D5AA4EBE25189FBE0CA714EC44B1F284FEB54DEBCDC6421841C0ECB907B85913","False","2026-07-05 14:16:18"
"Frontend\PlantProcess.Web\src\components\license\DimensionCompletionPanel.tsx","04_Frontend_App","Frontend App: PlantProcess.Web Core Source (HMI)","TypeScript Source",".tsx","114","3782","3.69","2666306F3E98794D69ED8D1FDC38FCDBACC983BFB2CD024C40AF707493FAE33A","False","2026-07-05 14:16:18"
"Frontend\PlantProcess.Web\src\components\license\FeatureGateHint.tsx","04_Frontend_App","Frontend App: PlantProcess.Web Core Source (HMI)","TypeScript Source",".tsx","33","850","0.83","A5B8D5E5BB8703F1CCE69A8AF1512B423E4D2A2B43EDFAC4E77B235511939581","False","2026-07-04 18:23:44"
"Frontend\PlantProcess.Web\src\components\license\LicenseBadge.tsx","04_Frontend_App","Frontend App: PlantProcess.Web Core Source (HMI)","TypeScript Source",".tsx","30","737","0.72","062EADAC046FCA929CC731F4FDAB13E94E65479228A81B12C0E39960BC8E50A7","False","2026-07-04 18:23:44"
"Frontend\PlantProcess.Web\src\components\license\license-components.css","04_Frontend_App","Frontend App: PlantProcess.Web Core Source (HMI)","Stylesheet",".css","249","4938","4.82","944409DD554FB40DB0946D469D4C8454349154AD6E0F62AA6328CA4BB084F3FF","False","2026-07-04 18:23:44"
"Frontend\PlantProcess.Web\src\components\license\LicenseGate.tsx","04_Frontend_App","Frontend App: PlantProcess.Web Core Source (HMI)","TypeScript Source",".tsx","88","2266","2.21","D4D46F8ED175BFA3448D15A59F2FD6CBD98F657EEAEC137B6EB138616525B327","False","2026-07-04 18:23:44"
"Frontend\PlantProcess.Web\src\components\license\LicenseUsagePanel.tsx","04_Frontend_App","Frontend App: PlantProcess.Web Core Source (HMI)","TypeScript Source",".tsx","163","4579","4.47","1DAE19C9FE552A4627ABA584A5ED0E8992070013CD1923805A44D9A08F8AABC7","False","2026-07-04 18:23:44"
"Frontend\PlantProcess.Web\src\components\license\LockedFeatureOverlay.tsx","04_Frontend_App","Frontend App: PlantProcess.Web Core Source (HMI)","TypeScript Source",".tsx","34","862","0.84","AD920037F502CE1BF334E963267039F47B3070A10D8512D1CF1DCC45439D0D32","False","2026-07-05 14:16:18"
"Frontend\PlantProcess.Web\src\components\logging\log-panel.css","04_Frontend_App","Frontend App: PlantProcess.Web Core Source (HMI)","Stylesheet",".css","27","2267","2.21","EB969E7E8BFB33112971311700D2C097EFB07EB7E70A1619FF92826128B85E69","False","2026-07-09 15:19:52"
"Frontend\PlantProcess.Web\src\components\logging\LogPanel.tsx","04_Frontend_App","Frontend App: PlantProcess.Web Core Source (HMI)","TypeScript Source",".tsx","208","7656","7.48","F3DF3B7072F82CC926321512318D0AC25DBF19383DB09718DA8A3580D95636BA","False","2026-07-09 15:19:52"
"Frontend\PlantProcess.Web\src\components\materials\GenealogyThreadPanel.tsx","04_Frontend_App","Frontend App: PlantProcess.Web Core Source (HMI)","TypeScript Source",".tsx","232","9675","9.45","BF610CCE4B033C194FA293D69C964961C4D368FD5B2F1EB1B9551F7521AF0577","False","2026-07-15 12:33:46"
"Frontend\PlantProcess.Web\src\components\MetricCard.tsx","04_Frontend_App","Frontend App: PlantProcess.Web Core Source (HMI)","TypeScript Source",".tsx","21","525","0.51","4BDAF216471C75A6064D56E8128E341D44C3CCECE7AEC203E27F51D4F2A05538","False","2026-07-04 18:23:44"
"Frontend\PlantProcess.Web\src\components\ops\JobsMonitorTable.tsx","04_Frontend_App","Frontend App: PlantProcess.Web Core Source (HMI)","TypeScript Source",".tsx","80","3226","3.15","8E8D563E6F87FC558897860359ADCB9BB16946D3A647E90EE7005CE6FEB046E8","False","2026-07-04 18:23:44"
"Frontend\PlantProcess.Web\src\components\provenance\BlendedProvenanceBreakdown.tsx","04_Frontend_App","Frontend App: PlantProcess.Web Core Source (HMI)","TypeScript Source",".tsx","45","1373","1.34","B74BB0CB4D9384F8F8A70565EFF64875D5C6DE9A8ED97ABE4887304E8EF067E9","False","2026-07-04 18:23:44"
"Frontend\PlantProcess.Web\src\components\skeletons\LoadingSkeletonSet.tsx","04_Frontend_App","Frontend App: PlantProcess.Web Core Source (HMI)","TypeScript Source",".tsx","81","2123","2.07","C4F3238DFA7CC09451CADC9FEA5C686887B5EC96F3CF0CEE64D5FD525D958F77","False","2026-07-04 18:23:44"
"Frontend\PlantProcess.Web\src\components\skeletons\Skeleton.css","04_Frontend_App","Frontend App: PlantProcess.Web Core Source (HMI)","Stylesheet",".css","269","5768","5.63","4B88C4BFBF8D5A25D6CD2F580825D7573CCAE3D910D70BFBE0976E6F8C28A441","False","2026-07-04 18:23:44"
"Frontend\PlantProcess.Web\src\components\skeletons\Skeleton.tsx","04_Frontend_App","Frontend App: PlantProcess.Web Core Source (HMI)","TypeScript Source",".tsx","158","5170","5.05","8A2E65E6F17D98D2B60BAE4C53A0B611F71506FE1310B6D85498529F5CB30051","False","2026-07-04 18:23:44"
"Frontend\PlantProcess.Web\src\components\SortableDataTable.tsx","04_Frontend_App","Frontend App: PlantProcess.Web Core Source (HMI)","TypeScript Source",".tsx","114","3512","3.43","E09A318171662DFBA9BC2761C9248AC43B57DF4313DD3315B9B83913DFB2CD59","False","2026-07-04 18:23:44"
"Frontend\PlantProcess.Web\src\components\standard\__tests__\__snapshots__\StandardButton.test.tsx.snap","04_Frontend_App","Frontend App: PlantProcess.Web Core Source (HMI)","Other Text File",".snap","91","14330","13.99","43E3D106D7D22388D86FAF9035437218B68EB1E0F2F1BD71341D724E37609519","False","2026-06-13 00:26:46"
"Frontend\PlantProcess.Web\src\components\standard\__tests__\abstainPopulation.test.tsx","04_Frontend_App","Frontend App: PlantProcess.Web Core Source (HMI)","TypeScript Source",".tsx","29","1577","1.54","781D04362E5A5BB9D11FEF199B1FE8FEB3E7DA3F9B7A1C943230A138634BEE54","False","2026-07-04 18:23:44"
"Frontend\PlantProcess.Web\src\components\standard\__tests__\AnalysisHonestyBar.test.tsx","04_Frontend_App","Frontend App: PlantProcess.Web Core Source (HMI)","TypeScript Source",".tsx","22","1048","1.02","817D4CD6289167FB2A0CF0923F6B86F2D23D3AABA731481ABD4E8C421FBF23DA","False","2026-07-04 18:23:44"
"Frontend\PlantProcess.Web\src\components\standard\__tests__\DataFetchBoundary.t07-contract.test.tsx","04_Frontend_App","Frontend App: PlantProcess.Web Core Source (HMI)","TypeScript Source",".tsx","26","1022","1","6BDDA3BD5749593ECE0F0706A3BB693A9DC13F6185D40B56C312CFB12D0702C4","False","2026-07-04 18:23:44"
"Frontend\PlantProcess.Web\src\components\standard\__tests__\DataFetchBoundary.test.tsx","04_Frontend_App","Frontend App: PlantProcess.Web Core Source (HMI)","TypeScript Source",".tsx","80","2695","2.63","8CF223D4B8C5613AA554E110C660E9E2DAE4396BBBD7704FA6C2C8BB6522B65D","False","2026-07-04 18:23:44"
"Frontend\PlantProcess.Web\src\components\standard\__tests__\P2Close.dataFetchBoundaryFaults.test.tsx","04_Frontend_App","Frontend App: PlantProcess.Web Core Source (HMI)","TypeScript Source",".tsx","52","1945","1.9","E42BCC0BAD9B10D02A5818F58D2049C043F72CC2BBDE268ADFFD99A04D837323","False","2026-07-04 18:23:44"
"Frontend\PlantProcess.Web\src\components\standard\__tests__\P2Close.errorBoundaryContainment.test.tsx","04_Frontend_App","Frontend App: PlantProcess.Web Core Source (HMI)","TypeScript Source",".tsx","48","1442","1.41","EB5C6107A30F27638E6211B8667777033F76C54B5182F0C854593806CDC0E461","False","2026-07-04 18:23:44"
"Frontend\PlantProcess.Web\src\components\standard\__tests__\P2Close.errorBoundaryContainment.test.tsx.backup_20260615_100021","04_Frontend_App","Frontend App: PlantProcess.Web Core Source (HMI)","Other Text File",".backup_20260615_100021","39","1304","1.27","5269A33DB97FBF6666DB12B7B6F7268EC134AA7462DFFC0AEB0571C3CFCABD05","False","2026-06-15 09:45:38"
"Frontend\PlantProcess.Web\src\components\standard\__tests__\StandardButton.test.tsx","04_Frontend_App","Frontend App: PlantProcess.Web Core Source (HMI)","TypeScript Source",".tsx","64","1802","1.76","B92C200D18CD0A5D29F7EDEAC63DB4329B071EE1D268371C5E30E2CAF6147816","False","2026-07-04 18:23:44"
"Frontend\PlantProcess.Web\src\components\standard\__tests__\StandardTable.test.tsx","04_Frontend_App","Frontend App: PlantProcess.Web Core Source (HMI)","TypeScript Source",".tsx","52","1574","1.54","20C9401395B2EDC70C80C9EC41E9CB19EAD27917E5F72D76E94E36BEEAC1D672","False","2026-07-04 18:23:44"
"Frontend\PlantProcess.Web\src\components\standard\__tests__\StandardTabs.test.tsx","04_Frontend_App","Frontend App: PlantProcess.Web Core Source (HMI)","TypeScript Source",".tsx","41","1164","1.14","512AC8189464962FF2A7BE79CCAD89878136A95F882EC703AA1651A618F4070A","False","2026-07-04 18:23:44"
"Frontend\PlantProcess.Web\src\components\standard\AbstainPanel.tsx","04_Frontend_App","Frontend App: PlantProcess.Web Core Source (HMI)","TypeScript Source",".tsx","30","1300","1.27","319FD4F0F0EC4CF6542A454151872FFFFA0C752AE03A9DF085D00238D2126A40","False","2026-07-04 18:23:44"
"Frontend\PlantProcess.Web\src\components\standard\abstain-population.css","04_Frontend_App","Frontend App: PlantProcess.Web Core Source (HMI)","Stylesheet",".css","24","783","0.76","45BBFAABBE0A35F43847B4640D33BCCF63C61A14E0D457281D81A3C917E391CC","False","2026-07-04 18:23:44"
"Frontend\PlantProcess.Web\src\components\standard\AnalysisHonestyBar.tsx","04_Frontend_App","Frontend App: PlantProcess.Web Core Source (HMI)","TypeScript Source",".tsx","39","1494","1.46","08BCAB0596370F0F37A1642DA913FDD423613FAEE9D1652FEF966595B630372D","False","2026-07-04 18:23:44"
"Frontend\PlantProcess.Web\src\components\standard\DataFetchBoundary.tsx","04_Frontend_App","Frontend App: PlantProcess.Web Core Source (HMI)","TypeScript Source",".tsx","115","3351","3.27","5E4870843D551499AA40B10E7CFF46720421F063BBFB94B1F9243692DB051CA7","False","2026-07-04 18:23:44"
"Frontend\PlantProcess.Web\src\components\standard\DesignTokens.stories.tsx","04_Frontend_App","Frontend App: PlantProcess.Web Core Source (HMI)","TypeScript Source",".tsx","50","1529","1.49","53B2959F417C55C67669F8F3C406086FFD3EE580D17F8CE3531976941A36FF36","False","2026-07-04 18:23:44"
"Frontend\PlantProcess.Web\src\components\standard\DoDont.stories.tsx","04_Frontend_App","Frontend App: PlantProcess.Web Core Source (HMI)","TypeScript Source",".tsx","41","1595","1.56","16466219DDAF94C6B831DFD5DC86D28F22F0F8E3CA6C92988DB48F77FD208622","False","2026-07-04 18:23:44"
"Frontend\PlantProcess.Web\src\components\standard\ErrorBoundary.tsx","04_Frontend_App","Frontend App: PlantProcess.Web Core Source (HMI)","TypeScript Source",".tsx","147","4879","4.76","99687E2D3E5B20E934C559737002DFD83EE9C445C03094FC1B1040A688539F64","False","2026-07-09 11:48:48"
"Frontend\PlantProcess.Web\src\components\standard\index.ts","04_Frontend_App","Frontend App: PlantProcess.Web Core Source (HMI)","TypeScript Source",".ts","14","643","0.63","51043E3F7DDEAB1F5A2E86539CF6F0884AD272119729EF036F5F7DCE021EF733","False","2026-07-09 12:23:13"
"Frontend\PlantProcess.Web\src\components\standard\Onboarding.stories.tsx","04_Frontend_App","Frontend App: PlantProcess.Web Core Source (HMI)","TypeScript Source",".tsx","41","1521","1.49","741ABC4B6E00FDA06A20F24C9E0E259B83732C77E742B8562D2CA0C4BB413DD6","False","2026-07-04 18:23:44"
"Frontend\PlantProcess.Web\src\components\standard\PopulationBadge.tsx","04_Frontend_App","Frontend App: PlantProcess.Web Core Source (HMI)","TypeScript Source",".tsx","23","764","0.75","7A536589BDF285BC640C068F76791433B270412CF19EA1E6D699E6EE7B76E434","False","2026-07-04 18:23:44"
"Frontend\PlantProcess.Web\src\components\standard\StandardButton.stories.tsx","04_Frontend_App","Frontend App: PlantProcess.Web Core Source (HMI)","TypeScript Source",".tsx","66","2238","2.19","F463EB86B8F22817B69653AEFD35456724354E68904FDCE5873438CACB2BC114","False","2026-07-04 18:23:44"
"Frontend\PlantProcess.Web\src\components\standard\StandardButton.tsx","04_Frontend_App","Frontend App: PlantProcess.Web Core Source (HMI)","TypeScript Source",".tsx","188","5158","5.04","DF58AE7C11E24F32001A89A8A3887AE1C000C7A0DEDAC9294F194E641FC3AC8E","False","2026-07-04 18:23:44"
"Frontend\PlantProcess.Web\src\components\standard\standard-components.css","04_Frontend_App","Frontend App: PlantProcess.Web Core Source (HMI)","Stylesheet",".css","1284","28347","27.68","3F8384D02C05E689BE092ECC87D823B1F094BB638D8A2064D797880DCD51BCF5","False","2026-07-09 12:33:39"
"Frontend\PlantProcess.Web\src\components\standard\StandardDataTable.tsx","04_Frontend_App","Frontend App: PlantProcess.Web Core Source (HMI)","TypeScript Source",".tsx","259","7921","7.74","88C4FB936BA463EAC98F633BC1A46A0F32766499ED36404800229CAB426FAD2D","False","2026-07-04 18:23:44"
"Frontend\PlantProcess.Web\src\components\standard\StandardFields.stories.tsx","04_Frontend_App","Frontend App: PlantProcess.Web Core Source (HMI)","TypeScript Source",".tsx","79","2711","2.65","77659DBAF9702F73B6C4B78EB868DD5870D4F9BA9FAE3B1D04F6E2A1E3E96688","False","2026-07-04 18:23:44"
"Frontend\PlantProcess.Web\src\components\standard\StandardFields.tsx","04_Frontend_App","Frontend App: PlantProcess.Web Core Source (HMI)","TypeScript Source",".tsx","372","10761","10.51","CEE495E88BA00A0212B60594FF26333A29E747DF0CBABC11E55F9F3251E1C886","False","2026-07-04 18:23:44"
"Frontend\PlantProcess.Web\src\components\standard\standard-p2-controls.css","04_Frontend_App","Frontend App: PlantProcess.Web Core Source (HMI)","Stylesheet",".css","112","2491","2.43","9017A40D7B86B20599DA0699426309411886B84CE26984002EA2C60C17A6C8AB","False","2026-07-04 18:23:44"
"Frontend\PlantProcess.Web\src\components\standard\StandardP2Controls.tsx","04_Frontend_App","Frontend App: PlantProcess.Web Core Source (HMI)","TypeScript Source",".tsx","82","1953","1.91","87C7490607AFA5A191835D59F55EAEAA1729629B5FD0CD9282CF52465A8BB3DA","False","2026-07-04 18:23:44"
"Frontend\PlantProcess.Web\src\components\standard\StandardPageCompat.tsx","04_Frontend_App","Frontend App: PlantProcess.Web Core Source (HMI)","TypeScript Source",".tsx","89","2516","2.46","87B257CD159DF98ED787F3FC206A81551B0A8A1ED150420835494E282EA17702","False","2026-07-04 18:23:44"
"Frontend\PlantProcess.Web\src\components\standard\StandardPageHeader.tsx","04_Frontend_App","Frontend App: PlantProcess.Web Core Source (HMI)","TypeScript Source",".tsx","59","1938","1.89","2AA06033C52A35DE1DB26365EC162073A2CA48C0D09B94EFB9AA22243DA792D2","False","2026-07-09 12:23:13"
"Frontend\PlantProcess.Web\src\components\standard\StandardStatGrid.tsx","04_Frontend_App","Frontend App: PlantProcess.Web Core Source (HMI)","TypeScript Source",".tsx","65","2435","2.38","167A86C8D0680FAA6C6AE0CC335C85B37D1C0B927F21144D13333AED4BD701BC","False","2026-07-09 12:23:13"
"Frontend\PlantProcess.Web\src\components\standard\StandardSurface.stories.tsx","04_Frontend_App","Frontend App: PlantProcess.Web Core Source (HMI)","TypeScript Source",".tsx","75","3307","3.23","B76A6DEB4F480A25F2114BEFB6EA0B1C2DAFF3AE0E71E2BB75C77BCF19E1CAB5","False","2026-07-04 18:23:44"
"Frontend\PlantProcess.Web\src\components\standard\StandardSurface.tsx","04_Frontend_App","Frontend App: PlantProcess.Web Core Source (HMI)","TypeScript Source",".tsx","283","8619","8.42","7814B48FF714251CD173055EE2449B3C2168768C8ED704E961D7203A8A4C3291","False","2026-07-04 18:23:44"
"Frontend\PlantProcess.Web\src\components\standard\StandardTable.implementation.tsx","04_Frontend_App","Frontend App: PlantProcess.Web Core Source (HMI)","TypeScript Source",".tsx","486","17213","16.81","A0AE31B5DEA96D6D179D3B7C402F1BC254B7ECF5B39332ED7B3E598E82F77DEE","False","2026-07-04 18:23:44"
"Frontend\PlantProcess.Web\src\components\standard\StandardTable.stories.tsx","04_Frontend_App","Frontend App: PlantProcess.Web Core Source (HMI)","TypeScript Source",".tsx","94","2786","2.72","7E75D6A09113A20F077385DF3AFC6E9AB33749A555A8D9A67E8D8EDEAE753440","False","2026-07-04 18:23:44"
"Frontend\PlantProcess.Web\src\components\standard\StandardTable.tsx","04_Frontend_App","Frontend App: PlantProcess.Web Core Source (HMI)","TypeScript Source",".tsx","1","49","0.05","864287FB63712001957A4D4064A1A7955F267A9E09270767B11BD98E9328CA8A","False","2026-07-04 18:23:44"
"Frontend\PlantProcess.Web\src\components\standard\StandardTabs.stories.tsx","04_Frontend_App","Frontend App: PlantProcess.Web Core Source (HMI)","TypeScript Source",".tsx","45","1912","1.87","433EA4E80460D744AAE71F0A47C7C00A99070A32A84D79800DCA3C68F14935DC","False","2026-07-04 18:23:44"
"Frontend\PlantProcess.Web\src\components\standard\StandardTabs.tsx","04_Frontend_App","Frontend App: PlantProcess.Web Core Source (HMI)","TypeScript Source",".tsx","292","8669","8.47","D20C1CE2CF1289EBBBB812579B13CDE201B6BF2B77AED25E2C5C0F8E017F3BDF","False","2026-07-04 18:23:44"
"Frontend\PlantProcess.Web\src\components\standard\tokens.ts","04_Frontend_App","Frontend App: PlantProcess.Web Core Source (HMI)","TypeScript Source",".ts","49","1146","1.12","068AFF6FFC727F231EB88F3E4517EECF4C0C67A7E78B8ADC329A958D8128B72E","False","2026-07-04 18:23:44"
"Frontend\PlantProcess.Web\src\components\StateRenderer.tsx","04_Frontend_App","Frontend App: PlantProcess.Web Core Source (HMI)","TypeScript Source",".tsx","125","4723","4.61","C34F5B0E728531B1F2C70D0B76BBEED6D2B44E88B5DF44A595427EA70FB048AE","False","2026-07-09 11:48:48"
"Frontend\PlantProcess.Web\src\components\StatusBadge.tsx","04_Frontend_App","Frontend App: PlantProcess.Web Core Source (HMI)","TypeScript Source",".tsx","20","617","0.6","7F5A10832AE6490397C9D9471C65B2FFBB22E14E3027907917E97074EB2C9B01","False","2026-07-04 18:23:44"
"Frontend\PlantProcess.Web\src\components\suggestions\__tests__\SuggestionCardsPanel.population-method.test.tsx","04_Frontend_App","Frontend App: PlantProcess.Web Core Source (HMI)","TypeScript Source",".tsx","34","1443","1.41","DE74D1DBE7E99809AB92BC6BD15FC269569A9AA6EC97B92F30D124F8EE0A6D2A","False","2026-07-04 18:23:44"
"Frontend\PlantProcess.Web\src\components\suggestions\SuggestionCardsPanel.tsx","04_Frontend_App","Frontend App: PlantProcess.Web Core Source (HMI)","TypeScript Source",".tsx","114","4346","4.24","4058E946086B20E9F7360460A368408879D078F8242D3A27A093A1AFDFF076E0","False","2026-07-04 18:23:44"
"Frontend\PlantProcess.Web\src\components\table\index.ts","04_Frontend_App","Frontend App: PlantProcess.Web Core Source (HMI)","TypeScript Source",".ts","1","54","0.05","BC7E5D95ADF472E88154CA926967AC56CD7AFD366EC7DCA3F11D6AC9410AE7B7","False","2026-07-04 18:23:44"
"Frontend\PlantProcess.Web\src\components\table\standard-table.css","04_Frontend_App","Frontend App: PlantProcess.Web Core Source (HMI)","Stylesheet",".css","78","1543","1.51","85F5D00511A9DE3C34622E94991870D659D66DE4C2A216119D2768E8AFD1CA90","False","2026-07-04 18:23:44"
"Frontend\PlantProcess.Web\src\components\value\ValueImpactCard.tsx","04_Frontend_App","Frontend App: PlantProcess.Web Core Source (HMI)","TypeScript Source",".tsx","105","3320","3.24","67141122B809E7F2E14C03AD822F0248081C742AD006344094ED88983A729308","False","2026-07-04 18:23:44"
"Frontend\PlantProcess.Web\src\design-system\phase56\phase56Tokens.ts","04_Frontend_App","Frontend App: PlantProcess.Web Core Source (HMI)","TypeScript Source",".ts","33","856","0.84","D5F89D5EF826D22DDC36179B650AB29011ED1E375DD9447BF4CEEBDE550ABB36","False","2026-07-04 18:23:44"
"Frontend\PlantProcess.Web\src\hardening\actionMatrix.ts","04_Frontend_App","Frontend App: PlantProcess.Web Core Source (HMI)","TypeScript Source",".ts","59","1807","1.76","B6B5FBB62221086EBA3F3A4B0B805F23084AF1431A05587FA9809A72E0C70B3A","False","2026-07-05 14:23:09"
"Frontend\PlantProcess.Web\src\hardening\routeContracts.ts","04_Frontend_App","Frontend App: PlantProcess.Web Core Source (HMI)","TypeScript Source",".ts","81","2191","2.14","946452EAF584F1508D6837724804B4F11CE6DC8CB0DB0452F90FE70BCCE34C5E","False","2026-07-05 14:23:09"
"Frontend\PlantProcess.Web\src\hooks\__tests__\useInlineFormValidation.test.tsx","04_Frontend_App","Frontend App: PlantProcess.Web Core Source (HMI)","TypeScript Source",".tsx","47","1215","1.19","FFDDC14901D263682560386E84B95B81954BBF05735525A6CA493F44223911E1","False","2026-07-04 18:23:44"
"Frontend\PlantProcess.Web\src\hooks\useApiResource.ts","04_Frontend_App","Frontend App: PlantProcess.Web Core Source (HMI)","TypeScript Source",".ts","32","1113","1.09","60B91900C432C7F8E00FC160B5037B2E34F80BCCD8F64DC6980CC3C01725614D","False","2026-07-04 18:23:44"
"Frontend\PlantProcess.Web\src\hooks\useCustomerSafeAction.ts","04_Frontend_App","Frontend App: PlantProcess.Web Core Source (HMI)","TypeScript Source",".ts","66","1686","1.65","CBB4EE9B0ABBB9200796B23F1A32786380064E6B0C2E4737958C12AA1CAE8595","False","2026-07-04 18:23:44"
"Frontend\PlantProcess.Web\src\hooks\useDashboardLayoutPersistence.ts","04_Frontend_App","Frontend App: PlantProcess.Web Core Source (HMI)","TypeScript Source",".ts","133","4272","4.17","E94A375DEBF04E741F901C52C87C00D359B2D48FF85324AC30CAC4BED1FD3E17","False","2026-08-10 15:51:08"
"Frontend\PlantProcess.Web\src\hooks\useInlineFormValidation.ts","04_Frontend_App","Frontend App: PlantProcess.Web Core Source (HMI)","TypeScript Source",".ts","94","2639","2.58","C7E17CDF5F3524E509CD5B3C6E6A62F9A7DEB8AA02AC6E3F71F1BCF7655853F2","False","2026-07-04 18:23:44"
"Frontend\PlantProcess.Web\src\hooks\useLatestOnlyPolling.ts","04_Frontend_App","Frontend App: PlantProcess.Web Core Source (HMI)","TypeScript Source",".ts","104","2680","2.62","96325E7701C8601CB1CFC5BE7C92C966BF670ABA51E73923088F08DD768EF559","False","2026-07-04 18:23:44"
"Frontend\PlantProcess.Web\src\hooks\useOptimisticSave.ts","04_Frontend_App","Frontend App: PlantProcess.Web Core Source (HMI)","TypeScript Source",".ts","104","3494","3.41","179D66F966D0D567444510B50AFB010565523866441B179BC105ED2E990A2C49","False","2026-07-04 18:23:44"
"Frontend\PlantProcess.Web\src\i18n\p3T17CostAssumptionI18n.test.ts","04_Frontend_App","Frontend App: PlantProcess.Web Core Source (HMI)","TypeScript Source",".ts","55","2312","2.26","BEA3D09FFD4EA4793D154E9D932CB061AF5CCF5D2C6F3ABF788EAD21374EA48D","False","2026-07-04 18:23:44"
"Frontend\PlantProcess.Web\src\i18n\p3T17CostAssumptionI18n.ts","04_Frontend_App","Frontend App: PlantProcess.Web Core Source (HMI)","TypeScript Source",".ts","163","4661","4.55","7314E5A03807BEEE017F019DA5EAA2BCF150D73D66BFBC1A4F148D228F542758","False","2026-07-04 18:23:44"
"Frontend\PlantProcess.Web\src\i18n\phase78\phase78I18n.ts","04_Frontend_App","Frontend App: PlantProcess.Web Core Source (HMI)","TypeScript Source",".ts","82","3424","3.34","84A08BBF591CBC252DC57FED380C2C8B85CF432A8827203B83059D59E2FAE057","False","2026-07-04 18:23:44"
"Frontend\PlantProcess.Web\src\i18n\phase78\phase78I18nRuntime.ts","04_Frontend_App","Frontend App: PlantProcess.Web Core Source (HMI)","TypeScript Source",".ts","74","3161","3.09","549672454956C421A77CF7F99A65E37A45BB8790881F245936FDAB562A6E426A","False","2026-07-04 18:23:44"
"Frontend\PlantProcess.Web\src\i18n\v5I18n.tsx","04_Frontend_App","Frontend App: PlantProcess.Web Core Source (HMI)","TypeScript Source",".tsx","104","4134","4.04","B98CB260BCE9C62452A861FF0383041B53D1C7CD52F9112257715FDCA9D46576","False","2026-07-04 18:23:44"
"Frontend\PlantProcess.Web\src\index.css","04_Frontend_App","Frontend App: PlantProcess.Web Core Source (HMI)","Stylesheet",".css","9","405","0.4","B8A1CE230F22B568344878F212C6E9F5A60C5BF02B01EC947BDA745447D1B7F2","False","2026-07-15 21:15:24"
"Frontend\PlantProcess.Web\src\license\phase10License.test.ts","04_Frontend_App","Frontend App: PlantProcess.Web Core Source (HMI)","TypeScript Source",".ts","50","2012","1.96","796CBC322F8630DA6EF026EB91F0289E2CEC8E9AC2B18994FA01AAE4B512108A","False","2026-07-04 18:23:44"
"Frontend\PlantProcess.Web\src\license\phase10License.ts","04_Frontend_App","Frontend App: PlantProcess.Web Core Source (HMI)","TypeScript Source",".ts","117","4002","3.91","E6AFC65C150BF54149916CEBB14F5EF22CCE234954CD17AF1778971F931460FD","False","2026-07-04 18:23:44"
"Frontend\PlantProcess.Web\src\main.tsx","04_Frontend_App","Frontend App: PlantProcess.Web Core Source (HMI)","TypeScript Source",".tsx","20","706","0.69","2072F5BC10FF95B43ACDF01A07C4BD60EDEEE7F6B4DA9AD571D1D6D3684F32D3","False","2026-07-04 18:23:45"
"Frontend\PlantProcess.Web\src\notifications\AppToastHost.tsx","04_Frontend_App","Frontend App: PlantProcess.Web Core Source (HMI)","TypeScript Source",".tsx","27","670","0.65","FCFDBBC1B39ABC11863DF0E05F29B8C07301254F546AAF2B8D446BA759702D2C","False","2026-07-04 18:23:44"
"Frontend\PlantProcess.Web\src\notifications\toast.ts","04_Frontend_App","Frontend App: PlantProcess.Web Core Source (HMI)","TypeScript Source",".ts","101","3146","3.07","F10F97AD84D71CAA4F96E1C2432E6DF77D9374860DF9BE1B9A891BC1AD769AA0","False","2026-07-04 18:23:44"
"Frontend\PlantProcess.Web\src\notifications\Toaster.tsx","04_Frontend_App","Frontend App: PlantProcess.Web Core Source (HMI)","TypeScript Source",".tsx","50","1396","1.36","0E14D2F2A83950228870CA6830B3DCF57BA46D55E57C6A1411F0328ECDB15D40","False","2026-07-04 18:23:44"
"Frontend\PlantProcess.Web\src\notifications\ToastRoot.tsx","04_Frontend_App","Frontend App: PlantProcess.Web Core Source (HMI)","TypeScript Source",".tsx","19","396","0.39","6C5503195176F2E3DD54602A39F2B41BC1197248247810196D73B3EFB1A509C1","False","2026-07-04 18:23:44"
"Frontend\PlantProcess.Web\src\pages\Acquisition\__tests__\EdgeCollectorManagementPage.test.tsx","04_Frontend_App","Frontend App: PlantProcess.Web Core Source (HMI)","TypeScript Source",".tsx","14","730","0.71","83B057F0FDF5FB5C3F761F7F8C1F84F866EDD72159BEF73912A628C50917B3BD","False","2026-07-04 18:23:44"
"Frontend\PlantProcess.Web\src\pages\Acquisition\EdgeCollectorManagementPage.tsx","04_Frontend_App","Frontend App: PlantProcess.Web Core Source (HMI)","TypeScript Source",".tsx","99","3256","3.18","C47EDB51715AFBDECBA97FEB70FC7119BF8C512B1E0F667C44F76392BFF6B865","False","2026-07-04 18:23:44"
"Frontend\PlantProcess.Web\src\pages\Admin\AdminDbConfigurationTab.tsx","04_Frontend_App","Frontend App: PlantProcess.Web Core Source (HMI)","TypeScript Source",".tsx","1197","46364","45.28","B064AEF18F84797E75C5C046AAD32C15099A092EBBF6012A0153BE733E445716","False","2026-07-25 11:52:44"
"Frontend\PlantProcess.Web\src\pages\Admin\AdminImportingDataTab.tsx","04_Frontend_App","Frontend App: PlantProcess.Web Core Source (HMI)","TypeScript Source",".tsx","195","6808","6.65","B391D51A1D12EF5ABCD1F8FD328976E3124E133BF4B6F15000A02745E39877B2","False","2026-07-15 12:40:13"
"Frontend\PlantProcess.Web\src\pages\Admin\AdminJobsMonitorTab.tsx","04_Frontend_App","Frontend App: PlantProcess.Web Core Source (HMI)","TypeScript Source",".tsx","350","13490","13.17","A470EA05D7B052DC4E729DE9F800144E7625FF9563D4E460AD99AF3E48100FE3","False","2026-07-13 18:36:04"
"Frontend\PlantProcess.Web\src\pages\Admin\AdminPage.tsx","04_Frontend_App","Frontend App: PlantProcess.Web Core Source (HMI)","TypeScript Source",".tsx","5","124","0.12","912C9E65E8E30C7487633A0A9DAF23A362AEA7917ED7658674881CE463896690","False","2026-07-04 18:23:44"
"Frontend\PlantProcess.Web\src\pages\Admin\AdminPageContent.tsx","04_Frontend_App","Frontend App: PlantProcess.Web Core Source (HMI)","TypeScript Source",".tsx","66","2523","2.46","0C78E6DEFB30A41FADEE58208552B06A1C315164DDD579A1C9EDCD3ED529E46B","False","2026-07-09 14:53:13"
"Frontend\PlantProcess.Web\src\pages\Admin\AdminSchemaConfigurationTab.implementation.generated.tsx","04_Frontend_App","Frontend App: PlantProcess.Web Core Source (HMI)","TypeScript Source",".tsx","955","35764","34.93","5C9F5CDB545885A05D91534B939A16401FD6B3A8FB9CC60A8598B57CCE64F9AE","False","2026-07-09 11:48:48"
"Frontend\PlantProcess.Web\src\pages\Admin\AdminSchemaConfigurationTab.implementation.tsx","04_Frontend_App","Frontend App: PlantProcess.Web Core Source (HMI)","TypeScript Source",".tsx","5","241","0.24","0EA6E34192CD9E686C43C0812D225E0B7729DB163485B80B631CF19BAF7DFA72","False","2026-07-04 18:23:44"
"Frontend\PlantProcess.Web\src\pages\Admin\AdminSchemaConfigurationTab.tsx","04_Frontend_App","Frontend App: PlantProcess.Web Core Source (HMI)","TypeScript Source",".tsx","2","141","0.14","FE1D47F5792CF5A2E17C5F7318A33D902F22140D407060491DEFDCCB30D143BA","False","2026-07-04 18:23:44"
"Frontend\PlantProcess.Web\src\pages\Admin\AdminSharedComponents.tsx","04_Frontend_App","Frontend App: PlantProcess.Web Core Source (HMI)","TypeScript Source",".tsx","172","6137","5.99","F919B27A843104104F581FF0500C27A4B858C5EA3508479CFDE77686467A6CAB","False","2026-07-15 15:31:55"
"Frontend\PlantProcess.Web\src\pages\Admin\CanonicalSchemaMappingPanel.implementation.tsx","04_Frontend_App","Frontend App: PlantProcess.Web Core Source (HMI)","TypeScript Source",".tsx","514","18042","17.62","37AA9BF12ABD795FDDEF0CEF2734038063333102BAF5C444A8D6D7483234B1C3","False","2026-07-04 18:23:44"
"Frontend\PlantProcess.Web\src\pages\Admin\CanonicalSchemaMappingPanel.tsx","04_Frontend_App","Frontend App: PlantProcess.Web Core Source (HMI)","TypeScript Source",".tsx","1","63","0.06","E0BA7C93A3983AADEDBD14CE4718DBEF5DDB6F13229417E5C40E2EA774D45DB0","False","2026-07-04 18:23:44"
"Frontend\PlantProcess.Web\src\pages\AdminPreview\AdminPreviewWorkspacePage.tsx","04_Frontend_App","Frontend App: PlantProcess.Web Core Source (HMI)","TypeScript Source",".tsx","5","199","0.19","CBF628E2202A20B9A89909AC3D68BF378D074EFAA5C8D33A258D1BFD32715D08","False","2026-07-04 18:23:44"
"Frontend\PlantProcess.Web\src\pages\Advisory\BenchmarkingPage.tsx","04_Frontend_App","Frontend App: PlantProcess.Web Core Source (HMI)","TypeScript Source",".tsx","132","6163","6.02","085EE0979B32188183AF013D8256AF1D98C874F0679D5AE7937E90EC37BC7141","False","2026-07-09 12:23:13"
"Frontend\PlantProcess.Web\src\pages\Advisory\HonestyCertificationPage.tsx","04_Frontend_App","Frontend App: PlantProcess.Web Core Source (HMI)","TypeScript Source",".tsx","104","4886","4.77","B941348656F23D807FE2E3B7B3B5E2BC575FC28568E7BADC012851CB56178332","False","2026-07-09 12:23:13"
"Frontend\PlantProcess.Web\src\pages\Advisory\RecommendationsPage.tsx","04_Frontend_App","Frontend App: PlantProcess.Web Core Source (HMI)","TypeScript Source",".tsx","206","9159","8.94","CC4512F3D9E5E8C7C7437DD60EC873EB565399F4FD3E3D76DB66A7B6474DBE86","False","2026-07-09 12:33:39"
"Frontend\PlantProcess.Web\src\pages\Advisory\RoiCfoDashboardPage.tsx","04_Frontend_App","Frontend App: PlantProcess.Web Core Source (HMI)","TypeScript Source",".tsx","132","6243","6.1","7B1931C8943BB4938997B3D2E0B62861A68C14E9A6F641AF89793D1459522905","False","2026-07-09 12:23:13"
"Frontend\PlantProcess.Web\src\pages\Advisory\ScenarioSimulationPage.tsx","04_Frontend_App","Frontend App: PlantProcess.Web Core Source (HMI)","TypeScript Source",".tsx","215","9000","8.79","2CB75BAB730FF17DEBC69A98E4B481E1036534F96B653537918DC697522C8360","False","2026-07-09 12:23:13"
"Frontend\PlantProcess.Web\src\pages\Advisory\ValueRealizationPage.tsx","04_Frontend_App","Frontend App: PlantProcess.Web Core Source (HMI)","TypeScript Source",".tsx","139","7042","6.88","8B6C3CBFDEA2F7A61E1CB18439537408FA77596BBD99A333095CFC4A997ED8B1","False","2026-07-09 12:33:39"
"Frontend\PlantProcess.Web\src\pages\Analysis\AnalysisToolboxPage.tsx","04_Frontend_App","Frontend App: PlantProcess.Web Core Source (HMI)","TypeScript Source",".tsx","174","8440","8.24","69BB627CB814F7475A5D07E761515E7FE470E46F939AB23B793901022FDC0EE3","False","2026-07-29 09:52:09"
"Frontend\PlantProcess.Web\src\pages\AnalysisJobConfigPage.tsx","04_Frontend_App","Frontend App: PlantProcess.Web Core Source (HMI)","TypeScript Source",".tsx","524","20983","20.49","E6C2DD6EA8CFAE8DC6617522DE8CF07BC2B64A1CCA61E1F0D27C093E94FFDEE3","False","2026-07-08 17:31:27"
"Frontend\PlantProcess.Web\src\pages\Analytics\__tests__\AdvancedAnalysisPage.test.tsx","04_Frontend_App","Frontend App: PlantProcess.Web Core Source (HMI)","TypeScript Source",".tsx","134","4489","4.38","07BB69C86A027BC936C5210099118CE8DFF3E22DAF75AC8F3EA8E0EE8FEBBBF7","False","2026-07-04 18:23:44"
"Frontend\PlantProcess.Web\src\pages\Analytics\AdvancedAnalysisPage.tsx","04_Frontend_App","Frontend App: PlantProcess.Web Core Source (HMI)","TypeScript Source",".tsx","214","8205","8.01","46DCC30075190D9EB4DA36187F3C3E3AB60108EF60AB9EF41FFFE358230D7AA1","False","2026-07-25 16:03:25"
"Frontend\PlantProcess.Web\src\pages\Analytics\advancedReadinessGateView.test.ts","04_Frontend_App","Frontend App: PlantProcess.Web Core Source (HMI)","TypeScript Source",".ts","29","1247","1.22","48E82476196D4EA8DB77F45CC7D6076FD3393D4542D990581B1DA886A118DD18","False","2026-07-04 18:23:44"
"Frontend\PlantProcess.Web\src\pages\Analytics\advancedReadinessGateView.ts","04_Frontend_App","Frontend App: PlantProcess.Web Core Source (HMI)","TypeScript Source",".ts","51","1616","1.58","ED6EF92C0D84CCBD359B8688D4BC1D8DE7D89E8BC7B24D82B0B6F22D9DDC532A","False","2026-07-04 18:23:44"
"Frontend\PlantProcess.Web\src\pages\Analytics\AnalyticsWidgetsPage.tsx","04_Frontend_App","Frontend App: PlantProcess.Web Core Source (HMI)","TypeScript Source",".tsx","36","1307","1.28","34C0716CC716D91EA1CC1D52739F4A4887C70536FAAA96E21B1D206EB2C86150","False","2026-07-04 18:23:44"
"Frontend\PlantProcess.Web\src\pages\Analytics\InspectionJobsPage.tsx","04_Frontend_App","Frontend App: PlantProcess.Web Core Source (HMI)","TypeScript Source",".tsx","88","5351","5.23","97C25E3A4E83E2305589A514C01DD9604E3B391C6BD19D4E2EF16B4F3ED27716","False","2026-07-04 18:23:44"
"Frontend\PlantProcess.Web\src\pages\BrandIdentity\brand-identity.css","04_Frontend_App","Frontend App: PlantProcess.Web Core Source (HMI)","Stylesheet",".css","185","3701","3.61","F9CD2EE99E89E4BE26B68A8C1F06229DA1FF82E7F8B3DBAE7687D284D03F9A92","False","2026-07-04 18:23:45"
"Frontend\PlantProcess.Web\src\pages\BrandIdentity\BrandIdentityPage.tsx","04_Frontend_App","Frontend App: PlantProcess.Web Core Source (HMI)","TypeScript Source",".tsx","5","193","0.19","A14CF03448DC76B0FC70AF3674FB153FFEDD5ECB97ECB0FF662FB6F97C1D15C7","False","2026-07-04 18:23:45"
"Frontend\PlantProcess.Web\src\pages\CommercialLicense\CommercialLicensePage.tsx","04_Frontend_App","Frontend App: PlantProcess.Web Core Source (HMI)","TypeScript Source",".tsx","119","3930","3.84","E78159326FB340C4EF8A8724011A0187A4D2A92E7622A1E6C581F7E699BBA9F4","False","2026-07-05 14:16:18"
"Frontend\PlantProcess.Web\src\pages\Correlation\CorrelationPage.tsx","04_Frontend_App","Frontend App: PlantProcess.Web Core Source (HMI)","TypeScript Source",".tsx","5","187","0.18","F92D72E8C68213E0811C2F6DD8A56D6CDD9779490B90D62F278264F23C637F4C","False","2026-07-04 18:23:45"
"Frontend\PlantProcess.Web\src\pages\Dashboard\__tests__\workspaceHeader.test.tsx","04_Frontend_App","Frontend App: PlantProcess.Web Core Source (HMI)","TypeScript Source",".tsx","178","6877","6.72","59199407639E95DB1705BFE217786F31216285274E953B1C6D25D0211F62ED12","False","2026-08-10 15:51:08"
"Frontend\PlantProcess.Web\src\pages\Dashboard\__tests__\workspaceSheets.test.ts","04_Frontend_App","Frontend App: PlantProcess.Web Core Source (HMI)","TypeScript Source",".ts","94","3568","3.48","802EE3D69D67AA6C2B7708C968AEFF7CDF820C159A37683F884891CE80D9D246","False","2026-08-10 15:51:08"
"Frontend\PlantProcess.Web\src\pages\Dashboard\__tests__\workspaceSheetSwitching.test.tsx","04_Frontend_App","Frontend App: PlantProcess.Web Core Source (HMI)","TypeScript Source",".tsx","117","4717","4.61","85ABC541C5D6B8509E9309CB8F53E142CA69867B8E85B8D84C1EDC57563231E1","False","2026-08-10 15:51:08"
"Frontend\PlantProcess.Web\src\pages\Dashboard\DashboardPage.tsx","04_Frontend_App","Frontend App: PlantProcess.Web Core Source (HMI)","TypeScript Source",".tsx","5","140","0.14","DD9DFB94E2BEA82D6F9B135F09CDA523EED1463D832A85E5B9DD7A8174A39735","False","2026-07-04 18:23:45"
"Frontend\PlantProcess.Web\src\pages\Dashboard\DashboardPageContent.tsx","04_Frontend_App","Frontend App: PlantProcess.Web Core Source (HMI)","TypeScript Source",".tsx","5","193","0.19","74964D379F8250334BAB7E4075D556E6A1F663C64337E176CB243E451257E2F3","False","2026-07-17 15:01:53"
"Frontend\PlantProcess.Web\src\pages\Dashboard\evidenceFocus.css","04_Frontend_App","Frontend App: PlantProcess.Web Core Source (HMI)","Stylesheet",".css","9","349","0.34","C6062290B668DA846EAA5A36B2B07C435890CD3BF007A1A54E3C34EC6ADD0B23","False","2026-08-09 09:17:58"
"Frontend\PlantProcess.Web\src\pages\Dashboard\evidenceFocus.ts","04_Frontend_App","Frontend App: PlantProcess.Web Core Source (HMI)","TypeScript Source",".ts","40","1553","1.52","300D76BF0B2F06ED0E3138CAE3E23A7E268269C9FAB1F7E70653A83FBE408988","False","2026-08-09 09:17:58"
"Frontend\PlantProcess.Web\src\pages\Dashboard\InteractiveWorkspacePage.tsx","04_Frontend_App","Frontend App: PlantProcess.Web Core Source (HMI)","TypeScript Source",".tsx","382","15602","15.24","3D3F579535C7C69D412982955D81705F86280592BAD0407C7BA1F1CD8D8D46A7","False","2026-08-10 15:51:08"
"Frontend\PlantProcess.Web\src\pages\Dashboard\p3t15-widget-schema-drift.css","04_Frontend_App","Frontend App: PlantProcess.Web Core Source (HMI)","Stylesheet",".css","171","3290","3.21","51B8114BB652148AF3B9DFDAC998B88B14FCA1824AB5FDCCC708D2A41D536B71","False","2026-07-04 18:23:45"
"Frontend\PlantProcess.Web\src\pages\Dashboard\p3t15WidgetSchemaDrift.test.ts","04_Frontend_App","Frontend App: PlantProcess.Web Core Source (HMI)","TypeScript Source",".ts","87","2962","2.89","7D6BDAFC0D5380DA36C4579FE04CBCA0A09D4E965756EBBE802F8D031656AD61","False","2026-07-04 18:23:45"
"Frontend\PlantProcess.Web\src\pages\Dashboard\P3T15WidgetSchemaDriftPage.tsx","04_Frontend_App","Frontend App: PlantProcess.Web Core Source (HMI)","TypeScript Source",".tsx","193","7225","7.06","FDF99CA8B47EDD661897F6341E544EFD75EA4B5E07F06FEEC2D3749A332AEBF4","False","2026-07-04 18:23:45"
"Frontend\PlantProcess.Web\src\pages\Dashboard\WorkspaceHeader.tsx","04_Frontend_App","Frontend App: PlantProcess.Web Core Source (HMI)","TypeScript Source",".tsx","165","5942","5.8","DC28D614C779B1956CF2447E3BCB7C770B1FAD12C18129D7782BE148CB3675B5","False","2026-08-10 15:51:08"
"Frontend\PlantProcess.Web\src\pages\Dashboard\workspaceSheets.ts","04_Frontend_App","Frontend App: PlantProcess.Web Core Source (HMI)","TypeScript Source",".ts","138","5037","4.92","C1A64EB78EE23A055B268892858A28B787F5F8138F4DDCE409042D797E311F7D","False","2026-08-10 15:51:08"
"Frontend\PlantProcess.Web\src\pages\DataIntegration\__tests__\AlertingPage.test.tsx","04_Frontend_App","Frontend App: PlantProcess.Web Core Source (HMI)","TypeScript Source",".tsx","67","2803","2.74","77C95303239286CF10031FF3F12062385EB0A8B4C68509ECF3D3093AFBBCBC51","False","2026-07-14 13:39:09"
"Frontend\PlantProcess.Web\src\pages\DataIntegration\__tests__\AuthorMappingPage.test.tsx","04_Frontend_App","Frontend App: PlantProcess.Web Core Source (HMI)","TypeScript Source",".tsx","47","1941","1.9","0F2FCEE40650F2007E0E7FB7A5F7A64C487BAAD55B2C1ADE7D50BF1B2097B3BB","False","2026-07-14 13:39:09"
"Frontend\PlantProcess.Web\src\pages\DataIntegration\__tests__\JourneyCriticalSurfaces.certification.test.tsx","04_Frontend_App","Frontend App: PlantProcess.Web Core Source (HMI)","TypeScript Source",".tsx","127","5719","5.58","29436506E7573B55E6058A161383E79C38B046CA9F63A2C0B32C38F6B59C1C46","False","2026-07-15 21:15:24"
"Frontend\PlantProcess.Web\src\pages\DataIntegration\__tests__\SupervisorReportPage.test.tsx","04_Frontend_App","Frontend App: PlantProcess.Web Core Source (HMI)","TypeScript Source",".tsx","35","1580","1.54","D4AD22744880B090C63F037F76E1CCA7A8D086A6C6D39E6BB18C1F7DD8F35E40","False","2026-07-14 13:39:09"
"Frontend\PlantProcess.Web\src\pages\DataIntegration\AdminTabRedirect.tsx","04_Frontend_App","Frontend App: PlantProcess.Web Core Source (HMI)","TypeScript Source",".tsx","25","1122","1.1","E4373BCC96B29E778115DBCA161A167F9801BD6D337534D68A55CE1AFDC0BEA7","False","2026-07-09 14:53:13"
"Frontend\PlantProcess.Web\src\pages\DataIntegration\AlertingPage.css","04_Frontend_App","Frontend App: PlantProcess.Web Core Source (HMI)","Stylesheet",".css","6","323","0.32","413DD974BAA0BA594A03C4F48129D7968AB9914689FEAB335E0206D5D0CF7C39","False","2026-07-15 21:15:24"
"Frontend\PlantProcess.Web\src\pages\DataIntegration\AlertingPage.tsx","04_Frontend_App","Frontend App: PlantProcess.Web Core Source (HMI)","TypeScript Source",".tsx","248","8681","8.48","A414E6CAC41D0AD6680295AC290BD5037998FE5C1940D2EC899FE5B54597D6D7","False","2026-07-16 14:58:15"
"Frontend\PlantProcess.Web\src\pages\DataIntegration\AuthorMappingPage.css","04_Frontend_App","Frontend App: PlantProcess.Web Core Source (HMI)","Stylesheet",".css","15","583","0.57","20DE30A2053FD2123B82637B7F39A683153C46C7C0E7782186349C18E83E4546","False","2026-07-15 21:15:24"
"Frontend\PlantProcess.Web\src\pages\DataIntegration\AuthorMappingPage.tsx","04_Frontend_App","Frontend App: PlantProcess.Web Core Source (HMI)","TypeScript Source",".tsx","360","13102","12.79","633D0F65710DEBC3685DFF9BBB36B60481A31912220D621651314FDF60A7EEED","False","2026-07-16 14:58:15"
"Frontend\PlantProcess.Web\src\pages\DataIntegration\ConnectorTruthPage.tsx","04_Frontend_App","Frontend App: PlantProcess.Web Core Source (HMI)","TypeScript Source",".tsx","89","3844","3.75","3AAB4D5BBF7AD7E81DD1BCD6A0973B975B62E2E1EE58A999C7ECCDBF75B76230","False","2026-07-09 14:53:13"
"Frontend\PlantProcess.Web\src\pages\DataIntegration\DataIntegrationLayout.tsx","04_Frontend_App","Frontend App: PlantProcess.Web Core Source (HMI)","TypeScript Source",".tsx","91","3360","3.28","E81DFC41E5B0B0A1FE0C998EA28771786381947F51436CEE4688B1FF8CF67A93","False","2026-07-15 21:15:24"
"Frontend\PlantProcess.Web\src\pages\DataIntegration\DataIntegrationRoutes.tsx","04_Frontend_App","Frontend App: PlantProcess.Web Core Source (HMI)","TypeScript Source",".tsx","38","1469","1.43","2AD3728242B215ABDB8A55ECB3613BC893798342ED9BA35846A315A0A145AF2E","False","2026-07-09 14:53:13"
"Frontend\PlantProcess.Web\src\pages\DataIntegration\SupervisorReportPage.css","04_Frontend_App","Frontend App: PlantProcess.Web Core Source (HMI)","Stylesheet",".css","86","1992","1.95","037B840A04CF69392A1E3A95C63A6C6C9599E52D68E93940C6759443574FCC4E","False","2026-07-25 16:51:11"
"Frontend\PlantProcess.Web\src\pages\DataIntegration\SupervisorReportPage.tsx","04_Frontend_App","Frontend App: PlantProcess.Web Core Source (HMI)","TypeScript Source",".tsx","118","3649","3.56","1FB4F54D3F61E27EC3E639A12B396AEF65541002B0E16F1BAAC3C7C88E888937","False","2026-07-25 16:51:11"
"Frontend\PlantProcess.Web\src\pages\DataQuality\DataQualityPage.tsx","04_Frontend_App","Frontend App: PlantProcess.Web Core Source (HMI)","TypeScript Source",".tsx","5","187","0.18","2616FEE6D982476F996DC861135DDB8FA74B7AF339AD4A03061681468EB729D1","False","2026-07-04 18:23:45"
"Frontend\PlantProcess.Web\src\pages\DynamicPage\dynamic-page.css","04_Frontend_App","Frontend App: PlantProcess.Web Core Source (HMI)","Stylesheet",".css","120","2421","2.36","518F0A9F961F13D4FD9DBB33D6F894AD5021FACD36A96CFD41065CD317DE5F5C","False","2026-07-04 18:23:45"
"Frontend\PlantProcess.Web\src\pages\DynamicPage\DynamicPage.tsx","04_Frontend_App","Frontend App: PlantProcess.Web Core Source (HMI)","TypeScript Source",".tsx","189","5571","5.44","DC406B13C0D2235F77A5C04D0ABDCA8E74B4051A2D48F06FE119A323E5E4B56C","False","2026-07-04 18:23:45"
"Frontend\PlantProcess.Web\src\pages\EdgeCollector\EdgeCollectorPage.tsx","04_Frontend_App","Frontend App: PlantProcess.Web Core Source (HMI)","TypeScript Source",".tsx","265","10951","10.69","0E818C76C1E146B40E9559FA6946A1045C0B0BE9FB07F477E8613B33FAC6F76A","False","2026-07-09 12:23:13"
"Frontend\PlantProcess.Web\src\pages\HistorianConnector\HistorianConnectorPage.tsx","04_Frontend_App","Frontend App: PlantProcess.Web Core Source (HMI)","TypeScript Source",".tsx","278","10495","10.25","31B53DFE057845AE65719BB6D1CA489DE063D26DC402562CBF06AA997B023905","False","2026-07-09 12:23:13"
"Frontend\PlantProcess.Web\src\pages\I18nRtlReadinessPage.tsx","04_Frontend_App","Frontend App: PlantProcess.Web Core Source (HMI)","TypeScript Source",".tsx","41","2631","2.57","E5B50FBC098BB960243BA1AA358553E8AAAE1C71561369779C5692E46517151B","False","2026-07-09 13:47:34"
"Frontend\PlantProcess.Web\src\pages\MappingHealth\MappingHealthPage.tsx","04_Frontend_App","Frontend App: PlantProcess.Web Core Source (HMI)","TypeScript Source",".tsx","58","4987","4.87","66F2FEB1AE2B28D45A0708E6C980CF2DD949E804606012D8997E627E0B778826","False","2026-07-09 11:48:48"
"Frontend\PlantProcess.Web\src\pages\MaterialAnalytics\MaterialAnalyticsPages.tsx","04_Frontend_App","Frontend App: PlantProcess.Web Core Source (HMI)","TypeScript Source",".tsx","997","44542","43.5","B224AAA4D6D4044393B9ABEE25E3B4140752DC9C419EAD1D6FC129EA72ACBD3B","False","2026-07-17 15:01:53"
"Frontend\PlantProcess.Web\src\pages\MaterialAnalytics\productModule56-standard.css","04_Frontend_App","Frontend App: PlantProcess.Web Core Source (HMI)","Stylesheet",".css","226","5358","5.23","E6877B7E79361B8FA8921CD9AC9C7D5FC63660D81AA23FD81E492169EAEB574B","False","2026-07-04 18:23:45"
"Frontend\PlantProcess.Web\src\pages\MaterialInvestigation\MaterialInvestigationPage.tsx","04_Frontend_App","Frontend App: PlantProcess.Web Core Source (HMI)","TypeScript Source",".tsx","445","14854","14.51","39BE150AA5B08D282CA838877763820B85AB70F4EB22878A0EA1648B5AB473F3","False","2026-07-15 12:33:46"
"Frontend\PlantProcess.Web\src\pages\MaterialInvestigation\p03p04-workbench.css","04_Frontend_App","Frontend App: PlantProcess.Web Core Source (HMI)","Stylesheet",".css","265","4966","4.85","96F80CFC8852EA0A398C9B90F5A58EB26364DBF4BAC27C3574ABE2E7CC7BF8A9","False","2026-07-04 18:23:45"
"Frontend\PlantProcess.Web\src\pages\MaterialInvestigationPage.tsx","04_Frontend_App","Frontend App: PlantProcess.Web Core Source (HMI)","TypeScript Source",".tsx","12","459","0.45","0FB6EDBF6F7C2EFCEF17DA80851F1306ED6F2301C6EB74326CAEC8FB481F72D7","False","2026-07-25 11:52:45"
"Frontend\PlantProcess.Web\src\pages\MlReadiness\ml-readiness.css","04_Frontend_App","Frontend App: PlantProcess.Web Core Source (HMI)","Stylesheet",".css","145","2912","2.84","711D27383263485F1CFFFDD48206E5E0561482F6FE4EC3662FD3BE7C7EC08EA5","False","2026-07-04 18:23:45"
"Frontend\PlantProcess.Web\src\pages\MlReadiness\MlReadinessPage.tsx","04_Frontend_App","Frontend App: PlantProcess.Web Core Source (HMI)","TypeScript Source",".tsx","5","187","0.18","42537EAA66F321F334DA174C60E5348A35EA3871B267D773CEB2B7E934311A06","False","2026-07-04 18:23:45"
"Frontend\PlantProcess.Web\src\pages\PageBuilder\__tests__\pageBuilderBridge.test.tsx","04_Frontend_App","Frontend App: PlantProcess.Web Core Source (HMI)","TypeScript Source",".tsx","209","8987","8.78","67783B182F66EC9F765AEA36E4FEB47610D50803178FC639CF0BF6C1F7B074A8","False","2026-08-09 16:41:53"
"Frontend\PlantProcess.Web\src\pages\PageBuilder\__tests__\pageBuilderLayout.test.tsx","04_Frontend_App","Frontend App: PlantProcess.Web Core Source (HMI)","TypeScript Source",".tsx","219","8541","8.34","C2EFB9D094601382233DEF283C34EC2099CF3273ADFC7DD41DD15497C58079EA","False","2026-08-09 16:41:53"
"Frontend\PlantProcess.Web\src\pages\PageBuilder\__tests__\pageBuilderReducer.test.ts","04_Frontend_App","Frontend App: PlantProcess.Web Core Source (HMI)","TypeScript Source",".ts","170","5977","5.84","6698FF34A43AAF264424FF0703D000D0AA768E82DE95EE5E8656D349BF7ADDAB","False","2026-08-08 20:03:28"
"Frontend\PlantProcess.Web\src\pages\PageBuilder\page-builder.css","04_Frontend_App","Frontend App: PlantProcess.Web Core Source (HMI)","Stylesheet",".css","106","2038","1.99","5C174BCD53DAE9FBFDDC97CA3BAD83C2E9C1B384D8C0586056381848B80243F0","False","2026-07-04 18:23:45"
"Frontend\PlantProcess.Web\src\pages\PageBuilder\PageBuilderPage.implementation.tsx","04_Frontend_App","Frontend App: PlantProcess.Web Core Source (HMI)","TypeScript Source",".tsx","878","31086","30.36","25DB28EE726B50D0B1DB00CE13CB570123CE69A7367CC7E62D5014C5A4C155D8","False","2026-08-09 16:49:19"
"Frontend\PlantProcess.Web\src\pages\PageBuilder\PageBuilderPage.tsx","04_Frontend_App","Frontend App: PlantProcess.Web Core Source (HMI)","TypeScript Source",".tsx","2","112","0.11","587649A966C5F1F676636974E7FEC6E97D54852103DD2F3A7E8A151F4ACC7FC8","False","2026-07-04 18:23:45"
"Frontend\PlantProcess.Web\src\pages\PageBuilder\pageBuilderReducer.ts","04_Frontend_App","Frontend App: PlantProcess.Web Core Source (HMI)","TypeScript Source",".ts","275","7452","7.28","67BD205EEEB389DA22E312F96C8F540FD1060355D65A2D4DC3B9D24D3F9E7C1A","False","2026-08-08 20:03:28"
"Frontend\PlantProcess.Web\src\pages\Phase10\phase10-license.css","04_Frontend_App","Frontend App: PlantProcess.Web Core Source (HMI)","Stylesheet",".css","97","1841","1.8","37ECA89A0F56F96959E91DA6D007BECCE68B29E73D4A9690F17DA3893EF99514","False","2026-07-04 18:23:45"
"Frontend\PlantProcess.Web\src\pages\Phase7ValueScenario\phase7-value-scenario.css","04_Frontend_App","Frontend App: PlantProcess.Web Core Source (HMI)","Stylesheet",".css","78","1628","1.59","405A7606A3EA55CC372E51C3A70A973748329760A3E639B23CCFE2078B553786","False","2026-07-04 18:23:45"
"Frontend\PlantProcess.Web\src\pages\Phase7ValueScenario\phase7ValueScenarioMath.test.ts","04_Frontend_App","Frontend App: PlantProcess.Web Core Source (HMI)","TypeScript Source",".ts","71","1829","1.79","AF628B9B160AFE6A1066E5D0752C65384B3AE91532563B3D8B201EBFEDB76EA6","False","2026-07-04 18:23:45"
"Frontend\PlantProcess.Web\src\pages\Phase7ValueScenario\phase7ValueScenarioMath.ts","04_Frontend_App","Frontend App: PlantProcess.Web Core Source (HMI)","TypeScript Source",".ts","131","4101","4","A6CCFE1D06BC8BE0A32C6283E19E34C6FD71A2EABC9F83E68C5CA254D77C686C","False","2026-07-04 18:23:45"
"Frontend\PlantProcess.Web\src\pages\Phase7ValueScenario\Phase7ValueScenarioPage.tsx","04_Frontend_App","Frontend App: PlantProcess.Web Core Source (HMI)","TypeScript Source",".tsx","217","8252","8.06","1B6635D70DE93EBD5BB12CB36F5C3E37706C7AB185EB90713CE509A18EECC002","False","2026-07-09 11:48:48"
"Frontend\PlantProcess.Web\src\pages\Phase8\AssistantConfigurationPage.tsx","04_Frontend_App","Frontend App: PlantProcess.Web Core Source (HMI)","TypeScript Source",".tsx","192","7843","7.66","3E4650B8776D3E67D1AA1144D8F456FE6CF163FBD6C15BC1F296D3E6C0602605","False","2026-07-15 12:33:46"
"Frontend\PlantProcess.Web\src\pages\Phase8\phase8-ai.css","04_Frontend_App","Frontend App: PlantProcess.Web Core Source (HMI)","Stylesheet",".css","120","2179","2.13","153669FD2228FD27B6935FB1D36951E67C9EF7A763E31E3753F5978EE676DC45","False","2026-07-04 18:23:45"
"Frontend\PlantProcess.Web\src\pages\Phase8\phase8AssistantView.test.ts","04_Frontend_App","Frontend App: PlantProcess.Web Core Source (HMI)","TypeScript Source",".ts","35","1154","1.13","99DBCC042828ADC3BE8FA42E726EA23BE63035316B5E8D424489963A2E6CA517","False","2026-07-09 11:15:50"
"Frontend\PlantProcess.Web\src\pages\Phase8\SuggestionRecommendationPage.tsx","04_Frontend_App","Frontend App: PlantProcess.Web Core Source (HMI)","TypeScript Source",".tsx","179","7831","7.65","AF83FFC4F7E5AFC21067A7B6ED60DAF954746711ECF4D2CC9C7D03794497BB94","False","2026-07-25 16:03:25"
"Frontend\PlantProcess.Web\src\pages\Phase9\ExecutivePersonaDashboardPage.tsx","04_Frontend_App","Frontend App: PlantProcess.Web Core Source (HMI)","TypeScript Source",".tsx","32","1252","1.22","68DC85B0E3B4EB58D4052E6413D824CB864FB82217AF3F8F16CE3F0E50C0053A","False","2026-07-09 15:19:52"
"Frontend\PlantProcess.Web\src\pages\Phase9\PersonaAccessMatrixPage.tsx","04_Frontend_App","Frontend App: PlantProcess.Web Core Source (HMI)","TypeScript Source",".tsx","49","2087","2.04","6E60F8AA5E954259BCD25BFD2865F919B929FA317DC6BF03B29025ECB8376CA7","False","2026-07-09 15:43:35"
"Frontend\PlantProcess.Web\src\pages\Phase9\phase9-personas.css","04_Frontend_App","Frontend App: PlantProcess.Web Core Source (HMI)","Stylesheet",".css","50","980","0.96","122B6FAF7307F0BC80CA1416038D14EC5EF3FC1EFAF71072E340C7356BDC3C0F","False","2026-07-04 18:23:45"
"Frontend\PlantProcess.Web\src\pages\PlatformOps\demo-analytics.css","04_Frontend_App","Frontend App: PlantProcess.Web Core Source (HMI)","Stylesheet",".css","97","1907","1.86","086A07B9AB8A64E3BCB0DA248F993349F7966D21012F0908543CC4D5326B7049","False","2026-07-04 18:23:45"
"Frontend\PlantProcess.Web\src\pages\PlatformOps\DemoAnalyticsPages.implementation.tsx","04_Frontend_App","Frontend App: PlantProcess.Web Core Source (HMI)","TypeScript Source",".tsx","274","11457","11.19","D2F676CB41B5E9393C7762FA735F8DC0E870676AE706C5E501932274D2C15D7A","False","2026-07-09 13:47:34"
"Frontend\PlantProcess.Web\src\pages\PlatformOps\DemoAnalyticsPages.tsx","04_Frontend_App","Frontend App: PlantProcess.Web Core Source (HMI)","TypeScript Source",".tsx","1","54","0.05","9EA5418EE5C62A5E92278697BA381C431626718C352F6F9C3A10DDD8C99B81B5","False","2026-07-04 18:23:45"
"Frontend\PlantProcess.Web\src\pages\Prep\CanvasDebugLog.css","04_Frontend_App","Frontend App: PlantProcess.Web Core Source (HMI)","Stylesheet",".css","114","3025","2.95","698754D2014469A4C50258E821012C57EA5428EC1A7B3D1A9F342A10716FEBFC","False","2026-08-06 22:53:42"
"Frontend\PlantProcess.Web\src\pages\Prep\CanvasDebugLog.tsx","04_Frontend_App","Frontend App: PlantProcess.Web Core Source (HMI)","TypeScript Source",".tsx","171","6140","6","C961036450674BB21B19AA00DA9D4D32F89698E428D61F867711108E4FC501BA","False","2026-08-04 12:53:32"
"Frontend\PlantProcess.Web\src\pages\Prep\CanvasDefinitionEditors.css","04_Frontend_App","Frontend App: PlantProcess.Web Core Source (HMI)","Stylesheet",".css","59","1214","1.19","45224E35B027E4B9B88853315D533AD31E0A8419FDA1E66102BD36F0E912AEFA","False","2026-07-26 09:35:52"
"Frontend\PlantProcess.Web\src\pages\Prep\CanvasModeBar.css","04_Frontend_App","Frontend App: PlantProcess.Web Core Source (HMI)","Stylesheet",".css","163","3848","3.76","1D0F37AC409714F98A8DD21044AEED5003079B59EAB0978381D440B92C3CCDAD","False","2026-08-06 22:53:42"
"Frontend\PlantProcess.Web\src\pages\Prep\CanvasSchemaTree.css","04_Frontend_App","Frontend App: PlantProcess.Web Core Source (HMI)","Stylesheet",".css","98","2241","2.19","0E9D75BFB11FD96EDE20AF031D2E9746A40DA1D055155349FFDA1D4A26E20BB5","False","2026-08-06 22:53:42"
"Frontend\PlantProcess.Web\src\pages\RiskDashboard\RiskDashboardPage.tsx","04_Frontend_App","Frontend App: PlantProcess.Web Core Source (HMI)","TypeScript Source",".tsx","5","199","0.19","9B03D645B570F9E48CC08C7A8EDFE7E9251F1331994BCBD5C52013FAE472B80B","False","2026-07-04 18:23:45"
"Frontend\PlantProcess.Web\src\pages\sourceImportPrep.css","04_Frontend_App","Frontend App: PlantProcess.Web Core Source (HMI)","Stylesheet",".css","201","4051","3.96","6C6D3553D5A04E3888A34E65B95567FE7200141D4D2E12AE62BC29DC9C9FBA6C","False","2026-07-25 11:52:44"
"Frontend\PlantProcess.Web\src\pages\SourceImportPrepPage.tsx","04_Frontend_App","Frontend App: PlantProcess.Web Core Source (HMI)","TypeScript Source",".tsx","329","12892","12.59","F57D273C3F0AE3AED6AF86BD3B6478B8DAC88A98CEC5EEAB4E309850448B0743","False","2026-07-25 11:52:44"
"Frontend\PlantProcess.Web\src\pages\V5ConnectorsIdentityPage.tsx","04_Frontend_App","Frontend App: PlantProcess.Web Core Source (HMI)","TypeScript Source",".tsx","147","4618","4.51","8C1CCCB2FC1A0027F035C7BB5F48338F786FBE4D256B85F1F39638CC6631CE99","False","2026-07-04 18:23:45"
"Frontend\PlantProcess.Web\src\pages\V5NoCodeMapperPage.tsx","04_Frontend_App","Frontend App: PlantProcess.Web Core Source (HMI)","TypeScript Source",".tsx","131","4169","4.07","826649CC9D803BA67AB62AAD3B31A7017076A27EA53AC21B26C64AC01CC40E16","False","2026-07-04 18:23:45"
"Frontend\PlantProcess.Web\src\pages\V5OutboundI18nMobilePage.tsx","04_Frontend_App","Frontend App: PlantProcess.Web Core Source (HMI)","TypeScript Source",".tsx","200","6340","6.19","E1C8086C360583BCF0AB8D938BFA863E2B029592812875652D04577E287DB1DA","False","2026-07-04 18:23:45"
"Frontend\PlantProcess.Web\src\pages\V5SsoLicensingPage.tsx","04_Frontend_App","Frontend App: PlantProcess.Web Core Source (HMI)","TypeScript Source",".tsx","157","4789","4.68","B06BE3F2A7958A23EBE439EA1FC3F149B78E8EB8298B97308F0324D7A728DCAE","False","2026-07-04 18:23:45"
"Frontend\PlantProcess.Web\src\pages\ValueEvidence\CostAssumptionManagementPage.tsx","04_Frontend_App","Frontend App: PlantProcess.Web Core Source (HMI)","TypeScript Source",".tsx","232","7222","7.05","3BCAF2418CCC907815C17DD12BB293DF8C3B196B2582E43D84986EE2322F335D","False","2026-07-04 18:23:45"
"Frontend\PlantProcess.Web\src\pages\ValueExecutive\p3t14ValueExecutive.test.ts","04_Frontend_App","Frontend App: PlantProcess.Web Core Source (HMI)","TypeScript Source",".ts","88","2615","2.55","CD91D0B4E92564B645A039A5BDF26E1D71E5269FFF639FA5B8BA4C36136B340F","False","2026-07-04 18:23:45"
"Frontend\PlantProcess.Web\src\pages\ValueExecutive\value-executive.css","04_Frontend_App","Frontend App: PlantProcess.Web Core Source (HMI)","Stylesheet",".css","186","3641","3.56","346DEB626EB516B6F22A54DC4B4D6EEAAC5B1CCFF455C76C875F614CCB7C560B","False","2026-07-04 18:23:45"
"Frontend\PlantProcess.Web\src\pages\ValueExecutive\ValueExecutiveDashboardPage.tsx","04_Frontend_App","Frontend App: PlantProcess.Web Core Source (HMI)","TypeScript Source",".tsx","219","9699","9.47","80DE9257534FA73886E7A6456F02FEB4C32EC3F75C0B8701762DBAD31263C9D1","False","2026-07-04 18:23:45"
"Frontend\PlantProcess.Web\src\phase11\phase11HeatmapInteractions.test.ts","04_Frontend_App","Frontend App: PlantProcess.Web Core Source (HMI)","TypeScript Source",".ts","41","1480","1.45","C935821ABB7FB7E35D5A6D222B939EBB059030F1FE88B7A86F2CD2845904354E","False","2026-07-04 18:23:45"
"Frontend\PlantProcess.Web\src\phase11\phase11HeatmapInteractions.ts","04_Frontend_App","Frontend App: PlantProcess.Web Core Source (HMI)","TypeScript Source",".ts","90","2514","2.46","CC828ECF29962F1767EA53555C4622AD86741F29475ECF81FCED074CA08F4030","False","2026-07-04 18:23:45"
"Frontend\PlantProcess.Web\src\phase11\phase11StandardControlContract.test.ts","04_Frontend_App","Frontend App: PlantProcess.Web Core Source (HMI)","TypeScript Source",".ts","28","1352","1.32","DF0C4FB59BA2A2C9768F661325B58C498D9BEDC5DF18462C5D20B03A2BC9D5D4","False","2026-07-04 18:23:45"
"Frontend\PlantProcess.Web\src\phase11\phase11StandardControlContract.ts","04_Frontend_App","Frontend App: PlantProcess.Web Core Source (HMI)","TypeScript Source",".ts","68","2091","2.04","DCF29EE1A7AAE120914108E08D8F37557386EFBE7763AC8C1530CC366A8D786E","False","2026-07-04 18:23:45"
"Frontend\PlantProcess.Web\src\phase11\phase11UiState.test.ts","04_Frontend_App","Frontend App: PlantProcess.Web Core Source (HMI)","TypeScript Source",".ts","44","1691","1.65","21B2C02DD4C10244C929C11ADD63EE51AED1C5F310C1DCCCEE5D27423ACE4180","False","2026-07-04 18:23:45"
"Frontend\PlantProcess.Web\src\phase11\phase11UiState.ts","04_Frontend_App","Frontend App: PlantProcess.Web Core Source (HMI)","TypeScript Source",".ts","93","2463","2.41","028662709034197B44B27E6E12FE17BEFD0E79F788E98D2C758EE86610DDBA44","False","2026-07-04 18:23:45"
"Frontend\PlantProcess.Web\src\phase11\phase11WidgetLayout.test.ts","04_Frontend_App","Frontend App: PlantProcess.Web Core Source (HMI)","TypeScript Source",".ts","66","1951","1.91","58957C6FCCBC7926A218AB4CF18B56744D022F9B4D67225ED0E45D5E67002CFB","False","2026-07-04 18:23:45"
"Frontend\PlantProcess.Web\src\phase11\phase11WidgetLayout.ts","04_Frontend_App","Frontend App: PlantProcess.Web Core Source (HMI)","TypeScript Source",".ts","106","2406","2.35","10233C596F12DEEA4D0012BCEB4269A8A01AEF76AAC37458CE34A793D235161E","False","2026-07-04 18:23:45"
"Frontend\PlantProcess.Web\src\phase11\phase5HeatmapRegression.test.ts","04_Frontend_App","Frontend App: PlantProcess.Web Core Source (HMI)","TypeScript Source",".ts","62","2965","2.9","6EDD62CB5F0AFDC848C151AA383ACC07B8AE495C00C0891B61B24E61ED94C024","False","2026-07-04 18:23:45"
"Frontend\PlantProcess.Web\src\refactor\phase56\phase56RefactorRegistry.ts","04_Frontend_App","Frontend App: PlantProcess.Web Core Source (HMI)","TypeScript Source",".ts","31","1110","1.08","6252B00142D882FB27560D1D5FF49C023141D31374CED8DDEC0A7A044C6A8C4C","False","2026-07-27 12:44:32"
"Frontend\PlantProcess.Web\src\security\roleAccess.test.ts","04_Frontend_App","Frontend App: PlantProcess.Web Core Source (HMI)","TypeScript Source",".ts","37","1577","1.54","3A7C9638F6589E6BB9C33BC3BCED495737F4AAE99843532E429CCD943574F2A0","False","2026-07-09 15:43:35"
"Frontend\PlantProcess.Web\src\security\roleAccess.ts","04_Frontend_App","Frontend App: PlantProcess.Web Core Source (HMI)","TypeScript Source",".ts","174","7504","7.33","F14FEF36EBDBECAD8A43F10F601BA8808CE16778C57C52676ED81B6DD48B09C4","False","2026-07-09 15:43:35"
"Frontend\PlantProcess.Web\src\state\__tests__\associativeFields.test.ts","04_Frontend_App","Frontend App: PlantProcess.Web Core Source (HMI)","TypeScript Source",".ts","98","4328","4.23","80E3252E36E9F5F8292E121981C909FD348CBDA890C3F5D9F94CF6E6FB1F1F31","False","2026-08-16 12:02:52"
"Frontend\PlantProcess.Web\src\state\__tests__\AuthContext.bootstrap.test.tsx","04_Frontend_App","Frontend App: PlantProcess.Web Core Source (HMI)","TypeScript Source",".tsx","54","1987","1.94","2C980F3202D6FFB64E82337864E996403CBEDC755D6403B56A1CC54F172914DA","False","2026-07-04 18:23:45"
"Frontend\PlantProcess.Web\src\state\__tests__\AuthContext.inMemory.contract.test.tsx","04_Frontend_App","Frontend App: PlantProcess.Web Core Source (HMI)","TypeScript Source",".tsx","26","917","0.9","22453C4DAB5E747987E21504DDD262E2BCB5D4E282B317C355E3D9BCB503C3FC","False","2026-07-04 18:23:45"
"Frontend\PlantProcess.Web\src\state\__tests__\dashboardLayoutSerialisation.test.ts","04_Frontend_App","Frontend App: PlantProcess.Web Core Source (HMI)","TypeScript Source",".ts","105","3607","3.52","FD45607FB1DAED0D9796CC77B0DF00FFEF9C0AEA780D5E6C029FBDB0C9A1C699","False","2026-08-16 12:16:01"
"Frontend\PlantProcess.Web\src\state\__tests__\LicenseContext.gating.test.tsx","04_Frontend_App","Frontend App: PlantProcess.Web Core Source (HMI)","TypeScript Source",".tsx","51","1745","1.7","84CE07EBB3D3339A762B24DDB0D6EEA04C069F67838F83ECF5C21ACE001A4D8C","False","2026-07-04 18:23:45"
"Frontend\PlantProcess.Web\src\state\AssociativeContext.tsx","04_Frontend_App","Frontend App: PlantProcess.Web Core Source (HMI)","TypeScript Source",".tsx","201","8896","8.69","1C4C2E6AD7D3722F6731D679E697A7443A381C53B77AA75AB744FDE29BB61559","False","2026-08-16 12:02:52"
"Frontend\PlantProcess.Web\src\state\associativeFields.ts","04_Frontend_App","Frontend App: PlantProcess.Web Core Source (HMI)","TypeScript Source",".ts","53","2319","2.26","960D46BCDE241B233AB1240F9858A82DECDC164BAE4083A853155081BBFACB11","False","2026-08-16 12:02:52"
"Frontend\PlantProcess.Web\src\state\AuthContext.tsx","04_Frontend_App","Frontend App: PlantProcess.Web Core Source (HMI)","TypeScript Source",".tsx","324","9848","9.62","A1627740A9FFA1B1B0FE6BFFBB6013FC9A8F3F23203F16A9E928E035C01090EC","False","2026-07-04 18:23:45"
"Frontend\PlantProcess.Web\src\state\DashboardFilterContext.tsx","04_Frontend_App","Frontend App: PlantProcess.Web Core Source (HMI)","TypeScript Source",".tsx","199","6371","6.22","449B4B12224E4B275041681D5306A7C3E50CB6098EDB4843B4724B28A4C96453","False","2026-07-23 10:25:38"
"Frontend\PlantProcess.Web\src\state\DashboardGridLayoutContext.implementation.tsx","04_Frontend_App","Frontend App: PlantProcess.Web Core Source (HMI)","TypeScript Source",".tsx","552","18202","17.78","4DEA19BABA3DEA695D7B69882D42F485ED284352304BC249563B522183884E04","False","2026-07-04 18:23:45"
"Frontend\PlantProcess.Web\src\state\DashboardGridLayoutContext.tsx","04_Frontend_App","Frontend App: PlantProcess.Web Core Source (HMI)","TypeScript Source",".tsx","1","62","0.06","49BECBA651EF40CCDAA9121AAB86BB041107575B9ECF3A5CE5C81139904CD66B","False","2026-07-04 18:23:45"
"Frontend\PlantProcess.Web\src\state\DashboardSelectionContext.tsx","04_Frontend_App","Frontend App: PlantProcess.Web Core Source (HMI)","TypeScript Source",".tsx","373","11547","11.28","4E245F4DC532B1FEDD85D8666EA1F9FA46A8A29C32EADEEF780D9B9B6D9D4CD1","False","2026-08-10 11:34:55"
"Frontend\PlantProcess.Web\src\state\LicenseContext.tsx","04_Frontend_App","Frontend App: PlantProcess.Web Core Source (HMI)","TypeScript Source",".tsx","158","3703","3.62","1EC79CFB2168D33E0EFD3EFE7E863409FB714860D877C80041EDC5296BA03E11","False","2026-07-04 18:23:45"
"Frontend\PlantProcess.Web\src\state\ThemeContext.tsx","04_Frontend_App","Frontend App: PlantProcess.Web Core Source (HMI)","TypeScript Source",".tsx","114","3454","3.37","66BE046096CF16F60C35F28379E7FFB6C4CC801E334BA9453F3FDD822777DA98","False","2026-07-04 18:23:45"
"Frontend\PlantProcess.Web\src\state\widgetSelectionMap.ts","04_Frontend_App","Frontend App: PlantProcess.Web Core Source (HMI)","TypeScript Source",".ts","84","3568","3.48","68E473E119A8DEA04EA117DE693F0AA143E5DBA499A6028A58FC623E33CA0FB5","False","2026-07-25 10:20:06"
"Frontend\PlantProcess.Web\src\state\workspaceLinksSignal.ts","04_Frontend_App","Frontend App: PlantProcess.Web Core Source (HMI)","TypeScript Source",".ts","32","1249","1.22","398916BB2FA665D76D1FA6F2923B5F13E1D64697B441B9AF109F749D9CC56EA6","False","2026-08-08 22:11:17"
"Frontend\PlantProcess.Web\src\styles\base\layout.css","04_Frontend_App","Frontend App: PlantProcess.Web Core Source (HMI)","Stylesheet",".css","13","268","0.26","758D1E5FEC5B0419B855F71DFAC846EE5F7ACBF3CEFEBA13D54CD3BB88666B37","False","2026-07-04 18:23:45"
"Frontend\PlantProcess.Web\src\styles\base\reset.css","04_Frontend_App","Frontend App: PlantProcess.Web Core Source (HMI)","Stylesheet",".css","16","278","0.27","9E482B2AA753ED043A400207FC46C13F88AE8D9CCDFEF214810208DCDFFE337D","False","2026-07-04 18:23:45"
"Frontend\PlantProcess.Web\src\styles\base\tokens.css","04_Frontend_App","Frontend App: PlantProcess.Web Core Source (HMI)","Stylesheet",".css","28","896","0.88","C11705C39358B93E2124DF8DBF8D6D4D4364886A39E3E1791EC8014EF6DDBF8A","False","2026-07-04 18:23:45"
"Frontend\PlantProcess.Web\src\styles\components\components.css","04_Frontend_App","Frontend App: PlantProcess.Web Core Source (HMI)","Stylesheet",".css","25","486","0.47","D3966C5F6AFC50C4D608642D77D4A0F61CD7E32738D2DEB8009733F6303CDCBA","False","2026-07-04 18:23:45"
"Frontend\PlantProcess.Web\src\styles\components\dashboard-components.css","04_Frontend_App","Frontend App: PlantProcess.Web Core Source (HMI)","Stylesheet",".css","893","22918","22.38","A58DF5B9EE7F82DD19259721A5D74CD31678CA6CF4F8D77FEB6B01889B0ED49A","False","2026-08-10 11:58:48"
"Frontend\PlantProcess.Web\src\styles\components\hardening.css","04_Frontend_App","Frontend App: PlantProcess.Web Core Source (HMI)","Stylesheet",".css","113","2456","2.4","FF35E6E73B063B6DBE74BED3A865C83E272949CAB5D2B694AC7F406D8A7011BC","False","2026-07-04 18:23:45"
"Frontend\PlantProcess.Web\src\styles\components\widget-script-step.css","04_Frontend_App","Frontend App: PlantProcess.Web Core Source (HMI)","Stylesheet",".css","64","1490","1.46","A509DEE68B568EEF123920C17AA7DE5181B977B4368714BB7CD2C96EB4848635","False","2026-07-04 18:23:45"
"Frontend\PlantProcess.Web\src\styles\global.css","04_Frontend_App","Frontend App: PlantProcess.Web Core Source (HMI)","Stylesheet",".css","12","432","0.42","055877B0CA7670D7C6ABA5D5FB64A39349E55D88C50B07BDB9B2784AB3DC551C","False","2026-07-04 18:23:45"
"Frontend\PlantProcess.Web\src\styles\hardening.css","04_Frontend_App","Frontend App: PlantProcess.Web Core Source (HMI)","Stylesheet",".css","159","3372","3.29","A38489408707B8F022FB908DA197B623E52918865316E36CF29E716CEF9E63CB","False","2026-07-04 18:23:45"
"Frontend\PlantProcess.Web\src\styles\journey-professional.css","04_Frontend_App","Frontend App: PlantProcess.Web Core Source (HMI)","Stylesheet",".css","493","10465","10.22","9C990C1097C4B01CBBEAFFCE5540B737D5297A976D07FDF4EFAA5EB359BC4C42","False","2026-07-16 14:58:15"
"Frontend\PlantProcess.Web\src\styles\pages\admin.css","04_Frontend_App","Frontend App: PlantProcess.Web Core Source (HMI)","Stylesheet",".css","238","6129","5.99","8B2FB051082C08FF17425331CCEADB790EFE77D3A14B335CD7231E373CB07820","False","2026-07-15 10:38:32"
"Frontend\PlantProcess.Web\src\styles\pages\admin-preview.css","04_Frontend_App","Frontend App: PlantProcess.Web Core Source (HMI)","Stylesheet",".css","500","9357","9.14","675413429D5714B125A37387B11FB1E74EA8D322297C981E261FE20F95A648B2","False","2026-07-04 18:23:45"
"Frontend\PlantProcess.Web\src\styles\pages\commercial-license.css","04_Frontend_App","Frontend App: PlantProcess.Web Core Source (HMI)","Stylesheet",".css","87","1853","1.81","EFC7D2F65A1EC5A75EC5F68881E35E19DD0AE0BF965D07B05515A71825B27C7E","False","2026-07-05 14:16:18"
"Frontend\PlantProcess.Web\src\styles\pages\dashboard.css","04_Frontend_App","Frontend App: PlantProcess.Web Core Source (HMI)","Stylesheet",".css","152","3758","3.67","2972DCC23C55DE44B034C4D653E51B366F73DCFF55CC942B5D042C92EF07C1A7","False","2026-07-04 18:23:45"
"Frontend\PlantProcess.Web\src\styles\phase56\legacy-chunks\legacy-001.css","04_Frontend_App","Frontend App: PlantProcess.Web Core Source (HMI)","Stylesheet",".css","334","8225","8.03","19042597D8A613357688D098F19A83F1242F01FCC167965A5B6E99A801B39257","False","2026-07-04 18:23:45"
"Frontend\PlantProcess.Web\src\styles\phase56\legacy-chunks\legacy-002.css","04_Frontend_App","Frontend App: PlantProcess.Web Core Source (HMI)","Stylesheet",".css","325","6879","6.72","05405BEB4A403AA088B0845B3AE1EAFE4703609892A659793AF374D565CE08DD","False","2026-07-04 18:23:45"
"Frontend\PlantProcess.Web\src\styles\phase56\legacy-chunks\legacy-003.css","04_Frontend_App","Frontend App: PlantProcess.Web Core Source (HMI)","Stylesheet",".css","326","6906","6.74","F447E99933700D7D33CFB835B1CB8FE3A37E071DFBABB9A3FBA29C2F7E4A6565","False","2026-07-04 18:23:45"
"Frontend\PlantProcess.Web\src\styles\phase56\legacy-chunks\legacy-004.css","04_Frontend_App","Frontend App: PlantProcess.Web Core Source (HMI)","Stylesheet",".css","337","7172","7","9173B5D06C275400A9A03831A08B22A5EE10C30269454B747E0710B71E0B56C5","False","2026-07-25 12:25:06"
"Frontend\PlantProcess.Web\src\styles\phase56\legacy-chunks\legacy-005.css","04_Frontend_App","Frontend App: PlantProcess.Web Core Source (HMI)","Stylesheet",".css","326","9550","9.33","ACC69AEE08505753B114F571875B71998E10C9B09B1F8E539A13F839F7967192","False","2026-07-04 18:23:45"
"Frontend\PlantProcess.Web\src\styles\phase56\legacy-chunks\legacy-006.css","04_Frontend_App","Frontend App: PlantProcess.Web Core Source (HMI)","Stylesheet",".css","326","7486","7.31","A4AE919886A2E25E4B06EADCC059FB3D680FB95A38630018B2D3BC1304B483A0","False","2026-07-04 18:23:45"
"Frontend\PlantProcess.Web\src\styles\phase56\legacy-chunks\legacy-007.css","04_Frontend_App","Frontend App: PlantProcess.Web Core Source (HMI)","Stylesheet",".css","347","7567","7.39","9FC58E804B621E1B7AF748323A48ADE7CD69103D2E5F6EAE903001C728AF92C8","False","2026-07-15 10:19:25"
"Frontend\PlantProcess.Web\src\styles\phase56\legacy-chunks\legacy-008.css","04_Frontend_App","Frontend App: PlantProcess.Web Core Source (HMI)","Stylesheet",".css","325","6602","6.45","2FA83A3EF2063CCE12D2E70E9BC300098CCCAB00088DB2BCEA6FB7537E0DB495","False","2026-07-04 18:23:45"
"Frontend\PlantProcess.Web\src\styles\phase56\legacy-chunks\legacy-009.css","04_Frontend_App","Frontend App: PlantProcess.Web Core Source (HMI)","Stylesheet",".css","326","6916","6.75","99DD40E5B75A6C6435EEBDBC5EA7EAEC80599BB253785DAE3C2C7E2E97F9814A","False","2026-07-04 18:23:45"
"Frontend\PlantProcess.Web\src\styles\phase56\legacy-chunks\legacy-010.css","04_Frontend_App","Frontend App: PlantProcess.Web Core Source (HMI)","Stylesheet",".css","94","1916","1.87","D99DFFECF2A73920412AD0EE0755A25DEB162174DE54211B71630A59BAC2F4D5","False","2026-07-04 18:23:45"
"Frontend\PlantProcess.Web\src\styles\phase56\phase56-accessibility.css","04_Frontend_App","Frontend App: PlantProcess.Web Core Source (HMI)","Stylesheet",".css","71","2073","2.02","76B7EB4B289F07189224E451B21E55B993F591CF2E5AE3B3EB5BCDFAD64FA3AB","False","2026-07-04 18:23:45"
"Frontend\PlantProcess.Web\src\styles\phase56\phase56-components.css","04_Frontend_App","Frontend App: PlantProcess.Web Core Source (HMI)","Stylesheet",".css","21","913","0.89","349AD666780D83E6720950348134A526883E3B89F5405E1FA0F95EEB390E025A","False","2026-07-04 18:23:45"
"Frontend\PlantProcess.Web\src\styles\phase56\phase56-migrated-legacy.css","04_Frontend_App","Frontend App: PlantProcess.Web Core Source (HMI)","Stylesheet",".css","16","633","0.62","99CD8DFB4FA12A3B74DE92B93451610807E3340FAD8BA6C450A1043F04A47D79","False","2026-07-04 18:23:45"
"Frontend\PlantProcess.Web\src\styles\phase56\phase56-tokens.css","04_Frontend_App","Frontend App: PlantProcess.Web Core Source (HMI)","Stylesheet",".css","76","2458","2.4","78BCDDE520D552017AA2D2A3E8D0A9C72B009ADA866C9F4C9ED325169EB154A9","False","2026-07-04 18:23:45"
"Frontend\PlantProcess.Web\src\styles\phase78\phase78-i18n-rtl.css","04_Frontend_App","Frontend App: PlantProcess.Web Core Source (HMI)","Stylesheet",".css","45","2843","2.78","DC182EFF5D41C6D9EC770AFAD119366427842276A86BC45CDD4AAB353415DACB","False","2026-07-04 18:23:45"
"Frontend\PlantProcess.Web\src\test\architecture\assistantChain.test.ts","04_Frontend_App","Frontend App: PlantProcess.Web Core Source (HMI)","TypeScript Source",".ts","80","3961","3.87","F7B844F34DAD32E93C632C364CBDC8A597575FBEEC9DCB5F40FB23E76F95369F","False","2026-08-08 15:43:51"
"Frontend\PlantProcess.Web\src\test\architecture\assistantDock.test.ts","04_Frontend_App","Frontend App: PlantProcess.Web Core Source (HMI)","TypeScript Source",".ts","127","5924","5.79","9D198A64729DD6F76481A56E51ED84FF0E536E99BB7D22E48E9D85A02CFBABE2","False","2026-08-08 15:43:51"
"Frontend\PlantProcess.Web\src\test\architecture\authoringLogicalDirection.test.ts","04_Frontend_App","Frontend App: PlantProcess.Web Core Source (HMI)","TypeScript Source",".ts","83","3917","3.83","6B9C5E515BC646329D31E0D87321546BB641E1BAF350210FB687FD2178D08B83","False","2026-08-06 23:19:10"
"Frontend\PlantProcess.Web\src\test\architecture\dataIntegrationIA.test.ts","04_Frontend_App","Frontend App: PlantProcess.Web Core Source (HMI)","TypeScript Source",".ts","74","3253","3.18","0BE68897743E4DFFB4DDACF67063F0A91B061E9DC9ABE1036F5E8C367BDE54A6","False","2026-08-03 10:32:30"
"Frontend\PlantProcess.Web\src\test\architecture\frontendArchitecture.test.ts","04_Frontend_App","Frontend App: PlantProcess.Web Core Source (HMI)","TypeScript Source",".ts","51","1745","1.7","B6EF86B06F760B4CF3BEDD54F2C7727CB349C118076D62FBDBF3CFA4869A2F22","False","2026-08-03 10:32:30"
"Frontend\PlantProcess.Web\src\test\architecture\frontendAuthBootstrap.test.ts","04_Frontend_App","Frontend App: PlantProcess.Web Core Source (HMI)","TypeScript Source",".ts","73","3800","3.71","2B75817914EBD811779AB5B9AB20EDA2EED6A65C2D1AEC4C2623E0C20BAB7545","False","2026-08-08 16:03:33"
"Frontend\PlantProcess.Web\src\test\architecture\journeyProfessionalUi.contract.test.ts","04_Frontend_App","Frontend App: PlantProcess.Web Core Source (HMI)","TypeScript Source",".ts","46","1803","1.76","7BE4A668E568AE7D5EFA3DB51F3AC682A38A0995715C9402827D5009ACE478D0","False","2026-08-03 10:32:30"
"Frontend\PlantProcess.Web\src\test\architecture\journeyRailCanonical.test.ts","04_Frontend_App","Frontend App: PlantProcess.Web Core Source (HMI)","TypeScript Source",".ts","123","5038","4.92","F720F292877F8FA86B291986906979F35A025D2C78F019C0E7E6CC854FF91A3C","False","2026-08-03 10:54:03"
"Frontend\PlantProcess.Web\src\test\architecture\largeFileBoundaries.test.ts","04_Frontend_App","Frontend App: PlantProcess.Web Core Source (HMI)","TypeScript Source",".ts","131","4185","4.09","02B081D80C134E256DB4975B3F42F4F7EA61319C4BEB0C25C29D57336B73B22E","False","2026-08-03 10:32:30"
"Frontend\PlantProcess.Web\src\test\architecture\navigationContract.test.ts","04_Frontend_App","Frontend App: PlantProcess.Web Core Source (HMI)","TypeScript Source",".ts","57","2421","2.36","527CCBEC0B78496B5025AADDE908AAC104D3BABE707B407542967E34441D21B5","False","2026-08-03 10:32:30"
"Frontend\PlantProcess.Web\src\test\architecture\noDebris.test.ts","04_Frontend_App","Frontend App: PlantProcess.Web Core Source (HMI)","TypeScript Source",".ts","33","1403","1.37","D7582313C7D8D640CA4BC6F6082B2E685BD331E2185B7ABBB12E4EB0A943463F","False","2026-08-03 10:32:30"
"Frontend\PlantProcess.Web\src\test\architecture\noHardcodedDemoPages.test.ts","04_Frontend_App","Frontend App: PlantProcess.Web Core Source (HMI)","TypeScript Source",".ts","55","2115","2.07","B97D394E9DB5CACDD04A552E6A2504056B775C081B9912F2A19734ABC373E9DF","False","2026-08-03 10:32:30"
"Frontend\PlantProcess.Web\src\test\architecture\noLegacyApiGrowth.test.ts","04_Frontend_App","Frontend App: PlantProcess.Web Core Source (HMI)","TypeScript Source",".ts","71","2125","2.08","0D141FDD3B312327983B226AAB2E5C833C9A09D90196BF992267CEE16227D424","False","2026-08-03 10:32:30"
"Frontend\PlantProcess.Web\src\test\architecture\noMojibake.test.ts","04_Frontend_App","Frontend App: PlantProcess.Web Core Source (HMI)","TypeScript Source",".ts","79","3602","3.52","29D6C1C615FB9465ADE57024AC488AADA0629B69A0EFBF8095639F8A9175A969","False","2026-08-03 10:32:30"
"Frontend\PlantProcess.Web\src\test\architecture\noPhaseTokensOnDemoPath.test.ts","04_Frontend_App","Frontend App: PlantProcess.Web Core Source (HMI)","TypeScript Source",".ts","298","13959","13.63","63B36BC8FEB10255BDFA8DBB6FFC20BC98D1B431E7773DB2813F9CA0342195FE","False","2026-08-03 10:32:30"
"Frontend\PlantProcess.Web\src\test\architecture\noRawErrorStrings.test.ts","04_Frontend_App","Frontend App: PlantProcess.Web Core Source (HMI)","TypeScript Source",".ts","74","2238","2.19","514DC3CF3EA0581A64D1202A8730CBDEBBD5BED7154E6C28CC633E8524820CDB","False","2026-08-03 10:32:30"
"Frontend\PlantProcess.Web\src\test\architecture\noRawStandardElements.test.ts","04_Frontend_App","Frontend App: PlantProcess.Web Core Source (HMI)","TypeScript Source",".ts","69","2461","2.4","C78D83AAE86AC0904401E49A0537C774A03404F9A23A940D7EFAAE96359A23D6","False","2026-08-03 10:32:30"
"Frontend\PlantProcess.Web\src\test\architecture\noThinReExports.test.ts","04_Frontend_App","Frontend App: PlantProcess.Web Core Source (HMI)","TypeScript Source",".ts","44","2180","2.13","451F2DCC1770E6BBED4DDD8B668104EA2E2BF02DE970CBC1B3EA306600EB0F1C","False","2026-08-03 10:32:30"
"Frontend\PlantProcess.Web\src\test\architecture\P2Close.errorBoundaryDiscipline.test.ts","04_Frontend_App","Frontend App: PlantProcess.Web Core Source (HMI)","TypeScript Source",".ts","66","2655","2.59","E727F4594858C9E31B1E7F77288189830063B60C5E93A33EBB268B203610E1B0","False","2026-08-03 10:32:30"
"Frontend\PlantProcess.Web\src\test\architecture\uiConformance.baseline.json","04_Frontend_App","Frontend App: PlantProcess.Web Core Source (HMI)","JSON Configuration",".json","150","9050","8.84","B61E270F3278C1C33C12EE8C30F300D9E1C64482562E58584A9B348916ED645F","False","2026-07-15 16:01:04"
"Frontend\PlantProcess.Web\src\test\architecture\uiConformanceRatchet.test.ts","04_Frontend_App","Frontend App: PlantProcess.Web Core Source (HMI)","TypeScript Source",".ts","46","2212","2.16","36E20F8CB0578D68B48C057066FA08CE1FFC499AADD60070047ADC04DCCB4194","False","2026-08-03 10:32:30"
"Frontend\PlantProcess.Web\src\test\architecture\vitestEnvironmentContract.test.ts","04_Frontend_App","Frontend App: PlantProcess.Web Core Source (HMI)","TypeScript Source",".ts","63","2554","2.49","FCFB22DE45C50559E945A917E22C75ADC2086FA6646B180BD5DB91BA9E0D6255","False","2026-08-03 10:32:30"
"Frontend\PlantProcess.Web\src\test\architecture\workspaceAnatomyOrder.test.ts","04_Frontend_App","Frontend App: PlantProcess.Web Core Source (HMI)","TypeScript Source",".ts","54","2108","2.06","9971C3DED92D2CB3B2B90BB336424A8FE5934C352F095C4CBB981B89485A1A14","False","2026-08-10 11:34:55"
"Frontend\PlantProcess.Web\src\test\architecture\workspaceEditMode.test.ts","04_Frontend_App","Frontend App: PlantProcess.Web Core Source (HMI)","TypeScript Source",".ts","67","2850","2.78","59BB4038CD3DEA6CC27661535952215D1F72F714A16F3C1AE3F783CEE4652EAE","False","2026-08-10 11:58:48"
"Frontend\PlantProcess.Web\src\test\architecture\workspaceSheetIsolation.test.ts","04_Frontend_App","Frontend App: PlantProcess.Web Core Source (HMI)","TypeScript Source",".ts","70","3001","2.93","F3344824869EAD2536328F20C6146DFDBA561DBCE44A8FEB35D75E5B47BCF821","False","2026-08-10 15:51:08"
"Frontend\PlantProcess.Web\src\test\integration\mockedApi.integration.test.ts","04_Frontend_App","Frontend App: PlantProcess.Web Core Source (HMI)","TypeScript Source",".ts","12","420","0.41","023D4E30C21D7BB72C73CB91A859DFB074B0A548D9274F6B66DC9BE160548E7F","False","2026-07-04 18:23:45"
"Frontend\PlantProcess.Web\src\test\mocks\handlers.ts","04_Frontend_App","Frontend App: PlantProcess.Web Core Source (HMI)","TypeScript Source",".ts","23","491","0.48","A897535DC04A221780187B470CE30F2171F3A3B836905B158058BC42EBCD0896","False","2026-07-04 18:23:45"
"Frontend\PlantProcess.Web\src\test\mocks\server.ts","04_Frontend_App","Frontend App: PlantProcess.Web Core Source (HMI)","TypeScript Source",".ts","4","132","0.13","53BBA17F29A5842D04698AC6F22EEB75789DBEBB31DBAB44C4A8CE5A38A58052","False","2026-07-04 18:23:45"
"Frontend\PlantProcess.Web\src\test\setupTests.ts","04_Frontend_App","Frontend App: PlantProcess.Web Core Source (HMI)","TypeScript Source",".ts","17","326","0.32","936719CF831BFA921BB4BA5D282A0AE50800236579DA7ECBAAFD2A4E24BDFB35","False","2026-07-04 18:23:45"
"Frontend\PlantProcess.Web\src\types\analyticsContracts.ts","04_Frontend_App","Frontend App: PlantProcess.Web Core Source (HMI)","TypeScript Source",".ts","51","2069","2.02","E844FC7D34D43E9F75CFBAEB703E4E78C7032466FDD32FA63308AE29D25F4C3D","False","2026-07-04 18:23:45"
"Frontend\PlantProcess.Web\src\types\execOpsContracts.ts","04_Frontend_App","Frontend App: PlantProcess.Web Core Source (HMI)","TypeScript Source",".ts","48","1566","1.53","B140D7457F5E73021E8B98F0772B5CC7F488D341A427BE659103FD422DDD3A2A","False","2026-07-04 18:23:45"
"Frontend\PlantProcess.Web\src\ui\design-tokens.css","04_Frontend_App","Frontend App: PlantProcess.Web Core Source (HMI)","Stylesheet",".css","44","1267","1.24","A038E09DB1D64092C7D80F589C107DBA71DEB404BEF5EF1C249369C710DD5B93","False","2026-07-04 18:23:45"
"Frontend\PlantProcess.Web\src\ui\index.ts","04_Frontend_App","Frontend App: PlantProcess.Web Core Source (HMI)","TypeScript Source",".ts","1","38","0.04","FDD4F4A31D9A4B21B4A3C4A035734F8D2067A9A42B143B1AED379805A87E8387","False","2026-07-04 18:23:45"
"Frontend\PlantProcess.Web\src\ui\standard-components.css","04_Frontend_App","Frontend App: PlantProcess.Web Core Source (HMI)","Stylesheet",".css","394","9164","8.95","5B3FF426C0E2D7C879FAAF9A3A4DDF5503C124FB9EFB43CFE63637C3FAEE8EFF","False","2026-07-04 18:23:45"
"Frontend\PlantProcess.Web\src\ui\standard-components.implementation.tsx","04_Frontend_App","Frontend App: PlantProcess.Web Core Source (HMI)","TypeScript Source",".tsx","525","15963","15.59","91756694150E2B484A6E04C1617158191947CB53E3E93857BA39D3F772604EC9","False","2026-07-04 18:23:45"
"Frontend\PlantProcess.Web\src\ui\standard-components.stories.tsx","04_Frontend_App","Frontend App: PlantProcess.Web Core Source (HMI)","TypeScript Source",".tsx","192","7191","7.02","18BD4BEB363F0CAE96E7719473066462B31DB00D0294B221AEEF163DC3D69C5A","False","2026-07-04 18:23:45"
"Frontend\PlantProcess.Web\src\ui\standard-components.tsx","04_Frontend_App","Frontend App: PlantProcess.Web Core Source (HMI)","TypeScript Source",".tsx","1","55","0.05","7A2DA4D3814B53932729104989866C27B376BE82DCEC60A5306C19858787F760","False","2026-07-04 18:23:45"
"Frontend\PlantProcess.Web\src\ui\standards\ui-component-specs.md","04_Frontend_App","Frontend App: PlantProcess.Web Core Source (HMI)","Markdown Documentation",".md","82","2508","2.45","3E2360D6C08C90DC156016A196DA01D1057A2B041E3F2EAAE96A2042742DEC69","False","2026-05-30 09:18:01"
"Frontend\PlantProcess.Web\src\utils\dragPerformance.ts","04_Frontend_App","Frontend App: PlantProcess.Web Core Source (HMI)","TypeScript Source",".ts","80","2081","2.03","1A3F9A9171024F598FDCA4FF36FC6189C8B2990BCA9CD606144A2921743EAC17","False","2026-07-04 18:23:45"
"Frontend\PlantProcess.Web\src\utils\errorMapping.ts","04_Frontend_App","Frontend App: PlantProcess.Web Core Source (HMI)","TypeScript Source",".ts","147","4221","4.12","1288624EFED81B0B435F2A5B9268BBC040636B843D157499249C2A29AB5972EB","False","2026-07-04 18:23:45"
"Frontend\PlantProcess.Web\src\utils\frontendDiagnostics.ts","04_Frontend_App","Frontend App: PlantProcess.Web Core Source (HMI)","TypeScript Source",".ts","68","1699","1.66","F4EC4B109BF9B7E2E4CC3D3322BDEC33FC8FA3DA07064826DC3150E44B0C259F","False","2026-07-04 18:23:45"
"Frontend\PlantProcess.Web\tests\e2e\p3t14-value-executive.spec.ts","04_Frontend_App","Frontend App: PlantProcess.Web Core Source (HMI)","TypeScript Source",".ts","47","1956","1.91","764FBA90848FE20C1E187759CA7E956F77B7A1E2B846263EEA928B5FEE26BA67","False","2026-06-10 12:38:34"
"Frontend\PlantProcess.Web\tests\e2e\p3t15-widget-schema-drift.spec.ts","04_Frontend_App","Frontend App: PlantProcess.Web Core Source (HMI)","TypeScript Source",".ts","31","1325","1.29","7BEF75274BFDBACE7C7683CA2BE5B8887BA379A260E00CAB5038E818AC75D377","False","2026-06-10 12:59:37"
"Frontend\PlantProcess.Web\tests\e2e\phase5-analytics.spec.ts","04_Frontend_App","Frontend App: PlantProcess.Web Core Source (HMI)","TypeScript Source",".ts","96","4604","4.5","8C3604EA19C994FE4A5A0BE4F708F3295F70AD8F9ACDDD573A0FC5019B8F7BFF","False","2026-06-13 18:51:45"
"Frontend\PlantProcess.Web\tests\e2e\phase6-exec-ops.spec.ts","04_Frontend_App","Frontend App: PlantProcess.Web Core Source (HMI)","TypeScript Source",".ts","99","4450","4.35","83518D2EBF0D46D88B1450EB66410B9221552B5675CDB191F46FAB872F21FA23","False","2026-06-13 18:51:45"
"Frontend\PlantProcess.Web\tools\check-duplicate-pages.mjs","04_Frontend_App","Frontend App: PlantProcess.Web Core Source (HMI)","Tooling Script",".mjs","28","939","0.92","0F2561CC67D8681B37E79E9E40AFB4E92143B35BECCDBBA3A0AC32440AA7574B","False","2026-06-03 00:28:32"
"Frontend\PlantProcess.Web\tools\dup-pages-guard.mjs","04_Frontend_App","Frontend App: PlantProcess.Web Core Source (HMI)","Tooling Script",".mjs","11","572","0.56","7EB5ACD8DCBF66297B623579E3B794B974C2F16F3002A317827977D5ABFA4614","False","2026-06-03 07:54:02"
"Frontend\PlantProcess.Web\tools\journey-certification\audit-journey-ui.cjs","04_Frontend_App","Frontend App: PlantProcess.Web Core Source (HMI)","Tooling Script",".cjs","145","8030","7.84","05D9ED7726BBFCC6F35DC52CDDA6DC00C75C7F63208AEB5559CFF8A962CEDA6E","False","2026-08-08 15:43:51"
"Frontend\PlantProcess.Web\tools\journey-certification\patch-package.cjs","04_Frontend_App","Frontend App: PlantProcess.Web Core Source (HMI)","Tooling Script",".cjs","15","1004","0.98","51677693EBD9B9D96A62899BB49136C43DD0DA210A4B0C8D1D755F6FF7A4C2B2","False","2026-07-15 21:15:24"
"Frontend\PlantProcess.Web\tools\journey-certification\score-journey-certification.cjs","04_Frontend_App","Frontend App: PlantProcess.Web Core Source (HMI)","Tooling Script",".cjs","127","5897","5.76","2851436834EB4611F5BB95A580601EAC46F305B884AB179B324536C90343415E","False","2026-07-15 21:15:24"
"Frontend\PlantProcess.Web\tools\phase3\apply-phase3-phase4-material-search-hardening.cjs","04_Frontend_App","Frontend App: PlantProcess.Web Core Source (HMI)","Tooling Script",".cjs","1042","34170","33.37","3D671E277782F5DD9CE1E0F3DA48D074FBB47018BA7862E2C08E02FAB4D97C45","False","2026-05-30 10:42:38"
"Frontend\PlantProcess.Web\tools\phase3\finalize-phase3-phase4-acceptance.cjs","04_Frontend_App","Frontend App: PlantProcess.Web Core Source (HMI)","Tooling Script",".cjs","681","22334","21.81","FE6E158199A6CF8A2ABB0D78DFBEA59D9CBC90D1B1C6E0542719D60BF6A7A89E","False","2026-05-30 10:54:44"
"Frontend\PlantProcess.Web\tools\phase3\fix-final-phase34-blockers.cjs","04_Frontend_App","Frontend App: PlantProcess.Web Core Source (HMI)","Tooling Script",".cjs","112","4239","4.14","E72355F9A43A2C5447BE864237EBF016CA1E2616E765BA8ECE14F005D9768883","False","2026-05-30 10:57:23"
"Frontend\PlantProcess.Web\tools\phase3\fix-final-t024-validation-runner.cjs","04_Frontend_App","Frontend App: PlantProcess.Web Core Source (HMI)","Tooling Script",".cjs","71","2547","2.49","A6DD2AA72ADAE296B1F7B73CA8E3CAE8D63374705CE4BDBE119EB14D306C9F1F","False","2026-05-30 11:00:13"
"Frontend\PlantProcess.Web\tools\phase3\fix-package-json-and-acceptance-guard.cjs","04_Frontend_App","Frontend App: PlantProcess.Web Core Source (HMI)","Tooling Script",".cjs","65","2069","2.02","07DCC9C11EF3DD045EA5290773B902E72BFA24C8D92AB20FC75CA4299A02E54D","False","2026-05-30 10:54:43"
"Frontend\PlantProcess.Web\tools\phase3\fix-phase3-phase4-lint-validation.cjs","04_Frontend_App","Frontend App: PlantProcess.Web Core Source (HMI)","Tooling Script",".cjs","281","8974","8.76","4A6753E46A6F907C910163A96E8D3E42DE1281A56782E61B0A7A19C32EE7A6AD","False","2026-05-30 10:45:11"
"Frontend\PlantProcess.Web\tools\phase3\fix-t024-targeted-eslint-gate.cjs","04_Frontend_App","Frontend App: PlantProcess.Web Core Source (HMI)","Tooling Script",".cjs","115","3460","3.38","21BBC25E2CCD51AD96AA9BA10C7E31D9525F2EBD73D7A81B312F3D1576321A44","False","2026-05-30 10:59:00"
"Frontend\PlantProcess.Web\tools\phase3\validate-phase3-phase4-acceptance.cjs","04_Frontend_App","Frontend App: PlantProcess.Web Core Source (HMI)","Tooling Script",".cjs","304","9700","9.47","6A56B843DC9D2F225106BBD42486FD342D2E1F43C8BFBC9412363CCF1D79FA7E","False","2026-05-31 14:07:14"
"Frontend\PlantProcess.Web\tools\phase3\validate-population-on-analysis.mjs","04_Frontend_App","Frontend App: PlantProcess.Web Core Source (HMI)","Tooling Script",".mjs","46","1875","1.83","181A6DB233C958642791BE6AF3D2A964BED9431CC12D1B0A83D08F578A5D909D","False","2026-06-14 22:50:23"
"Frontend\PlantProcess.Web\tools\phase56\apply-phase5-phase6-full-ui-migration.cjs","04_Frontend_App","Frontend App: PlantProcess.Web Core Source (HMI)","Tooling Script",".cjs","1894","73047","71.33","FFACDA041A3FE961A76A8BA1DF1EFA6C14F510D499D211ADAF6A1B2AEA074744","False","2026-05-30 11:14:59"
"Frontend\PlantProcess.Web\tools\phase56\fix-phase56-demo-job-status-fields.cjs","04_Frontend_App","Frontend App: PlantProcess.Web Core Source (HMI)","Tooling Script",".cjs","15","496","0.48","B5B07F8891D638D0650BCECC5138A62108C99695D00B7F79DB75F1CC1D72D118","False","2026-05-30 11:20:12"
"Frontend\PlantProcess.Web\tools\phase56\fix-phase56-operation-progress-contract.cjs","04_Frontend_App","Frontend App: PlantProcess.Web Core Source (HMI)","Tooling Script",".cjs","44","2094","2.04","DE5C358E1953327C81141AE3884886BB865236A4244B094DB6AC25C8DDA18DD3","False","2026-05-30 11:19:02"
"Frontend\PlantProcess.Web\tools\phase56\validate-phase5-phase6-acceptance.cjs","04_Frontend_App","Frontend App: PlantProcess.Web Core Source (HMI)","Tooling Script",".cjs","157","8887","8.68","2BF3494DE9EA4A1F8B93EE7B8C8C0B12F5E11E79B4895A24352B16B21A35E934","False","2026-05-31 14:07:14"
"Frontend\PlantProcess.Web\tools\phase78\fix-phase78-connector-truth-api-name.cjs","04_Frontend_App","Frontend App: PlantProcess.Web Core Source (HMI)","Tooling Script",".cjs","64","2236","2.18","9FEFB914F233816D4B6FDB191ECF089AF296426189EEBF98B18B9CD778F79E95","False","2026-05-30 11:48:33"
"Frontend\PlantProcess.Web\tools\phase78\fix-phase78-t053-license-tier-override-acceptance.cjs","04_Frontend_App","Frontend App: PlantProcess.Web Core Source (HMI)","Tooling Script",".cjs","112","4139","4.04","A41B7F57A72EED93DA1974BCEEAB681E3FA3451AB01BE067502563C2394C8CAD","False","2026-05-30 11:50:21"
"Frontend\PlantProcess.Web\tools\phase9\fix-standardbutton-dedupe-and-props.cjs","04_Frontend_App","Frontend App: PlantProcess.Web Core Source (HMI)","Tooling Script",".cjs","232","5983","5.84","717BD1BA590A4D20A4A3AC4522C98DD00154D608D503A618E3307746CF8A11EE","False","2026-06-03 11:27:01"
"Frontend\PlantProcess.Web\tools\phase9\fix-standardbutton-import-placement.cjs","04_Frontend_App","Frontend App: PlantProcess.Web Core Source (HMI)","Tooling Script",".cjs","186","5036","4.92","BAF8AECC5ECB52A1D4A0EAF34265ABCE7AB6EA62D4D62F421E36563D13F7ABC3","False","2026-06-03 11:24:56"
"Frontend\PlantProcess.Web\tools\phase9\repair-standardbutton-imports.cjs","04_Frontend_App","Frontend App: PlantProcess.Web Core Source (HMI)","Tooling Script",".cjs","2","103","0.1","4ABA7D0A4E2C99223B58BD51EADA0B8178FB14E31D74908BB6DA7C5F6FCEDC2D","False","2026-06-03 11:27:03"
"Frontend\PlantProcess.Web\tools\phase9\standardize-phase9-buttons.cjs","04_Frontend_App","Frontend App: PlantProcess.Web Core Source (HMI)","Tooling Script",".cjs","97","2662","2.6","8C3BB85A3621CCF8A201ACB1D48867F57C50D77B8A289ED1B6E57C869936C545","False","2026-06-04 01:19:42"
"Frontend\PlantProcess.Web\tools\phase9\validate-phase9-ui-quality.mjs","04_Frontend_App","Frontend App: PlantProcess.Web Core Source (HMI)","Tooling Script",".mjs","114","3511","3.43","33429643359CC99E82DCA0CAFC44FC879C740FD112106C3FCCBC8ADCE46B7953","False","2026-06-03 20:05:22"
"Frontend\PlantProcess.Web\tools\ui\audit-ui-instances.mjs","04_Frontend_App","Frontend App: PlantProcess.Web Core Source (HMI)","Tooling Script",".mjs","181","5750","5.62","C92D267B674BE18D655C1E2F6E938714A96FAD66285678F63571E5505CDFA7E5","False","2026-05-30 09:18:01"
"Frontend\PlantProcess.Web\tools\ui\generate-ui-standards-inventory.mjs","04_Frontend_App","Frontend App: PlantProcess.Web Core Source (HMI)","Tooling Script",".mjs","456","15894","15.52","88CA764118237CA6497DBED7A551E26C11D2CE6F17A667248845247C13C32ACB","False","2026-06-24 17:16:41"
"Frontend\PlantProcess.Web\tools\ui\validate-phase2-full-ui-standards.mjs","04_Frontend_App","Frontend App: PlantProcess.Web Core Source (HMI)","Tooling Script",".mjs","43","1619","1.58","FE436D9F0F0A3B04F95FF2CC5998BB24BA4D2BC3C8B543995CE5919B0B503693","False","2026-05-31 14:14:10"
"Frontend\PlantProcess.Web\tools\ui\validate-ui-standards.mjs","04_Frontend_App","Frontend App: PlantProcess.Web Core Source (HMI)","Tooling Script",".mjs","32","1119","1.09","5601EF9351DBBBA49DBD2687253F7F1C4586C547F7142B99CBD4BDC9D21855AA","False","2026-05-31 14:14:10"
"Frontend\PlantProcess.Web\tsconfig.app.json","04_Frontend_App","Frontend App: PlantProcess.Web Core Source (HMI)","JSON Configuration",".json","50","1004","0.98","2E70B418D450134C16DA0F8FAC8C5E9F26FB61DAEE077262EA594D26972C3F63","False","2026-06-09 22:14:30"
"Frontend\PlantProcess.Web\tsconfig.json","04_Frontend_App","Frontend App: PlantProcess.Web Core Source (HMI)","JSON Configuration",".json","7","124","0.12","411611752936F8E5923662284352E016C23F7B1E2A4304DB63277AF8F01D9DB5","False","2026-05-30 08:37:22"
"Frontend\PlantProcess.Web\tsconfig.node.json","04_Frontend_App","Frontend App: PlantProcess.Web Core Source (HMI)","JSON Configuration",".json","22","551","0.54","ABD98EBFC8296F1DF77232E2EA307B01659E5F742ED46865E62C8CCF5A436A15","False","2026-05-30 08:37:22"
"Frontend\PlantProcess.Web\vite.config.ts","04_Frontend_App","Frontend App: PlantProcess.Web Core Source (HMI)","TypeScript Source",".ts","25","456","0.45","EE1AAD177D241591BFB836BB5E1AF19FDD4A7A22D25E82FD87DE9A0BEAF0B6A3","False","2026-05-30 23:37:47"
"Frontend\PlantProcess.Web\vitest.config.ts","04_Frontend_App","Frontend App: PlantProcess.Web Core Source (HMI)","TypeScript Source",".ts","59","1438","1.4","F8796CC340B1827A3A542C1F0D23C311CCFA85FB48DBACF798B15A5041EEA637","False","2026-06-01 15:05:39"
"Frontend\PlantProcess.Web\e2e\a11y\phase56-accessibility.spec.ts","05_Frontend_Misc","Frontend Misc: E2E, Scripts, Test Results, Reports","TypeScript Source",".ts","34","1175","1.15","2837CACFDB738E3ED2861C087C0598C63A9B572FD8D38A634D7D56811BF119B0","False","2026-06-06 11:18:29"
"Frontend\PlantProcess.Web\e2e\admin-db-focused.spec.ts","05_Frontend_Misc","Frontend Misc: E2E, Scripts, Test Results, Reports","TypeScript Source",".ts","109","3404","3.32","0979881B0B9B7DFA8179F78F719B0CC42062B882F9B2FAC929A0003CAA6F1E41","False","2026-05-31 15:20:01"
"Frontend\PlantProcess.Web\e2e\admin-schema-focused.spec.ts","05_Frontend_Misc","Frontend Misc: E2E, Scripts, Test Results, Reports","TypeScript Source",".ts","126","3782","3.69","00AF3610C442F6859BDF582ED937AF63112B82A0382DF2E625823ED01DDDE1EF","False","2026-05-24 13:34:46"
"Frontend\PlantProcess.Web\e2e\api\new-surfaces-contract.spec.ts","05_Frontend_Misc","Frontend Misc: E2E, Scripts, Test Results, Reports","TypeScript Source",".ts","91","4369","4.27","790D20BDEB2EA3333C62A2B4F188F07C10ADBC9482A98612CB0D8A09BB5C6294","False","2026-07-14 13:10:31"
"Frontend\PlantProcess.Web\e2e\api\phase02-data-lifecycle-contract.spec.ts","05_Frontend_Misc","Frontend Misc: E2E, Scripts, Test Results, Reports","TypeScript Source",".ts","8","320","0.31","C90EECDAD7E90C30354B180C8C12BD94877D01B5C17C8A8EA09BFECA6A890374","False","2026-05-31 11:42:05"
"Frontend\PlantProcess.Web\e2e\api\phase03-two-stage-import.spec.ts","05_Frontend_Misc","Frontend Misc: E2E, Scripts, Test Results, Reports","TypeScript Source",".ts","57","2052","2","4C990B18D5DE9F0A65D0BA908681866B75700E79EA93FB930096767B94AF0CD9","False","2026-05-31 15:22:37"
"Frontend\PlantProcess.Web\e2e\api-smoke.spec.ts","05_Frontend_Misc","Frontend Misc: E2E, Scripts, Test Results, Reports","TypeScript Source",".ts","99","3211","3.14","5B581C7FB5D1F75E94DEA0169B5E09A1D395845DA08539887D00DAE1C98B0F57","False","2026-05-20 12:14:47"
"Frontend\PlantProcess.Web\e2e\critical-shell-regression.spec.ts","05_Frontend_Misc","Frontend Misc: E2E, Scripts, Test Results, Reports","TypeScript Source",".ts","22","844","0.82","365E78906E7F0F61B2E0F7A9D797FAB3E811C3712E3C2EC8F934C7F68E9748B3","False","2026-05-19 00:19:15"
"Frontend\PlantProcess.Web\e2e\cross-browser-matrix.spec.ts","05_Frontend_Misc","Frontend Misc: E2E, Scripts, Test Results, Reports","TypeScript Source",".ts","31","1385","1.35","CA81BE2ADA78DF9A74C9E46DD2CCF5AF911A68FC359F3268F03A94815673CC32","False","2026-06-15 10:08:53"
"Frontend\PlantProcess.Web\e2e\dashboard-refresh-filter.spec.ts","05_Frontend_Misc","Frontend Misc: E2E, Scripts, Test Results, Reports","TypeScript Source",".ts","196","5666","5.53","7A6B079E1CB23EFA29E9424F58291FF71ABEC244FC955671D5E36C405769BBDC","False","2026-05-25 15:20:53"
"Frontend\PlantProcess.Web\e2e\demo-path-action-matrix.spec.ts","05_Frontend_Misc","Frontend Misc: E2E, Scripts, Test Results, Reports","TypeScript Source",".ts","83","3487","3.41","09292D17A6FE73180B4D4379A4AF88448C4A934D9A9277CE65D47181C906F7D1","False","2026-06-25 09:26:10"
"Frontend\PlantProcess.Web\e2e\demo-path-controls.spec.ts","05_Frontend_Misc","Frontend Misc: E2E, Scripts, Test Results, Reports","TypeScript Source",".ts","74","4140","4.04","E4D035606AABF133F296ACE39BDCD88795F9EAB00E154D148F7CB2EBF6EFCA37","False","2026-06-15 11:44:12"
"Frontend\PlantProcess.Web\e2e\dimension2-dimension6-readiness.spec.ts","05_Frontend_Misc","Frontend Misc: E2E, Scripts, Test Results, Reports","TypeScript Source",".ts","67","2912","2.84","5C1B6777C2C71A070D16D33909BA4AE6BE9F14D88F4CB7580138C730807D77D9","False","2026-06-06 12:09:32"
"Frontend\PlantProcess.Web\e2e\dimension7-brand-identity.spec.ts","05_Frontend_Misc","Frontend Misc: E2E, Scripts, Test Results, Reports","TypeScript Source",".ts","24","1133","1.11","A62FBCD428D3D10D7233F5EC9A618DDA091DBE5ABFAE963E5021E967A09B8157","False","2026-06-06 12:09:32"
"Frontend\PlantProcess.Web\e2e\fixtures\testCredentials.ts","05_Frontend_Misc","Frontend Misc: E2E, Scripts, Test Results, Reports","TypeScript Source",".ts","14","713","0.7","CD6AC7B8F50480A61ED5C939CC6CA02EBD91CC5118A26E7C502B74D037CE9DCD","False","2026-06-12 22:15:04"
"Frontend\PlantProcess.Web\e2e\full-stack-smoke.spec.ts","05_Frontend_Misc","Frontend Misc: E2E, Scripts, Test Results, Reports","TypeScript Source",".ts","27","880","0.86","03C1B14DC689B71021D84688FC6E6E2AD384C16C1E0AA11D9E7B010AA129C50E","False","2026-05-25 16:17:25"
"Frontend\PlantProcess.Web\e2e\golden-path.spec.ts","05_Frontend_Misc","Frontend Misc: E2E, Scripts, Test Results, Reports","TypeScript Source",".ts","222","5959","5.82","C98C6AE2628A09AF5708FCF797782B85563E80063479C9240B7E907BB61E5FD5","False","2026-06-03 13:47:46"
"Frontend\PlantProcess.Web\e2e\hardening-matrix.spec.ts","05_Frontend_Misc","Frontend Misc: E2E, Scripts, Test Results, Reports","TypeScript Source",".ts","154","4417","4.31","5E1365B4D174E7294B4AE1AB847B8F7C64BEC6302A5D5ECC383D6B69B2EE3F78","False","2026-05-24 13:33:58"
"Frontend\PlantProcess.Web\e2e\helpers\auth.ts","05_Frontend_Misc","Frontend Misc: E2E, Scripts, Test Results, Reports","TypeScript Source",".ts","181","4521","4.42","85B08403F59ADD077CFB4FFD54D800AFD8A3FE1EA798D8173206AE6052A0D846","False","2026-05-30 08:56:45"
"Frontend\PlantProcess.Web\e2e\helpers\e2eFailureFilters.ts","05_Frontend_Misc","Frontend Misc: E2E, Scripts, Test Results, Reports","TypeScript Source",".ts","72","2227","2.17","65041F42685AFEE476AD018A38247BF3A6B1C012798D4C5147E1D474B205019A","False","2026-05-25 14:40:12"
"Frontend\PlantProcess.Web\e2e\helpers\hardening.ts","05_Frontend_Misc","Frontend Misc: E2E, Scripts, Test Results, Reports","TypeScript Source",".ts","176","4773","4.66","649986F140925A2CD7AE8D45615AA6535EAD2C19308C66F16C42B73C594A98A6","False","2026-06-03 13:47:46"
"Frontend\PlantProcess.Web\e2e\helpers\networkGuard.ts","05_Frontend_Misc","Frontend Misc: E2E, Scripts, Test Results, Reports","TypeScript Source",".ts","39","1034","1.01","1AA143FB9E3C818EEF3BFCF2335CEB006AD88D827C1492A75A4C78BCA74EF51C","False","2026-05-19 10:14:19"
"Frontend\PlantProcess.Web\e2e\helpers\phase1Hardening.ts","05_Frontend_Misc","Frontend Misc: E2E, Scripts, Test Results, Reports","TypeScript Source",".ts","174","5015","4.9","8B385C83B8EFA0BB59C29A50801009FB71EAAD7FC4701F77B70FCAEC4D396569","False","2026-06-03 13:47:46"
"Frontend\PlantProcess.Web\e2e\helpers\phase2Guard.ts","05_Frontend_Misc","Frontend Misc: E2E, Scripts, Test Results, Reports","TypeScript Source",".ts","217","5748","5.61","283AF4969A3AE03FB9DEC265DDEF0F1491E3D11EBBC6AB788F88E5AD36EC3834","False","2026-05-25 16:32:28"
"Frontend\PlantProcess.Web\e2e\helpers\phase9ActionMatrix.ts","05_Frontend_Misc","Frontend Misc: E2E, Scripts, Test Results, Reports","TypeScript Source",".ts","181","7718","7.54","D440580816D742A5C9C953CDB1BA31B0D67A97F4EB92369E7EB571A19D0F562B","False","2026-07-03 15:30:03"
"Frontend\PlantProcess.Web\e2e\i18n\phase78-i18n-rtl.spec.ts","05_Frontend_Misc","Frontend Misc: E2E, Scripts, Test Results, Reports","TypeScript Source",".ts","25","1276","1.25","9154F1D67AD66073BC2513C0CC82602CDF94C65ADF61939C4E263954DCADC317","False","2026-06-06 11:48:56"
"Frontend\PlantProcess.Web\e2e\induced-fault-battery.spec.ts","05_Frontend_Misc","Frontend Misc: E2E, Scripts, Test Results, Reports","TypeScript Source",".ts","40","2062","2.01","43E568184E9B76672E5F70CDE9C503781057475F79BB74AB633718FF1294A640","False","2026-06-15 07:40:40"
"Frontend\PlantProcess.Web\e2e\journey-certification\journey-functional.spec.ts","05_Frontend_Misc","Frontend Misc: E2E, Scripts, Test Results, Reports","TypeScript Source",".ts","125","6951","6.79","E4C39F73FE554BAE76C7C608D3ED619E708A7E27D4AC42BA134127D7E4017715","False","2026-07-15 21:15:24"
"Frontend\PlantProcess.Web\e2e\journey-certification\journey-visual-quality.spec.ts","05_Frontend_Misc","Frontend Misc: E2E, Scripts, Test Results, Reports","TypeScript Source",".ts","126","6663","6.51","5ABC017E50DD36A33D5E193CC1613272261000AFD677336B480AC78448C41736","False","2026-07-15 21:15:24"
"Frontend\PlantProcess.Web\e2e\journeys\p00-e2e-consolidation.contract.spec.ts","05_Frontend_Misc","Frontend Misc: E2E, Scripts, Test Results, Reports","TypeScript Source",".ts","68","2283","2.23","C69A5E7CD3E5968519A08947CB93C3BC0DEE9203D5BFACFA1202A2F7585A5ADE","False","2026-05-31 14:48:04"
"Frontend\PlantProcess.Web\e2e\license.setup.ts","05_Frontend_Misc","Frontend Misc: E2E, Scripts, Test Results, Reports","TypeScript Source",".ts","36","1831","1.79","182904BE7E70FC50FEDC36FF9B939C2F3436F342795507C706402711BD0263CF","False","2026-06-23 18:49:35"
"Frontend\PlantProcess.Web\e2e\license-and-demo-lifecycle.spec.ts","05_Frontend_Misc","Frontend Misc: E2E, Scripts, Test Results, Reports","TypeScript Source",".ts","90","3548","3.46","7BEF17472A2A562CC860A4348BBEEF3693126658684D3AA732EE2D2009262E64","False","2026-05-21 14:53:50"
"Frontend\PlantProcess.Web\e2e\license-gate-ux.spec.ts","05_Frontend_Misc","Frontend Misc: E2E, Scripts, Test Results, Reports","TypeScript Source",".ts","27","1069","1.04","03764C57812D5799290984C2EA5A2CE42E034BA1257553525A5EFAA4A88614BC","False","2026-05-24 15:01:51"
"Frontend\PlantProcess.Web\e2e\nav-graph-refresh-survival.spec.ts","05_Frontend_Misc","Frontend Misc: E2E, Scripts, Test Results, Reports","TypeScript Source",".ts","63","1951","1.91","BB32FB931879982565C22579956C5809AC5E81AD0CC2A6D560648B425294E41C","False","2026-05-24 14:48:32"
"Frontend\PlantProcess.Web\e2e\p0-auth-pages-contract.spec.ts","05_Frontend_Misc","Frontend Misc: E2E, Scripts, Test Results, Reports","TypeScript Source",".ts","43","1333","1.3","655C81C294D861B4F43B0EBE392C64B50CC5CE3D151AB4D749AA7549B9BCD2C3","False","2026-06-03 13:29:02"
"Frontend\PlantProcess.Web\e2e\p1-risk-dataquality-contract.spec.ts","05_Frontend_Misc","Frontend Misc: E2E, Scripts, Test Results, Reports","TypeScript Source",".ts","71","1914","1.87","1C6A254CA4284F487AD748E5E1FB89D5CC728694A9C4D6149F9CEA6DD53A68CB","False","2026-05-20 13:04:40"
"Frontend\PlantProcess.Web\e2e\p1-safety-net.spec.ts","05_Frontend_Misc","Frontend Misc: E2E, Scripts, Test Results, Reports","TypeScript Source",".ts","27","1397","1.36","571DD5F0E062007B02D271C08BFDB7D8E4CE4E14419918C64D5B8276053B9C68","False","2026-06-03 00:28:37"
"Frontend\PlantProcess.Web\e2e\p2-t09-action-button-visual.spec.ts","05_Frontend_Misc","Frontend Misc: E2E, Scripts, Test Results, Reports","TypeScript Source",".ts","33","1177","1.15","A751580640BA73E9265089379F87322AEA979432C8353F89CF12313A47DFA8BB","False","2026-06-10 16:22:59"
"Frontend\PlantProcess.Web\e2e\p4-advanced-analysis.spec.ts","05_Frontend_Misc","Frontend Misc: E2E, Scripts, Test Results, Reports","TypeScript Source",".ts","19","1118","1.09","2B1362488677E7277E03EBD1E0A2D9D060CD9A0FEB35841A73A9A4577E1BB801","False","2026-06-06 12:09:32"
"Frontend\PlantProcess.Web\e2e\p6-genealogy-widget-workflow.spec.ts","05_Frontend_Misc","Frontend Misc: E2E, Scripts, Test Results, Reports","TypeScript Source",".ts","42","1925","1.88","B3BA9FC50713B531E2F7D6BA60A75D1C4649C87577FB4061E149572D7EC3A869","False","2026-06-03 11:47:19"
"Frontend\PlantProcess.Web\e2e\page-builder-v7.spec.ts","05_Frontend_Misc","Frontend Misc: E2E, Scripts, Test Results, Reports","TypeScript Source",".ts","42","1455","1.42","954CF1F0D77CFFD0BF7C64081DD603D5FE305D521122BCBCD03DAEFC19920D9F","False","2026-06-03 13:29:02"
"Frontend\PlantProcess.Web\e2e\phase10-license-runtime.spec.ts","05_Frontend_Misc","Frontend Misc: E2E, Scripts, Test Results, Reports","TypeScript Source",".ts","17","838","0.82","38FB117EF65520D53A5081153285A57BFD255EBD0872B5304A283648ACB95ED9","False","2026-06-09 16:09:53"
"Frontend\PlantProcess.Web\e2e\phase11-ui-interaction-regression.spec.ts","05_Frontend_Misc","Frontend Misc: E2E, Scripts, Test Results, Reports","TypeScript Source",".ts","14","636","0.62","CD3467347D1F6FDFFFA5E64B67C2EE995D828C8B323D9F4A58FEDAE564717278","False","2026-06-09 16:29:55"
"Frontend\PlantProcess.Web\e2e\phase1-button-action-matrix.spec.ts","05_Frontend_Misc","Frontend Misc: E2E, Scripts, Test Results, Reports","TypeScript Source",".ts","67","2016","1.97","FED1E1FF6113206FFF821EC72A78F3C28789C18778C30F3F29BB7E35FD581E62","False","2026-05-25 11:57:40"
"Frontend\PlantProcess.Web\e2e\phase1-golden-demo.spec.ts","05_Frontend_Misc","Frontend Misc: E2E, Scripts, Test Results, Reports","TypeScript Source",".ts","84","2497","2.44","524EF2A83B46B276E10D39354D54576318BFF223E925DA1B4C8168EE8E0F64E8","False","2026-06-23 17:32:24"
"Frontend\PlantProcess.Web\e2e\phase1-security-hardening.spec.ts","05_Frontend_Misc","Frontend Misc: E2E, Scripts, Test Results, Reports","TypeScript Source",".ts","82","2499","2.44","64B4E315DC1A01183D6CF5A54910D3529549FCF5685BD2EB682A82E802846BB7","False","2026-05-30 08:31:27"
"Frontend\PlantProcess.Web\e2e\phase1-toast-mapping.spec.ts","05_Frontend_Misc","Frontend Misc: E2E, Scripts, Test Results, Reports","TypeScript Source",".ts","46","1308","1.28","6076FDD86355268205D03A91E5FE6BC5AD145130C6BEFD9E0B784301CA9FDAF3","False","2026-05-25 14:42:21"
"Frontend\PlantProcess.Web\e2e\phase23-pagebuilder-persistence.spec.ts","05_Frontend_Misc","Frontend Misc: E2E, Scripts, Test Results, Reports","TypeScript Source",".ts","159","5454","5.33","51356486E644120D6ABDB50023EC2AA7DFC060A5505490F81EACE81D1285FB1C","False","2026-06-03 13:29:02"
"Frontend\PlantProcess.Web\e2e\phase2-backend-outage.spec.ts","05_Frontend_Misc","Frontend Misc: E2E, Scripts, Test Results, Reports","TypeScript Source",".ts","73","1899","1.85","17CB099951C8B91922FC35D47F858BCEA3E333759935BFCB22937FBD25ACA3E7","False","2026-05-25 13:08:33"
"Frontend\PlantProcess.Web\e2e\phase2-chart-interaction.spec.ts","05_Frontend_Misc","Frontend Misc: E2E, Scripts, Test Results, Reports","TypeScript Source",".ts","82","2280","2.23","F3A6F5A6DA5D7B214F52BD2E92A4954C23FF22154515AF505655281A7CCB4780","False","2026-05-25 13:09:09"
"Frontend\PlantProcess.Web\e2e\phase2-lifecycle-proof.spec.ts","05_Frontend_Misc","Frontend Misc: E2E, Scripts, Test Results, Reports","TypeScript Source",".ts","156","4978","4.86","7F3E179DB1BD00CE1787BA517351B043BFA0FA0A0BBC229ACCF9055A07E20C1C","False","2026-05-31 16:42:17"
"Frontend\PlantProcess.Web\e2e\phase2-realism-demo-lifecycle.spec.ts","05_Frontend_Misc","Frontend Misc: E2E, Scripts, Test Results, Reports","TypeScript Source",".ts","22","868","0.85","813CDD07C91EBB9E344FECD0ADB1D3E7B44D9F8230F776BED336A7B4D43915E4","False","2026-06-06 12:09:32"
"Frontend\PlantProcess.Web\e2e\phase2-responsive-multibrowser.spec.ts","05_Frontend_Misc","Frontend Misc: E2E, Scripts, Test Results, Reports","TypeScript Source",".ts","65","1820","1.78","0B46CF5D438DC2D5637D9D3D9447ECE60C41A47483FAFF1D43B89B8EA6C9A025","False","2026-05-25 14:42:00"
"Frontend\PlantProcess.Web\e2e\phase3-dynamic-page-rendering.spec.ts","05_Frontend_Misc","Frontend Misc: E2E, Scripts, Test Results, Reports","TypeScript Source",".ts","65","2563","2.5","739340356620885B6AE7B7BAB294351ECE0320BB49D320C99747D2148914BDD6","False","2026-06-03 13:29:02"
"Frontend\PlantProcess.Web\e2e\phase3-golden-thread-honesty.spec.ts","05_Frontend_Misc","Frontend Misc: E2E, Scripts, Test Results, Reports","TypeScript Source",".ts","37","2183","2.13","1D699CBA696F6A6ED70C235D55B551CCB0CC41A6295A95D343E0E5845C8F82D7","False","2026-06-14 22:50:23"
"Frontend\PlantProcess.Web\e2e\phase4-demo-journey.spec.ts","05_Frontend_Misc","Frontend Misc: E2E, Scripts, Test Results, Reports","TypeScript Source",".ts","89","4356","4.25","B1C9DCFCD9B776DB98AE889C4FB1369B5227BA8606A70C2CBB841899B04C2E59","False","2026-06-13 19:18:40"
"Frontend\PlantProcess.Web\e2e\phase4-inspection-job-loop.spec.ts","05_Frontend_Misc","Frontend Misc: E2E, Scripts, Test Results, Reports","TypeScript Source",".ts","33","1607","1.57","01AD7272AB1C5E07C202983FE909C66104F586AC928DD9FBD41301F425ED7306","False","2026-06-15 00:23:52"
"Frontend\PlantProcess.Web\e2e\phase4-ml-foundation-proof.spec.ts","05_Frontend_Misc","Frontend Misc: E2E, Scripts, Test Results, Reports","TypeScript Source",".ts","77","2763","2.7","F8E9B98A5A2F1D0B1D6CCE5C7103188CDF62CF3E0516D60EB6E4ED80F9C55CA4","False","2026-05-31 16:48:53"
"Frontend\PlantProcess.Web\e2e\phase56-primary-flows.spec.ts","05_Frontend_Misc","Frontend Misc: E2E, Scripts, Test Results, Reports","TypeScript Source",".ts","26","1255","1.23","4DCB2403E9E7418F0F7A3C999835B20F04EA2A2769A86BFBC6557290194B3538","False","2026-05-30 11:14:59"
"Frontend\PlantProcess.Web\e2e\phase5-role-scope-nav.spec.ts","05_Frontend_Misc","Frontend Misc: E2E, Scripts, Test Results, Reports","TypeScript Source",".ts","46","2099","2.05","FF59F6E62B916C7180D51AADEA262B9BB2F9A4313ECFC871C61759DD6B993AF3","False","2026-06-15 00:50:57"
"Frontend\PlantProcess.Web\e2e\phase5-scheduled-learning-proof.spec.ts","05_Frontend_Misc","Frontend Misc: E2E, Scripts, Test Results, Reports","TypeScript Source",".ts","88","3369","3.29","21365511F3B35FA3178449F2E332B433904F0B9B1EEBE49C75054611119B0DC6","False","2026-06-06 12:09:32"
"Frontend\PlantProcess.Web\e2e\phase6-perf-budget.spec.ts","05_Frontend_Misc","Frontend Misc: E2E, Scripts, Test Results, Reports","TypeScript Source",".ts","53","2252","2.2","38ECC64D97EA07F7B5BB055C27B77A352497C9C9C8A27088D1B74EDE4F1EABE6","False","2026-06-13 12:52:21"
"Frontend\PlantProcess.Web\e2e\phase78-workflow-widget.spec.ts","05_Frontend_Misc","Frontend Misc: E2E, Scripts, Test Results, Reports","TypeScript Source",".ts","25","944","0.92","47FAF973262986064DB89253FDB50FB105CCA9FC23D39F62FF620571F576C009","False","2026-05-30 11:44:13"
"Frontend\PlantProcess.Web\e2e\phase8-role-scoped-nav.spec.ts","05_Frontend_Misc","Frontend Misc: E2E, Scripts, Test Results, Reports","TypeScript Source",".ts","53","3089","3.02","54FAD18ACC63AE233E75F224F1439982D42E77FDE1EA13B7E4E62391D6CF0FB0","False","2026-06-13 14:27:01"
"Frontend\PlantProcess.Web\e2e\phase9-action-matrix.spec.ts","05_Frontend_Misc","Frontend Misc: E2E, Scripts, Test Results, Reports","TypeScript Source",".ts","30","934","0.91","7E5C9475BF06C2DFF0881A1F5F6711F59DBD38D3C02C3423FE502780FBB16EF5","False","2026-06-03 20:05:23"
"Frontend\PlantProcess.Web\e2e\phase9-responsive-states.spec.ts","05_Frontend_Misc","Frontend Misc: E2E, Scripts, Test Results, Reports","TypeScript Source",".ts","54","1994","1.95","4EBCEBF451C23FE15D7CAFB21CE8F181EAC94939159AD33D201716132AA3C784","False","2026-06-03 20:05:24"
"Frontend\PlantProcess.Web\e2e\PPIQ703-crossbrowser.config.note.txt","05_Frontend_Misc","Frontend Misc: E2E, Scripts, Test Results, Reports","Other Text File",".txt","9","728","0.71","63300A1945FED601EB2AD3A5963493CF3843237A9A4123F63B0AE5544A90468B","False","2026-06-15 10:08:52"
"Frontend\PlantProcess.Web\e2e\ppiq-v1-cross-browser-matrix.spec.ts","05_Frontend_Misc","Frontend Misc: E2E, Scripts, Test Results, Reports","TypeScript Source",".ts","36","1927","1.88","7A5A466685CB12CC132CE7BF53BDE7378AC2441BE51FCF06750795D4D0EA1819","False","2026-06-15 11:44:12"
"Frontend\PlantProcess.Web\e2e\ppiq-v1-page-concurrency.spec.ts","05_Frontend_Misc","Frontend Misc: E2E, Scripts, Test Results, Reports","TypeScript Source",".ts","50","2203","2.15","6B95C3EA48ACCD4DF6A1DD4DB318536AB1EC5A8A3A9FC12DDD65070BB83BD418","False","2026-06-15 11:44:12"
"Frontend\PlantProcess.Web\e2e\ppiq-v1-readiness-dry-run.spec.ts","05_Frontend_Misc","Frontend Misc: E2E, Scripts, Test Results, Reports","TypeScript Source",".ts","34","1701","1.66","3AE4C4050D94FEE9C8331AC816E8818B0BBFF17D260FADA0850F6CD59DDB4A80","False","2026-06-15 11:44:12"
"Frontend\PlantProcess.Web\e2e\route-smoke.spec.ts","05_Frontend_Misc","Frontend Misc: E2E, Scripts, Test Results, Reports","TypeScript Source",".ts","28","1120","1.09","3B78E600B2A712264667D20C7DE0F1150581472576A9A7A4D5234FB0292D9E1A","False","2026-05-20 23:29:32"
"Frontend\PlantProcess.Web\e2e\security\auth-matrix-admin.spec.ts","05_Frontend_Misc","Frontend Misc: E2E, Scripts, Test Results, Reports","TypeScript Source",".ts","146","7848","7.66","791AFB0CA3375F1FD9E43371B5C4980BF062689ED81F5E84DBA45BF22EF3EE11","False","2026-06-23 17:32:24"
"Frontend\PlantProcess.Web\e2e\security\phase02-admin-mfa-matrix.spec.ts","05_Frontend_Misc","Frontend Misc: E2E, Scripts, Test Results, Reports","TypeScript Source",".ts","20","743","0.73","3505EAC0DC510A67BCF347334F638FA1FC4CB5EC03E61C8F54B75253C999C251","False","2026-06-07 14:44:19"
"Frontend\PlantProcess.Web\e2e\t040-golden-gate.spec.ts","05_Frontend_Misc","Frontend Misc: E2E, Scripts, Test Results, Reports","TypeScript Source",".ts","294","16069","15.69","D45B3C3BCBA2823BCCDFF74A733744ED6ADD8310680BFE8DBAE437BF9F7E79C2","False","2026-08-10 15:32:39"
"Frontend\PlantProcess.Web\e2e\t041-page-builder.spec.ts","05_Frontend_Misc","Frontend Misc: E2E, Scripts, Test Results, Reports","TypeScript Source",".ts","932","22549","22.02","EACF63BE7745D93149820684DC8D72B7EB32430162C54D8D6E5FDEEF411F1DBA","False","2026-08-09 16:41:53"
"Frontend\PlantProcess.Web\e2e\t049-layout-persistence.spec.ts","05_Frontend_Misc","Frontend Misc: E2E, Scripts, Test Results, Reports","TypeScript Source",".ts","604","25856","25.25","AF64FF500CE02F1B7E12DE7B9E8F693B2D26747CC1F8268FAD40CAFF504AE5D3","False","2026-08-16 16:45:08"
"Frontend\PlantProcess.Web\e2e\t07-widget-failure-isolation.spec.ts","05_Frontend_Misc","Frontend Misc: E2E, Scripts, Test Results, Reports","TypeScript Source",".ts","48","2143","2.09","07564EC09E5CCA78F38958903CC61400EE46E77530BC8074CF817EA12D5254D8","False","2026-06-13 00:49:21"
"Frontend\PlantProcess.Web\e2e\t10-dashboard-loads.spec.ts","05_Frontend_Misc","Frontend Misc: E2E, Scripts, Test Results, Reports","TypeScript Source",".ts","30","1461","1.43","E7F1B267250803DBFABB3B62D04ED5A0506C6381AAD1CC277C430B0081209ECB","False","2026-06-13 00:50:53"
"Frontend\PlantProcess.Web\e2e\t14-tier-toggle.spec.ts","05_Frontend_Misc","Frontend Misc: E2E, Scripts, Test Results, Reports","TypeScript Source",".ts","40","1938","1.89","94A6AF7675D3757446529AAC6AA26D2066090C02A6081979CFBAEC70210AEE07","False","2026-06-13 00:49:48"
"Frontend\PlantProcess.Web\e2e\tsconfig.json","05_Frontend_Misc","Frontend Misc: E2E, Scripts, Test Results, Reports","JSON Configuration",".json","18","411","0.4","12C85B33A9274F23D2AAF4BCD4BEEE1F6562E27843B6CAEE99AB933796C61348","False","2026-05-20 12:30:01"
"Frontend\PlantProcess.Web\e2e\ui-new-surfaces.spec.ts","05_Frontend_Misc","Frontend Misc: E2E, Scripts, Test Results, Reports","TypeScript Source",".ts","51","2539","2.48","34A0972CED8AAAD86AA3FB4F5293C343BF185A28D6CFABEEE50FEA50A71BA38C","False","2026-07-14 13:39:09"
"Frontend\PlantProcess.Web\e2e\visual.spec.ts","05_Frontend_Misc","Frontend Misc: E2E, Scripts, Test Results, Reports","TypeScript Source",".ts","17","768","0.75","2F6457DBA697A3448A5EECAB0231BF42242EE1C51712F2E240B3CB314459CCB0","False","2026-06-13 12:38:59"
"Frontend\PlantProcess.Web\e2e\visual\phase56-analytics-system.visual.spec.ts","05_Frontend_Misc","Frontend Misc: E2E, Scripts, Test Results, Reports","TypeScript Source",".ts","16","796","0.78","930732EA2486E36A8AA9ADF87382D750B7D1880AB59B613D4E0A6AF58F543F97","False","2026-06-06 11:18:29"
"Frontend\PlantProcess.Web\e2e\visual\phase56-baseline-manifest.json","05_Frontend_Misc","Frontend Misc: E2E, Scripts, Test Results, Reports","JSON Configuration",".json","31","591","0.58","C6A55965DCAFD29A7B41C1FB3F631E7044BA6693F09A38339CDAC93FAF43ED6C","False","2026-05-30 11:14:59"
"Frontend\PlantProcess.Web\e2e\visual\phase9-core.visual.spec.ts","05_Frontend_Misc","Frontend Misc: E2E, Scripts, Test Results, Reports","TypeScript Source",".ts","36","1016","0.99","F4E068401985D6D0D49278D5CD316171A2BF7C9993AC538DAA3CF824F3564613","False","2026-06-03 20:05:24"
"Frontend\PlantProcess.Web\e2e\widget-builder-focused.spec.ts","05_Frontend_Misc","Frontend Misc: E2E, Scripts, Test Results, Reports","TypeScript Source",".ts","114","3242","3.17","48068F8D521A9FE7730DA0A8D7D2ADC15F03CC7BB1FE5D9815189E6EBC0DC87C","False","2026-05-25 14:33:54"
"Frontend\PlantProcess.Web\scripts\analytics\correlation-determinism.mjs","05_Frontend_Misc","Frontend Misc: E2E, Scripts, Test Results, Reports","JavaScript Source",".mjs","61","2766","2.7","AB98DBED334DF412661E3C70B2A60F41FDE588D2FD3B1CF9ECF23945BD76B0FB","False","2026-06-13 18:27:20"
"Frontend\PlantProcess.Web\scripts\audit-language.mjs","05_Frontend_Misc","Frontend Misc: E2E, Scripts, Test Results, Reports","JavaScript Source",".mjs","168","4178","4.08","46E5D92F36550B2668BB6FC9B2D7BC6E689DBCD6BFFB0A331B992EC229000F7F","False","2026-06-24 15:29:36"
"Frontend\PlantProcess.Web\scripts\check-api-client-drift.mjs","05_Frontend_Misc","Frontend Misc: E2E, Scripts, Test Results, Reports","JavaScript Source",".mjs","35","1469","1.43","97DB16A47D2C6BBE0C21B1AB98ADBAEFAE49FBACB61E5791CA7ACCFCC6B4D3BA","False","2026-06-09 07:41:57"
"Frontend\PlantProcess.Web\scripts\check-bundle-size.mjs","05_Frontend_Misc","Frontend Misc: E2E, Scripts, Test Results, Reports","JavaScript Source",".mjs","74","2296","2.24","F5477AFBF6D2520E0BBA8747B90426020F4C335333B3DF6CB2053FEE464E7648","False","2026-05-24 15:07:58"
"Frontend\PlantProcess.Web\scripts\codemods\standardize-imports.cjs","05_Frontend_Misc","Frontend Misc: E2E, Scripts, Test Results, Reports","JavaScript Source",".cjs","48","1676","1.64","3309DBE2143C65CCECEA5BCE8B0B1BDE0CC0562EA40274321B005FE7FB0C8D7C","False","2026-05-30 10:53:07"
"Frontend\PlantProcess.Web\scripts\dead-button-scan.mjs","05_Frontend_Misc","Frontend Misc: E2E, Scripts, Test Results, Reports","JavaScript Source",".mjs","62","3267","3.19","E1B395F5FA001A46996610193E231D8D40DD0F6A8EECFE9E60CFCB50852A774B","False","2026-06-13 19:18:39"
"Frontend\PlantProcess.Web\scripts\export-openapi.mjs","05_Frontend_Misc","Frontend Misc: E2E, Scripts, Test Results, Reports","JavaScript Source",".mjs","18","866","0.85","125F810D946C04371AAD37998646DAD1C3868167664F39454C1D4E64B32D559B","False","2026-06-09 07:41:57"
"Frontend\PlantProcess.Web\scripts\generate-api-client.mjs","05_Frontend_Misc","Frontend Misc: E2E, Scripts, Test Results, Reports","JavaScript Source",".mjs","18","729","0.71","435F5FF73B9B4E2BAAB06D40DFDFD57586152E862EA8BA5E5E1570FB0E9B4994","False","2026-06-09 07:41:57"
"Frontend\PlantProcess.Web\scripts\lint-ratchet.mjs","05_Frontend_Misc","Frontend Misc: E2E, Scripts, Test Results, Reports","JavaScript Source",".mjs","71","3390","3.31","8C0A8EE4182794602A712834FF3DEE9EF1A1BBF26D059AC9A83415E644612ABB","False","2026-06-09 07:41:57"
"Frontend\PlantProcess.Web\scripts\probes\material-search\01-search-materials.ps1","05_Frontend_Misc","Frontend Misc: E2E, Scripts, Test Results, Reports","PowerShell Script",".ps1","10","316","0.31","BC9A853CB73B4B0D0C5E35073549CA8E6FBC3DB4D9189BBA5CCEC0367B1AF551","False","2026-05-30 10:53:07"
"Frontend\PlantProcess.Web\scripts\probes\material-search\02-load-investigation.ps1","05_Frontend_Misc","Frontend Misc: E2E, Scripts, Test Results, Reports","PowerShell Script",".ps1","10","386","0.38","E4645CAA1648C27CF7944CC27C5B9D16FDFAC3A1F8023B8C54D5A8578DA901C3","False","2026-05-30 10:53:07"
"Frontend\PlantProcess.Web\scripts\probes\material-search\03-calculate-risk.ps1","05_Frontend_Misc","Frontend Misc: E2E, Scripts, Test Results, Reports","PowerShell Script",".ps1","12","446","0.44","31EFDC4FD5CF3B49B8AD4C156A3F3FECCF6484ABA5F780A464329B8601254EDD","False","2026-05-30 10:53:07"
"Frontend\PlantProcess.Web\scripts\probes\material-search\04-pdf-report.ps1","05_Frontend_Misc","Frontend Misc: E2E, Scripts, Test Results, Reports","PowerShell Script",".ps1","12","450","0.44","DED59B13E7465B2B6B451043D6DA5A851A42D0A9636C687ABB4E1877FFDDD032","False","2026-05-30 10:53:07"
"Frontend\PlantProcess.Web\scripts\probes\material-search\README.md","05_Frontend_Misc","Frontend Misc: E2E, Scripts, Test Results, Reports","Markdown Documentation",".md","20","769","0.75","983CF9638E6B660765B4F1CC4C8B5857D76B5354D6BAEDDDF966D6AD3AD3CBA9","False","2026-05-30 10:53:07"
"Frontend\PlantProcess.Web\scripts\validate-api-client-policy.mjs","05_Frontend_Misc","Frontend Misc: E2E, Scripts, Test Results, Reports","JavaScript Source",".mjs","82","2216","2.16","9FD8221F486D19939AAE6099D46D79F760DC415D6849C611C51EBFABCD62218A","False","2026-05-31 14:07:14"
"Frontend\PlantProcess.Web\scripts\validate-forbidden-copy.mjs","05_Frontend_Misc","Frontend Misc: E2E, Scripts, Test Results, Reports","JavaScript Source",".mjs","79","1856","1.81","4F2FBECD103C8BFC0CE064889F1C022A76CD2F56CD6CEC2B5158EC6C1238139F","False","2026-05-31 14:07:14"
"Frontend\PlantProcess.Web\scripts\validate-no-console-in-src.mjs","05_Frontend_Misc","Frontend Misc: E2E, Scripts, Test Results, Reports","JavaScript Source",".mjs","82","2090","2.04","EE540F7755BF038C109EAE14077C2C3149E360385DE5B7D9550470EC3EE79407","False","2026-05-31 14:07:14"
"Frontend\PlantProcess.Web\scripts\validate-standard-imports.mjs","05_Frontend_Misc","Frontend Misc: E2E, Scripts, Test Results, Reports","JavaScript Source",".mjs","51","1875","1.83","3B35F24233A37334E5A367D3983ED131A33B6E6DD65438F746C420B1E935027A","False","2026-05-31 14:07:14"
"Frontend\PlantProcess.Web\scripts\validate-ui-system-rollout.mjs","05_Frontend_Misc","Frontend Misc: E2E, Scripts, Test Results, Reports","JavaScript Source",".mjs","42","1173","1.15","57629BE7AC1C17C5CAD7EA93878481C9CA71DBB43E079A3C44BF1EAABF2F9410","False","2026-05-31 14:14:10"
".github\workflows\ppiq-security-and-hygiene.yml","06_Infrastructure","Infrastructure: Deployment, Docker, Caddy, CI/CD (.github, Jenkins)","GitHub Actions Workflow",".yml","18","404","0.39","5D3A7C9ACC5C78F479D7E9766E36C2B91809F01EDF7CD2FBD1743846DFAB10E4","True","2026-06-06 09:32:44"
"deploy\.ppiq-backups\ci-truth-gate-comment-stripping-20260710-114147\Jenkinsfile","06_Infrastructure","Infrastructure: Deployment, Docker, Caddy, CI/CD (.github, Jenkins)","Jenkins Pipeline","","184","9763","9.53","F92353D920C5C7DA6E63456E0F96ACC0CD83CE09F1C0C022AE61F2CB98E2C7CA","True","2026-06-26 10:55:20"
"deploy\.ppiq-backups\ci-truth-gate-falsification-20260710-114632\Jenkinsfile","06_Infrastructure","Infrastructure: Deployment, Docker, Caddy, CI/CD (.github, Jenkins)","Jenkins Pipeline","","183","9543","9.32","9C7F5B1CC0920081D661EC4CC1EACD81A29CFA08F423E5BA49DC2AED641813C3","True","2026-07-10 12:41:49"
"deploy\.ppiq-backups\ci-truth-gate-falsification-20260710-114834\Jenkinsfile","06_Infrastructure","Infrastructure: Deployment, Docker, Caddy, CI/CD (.github, Jenkins)","Jenkins Pipeline","","183","9543","9.32","9C7F5B1CC0920081D661EC4CC1EACD81A29CFA08F423E5BA49DC2AED641813C3","True","2026-07-10 12:46:41"
"deploy\caddy\Caddyfile","06_Infrastructure","Infrastructure: Deployment, Docker, Caddy, CI/CD (.github, Jenkins)","Caddyfile","","70","2364","2.31","EDEA0CC1CBBC8BE41018631FD2A4E5DF8AE164BDB59BD235496F5546FFA7074B","True","2026-07-05 23:12:52"
"deploy\edge-agent\Dockerfile","06_Infrastructure","Infrastructure: Deployment, Docker, Caddy, CI/CD (.github, Jenkins)","Dockerfile","","12","404","0.39","5E7439BAEE25DC17554CC0E9EFB1D513B4D694BAFF01C531E0F6B2DD51172E98","True","2026-06-06 17:00:49"
"Jenkinsfile","06_Infrastructure","Infrastructure: Deployment, Docker, Caddy, CI/CD (.github, Jenkins)","Jenkins Pipeline","","183","9889","9.66","CABFEE9CF0F92732FA0860B125100E083E89247DD21879A762C6474E8A593EA9","True","2026-08-13 10:20:16"
"Website\PlantProcess.Website\Dockerfile","06_Infrastructure","Infrastructure: Deployment, Docker, Caddy, CI/CD (.github, Jenkins)","Dockerfile","","23","683","0.67","25677CE630BCBF94CABE4DB028D4189BD7A13209DB8537C744B2B88D50BF75B1","True","2026-05-19 15:03:14"
".gitattributes","07_Tools_Validation_Misc","Tools, Validation Scripts, Root Config, Docs, Misc","Other Text File",".gitattributes","6","114","0.11","B9A18E539856F00812ED4C92801B5AD18A2BE4900CB89167E3AB3E63B4CE2E7D","False","2026-06-09 00:41:37"
".gitignore","07_Tools_Validation_Misc","Tools, Validation Scripts, Root Config, Docs, Misc","Other Text File",".gitignore","145","2916","2.85","69FD2C5FB1BDBA26E2F44F279E7E734CFB59FDC2554B0A946713885BAA351F4C","False","2026-08-02 16:15:41"
"AuthoringSupportEndpoints.cs","07_Tools_Validation_Misc","Tools, Validation Scripts, Root Config, Docs, Misc","C# Source",".cs","238","10363","10.12","36473D69C325FBE6CB7D2C76CF1FF757919B22788099C033B10965D94A79CA4A","False","2026-07-28 18:39:57"
"Backend\.dockerignore","07_Tools_Validation_Misc","Tools, Validation Scripts, Root Config, Docs, Misc","Other Text File",".dockerignore","22","369","0.36","039511EA47CAB460811FD437E832358B1D4A0DC660D6F1904B55A9D34F82FBDD","False","2026-05-19 15:40:34"
"Backend\.env.example","07_Tools_Validation_Misc","Tools, Validation Scripts, Root Config, Docs, Misc","Environment Config",".example","36","1047","1.02","B0A963ECC5A587B50BC30BB12B3E87189242B957B2EE6B9C130F792FD799653B","True","2026-06-04 13:08:49"
"Backend\.gitignore","07_Tools_Validation_Misc","Tools, Validation Scripts, Root Config, Docs, Misc","Other Text File",".gitignore","16","212","0.21","F51AEB3F1DB5C5964761D5F1845F6ABA59BEBD8A9C1E2550D423173A4580E6A1","False","2026-06-06 09:32:43"
"Backend\coverlet.runsettings","07_Tools_Validation_Misc","Tools, Validation Scripts, Root Config, Docs, Misc","Other Text File",".runsettings","22","662","0.65","A52C5AA9FA5DF861EA7F39F11B1312C3FF18F1825EDE63F00236C546403B47AB","False","2026-05-20 11:32:46"
"Backend\PlantProcess.ML.Runtime\Benchmarks\BenchmarkCatalogue.cs","07_Tools_Validation_Misc","Tools, Validation Scripts, Root Config, Docs, Misc","C# Source",".cs","294","11432","11.16","65CDF66B2DC435F755674C5F5EDB44FC4EF6F082D17FB74F4925C3275535FEF9","False","2026-08-16 15:33:00"
"Backend\PlantProcess.ML.Runtime\Benchmarks\BenchmarkContracts.cs","07_Tools_Validation_Misc","Tools, Validation Scripts, Root Config, Docs, Misc","C# Source",".cs","351","12733","12.43","FA8F0F87A45806E5269A4AABC23935ED8C1F75BAB227A13F2A400645020011C0","False","2026-08-16 15:33:00"
"Backend\PlantProcess.ML.Runtime\Benchmarks\BenchmarkManifest.cs","07_Tools_Validation_Misc","Tools, Validation Scripts, Root Config, Docs, Misc","C# Source",".cs","286","11573","11.3","70B5B58321B414CF47DF5486616D1C28016D7661C36F8E50921DCEBD3D08F8DF","False","2026-08-16 15:33:00"
"Backend\PlantProcess.ML.Runtime\Benchmarks\BenchmarkRunner.cs","07_Tools_Validation_Misc","Tools, Validation Scripts, Root Config, Docs, Misc","C# Source",".cs","396","14649","14.31","6CA683ED83316A98023048AE0F574E47DCD7D34E49A3D1B946E06F03A6F46F40","False","2026-08-16 15:33:00"
"Backend\PlantProcess.ML.Runtime\Benchmarks\BenchmarkSubjects.cs","07_Tools_Validation_Misc","Tools, Validation Scripts, Root Config, Docs, Misc","C# Source",".cs","417","16950","16.55","372C3EAA6E0A92E5827A6E6A069C29A75949834131E7D2D1D09DB9BE4072E3C7","False","2026-08-16 15:33:00"
"Backend\PlantProcess.ML.Runtime\Benchmarks\BenchmarkSuite.cs","07_Tools_Validation_Misc","Tools, Validation Scripts, Root Config, Docs, Misc","C# Source",".cs","122","4699","4.59","F79B62ACB9923C1395218EFACDAAF8658DD8998A3BEA3F47E09E8AC4B700C1D7","False","2026-08-16 15:33:00"
"Backend\PlantProcess.ML.Runtime\Benchmarks\MetricContract.cs","07_Tools_Validation_Misc","Tools, Validation Scripts, Root Config, Docs, Misc","C# Source",".cs","187","6708","6.55","41E7922F10E0480A026B9F9C759094101AC5E07346EC9C85E32DD81BB8DC5554","False","2026-08-16 15:33:00"
"Backend\PlantProcess.ML.Runtime\Benchmarks\PercentilesAndIdentity.cs","07_Tools_Validation_Misc","Tools, Validation Scripts, Root Config, Docs, Misc","C# Source",".cs","120","4542","4.44","46194DE157E21F9D4A2C3285A8451CFE76ABFEAB425B99DC79E5042BCBB16E0D","False","2026-08-16 15:33:00"
"Backend\PlantProcess.ML.Runtime\JobSpec.cs","07_Tools_Validation_Misc","Tools, Validation Scripts, Root Config, Docs, Misc","C# Source",".cs","98","5035","4.92","0C3DE1C40181AC9B780391661DDE54C047824DADC7AA3AABE9C977CBF8684FDB","False","2026-08-12 15:26:28"
"Backend\PlantProcess.ML.Runtime\MlJobProtocol.cs","07_Tools_Validation_Misc","Tools, Validation Scripts, Root Config, Docs, Misc","C# Source",".cs","114","4457","4.35","C6CE0D00B56CEF0FBF9A541A1B197865B5E486976316A43F8A4D23FBC87DA1E2","False","2026-08-12 15:26:28"
"Backend\PlantProcess.ML.Runtime\PlantProcess.ML.Runtime.csproj","07_Tools_Validation_Misc","Tools, Validation Scripts, Root Config, Docs, Misc",".NET Project File",".csproj","10","376","0.37","D27645F46691B85AADA7E61D4A036743342B0474D5F0DE9D6395026078D7764D","False","2026-08-12 15:26:28"
"Backend\PlantProcess.ML.Runtime\PythonJobRunner.cs","07_Tools_Validation_Misc","Tools, Validation Scripts, Root Config, Docs, Misc","C# Source",".cs","168","6826","6.67","A3BC88D5F54A2BAF6B84F5E426FDCA0C1CC75EF81F16FBAACC5A96170D2551A0","False","2026-08-12 16:26:47"
"Backend\PlantProcess.ML.Runtime\ResultManifest.cs","07_Tools_Validation_Misc","Tools, Validation Scripts, Root Config, Docs, Misc","C# Source",".cs","113","5727","5.59","A449BAE11D567E54F30CB6353D94AFF4DEC4A4CE5CE1D1118EDBAECEBA680EAA","False","2026-08-12 15:26:28"
"Backend\tools\Apply-T039-DemoGenerator.ps1","07_Tools_Validation_Misc","Tools, Validation Scripts, Root Config, Docs, Misc","Tooling Script",".ps1","421","18481","18.05","658A652BED43B14D059768A92DF1530FF2538E5EF94EC56DDC8B80B5FABDBDE4","False","2026-06-16 11:40:32"
"Backend\tools\generate_demo_dataset.py","07_Tools_Validation_Misc","Tools, Validation Scripts, Root Config, Docs, Misc","Tooling Script",".py","373","16230","15.85","9023D791C95CE153E6484737152320102E2015106F6C6C883684AC68768D1B16","False","2026-06-12 20:41:46"
"Backend\tools\generate_fleet_v2_donor.py","07_Tools_Validation_Misc","Tools, Validation Scripts, Root Config, Docs, Misc","Tooling Script",".py","3111","153611","150.01","90ED5E776EE117DF95A2CAE014A744BF324D0717F1F90A921C9403C814B7B6AE","False","2026-08-16 08:58:21"
"Backend\tools\generate_synthetic_insert_writers.py","07_Tools_Validation_Misc","Tools, Validation Scripts, Root Config, Docs, Misc","Tooling Script",".py","233","8022","7.83","004050F1212C820B9A442046212DAB772D2B964619D847948FBA343C6CCAA42F","False","2026-05-24 14:57:55"
"Backend\tools\generate_synthetic_plantprocessiq.py","07_Tools_Validation_Misc","Tools, Validation Scripts, Root Config, Docs, Misc","Tooling Script",".py","146","7076","6.91","527DBE74CE58B028ADCB3E1F595A3DBCE7B0DFE636C718C8BA205F1AAFAA0C4A","False","2026-05-11 14:21:23"
"Backend\tools\GenerateDeepAudit.ps1","07_Tools_Validation_Misc","Tools, Validation Scripts, Root Config, Docs, Misc","Tooling Script",".ps1","236","10339","10.1","8EEF61904DBF0DC8C74C2BD7AFB987275AD3EE8772287D2F4F17B72116802EA5","False","2026-05-12 19:15:54"
"Backend\tools\GenerateProjectDocumentation.ps1","07_Tools_Validation_Misc","Tools, Validation Scripts, Root Config, Docs, Misc","Tooling Script",".ps1","236","6663","6.51","AA1C08D12CDAA3FE5D3CF48DE77099C49EE030865A68A0277F2F0DD2B126DB4F","False","2026-05-10 09:41:01"
"Backend\tools\GenerateProjectDocumentation_Advanced - BackendOnly.ps1","07_Tools_Validation_Misc","Tools, Validation Scripts, Root Config, Docs, Misc","Tooling Script",".ps1","675","21907","21.39","717C86A022208487F530E33FC15AC5B906A9A9F601AC50B69225AD30F52CA2BF","False","2026-05-10 19:31:11"
"Backend\tools\GenerateProjectDocumentation_Advanced.ps1","07_Tools_Validation_Misc","Tools, Validation Scripts, Root Config, Docs, Misc","Tooling Script",".ps1","964","32936","32.16","3E42C6F9965ACE4DC3F669C336EBF9D3B16400544DB34BD6632B3EE7E67FE9B2","False","2026-05-11 16:14:57"
"Backend\tools\phase0\Invoke-Phase0Phase1SmokeTests.ps1","07_Tools_Validation_Misc","Tools, Validation Scripts, Root Config, Docs, Misc","Tooling Script",".ps1","397","13961","13.63","3897B610F501B8CCDED3C80F68768372303D93CD5928F34B11A0D5189737234D","False","2026-05-16 09:43:39"
"Backend\tools\phase0\README.md","07_Tools_Validation_Misc","Tools, Validation Scripts, Root Config, Docs, Misc","Tooling Script",".md","268","8597","8.4","F8F6670B55C5BF098C05386ECD93CD301CDE408EDC2C2ED445FAA9057B936480","False","2026-05-30 08:54:45"
"Backend\tools\phase0\Test-ApiBaseline.ps1","07_Tools_Validation_Misc","Tools, Validation Scripts, Root Config, Docs, Misc","Tooling Script",".ps1","142","3826","3.74","2132DC95FCFB6E14FF7E3C9834E16F95524A6C8008FDCAFB12EC82E380BF994D","False","2026-05-10 19:31:11"
"Backend\tools\phase0\Validate-Phase0.ps1","07_Tools_Validation_Misc","Tools, Validation Scripts, Root Config, Docs, Misc","Tooling Script",".ps1","86","2784","2.72","0BB6D7348050152F1E7BC7C72E07CE46F246FC90D2D9A3FF3DD3CE20B55E8273","False","2026-05-19 00:19:15"
"Backend\tools\phenomenon_harness.py","07_Tools_Validation_Misc","Tools, Validation Scripts, Root Config, Docs, Misc","Tooling Script",".py","548","20017","19.55","981F227E722115288FB954F7FFA3CB375184D0B26C3FB7428122A7E6AB94E6CE","False","2026-08-05 13:52:18"
"Backend\tools\t027_coverage_ledger.py","07_Tools_Validation_Misc","Tools, Validation Scripts, Root Config, Docs, Misc","Tooling Script",".py","305","13500","13.18","A3AC91D1FE84154E921B089DC3621FA4CDF7CF3C2B70BC797EA7D41381F726C2","False","2026-08-05 15:01:59"
"Backend\tools\validate-sprint6-tasks-4-8.ps1","07_Tools_Validation_Misc","Tools, Validation Scripts, Root Config, Docs, Misc","Tooling Script",".ps1","198","6924","6.76","A6E5380D66BA0DC64E5DCDA98F48042952B163DAFF444C7E81977489327C510F","False","2026-05-31 14:07:14"
"Backend\tools\validation\Validate-Dimension5-Dimension8.ps1","07_Tools_Validation_Misc","Tools, Validation Scripts, Root Config, Docs, Misc","Tooling Script",".ps1","179","6582","6.43","51DA601465EBC056EADE4EA5E96DE407BFBCED86E6161EC5E34B93014E5CCCD6","False","2026-05-21 15:49:55"
"Backend\tools\verify_demo_dataset.py","07_Tools_Validation_Misc","Tools, Validation Scripts, Root Config, Docs, Misc","Tooling Script",".py","45","2222","2.17","077104E822B737D47FD8559683E188FC482F5789F85343A639F7C605BF224793","False","2026-06-15 07:40:39"
"CORRECTION.md","07_Tools_Validation_Misc","Tools, Validation Scripts, Root Config, Docs, Misc","Markdown Documentation",".md","133","5932","5.79","CCF6B04C5A3A92B9EF86E4DC21E2968A9948D18ED6E8225A1D7C168BD9F6FBD6","False","2026-07-28 18:39:58"
"deploy\.env.example","07_Tools_Validation_Misc","Tools, Validation Scripts, Root Config, Docs, Misc","Environment Config",".example","6","263","0.26","CF1FA9BBE937575AFD99FB39758BF391D522E1E7925D7B486F414EEAFC4C0498","True","2026-06-06 09:50:51"
"deploy\.ppiq-backups\db-residue-sweep-20260715_113426\204_phase04_phase05_ml_learning_core.sql","07_Tools_Validation_Misc","Tools, Validation Scripts, Root Config, Docs, Misc","SQL Script",".sql","828","31407","30.67","80D30624E1BEE10E0A46A077B5AA76F5DCDEFE4552E752DD71F30236274B27D3","True","2026-07-15 12:34:44"
"deploy\.ppiq-backups\db-residue-sweep-20260715_113426\205_phase04_phase05_completion_governance_jobs_tests.sql","07_Tools_Validation_Misc","Tools, Validation Scripts, Root Config, Docs, Misc","SQL Script",".sql","1239","42317","41.33","6D074E742A30347426A5D2CEE94FB97964C33CBC47F67CF8B10F59CEC4B3DE03","True","2026-05-31 12:45:04"
"deploy\airgap\egress-deny-test.ps1","07_Tools_Validation_Misc","Tools, Validation Scripts, Root Config, Docs, Misc","PowerShell Script",".ps1","11","422","0.41","30EC972C5E91808F77016A71FA77A82E4FD89D32882A32B64B7C8509C6AE526D","False","2026-06-03 15:22:44"
"deploy\airgap\IMAGE_MANIFEST.lock","07_Tools_Validation_Misc","Tools, Validation Scripts, Root Config, Docs, Misc","Other Text File",".lock","7","270","0.26","1C508B598B4C7BB0F0E011466E454BF9A0A242430A8F3414708CDA6A31954332","False","2026-06-03 15:22:44"
"deploy\airgap\install-airgap.ps1","07_Tools_Validation_Misc","Tools, Validation Scripts, Root Config, Docs, Misc","PowerShell Script",".ps1","26","671","0.66","63108776248B1F6A568B0EF1241BE214B85659F1D4E551BAB69E3AEFA0350E20","False","2026-06-06 09:50:51"
"deploy\airgap\preflight-airgap.ps1","07_Tools_Validation_Misc","Tools, Validation Scripts, Root Config, Docs, Misc","PowerShell Script",".ps1","28","718","0.7","7089295109BE2D57AC1C2868B145CB26208919AE260834C8FDD91C48BAB93A33","False","2026-06-03 15:22:44"
"deploy\airgap\SIZING_TIERS.md","07_Tools_Validation_Misc","Tools, Validation Scripts, Root Config, Docs, Misc","Markdown Documentation",".md","22","497","0.49","5870590399782D3FB8FB49BE48896B005F585BF5D4857F40B7C278BACE602449","False","2026-06-03 15:22:44"
"deploy\build-info.json","07_Tools_Validation_Misc","Tools, Validation Scripts, Root Config, Docs, Misc","JSON Configuration",".json","9","297","0.29","BC7627FB8D80BDEDD3C6757E597A8745F3B58FABD5390F7D8DAE9863B705E865","False","2026-06-10 12:30:22"
"deploy\caddy\README.md","07_Tools_Validation_Misc","Tools, Validation Scripts, Root Config, Docs, Misc","Markdown Documentation",".md","30","753","0.74","969E15F7042313496B6A19E38D590E1BB51C6831638184C1C9727A2B78E2C8FE","False","2026-06-10 13:12:30"
"deploy\ci\phase01-acceptance.md","07_Tools_Validation_Misc","Tools, Validation Scripts, Root Config, Docs, Misc","Markdown Documentation",".md","29","1550","1.51","625E21F2707B1B835D95DB4FA2D5F9FC081FF08721CC42397CE5AA68FF61B62B","False","2026-06-16 10:51:21"
"deploy\ci\post-deploy-smoke.sh","07_Tools_Validation_Misc","Tools, Validation Scripts, Root Config, Docs, Misc","Shell Script",".sh","32","1195","1.17","141A58E18143B5756A48388B52B02FF3CD25FFC0343BF4D83973A74FAB2017D7","False","2026-06-09 00:41:35"
"deploy\ci\README.md","07_Tools_Validation_Misc","Tools, Validation Scripts, Root Config, Docs, Misc","Markdown Documentation",".md","5","177","0.17","88C728C2332D92E2010DDB0779242963C9F29F7A6A40191DD1E29A5C3E144FEA","False","2026-06-04 13:23:43"
"deploy\compose\.env.dev","07_Tools_Validation_Misc","Tools, Validation Scripts, Root Config, Docs, Misc","Environment Config",".dev","69","3910","3.82","C5491E077F532721F41B3B29A03F4BE9A3F9D99AA0C8F97FDEDCA9BBC33F9A52","True","2026-06-22 20:12:32"
"deploy\compose\.env.example","07_Tools_Validation_Misc","Tools, Validation Scripts, Root Config, Docs, Misc","Environment Config",".example","45","2302","2.25","15F9733C8DE8A4CFECD28C4F3872C117CA366852B83B71E75BAE73B97B3658F1","True","2026-06-13 09:51:58"
"deploy\compose\docker-compose.ci.yml","07_Tools_Validation_Misc","Tools, Validation Scripts, Root Config, Docs, Misc","Docker Compose",".yml","16","555","0.54","CFCAD15AE1C5F7DA784DD210CD3D0BEC3CB4A91699CF08D5383AF2BE5AE2F93A","True","2026-06-16 09:39:04"
"deploy\compose\docker-compose.edge-agent.yml","07_Tools_Validation_Misc","Tools, Validation Scripts, Root Config, Docs, Misc","Docker Compose",".yml","20","444","0.43","B846D853FD1BFD9BCEF579409949A1358E4DD0A48FEF04CF2036ADD214E19702","True","2026-06-06 17:00:49"
"deploy\compose\docker-compose.local.yml","07_Tools_Validation_Misc","Tools, Validation Scripts, Root Config, Docs, Misc","Docker Compose",".yml","21","872","0.85","74DDA373D73A8D759AC71C576188146E2FB806E0BBA3CC3E3DA7B6A1DB0ED683","True","2026-06-16 09:39:04"
"deploy\compose\docker-compose.server.yml","07_Tools_Validation_Misc","Tools, Validation Scripts, Root Config, Docs, Misc","Docker Compose",".yml","34","1198","1.17","3FC7D5D87484EE52BEA1EBB7D8BAFEC39FA2274E0E861B9143D49D6EA216D92B","True","2026-07-05 23:12:52"
"deploy\compose\docker-compose.sources.yml","07_Tools_Validation_Misc","Tools, Validation Scripts, Root Config, Docs, Misc","Docker Compose",".yml","173","6401","6.25","732E64F5F6431FA63F6677025AB3DE864756A6D82222351FE7C91F8848944C3C","True","2026-06-16 11:40:31"
"deploy\compose\docker-compose.yml","07_Tools_Validation_Misc","Tools, Validation Scripts, Root Config, Docs, Misc","Docker Compose",".yml","99","4117","4.02","5ACFF5F43D5C860BFD99BC13879CE12540908C9B913AF50C39E857068F0D0269","True","2026-07-05 23:12:52"
"deploy\compose\env\.env.customer-template.example","07_Tools_Validation_Misc","Tools, Validation Scripts, Root Config, Docs, Misc","Environment Config",".example","18","780","0.76","178DEB9313115B05FF196C5CDAEDF93800B05150A189286BE076B057B6FCFEEA","True","2026-06-10 13:12:30"
"deploy\compose\env\.env.local-native-main-db.example","07_Tools_Validation_Misc","Tools, Validation Scripts, Root Config, Docs, Misc","Environment Config",".example","22","836","0.82","B9B8679C8D75DF8B614692DA5A096A2CB8D58D274BDD66B54ECA8A6B1B8F08C3","True","2026-06-10 14:15:11"
"deploy\compose\env\.env.query-preview-readonly.example","07_Tools_Validation_Misc","Tools, Validation Scripts, Root Config, Docs, Misc","Environment Config",".example","7","502","0.49","9D50424D2979DD6DB501B1A80A44659B70D1DA8D07027B710400A8B3AA18381F","True","2026-06-10 14:33:59"
"deploy\compose\env\.env.server-docker-main-db.example","07_Tools_Validation_Misc","Tools, Validation Scripts, Root Config, Docs, Misc","Environment Config",".example","22","692","0.68","2C17E7A41759873255BE53C57CB56653322C7A6523A28B73CEC20564A35ACBDC","True","2026-06-10 13:12:30"
"deploy\compose\README.md","07_Tools_Validation_Misc","Tools, Validation Scripts, Root Config, Docs, Misc","Markdown Documentation",".md","49","1450","1.42","3A5595C71C7D84D016B60ADA4E77538A829C8B46CA79500A0DBCA35F221FC482","False","2026-06-16 10:51:21"
"deploy\demo-sources\README.md","07_Tools_Validation_Misc","Tools, Validation Scripts, Root Config, Docs, Misc","Demo Source / Seed",".md","7","284","0.28","030AF8A2972E407A809B0E281EF1DF15A1404152FBA0A8E53C8F2E22F87A0A09","False","2026-06-04 13:23:42"
"deploy\dr\backup.ps1","07_Tools_Validation_Misc","Tools, Validation Scripts, Root Config, Docs, Misc","PowerShell Script",".ps1","28","795","0.78","1BDF29E10067AFBD6CB8A273FA92DB720B2696179DDB2FE6B6B2AC7303E4CBB2","False","2026-06-03 15:22:45"
"deploy\dr\ha-reference-compose.yml","07_Tools_Validation_Misc","Tools, Validation Scripts, Root Config, Docs, Misc","YAML Configuration",".yml","27","933","0.91","0DFF9668C8C90A00F4801307D1B4A2C8080570698E942F26E6F69C389DB3EB13","False","2026-06-06 09:50:51"
"deploy\dr\restore.ps1","07_Tools_Validation_Misc","Tools, Validation Scripts, Root Config, Docs, Misc","PowerShell Script",".ps1","14","423","0.41","50D4B6902455D843344AFB91290D96EB51375B854C8042DC57F422E72F5F4A64","False","2026-06-03 15:22:45"
"deploy\dr\RPO_RTO_RUNBOOK.md","07_Tools_Validation_Misc","Tools, Validation Scripts, Root Config, Docs, Misc","Markdown Documentation",".md","43","742","0.72","6718A61D62DF6438A660ED0C993A5EB7D8D21F98D7CB293E293D1D9C72691950","False","2026-06-03 15:25:42"
"deploy\edge-agent\.env.edge-agent.template","07_Tools_Validation_Misc","Tools, Validation Scripts, Root Config, Docs, Misc","Environment Config",".template","8","327","0.32","EA4FE82E0AAF92C132AC2D0343121EFAF8B16ECB98BA711663D3ECFA2358F2DF","True","2026-06-06 17:00:49"
"deploy\edge-agent\README_EDGE_AGENT_DEPLOYMENT.md","07_Tools_Validation_Misc","Tools, Validation Scripts, Root Config, Docs, Misc","Markdown Documentation",".md","37","1271","1.24","F7F2EFA591D7ACBA980239B3BCB163C144CD30805CB231CEDDE879887501AACA","False","2026-06-06 17:00:49"
"deploy\export\export-open-format.ps1","07_Tools_Validation_Misc","Tools, Validation Scripts, Root Config, Docs, Misc","PowerShell Script",".ps1","43","1179","1.15","F6AE1A02E4D8B1AA4CE35C90BEE76180F0CB2D50AAAF5AFD4CDAEBA5AF611E1E","False","2026-06-03 15:25:42"
"deploy\export\open-format-manifest.schema.json","07_Tools_Validation_Misc","Tools, Validation Scripts, Root Config, Docs, Misc","JSON Configuration",".json","39","994","0.97","C90F7BD9A6590FEF376F3BF41BE8553233A3C703F195D24A4FEB206C3A77BC9E","False","2026-06-03 15:25:42"
"deploy\fixtures\license\dev_private.pem","07_Tools_Validation_Misc","Tools, Validation Scripts, Root Config, Docs, Misc","Other Text File",".pem","3","119","0.12","0E827DDD729A686513702DA2E870567C169CA7C1F6B4BEAC4DAD0C7A3BEFE2C8","False","2026-06-16 20:06:04"
"deploy\fixtures\license\dev_public.b64","07_Tools_Validation_Misc","Tools, Validation Scripts, Root Config, Docs, Misc","Other Text File",".b64","1","45","0.04","01A2B5F2949492F85836F531C0417E00BE3F8F969D8EBE4D768C0CE1CFDDE243","False","2026-06-16 20:14:26"
"deploy\fixtures\license\dev_public.pem","07_Tools_Validation_Misc","Tools, Validation Scripts, Root Config, Docs, Misc","Other Text File",".pem","3","113","0.11","D9DC291CEA1BD0848DD8FC742317E139DD748857BEA47FE1432AC62F189523A5","False","2026-06-16 20:14:26"
"deploy\fixtures\license\enterprise.token","07_Tools_Validation_Misc","Tools, Validation Scripts, Root Config, Docs, Misc","Other Text File",".token","1","456","0.45","985F113F4B4B00732603CE138FD871CD367C6A3F83B0BCEA7457383DE3DFB872","False","2026-06-16 20:14:26"
"deploy\fixtures\license\light.token","07_Tools_Validation_Misc","Tools, Validation Scripts, Root Config, Docs, Misc","Other Text File",".token","1","443","0.43","A1F32FA9B96CA5ADCA9D4B29A4FA792C44BC88155425AD40EA270A0F94972ED9","False","2026-06-16 20:14:26"
"deploy\fixtures\license\manifest.json","07_Tools_Validation_Misc","Tools, Validation Scripts, Root Config, Docs, Misc","JSON Configuration",".json","35","851","0.83","C9C098CCEC344AE2CCDB508098F6D7474922F7AEDC4C6BB2D46ECC1D1B7050E0","False","2026-06-16 20:14:26"
"deploy\fixtures\license\pro.token","07_Tools_Validation_Misc","Tools, Validation Scripts, Root Config, Docs, Misc","Other Text File",".token","1","437","0.43","83482AB39CAF1DF1952944B44839EAE979312C0AA53455AD67BFE30AE1E727C7","False","2026-06-16 20:14:26"
"deploy\fixtures\license\proplus.token","07_Tools_Validation_Misc","Tools, Validation Scripts, Root Config, Docs, Misc","Other Text File",".token","1","448","0.44","779B8A16614D38FF2AB0239E37495BCACBB3EF157A9D80F3A78464EE4953DA32","False","2026-06-16 20:14:26"
"deploy\identity\keycloak-reference-compose.yml","07_Tools_Validation_Misc","Tools, Validation Scripts, Root Config, Docs, Misc","YAML Configuration",".yml","16","334","0.33","A22A61E439CE153E449E9A78CF0CC78A8E9F7E2D8A795CB0B5AFCAB2A506524C","False","2026-06-03 16:04:09"
"deploy\local\README.md","07_Tools_Validation_Misc","Tools, Validation Scripts, Root Config, Docs, Misc","Markdown Documentation",".md","10","356","0.35","6B6DFAD4B2A02114C03E3952B503E90E7B73F5A277F76044159F44EC5509CEE7","False","2026-06-04 13:23:42"
"deploy\README.md","07_Tools_Validation_Misc","Tools, Validation Scripts, Root Config, Docs, Misc","Markdown Documentation",".md","41","1558","1.52","E02AD42A3DF2CE2393A6ACB8E5733AD76F89C7CA7D66027024846BFA51811140","False","2026-06-16 10:51:21"
"deploy\scripts\ci-e2e-stack.sh","07_Tools_Validation_Misc","Tools, Validation Scripts, Root Config, Docs, Misc","Shell Script",".sh","40","1673","1.63","170B52C841BED088659F75554F08F1C83EC91C9C2C4F5A2DA9DABED35B723CDF","False","2026-06-25 15:06:45"
"deploy\scripts\ci-test-db.sh","07_Tools_Validation_Misc","Tools, Validation Scripts, Root Config, Docs, Misc","Shell Script",".sh","79","4316","4.21","6D2A268C86D123D321739030E210C9203E1C1B7106943A17D2C557E3EA123656","False","2026-06-25 16:03:03"
"deploy\scripts\deploy-canonical.sh","07_Tools_Validation_Misc","Tools, Validation Scripts, Root Config, Docs, Misc","Shell Script",".sh","48","1949","1.9","CD0EE96C49814ECB9695BED20110F8990B149AE294D8362C152563E988D648E7","False","2026-07-10 12:48:49"
"deploy\scripts\Ensure-RuntimeEnv.ps1","07_Tools_Validation_Misc","Tools, Validation Scripts, Root Config, Docs, Misc","PowerShell Script",".ps1","33","3109","3.04","09A43AE689E1C9147F9A1AB83FCB4CB02A271A9DDEA5825599D5E3DFB5948F65","False","2026-06-25 15:19:18"
"deploy\scripts\ensure-runtime-env.sh","07_Tools_Validation_Misc","Tools, Validation Scripts, Root Config, Docs, Misc","Shell Script",".sh","51","4688","4.58","6E3E09D615878992ACB48F082964DDD68B8360D28C46E50DD3F3668572F965A6","False","2026-06-28 17:33:10"
"deploy\scripts\gen-dev-license.ps1","07_Tools_Validation_Misc","Tools, Validation Scripts, Root Config, Docs, Misc","PowerShell Script",".ps1","43","2478","2.42","78BE472334DBB13B807D317F6931044FAF1BFE0E8F59944D36D2BBE63199088E","False","2026-06-16 20:14:25"
"deploy\scripts\gen-ed25519-license.mjs","07_Tools_Validation_Misc","Tools, Validation Scripts, Root Config, Docs, Misc","JavaScript Source",".mjs","79","4044","3.95","2414A23FB5EC4F706F4778AFAD1640C3074E62F8D5A88E871E3FEB789586F96A","False","2026-06-16 20:14:25"
"deploy\scripts\migrate-and-seed.sh","07_Tools_Validation_Misc","Tools, Validation Scripts, Root Config, Docs, Misc","Shell Script",".sh","159","7600","7.42","78BADD029153CD6F809950623A629B0C1C8C4B50CC6D2EBAC9455B8CEC2C6B7F","False","2026-07-29 10:41:27"
"deploy\scripts\phase1-proof.sh","07_Tools_Validation_Misc","Tools, Validation Scripts, Root Config, Docs, Misc","Shell Script",".sh","24","827","0.81","0AA86B8F58760C5A8BF2F2D0E7F653CDCA4BA08AD950FDC081B9DE983D4C352D","False","2026-06-12 22:21:08"
"deploy\scripts\ppiq.ps1","07_Tools_Validation_Misc","Tools, Validation Scripts, Root Config, Docs, Misc","PowerShell Script",".ps1","409","21915","21.4","7E7FCBD5CF51B86CD8C5DD421487E64C8928DA50F77CD40D3B03A3583743C17C","False","2026-07-13 18:11:12"
"deploy\scripts\ppiq-matrix.ps1","07_Tools_Validation_Misc","Tools, Validation Scripts, Root Config, Docs, Misc","PowerShell Script",".ps1","158","8456","8.26","36FC8F634CB051A55B66B8077966484719B3B3197A587F45E58F5C304456FA57","False","2026-06-17 13:00:36"
"deploy\scripts\presentation-smoke.sh","07_Tools_Validation_Misc","Tools, Validation Scripts, Root Config, Docs, Misc","Shell Script",".sh","38","1968","1.92","57115FEE6350CAD20378617CB0C42C1253B8E38D61E6521B33689C444A578CC5","False","2026-06-26 13:17:48"
"deploy\scripts\sweep-stale.sh","07_Tools_Validation_Misc","Tools, Validation Scripts, Root Config, Docs, Misc","Shell Script",".sh","21","889","0.87","AA9B07E8FBE6A549C4A02013B6CF88637AD606D921DFDF9DB2E4032EB9DE5D32","False","2026-06-13 01:03:39"
"deploy\server\.env.example","07_Tools_Validation_Misc","Tools, Validation Scripts, Root Config, Docs, Misc","Environment Config",".example","96","3691","3.6","FB4947FC90FD0D5032ABEE807504F786408F2A996FCDAA68BE51A58D44736D00","True","2026-06-06 09:50:51"
"deploy\server\.env.production","07_Tools_Validation_Misc","Tools, Validation Scripts, Root Config, Docs, Misc","Environment Config",".production","93","4079","3.98","A0504930F8E51982239C1266785C127FF6E0A17D3425DB3F19B411B0F46EA35A","True","2026-06-01 14:56:05"
"deploy\server\apply-server-db-scripts.sh","07_Tools_Validation_Misc","Tools, Validation Scripts, Root Config, Docs, Misc","Shell Script",".sh","34","1302","1.27","00B283277AFCCB10E0BE0235B0A71954C934B713588C550AA67DAA7A3596CC82","False","2026-08-05 14:38:50"
"deploy\server\clean-machine-to-login.ps1","07_Tools_Validation_Misc","Tools, Validation Scripts, Root Config, Docs, Misc","PowerShell Script",".ps1","317","9192","8.98","982B85767E32D0A9A1DE36724426B8E5653E40E3CE0973888D9CB73C39E0851C","False","2026-06-16 10:51:21"
"deploy\server\converge-canonical-stack.sh","07_Tools_Validation_Misc","Tools, Validation Scripts, Root Config, Docs, Misc","Shell Script",".sh","54","2468","2.41","6ECA2B8F3F467F9B7A3F25C049672F7B20FFB08E5D06724B878F52A1B5799D03","False","2026-06-12 22:13:55"
"deploy\server\harden-postgres-private-network.sh","07_Tools_Validation_Misc","Tools, Validation Scripts, Root Config, Docs, Misc","Shell Script",".sh","22","638","0.62","4A23E3A35B3A75787D84D81157C10FCBB430DD00A5BD0059B32B3BE0CB7CDE49","False","2026-06-07 15:15:57"
"deploy\server\probe-canonical.sh","07_Tools_Validation_Misc","Tools, Validation Scripts, Root Config, Docs, Misc","Shell Script",".sh","38","1864","1.82","9E4EB1FF9C2554A0C7546F84C84A2301CBD10E304C517A1EC6E9F3C86E16EAF1","False","2026-06-12 22:13:55"
"deploy\server\README.md","07_Tools_Validation_Misc","Tools, Validation Scripts, Root Config, Docs, Misc","Markdown Documentation",".md","79","2770","2.71","E89B24A819370DCD4E2145DD1E9226A1AC296F8897BC565F74D98255D5E8712C","False","2026-06-16 10:51:21"
"deploy\server\rotate-postgres-password.sh","07_Tools_Validation_Misc","Tools, Validation Scripts, Root Config, Docs, Misc","Shell Script",".sh","20","758","0.74","0BEA1D77EC32DF869E61E53A4B6CD265AC5D3527CC1F22DE58CBC2711C77BA4A","False","2026-05-31 11:30:39"
"deploy\server\SERVER_DEPLOYMENT_CHECKLIST.md","07_Tools_Validation_Misc","Tools, Validation Scripts, Root Config, Docs, Misc","Markdown Documentation",".md","31","1214","1.19","62263DAFCEC362697E904B38F05108F0E5B1F79DE2382073FF09BF2831327AAA","False","2026-06-04 13:31:15"
"deploy\server\SERVER_DRY_RUN.md","07_Tools_Validation_Misc","Tools, Validation Scripts, Root Config, Docs, Misc","Markdown Documentation",".md","26","1101","1.08","429880985DBB1D74F4D5F8760286625D42A7E6B7F252D79807A3A3423E1D00C2","False","2026-06-04 13:37:07"
"deploy\server\SERVER_RUNBOOK.md","07_Tools_Validation_Misc","Tools, Validation Scripts, Root Config, Docs, Misc","Markdown Documentation",".md","45","1716","1.68","3CF57D1BBD9AEF6E3B9E4134AB14DD31D7F0AD7CD27407C7F0D244BFCABA613D","False","2026-06-04 13:31:14"
"deploy\server\verify-server-exposure.sh","07_Tools_Validation_Misc","Tools, Validation Scripts, Root Config, Docs, Misc","Shell Script",".sh","48","1718","1.68","D3108A6FF1EA04B6BB5A0DD04C37F07E047E83F62CFA9E62800B0B3FB45487E5","False","2026-06-09 00:41:35"
"docs\acquisition\P05_OT_SAFE_ACQUISITION.md","07_Tools_Validation_Misc","Tools, Validation Scripts, Root Config, Docs, Misc","Markdown Documentation",".md","17","701","0.68","D248BF9CD4E9F66D81F09E2C8046ACF9F2B01E38D8798F83F28D71075E0EC99F","False","2026-08-02 16:20:30"
"docs\ai\P04_PRIVATE_MODEL_GATEWAY_CISO_CONTROLS.md","07_Tools_Validation_Misc","Tools, Validation Scripts, Root Config, Docs, Misc","Markdown Documentation",".md","19","1056","1.03","17E3B2324BC96E4DF1F08E52A888BF979BC91D30575111DCC1D6C797B73C4786","False","2026-08-02 16:20:30"
"docs\analytics\P02_CANONICAL_ANALYTICS_ENGINE.md","07_Tools_Validation_Misc","Tools, Validation Scripts, Root Config, Docs, Misc","Markdown Documentation",".md","16","969","0.95","01F272D8F41022535A9A419D21C3DA14C25C0B22713CEE360FE59D19DA5B4F97","False","2026-08-02 16:20:30"
"docs\analytics\P03_VALUE_EVIDENCE_HMI.md","07_Tools_Validation_Misc","Tools, Validation Scripts, Root Config, Docs, Misc","Markdown Documentation",".md","16","689","0.67","E2115A59999A79257389909CBA27AA9B43C1CCFDC0D64F7346016036C5465BF1","False","2026-08-02 16:20:30"
"docs\assistant\P04_PRODUCTION_ASSISTANT.md","07_Tools_Validation_Misc","Tools, Validation Scripts, Root Config, Docs, Misc","Markdown Documentation",".md","20","987","0.96","8C4B8FCA96A4D9E4E782B97CEFBAA0D5B237ABB631CAB7F0259B859D0C813558","False","2026-08-02 16:20:30"
"docs\audit\WidgetRowCensus_20260727_182710.csv","07_Tools_Validation_Misc","Tools, Validation Scripts, Root Config, Docs, Misc","Other Text File",".csv","39","5745","5.61","C514DE278771CAD13749853CAC670590D7097B6677299ACDC6F9FAEF9179B50E","False","2026-07-27 18:27:17"
"docs\audit\WidgetRowCensus_20260727_183533.csv","07_Tools_Validation_Misc","Tools, Validation Scripts, Root Config, Docs, Misc","Other Text File",".csv","39","7415","7.24","945C1990A555B47A67391EF1A0A87D9482A511E4EEB678481F6E353DD8A7D02D","False","2026-07-27 18:35:37"
"docs\audit\WidgetRowCensus_20260727_202211.csv","07_Tools_Validation_Misc","Tools, Validation Scripts, Root Config, Docs, Misc","Other Text File",".csv","39","8869","8.66","36DBC98A2DE5ED5C87915215DEC508BF04DFCAC56519BA35CA421496B0D1254D","False","2026-07-27 20:22:15"
"docs\audit\WidgetRowCensus_20260727_202622.csv","07_Tools_Validation_Misc","Tools, Validation Scripts, Root Config, Docs, Misc","Other Text File",".csv","39","6839","6.68","7C44E04F0C3F84CC7E39B05BA5E7031A6FB51646B7939213B2A6AA6996C40E9C","False","2026-07-27 20:26:26"
"docs\ci\gate-report.json","07_Tools_Validation_Misc","Tools, Validation Scripts, Root Config, Docs, Misc","JSON Configuration",".json","33","938","0.92","C47E4669EEB33DEBE3BB572C89386488E25C35513D45DC8041B6F66FAFA85C99","False","2026-06-06 14:29:19"
"docs\closure\P13_CUSTOMER_ACCEPTANCE_REPORT_TEMPLATE.md","07_Tools_Validation_Misc","Tools, Validation Scripts, Root Config, Docs, Misc","Markdown Documentation",".md","31","574","0.56","EF0143B8410E36B4CA973EBA99921D6897FE42811C8032B76EC1E8BDA478CD6E","False","2026-08-02 16:20:30"
"docs\closure\PACK_B35_MOSTLY_GREEN_TASK_CLOSURE.md","07_Tools_Validation_Misc","Tools, Validation Scripts, Root Config, Docs, Misc","Markdown Documentation",".md","36","1437","1.4","4DAE091CD2C1AE5536BA022D58E93742587C97636B539888632237495731FD6B","False","2026-08-02 16:20:30"
"docs\compliance\CONTROL_EVIDENCE_MATRIX.md","07_Tools_Validation_Misc","Tools, Validation Scripts, Root Config, Docs, Misc","Markdown Documentation",".md","9","481","0.47","39A5D0F008299EE18CB1C88B0C528BEDAAB06C20BB20F14E4DF50A210A9CCE8B","False","2026-06-03 15:25:43"
"docs\connectors\P07_CONNECTOR_RUNTIME_CERTIFICATION.md","07_Tools_Validation_Misc","Tools, Validation Scripts, Root Config, Docs, Misc","Markdown Documentation",".md","24","1321","1.29","D51D30057A7ABC0EF2D9B347344FC9EBDA229E8D815B68BB17D8FAD02F2D02CB","False","2026-08-02 16:20:30"
"docs\demo\canonical-layout.md","07_Tools_Validation_Misc","Tools, Validation Scripts, Root Config, Docs, Misc","Markdown Documentation",".md","28","1298","1.27","E38DE64D7178CC0EBDB4A4F28DF6E80EA86886B3F4E475F99F9833C38C103D82","False","2026-05-31 11:42:05"
"docs\demo\demo-source-systems.md","07_Tools_Validation_Misc","Tools, Validation Scripts, Root Config, Docs, Misc","Markdown Documentation",".md","23","810","0.79","14D477491AC016417E60C58323C42F2AC1BCBD6D7A040BFCD781F86F62C83A5A","False","2026-08-02 16:20:30"
"docs\demo\GroundedAssistant_Framing_V1-43.md","07_Tools_Validation_Misc","Tools, Validation Scripts, Root Config, Docs, Misc","Markdown Documentation",".md","24","1531","1.5","7EC41F98ED28D3395E2B86C533F38BE31908D12904401F5D8342B8079D26C472","False","2026-07-05 16:47:58"
"docs\demo\Rehearsal_Protocol_V1-48.md","07_Tools_Validation_Misc","Tools, Validation Scripts, Root Config, Docs, Misc","Markdown Documentation",".md","32","2343","2.29","2BAE5C0C378D78A2459502F75FF722C427CF11D9716E73229FAE874F2792C7C0","False","2026-07-05 16:47:58"
"docs\deployment\PHASE03_CANONICAL_DEPLOYMENT.md","07_Tools_Validation_Misc","Tools, Validation Scripts, Root Config, Docs, Misc","Markdown Documentation",".md","18","549","0.54","B1245684B42C1CE3330DF2AE2711177EE6A11657C30FC1AAADC76B42767ED3D4","False","2026-06-07 15:15:57"
"docs\deployment\PHASE03_CLEAN_MACHINE_TO_LOGIN_RUNBOOK.md","07_Tools_Validation_Misc","Tools, Validation Scripts, Root Config, Docs, Misc","Markdown Documentation",".md","108","3986","3.89","9C43C02686CE56262D5FBC9E0219068D5E36B1B844B67EE358E9E3261DA04DEE","False","2026-08-02 16:20:30"
"docs\deployment\PHASE03_T015_POSTGRES_PORT_PROOF.template.md","07_Tools_Validation_Misc","Tools, Validation Scripts, Root Config, Docs, Misc","Markdown Documentation",".md","21","595","0.58","AEE30EF3B46669E69BDA560C95A38B490661F7796FEF5A7BEECD9EDADABFC7F4","False","2026-06-07 15:15:57"
"docs\deployment\T007_CLEAN_MACHINE_DEPLOY_ACCEPTANCE.latest.md","07_Tools_Validation_Misc","Tools, Validation Scripts, Root Config, Docs, Misc","Markdown Documentation",".md","21","498","0.49","1A2AB51DA7362B38296D7235F8828538034A8D2A5BCBC0A4146FE8D1A0B634C6","False","2026-06-09 14:33:32"
"docs\deployment\T007_CLEAN_MACHINE_DEPLOY_ACCEPTANCE.md","07_Tools_Validation_Misc","Tools, Validation Scripts, Root Config, Docs, Misc","Markdown Documentation",".md","26","839","0.82","89355AEE1CCD400A6E7862DED40E5161CE5E4047C1BC2B4D3DA778FBBFA9A648","False","2026-06-09 14:31:05"
"docs\developer\HISTORIAN_CONNECTOR_REGRESSION_GUIDE.md","07_Tools_Validation_Misc","Tools, Validation Scripts, Root Config, Docs, Misc","Markdown Documentation",".md","34","1721","1.68","9659DA6D9F772C5788EC5A08FC1DECFA7B04FCB334976493B76036EC228BBADD","False","2026-06-06 16:32:00"
"docs\developer\HISTORIAN_CONNECTOR_RUNBOOK.md","07_Tools_Validation_Misc","Tools, Validation Scripts, Root Config, Docs, Misc","Markdown Documentation",".md","50","1823","1.78","B37A2120D9A0B16A47DBE5A54332C08200F6F1BA94AD885DEE87FBBF36430256","False","2026-06-06 16:32:00"
"docs\developer\MAPPING_AND_DRIFT_DEVELOPER_GUIDE.md","07_Tools_Validation_Misc","Tools, Validation Scripts, Root Config, Docs, Misc","Markdown Documentation",".md","151","6632","6.48","B363E9F7961E990473AC4CE07839062DE2C150EF0BF01360664F89919F919162","False","2026-06-06 15:11:51"
"docs\developer\MAPPING_DRIFT_GATE_COMMANDS.md","07_Tools_Validation_Misc","Tools, Validation Scripts, Root Config, Docs, Misc","Markdown Documentation",".md","41","1017","0.99","0A8D2202BF4DB6B754BB279E002C4AEBF4BF607637463D8ED98BB0DD522262CB","False","2026-06-06 15:11:51"
"docs\developer\MAPPING_DRIFT_TROUBLESHOOTING_RUNBOOK.md","07_Tools_Validation_Misc","Tools, Validation Scripts, Root Config, Docs, Misc","Markdown Documentation",".md","77","2368","2.31","0FD24BD1A22D80B0F3D7118F6AE32EFED8BD2C2863D40B56D72DCCB88CD6DF99","False","2026-08-02 16:20:30"
"docs\developer\OT_SAFE_EDGE_AGENT_BACKEND_RUNBOOK.md","07_Tools_Validation_Misc","Tools, Validation Scripts, Root Config, Docs, Misc","Markdown Documentation",".md","30","965","0.94","B8AB459150CD3E0336F7A8E7E1D1570461E102C9C8F23683465B2D1CB1E327EE","False","2026-08-02 16:20:30"
"docs\developer\OT_SAFE_EDGE_AGENT_CONTRACT.md","07_Tools_Validation_Misc","Tools, Validation Scripts, Root Config, Docs, Misc","Markdown Documentation",".md","29","1070","1.04","D9307D89D54DF1D749FD4776FF4AADB81DD678F44CBBA0D2974F5F0BC099C4B1","False","2026-06-06 16:50:34"
"docs\developer\OT_SAFE_EDGE_AGENT_DEPLOYMENT_GUIDE.md","07_Tools_Validation_Misc","Tools, Validation Scripts, Root Config, Docs, Misc","Markdown Documentation",".md","30","1023","1","7721BDFD8D3B406122A076E1766221D9D0001230274FC3332DF870F43E4E6ECB","False","2026-06-06 17:00:49"
"docs\developer\OT_SAFE_EDGE_AGENT_FINAL_RUNBOOK.md","07_Tools_Validation_Misc","Tools, Validation Scripts, Root Config, Docs, Misc","Markdown Documentation",".md","25","716","0.7","5CA047423A66C9EA08CEC39916BDD8BEDA6B27B3488BEF21F376E9ED06338A25","False","2026-06-06 17:06:39"
"docs\developer\OT_SAFE_EDGE_AGENT_REGRESSION_GUIDE.md","07_Tools_Validation_Misc","Tools, Validation Scripts, Root Config, Docs, Misc","Markdown Documentation",".md","33","1166","1.14","540D696EBE4743A4A03F7AD7C662AF856EB57B4D11AAC1B369D9DD514773A473","False","2026-06-06 17:06:39"
"docs\developer\PHASE15_ADVISORY_VALUE_CONTRACT.md","07_Tools_Validation_Misc","Tools, Validation Scripts, Root Config, Docs, Misc","Markdown Documentation",".md","32","1258","1.23","0783E4988F203899D53A864DD36F803AA9E29C4300949278A64E271845DD5E50","False","2026-06-06 17:29:37"
"docs\developer\PHASE15_ADVISORY_VALUE_RUNBOOK.md","07_Tools_Validation_Misc","Tools, Validation Scripts, Root Config, Docs, Misc","Markdown Documentation",".md","20","872","0.85","2812BC6D9BD3211752AE1DC6C553276C715D812F1ADAA3FFD3FB9E88E885C63D","False","2026-06-06 17:29:37"
"docs\developer\PHASE15_CROSS_PLANT_INDUSTRY_BENCHMARKING.md","07_Tools_Validation_Misc","Tools, Validation Scripts, Root Config, Docs, Misc","Markdown Documentation",".md","30","914","0.89","09FD82244ECD258584026F930D5A84A0A3D901A71125B6630FAD50A9865F3795","False","2026-06-06 18:09:34"
"docs\developer\PHASE15_RECOMMENDATION_GENERATOR.md","07_Tools_Validation_Misc","Tools, Validation Scripts, Root Config, Docs, Misc","Markdown Documentation",".md","31","1057","1.03","8D58B9A019904FE0C7CAA2087004E97B741B991B19392720BA6B4B32DD82D5BC","False","2026-06-06 17:50:24"
"docs\developer\PHASE15_RECOMMENDATION_HONESTY_CERTIFICATION.md","07_Tools_Validation_Misc","Tools, Validation Scripts, Root Config, Docs, Misc","Markdown Documentation",".md","27","741","0.72","8C6CBC95E5BE81EE68B08A1268A7479B199AE994D43E9C7E331FE4D5A66BF1B3","False","2026-06-06 18:16:54"
"docs\developer\PHASE15_ROI_CFO_VALUE_DASHBOARD.md","07_Tools_Validation_Misc","Tools, Validation Scripts, Root Config, Docs, Misc","Markdown Documentation",".md","27","852","0.83","324CF9A945BE543FD85FF032B2C86E438C14D712B99C7D623529FCD4078FE4C2","False","2026-06-06 18:03:47"
"docs\developer\PHASE15_VALUE_REALIZATION_TRACKING.md","07_Tools_Validation_Misc","Tools, Validation Scripts, Root Config, Docs, Misc","Markdown Documentation",".md","29","881","0.86","8F4FB345C41B64C0992B5C3DE9A76964565ADC60DD0D9F6078A2BDE30347A382","False","2026-06-06 17:59:40"
"docs\developer\PHASE15_WHATIF_SCENARIO_ENGINE.md","07_Tools_Validation_Misc","Tools, Validation Scripts, Root Config, Docs, Misc","Markdown Documentation",".md","28","855","0.83","ECD259F48A6BF3CEA29ACB97175E630E841D46EB0495FB5DB5EFAA60D821676C","False","2026-06-06 17:40:49"
"docs\emulation\FLEET_RELATIONS.md","07_Tools_Validation_Misc","Tools, Validation Scripts, Root Config, Docs, Misc","Markdown Documentation",".md","30","2126","2.08","2714EA0B77005A15843AD480B18AECFB31D17C28C6A62F4184B0C875F67B4F67","False","2026-07-06 15:15:33"
"docs\escrow\SOURCE_CODE_ESCROW_PROCESS.md","07_Tools_Validation_Misc","Tools, Validation Scripts, Root Config, Docs, Misc","Markdown Documentation",".md","24","611","0.6","11967D3D85EC4CAA7F415D7A1D97B7C9E5F4CEC2C357D41476BDEE209B523955","False","2026-06-03 15:25:42"
"docs\GO_LIVE_SIGNOFF.md","07_Tools_Validation_Misc","Tools, Validation Scripts, Root Config, Docs, Misc","Markdown Documentation",".md","15","318","0.31","A120904F731B1642DE060D4AA6F36209E5C4189920CEA7A9E712ACA2F80F2A99","False","2026-06-13 22:20:35"
"docs\ground-truth\GROUND_TRUTH_HOTFIX_EVIDENCE.md","07_Tools_Validation_Misc","Tools, Validation Scripts, Root Config, Docs, Misc","Markdown Documentation",".md","39","2275","2.22","3BC14948EB4B655A0DBB39122609231236397160871657CE226D4BDF8DD45AFA","False","2026-08-02 16:20:30"
"docs\ground-truth\ROADMAP_GROUND_TRUTH_SCORECARD.json","07_Tools_Validation_Misc","Tools, Validation Scripts, Root Config, Docs, Misc","JSON Configuration",".json","1819","127844","124.85","084DD5CFB82D6064E62C25672B99AFA91994241FA3A873448D62FE96C8727DF3","False","2026-06-13 10:15:12"
"docs\ground-truth\ROADMAP_GROUND_TRUTH_SCORECARD.md","07_Tools_Validation_Misc","Tools, Validation Scripts, Root Config, Docs, Misc","Markdown Documentation",".md","77","4513","4.41","149B0E5661073814FDB9E08DA2BC72C2E0B9130DAD2F1E16560DBD436FB06AE0","False","2026-08-02 16:20:30"
"docs\identity\P09_SSO_SCIM_RUNTIME_CERTIFICATION.md","07_Tools_Validation_Misc","Tools, Validation Scripts, Root Config, Docs, Misc","Markdown Documentation",".md","33","1268","1.24","FE2C8D8BE5E298F17D002F173913343CAC59139DE4F76FE14C8CA1244D68E827","False","2026-08-02 16:20:30"
"docs\m1\ACCEPTANCE.md","07_Tools_Validation_Misc","Tools, Validation Scripts, Root Config, Docs, Misc","Markdown Documentation",".md","61","3470","3.39","5EF3BF58800277A01DCC848BBA4205954AEF1FD707B079E6CE0BF74BD69EAE32","False","2026-08-02 18:21:24"
"docs\m1\checklists\S01_Connections.md","07_Tools_Validation_Misc","Tools, Validation Scripts, Root Config, Docs, Misc","Markdown Documentation",".md","38","1745","1.7","008243B22319F65B1B7F6129FC4F8B9C2E32B98A00974CB7DE865B64ED1019B5","False","2026-08-02 18:28:43"
"docs\m1\checklists\S02_DatasetRegistry.md","07_Tools_Validation_Misc","Tools, Validation Scripts, Root Config, Docs, Misc","Markdown Documentation",".md","38","1747","1.71","71A70ACCFCCA951382BB36B7A73B2708BFBAA69688514912AB9639FB2839FEF3","False","2026-08-02 18:28:43"
"docs\m1\checklists\S03_PrepareImport.md","07_Tools_Validation_Misc","Tools, Validation Scripts, Root Config, Docs, Misc","Markdown Documentation",".md","38","1744","1.7","2F3ED83D4FD2CDE0B4439D53F42803A0A9733CC2C447D7F87AD18F411D531671","False","2026-08-02 18:28:43"
"docs\m1\checklists\S04_Importing.md","07_Tools_Validation_Misc","Tools, Validation Scripts, Root Config, Docs, Misc","Markdown Documentation",".md","38","1741","1.7","54FDA80B20F227A43F6BA5EB09DC9F89DA1ED191EE9BAFDEBC0AC08028A64A11","False","2026-08-02 18:28:43"
"docs\m1\checklists\S05_JobsMonitor.md","07_Tools_Validation_Misc","Tools, Validation Scripts, Root Config, Docs, Misc","Markdown Documentation",".md","38","1739","1.7","924882B8DAB22723BC138CF07136D943EB8C34E0FBDD11BB655D9A81EE87FC55","False","2026-08-02 18:28:43"
"docs\m1\checklists\S06_TransformationStudio.md","07_Tools_Validation_Misc","Tools, Validation Scripts, Root Config, Docs, Misc","Markdown Documentation",".md","38","1740","1.7","C6EB60E62857A61D203C7B73E68AA8C2EEDF7057B21FB35448A7B3468264ED52","False","2026-08-02 18:28:43"
"docs\m1\checklists\S07_RelationshipBrowser.md","07_Tools_Validation_Misc","Tools, Validation Scripts, Root Config, Docs, Misc","Markdown Documentation",".md","38","1739","1.7","E0F375278BE8FF50892DFAAC0A93A0F54550114E269D34CB099FEDCC1EB8FE72","False","2026-08-02 18:28:43"
"docs\m1\checklists\S08_MappingHealth.md","07_Tools_Validation_Misc","Tools, Validation Scripts, Root Config, Docs, Misc","Markdown Documentation",".md","38","1734","1.69","56F78318C2B4BF73ECC55A9CF55104944F30683C8E7FACD2AC22EE4EDB6FA3A2","False","2026-08-02 18:28:43"
"docs\m1\checklists\S09_DataQuality.md","07_Tools_Validation_Misc","Tools, Validation Scripts, Root Config, Docs, Misc","Markdown Documentation",".md","38","1730","1.69","3626D06BC2CFA478504AC3E403753F7FFCF5315A37BACE5CA0A6DBF4969B0CB7","False","2026-08-02 18:28:43"
"docs\m1\checklists\S10_GenealogyExplorer.md","07_Tools_Validation_Misc","Tools, Validation Scripts, Root Config, Docs, Misc","Markdown Documentation",".md","38","1733","1.69","7E18E76A4EEAB40590DE862BCF87996F12EFE167515833FB6D6CC6124EF2DBA6","False","2026-08-02 18:28:43"
"docs\m1\checklists\S11_PageBuilder.md","07_Tools_Validation_Misc","Tools, Validation Scripts, Root Config, Docs, Misc","Markdown Documentation",".md","38","1730","1.69","26AF2AF4489ED7972CB3A67ECF1C85E51B3D1AEC2C49C3B5E3808FC7B7EDAF32","False","2026-08-02 18:28:43"
"docs\m1\checklists\S12_InteractiveWorkspace.md","07_Tools_Validation_Misc","Tools, Validation Scripts, Root Config, Docs, Misc","Markdown Documentation",".md","38","1753","1.71","F9AA8B6F59F36FE4293763A44553570EA2C740EDD44582DDB92C4326E87FBF42","False","2026-08-02 18:28:43"
"docs\m1\checklists\S13_AnalysisToolbox.md","07_Tools_Validation_Misc","Tools, Validation Scripts, Root Config, Docs, Misc","Markdown Documentation",".md","38","1740","1.7","367E42755F9D8B5D30B8FE75D090C382D2A45CA466FAFB4C3082E33103E919A5","False","2026-08-02 18:28:43"
"docs\m1\checklists\S14_Findings.md","07_Tools_Validation_Misc","Tools, Validation Scripts, Root Config, Docs, Misc","Markdown Documentation",".md","38","1726","1.69","EED65A874399A407E66D093B11C81CC043F9187464EA50E878F4694053AE59E6","False","2026-08-02 18:28:43"
"docs\m1\checklists\S15_RiskDashboard.md","07_Tools_Validation_Misc","Tools, Validation Scripts, Root Config, Docs, Misc","Markdown Documentation",".md","38","1724","1.68","05BEBA1EB5435BB986EA81F2287602D8534014006747D8B2383D0E114AD9994A","False","2026-08-02 18:28:43"
"docs\m1\checklists\S16_MLReadinessandModels.md","07_Tools_Validation_Misc","Tools, Validation Scripts, Root Config, Docs, Misc","Markdown Documentation",".md","38","1741","1.7","62DE1450CCE7813681CB641728068ADE3AF7D9DB71528B7108AFF338E830A6EC","False","2026-08-02 18:28:43"
"docs\m1\checklists\S17_Websitepresentationpath.md","07_Tools_Validation_Misc","Tools, Validation Scripts, Root Config, Docs, Misc","Markdown Documentation",".md","38","1736","1.7","88B482B34636F598517FF5065839C055DA0E94D208D5C30B1F36D9E1314AA6A8","False","2026-08-02 18:28:43"
"docs\m1\checklists\S18_Assistantdock.md","07_Tools_Validation_Misc","Tools, Validation Scripts, Root Config, Docs, Misc","Markdown Documentation",".md","38","1745","1.7","DA600DA0D54311EA8FD71921D8FF4D3AB440A596346E3599ECF05C64D9E540EF","False","2026-08-02 18:28:43"
"docs\m1\evidence\T-040\EVIDENCE.jsonl","07_Tools_Validation_Misc","Tools, Validation Scripts, Root Config, Docs, Misc","Other Text File",".jsonl","44","8863","8.66","24FC88A7F13955F3F69BFE8A1611AD6BA347481FDC2A7C184204F5AA318F1B6C","False","2026-08-10 16:30:34"
"docs\m1\evidence\T-040\G10-focus-order.txt","07_Tools_Validation_Misc","Tools, Validation Scripts, Root Config, Docs, Misc","Other Text File",".txt","55","2452","2.39","2F1125D9CCB76861049AD5EAE4B756F1F750A382DAAC5545FA91D7640F46B110","False","2026-08-10 16:30:34"
"docs\m1\evidence\T-040\G19-focus-on-open.txt","07_Tools_Validation_Misc","Tools, Validation Scripts, Root Config, Docs, Misc","Other Text File",".txt","2","62","0.06","4DC6C62A79618092044F808D7662CCE5A3900E05A69A8EA37ACA1CF585ED5DEA","False","2026-08-10 16:30:34"
"docs\m1\evidence\T-044\A1_aggregate_truth.md","07_Tools_Validation_Misc","Tools, Validation Scripts, Root Config, Docs, Misc","Markdown Documentation",".md","232","10251","10.01","80F780924FB81C2F218AFA33B0E4EBAF4535247F9FDB9D566D6961DE088BD488","False","2026-08-10 21:34:31"
"docs\m1\evidence\T-044\A2_aggregation_algebra.md","07_Tools_Validation_Misc","Tools, Validation Scripts, Root Config, Docs, Misc","Markdown Documentation",".md","154","8625","8.42","89342C8AA15C7F7299A8D845E872B139EEE1ECC3F24DB41834F8A5FD0A03CD1B","False","2026-08-10 21:49:38"
"docs\m1\evidence\T-044\T-044_DEBT_REGISTER.md","07_Tools_Validation_Misc","Tools, Validation Scripts, Root Config, Docs, Misc","Markdown Documentation",".md","221","9345","9.13","2FA6C18A90B98E1DFABA0E2409C0FDFE2176AD4DBCC40A04C48BFEA03882306E","False","2026-08-11 09:10:10"
"docs\m1\evidence\T-045\T-045_BROWSER_WALK.md","07_Tools_Validation_Misc","Tools, Validation Scripts, Root Config, Docs, Misc","Markdown Documentation",".md","61","2427","2.37","0789053EC7B30ABFE6039547B3FB75E2ACB3731B0AA1E5BF7FDB4724B7E52302","False","2026-08-12 11:12:05"
"docs\m1\evidence\T-045\T-045_CLOSURE.md","07_Tools_Validation_Misc","Tools, Validation Scripts, Root Config, Docs, Misc","Markdown Documentation",".md","213","11211","10.95","CCBB14B0C9CB395015D5B4AD8984194ECDA29C1146C8F9A5AB956EF487D3A684","False","2026-08-12 11:35:49"
"docs\m1\evidence\T-071_T-072_T-073_certification_20260808_164611.txt","07_Tools_Validation_Misc","Tools, Validation Scripts, Root Config, Docs, Misc","Other Text File",".txt","87","5494","5.37","F88192C609EC598B7D0973531C92E456B92D389BE3761502DF73B7029CBD0933","False","2026-08-10 16:30:34"
"docs\m1\evidence\T-071_T-072_T-073_certification_20260808_164645.txt","07_Tools_Validation_Misc","Tools, Validation Scripts, Root Config, Docs, Misc","Other Text File",".txt","92","5930","5.79","B2B080E25006E65059F6CCF86B2B12A7E5E27DD6C1F7BAD6D14066E738B30897","False","2026-08-10 16:30:34"
"docs\m1\evidence\T-071_T-072_T-073_certification_20260808_195624.txt","07_Tools_Validation_Misc","Tools, Validation Scripts, Root Config, Docs, Misc","Other Text File",".txt","101","7023","6.86","184D79DFC02AC49DDA319093C7474388FA63DAEBC307F79DBF26740A15F71165","False","2026-08-10 16:30:34"
"docs\m1\evidence\T-071_T-072_T-073_certification_20260808_202350.txt","07_Tools_Validation_Misc","Tools, Validation Scripts, Root Config, Docs, Misc","Other Text File",".txt","107","6957","6.79","F39CD2DE25D511E96719EB0599F7326C0DE8A00B942AC0A5D43D0FAB7AC2A757","False","2026-08-10 16:30:34"
"docs\m1\evidence\T-072_CLOSURE.md","07_Tools_Validation_Misc","Tools, Validation Scripts, Root Config, Docs, Misc","Markdown Documentation",".md","51","2562","2.5","363D1FF3EAB40D251761A6735BC75845BAEA1A1DD5E2B192CF04079B991E7DAA","False","2026-08-10 16:30:34"
"docs\m1\evidence\T-073_CLOSURE.md","07_Tools_Validation_Misc","Tools, Validation Scripts, Root Config, Docs, Misc","Markdown Documentation",".md","70","3608","3.52","D00B649E1B15CFEFE6D662E6A02228BE90D29632D611AD803258A90C6B2CAA04","False","2026-08-10 16:30:34"
"docs\m1\evidence\T-073_UPSTREAM_FINDING_widget_result_instability.md","07_Tools_Validation_Misc","Tools, Validation Scripts, Root Config, Docs, Misc","Markdown Documentation",".md","79","3585","3.5","E0B4C1CDD317B32DEE59461C779382AA51CD2FF15550A99D55E33EACDF8FAC0E","False","2026-08-10 16:30:34"
"docs\m1\evidence\T-074_CLOSURE.md","07_Tools_Validation_Misc","Tools, Validation Scripts, Root Config, Docs, Misc","Markdown Documentation",".md","65","3035","2.96","A9EA109C60E162174E454195C373F34F6EA6AB13CF0199E159490B9E7543F5A1","False","2026-08-10 16:30:34"
"docs\m1\evidence\T-074_FINDING_casting_speed_vocabulary.md","07_Tools_Validation_Misc","Tools, Validation Scripts, Root Config, Docs, Misc","Markdown Documentation",".md","34","1371","1.34","7F14B0D14561A6249A1DBDEFDE2393813E0C19802695A52C245D01BFFE6FC470","False","2026-08-10 16:30:34"
"docs\m1\evidence\T-074_quantity_certification_20260808_211936.txt","07_Tools_Validation_Misc","Tools, Validation Scripts, Root Config, Docs, Misc","Other Text File",".txt","60","3574","3.49","DFCA5B2629BB8782B85DE052860967D1530DDBF787BAC37A687AEE59CAB4A2D1","False","2026-08-10 16:30:34"
"docs\m1\evidence\T-074_quantity_certification_20260808_212306.txt","07_Tools_Validation_Misc","Tools, Validation Scripts, Root Config, Docs, Misc","Other Text File",".txt","46","2625","2.56","E7CCDC740C96BA8934D290553C0F4190FEC69F310F17F99A267B0E8268A51CF5","False","2026-08-10 16:30:34"
"docs\m1\evidence\T-074_quantity_certification_20260808_212511.txt","07_Tools_Validation_Misc","Tools, Validation Scripts, Root Config, Docs, Misc","Other Text File",".txt","52","2993","2.92","50B4037C69AA211E316AA753956076DFF1A07BC23BAE17D95244F924B029218A","False","2026-08-10 16:30:34"
"docs\m1\evidence\T-074_quantity_certification_20260808_214446.txt","07_Tools_Validation_Misc","Tools, Validation Scripts, Root Config, Docs, Misc","Other Text File",".txt","53","2832","2.77","E64D1812FD8C2E98FC21C0EC0FA2133DFD30BEB091FA274052052F7AA6B762A6","False","2026-08-10 16:30:34"
"docs\m1\phenomena\manifest.csv","07_Tools_Validation_Misc","Tools, Validation Scripts, Root Config, Docs, Misc","Other Text File",".csv","4","2052","2","5D402A968E4CD6FD70EE89D9D594066B61A8EF3BCC6A56ED46606DDB8806759B","False","2026-08-05 14:08:08"
"docs\m1\phenomena\T-027_coverage_ledger.csv","07_Tools_Validation_Misc","Tools, Validation Scripts, Root Config, Docs, Misc","Other Text File",".csv","105","46991","45.89","B401B6E3C2461113171752B76D5EF1C936F190165AD0CD46A16C337EE0CDAADE","False","2026-08-05 15:02:14"
"docs\m1\presentation_diff_ignore.txt","07_Tools_Validation_Misc","Tools, Validation Scripts, Root Config, Docs, Misc","Other Text File",".txt","26","1698","1.66","5384D20CE47280924321985CE6BC0F57BF8B106705AF475FAB0BFA1E62D76408","False","2026-08-02 22:16:41"
"docs\m1\screens.txt","07_Tools_Validation_Misc","Tools, Validation Scripts, Root Config, Docs, Misc","Other Text File",".txt","29","1365","1.33","70D50A1F064C7A553BA5F2354E3469995CC8080557F18A2B823BC16E7B08F6A4","False","2026-08-02 18:21:24"
"docs\modules\PRODUCT_MODULE_BOUNDARIES.md","07_Tools_Validation_Misc","Tools, Validation Scripts, Root Config, Docs, Misc","Markdown Documentation",".md","34","880","0.86","7AA838516096CE972581481A49AED487A15F2A234348CA7B77346C4A8F775048","False","2026-06-03 15:25:43"
"docs\page-builder\widget-script-grammar.md","07_Tools_Validation_Misc","Tools, Validation Scripts, Root Config, Docs, Misc","Markdown Documentation",".md","22","585","0.57","5A227D1F6D4E87348EE59474FF8A65CC3EF85A521BB9CA06C74FF32321CD053E","False","2026-05-31 11:42:05"
"docs\README.md","07_Tools_Validation_Misc","Tools, Validation Scripts, Root Config, Docs, Misc","Markdown Documentation",".md","27","1202","1.17","44192DD58746F360D349133E9FEC5002659F8C0454D8169191AF8211C83495FA","False","2026-06-04 12:58:13"
"docs\realization\PHASE01_PHASE02_CLOSURE_REPORT.json","07_Tools_Validation_Misc","Tools, Validation Scripts, Root Config, Docs, Misc","JSON Configuration",".json","156","5816","5.68","1C6F30DECD24F5487612541A7F2E2C806632743AF7A0AF3D76AA9E1D8EAA40D4","False","2026-06-07 14:44:19"
"docs\realization\PHASE01_PHASE02_CLOSURE_REPORT.md","07_Tools_Validation_Misc","Tools, Validation Scripts, Root Config, Docs, Misc","Markdown Documentation",".md","39","3364","3.29","038BD85C6A1514E27BA62AA642C62B0F57B65403BA09446619BB73287CB101BD","False","2026-06-07 14:44:19"
"docs\realization\PHASE03_PHASE04_CLOSURE_REPORT.md","07_Tools_Validation_Misc","Tools, Validation Scripts, Root Config, Docs, Misc","Markdown Documentation",".md","28","909","0.89","2946D4852F9CD322297164DFAD5C5FB96C4B2DA725036BBB6B416C99D9B13C05","False","2026-06-07 15:15:57"
"docs\refactor\P14_C3_C4_FRONTEND_BOUNDARY_REFACTOR.md","07_Tools_Validation_Misc","Tools, Validation Scripts, Root Config, Docs, Misc","Markdown Documentation",".md","28","1152","1.12","D23D690937CDB49B85789145D59BC7CEF74B4A41F3CF508533E3B5939797D43B","False","2026-08-02 16:20:30"
"docs\refactor\P14_FRONTEND_PHASE_ARTIFACT_CLEANUP.md","07_Tools_Validation_Misc","Tools, Validation Scripts, Root Config, Docs, Misc","Markdown Documentation",".md","25","944","0.92","170EB4956E3BD7CE9AF3B75486BDD428D77F2B8F4A2DAC240CC2420DE7D4EBC2","False","2026-08-02 16:20:30"
"docs\security\BOOTSTRAP_ADMIN_DISABLE_PROOF.md","07_Tools_Validation_Misc","Tools, Validation Scripts, Root Config, Docs, Misc","Markdown Documentation",".md","19","628","0.61","9727F1F8C3D12003227D6E77E78E2272E709EE34B22051E7849761CFCD688C01","False","2026-06-07 14:56:31"
"docs\security\DB_ENCRYPTION_AT_REST_PROOF.template.md","07_Tools_Validation_Misc","Tools, Validation Scripts, Root Config, Docs, Misc","Markdown Documentation",".md","29","517","0.5","8285B54D6751036A42308ABEC58F4D899BFAE2C7C8D7C3C0CBA663E2F172C928","False","2026-06-07 14:44:19"
"docs\task-closure\T001_T014_REALIZATION_SCORECARD.json","07_Tools_Validation_Misc","Tools, Validation Scripts, Root Config, Docs, Misc","JSON Configuration",".json","108","2552","2.49","329F7CE158781197BDA59FC9103FD067F44AAAFF9EAF6FBE1915ABC94FEFAB11","False","2026-06-07 15:01:31"
"docs\task-closure\T001_T014_REALIZATION_SCORECARD.md","07_Tools_Validation_Misc","Tools, Validation Scripts, Root Config, Docs, Misc","Markdown Documentation",".md","24","1204","1.18","CD50FA737AA7CDD20694F5E5A34EE61C46A4EE87EC004A3421744C29433A5AE2","False","2026-06-07 15:01:31"
"docs\task-closure\T001_T071_TASK_CLOSURE_SCORECARD.json","07_Tools_Validation_Misc","Tools, Validation Scripts, Root Config, Docs, Misc","JSON Configuration",".json","1185","29091","28.41","40817A7D2F7DC75DBAD1CD9A2287301574E1CF9856F738500CF00F099B41A9FE","False","2026-06-06 17:10:53"
"docs\task-closure\T001_T071_TASK_CLOSURE_SCORECARD.md","07_Tools_Validation_Misc","Tools, Validation Scripts, Root Config, Docs, Misc","Markdown Documentation",".md","105","4146","4.05","E6BEC7C5879879A403ABC41F5CCD07C60851435567D7A5D2321988D802616227","False","2026-08-02 16:20:30"
"docs\task-closure\T001_T071_TASK_CLOSURE_SCORECARD.PACK_A_BRIDGED.json","07_Tools_Validation_Misc","Tools, Validation Scripts, Root Config, Docs, Misc","JSON Configuration",".json","1050","24652","24.07","8F92EB9679DAA7F5B321859A2EAB04DC4E3577CB1EE4A8C7F5C700B54E73E4D7","False","2026-06-06 16:57:10"
"docs\task-closure\T001_T071_TASK_CLOSURE_SCORECARD.PACK_A_BRIDGED.md","07_Tools_Validation_Misc","Tools, Validation Scripts, Root Config, Docs, Misc","Markdown Documentation",".md","27","1082","1.06","8DBBAF61B75D4E74F8E12502AC4929149256AF393831A511930187F19D197424","False","2026-08-02 16:20:30"
"docs\task-closure\T001_T071_TASK_CLOSURE_SCORECARD.PACK_A4_BRIDGED.json","07_Tools_Validation_Misc","Tools, Validation Scripts, Root Config, Docs, Misc","JSON Configuration",".json","1065","25144","24.55","1B75CD1ABD0D4EC9D216DBF4BA36FDDE46271BF79121880C0B06545250E3DD28","False","2026-06-06 16:57:11"
"docs\task-closure\T001_T071_TASK_CLOSURE_SCORECARD.PACK_A4_BRIDGED.md","07_Tools_Validation_Misc","Tools, Validation Scripts, Root Config, Docs, Misc","Markdown Documentation",".md","17","706","0.69","0B677D432F501D6BEAB172EF577CD4C02E5186C6690CA74395060A380FEF7E55","False","2026-08-02 16:20:30"
"docs\task-closure\T001_T071_TASK_CLOSURE_SCORECARD.PACK_A5_BRIDGED.json","07_Tools_Validation_Misc","Tools, Validation Scripts, Root Config, Docs, Misc","JSON Configuration",".json","1080","25625","25.02","C6D6E393516D4A970A21EB03F7A00309A98CBA71046E3094A105F8E89E9A23AF","False","2026-06-06 16:57:11"
"docs\task-closure\T001_T071_TASK_CLOSURE_SCORECARD.PACK_A5_BRIDGED.md","07_Tools_Validation_Misc","Tools, Validation Scripts, Root Config, Docs, Misc","Markdown Documentation",".md","16","640","0.62","E1A6C1B58F9EAA7390FE4DDD4E0FA9DB9A314FDAD68FBF04876EABEAD6B72874","False","2026-08-02 16:20:30"
"docs\task-closure\T001_T071_TASK_CLOSURE_SCORECARD.PACK_E2_BRIDGED.json","07_Tools_Validation_Misc","Tools, Validation Scripts, Root Config, Docs, Misc","JSON Configuration",".json","1095","26126","25.51","86D8C3EF12F8E6E18632D6C9C1EE5B83FC289FE066DB8A9E44B06950E64990F0","False","2026-06-06 16:57:12"
"docs\task-closure\T001_T071_TASK_CLOSURE_SCORECARD.PACK_E2_BRIDGED.md","07_Tools_Validation_Misc","Tools, Validation Scripts, Root Config, Docs, Misc","Markdown Documentation",".md","15","574","0.56","A75B5351CDCFE3B5222BEB6D05037AB5F206ED39620552813A3DD40209B194DA","False","2026-08-02 16:20:30"
"docs\task-closure\T001_T071_TASK_CLOSURE_SCORECARD.PACK_E3_BRIDGED.json","07_Tools_Validation_Misc","Tools, Validation Scripts, Root Config, Docs, Misc","JSON Configuration",".json","1110","26621","26","350044C68BE3E07EC4DD6630C2611BCAC6E9CF52A7CA14A61B324004DFB1C682","False","2026-06-06 16:57:12"
"docs\task-closure\T001_T071_TASK_CLOSURE_SCORECARD.PACK_E3_BRIDGED.md","07_Tools_Validation_Misc","Tools, Validation Scripts, Root Config, Docs, Misc","Markdown Documentation",".md","14","501","0.49","B2911AD00025FDDE3FA46E554E7BAE2540759445748BCBE7A0352A62A74C3280","False","2026-08-02 16:20:30"
"docs\task-closure\T001_T071_TASK_CLOSURE_SCORECARD.PACK_E4_BRIDGED.json","07_Tools_Validation_Misc","Tools, Validation Scripts, Root Config, Docs, Misc","JSON Configuration",".json","1125","27102","26.47","5FCC681D94ADAC8185A9081577B6410FC28CF4B452CCF797ACF05A3CC80D66A9","False","2026-06-06 16:57:13"
"docs\task-closure\T001_T071_TASK_CLOSURE_SCORECARD.PACK_E4_BRIDGED.md","07_Tools_Validation_Misc","Tools, Validation Scripts, Root Config, Docs, Misc","Markdown Documentation",".md","13","437","0.43","1C16BEC1337325D7D471EB440E9DCB8DE572DF14294E0B3E93C6C4F513F8E029","False","2026-08-02 16:20:30"
"docs\task-closure\T001_T071_TASK_CLOSURE_SCORECARD.PACK_F2_BRIDGED.json","07_Tools_Validation_Misc","Tools, Validation Scripts, Root Config, Docs, Misc","JSON Configuration",".json","1175","28738","28.06","45697C3027E0533786A3DECEB738FF24B18804B53A7D248A663D06A7D9E1B70C","False","2026-06-06 17:10:46"
"docs\task-closure\T001_T071_TASK_CLOSURE_SCORECARD.PACK_F2_BRIDGED.md","07_Tools_Validation_Misc","Tools, Validation Scripts, Root Config, Docs, Misc","Markdown Documentation",".md","10","237","0.23","06A68965DD403699CC6FEC72A4618B6C4FBFE1313235C1A8B38F789C06598606","False","2026-08-02 16:20:30"
"docs\task-closure\T001_T071_TASK_CLOSURE_SCORECARD.PACK_F3_BRIDGED.json","07_Tools_Validation_Misc","Tools, Validation Scripts, Root Config, Docs, Misc","JSON Configuration",".json","1175","28738","28.06","714C874FFF7732875251B7772A112FC43C8B13577BB8CBCD368242C61625DE74","False","2026-06-06 17:10:48"
"docs\task-closure\T001_T071_TASK_CLOSURE_SCORECARD.PACK_F3_BRIDGED.md","07_Tools_Validation_Misc","Tools, Validation Scripts, Root Config, Docs, Misc","Markdown Documentation",".md","10","237","0.23","E4D8FA7CDFF4DB0F061A3C06D801F82EF4C439EC6577A24DD6B5543C1EC97817","False","2026-08-02 16:20:30"
"docs\task-closure\T001_T071_TASK_CLOSURE_SCORECARD.PACK_F4_BRIDGED.json","07_Tools_Validation_Misc","Tools, Validation Scripts, Root Config, Docs, Misc","JSON Configuration",".json","1175","28738","28.06","90E877C0AD4ADEFB870D33F82E9CC3E595988A994DEBD824EF0F30F8B4B8D0B9","False","2026-06-06 17:10:49"
"docs\task-closure\T001_T071_TASK_CLOSURE_SCORECARD.PACK_F4_BRIDGED.md","07_Tools_Validation_Misc","Tools, Validation Scripts, Root Config, Docs, Misc","Markdown Documentation",".md","10","237","0.23","4FEDC0561963E8340575767A04BF99E59A319480097259B4485EAACF3697293D","False","2026-08-02 16:20:30"
"docs\task-closure\T001_T071_TASK_CLOSURE_SCORECARD.PACK_F5_BRIDGED.json","07_Tools_Validation_Misc","Tools, Validation Scripts, Root Config, Docs, Misc","JSON Configuration",".json","1185","29091","28.41","40817A7D2F7DC75DBAD1CD9A2287301574E1CF9856F738500CF00F099B41A9FE","False","2026-06-06 17:10:53"
"docs\task-closure\T001_T071_TASK_CLOSURE_SCORECARD.PACK_F5_BRIDGED.md","07_Tools_Validation_Misc","Tools, Validation Scripts, Root Config, Docs, Misc","Markdown Documentation",".md","9","178","0.17","68434BB076CBF798893035BD734838925F837AF8ADF29BB85F2411F0B74A32B1","False","2026-08-02 16:20:30"
"docs\task-closure\T015_T025_REALIZATION_SCORECARD.json","07_Tools_Validation_Misc","Tools, Validation Scripts, Root Config, Docs, Misc","JSON Configuration",".json","87","2234","2.18","A921038CCA83659686863C83C0476A74C72FB69A74B62DD2CF970C2F03FBE69D","False","2026-06-07 15:18:09"
"docs\task-closure\T015_T025_REALIZATION_SCORECARD.md","07_Tools_Validation_Misc","Tools, Validation Scripts, Root Config, Docs, Misc","Markdown Documentation",".md","21","1157","1.13","57C306C2477477F925A69AD25DB914F36415DFCFC246DA3D5D42CA6787EC23ED","False","2026-06-07 15:18:09"
"docs\task-closure\T096_T102_PHASE15_FINAL_CLOSURE.md","07_Tools_Validation_Misc","Tools, Validation Scripts, Root Config, Docs, Misc","Markdown Documentation",".md","18","644","0.63","FC5360680336D6DEA9EC92CA8F0DB77706FB2A3AF80AFEA3B75BBF0A13A6E2FA","False","2026-08-02 16:20:30"
"docs\task-closure\T096_T102_PHASE15_SCORECARD.json","07_Tools_Validation_Misc","Tools, Validation Scripts, Root Config, Docs, Misc","JSON Configuration",".json","261","9945","9.71","FF2C8DBF3AF52AB26AAE2D72C9AF25A8CCBBE7767B54DB0B3A19431014DA3160","False","2026-06-06 18:20:16"
"docs\task-closure\T096_T102_PHASE15_SCORECARD.md","07_Tools_Validation_Misc","Tools, Validation Scripts, Root Config, Docs, Misc","Markdown Documentation",".md","15","945","0.92","8F7F163BB7A7E2BF2B0859E41FEADAE48E93D98B563FEB63B467CBE1D1B23151","False","2026-08-02 16:20:30"
"docs\task-closure\T096_T102_PHASE15_SCORECARD.PACK_G3_BRIDGED.json","07_Tools_Validation_Misc","Tools, Validation Scripts, Root Config, Docs, Misc","JSON Configuration",".json","249","9507","9.28","7601DAC2371050E72A969FADC16912D1D25617A801512F58D8BE21C9A208CEC2","False","2026-06-06 18:20:11"
"docs\task-closure\T096_T102_PHASE15_SCORECARD.PACK_G3_BRIDGED.md","07_Tools_Validation_Misc","Tools, Validation Scripts, Root Config, Docs, Misc","Markdown Documentation",".md","10","222","0.22","DB7B9334C6884BB83326CF9A4A90477D415784FFA1138D7D7B06A4C8E23253CC","False","2026-08-02 16:20:30"
"docs\task-closure\T096_T102_PHASE15_SCORECARD.PACK_G4_BRIDGED.json","07_Tools_Validation_Misc","Tools, Validation Scripts, Root Config, Docs, Misc","JSON Configuration",".json","249","9507","9.28","E6CAEAD7F0B0A387FECCEFA8A62B22CF809AE75ECEB79BB652325856CC1A692B","False","2026-06-06 18:20:12"
"docs\task-closure\T096_T102_PHASE15_SCORECARD.PACK_G4_BRIDGED.md","07_Tools_Validation_Misc","Tools, Validation Scripts, Root Config, Docs, Misc","Markdown Documentation",".md","10","222","0.22","2D879C1728F68A5CB203690BA7E0EE5EA63A8F9A110BE778698662991D6FBC06","False","2026-08-02 16:20:30"
"docs\task-closure\T096_T102_PHASE15_SCORECARD.PACK_G5_BRIDGED.json","07_Tools_Validation_Misc","Tools, Validation Scripts, Root Config, Docs, Misc","JSON Configuration",".json","249","9507","9.28","8493ED507DEE228F2FDD8F12EA89DEACEEA2E278B4B49CFF7DBF23097FE71DE1","False","2026-06-06 18:20:12"
"docs\task-closure\T096_T102_PHASE15_SCORECARD.PACK_G5_BRIDGED.md","07_Tools_Validation_Misc","Tools, Validation Scripts, Root Config, Docs, Misc","Markdown Documentation",".md","10","222","0.22","AEFACE8E70EF956C3DD279D723D6943C25FD2FE9681629DCE048AFC1B56F0BB0","False","2026-08-02 16:20:30"
"docs\task-closure\T096_T102_PHASE15_SCORECARD.PACK_G6_BRIDGED.json","07_Tools_Validation_Misc","Tools, Validation Scripts, Root Config, Docs, Misc","JSON Configuration",".json","249","9507","9.28","207BA670BAE6E054F7F26F317E3EE33E2F6CD0C295F02D530AC1B464D7F08CD0","False","2026-06-06 18:20:12"
"docs\task-closure\T096_T102_PHASE15_SCORECARD.PACK_G6_BRIDGED.md","07_Tools_Validation_Misc","Tools, Validation Scripts, Root Config, Docs, Misc","Markdown Documentation",".md","10","222","0.22","36E83B0984206B2F952294CF8FA51096BC89CD1131A96EF270492CE3FDE6387C","False","2026-08-02 16:20:30"
"docs\task-closure\T096_T102_PHASE15_SCORECARD.PACK_G7_BRIDGED.json","07_Tools_Validation_Misc","Tools, Validation Scripts, Root Config, Docs, Misc","JSON Configuration",".json","249","9507","9.28","F67777D6992216472EA08176055104819E973250696C82FECFAFFCA1847D4DB4","False","2026-06-06 18:20:13"
"docs\task-closure\T096_T102_PHASE15_SCORECARD.PACK_G7_BRIDGED.md","07_Tools_Validation_Misc","Tools, Validation Scripts, Root Config, Docs, Misc","Markdown Documentation",".md","10","222","0.22","7F882AD65BCE912E1FC35C3D8535C77809C2DD276FAEDA2DFAD009EE4AAE4B3C","False","2026-08-02 16:20:30"
"docs\task-closure\T096_T102_PHASE15_SCORECARD.PACK_G8_BRIDGED.json","07_Tools_Validation_Misc","Tools, Validation Scripts, Root Config, Docs, Misc","JSON Configuration",".json","249","9507","9.28","B7F82747535925729AFA8DE449473FF8FDB5A7E9A8F30FB37F61D4909905A70A","False","2026-06-06 18:20:13"
"docs\task-closure\T096_T102_PHASE15_SCORECARD.PACK_G8_BRIDGED.md","07_Tools_Validation_Misc","Tools, Validation Scripts, Root Config, Docs, Misc","Markdown Documentation",".md","10","222","0.22","F05FC2CD2CC812CB9830B8930CBC70116E407D999714210009036C4F2E171280","False","2026-08-02 16:20:30"
"docs\task-closure\T096_T102_PHASE15_SCORECARD.PACK_G9_BRIDGED.json","07_Tools_Validation_Misc","Tools, Validation Scripts, Root Config, Docs, Misc","JSON Configuration",".json","261","9945","9.71","FF2C8DBF3AF52AB26AAE2D72C9AF25A8CCBBE7767B54DB0B3A19431014DA3160","False","2026-06-06 18:20:16"
"docs\task-closure\T096_T102_PHASE15_SCORECARD.PACK_G9_BRIDGED.md","07_Tools_Validation_Misc","Tools, Validation Scripts, Root Config, Docs, Misc","Markdown Documentation",".md","9","174","0.17","A853B60338B644F935EF59A4E3501B307DB6B0E1280A3ABB633CB0C25EADB49B","False","2026-08-02 16:20:30"
"docs\testing\P00A_77_Implementation_Backlog.md","07_Tools_Validation_Misc","Tools, Validation Scripts, Root Config, Docs, Misc","Markdown Documentation",".md","105","5582","5.45","6FC8FC50B5068040A5000E735C98DB94CA47870D74355E692C7A8BD2F4238770","False","2026-08-02 16:20:30"
"docs\testing\P00D_E2E_Consolidation_Map.json","07_Tools_Validation_Misc","Tools, Validation Scripts, Root Config, Docs, Misc","JSON Configuration",".json","121","3785","3.7","2FFDA7A7355D18A66A5FBF3EFFEF99231FFF555B44D2E6C70785F3074245BC27","False","2026-05-31 14:48:04"
"docs\testing\P00D_Future_E2E_Deferrals.md","07_Tools_Validation_Misc","Tools, Validation Scripts, Root Config, Docs, Misc","Markdown Documentation",".md","13","604","0.59","E8EB291212E2241071FA8C20F6C3DAA8147E7BA285570228C8D1D7D79AE58D03","False","2026-05-31 14:48:04"
"docs\testing\PlantProcessIQ_Test_Register_v1.md","07_Tools_Validation_Misc","Tools, Validation Scripts, Root Config, Docs, Misc","Markdown Documentation",".md","80","5398","5.27","5E26642CB366712D7721C3FCB40CC3B8E705F80CB592FB97DF367287E6C7446C","False","2026-08-02 16:20:30"
"docs\TESTMODE.md","07_Tools_Validation_Misc","Tools, Validation Scripts, Root Config, Docs, Misc","Markdown Documentation",".md","47","2123","2.07","8F0FF70E35F98D3125396D7875DF9018C2772EBF7CB6E0A0C3D3732490B63806","False","2026-06-12 22:22:54"
"docs\ux\ACCESSIBILITY.md","07_Tools_Validation_Misc","Tools, Validation Scripts, Root Config, Docs, Misc","Markdown Documentation",".md","27","1225","1.2","87B8E21101E21BB5C04C37087D5DEBD854136555383CF1B326CBF2FCF6BD6AD5","False","2026-06-06 11:18:29"
"docs\ux\I18N_RTL.md","07_Tools_Validation_Misc","Tools, Validation Scripts, Root Config, Docs, Misc","Markdown Documentation",".md","11","567","0.55","76E63F1F0696AD33984F1E3DD26D1A0A504CF767EEF4EF40F9D416D3AD59AE4B","False","2026-08-02 16:20:30"
"edits.Program.json","07_Tools_Validation_Misc","Tools, Validation Scripts, Root Config, Docs, Misc","JSON Configuration",".json","6","212","0.21","D4684ABDF6144F02698D1453BBC78BF0EC7257FABD8F94C75962EDC95D6A5F86","False","2026-07-28 18:39:58"
"env\profiles\customer-template.env.example","07_Tools_Validation_Misc","Tools, Validation Scripts, Root Config, Docs, Misc","Other Text File",".example","58","2001","1.95","5A1413E25A1F85B7DB99DC6B99EF74F35A3040853A7529C0570D17E4335A55D2","False","2026-06-04 13:16:32"
"env\profiles\local.env","07_Tools_Validation_Misc","Tools, Validation Scripts, Root Config, Docs, Misc","Other Text File",".env","57","1951","1.91","EBAA1BEADC9C9325B5B48F9CF7277BFE0E911FFE8A9649AF5BE7D443B204EB78","True","2026-08-02 14:34:57"
"env\profiles\presentation.env","07_Tools_Validation_Misc","Tools, Validation Scripts, Root Config, Docs, Misc","Other Text File",".env","62","2249","2.2","33416347A7760C362D9D0F48720B62C13DD55D59FFA36677A967DC1FABF7AB95","True","2026-08-05 09:41:49"
"env\profiles\server.env.example","07_Tools_Validation_Misc","Tools, Validation Scripts, Root Config, Docs, Misc","Other Text File",".example","39","1367","1.33","AC5054E04730315095807941A3F769541D56326F324965B44E59121E3DB63B93","False","2026-06-25 16:28:19"
"env\profiles\server-docker.env.example","07_Tools_Validation_Misc","Tools, Validation Scripts, Root Config, Docs, Misc","Other Text File",".example","53","1720","1.68","F5085D6462F5BC6F31F7D3450E9E21F2D25610AF48360B6EA4CD5E68BE0DA7F0","False","2026-06-04 13:16:32"
"env\profiles\test.env.example","07_Tools_Validation_Misc","Tools, Validation Scripts, Root Config, Docs, Misc","Other Text File",".example","39","1328","1.3","79532E83EDDBDE3D3CE97F77A2FE7A86EAB286CF56D081A3C43C1BAE33AE47AF","False","2026-06-04 13:16:32"
"importchain_state.json","07_Tools_Validation_Misc","Tools, Validation Scripts, Root Config, Docs, Misc","JSON Configuration",".json","58","2861","2.79","4617D009FB20678D0493599CB569529620A10E30087E2ACA10462E3A237E5F71","False","2026-07-21 16:51:52"
"pack.json","07_Tools_Validation_Misc","Tools, Validation Scripts, Root Config, Docs, Misc","JSON Configuration",".json","37","861","0.84","4D2FF765F1CDC53D0416DEDBF4A861E45D7FCEC3BECAE43FDCC9A026B3CE54C7","False","2026-07-28 18:39:57"
"README.md","07_Tools_Validation_Misc","Tools, Validation Scripts, Root Config, Docs, Misc","Markdown Documentation",".md","4","59","0.06","3388169E158FD5324E58268841E5F8D04893AE02E59BFDEF990C1E7E3FFF6A39","False","2026-05-29 17:06:36"
"scripts\ci\run-phase8-assistant-eval-gate.ps1","07_Tools_Validation_Misc","Tools, Validation Scripts, Root Config, Docs, Misc","PowerShell Script",".ps1","9","392","0.38","E0711D0CEC882CB23ADE415587A9B5D920FE3220F0773AE38DBA95ECF90AFFC0","False","2026-06-09 15:28:15"
"scripts\db\New-AcceptanceEmptyDb.ps1","07_Tools_Validation_Misc","Tools, Validation Scripts, Root Config, Docs, Misc","PowerShell Script",".ps1","104","4429","4.33","F8BFD7E11A0979B6E1A7177C1C4BC0A2D0C1A84ABA4793DC30CDC7E207F1AE42","False","2026-08-02 16:36:39"
"scripts\dead-button-scan.mjs","07_Tools_Validation_Misc","Tools, Validation Scripts, Root Config, Docs, Misc","JavaScript Source",".mjs","61","2886","2.82","2EC00525F1F9AE73400E4C09599D1374C413E4F17C7EAC5DF33FDE8A98B42758","False","2026-06-13 23:06:27"
"scripts\demo\Add-InteractiveWorkspace.ps1","07_Tools_Validation_Misc","Tools, Validation Scripts, Root Config, Docs, Misc","PowerShell Script",".ps1","313","13393","13.08","4A326B219FC9AD451A011A4F816F631BC75D8B251A0D135072D88D71B86F16E4","False","2026-07-17 15:01:54"
"scripts\demo\Build-PresentationEnvironment.ps1","07_Tools_Validation_Misc","Tools, Validation Scripts, Root Config, Docs, Misc","PowerShell Script",".ps1","157","8408","8.21","85842AC9A3FA4650D2D9BD6901350D2B1898FDD3784DF12401C42721C07853F5","False","2026-07-17 15:01:54"
"scripts\demo\Enable-PresentationProfile.ps1","07_Tools_Validation_Misc","Tools, Validation Scripts, Root Config, Docs, Misc","PowerShell Script",".ps1","98","5092","4.97","C55FE472887BDAF3D9772A652B43F9A6CF23BBFD5BD1AE9E9F7423D958C7530D","False","2026-07-17 15:01:54"
"scripts\demo\Finish-PresentationWorkspace.ps1","07_Tools_Validation_Misc","Tools, Validation Scripts, Root Config, Docs, Misc","PowerShell Script",".ps1","225","15917","15.54","6E666BD96817196BADEEFC3C426E21BE9B0F3CDBA917C4D498ABB5621AFDE924","False","2026-08-12 11:35:49"
"scripts\demo\Fix-CommandDashboard-LiveCharts.ps1","07_Tools_Validation_Misc","Tools, Validation Scripts, Root Config, Docs, Misc","PowerShell Script",".ps1","258","10486","10.24","06EF891065573FE1FDB26985A2F5088D71732C9C091CD31A889E3055F2432C60","False","2026-07-17 15:01:54"
"scripts\demo\Insert-Widgets-v4.ps1","07_Tools_Validation_Misc","Tools, Validation Scripts, Root Config, Docs, Misc","PowerShell Script",".ps1","107","9861","9.63","D62955CCED3287B17D8FF87E80CA5DBC80341BACB98948A9AB9273F78AF2A193","False","2026-08-12 11:35:49"
"scripts\demo\README.md","07_Tools_Validation_Misc","Tools, Validation Scripts, Root Config, Docs, Misc","Markdown Documentation",".md","24","1261","1.23","1AC635BAAE78A39698AA563B1EB0244CE1DCBCB955FAC82AF16D9AF3ACBCAE6E","False","2026-07-17 15:01:54"
"scripts\demo\Rebuild-PresentationDb.ps1","07_Tools_Validation_Misc","Tools, Validation Scripts, Root Config, Docs, Misc","PowerShell Script",".ps1","488","32603","31.84","7975D3D1B3B4E761AE9F3406A5FA5583DAA5B373E1E134F26F48841D8CAA048B","False","2026-08-12 11:35:49"
"scripts\demo\Reemit-Fleetv2Donor.ps1","07_Tools_Validation_Misc","Tools, Validation Scripts, Root Config, Docs, Misc","PowerShell Script",".ps1","300","16093","15.72","33A3C33A4D7C8E1C27846E57E4CC6A4654FECAE968B487036BB6FC36522D2A34","False","2026-08-06 10:16:54"
"scripts\demo\Reset-PresentationStaging.ps1","07_Tools_Validation_Misc","Tools, Validation Scripts, Root Config, Docs, Misc","PowerShell Script",".ps1","338","18581","18.15","4A7B8CC0A0C3744D52ED74163721697E36C85088488B6B16ED5C8D67E6A53F02","False","2026-08-06 10:16:54"
"scripts\demo\Restore-PresentationDataset.ps1","07_Tools_Validation_Misc","Tools, Validation Scripts, Root Config, Docs, Misc","PowerShell Script",".ps1","211","10664","10.41","31A248BCEBC30D1827EB5F9F137428FB8174CB6642AB5DEDB7C5DE6E711E4F16","False","2026-07-17 15:01:54"
"scripts\demo\RETIRED_Seed-PresentationDashboards.md","07_Tools_Validation_Misc","Tools, Validation Scripts, Root Config, Docs, Misc","Markdown Documentation",".md","51","2194","2.14","43E6A902C0755990633A65A803CA925BEE0386B95C3D6A1B5D29D875A81A02B7","False","2026-08-11 00:58:48"
"scripts\demo\seed_authored_definitions.sql","07_Tools_Validation_Misc","Tools, Validation Scripts, Root Config, Docs, Misc","SQL Script",".sql","100","60571","59.15","C2D2A4C8E589ACBB3889B65A716CF333A000DD188F4D9D73DDDAE6B00A0AD82D","True","2026-08-02 23:14:38"
"scripts\demo\Seed-PresentationDashboards.v2.ps1","07_Tools_Validation_Misc","Tools, Validation Scripts, Root Config, Docs, Misc","PowerShell Script",".ps1","220","16832","16.44","A0E9B8AB0C0DBEC1F1D1E5B50B43B311F76D6DA0C451431A3151490EE7D24E21","False","2026-08-12 11:35:49"
"scripts\deploy\Invoke-CleanMachineDeployAcceptance.ps1","07_Tools_Validation_Misc","Tools, Validation Scripts, Root Config, Docs, Misc","PowerShell Script",".ps1","87","2949","2.88","22A9C66B79489C238F54CE72B042B843EEE3E1B34E8F393B5283A1171DBF4971","False","2026-06-09 14:25:02"
"scripts\deploy\server-command-common.ps1","07_Tools_Validation_Misc","Tools, Validation Scripts, Root Config, Docs, Misc","PowerShell Script",".ps1","125","3194","3.12","024AC6E53FC8406A7179DF07DBE40EEF3FF4289DB6134905228A7FF314F2B56B","False","2026-06-04 13:42:58"
"scripts\deploy\server-down.ps1","07_Tools_Validation_Misc","Tools, Validation Scripts, Root Config, Docs, Misc","PowerShell Script",".ps1","34","949","0.93","BE3E129B3650E386C314F30A2CE60DFC36423EAB7A6632BC32D112DE0D160577","False","2026-06-04 13:42:59"
"scripts\deploy\server-dry-run.ps1","07_Tools_Validation_Misc","Tools, Validation Scripts, Root Config, Docs, Misc","PowerShell Script",".ps1","40","1223","1.19","86FBF4913C5ABFC25DF0AAE3F835A07A50B5E8C30294A42D7E75773725AE65F4","False","2026-06-04 13:42:58"
"scripts\deploy\server-status.ps1","07_Tools_Validation_Misc","Tools, Validation Scripts, Root Config, Docs, Misc","PowerShell Script",".ps1","33","758","0.74","F09EB7D35490B5A77686749FCD1DE8619DD6D31F1F572BCFEC4F7BEA76BE33F1","False","2026-06-04 13:42:59"
"scripts\deploy\server-up.ps1","07_Tools_Validation_Misc","Tools, Validation Scripts, Root Config, Docs, Misc","PowerShell Script",".ps1","34","953","0.93","D2E65679260E704F592CD73D44DCBC295E5C0ED627CECAE0CD187B8E48A97752","False","2026-06-04 13:42:59"
"scripts\deploy\validate-pack3a-deployment-baseline.ps1","07_Tools_Validation_Misc","Tools, Validation Scripts, Root Config, Docs, Misc","PowerShell Script",".ps1","15","1019","1","0AADC588C6A98B2EB414248ED0B6FA1E5361875ADCF6B4089F083F214495F866","False","2026-06-04 13:23:52"
"scripts\deploy\validate-pack3b-server-deployment-manifest.ps1","07_Tools_Validation_Misc","Tools, Validation Scripts, Root Config, Docs, Misc","PowerShell Script",".ps1","15","1047","1.02","F500EAA6AB6C567020799A1EE9541539F548071CC55F1AD3FBA1BF89515DC995","False","2026-06-04 13:31:23"
"scripts\deploy\validate-pack3c-deployment-dry-run.ps1","07_Tools_Validation_Misc","Tools, Validation Scripts, Root Config, Docs, Misc","PowerShell Script",".ps1","15","1032","1.01","A8DED7DE1B0DC03ADB943D77E7A2E859F14B7B9C69C45984CBB0AD66A3003087","False","2026-06-04 13:37:16"
"scripts\deploy\validate-pack3d-server-command-standardization.ps1","07_Tools_Validation_Misc","Tools, Validation Scripts, Root Config, Docs, Misc","PowerShell Script",".ps1","15","1043","1.02","EADC1FEC02ADD56C86FA904CC90109051BBC288C7F28906C7902ACFA45A2A635","False","2026-06-04 13:43:08"
"scripts\deploy\validate-pack3e-server-app-compose.ps1","07_Tools_Validation_Misc","Tools, Validation Scripts, Root Config, Docs, Misc","PowerShell Script",".ps1","15","1041","1.02","B580EA38A9FB06B22074A1DAA2578EB9626397A507D4C95A85A63522A619271D","False","2026-06-04 13:46:45"
"scripts\deploy\validate-pack3f-deployment-standardization-rollup.ps1","07_Tools_Validation_Misc","Tools, Validation Scripts, Root Config, Docs, Misc","PowerShell Script",".ps1","15","1072","1.05","B0B58026FD36B10CF605B65F090FAF3BFA847E669D8D0058319BC552E5FED8AD","False","2026-06-04 13:49:50"
"scripts\dev\run-api-local.ps1","07_Tools_Validation_Misc","Tools, Validation Scripts, Root Config, Docs, Misc","PowerShell Script",".ps1","15","943","0.92","1AFBA0516CDDFAB9E2B5CD42DD5742CB301A1097A4C63B4557BC8FCAFC49CC3E","False","2026-06-07 16:45:50"
"scripts\dev\test-backend-clean-apply-full.ps1","07_Tools_Validation_Misc","Tools, Validation Scripts, Root Config, Docs, Misc","PowerShell Script",".ps1","81","3033","2.96","511CFB212D59E6D983888F9470DADF261C3CFE5E45CE43929DF05AFF700E72F7","False","2026-06-22 17:54:28"
"scripts\dev\test-backend-full-local.ps1","07_Tools_Validation_Misc","Tools, Validation Scripts, Root Config, Docs, Misc","PowerShell Script",".ps1","47","1903","1.86","55C832EB229DB3B10FCE207D7A94F334B33E97E33F74AA352AA6950CE25A86C5","False","2026-06-22 17:54:28"
"scripts\dev\test-backend-local.ps1","07_Tools_Validation_Misc","Tools, Validation Scripts, Root Config, Docs, Misc","PowerShell Script",".ps1","66","2883","2.82","4C94219DAE1D6FC4461D8FF522E8ABECDFDF206E1C655B2ADCA2B438616D5741","False","2026-06-22 17:54:28"
"scripts\docker\get-docker-command.ps1","07_Tools_Validation_Misc","Tools, Validation Scripts, Root Config, Docs, Misc","PowerShell Script",".ps1","20","447","0.44","3FE65012B04F3891821B99AC98018C40028E793A6FD9A300154D29F957663579","False","2026-06-04 10:49:26"
"scripts\docker\start-demo-sources.ps1","07_Tools_Validation_Misc","Tools, Validation Scripts, Root Config, Docs, Misc","PowerShell Script",".ps1","51","1506","1.47","280CCE63BB7BC38CB08BA77ADBD115EAB2642008E5780998F0DF0CAD40D6DB0E","False","2026-06-16 10:51:21"
"scripts\docker\start-local-db.ps1","07_Tools_Validation_Misc","Tools, Validation Scripts, Root Config, Docs, Misc","PowerShell Script",".ps1","7","233","0.23","9D7C4A4ADFA6BA191DEE2F4B85479312F8105CCA1BE2A685EDC62F65B34DEF3B","False","2026-06-04 10:49:33"
"scripts\docker\start-main-db.ps1","07_Tools_Validation_Misc","Tools, Validation Scripts, Root Config, Docs, Misc","PowerShell Script",".ps1","40","1475","1.44","F6023AF35963173CECF141A3072F0DA65648EFF250FACBEE23BBFDD97A7BF242","False","2026-06-04 10:49:32"
"scripts\docker\stop-demo-sources.ps1","07_Tools_Validation_Misc","Tools, Validation Scripts, Root Config, Docs, Misc","PowerShell Script",".ps1","34","1086","1.06","5C98B1B4A0D284405D00960CE8476FD3EE3FAD166B594909056228DDF252B187","False","2026-06-16 10:51:21"
"scripts\docker\stop-local-db.ps1","07_Tools_Validation_Misc","Tools, Validation Scripts, Root Config, Docs, Misc","PowerShell Script",".ps1","7","232","0.23","EB25151149DEB582A6A80F89B402BA46B8475247B2286227DBCF15C97B8A97D1","False","2026-06-04 10:49:33"
"scripts\docker\stop-main-db.ps1","07_Tools_Validation_Misc","Tools, Validation Scripts, Root Config, Docs, Misc","PowerShell Script",".ps1","29","1035","1.01","F64790C3F6E959D5C66E15E7F7EE79444D573AA36AC2F0E4CECD972235A32274","False","2026-06-04 10:49:32"
"scripts\edge-agent\Install-PPIQ-EdgeAgent-Service.ps1","07_Tools_Validation_Misc","Tools, Validation Scripts, Root Config, Docs, Misc","PowerShell Script",".ps1","22","950","0.93","E73A2EE06790723112B11E93C0C17430C2AF306EA50392AB4A75688F03A17A6B","False","2026-06-06 17:00:49"
"scripts\edge-agent\Run-PPIQ-EdgeAgent-Local.ps1","07_Tools_Validation_Misc","Tools, Validation Scripts, Root Config, Docs, Misc","PowerShell Script",".ps1","20","668","0.65","A5E03F8758F32C1C07D54FDAB534F38A8EB55FEE67CA7F92CDA834DD0E65EC8A","False","2026-06-06 17:00:49"
"scripts\edge-agent\Uninstall-PPIQ-EdgeAgent-Service.ps1","07_Tools_Validation_Misc","Tools, Validation Scripts, Root Config, Docs, Misc","PowerShell Script",".ps1","10","405","0.4","EF920BACA403CD0BD20D6A6B95CFAD40562BBF87C27AE0CB9A8AD4EC4B06437B","False","2026-06-06 17:00:49"
"scripts\env\print-effective-config.ps1","07_Tools_Validation_Misc","Tools, Validation Scripts, Root Config, Docs, Misc","PowerShell Script",".ps1","19","991","0.97","60DB7C203F7678A1CD940458BA9D6E2F0FCADF9084BE283CDD22090C3D6F44D6","False","2026-06-04 10:38:19"
"scripts\env\use-profile.ps1","07_Tools_Validation_Misc","Tools, Validation Scripts, Root Config, Docs, Misc","PowerShell Script",".ps1","61","2163","2.11","4DDFCAACF273537814405597224DCD0A6784653D8F1E41E4BD38162ECEBDE289","False","2026-08-08 15:32:10"
"scripts\env\validate-pack2a-config-env-baseline.ps1","07_Tools_Validation_Misc","Tools, Validation Scripts, Root Config, Docs, Misc","PowerShell Script",".ps1","22","1173","1.15","C4E14FA74E7DC8B3DD7364602F97B9C918DB975BCCC9E350732CD8B18631FABE","False","2026-06-04 13:02:39"
"scripts\env\validate-pack2b-env-secret-separation.ps1","07_Tools_Validation_Misc","Tools, Validation Scripts, Root Config, Docs, Misc","PowerShell Script",".ps1","25","1809","1.77","9D6B21B1332939A192448D6EF7F7D7A3B31922DB76D6E3F602A52926FFDF9523","False","2026-06-04 13:04:43"
"scripts\env\validate-pack2c-config-placeholder-cleanup.ps1","07_Tools_Validation_Misc","Tools, Validation Scripts, Root Config, Docs, Misc","PowerShell Script",".ps1","22","1316","1.29","D3AC9AFC3748A94F8F3278E80EEA99A2FA6DD85E50DF34373FC3A697C7A429AD","False","2026-06-04 13:07:01"
"scripts\env\validate-pack2d-final-env-standardization.ps1","07_Tools_Validation_Misc","Tools, Validation Scripts, Root Config, Docs, Misc","PowerShell Script",".ps1","15","1025","1","43C4321CAF50D4C609E2024E3956D9461D751ADF4479A9705486B2B359DF4CD5","False","2026-06-04 13:10:36"
"scripts\env\validate-s1-standardization.ps1","07_Tools_Validation_Misc","Tools, Validation Scripts, Root Config, Docs, Misc","PowerShell Script",".ps1","53","1670","1.63","DD1A2316ED825755E886042A00CBE0EA3F8A74F61331377C5B1081CDF05274ED","False","2026-06-04 10:38:21"
"scripts\go-live\Test-PPIQ104-MigrateSeed.ps1","07_Tools_Validation_Misc","Tools, Validation Scripts, Root Config, Docs, Misc","PowerShell Script",".ps1","65","3849","3.76","74CEBFC7698CED9F598ACFF11F4A80474CCE28DD83DB68DF3364ED32E01B17D9","False","2026-06-15 11:44:12"
"scripts\hygiene\generate-s2a-cleanup-plan.ps1","07_Tools_Validation_Misc","Tools, Validation Scripts, Root Config, Docs, Misc","PowerShell Script",".ps1","360","15790","15.42","A6A5E6AE3BBA892CFAAB61969F82DA2B808D002971AE43D95F6A52D5E81ABA33","False","2026-06-16 10:51:22"
"scripts\hygiene\validate-s2b-senior-quickcheck.ps1","07_Tools_Validation_Misc","Tools, Validation Scripts, Root Config, Docs, Misc","PowerShell Script",".ps1","45","1621","1.58","892C5015015378B76CD31BEC023D78D325910C3C600F984BBD5D58599D5AB43E","False","2026-06-04 11:04:33"
"scripts\hygiene-check.mjs","07_Tools_Validation_Misc","Tools, Validation Scripts, Root Config, Docs, Misc","JavaScript Source",".mjs","42","1819","1.78","EBA4FE895FF487C0CEC7798E0922FCE5B4BF58D5117FC4FF3B155C861658E781","False","2026-06-13 19:33:53"
"scripts\m1\New-ScreenChecklist.ps1","07_Tools_Validation_Misc","Tools, Validation Scripts, Root Config, Docs, Misc","PowerShell Script",".ps1","136","6101","5.96","98FD420815174215EFAE2AC6DECEF12C1BB0B77A27DCAE6DA23C28EF086F3610","False","2026-08-02 18:28:42"
"scripts\refactor\validate-pack4a-genericness-refactor-baseline.ps1","07_Tools_Validation_Misc","Tools, Validation Scripts, Root Config, Docs, Misc","PowerShell Script",".ps1","15","1040","1.02","F876120961C5522247442477ABAE5F474485FC6A1FD5F6CD38E0861DF6FFA2A7","False","2026-06-04 13:52:05"
"scripts\refactor\validate-pack4b-api-raw-sql-quarantine.ps1","07_Tools_Validation_Misc","Tools, Validation Scripts, Root Config, Docs, Misc","PowerShell Script",".ps1","15","1041","1.02","500786E3BBE990D5BA510BD3252FFA1C4C7104B9CE10EA54317CE3709BD14D15","False","2026-06-04 13:56:31"
"scripts\refactor\validate-pack4c-analytics-kpi-burndown.ps1","07_Tools_Validation_Misc","Tools, Validation Scripts, Root Config, Docs, Misc","PowerShell Script",".ps1","15","1054","1.03","4F581EA8D7B805DE084DB05DB70885284FC64D92C7F67F473595089895982708","False","2026-06-05 18:03:25"
"scripts\refactor\validate-pack4d-canonical-integration-burndown.ps1","07_Tools_Validation_Misc","Tools, Validation Scripts, Root Config, Docs, Misc","PowerShell Script",".ps1","15","1086","1.06","B7C00D702F0B62F16F4FE56912C2876569DB601BC3DBD5A9BAF87159CDE5A8DD","False","2026-06-05 18:04:45"
"scripts\run\free-ports.ps1","07_Tools_Validation_Misc","Tools, Validation Scripts, Root Config, Docs, Misc","PowerShell Script",".ps1","34","998","0.97","EA0B6C791B5E9F5D24C01FEFAAEF4D8AE26EE026F1D9F9AB59A834ED5B15D792","False","2026-06-04 10:40:20"
"scripts\run\Invoke-PpiqJourneyProof.ps1","07_Tools_Validation_Misc","Tools, Validation Scripts, Root Config, Docs, Misc","PowerShell Script",".ps1","292","22197","21.68","255FF4E657549D2CE629A60102AE5C17B63AA0CDDC932229442F40200B02BAA2","False","2026-07-03 15:42:53"
"scripts\run\Invoke-PpiqJourneyWalk.ps1","07_Tools_Validation_Misc","Tools, Validation Scripts, Root Config, Docs, Misc","PowerShell Script",".ps1","178","15037","14.68","2E93CE7B8D53A9131A09425A2304259AB9BEE84EF8E89CE14925350BC53EC749","False","2026-07-05 22:32:50"
"scripts\run\show-ports.ps1","07_Tools_Validation_Misc","Tools, Validation Scripts, Root Config, Docs, Misc","PowerShell Script",".ps1","26","790","0.77","9AD35226706868651102FB6D1D27F4AF076FE063FBF7EAF58F0FC4FE446C77FA","False","2026-06-04 10:40:20"
"scripts\run\start-api.ps1","07_Tools_Validation_Misc","Tools, Validation Scripts, Root Config, Docs, Misc","PowerShell Script",".ps1","45","1648","1.61","DDA4B68AF859A59675D2F25E6B0E40A4945C56DBC6EF0C90BEEC2BAB490B5D92","False","2026-08-02 14:34:57"
"scripts\run\start-local.ps1","07_Tools_Validation_Misc","Tools, Validation Scripts, Root Config, Docs, Misc","PowerShell Script",".ps1","43","1937","1.89","31536A97ABD8D58222EA0473BA8AC3BE2D78B9D16FF24BFA133CFECFC90A0CA9","False","2026-06-04 10:49:53"
"scripts\run\start-web.ps1","07_Tools_Validation_Misc","Tools, Validation Scripts, Root Config, Docs, Misc","PowerShell Script",".ps1","74","1335","1.3","AE3DA46D155358F4F339A221AA2920AE441E061FFDC5E5999476B0B27D16A899","False","2026-08-08 16:03:33"
"scripts\run\start-website.ps1","07_Tools_Validation_Misc","Tools, Validation Scripts, Root Config, Docs, Misc","PowerShell Script",".ps1","25","628","0.61","8897BB835E92E334B13FD3E3683846D3E2CADBCD9BB834438327B440E4D12D11","False","2026-06-04 10:40:39"
"scripts\run\stop-local.ps1","07_Tools_Validation_Misc","Tools, Validation Scripts, Root Config, Docs, Misc","PowerShell Script",".ps1","20","608","0.59","2217296DB144B2D5C1DF0EB51A4ECC486898E25930E72CA82C1E8B17D3A6B4B2","False","2026-06-04 10:40:56"
"scripts\run\validate-s1b-runtime.ps1","07_Tools_Validation_Misc","Tools, Validation Scripts, Root Config, Docs, Misc","PowerShell Script",".ps1","54","1738","1.7","FC332695D51F35A88B2198DB1BD15BAD1F85453BA4148547990CC7BC5E7C2161","False","2026-06-04 10:41:07"
"scripts\run\validate-s1c-topology.ps1","07_Tools_Validation_Misc","Tools, Validation Scripts, Root Config, Docs, Misc","PowerShell Script",".ps1","58","2045","2","5A50E5BCF67EFC27BF88ECC2ECA563D3D5700704FD27A1FC9962F93D408D3D2F","False","2026-06-04 10:50:01"
"scripts\test\repo-sanity-s0.ps1","07_Tools_Validation_Misc","Tools, Validation Scripts, Root Config, Docs, Misc","PowerShell Script",".ps1","55","1884","1.84","B404FC220C2D9F96F8DEB030166CF9059DA044ACF9D1A4F61CEF4D4B8A4810E1","False","2026-06-04 10:25:52"
"scripts\test\run-e2e-stable.ps1","07_Tools_Validation_Misc","Tools, Validation Scripts, Root Config, Docs, Misc","PowerShell Script",".ps1","29","1340","1.31","89954CC02A0A4547670F21BE886BB933E0A4BC91785697FABB3805D4ED868BC9","False","2026-06-04 12:42:48"
"scripts\test\validate-current-green.ps1","07_Tools_Validation_Misc","Tools, Validation Scripts, Root Config, Docs, Misc","PowerShell Script",".ps1","61","2262","2.21","E5765C6BC27C156CD3D8056D211FD7DB897D0F870707F464E41CBBB08A24D8EC","False","2026-06-04 10:30:16"
"scripts\test\validate-current-green-final.ps1","07_Tools_Validation_Misc","Tools, Validation Scripts, Root Config, Docs, Misc","PowerShell Script",".ps1","8","385","0.38","5511C0F209DB135F0652A08EFCFBE828EA3968ABF527319CCA842E3164A4F871","False","2026-06-04 13:10:33"
"scripts\test\validate-s3c-stable-e2e-core.ps1","07_Tools_Validation_Misc","Tools, Validation Scripts, Root Config, Docs, Misc","PowerShell Script",".ps1","22","1259","1.23","8591F3AB039C4DF0E118576821346291A91E8A5330CC66551FEB428C7CA1726A","False","2026-06-04 12:42:48"
"scripts\verify\Certify-Journey.ps1","07_Tools_Validation_Misc","Tools, Validation Scripts, Root Config, Docs, Misc","PowerShell Script",".ps1","223","12807","12.51","D89921551813FB14E979DB4A92BD5B0C509F8FF97C21063291E645D8F7908EBE","False","2026-07-17 15:01:54"
"scripts\verify\Commit-Remaining-Units.ps1","07_Tools_Validation_Misc","Tools, Validation Scripts, Root Config, Docs, Misc","PowerShell Script",".ps1","105","5591","5.46","9A66987926D4C71562D232871C06EEF5399DD052446C3B000E5E76D192007806","False","2026-07-17 15:01:54"
"scripts\verify\Finalize-Tree.ps1","07_Tools_Validation_Misc","Tools, Validation Scripts, Root Config, Docs, Misc","PowerShell Script",".ps1","126","6586","6.43","34EE70A2FFCC27D4ACE9C83284C55A35C8FE3722082E5AF7557D8DBE93DB4F57","False","2026-08-11 00:58:49"
"scripts\verify\Finish-M1-18.ps1","07_Tools_Validation_Misc","Tools, Validation Scripts, Root Config, Docs, Misc","PowerShell Script",".ps1","84","4476","4.37","D8DDBB20234B1F29B0A881DEB491463A84D462ECE7917FD813320DE2DB48D239","False","2026-07-17 15:01:54"
"scripts\verify\Fix-ProviderTypeBinding.ps1","07_Tools_Validation_Misc","Tools, Validation Scripts, Root Config, Docs, Misc","PowerShell Script",".ps1","108","5396","5.27","2E3780F86D5389DD3332103EEDD5E8C9235C6A784FEEF2ED0E225FCE805F331F","False","2026-07-17 15:01:54"
"scripts\verify\Protect-And-Merge.ps1","07_Tools_Validation_Misc","Tools, Validation Scripts, Root Config, Docs, Misc","PowerShell Script",".ps1","420","18911","18.47","7A8DF0D2509210602255D26C251CEA3CEFA0762BA6F9EF6D23A74FA05F6F5D9B","False","2026-07-17 15:01:54"
"scripts\verify\Set-OracleSchema.ps1","07_Tools_Validation_Misc","Tools, Validation Scripts, Root Config, Docs, Misc","PowerShell Script",".ps1","185","10100","9.86","61F89560C37A3E79C2AB26E7BE25CB0C5358995D98652FC6A6C948F99F338487","False","2026-07-17 15:01:54"
"scripts\verify\Trap-PresentationWipe.ps1","07_Tools_Validation_Misc","Tools, Validation Scripts, Root Config, Docs, Misc","PowerShell Script",".ps1","285","13966","13.64","5B6F12A4B40321017F657EBC20183C3B3E4FDF3D13D3EB7586AB80CD69EA5F2B","False","2026-07-17 15:01:54"
"scripts\verify\Verify-ImportChain.ps1","07_Tools_Validation_Misc","Tools, Validation Scripts, Root Config, Docs, Misc","PowerShell Script",".ps1","371","17732","17.32","DBD5C44A7984B37E3CACBBDC91BC78712DA9DBED530FB643DF518983BA06EA9B","False","2026-07-17 15:01:54"
"scripts\verify\Verify-M1-05-Surface3.ps1","07_Tools_Validation_Misc","Tools, Validation Scripts, Root Config, Docs, Misc","PowerShell Script",".ps1","141","9734","9.51","A54469D33E62B5909B9C772F83E9BE9581C0621555B1CF6E9BE7B7F800FE0EA6","False","2026-07-08 17:11:27"
"scripts\verify\Verify-OracleDiscovery.ps1","07_Tools_Validation_Misc","Tools, Validation Scripts, Root Config, Docs, Misc","PowerShell Script",".ps1","261","12687","12.39","80A316644CE4D014B74180D3230C88D124A887EA8E06D2FFAEC173E628C1BAE4","False","2026-07-17 15:01:54"
"scripts\verify-no-hardcoded-demo-pages.mjs","07_Tools_Validation_Misc","Tools, Validation Scripts, Root Config, Docs, Misc","JavaScript Source",".mjs","109","3919","3.83","09F05C5A0039F6E09D265E24EAEF518B939D1EC3E6372621130A6B206A376B13","False","2026-06-13 15:19:38"
"scripts\verify-solution-hygiene.ps1","07_Tools_Validation_Misc","Tools, Validation Scripts, Root Config, Docs, Misc","PowerShell Script",".ps1","20","1617","1.58","D783E0279259C303F1C99DA02357E659F620CF16CE0EB0F844CDA6D606EE9600","False","2026-06-13 19:18:18"
"tools\backups\T042-audience-repair-20260809_164918\pageBuilderBridge.test.tsx","07_Tools_Validation_Misc","Tools, Validation Scripts, Root Config, Docs, Misc","Tooling Script",".tsx","209","8987","8.78","67783B182F66EC9F765AEA36E4FEB47610D50803178FC639CF0BF6C1F7B074A8","False","2026-08-09 16:41:53"
"tools\backups\T042-audience-repair-20260809_164918\pageBuilderLayout.test.tsx","07_Tools_Validation_Misc","Tools, Validation Scripts, Root Config, Docs, Misc","Tooling Script",".tsx","219","8541","8.34","C2EFB9D094601382233DEF283C34EC2099CF3273ADFC7DD41DD15497C58079EA","False","2026-08-09 16:41:53"
"tools\backups\T042-audience-repair-20260809_164918\PageBuilderPage.implementation.tsx","07_Tools_Validation_Misc","Tools, Validation Scripts, Root Config, Docs, Misc","Tooling Script",".tsx","873","30860","30.14","70D717E8E344A5185A4EEF334F9DBAB8BE96EE79A0D1A8DCDB992A1352257F6E","False","2026-08-09 16:41:53"
"tools\backups\T042-audience-repair-20260809_164918\t041-page-builder.spec.ts","07_Tools_Validation_Misc","Tools, Validation Scripts, Root Config, Docs, Misc","Tooling Script",".ts","932","22549","22.02","EACF63BE7745D93149820684DC8D72B7EB32430162C54D8D6E5FDEEF411F1DBA","False","2026-08-09 16:41:53"
"tools\backups\T042-final-PS51-20260809_164004\pageBuilderBridge.test.tsx","07_Tools_Validation_Misc","Tools, Validation Scripts, Root Config, Docs, Misc","Tooling Script",".tsx","209","8987","8.78","67783B182F66EC9F765AEA36E4FEB47610D50803178FC639CF0BF6C1F7B074A8","False","2026-08-09 16:28:17"
"tools\backups\T042-final-PS51-20260809_164004\pageBuilderLayout.test.tsx","07_Tools_Validation_Misc","Tools, Validation Scripts, Root Config, Docs, Misc","Tooling Script",".tsx","219","8541","8.34","C2EFB9D094601382233DEF283C34EC2099CF3273ADFC7DD41DD15497C58079EA","False","2026-08-09 16:28:17"
"tools\backups\T042-final-PS51-20260809_164004\PageBuilderPage.implementation.tsx","07_Tools_Validation_Misc","Tools, Validation Scripts, Root Config, Docs, Misc","Tooling Script",".tsx","873","30860","30.14","70D717E8E344A5185A4EEF334F9DBAB8BE96EE79A0D1A8DCDB992A1352257F6E","False","2026-08-09 16:28:17"
"tools\backups\T042-final-PS51-20260809_164004\t041-page-builder.spec.ts","07_Tools_Validation_Misc","Tools, Validation Scripts, Root Config, Docs, Misc","Tooling Script",".ts","932","22549","22.02","EACF63BE7745D93149820684DC8D72B7EB32430162C54D8D6E5FDEEF411F1DBA","False","2026-08-09 16:28:17"
"tools\backups\T042-final-PS51-20260809_164152\pageBuilderBridge.test.tsx","07_Tools_Validation_Misc","Tools, Validation Scripts, Root Config, Docs, Misc","Tooling Script",".tsx","209","8987","8.78","67783B182F66EC9F765AEA36E4FEB47610D50803178FC639CF0BF6C1F7B074A8","False","2026-08-09 16:28:17"
"tools\backups\T042-final-PS51-20260809_164152\pageBuilderLayout.test.tsx","07_Tools_Validation_Misc","Tools, Validation Scripts, Root Config, Docs, Misc","Tooling Script",".tsx","219","8541","8.34","C2EFB9D094601382233DEF283C34EC2099CF3273ADFC7DD41DD15497C58079EA","False","2026-08-09 16:28:17"
"tools\backups\T042-final-PS51-20260809_164152\PageBuilderPage.implementation.tsx","07_Tools_Validation_Misc","Tools, Validation Scripts, Root Config, Docs, Misc","Tooling Script",".tsx","873","30860","30.14","70D717E8E344A5185A4EEF334F9DBAB8BE96EE79A0D1A8DCDB992A1352257F6E","False","2026-08-09 16:28:17"
"tools\backups\T042-final-PS51-20260809_164152\t041-page-builder.spec.ts","07_Tools_Validation_Misc","Tools, Validation Scripts, Root Config, Docs, Misc","Tooling Script",".ts","932","22549","22.02","EACF63BE7745D93149820684DC8D72B7EB32430162C54D8D6E5FDEEF411F1DBA","False","2026-08-09 16:28:17"
"tools\ci\check-crlf.mjs","07_Tools_Validation_Misc","Tools, Validation Scripts, Root Config, Docs, Misc","Tooling Script",".mjs","29","1108","1.08","46D977BF141475CF37C30B1FE3583FA53F8616CBBDDF0190D1E558DDDEA6C692","False","2026-06-09 00:41:37"
"tools\ci\Invoke-PPIQ-Certification.ps1","07_Tools_Validation_Misc","Tools, Validation Scripts, Root Config, Docs, Misc","Tooling Script",".ps1","69","1858","1.81","C87B2993138B81BC44636DFDC6A5E365127F34C1A9CC9CE05653C6C3CD2EDF3D","False","2026-06-06 14:34:46"
"tools\ci\ppiq-certification-stage.sh","07_Tools_Validation_Misc","Tools, Validation Scripts, Root Config, Docs, Misc","Tooling Script",".sh","20","649","0.63","8036C6AD1389547BF4ED305ECFBCB70AB33C8A5A84CCFE230BD70F810F0D34C7","False","2026-06-06 14:34:46"
"tools\ci\Rebuild-LocalTestDb.ps1","07_Tools_Validation_Misc","Tools, Validation Scripts, Root Config, Docs, Misc","Tooling Script",".ps1","66","3875","3.78","35E3F97AA7997951EF12EF5043AA7992BD7BB07C9A7404C5AFFAA79FBA61FA01","False","2026-06-22 17:54:28"
"tools\ci\run-backend-ci.sh","07_Tools_Validation_Misc","Tools, Validation Scripts, Root Config, Docs, Misc","Tooling Script",".sh","27","800","0.78","9563F6C3C755BA534581C556C20EE84432B397013BD6D655633A47AD09D7ACA5","False","2026-05-20 11:33:48"
"tools\ci\run-ef-migrations.sh","07_Tools_Validation_Misc","Tools, Validation Scripts, Root Config, Docs, Misc","Tooling Script",".sh","33","1078","1.05","8899A5344849FF7823CC53D9791ED2D7E6638499A3265EE136CCBE031D846C7A","False","2026-05-20 11:23:18"
"tools\ci\run-frontend-ci.sh","07_Tools_Validation_Misc","Tools, Validation Scripts, Root Config, Docs, Misc","Tooling Script",".sh","27","670","0.65","97A67DA540C0B70001F63A8B225820C71F6DB3DF3F7B54DD4F0CA0F38BE29E65","False","2026-05-20 11:23:57"
"tools\ci\run-local-full-validation.ps1","07_Tools_Validation_Misc","Tools, Validation Scripts, Root Config, Docs, Misc","Tooling Script",".ps1","60","1730","1.69","A72AF9809E69475C9A1B77ECD04C242EC1FBC2650FCC4380D52D2F1E67C60801","False","2026-06-16 10:51:22"
"tools\ci\run-website-ci.sh","07_Tools_Validation_Misc","Tools, Validation Scripts, Root Config, Docs, Misc","Tooling Script",".sh","18","491","0.48","58642AE0C812AE59915F43903D4365684853091E441E0E0255468DF41B12982A","False","2026-05-20 11:24:11"
"tools\ci\validate-real-ui-gates.cjs","07_Tools_Validation_Misc","Tools, Validation Scripts, Root Config, Docs, Misc","Tooling Script",".cjs","39","1066","1.04","073F360D9998C97ED20D166D8107F91325D9F75232E00CA8429D2E1DCD164199","False","2026-06-09 14:25:01"
"tools\ci\validate-test-project-registration.cjs","07_Tools_Validation_Misc","Tools, Validation Scripts, Root Config, Docs, Misc","Tooling Script",".cjs","93","2430","2.37","2A6C1035714B34ABE8CDDB5514A28837B32DDCDDE5BF7B5B37D401C38972B801","False","2026-06-07 14:45:22"
"tools\ci\Verify-Phase01-Local.ps1","07_Tools_Validation_Misc","Tools, Validation Scripts, Root Config, Docs, Misc","Tooling Script",".ps1","28","1461","1.43","973C230B4E1F92354F8CC7FD728332395C3D7B4FAAC8510CD37046A88070842D","False","2026-06-16 10:51:22"
"tools\ci\wait-for-http.sh","07_Tools_Validation_Misc","Tools, Validation Scripts, Root Config, Docs, Misc","Tooling Script",".sh","46","1126","1.1","50FBA0D2F3BE731434C12DB5881F5B2FA3B197C3BECC73E3C2414D63F466CB08","False","2026-05-20 11:22:29"
"tools\ci\write-certification-gate-report.cjs","07_Tools_Validation_Misc","Tools, Validation Scripts, Root Config, Docs, Misc","Tooling Script",".cjs","44","1308","1.28","EF79B9EBE88C35741D38BC63C12B0EBA91A1ED56379531A5C5441DE52F153DB3","False","2026-06-06 14:29:19"
"tools\deploy\Invoke-Phase03PostDeploySmoke.ps1","07_Tools_Validation_Misc","Tools, Validation Scripts, Root Config, Docs, Misc","Tooling Script",".ps1","33","1094","1.07","FA5A3985F070B6AF1454C78FD2912DBFD41AF516B4439E12E0A09AA932307443","False","2026-06-07 15:15:57"
"tools\deploy\Invoke-Phase04TenantIsolationProof.ps1","07_Tools_Validation_Misc","Tools, Validation Scripts, Root Config, Docs, Misc","Tooling Script",".ps1","32","1074","1.05","4B69B5E5016A3BA7C1BDCE25AF09ABE3A7BC1103E33FDB19906D680C1C84A307","False","2026-06-07 15:15:57"
"tools\deploy\Test-ExternalPostgresPortClosed.ps1","07_Tools_Validation_Misc","Tools, Validation Scripts, Root Config, Docs, Misc","Tooling Script",".ps1","27","803","0.78","7F3B29B0AC4D41747B4F1D9B8382276F52B2F2B94939633BCBB0F02140CDF657","False","2026-06-07 15:15:57"
"tools\deploy\Test-ReadOnlyPreviewRole.ps1","07_Tools_Validation_Misc","Tools, Validation Scripts, Root Config, Docs, Misc","Tooling Script",".ps1","24","739","0.72","04F6554E6633B5C716DD906D4C35672593AF997FAF2E1F35969FD4F197F21316","False","2026-06-07 15:15:57"
"tools\dev\Install-GitHooks.ps1","07_Tools_Validation_Misc","Tools, Validation Scripts, Root Config, Docs, Misc","Tooling Script",".ps1","15","469","0.46","1BB82CF5DEFC21641460EA9685F218E2558C1C5CF1675352D0011FB80AB73598","False","2026-05-31 11:30:39"
"tools\dev\Restart-PPIQ-Local.ps1","07_Tools_Validation_Misc","Tools, Validation Scripts, Root Config, Docs, Misc","Tooling Script",".ps1","18","503","0.49","A836ED4357858D253A310EC23551A73303F3A8FFE0595DE5AE59A64BE5E28A40","False","2026-05-31 11:07:49"
"tools\dev\Show-PPIQ-PortOwner.ps1","07_Tools_Validation_Misc","Tools, Validation Scripts, Root Config, Docs, Misc","Tooling Script",".ps1","30","893","0.87","970A8691DC22137F8B8D10C82CA755AE9EB32B9245D327175822BAEFEF78BAF8","False","2026-05-31 11:30:39"
"tools\dev\Stop-PPIQ-Port.ps1","07_Tools_Validation_Misc","Tools, Validation Scripts, Root Config, Docs, Misc","Tooling Script",".ps1","42","1151","1.12","C264E5C111F73C8CEF64F850E11D0A177FFC0AE8C4BEF8A28E7E36968E84EB1C","False","2026-05-31 11:30:39"
"tools\edge-agent\edge-agent.sample.json","07_Tools_Validation_Misc","Tools, Validation Scripts, Root Config, Docs, Misc","Tooling Script",".json","48","1318","1.29","5EC92C6CF99569B84DAB4FBC2F4918701898C478052422E4478167E24CB44783","False","2026-06-06 17:00:49"
"tools\edge-agent\package-manifest.json","07_Tools_Validation_Misc","Tools, Validation Scripts, Root Config, Docs, Misc","Tooling Script",".json","24","922","0.9","A661F9A8A3CE42B7836DC4397C98F98373627596CD0733E69C2A58588289C5C4","False","2026-06-06 17:00:49"
"tools\edge-agent\ppiq-edge-agent.cjs","07_Tools_Validation_Misc","Tools, Validation Scripts, Root Config, Docs, Misc","Tooling Script",".cjs","129","4394","4.29","AEF9DFEDD16C0EBC5CE777DB9BFF2C0053CE7C136E76BDFC1DBFC68A30F07C4C","False","2026-06-06 17:00:49"
"tools\edge-agent\spool\batch-1780754450587.json","07_Tools_Validation_Misc","Tools, Validation Scripts, Root Config, Docs, Misc","Tooling Script",".json","67","1955","1.91","41A52757810F2E94867FA1597D30DACA11414891A4F3247FB37837BC46708C65","False","2026-06-06 17:00:50"
"tools\edge-agent\spool\batch-1780754451423.json","07_Tools_Validation_Misc","Tools, Validation Scripts, Root Config, Docs, Misc","Tooling Script",".json","67","1955","1.91","29EE689A4F8E68634FB406F39776B430B5FF2E03197B0E92E3305927E59821F1","False","2026-06-06 17:00:51"
"tools\edge-agent\spool\batch-1780754661137.json","07_Tools_Validation_Misc","Tools, Validation Scripts, Root Config, Docs, Misc","Tooling Script",".json","67","1955","1.91","2507EF77327DFD05B4D68AE3FFE41E6A503979D7201D27EDD7B388553006258E","False","2026-06-06 17:04:21"
"tools\edge-agent\spool\batch-1780754800348.json","07_Tools_Validation_Misc","Tools, Validation Scripts, Root Config, Docs, Misc","Tooling Script",".json","67","1955","1.91","03625D63927BA71A1901EAB106440EBEE1C1E2F30EEE9A578547E66D948C15C8","False","2026-06-06 17:06:40"
"tools\edge-agent\spool\batch-1780754800636.json","07_Tools_Validation_Misc","Tools, Validation Scripts, Root Config, Docs, Misc","Tooling Script",".json","67","1955","1.91","D7D51050635E350676C9AED7A9D7809ECFB9C2942075363371895E4EC46D9DC3","False","2026-06-06 17:06:40"
"tools\edge-agent\spool\batch-1780754883793.json","07_Tools_Validation_Misc","Tools, Validation Scripts, Root Config, Docs, Misc","Tooling Script",".json","67","1955","1.91","D55E3F2B42D4F96B08B26A39AC6002FDAB49500DDA9C74D33935A7811FA5E320","False","2026-06-06 17:08:03"
"tools\edge-agent\spool\batch-1780754884376.json","07_Tools_Validation_Misc","Tools, Validation Scripts, Root Config, Docs, Misc","Tooling Script",".json","67","1955","1.91","502A602E2895E83654431F04C4CFAEF5D35E2A97EE75BF6FE7AD0392AC339B09","False","2026-06-06 17:08:04"
"tools\edge-agent\spool\batch-1780754922515.json","07_Tools_Validation_Misc","Tools, Validation Scripts, Root Config, Docs, Misc","Tooling Script",".json","67","1955","1.91","D6C84C3C10A9A3033EBD652A3119171A8E9DCC366C2D6DDB3912F6761C3D533B","False","2026-06-06 17:08:42"
"tools\edge-agent\spool\batch-1780754927960.json","07_Tools_Validation_Misc","Tools, Validation Scripts, Root Config, Docs, Misc","Tooling Script",".json","67","1955","1.91","08045B9021795B9334F383A2141BB27A6C67BD99E924BED96A86554F803D616E","False","2026-06-06 17:08:47"
"tools\edge-agent\spool\batch-1780754928559.json","07_Tools_Validation_Misc","Tools, Validation Scripts, Root Config, Docs, Misc","Tooling Script",".json","67","1955","1.91","E459D40D55801F31A9D06C9961879AEBE2D15F1DB91CACC99182F3DD13480104","False","2026-06-06 17:08:48"
"tools\edge-agent\spool\batch-1780755045183.json","07_Tools_Validation_Misc","Tools, Validation Scripts, Root Config, Docs, Misc","Tooling Script",".json","67","1955","1.91","E6680C03F45CC164AFDEC737ACD2BD923E1CD6BA3892069A956CF6B932E61BAF","False","2026-06-06 17:10:45"
"tools\edge-agent\spool\batch-1780755045722.json","07_Tools_Validation_Misc","Tools, Validation Scripts, Root Config, Docs, Misc","Tooling Script",".json","67","1955","1.91","2C3DA8D5C2039F2A4906BF2AAE9ED6FD5BD0BB826F4F8B8D36CD8FCD1E4BA238","False","2026-06-06 17:10:45"
"tools\edge-agent\spool\batch-1780755048221.json","07_Tools_Validation_Misc","Tools, Validation Scripts, Root Config, Docs, Misc","Tooling Script",".json","67","1955","1.91","AD6BF9BCFFA6DC438041D1E2316EB76EA16D0C41D3F7283D11E00DB71A940D2E","False","2026-06-06 17:10:48"
"tools\edge-agent\spool\batch-1780755052967.json","07_Tools_Validation_Misc","Tools, Validation Scripts, Root Config, Docs, Misc","Tooling Script",".json","67","1955","1.91","E6CB9A6A8D5A77C2AE48AB64F35C86DA7501758C0969A71685EC17609E51B127","False","2026-06-06 17:10:52"
"tools\edge-agent\spool\batch-1780755053564.json","07_Tools_Validation_Misc","Tools, Validation Scripts, Root Config, Docs, Misc","Tooling Script",".json","67","1955","1.91","7571B2B0CEE920777F57B49409DBEBC904BC99010FE2DC93898C1B1BCE03B000","False","2026-06-06 17:10:53"
"tools\GeneratePlantProcessIQ_UltimateAudit.ps1","07_Tools_Validation_Misc","Tools, Validation Scripts, Root Config, Docs, Misc","Tooling Script",".ps1","1405","55173","53.88","2005C281E6B16378B026A6135BC8F6505D1418C4B537E30A835FBA0B4539455B","False","2026-06-20 11:50:43"
"tools\GeneratePlantProcessIQ_UltimateAudit_v2_2.ps1","07_Tools_Validation_Misc","Tools, Validation Scripts, Root Config, Docs, Misc","Tooling Script",".ps1","1425","56420","55.1","04B92396EA2B73BCEA345908DCEC672A8DD3C5B07A285DE28904026646AC64CF","False","2026-08-12 16:33:02"
"tools\GeneratePlantProcessIQ_UltimateAudit_v2_3.ps1","07_Tools_Validation_Misc","Tools, Validation Scripts, Root Config, Docs, Misc","Tooling Script",".ps1","1536","62209","60.75","A8BAFE980B6CAA9EF66DF53D05A92137536E20331CA3B4ECCAC1B3D6354F3CFD","False","2026-08-12 16:47:46"
"tools\golive\t03\Invoke-T03-DotnetTestGreenMeaningful.ps1","07_Tools_Validation_Misc","Tools, Validation Scripts, Root Config, Docs, Misc","Tooling Script",".ps1","503","16872","16.48","C04F7AD32F869BBEA621FD74B3C2DFE1C05A5708CD1A13520C5FBAE18751B084","False","2026-06-11 12:41:43"
"tools\golive\t03\Validate-T03-DotnetTestGreenMeaningful.ps1","07_Tools_Validation_Misc","Tools, Validation Scripts, Root Config, Docs, Misc","Tooling Script",".ps1","52","1383","1.35","AB15DBB311E25C8B2A5AA519114C3A0FB78839434BDDC3ABBCF8E3B64A5AD969","False","2026-06-11 12:40:03"
"tools\ground-truth\Invoke-GroundTruthValidation.ps1","07_Tools_Validation_Misc","Tools, Validation Scripts, Root Config, Docs, Misc","Tooling Script",".ps1","130","4252","4.15","C0406280A3D20984754250DE2E42370A1220D68959D415F3DB7849BF02EBAE5B","False","2026-06-06 12:16:32"
"tools\ground-truth\validate-ground-truth.cjs","07_Tools_Validation_Misc","Tools, Validation Scripts, Root Config, Docs, Misc","Tooling Script",".cjs","52","2108","2.06","49F8A1B80D6B9CF14C275CF5E8586EEAE764B9C05E3AB90748B04E58F8EF5749","False","2026-06-06 12:16:32"
"tools\journey-certification\Invoke-PPIQ-JourneyCertification.ps1","07_Tools_Validation_Misc","Tools, Validation Scripts, Root Config, Docs, Misc","Tooling Script",".ps1","256","10238","10","5CE8D1BE1361A9285CB923839D6AB838F73AECA77D163D5D8B324DE13325FD63","False","2026-07-15 21:33:42"
"tools\journey-certification\Invoke-PPIQ-JourneyCertification.ps1.status-list-backup-20260715_203342","07_Tools_Validation_Misc","Tools, Validation Scripts, Root Config, Docs, Misc","Tooling Script",".status-list-backup-20260715_203342","256","10201","9.96","BAFC0B149056A65F478CE95F675471A6AF8D28FCCE7882697B6BB10B56DC96BB","False","2026-07-15 21:15:24"
"tools\measure\Apply-PpiqT014CaptureSectionsDE.ps1","07_Tools_Validation_Misc","Tools, Validation Scripts, Root Config, Docs, Misc","Tooling Script",".ps1","357","12981","12.68","2918B35510FD60CB86B66823590A9C75F2610984A0206A8073750B786C01B168","False","2026-08-03 18:41:32"
"tools\measure\Compare-PpiqCaptureProfiles.py","07_Tools_Validation_Misc","Tools, Validation Scripts, Root Config, Docs, Misc","Tooling Script",".py","572","24972","24.39","AB86C886643FC07CD5060A043BB5A7F613C14E14F36ED753828398D8E189FA02","False","2026-08-04 00:09:37"
"tools\measure\Invoke-PpiqT014Prove.ps1","07_Tools_Validation_Misc","Tools, Validation Scripts, Root Config, Docs, Misc","Tooling Script",".ps1","356","15735","15.37","231337213D15DF51E45A0078432EFF2197A99AFDF0BE17DC8DA3E877F176706B","False","2026-08-03 22:44:37"
"tools\measure\Measure-PpiqT013Sources.ps1","07_Tools_Validation_Misc","Tools, Validation Scripts, Root Config, Docs, Misc","Tooling Script",".ps1","464","17448","17.04","B9A5B494D8B1CDCE53479AC2AD714BF368BA5D46E90BD9EE50D263D40C962E36","False","2026-08-03 13:22:28"
"tools\measure\Measure-PpiqT014Capture.ps1","07_Tools_Validation_Misc","Tools, Validation Scripts, Root Config, Docs, Misc","Tooling Script",".ps1","670","31982","31.23","BE5D51323CEDDBDDF8A4803B62ECD29A1B83FAC92ECFBE94D5C0D74FA9B91837","False","2026-08-04 00:06:13"
"tools\measure\Measure-PpiqT014IntervalHistograms.ps1","07_Tools_Validation_Misc","Tools, Validation Scripts, Root Config, Docs, Misc","Tooling Script",".ps1","324","13726","13.4","FD870654911A26ECE8814DCCF954BC2F2931353F2FC932F2BF123B282013D201","False","2026-08-04 00:15:17"
"tools\measure\Measure-PpiqT014Structure.ps1","07_Tools_Validation_Misc","Tools, Validation Scripts, Root Config, Docs, Misc","Tooling Script",".ps1","435","19976","19.51","0754C42BE692CA6D8749084CED2701DE44FBF6DF98B7C6E5436ED3CD08D4B7C7","False","2026-08-03 23:02:34"
"tools\measure\Measure-PpiqT024Canonical.ps1","07_Tools_Validation_Misc","Tools, Validation Scripts, Root Config, Docs, Misc","Tooling Script",".ps1","348","14866","14.52","F87B36AA914BEB4DD33CDC231D3AD9E88636507269405533530E77A23AC22771","False","2026-08-04 09:44:35"
"tools\measure\Measure-PpiqT024Deep.ps1","07_Tools_Validation_Misc","Tools, Validation Scripts, Root Config, Docs, Misc","Tooling Script",".ps1","426","19248","18.8","D19D992FB0CAB4101B06F935AE75C075B3577909889DD9769A4883306D87C6CA","False","2026-08-04 09:53:14"
"tools\ml\Run-PPIQ-v5-DbAndFrontendProof-PS51.ps1","07_Tools_Validation_Misc","Tools, Validation Scripts, Root Config, Docs, Misc","Tooling Script",".ps1","299","12336","12.05","87C104AD315579D9DFD673B56E7C5454C8981279E10F4255D97B82609B599DC1","False","2026-06-22 14:24:36"
"tools\post-deploy-smoke.sh","07_Tools_Validation_Misc","Tools, Validation Scripts, Root Config, Docs, Misc","Tooling Script",".sh","91","3085","3.01","C7700C7D2042E2B789E3826429486FC23E6843BFEABDA4B9593B21681938960E","False","2026-05-30 08:56:45"
"tools\realization\continue-phase03-phase04-from-t016.cjs","07_Tools_Validation_Misc","Tools, Validation Scripts, Root Config, Docs, Misc","Tooling Script",".cjs","1096","36603","35.75","F16C883F6218614F5E7C43CAA62B1ACA236FF811F9456FFEB67DCE25B517955E","False","2026-06-22 14:23:58"
"tools\realization\Invoke-AuditImmutabilityCiGate.ps1","07_Tools_Validation_Misc","Tools, Validation Scripts, Root Config, Docs, Misc","Tooling Script",".ps1","27","805","0.79","B2E4D86AB480680AB009AB103B9A6989A2EFDB13BEEA0258C0469404507D18AA","False","2026-06-11 12:49:12"
"tools\realization\Invoke-Phase01Phase02Regression.ps1","07_Tools_Validation_Misc","Tools, Validation Scripts, Root Config, Docs, Misc","Tooling Script",".ps1","116","3107","3.03","B633533DD5ABEA0B21F1B27637A793A7997728E8C3C5989087F193F0B2377F75","False","2026-06-07 14:44:19"
"tools\realization\Invoke-Phase03Phase04Regression.ps1","07_Tools_Validation_Misc","Tools, Validation Scripts, Root Config, Docs, Misc","Tooling Script",".ps1","72","2033","1.99","4852366791D4222A165866FB09CA684873FA3EA21F1EDA572753047F289AF181","False","2026-06-07 15:15:57"
"tools\realization\pack-r12-phase01-phase02-closure.cjs","07_Tools_Validation_Misc","Tools, Validation Scripts, Root Config, Docs, Misc","Tooling Script",".cjs","1751","57130","55.79","6AA53DEAE21D40C0EA89FA30023463270EA85DE9A7AABBA4D3E11E86EC64B342","False","2026-06-07 14:44:07"
"tools\realization\validate-genealogy-recursive-cycle-guard.cjs","07_Tools_Validation_Misc","Tools, Validation Scripts, Root Config, Docs, Misc","Tooling Script",".cjs","28","935","0.91","884719DEABA14862C64687722F55D3C59DA9BD30C489A8F56A2EFE6BA00EBDC8","False","2026-06-07 14:44:19"
"tools\realization\validate-phase01-phase02.cjs","07_Tools_Validation_Misc","Tools, Validation Scripts, Root Config, Docs, Misc","Tooling Script",".cjs","184","5474","5.35","D28BB03486A5B7BD510499C9936E90BC8426553D343C1461087BD378DD82A299","False","2026-06-07 15:00:06"
"tools\realization\validate-phase03-phase04.cjs","07_Tools_Validation_Misc","Tools, Validation Scripts, Root Config, Docs, Misc","Tooling Script",".cjs","201","7559","7.38","FD2BF1525358DF5B22328EB8ED7E41097DDB670B727D8116AFC7B83B49DD5002","False","2026-06-07 15:15:57"
"tools\security\Invoke-SecretScan.ps1","07_Tools_Validation_Misc","Tools, Validation Scripts, Root Config, Docs, Misc","Tooling Script",".ps1","104","3499","3.42","682C4EEC0BE410073C82C036162278223A2F555451D53DFBF4A90610A6E1EA47","False","2026-06-07 14:44:19"
"tools\security\Scan-PPIQ-Phase1-Defaults.ps1","07_Tools_Validation_Misc","Tools, Validation Scripts, Root Config, Docs, Misc","Tooling Script",".ps1","34","1284","1.25","0B38B42975D0A9A2200BFCD57CBE3A53EB02771A665088D881B1D40F9CA8C382","False","2026-05-30 08:56:49"
"tools\security\Test-DatabaseEncryptionAtRest.ps1","07_Tools_Validation_Misc","Tools, Validation Scripts, Root Config, Docs, Misc","Tooling Script",".ps1","27","757","0.74","2D5D49E29055D6EBA7080764D8F960183A97345E5FBAC8995194CE339CA52129","False","2026-06-07 14:44:19"
"tools\security\validate-bootstrap-admin-disabled.cjs","07_Tools_Validation_Misc","Tools, Validation Scripts, Root Config, Docs, Misc","Tooling Script",".cjs","111","2926","2.86","93369387CA90272CE3F5FCA12C01D560A6E9036BEBE3A5F86D174269E7D36F8B","False","2026-06-07 14:58:20"
"tools\security\validate-devseed-production-artifact.cjs","07_Tools_Validation_Misc","Tools, Validation Scripts, Root Config, Docs, Misc","Tooling Script",".cjs","55","1885","1.84","28F9FE3D2FA2CA2B695415AC736DDBF6D4BC0867E351C72A94AC56E824DB5202","False","2026-06-07 14:44:19"
"tools\security\validate-no-demo-tenant-fallback.cjs","07_Tools_Validation_Misc","Tools, Validation Scripts, Root Config, Docs, Misc","Tooling Script",".cjs","77","2594","2.53","24820BE25E8890A200BAAC2EC03969989C2FB850A00A0C1DA6E9C4BC963EF81C","False","2026-06-07 14:56:29"
"tools\security\validate-safesql-comment-stripper.cjs","07_Tools_Validation_Misc","Tools, Validation Scripts, Root Config, Docs, Misc","Tooling Script",".cjs","132","3334","3.26","87ED7400D1513B6925FBB93CE39B08663B1586F0337723E8E752675D897F882F","False","2026-06-07 15:01:28"
"tools\security\validate-tenant-context-hardening.cjs","07_Tools_Validation_Misc","Tools, Validation Scripts, Root Config, Docs, Misc","Tooling Script",".cjs","68","2305","2.25","742597F701A1E01BC559DBC1CFD4A5FBF0128A54E12538D2053AD2F5076F4EED","False","2026-06-07 15:15:57"
"tools\ui\audit-action-buttons.cjs","07_Tools_Validation_Misc","Tools, Validation Scripts, Root Config, Docs, Misc","Tooling Script",".cjs","321","8944","8.73","A448AA061F80967F37C486971FDBEBAA7B16EB5FB493FB1B02F6DDBD7746E7CC","False","2026-06-10 16:22:58"
"tools\ui\audit-fields.cjs","07_Tools_Validation_Misc","Tools, Validation Scripts, Root Config, Docs, Misc","Tooling Script",".cjs","379","11364","11.1","3B4AF191A03FE403D7D7CA95C39E4DEB7A419C02A8062C452D264829983DDD2C","False","2026-06-10 16:50:00"
"tools\ui\audit-inert-standard-buttons.cjs","07_Tools_Validation_Misc","Tools, Validation Scripts, Root Config, Docs, Misc","Tooling Script",".cjs","120","4157","4.06","001599AF2E22100AE849F76B676FD9F3E4260A8220BAD545EB095A976437BF67","False","2026-06-24 17:24:43"
"tools\ui\audit-tables.cjs","07_Tools_Validation_Misc","Tools, Validation Scripts, Root Config, Docs, Misc","Tooling Script",".cjs","233","6561","6.41","AB75A73EDEC13ABDCF8B979E844F82437011E5899D1669040BD5B73C1245C7F3","False","2026-06-10 16:35:53"
"tools\ui\audit-tabs-navigation.cjs","07_Tools_Validation_Misc","Tools, Validation Scripts, Root Config, Docs, Misc","Tooling Script",".cjs","363","10948","10.69","D4E31DB4CFA781FF3D9455A2A476FF023EF94A38604CA075003F6098EC2D1D97","False","2026-06-10 16:43:42"
"tools\ui\audit-ui-instances.cjs","07_Tools_Validation_Misc","Tools, Validation Scripts, Root Config, Docs, Misc","Tooling Script",".cjs","137","4538","4.43","0B2D6CAF92F64FA08515AC8CFA0CB12E0BD634F4D66DC079FAF2140F3B67EB65","False","2026-06-10 15:44:35"
"tools\validation\prove-standard-import-gate.cjs","07_Tools_Validation_Misc","Tools, Validation Scripts, Root Config, Docs, Misc","Tooling Script",".cjs","67","2278","2.22","3BDDB27088D37BDC11E20D87176ECCA589A5D78A9D6CF40A1475EB62CC472FCF","False","2026-05-31 14:07:14"
"tools\validation\Run-FullValidation.ps1","07_Tools_Validation_Misc","Tools, Validation Scripts, Root Config, Docs, Misc","Tooling Script",".ps1","55","1268","1.24","35072A2FE92BB9EDED0622215781A358C1FFFB23E83CE943C3B20BE974C75B03","False","2026-05-19 00:19:15"
"tools\validation\Run-P00A-StructuralGates.ps1","07_Tools_Validation_Misc","Tools, Validation Scripts, Root Config, Docs, Misc","Tooling Script",".ps1","59","2704","2.64","149039849300CDD2DFE6E4EB7030411A748CCFD643AAF835E32C4D2690DF810B","False","2026-05-31 14:11:35"
"tools\validation\Validate-BeforeRefactor.ps1","07_Tools_Validation_Misc","Tools, Validation Scripts, Root Config, Docs, Misc","Tooling Script",".ps1","38","1090","1.06","80020F365BB54942C51137A37286F2FE7C6A0CA381A444E24A6C292906444A0B","False","2026-05-19 00:19:15"
"tools\validation\Validate-Dimension2-Dimension6.ps1","07_Tools_Validation_Misc","Tools, Validation Scripts, Root Config, Docs, Misc","Tooling Script",".ps1","185","6569","6.42","3C0381CC0C993971DBD436E327CF773BA370A4A4C459FFAEB1419027718F4D8A","False","2026-05-21 16:37:50"
"tools\validation\Validate-Dimension7-Brand.ps1","07_Tools_Validation_Misc","Tools, Validation Scripts, Root Config, Docs, Misc","Tooling Script",".ps1","156","4760","4.65","A3B3C81937EA809DC1C1D84AA1452B17F57D04B236E70DD0736EB6EE18DBF869","False","2026-05-21 16:51:34"
"tools\validation\validate-phase01-phase02-gates.mjs","07_Tools_Validation_Misc","Tools, Validation Scripts, Root Config, Docs, Misc","Tooling Script",".mjs","176","6627","6.47","CA2AF7AB9BCB98EE715447931694ED7EBBC8FAB4C950BB064AF60021DF268115","False","2026-06-16 10:51:24"
"tools\validation\Validate-Phase01-Phase02-Gates.ps1","07_Tools_Validation_Misc","Tools, Validation Scripts, Root Config, Docs, Misc","Tooling Script",".ps1","11","223","0.22","23458F2D7DEB2051FD29B886C264732A19A91F3BBCC2A2FEBBF8AD64CFD1AFE6","False","2026-05-30 15:06:41"
"tools\validation\validate-phase01-phase02-v5-gates.mjs","07_Tools_Validation_Misc","Tools, Validation Scripts, Root Config, Docs, Misc","Tooling Script",".mjs","76","4371","4.27","D311F99D0C9929A30310F77570A09702806EFFF218E477A167D2AB3DC2DDE8AC","False","2026-06-09 00:44:33"
"tools\validation\Validate-Phase01-Phase02-v5-Gates.ps1","07_Tools_Validation_Misc","Tools, Validation Scripts, Root Config, Docs, Misc","Tooling Script",".ps1","12","238","0.23","4A39CFFE59939060BF0BC8FD9C75E101C2466198DFE8FE55725DF5ED4E2476E5","False","2026-05-30 16:32:49"
"tools\validation\validate-phase03-gates.mjs","07_Tools_Validation_Misc","Tools, Validation Scripts, Root Config, Docs, Misc","Tooling Script",".mjs","100","4313","4.21","859C76028388F002EF6CA1AA5AFDEFED09CAE308DC3B2259F990940C4899FAD9","False","2026-05-31 14:07:14"
"tools\validation\Validate-Phase03-Gates.ps1","07_Tools_Validation_Misc","Tools, Validation Scripts, Root Config, Docs, Misc","Tooling Script",".ps1","10","206","0.2","DA3A66B8A1E751275B5A2D9273AAAB11654E4EB605554CCBE1BC17C9D2066392","False","2026-05-30 15:43:16"
"tools\validation\Validate-Phase1-Hardening-Website.ps1","07_Tools_Validation_Misc","Tools, Validation Scripts, Root Config, Docs, Misc","Tooling Script",".ps1","155","5400","5.27","DA4C5F22639D87519086702B2C167FF3B3B41E7FC9D8094300A0EF8EFAC86E81","False","2026-05-25 12:37:24"
"tools\validation\Validate-Phase2-Step1-Step2.ps1","07_Tools_Validation_Misc","Tools, Validation Scripts, Root Config, Docs, Misc","Tooling Script",".ps1","112","4222","4.12","5E51EBBA0DFE4D254CBA2096FD1BC31C4515F9113FB9BC090D4EC332CF88D970","False","2026-05-25 13:14:21"
"tools\validation\Validate-Phase2-Step3-Step5.ps1","07_Tools_Validation_Misc","Tools, Validation Scripts, Root Config, Docs, Misc","Tooling Script",".ps1","77","3178","3.1","BEB13BB969D1D5B7D60CF02535619BFBF0A9369ACB91E0F65D6C79A0511DABBD","False","2026-05-25 13:54:07"
"tools\validation\validate-sql-script-hygiene.cjs","07_Tools_Validation_Misc","Tools, Validation Scripts, Root Config, Docs, Misc","Tooling Script",".cjs","62","2179","2.13","42E7513DD0895235C42ED352D75D06206E024D39E5332078C3A174EE1FA6F718","False","2026-05-31 14:07:14"
"tools\validation\validate-t208-exposure.cjs","07_Tools_Validation_Misc","Tools, Validation Scripts, Root Config, Docs, Misc","Tooling Script",".cjs","43","1604","1.57","EC054F8564C43A593920B1318E0982596DCC4B5D49D1E281E8D0CD7818C3CB32","False","2026-06-16 10:51:24"
"tools\validation\validate-v6-phase01-phase02-completion.cjs","07_Tools_Validation_Misc","Tools, Validation Scripts, Root Config, Docs, Misc","Tooling Script",".cjs","49","3422","3.34","CB73148E1A32969B0CF4A2483FA8263777AB09859BDE066F0332FC10DC8FDCDF","False","2026-06-16 10:51:24"
"tools\validation\validate-v7-phase01.cjs","07_Tools_Validation_Misc","Tools, Validation Scripts, Root Config, Docs, Misc","Tooling Script",".cjs","73","3934","3.84","5D8CEA292628B4CA474BCF88AF46AB38DE4B42E1E8AB4417DE616EC92243CEA7","False","2026-06-16 10:51:24"
"tools\validation\validate-v7-phase01-acceptance.cjs","07_Tools_Validation_Misc","Tools, Validation Scripts, Root Config, Docs, Misc","Tooling Script",".cjs","95","5262","5.14","CFFB2ADDC3188491D2E58A5A77FD514DE59C6B4D4A3095615FF8E62B978906A3","False","2026-06-09 00:41:35"
"tools\validation\validate-v7-phase02-phase03-acceptance.cjs","07_Tools_Validation_Misc","Tools, Validation Scripts, Root Config, Docs, Misc","Tooling Script",".cjs","74","3777","3.69","12B66874B49AD990F89AA655FDB8A40EEF462593DD2B33BE90DBBB9E3B737155","False","2026-05-31 14:07:14"
"tools\validation\validate-v7-phase04-phase05-acceptance.cjs","07_Tools_Validation_Misc","Tools, Validation Scripts, Root Config, Docs, Misc","Tooling Script",".cjs","49","2590","2.53","2ABAFABC7C8B5DA419A1816E52DB7E2F2DBDE893BE39178A97FC1C4D7E17E4D3","False","2026-05-31 14:07:14"
"tools\validation\validate-v7-phase04-phase05-completion.cjs","07_Tools_Validation_Misc","Tools, Validation Scripts, Root Config, Docs, Misc","Tooling Script",".cjs","59","3666","3.58","A23321DF8866C1951C763CFB92B155897DF402CB6A704982AC2980D16592DDEF","False","2026-05-31 14:07:14"
"walk-evidence.md","07_Tools_Validation_Misc","Tools, Validation Scripts, Root Config, Docs, Misc","Markdown Documentation",".md","30","3060","2.99","16129FC1D40483C1BB3D6F29730A1D0B7C4C8A505C4D55F11571529577D3D9A9","False","2026-07-05 22:33:05"
"wipetrap_state.json","07_Tools_Validation_Misc","Tools, Validation Scripts, Root Config, Docs, Misc","JSON Configuration",".json","5","116","0.11","9BB8371533750C99616B574332117A2215862AE02EA886035DDA1FC8E6B1A0CE","False","2026-07-21 16:51:52"
"deploy\fixtures\demo\caster-oracle\init\001_schema_seed.sql","07A_DEMO_SQL_Data_Seed","DEMO SQL Data Seed: Schema, SQL Data, Excel/CSV Fixtures","Demo SQL Seed Script",".sql","77","2795","2.73","B32E370671845C6BCB60DF3852B3EF75E1F3391A43E825A60969C059F522048D","True","2026-06-06 09:32:46"
"deploy\fixtures\demo\caster-oracle\init\002_data.sql","07A_DEMO_SQL_Data_Seed","DEMO SQL Data Seed: Schema, SQL Data, Excel/CSV Fixtures","Demo SQL Seed Script",".sql","6255","1378113","1345.81","8C26AF74B17A2EBF3C9FC80F1BB634520F236128017F717B56F93167DF8B2245","True","2026-06-09 14:45:59"
"deploy\fixtures\demo\downtime-mysql\init\001_schema_seed.sql","07A_DEMO_SQL_Data_Seed","DEMO SQL Data Seed: Schema, SQL Data, Excel/CSV Fixtures","Demo SQL Seed Script",".sql","29","1055","1.03","EE24869F7CCA2C2C50C0E726D88689884F70BFBD579FA392E88AC4F7D22DDB1E","True","2026-06-06 09:32:47"
"deploy\fixtures\demo\downtime-mysql\init\002_data.sql","07A_DEMO_SQL_Data_Seed","DEMO SQL Data Seed: Schema, SQL Data, Excel/CSV Fixtures","Demo SQL Seed Script",".sql","112","12807","12.51","1C457CFAAB74DB0C2943282DF5ABBFB3D8ABA8CAEA61334C611E40AF1EDE3281","True","2026-06-09 14:45:59"
"deploy\fixtures\demo\excel-qa\qa_samples.csv","07A_DEMO_SQL_Data_Seed","DEMO SQL Data Seed: Schema, SQL Data, Excel/CSV Fixtures","Demo CSV Seed Data",".csv","1869","156573","152.9","77127ACEAE108F8307471050DBB7BB03546D55BEBF6250436689A65C0233BAE9","True","2026-06-09 14:45:59"
"deploy\fixtures\demo\excel-yard\yard_inventory.csv","07A_DEMO_SQL_Data_Seed","DEMO SQL Data Seed: Schema, SQL Data, Excel/CSV Fixtures","Demo CSV Seed Data",".csv","5601","491637","480.11","16180D05F1B0B6807C9C6C3876D7F91B25B7533BB4C76594F4249783B80C664C","True","2026-06-12 20:41:46"
"deploy\fixtures\demo\hsm-oracle\init\001_schema_seed.sql","07A_DEMO_SQL_Data_Seed","DEMO SQL Data Seed: Schema, SQL Data, Excel/CSV Fixtures","Demo SQL Seed Script",".sql","75","2903","2.83","2CC79679E5393912C436E97CC39BC1AF9BB24BB6AB57D1EE2653157D4E14C21A","True","2026-06-06 09:32:46"
"deploy\fixtures\demo\hsm-oracle\init\002_data.sql","07A_DEMO_SQL_Data_Seed","DEMO SQL Data Seed: Schema, SQL Data, Excel/CSV Fixtures","Demo SQL Seed Script",".sql","33480","7674531","7494.66","09CBA6225BD954BA6646326F201DC5EFCBEB804368CF4F5760F6385477A0D79A","True","2026-06-09 14:45:59"
"deploy\fixtures\demo\meltshop-postgres\init\001_schema_seed.sql","07A_DEMO_SQL_Data_Seed","DEMO SQL Data Seed: Schema, SQL Data, Excel/CSV Fixtures","Demo SQL Seed Script",".sql","81","2023","1.98","66688E0A905B44ACB48E2824C917905B5B8BCB5029EE5E49071A02D14A532FA6","True","2026-06-06 09:32:45"
"deploy\fixtures\demo\meltshop-postgres\init\002_data.sql","07A_DEMO_SQL_Data_Seed","DEMO SQL Data Seed: Schema, SQL Data, Excel/CSV Fixtures","Demo SQL Seed Script",".sql","639","72785","71.08","31EDB3D6E458FB27D21D9C1D075A392F3961CA13F65752D6FF20484F97A2E6EC","True","2026-06-09 14:45:59"
"deploy\fixtures\demo\parsytec-mysql\init\001_schema_seed.sql","07A_DEMO_SQL_Data_Seed","DEMO SQL Data Seed: Schema, SQL Data, Excel/CSV Fixtures","Demo SQL Seed Script",".sql","87","1991","1.94","7229B0666B7B2EAC070D744C4A930B29D1DFE09CB49D121D0650AE41866AE539","True","2026-06-18 00:04:42"
"deploy\fixtures\demo\parsytec-mysql\init\002_data.sql","07A_DEMO_SQL_Data_Seed","DEMO SQL Data Seed: Schema, SQL Data, Excel/CSV Fixtures","Demo SQL Seed Script",".sql","2149","230711","225.3","953A44A86D7BBA609A744BD48B5554FD60F03C848D01B3C47E58231C9A84F1E6","True","2026-06-18 00:04:42"
"deploy\fixtures\demo\pkl-mssql\init\001_schema_seed.sql","07A_DEMO_SQL_Data_Seed","DEMO SQL Data Seed: Schema, SQL Data, Excel/CSV Fixtures","Demo SQL Seed Script",".sql","59","1678","1.64","55507DC4286A6E75D408A2FFBDD481D96CDDA22C158B9F778673E88E5639E6D4","True","2026-06-06 09:32:06"
"deploy\fixtures\demo\pkl-mssql\init\002_data.sql","07A_DEMO_SQL_Data_Seed","DEMO SQL Data Seed: Schema, SQL Data, Excel/CSV Fixtures","Demo SQL Seed Script",".sql","5633","445474","435.03","57B6F6885FAC23FFCEF750BA64FFA3BD1936EEBC9FD3778F4FFBF4C78687F319","True","2026-06-09 14:45:59"
"Website\.env.local","08_Website","Website: PlantProcess.Website","Environment Config",".local","0","0","0","E3B0C44298FC1C149AFBF4C8996FB92427AE41E4649B934CA495991B7852B855","True","2026-06-04 13:12:42"
"Website\PlantProcess.Website\.dockerignore","08_Website","Website: PlantProcess.Website","Other Text File",".dockerignore","16","321","0.31","57B314EEEFBEC6A9ECE7C62D7CD5C607992728CD692D6A644F98C16115B569D1","False","2026-05-19 15:44:31"
"Website\PlantProcess.Website\.env.example","08_Website","Website: PlantProcess.Website","Environment Config",".example","1","52","0.05","08B29A66C66E1FD434B7EB7D8CC5B5062038D59FCE7B4F97CA7BDAD6FC4070B6","True","2026-05-19 14:26:36"
"Website\PlantProcess.Website\.env.local","08_Website","Website: PlantProcess.Website","Environment Config",".local","1","52","0.05","85E0B7EB2B4052847FB4E8AA83FA7738B5B41F41204830576126DEB1661E38ED","True","2026-08-16 12:20:41"
"Website\PlantProcess.Website\Apply-NewWebsite.ps1","08_Website","Website: PlantProcess.Website","PowerShell Script",".ps1","411","35718","34.88","6328091DD4AD51ACE8F5E4A81BB9EE8944E3C6A2DA7F4703FAF4DF3EA3C42F8B","False","2026-07-21 16:17:03"
"Website\PlantProcess.Website\docs\commercial-v2-acceptance.md","08_Website","Website: PlantProcess.Website","Markdown Documentation",".md","11","788","0.77","105534A1FD20B46CD36716F9D33A17108889915EA2D4073EC9012C550A08A0FF","False","2026-07-17 15:01:53"
"Website\PlantProcess.Website\docs\phase10-acceptance.md","08_Website","Website: PlantProcess.Website","Markdown Documentation",".md","156","1648","1.61","7C1B827136D053853524E76824E12671E0C524CACF2349EE7C36FF697A8BAC7B","False","2026-06-03 11:45:31"
"Website\PlantProcess.Website\index.html","08_Website","Website: PlantProcess.Website","Markup / View",".html","21","1186","1.16","D6C2367D2B6C730651A5AA09DBBF4B5B6D5B81530D74E78039FAA80971C7D126","False","2026-07-21 16:13:55"
"Website\PlantProcess.Website\nginx.conf","08_Website","Website: PlantProcess.Website","Other Text File",".conf","20","449","0.44","844FFEA5E09E5822FEA994F95EDB6398325BF68FACEB5F7683170976BE018E8B","False","2026-05-19 14:26:36"
"Website\PlantProcess.Website\package.json","08_Website","Website: PlantProcess.Website","JSON Configuration",".json","43","2477","2.42","74AED2052C5CA63FA5959B99D215CE10D6A7FAB87878CAB0A62CFDC214472180","False","2026-08-06 18:28:03"
"Website\PlantProcess.Website\playwright.commercial.config.ts","08_Website","Website: PlantProcess.Website","TypeScript Source",".ts","38","1259","1.23","1CBBBE2FEB887E9D1B2F3E692242013BE59BF6AC8FD2936695B9BBA76AECF414","False","2026-07-17 15:01:53"
"Website\PlantProcess.Website\playwright.golive.config.ts","08_Website","Website: PlantProcess.Website","TypeScript Source",".ts","11","405","0.4","2D19B621FB5AF5479894F0E8FD5051F7B278F12383489124DB2251A5A3CF3F1C","False","2026-06-13 22:18:54"
"Website\PlantProcess.Website\playwright.phase7.config.ts","08_Website","Website: PlantProcess.Website","TypeScript Source",".ts","23","1282","1.25","D03727C773492F8CBFE248BC97C3088DEC0CA62E0BDFB13E3CA2DB9D3799864B","False","2026-06-13 15:21:49"
"Website\PlantProcess.Website\playwright.verify.config.ts","08_Website","Website: PlantProcess.Website","TypeScript Source",".ts","18","624","0.61","812406EB92AE8CC2BA2A69F309D5903532FE3BBC6ABD3C82AFD8AFB0E31ABECF","False","2026-08-06 18:28:03"
"Website\PlantProcess.Website\postcss.config.cjs","08_Website","Website: PlantProcess.Website","JavaScript Source",".cjs","3","37","0.04","602989928FFB685487FDD33E4C1477FBEF8EE1B7375734616BE5ABB2F922647A","False","2026-05-19 14:58:18"
"Website\PlantProcess.Website\public\brand\plantprocess-iq-engineer-brief.html","08_Website","Website: PlantProcess.Website","Markup / View",".html","171","4852","4.74","24C9BA9EBA4F6397A7027226BB2E88C40E9F30AE1BC8A45FAC670FEA3B5070C1","False","2026-05-21 16:44:43"
"Website\PlantProcess.Website\public\brand\plantprocess-iq-logo.svg","08_Website","Website: PlantProcess.Website","Other Text File",".svg","51","2168","2.12","9BE5A1BF2F72BE934535C277F5F27CBBC9F9D5B2BE8E1115131A77D340BC0E26","False","2026-05-20 09:31:14"
"Website\PlantProcess.Website\public\brand\sou-icon.svg","08_Website","Website: PlantProcess.Website","Other Text File",".svg","50","1743","1.7","3A5683AA1179079537936DD39AB7FCB845369A199DF47807F9D6C4414EAF0DC7","False","2026-05-20 09:19:52"
"Website\PlantProcess.Website\public\brand\sou-logo-horizontal.svg","08_Website","Website: PlantProcess.Website","Other Text File",".svg","40","1813","1.77","7615AB27A735CF534DB633D0086D1B2F609C3923615D370686D72FEA92F3EFBC","False","2026-05-20 09:19:52"
"Website\PlantProcess.Website\public\build-info.json","08_Website","Website: PlantProcess.Website","JSON Configuration",".json","9","297","0.29","BC7627FB8D80BDEDD3C6757E597A8745F3B58FABD5390F7D8DAE9863B705E865","False","2026-06-10 12:30:22"
"Website\PlantProcess.Website\public\favicon.svg","08_Website","Website: PlantProcess.Website","Other Text File",".svg","50","1743","1.7","3A5683AA1179079537936DD39AB7FCB845369A199DF47807F9D6C4414EAF0DC7","False","2026-05-20 09:19:52"
"Website\PlantProcess.Website\scripts\check-http-https.mjs","08_Website","Website: PlantProcess.Website","JavaScript Source",".mjs","27","1391","1.36","EF82AE91A8F952EF27A10A81152CCBBB2A19A8CA0DBF8F8D06E58F49901F9AA6","False","2026-06-13 22:18:54"
"Website\PlantProcess.Website\scripts\check-tagline.mjs","08_Website","Website: PlantProcess.Website","JavaScript Source",".mjs","36","1437","1.4","A3F9FEB214C343B0AA251DFD1FC4B52512E9FEDE6CE387B8D4FD884B626701BA","False","2026-06-13 15:21:47"
"Website\PlantProcess.Website\scripts\phase10-website-e2e.mjs","08_Website","Website: PlantProcess.Website","JavaScript Source",".mjs","4","229","0.22","AA50DAE6CC3F869D2583E43B6EE06916B58FC70A2AB2F8AA98DA8489735B535C","False","2026-07-17 15:01:53"
"Website\PlantProcess.Website\scripts\PPIQ704-jenkins-stage.note.groovy","08_Website","Website: PlantProcess.Website","Other Text File",".groovy","9","272","0.27","805768B2995A16C1E195A8D1F8A0E81CA1A5BA026782CEB4EF4CF7A0E8BD980D","False","2026-06-15 10:08:53"
"Website\PlantProcess.Website\scripts\static-serve.mjs","08_Website","Website: PlantProcess.Website","JavaScript Source",".mjs","25","1645","1.61","0D2D170288242C744A32A5E9AE06956E8920055D4F37A24236117A794910B223","False","2026-06-13 22:18:54"
"Website\PlantProcess.Website\scripts\validate-commercial-v2.mjs","08_Website","Website: PlantProcess.Website","JavaScript Source",".mjs","164","7986","7.8","21E28F40D23E25A543A6B48B3A842AD4B7F652BACA91B2F3C466DCFE463DDBE9","False","2026-08-06 19:24:23"
"Website\PlantProcess.Website\scripts\validate-phase7-content.mjs","08_Website","Website: PlantProcess.Website","JavaScript Source",".mjs","2","138","0.13","753C05446B7D972C49710D78DCB09992F8DA330B849A4C6B8C3BB7F6253A217D","False","2026-07-17 15:01:53"
"Website\PlantProcess.Website\scripts\validate-premium-header.mjs","08_Website","Website: PlantProcess.Website","JavaScript Source",".mjs","41","1810","1.77","E484E63EE794FE0D5CAE0DEC1B865FC82B07980D03B847D5CD98D73CB63803D3","False","2026-07-05 23:12:52"
"Website\PlantProcess.Website\scripts\validate-website-content.mjs","08_Website","Website: PlantProcess.Website","JavaScript Source",".mjs","2","124","0.12","80502213C86909802290CDD09E4AAF6A314E48BB95C6B2739D588FB58FDA6ABB","False","2026-07-17 15:01:53"
"Website\PlantProcess.Website\scripts\website-soak.mjs","08_Website","Website: PlantProcess.Website","JavaScript Source",".mjs","15","837","0.82","A233F97DF0EC31869767BF41367D2ACA038DCB5B8AEC3030544230A97193C085","False","2026-06-13 22:18:54"
"Website\PlantProcess.Website\src\App.tsx","08_Website","Website: PlantProcess.Website","TypeScript Source",".tsx","483","30943","30.22","3552B1FF6259ECFA61EC8985D00F78041AD8E5710F80C005B68767D3BBC8392F","False","2026-08-07 16:08:12"
"Website\PlantProcess.Website\src\brand\plantProcessBrand.ts","08_Website","Website: PlantProcess.Website","TypeScript Source",".ts","68","2443","2.39","5505C87C1F0373FB86CC1CA3EEF19FDAD1E94B016C1A79C9BF235A674FB71E4F","False","2026-06-15 10:08:02"
"Website\PlantProcess.Website\src\brand\plantprocess-iq-architecture.svg","08_Website","Website: PlantProcess.Website","Other Text File",".svg","87","5621","5.49","30FD78F1601492C7A58D0C02A49827F0AC05D6D0EA5DFB3B4DCC7C872640FE74","False","2026-05-21 16:44:08"
"Website\PlantProcess.Website\src\brand\tagline.ts","08_Website","Website: PlantProcess.Website","TypeScript Source",".ts","5","330","0.32","1D08140CDBD022AB222E05015FD7C12928AC488FC6C77229A9A2E9D7EE698F37","False","2026-06-13 15:21:47"
"Website\PlantProcess.Website\src\components\brand\sou-brand.css","08_Website","Website: PlantProcess.Website","Stylesheet",".css","165","3398","3.32","F618E83F55ECC98BE077F3E22392E4615CA25E215DE3CFDEE0BF1B7709B8BBDF","False","2026-05-20 09:22:15"
"Website\PlantProcess.Website\src\components\brand\SOUBrand.tsx","08_Website","Website: PlantProcess.Website","TypeScript Source",".tsx","40","993","0.97","3A6793F94F9DC901483ABAC567339A67246D3C820FB05EAF1FC4DC1173F34B22","False","2026-05-20 09:20:58"
"Website\PlantProcess.Website\src\components\BrandProofSection.tsx","08_Website","Website: PlantProcess.Website","TypeScript Source",".tsx","60","1814","1.77","9190DC811282D2C81D93DB7F8E48493999BA1BC3290C4DF1701FACBD54D8611F","False","2026-05-21 16:56:19"
"Website\PlantProcess.Website\src\components\graphics\ArchitectureFlowScroll.tsx","08_Website","Website: PlantProcess.Website","TypeScript Source",".tsx","149","7674","7.49","976659649E1C1590A0D707DE0BD0363FED8A4A141092E8CBB228352D433493EE","False","2026-08-06 18:39:28"
"Website\PlantProcess.Website\src\components\graphics\GoldenThread.tsx","08_Website","Website: PlantProcess.Website","TypeScript Source",".tsx","34","1664","1.62","69D392A0BC29C44873F96B5706E7C5A40D529BF852BD083CC027AD2A50400C2D","False","2026-07-17 15:01:53"
"Website\PlantProcess.Website\src\components\graphics\GoldenThreadScroll.tsx","08_Website","Website: PlantProcess.Website","TypeScript Source",".tsx","62","3034","2.96","EF20CE7FC3A7F283961210317F05373114B7ADD74960F462354E0EC21B3EDD65","False","2026-08-06 22:49:01"
"Website\PlantProcess.Website\src\components\graphics\HeroTopology.tsx","08_Website","Website: PlantProcess.Website","TypeScript Source",".tsx","73","2863","2.8","773C3645E5FF2764C00CE988E1A68619F7E0D6C5A028BFBA285B3D51099C3015","False","2026-07-17 15:01:53"
"Website\PlantProcess.Website\src\components\graphics\SignalVsNoise.tsx","08_Website","Website: PlantProcess.Website","TypeScript Source",".tsx","44","1816","1.77","C7B2B1319E941B2AF69A29FDA3DD8BCCE361285072E160D6924C6C77238F4620","False","2026-07-17 15:01:53"
"Website\PlantProcess.Website\src\components\graphics\TrustEngine.tsx","08_Website","Website: PlantProcess.Website","TypeScript Source",".tsx","49","2416","2.36","0F3E3E1F48ED3B2C371C21886BF0ED03AACC4CA83B116154AD54C2975F6F7AC9","False","2026-07-17 15:01:53"
"Website\PlantProcess.Website\src\components\motion\useScrollDraw.ts","08_Website","Website: PlantProcess.Website","TypeScript Source",".ts","67","2137","2.09","C6216FB8736AA51C3698A281C2B68E390989529FB3889175F375AC6FD995A35A","False","2026-07-22 00:29:51"
"Website\PlantProcess.Website\src\components\proof\ConnectorHonestyBlock.tsx","08_Website","Website: PlantProcess.Website","TypeScript Source",".tsx","39","1273","1.24","31E7235BF4E12D9BAFD8A0C0C9591C138541B5630434C0C6544372825E094219","False","2026-05-25 12:32:05"
"Website\PlantProcess.Website\src\components\proof\PositioningTruthBlock.tsx","08_Website","Website: PlantProcess.Website","TypeScript Source",".tsx","30","1002","0.98","EE7F4CE0BB1451E83D477B6870C17CF85C05A47307BF0F8864BE0D7E411FA2BF","False","2026-05-25 12:31:45"
"Website\PlantProcess.Website\src\components\proof\PricingLicenseMatrix.tsx","08_Website","Website: PlantProcess.Website","TypeScript Source",".tsx","70","2072","2.02","D0B4AFBD9EA1938C8D2708C1AF8DF48BA8791525BC6CD5F338396492ACE04439","False","2026-07-03 12:12:04"
"Website\PlantProcess.Website\src\components\proof\ProductScreenshotShowcase.tsx","08_Website","Website: PlantProcess.Website","TypeScript Source",".tsx","54","2038","1.99","BCB5DBF1F4F78A20A7D94726D5C354DEE59256DAC4F2273C0A785F9E8A865A04","False","2026-07-03 12:12:04"
"Website\PlantProcess.Website\src\components\proof\RequestDemoForm.tsx","08_Website","Website: PlantProcess.Website","TypeScript Source",".tsx","333","12188","11.9","AE8C338D58399F75C0BC62D1E9636512D035F12597904CB4586675E95A8E970A","False","2026-08-06 22:49:01"
"Website\PlantProcess.Website\src\components\roi\RoiCalculator.tsx","08_Website","Website: PlantProcess.Website","TypeScript Source",".tsx","84","3322","3.24","84CE5282A10ECC80FC2CC94FE9BDBBE2A0C4F361D8D6A0F4D21C12BEFAE7E1CE","False","2026-07-22 00:29:51"
"Website\PlantProcess.Website\src\components\sections\FounderAuthority.tsx","08_Website","Website: PlantProcess.Website","TypeScript Source",".tsx","44","2425","2.37","AA73BB6EB53425528DDEA26FFE0FEE7A734F575579389FEE9C406B2EB8686CEB","False","2026-07-17 15:01:53"
"Website\PlantProcess.Website\src\components\sections\IntegrationEcosystem.tsx","08_Website","Website: PlantProcess.Website","TypeScript Source",".tsx","43","1920","1.88","397D978B45A15453B3D4D6BE4A5839F0B4D51E8B26158165C7414329DDB3078D","False","2026-07-22 00:29:51"
"Website\PlantProcess.Website\src\components\sections\ProofOfValueJourney.tsx","08_Website","Website: PlantProcess.Website","TypeScript Source",".tsx","40","1980","1.93","9325CE235C872A4913D62EF3D93A42DBB0CDAA86564CC65538852A61711E1ABA","False","2026-07-17 15:01:53"
"Website\PlantProcess.Website\src\components\sections\RolePaths.tsx","08_Website","Website: PlantProcess.Website","TypeScript Source",".tsx","39","2447","2.39","FC8B5045D91B7E4240A5197C77E2980FA1A2D0190E7BEC7CD96878C21620012A","False","2026-07-17 15:01:53"
"Website\PlantProcess.Website\src\content\phase1WebsiteProof.ts","08_Website","Website: PlantProcess.Website","TypeScript Source",".ts","173","5883","5.75","366042E5EE0DDE7B883999C92DFB140CD58955BF88167DA5A00B3490A98A08EB","False","2026-07-03 12:12:04"
"Website\PlantProcess.Website\src\content\portfolio\souProducts.ts","08_Website","Website: PlantProcess.Website","TypeScript Source",".ts","347","14413","14.08","05A680446881A3568D61CCFB3636792053DBB21413337A5986E5EE021641C8AD","False","2026-08-06 18:55:31"
"Website\PlantProcess.Website\src\content\products\index.generated.ts","08_Website","Website: PlantProcess.Website","TypeScript Source",".ts","10","477","0.47","0BD70478890EE0821BF3B0F82864A51216395089E181E97E8382B8D962A2276A","False","2026-06-13 15:21:43"
"Website\PlantProcess.Website\src\content\products\mes.ts","08_Website","Website: PlantProcess.Website","TypeScript Source",".ts","82","3994","3.9","6BCA2A99D312EDFC8294CF4CBF4153FC3745447A83311EF5BBDDB3E8CFF30A9C","False","2026-06-13 15:21:43"
"Website\PlantProcess.Website\src\content\products\model.ts","08_Website","Website: PlantProcess.Website","TypeScript Source",".ts","22","862","0.84","CE13CE1ADF107BCFE56AE8599DCEBA850204F343E47A64CCAD87F92B957835FE","False","2026-06-13 15:21:43"
"Website\PlantProcess.Website\src\content\products\yardWarehouse.ts","08_Website","Website: PlantProcess.Website","TypeScript Source",".ts","81","4121","4.02","783A8907A702619DE645C4BEE35F0967B811136EA14BB9F6E3F5998F2B7B35B8","False","2026-06-13 15:21:43"
"Website\PlantProcess.Website\src\main.tsx","08_Website","Website: PlantProcess.Website","TypeScript Source",".tsx","14","380","0.37","91F561980AB32C24CB9D737D6B9734B2A587829F19E14EACC0A7E408C579F3D6","False","2026-05-25 12:33:21"
"Website\PlantProcess.Website\src\pages\DeckPage.tsx","08_Website","Website: PlantProcess.Website","TypeScript Source",".tsx","954","45142","44.08","F50E70FE55223BA1871A6DD3EE825811C7DCEF66A27E5187A658D2D98A341E0C","False","2026-08-07 17:24:40"
"Website\PlantProcess.Website\src\pages\NewHomePage.tsx","08_Website","Website: PlantProcess.Website","TypeScript Source",".tsx","243","20819","20.33","B9F8A4E0B433E0A29AF8A58B9F57E3219BA14412FD6620ABF2D730C6181E023A","False","2026-08-06 22:49:01"
"Website\PlantProcess.Website\src\pages\products\PortfolioProductPage.tsx","08_Website","Website: PlantProcess.Website","TypeScript Source",".tsx","73","2662","2.6","FA712E0718DDE5900F71CE69C03871B3F3C0E4554D21F5E9A77E8A8B4EB13FD1","False","2026-08-06 19:03:42"
"Website\PlantProcess.Website\src\pages\products\ProductPage.tsx","08_Website","Website: PlantProcess.Website","TypeScript Source",".tsx","182","8292","8.1","797C380D83A90B5D5A4B79835B17362352884FA41807A52A5FDD7A7E74367E06","False","2026-06-13 15:21:43"
"Website\PlantProcess.Website\src\pages\products\ProductsPortfolioPage.tsx","08_Website","Website: PlantProcess.Website","TypeScript Source",".tsx","178","6631","6.48","0CBBEFF96A1F0C69FC29F69D4DA8FA753BBDE1267F3A8CA1B96E990B709B5869","False","2026-08-06 19:37:23"
"Website\PlantProcess.Website\src\pages\SouHomePage.tsx","08_Website","Website: PlantProcess.Website","TypeScript Source",".tsx","204","8823","8.62","899180B28792E9FD78719C70E7ECE3AD20CAC0986B8CB9978CF7790EFB678B3A","False","2026-08-06 23:41:04"
"Website\PlantProcess.Website\src\pages\worldPaths.ts","08_Website","Website: PlantProcess.Website","TypeScript Source",".ts","281","60058","58.65","61741A21B50823DB0F2F6A288585CDC6F59D3B06059C74FCDFF251E078415C65","False","2026-08-07 17:02:46"
"Website\PlantProcess.Website\src\routes\phase7Products.routes.tsx","08_Website","Website: PlantProcess.Website","TypeScript Source",".tsx","23","825","0.81","B7D6E2349DB37FA50DF85DE6F9083FAF1E982A59FF342156DDA0B5F41BC253EE","False","2026-06-13 15:21:43"
"Website\PlantProcess.Website\src\styles\global.css","08_Website","Website: PlantProcess.Website","Stylesheet",".css","42","2026","1.98","C762897E1A2C152632B1741877948EAF1DC0AEFF35BACB2FE36F034E23F6FAB3","False","2026-07-17 15:01:53"
"Website\PlantProcess.Website\src\styles\motion-roi.css","08_Website","Website: PlantProcess.Website","Stylesheet",".css","41","4267","4.17","D4AA06C740825496E6EE14034FE089F37D847D2F346A43A14A07B37759B553C0","False","2026-08-06 18:12:10"
"Website\PlantProcess.Website\src\styles\new-landing.css","08_Website","Website: PlantProcess.Website","Stylesheet",".css","380","35970","35.13","B8E017522743DF052C8A008D87E88CCB65F1582E8B6E12F985AC60E0A686DF46","False","2026-08-07 17:24:40"
"Website\PlantProcess.Website\src\styles\phase10.css","08_Website","Website: PlantProcess.Website","Stylesheet",".css","366","56814","55.48","7E7ED37EBE87A5CC029A18F56FFC7BCDA58592921897E4A5833DAC668DB6EA75","False","2026-08-06 23:41:04"
"Website\PlantProcess.Website\src\styles\phase1-proof.css","08_Website","Website: PlantProcess.Website","Stylesheet",".css","3","167","0.16","536FC46B6E7E394D51C5264A8142747AA3AE04206009EB2F4BAEE754DE959CF2","False","2026-07-17 15:01:54"
"Website\PlantProcess.Website\src\vite-env.d.ts","08_Website","Website: PlantProcess.Website","TypeScript Source",".ts","10","239","0.23","5D08CCAD269DC83D8E3746EB7D29108D9267E9DD6ACDD2978CCC878E72777395","False","2026-05-19 14:54:50"
"Website\PlantProcess.Website\tests\e2e\commercial-v2.spec.ts","08_Website","Website: PlantProcess.Website","TypeScript Source",".ts","75","4252","4.15","DDFF6EAFE97B4D270D79BC83821F613061DBE7085828143B51F20897FBB30837","False","2026-07-17 15:01:54"
"Website\PlantProcess.Website\tests\e2e\phase7-golive.spec.ts","08_Website","Website: PlantProcess.Website","TypeScript Source",".ts","78","3656","3.57","3A7F205DA15460E5C7E1100883D12EB50148D628BD38FB91B7E62181376A1A3B","False","2026-06-13 22:18:54"
"Website\PlantProcess.Website\tests\e2e\phase7-leadcapture.spec.ts","08_Website","Website: PlantProcess.Website","TypeScript Source",".ts","30","1436","1.4","1C57E70872E196E3D29A7A4666A170B115606D3DC389EECA838BF739BDCB1FE5","False","2026-06-13 20:57:50"
"Website\PlantProcess.Website\tests\e2e\phase7-responsive.spec.ts","08_Website","Website: PlantProcess.Website","TypeScript Source",".ts","58","2368","2.31","BAA489CB10C17261E9D1AE07DD4E1A17A9E5A3E6AC614C8CF72FEB5884E5434D","False","2026-06-13 15:21:49"
"Website\PlantProcess.Website\tests\verify\homepage-quality.spec.ts","08_Website","Website: PlantProcess.Website","TypeScript Source",".ts","210","8639","8.44","CB37BB2E88319328262AE4B3AB11E27DE2F02388CBB91B1E88A46D3259E045DA","False","2026-08-06 23:30:45"
"Website\PlantProcess.Website\tests\verify\presentation-routes.spec.ts","08_Website","Website: PlantProcess.Website","TypeScript Source",".ts","342","14277","13.94","357C62E07B27DF26C36580B2287CD5BF94E760B9D8E6076CCCC1E244182B2A53","False","2026-08-06 23:41:04"
"Website\PlantProcess.Website\tsconfig.app.json","08_Website","Website: PlantProcess.Website","JSON Configuration",".json","18","425","0.42","3FAE1FED5D9037880D0AF5EB69F862D0607D75B819FB9C9AB223F185B85A286A","False","2026-06-06 09:36:14"
"Website\PlantProcess.Website\tsconfig.json","08_Website","Website: PlantProcess.Website","JSON Configuration",".json","7","120","0.12","FC3F1CD11CDE0B935F2ED27A2F02E32673318B05D1D11FC97E27DF9DE50C716A","False","2026-06-06 09:36:14"
"Website\PlantProcess.Website\tsconfig.node.json","08_Website","Website: PlantProcess.Website","JSON Configuration",".json","13","259","0.25","66D35EC9378BCBCECBA1C431F4452077DA8FDEC77FA9490FF4742087FC201E98","False","2026-06-06 09:36:14"
"Website\PlantProcess.Website\vite.config.ts","08_Website","Website: PlantProcess.Website","TypeScript Source",".ts","14","246","0.24","37305BCE7EDA48B4893B08CE7D949FB1BE0B15F5AD88D01C3EC4B3D705DBC4E2","False","2026-05-19 14:26:36"
