"RelativePath","Category","CategoryTitle","Classification","Extension","Lines","SizeBytes","SizeKB","Sha256","ForceIncluded","LastWriteTime"
"Backend\PlantProcess.Analytics.Core\Common\DeterministicRandom.cs","01_Backend_Core","Backend Core: API, Application, Analytics, Domain, Infrastructure, Workers","C# Source",".cs","34","1173","1.15","C0F62E6484BA62AE1A587D1B75A55B02C942E3F53074F28A92A041E620C42005","False","2026-06-01 23:35:37"
"Backend\PlantProcess.Analytics.Core\Contracts\AdvancedAnalysisResult.cs","01_Backend_Core","Backend Core: API, Application, Analytics, Domain, Infrastructure, Workers","C# Source",".cs","28","1062","1.04","7CA23109B85A50C27778CB7BB9964F978C02CFBD36352DE56F5879E8F2B06FE0","False","2026-06-01 23:35:40"
"Backend\PlantProcess.Analytics.Core\Discipline\StatisticalDiscipline.cs","01_Backend_Core","Backend Core: API, Application, Analytics, Domain, Infrastructure, Workers","C# Source",".cs","91","4151","4.05","6FD2334B9A74D3B1CDA6E885E48E5E54B7C08D26097D159869A3C42191292FA3","False","2026-06-01 23:35:40"
"Backend\PlantProcess.Analytics.Core\Kpi\ExpressionEvaluator.cs","01_Backend_Core","Backend Core: API, Application, Analytics, Domain, Infrastructure, Workers","C# Source",".cs","131","4415","4.31","7CEC5787F7E088918AE58DAF556D24CB3F3E32518CF9A791A6919FF98F75A539","False","2026-06-01 23:35:39"
"Backend\PlantProcess.Analytics.Core\Kpi\KpiEngine.cs","01_Backend_Core","Backend Core: API, Application, Analytics, Domain, Infrastructure, Workers","C# Source",".cs","380","12586","12.29","D7E3748A6E42A083862B39D1D75B4DE75985F52FAF4F91DA5AF87012225D5C5A","False","2026-06-07 14:01:26"
"Backend\PlantProcess.Analytics.Core\Methods\CategoricalAssociation.cs","01_Backend_Core","Backend Core: API, Application, Analytics, Domain, Infrastructure, Workers","C# Source",".cs","31","1354","1.32","C2C5102CFFA7AE78CC7B10E187345193E15BDB312B2F5DB11F3FED72AA65C5A8","False","2026-06-01 23:35:38"
"Backend\PlantProcess.Analytics.Core\Methods\Lasso.cs","01_Backend_Core","Backend Core: API, Application, Analytics, Domain, Infrastructure, Workers","C# Source",".cs","55","2228","2.18","61E44D4EEBA4BF4997DD5B1DA967356A706AE24BAC15D01CE47D2FDFB203709A","False","2026-06-01 23:35:38"
"Backend\PlantProcess.Analytics.Core\Methods\MethodSelector.cs","01_Backend_Core","Backend Core: API, Application, Analytics, Domain, Infrastructure, Workers","C# Source",".cs","37","1988","1.94","785AD9105A3BCE877E44FB4440C3A54668B54363506742747A2CD646F311099B","False","2026-06-01 23:35:38"
"Backend\PlantProcess.Analytics.Core\Methods\MutualInformation.cs","01_Backend_Core","Backend Core: API, Application, Analytics, Domain, Infrastructure, Workers","C# Source",".cs","67","2665","2.6","C14F077786307767E5BE819729BFC42E9A9E291E0BC8146BF3D5B7D8E8C7C367","False","2026-06-01 23:35:37"
"Backend\PlantProcess.Analytics.Core\Methods\VarianceInflation.cs","01_Backend_Core","Backend Core: API, Application, Analytics, Domain, Infrastructure, Workers","C# Source",".cs","38","1453","1.42","AA234C31CA2DD790254D5B88F85533B8DA6B0F91ACC61E1C63D90633292D4AA9","False","2026-06-01 23:35:38"
"Backend\PlantProcess.Analytics.Core\Numerics\LinearAlgebra.cs","01_Backend_Core","Backend Core: API, Application, Analytics, Domain, Infrastructure, Workers","C# Source",".cs","64","2645","2.58","64180DC08D686DB2CB416B25A3D4F6424529A7EEC1BCFAA5471D5DFA0BE3E2FC","False","2026-06-01 23:35:37"
"Backend\PlantProcess.Analytics.Core\Numerics\Stats.cs","01_Backend_Core","Backend Core: API, Application, Analytics, Domain, Infrastructure, Workers","C# Source",".cs","105","4291","4.19","617B3202044B91F35771D61A376A124A5A416370011A608886885F92DAC817C6","False","2026-06-01 23:35:37"
"Backend\PlantProcess.Analytics.Core\PlantProcess.Analytics.Core.csproj","01_Backend_Core","Backend Core: API, Application, Analytics, Domain, Infrastructure, Workers",".NET Project File",".csproj","11","334","0.33","D1D3519DDDDB0F0CF36602A2C1D81A80D6C6CFA3F8D338B1AB8BD411119CB530","False","2026-06-07 13:56:26"
"Backend\PlantProcess.Analytics.Core\Primitives\AnalysisModels.cs","01_Backend_Core","Backend Core: API, Application, Analytics, Domain, Infrastructure, Workers","C# Source",".cs","39","1157","1.13","2EC7E4F5B760433D0B23A44D36A9B185F0C30F776D198EC8071A1B2726C6CC28","False","2026-06-01 23:35:38"
"Backend\PlantProcess.Analytics.Core\Primitives\SimpleAnalysis.cs","01_Backend_Core","Backend Core: API, Application, Analytics, Domain, Infrastructure, Workers","C# Source",".cs","140","7766","7.58","82BEA4C9B02711B0274E72095F1FB13F4C724212E0243C143EA35D5C65780930","False","2026-06-01 23:35:39"
"Backend\PlantProcess.Analytics.Core\Readiness\ReadinessGate.cs","01_Backend_Core","Backend Core: API, Application, Analytics, Domain, Infrastructure, Workers","C# Source",".cs","61","3206","3.13","8180BC6C62173ABF61CBDA56A7A23E4CB0116D0021450D9AA3C43160D00D94A1","False","2026-06-01 23:35:39"
"Backend\PlantProcess.Analytics.Engine\AnalyticsEngineServiceCollectionExtensions.cs","01_Backend_Core","Backend Core: API, Application, Analytics, Domain, Infrastructure, Workers","C# Source",".cs","20","838","0.82","8D31B494F6ECA0D0172F907B13E9F03E8DB3A6B2BDE8ECF287229F210ED88FD3","False","2026-06-01 23:49:31"
"Backend\PlantProcess.Analytics.Engine\ManagedStatisticalComputeEngine.cs","01_Backend_Core","Backend Core: API, Application, Analytics, Domain, Infrastructure, Workers","C# Source",".cs","122","5596","5.46","7E74634C64283FF43FCDACC81F59A3689727EA58605DEA081E9C3510661F72A6","False","2026-06-01 23:49:31"
"Backend\PlantProcess.Analytics.Engine\PlantProcess.Analytics.Engine.csproj","01_Backend_Core","Backend Core: API, Application, Analytics, Domain, Infrastructure, Workers",".NET Project File",".csproj","16","658","0.64","00AEFBDA430048CE8B94C9A500B4D453232DF42C43BD8A9FC6ECBE9F87A07264","False","2026-06-02 00:28:35"
"Backend\PlantProcess.Analytics.Engine\Ports.cs","01_Backend_Core","Backend Core: API, Application, Analytics, Domain, Infrastructure, Workers","C# Source",".cs","46","1749","1.71","AA9A125967E3EB9B688B8EB3A1A2B0BCD7F5C910780C69EF71B8C8E72C0FBE19","False","2026-06-01 23:49:31"
"Backend\PlantProcess.Analytics.Engine\Postgres\PostgresAnalysisFindingSink.cs","01_Backend_Core","Backend Core: API, Application, Analytics, Domain, Infrastructure, Workers","C# Source",".cs","110","5890","5.75","0E3A3B1D4186580EFC0FF8A449B49B6AAC5FBFF94FA9316040FA19F3A46927BB","False","2026-06-02 00:28:42"
"Backend\PlantProcess.Analytics.Engine\Postgres\PostgresCanonicalFeatureSource.cs","01_Backend_Core","Backend Core: API, Application, Analytics, Domain, Infrastructure, Workers","C# Source",".cs","152","7364","7.19","EEEBA9648C38DE96EBD9E345F5989A70DB0E842D9C3D8F2EAEF0967AA036FD80","False","2026-06-02 00:28:38"
"Backend\PlantProcess.Analytics.Engine\Postgres\PostgresEngineServiceCollectionExtensions.cs","01_Backend_Core","Backend Core: API, Application, Analytics, Domain, Infrastructure, Workers","C# Source",".cs","23","1224","1.2","4E6853E485A6211258F266E1375B66CAB4AC8FB958E338BB978EEAEF4D7CDDB9","False","2026-06-02 00:28:45"
"Backend\PlantProcess.Api\Analytics\KpiEvaluationService.cs","01_Backend_Core","Backend Core: API, Application, Analytics, Domain, Infrastructure, Workers","C# Source",".cs","133","6910","6.75","84BF9B6E6168F4DA3C56D410F32DED7AFB5CE31F9A0179FB165696EC9078BAC2","False","2026-06-02 12:31:41"
"Backend\PlantProcess.Api\appsettings.Development.json","01_Backend_Core","Backend Core: API, Application, Analytics, Domain, Infrastructure, Workers","JSON Configuration",".json","29","1590","1.55","AC1C712B1232C91CD4F8CA853E920A1088E0149F438E090662A2A441CB201153","False","2026-06-27 15:19:46"
"Backend\PlantProcess.Api\appsettings.json","01_Backend_Core","Backend Core: API, Application, Analytics, Domain, Infrastructure, Workers","JSON Configuration",".json","30","760","0.74","E0EF82FBED5F6BF1795629DF44F2CE79982C74C376C7427A5245A7FB19421163","False","2026-06-13 21:21:20"
"Backend\PlantProcess.Api\AssistantGateway\V5AssistantGateway.cs","01_Backend_Core","Backend Core: API, Application, Analytics, Domain, Infrastructure, Workers","C# Source",".cs","663","24728","24.15","AD82B1BD8C1F5CD819667C1C91EA1B8449E37C1248E5F327AC691E0627EBFD0A","False","2026-06-25 08:19:16"
"Backend\PlantProcess.Api\AssistantGateway\V5PrivateModelGatewayCertificationEndpoints.cs","01_Backend_Core","Backend Core: API, Application, Analytics, Domain, Infrastructure, Workers","C# Source",".cs","790","32644","31.88","B11C7C7542795B80DD867A558020ECE61B3A965AF2CAC075BE2B547EFAAF33E0","False","2026-06-08 08:13:32"
"Backend\PlantProcess.Api\BlendedProvenance\V5BlendedProvenanceEndpoints.cs","01_Backend_Core","Backend Core: API, Application, Analytics, Domain, Infrastructure, Workers","C# Source",".cs","135","5031","4.91","9641122DD293ABB355442A33E6B013D57385F2DCFE73EEF16B0BC429F74302B1","False","2026-06-07 13:48:03"
"Backend\PlantProcess.Api\ComplianceControls\V5ComplianceControlsEndpoints.cs","01_Backend_Core","Backend Core: API, Application, Analytics, Domain, Infrastructure, Workers","C# Source",".cs","481","17295","16.89","B6EA7B1134CD48D453A98AC36126BF9F06729526E35F999507C50F92EDABE815","False","2026-06-07 13:48:03"
"Backend\PlantProcess.Api\Configuration\StartupConfigurationValidator.cs","01_Backend_Core","Backend Core: API, Application, Analytics, Domain, Infrastructure, Workers","C# Source",".cs","435","16194","15.81","73549EC1DF1D6EF09A6F33A819D7DA160E090AE6952083D481EF571755CF780D","False","2026-06-13 22:22:56"
"Backend\PlantProcess.Api\DeploymentPortability\V5DeploymentPortabilityEndpoints.cs","01_Backend_Core","Backend Core: API, Application, Analytics, Domain, Infrastructure, Workers","C# Source",".cs","266","10883","10.63","6DFD4B9E8ED08D668E321E9AC0D1491DF74886EE6577EC6204F10E6E5DB1A575","False","2026-06-07 13:48:03"
"Backend\PlantProcess.Api\Dockerfile","01_Backend_Core","Backend Core: API, Application, Analytics, Domain, Infrastructure, Workers","Dockerfile","","36","1397","1.36","4D95548F0851288DDFA13CD87223B6E04E86EEB597ECC25811E1C791583A3981","True","2026-06-09 23:33:24"
"Backend\PlantProcess.Api\Endpoints\Admin\AdminEndpoints.cs","01_Backend_Core","Backend Core: API, Application, Analytics, Domain, Infrastructure, Workers","C# Source",".cs","828","34110","33.31","BA054DECFEE102B5B8528AEF23ACF96C2F33C5367084C2CD279A8444A6F9B723","False","2026-07-09 14:19:52"
"Backend\PlantProcess.Api\Endpoints\Admin\AdminProofEndpoints.cs","01_Backend_Core","Backend Core: API, Application, Analytics, Domain, Infrastructure, Workers","C# Source",".cs","71","2679","2.62","9EB8EFB8E80B8F4F40A2A85B0311CC3E4C62955EF7D7EB8AA83F90C730064E8A","False","2026-05-31 07:49:27"
"Backend\PlantProcess.Api\Endpoints\Admin\ConnectorAdminEndpoints.cs","01_Backend_Core","Backend Core: API, Application, Analytics, Domain, Infrastructure, Workers","C# Source",".cs","417","19029","18.58","AE18A7391959A10F68B4F2A73CA080B45F57C71806BDA55D02E04A14F59D1A6F","False","2026-07-12 20:44:54"
"Backend\PlantProcess.Api\Endpoints\Admin\ConnectorSchemaDriftEndpoints.cs","01_Backend_Core","Backend Core: API, Application, Analytics, Domain, Infrastructure, Workers","C# Source",".cs","40","1780","1.74","BB090640891E2FCA84ED9923E76EE1D048932286A30C40B614A8B788917243DC","False","2026-06-12 23:49:47"
"Backend\PlantProcess.Api\Endpoints\Admin\GenericSchemaMappingEndpoints.Catalog.cs","01_Backend_Core","Backend Core: API, Application, Analytics, Domain, Infrastructure, Workers","C# Source",".cs","8","264","0.26","96B2E4B0A4CC3C58EBBB778024C6FAF56C1538ED22407EFF1B97F77FA19848F6","False","2026-06-07 14:36:53"
"Backend\PlantProcess.Api\Endpoints\Admin\GenericSchemaMappingEndpoints.Catalog.Query.cs","01_Backend_Core","Backend Core: API, Application, Analytics, Domain, Infrastructure, Workers","C# Source",".cs","192","7211","7.04","D1D4E40D1F9601CACD8BF41205E348EB5AA7FB1EBDB777FC1979F7CE88FEAC13","False","2026-06-07 14:36:53"
"Backend\PlantProcess.Api\Endpoints\Admin\GenericSchemaMappingEndpoints.Catalog.Registration.cs","01_Backend_Core","Backend Core: API, Application, Analytics, Domain, Infrastructure, Workers","C# Source",".cs","200","8162","7.97","623C43F65472D19CAFFDB59EC324CF455BE38C3CCB6B2380C9BA59C8AD2FEF06","False","2026-06-07 14:36:53"
"Backend\PlantProcess.Api\Endpoints\Admin\GenericSchemaMappingEndpoints.Contracts.cs","01_Backend_Core","Backend Core: API, Application, Analytics, Domain, Infrastructure, Workers","C# Source",".cs","96","2926","2.86","D97C14CF1EB0E49C3F70F170F6FD2764CB34BC836197D900F3BD6A9A03C5CC31","False","2026-06-07 14:36:53"
"Backend\PlantProcess.Api\Endpoints\Admin\GenericSchemaMappingEndpoints.cs","01_Backend_Core","Backend Core: API, Application, Analytics, Domain, Infrastructure, Workers","C# Source",".cs","77","3346","3.27","5F94DD94F8ED065D46734431E6EA1024F1AF5B81C8170D5D52E17E6D0CA64A02","False","2026-06-09 22:39:11"
"Backend\PlantProcess.Api\Endpoints\Admin\GenericSchemaMappingEndpoints.Execution.cs","01_Backend_Core","Backend Core: API, Application, Analytics, Domain, Infrastructure, Workers","C# Source",".cs","268","9970","9.74","DA4F0EFE840C8562BEB51C640DB20F9FE512FFC1E0636119B01453CDC10333E6","False","2026-06-07 14:36:53"
"Backend\PlantProcess.Api\Endpoints\Admin\GenericSchemaMappingEndpoints.Joins.cs","01_Backend_Core","Backend Core: API, Application, Analytics, Domain, Infrastructure, Workers","C# Source",".cs","128","5176","5.05","BA582C6BF3016A606241AC821F2331401A003134BF5EB8A17FE519678AFE34B1","False","2026-06-07 14:36:53"
"Backend\PlantProcess.Api\Endpoints\Admin\GenericSchemaMappingEndpoints.Kpi.cs","01_Backend_Core","Backend Core: API, Application, Analytics, Domain, Infrastructure, Workers","C# Source",".cs","152","5605","5.47","CCE000D224AB863A644E4DFE12C7C3A9E1168A02BEEDE6E8DEC3235D5D66DD92","False","2026-06-07 14:36:53"
"Backend\PlantProcess.Api\Endpoints\Admin\GenericSchemaMappingEndpoints.PreviewRows.cs","01_Backend_Core","Backend Core: API, Application, Analytics, Domain, Infrastructure, Workers","C# Source",".cs","67","2453","2.4","687B6E55C0977E3EB82755523D7B490C6CB74458E08A50DA5270C9D9BE549ADA","False","2026-06-07 14:38:36"
"Backend\PlantProcess.Api\Endpoints\Admin\GenericSchemaMappingEndpoints.Resolver.cs","01_Backend_Core","Backend Core: API, Application, Analytics, Domain, Infrastructure, Workers","C# Source",".cs","205","7503","7.33","2ADEA8038E0030784B65381EB66DA1E48E8C7AACC37435F9481434E49F95FDF3","False","2026-06-09 22:39:11"
"Backend\PlantProcess.Api\Endpoints\Admin\GenericSchemaMappingEndpoints.SqlHelpers.cs","01_Backend_Core","Backend Core: API, Application, Analytics, Domain, Infrastructure, Workers","C# Source",".cs","164","5950","5.81","4234B90093CB9764101C1C00C0A03E1EB0EC690A4CFC6FFCB2FD07643CABD168","False","2026-06-29 16:36:00"
"Backend\PlantProcess.Api\Endpoints\Admin\JobAdminEndpoints.cs","01_Backend_Core","Backend Core: API, Application, Analytics, Domain, Infrastructure, Workers","C# Source",".cs","374","15093","14.74","E59737793F2DB0C18E572EA11A24686F559E750E5A13C263E65DA8CF3534A414","False","2026-06-09 10:00:00"
"Backend\PlantProcess.Api\Endpoints\Admin\JobAdminEndpoints.cs.20260609_110000","01_Backend_Core","Backend Core: API, Application, Analytics, Domain, Infrastructure, Workers","Other Text File",".20260609_110000","371","14817","14.47","F94985790F2543046C6B3FCA024458444EA30568F399533574360263E71EE587","False","2026-06-09 09:54:20"
"Backend\PlantProcess.Api\Endpoints\Admin\LicenseAdminEndpoints.cs","01_Backend_Core","Backend Core: API, Application, Analytics, Domain, Infrastructure, Workers","C# Source",".cs","397","15973","15.6","3629F335B007CB69F94806C7CBB632722C0B6462016163CB55426D19EF66FE42","False","2026-05-30 10:50:13"
"Backend\PlantProcess.Api\Endpoints\Admin\P03P04CompletionProofEndpoints.cs","01_Backend_Core","Backend Core: API, Application, Analytics, Domain, Infrastructure, Workers","C# Source",".cs","146","5228","5.11","9167BAA6B449C6A9CCED43C5DE3A91F40DEB84885B47609CB8A4A941596510FE","False","2026-06-01 15:50:42"
"Backend\PlantProcess.Api\Endpoints\Admin\P03P04MappingGenealogyEndpoints.cs","01_Backend_Core","Backend Core: API, Application, Analytics, Domain, Infrastructure, Workers","C# Source",".cs","46","1744","1.7","72CBD6893CD0D361F8411DA5CFD1DC3EB89D5B2B02E5FA1738D81321A99AEF00","False","2026-06-01 15:50:41"
"Backend\PlantProcess.Api\Endpoints\Admin\Phase1WorkflowTruthEndpoints.Contracts.001.cs","01_Backend_Core","Backend Core: API, Application, Analytics, Domain, Infrastructure, Workers","C# Source",".cs","78","2983","2.91","2034207E6922DACDA2D0649A3EED76E2F16F7C2731492F72BA48DEE5273F974F","False","2026-06-07 14:43:24"
"Backend\PlantProcess.Api\Endpoints\Admin\Phase1WorkflowTruthEndpoints.cs","01_Backend_Core","Backend Core: API, Application, Analytics, Domain, Infrastructure, Workers","C# Source",".cs","98","4707","4.6","CE47957F94712BBA2AD3688A5CCB90A0932E1217BA2ACA7DA5C66DFEB6EB768B","False","2026-06-23 16:32:24"
"Backend\PlantProcess.Api\Endpoints\Admin\Phase1WorkflowTruthEndpoints.Handlers.002.GetConnectorTruthAsync.cs","01_Backend_Core","Backend Core: API, Application, Analytics, Domain, Infrastructure, Workers","C# Source",".cs","77","3065","2.99","99FC1F55F7BA74116BD37B8DB4E7439A4C77B3B6BA2728E788AEA1061D16BF96","False","2026-06-07 14:43:24"
"Backend\PlantProcess.Api\Endpoints\Admin\Phase1WorkflowTruthEndpoints.Handlers.003.GetConnectorCertificationAsync.cs","01_Backend_Core","Backend Core: API, Application, Analytics, Domain, Infrastructure, Workers","C# Source",".cs","38","1604","1.57","AF38741F80400E0691FC6B819AE9A32F844F76A67E34D9A3A1D7D8195FA40DFE","False","2026-06-07 14:43:24"
"Backend\PlantProcess.Api\Endpoints\Admin\Phase1WorkflowTruthEndpoints.Handlers.004.GetSourceScheduleBoardAsync.cs","01_Backend_Core","Backend Core: API, Application, Analytics, Domain, Infrastructure, Workers","C# Source",".cs","69","2864","2.8","32A33E751F65AB3B8B59BF98F54C448305F93C72291C3E59A5C2FCB6962D5815","False","2026-07-12 14:31:39"
"Backend\PlantProcess.Api\Endpoints\Admin\Phase1WorkflowTruthEndpoints.Handlers.005.RunDueSourceImportsAsync.cs","01_Backend_Core","Backend Core: API, Application, Analytics, Domain, Infrastructure, Workers","C# Source",".cs","57","1965","1.92","2F5E20A7DF309BFBA044A7C7712E7CA1896CCA0D424BAFA570E46B954A5521A8","False","2026-06-07 14:43:24"
"Backend\PlantProcess.Api\Endpoints\Admin\Phase1WorkflowTruthEndpoints.Handlers.006.ScheduleSourceDatasetNowAsync.cs","01_Backend_Core","Backend Core: API, Application, Analytics, Domain, Infrastructure, Workers","C# Source",".cs","34","1305","1.27","1AC55959C28AABBE75F7D7768E4ADA1704E46FF058AD9B4DB4CF1CA7C7E6F7BD","False","2026-06-07 14:43:24"
"Backend\PlantProcess.Api\Endpoints\Admin\Phase1WorkflowTruthEndpoints.Handlers.007.UpdateDatasetCursorAsync.cs","01_Backend_Core","Backend Core: API, Application, Analytics, Domain, Infrastructure, Workers","C# Source",".cs","35","1375","1.34","F2A99F9D512B4020C82BF9FB41E35830CA69760E1BB495037D6D760245CB0DA6","False","2026-06-07 14:43:24"
"Backend\PlantProcess.Api\Endpoints\Admin\Phase1WorkflowTruthEndpoints.Handlers.009.GetStagingRecordsAsync.cs","01_Backend_Core","Backend Core: API, Application, Analytics, Domain, Infrastructure, Workers","C# Source",".cs","70","2445","2.39","03B7772636C60CA49B8A31687A8092363D18A3B5B98F92534E7CB2E66ADDADB8","False","2026-06-07 14:43:24"
"Backend\PlantProcess.Api\Endpoints\Admin\Phase1WorkflowTruthEndpoints.Handlers.010.GetSchemaMappingWorkbenchAsync.cs","01_Backend_Core","Backend Core: API, Application, Analytics, Domain, Infrastructure, Workers","C# Source",".cs","98","3928","3.84","2BE5A5ACAA069B8D52A191DC694C294D0F9E476C9BC76994CD5B02233EBFA36A","False","2026-06-29 16:36:00"
"Backend\PlantProcess.Api\Endpoints\Admin\Phase1WorkflowTruthEndpoints.Handlers.011.PreviewSchemaViewAsync.cs","01_Backend_Core","Backend Core: API, Application, Analytics, Domain, Infrastructure, Workers","C# Source",".cs","106","3650","3.56","02EF006950D0844A4DBED584919980681C7EF8BE6893B11132BD8B9BB0292ECB","False","2026-06-07 14:43:24"
"Backend\PlantProcess.Api\Endpoints\Admin\Phase1WorkflowTruthEndpoints.Handlers.012.GetImportJobConfigurationBoardAsync.cs","01_Backend_Core","Backend Core: API, Application, Analytics, Domain, Infrastructure, Workers","C# Source",".cs","86","3140","3.07","D30B266DF6821687C96F02552DF54697060808F80584B25BCD9418A96077CC3F","False","2026-06-07 14:43:24"
"Backend\PlantProcess.Api\Endpoints\Admin\Phase1WorkflowTruthEndpoints.Handlers.013.CreateImportJobFromMappingAsync.cs","01_Backend_Core","Backend Core: API, Application, Analytics, Domain, Infrastructure, Workers","C# Source",".cs","105","4270","4.17","2F2477601E2BBAF330BD4908E4E775BC008928E335D75C7ED998AD8312390C88","False","2026-06-07 14:43:24"
"Backend\PlantProcess.Api\Endpoints\Admin\Phase1WorkflowTruthEndpoints.Handlers.014.BuildSourceScheduleRowAsync.cs","01_Backend_Core","Backend Core: API, Application, Analytics, Domain, Infrastructure, Workers","C# Source",".cs","63","2701","2.64","5AF94F2E97CF16F8D8B8CE44AAD4B5038FF1E257A0924DB99E0032BB08D6C7F0","False","2026-06-07 14:43:24"
"Backend\PlantProcess.Api\Endpoints\Admin\Phase1WorkflowTruthEndpoints.Helpers.015.BuildProviderTruthRows.cs","01_Backend_Core","Backend Core: API, Application, Analytics, Domain, Infrastructure, Workers","C# Source",".cs","164","7942","7.76","6EC10E5F26F68FB140C2F5A546F5EE5D0E37D4574B5400CC2FBE59F500B12169","False","2026-06-12 23:50:53"
"Backend\PlantProcess.Api\Endpoints\Admin\Phase1WorkflowTruthEndpoints.Helpers.016.BuildCertification.cs","01_Backend_Core","Backend Core: API, Application, Analytics, Domain, Infrastructure, Workers","C# Source",".cs","40","1654","1.62","73DF208B8E85683CA79C5E0BE977F87BA05251AFB7A5FA94ECA50F6A9D0284C9","False","2026-06-07 14:43:24"
"Backend\PlantProcess.Api\Endpoints\Admin\Phase1WorkflowTruthEndpoints.Helpers.017.BuildCanonicalTargets.cs","01_Backend_Core","Backend Core: API, Application, Analytics, Domain, Infrastructure, Workers","C# Source",".cs","47","3204","3.13","0D925C17359A60E260D2111F818C54DD0F96F7F329BAF7F4830D8801F6596470","False","2026-06-07 14:43:24"
"Backend\PlantProcess.Api\Endpoints\Admin\Phase1WorkflowTruthEndpoints.Helpers.018.ValidateSafePreviewSql.cs","01_Backend_Core","Backend Core: API, Application, Analytics, Domain, Infrastructure, Workers","C# Source",".cs","73","2374","2.32","4EAC65965A54B43DC67F4C9D660F8FAF641372BEF5EEC692366235D38655DDF4","False","2026-06-07 14:43:24"
"Backend\PlantProcess.Api\Endpoints\Admin\Phase1WorkflowTruthEndpoints.Helpers.019.WrapSelectWithLimit.cs","01_Backend_Core","Backend Core: API, Application, Analytics, Domain, Infrastructure, Workers","C# Source",".cs","23","800","0.78","C0ACE44CAEE168FB3E9AECF6508AE00B277A785A7D3EBC8972028B77084C0440","False","2026-06-07 14:43:24"
"Backend\PlantProcess.Api\Endpoints\Admin\Phase1WorkflowTruthEndpoints.Helpers.020.SameProvider.cs","01_Backend_Core","Backend Core: API, Application, Analytics, Domain, Infrastructure, Workers","C# Source",".cs","22","725","0.71","64002405E172E44927090B23C03A64C3966A14FABDC766B349E1D0C244DDED3D","False","2026-06-07 14:43:24"
"Backend\PlantProcess.Api\Endpoints\Admin\Phase1WorkflowTruthEndpoints.Helpers.021.NormalizeProvider.cs","01_Backend_Core","Backend Core: API, Application, Analytics, Domain, Infrastructure, Workers","C# Source",".cs","53","1543","1.51","DFC0DC7B0E1BC5604EFD31DE3205ED6145F5A508786914ED7D84CB6794601CBD","False","2026-06-07 14:43:24"
"Backend\PlantProcess.Api\Endpoints\Admin\Phase1WorkflowTruthEndpoints.Helpers.022.NormalizeCode.cs","01_Backend_Core","Backend Core: API, Application, Analytics, Domain, Infrastructure, Workers","C# Source",".cs","22","731","0.71","E95B260854149D0E3A2008289DDF5D8D69DEA0024AC8C32C3017339C5BFCC6AB","False","2026-06-07 14:43:24"
"Backend\PlantProcess.Api\Endpoints\Admin\Phase1WorkflowTruthEndpoints.TopLevelContracts.001.cs","01_Backend_Core","Backend Core: API, Application, Analytics, Domain, Infrastructure, Workers","C# Source",".cs","252","7478","7.3","3CBE41EE7226BABEEA54321103E0AFC8578A14FA50F800717AA12A7977E2A2BA","False","2026-06-07 14:46:22"
"Backend\PlantProcess.Api\Endpoints\Admin\Phase1WorkflowTruthEndpoints.TopLevelContracts.002.cs","01_Backend_Core","Backend Core: API, Application, Analytics, Domain, Infrastructure, Workers","C# Source",".cs","43","1298","1.27","18318D51EDB5572CA7B1D5717F21882060B8A6CECF66DB2C7EED6CBFCCF00A52","False","2026-06-07 14:46:22"
"Backend\PlantProcess.Api\Endpoints\Admin\Phase2OperationEndpoints.cs","01_Backend_Core","Backend Core: API, Application, Analytics, Domain, Infrastructure, Workers","C# Source",".cs","887","31035","30.31","9F05914DA5638CD0461744294BB660CB3C7DD8A330B99727A197B0C3343FA185","False","2026-06-03 06:54:00"
"Backend\PlantProcess.Api\Endpoints\Admin\Phase2PilotReadinessEndpoints.cs","01_Backend_Core","Backend Core: API, Application, Analytics, Domain, Infrastructure, Workers","C# Source",".cs","401","14744","14.4","3888A090B5F18870A7BDE010505041FF068BAD158BC293E0EA93BA1663125A3B","False","2026-07-10 09:32:47"
"Backend\PlantProcess.Api\Endpoints\Admin\SchemaConfigurationEndpoints.cs","01_Backend_Core","Backend Core: API, Application, Analytics, Domain, Infrastructure, Workers","C# Source",".cs","431","16584","16.2","0EE3FAF4A58F79A6910D0EA4F1510C1EEF3EC61ACF7205D64986CB62189EF6D1","False","2026-07-03 14:42:53"
"Backend\PlantProcess.Api\Endpoints\Admin\TwoStageImportEndpoints.cs","01_Backend_Core","Backend Core: API, Application, Analytics, Domain, Infrastructure, Workers","C# Source",".cs","622","24082","23.52","3792228F3A8B742ED22145D3F361A6A96B789810A587C6743655886FBFF63AEC","False","2026-07-05 15:21:33"
"Backend\PlantProcess.Api\Endpoints\Analytics\AdvancedResultsEndpoints.cs","01_Backend_Core","Backend Core: API, Application, Analytics, Domain, Infrastructure, Workers","C# Source",".cs","144","7963","7.78","09425508C2C22172F0B0AB5D5A53BAD74E6CF03578FCA9546F002FDC48C31370","False","2026-07-05 15:21:33"
"Backend\PlantProcess.Api\Endpoints\Analytics\AnalysisJobDefinitionEndpoints.cs","01_Backend_Core","Backend Core: API, Application, Analytics, Domain, Infrastructure, Workers","C# Source",".cs","839","33598","32.81","81793024FBE00608E81CDC93B250C90D814BFECE49440B8CA7237263A2E4BC38","False","2026-07-08 16:27:55"
"Backend\PlantProcess.Api\Endpoints\Analytics\CorrelationEndpoints.cs","01_Backend_Core","Backend Core: API, Application, Analytics, Domain, Infrastructure, Workers","C# Source",".cs","751","29199","28.51","A8814181FFC186FC66B3FA30559EE4575C7E6969F2155C6B9B8F199B0FCD2576","False","2026-06-08 12:24:00"
"Backend\PlantProcess.Api\Endpoints\Analytics\FeatureEngineeringEndpoints.cs","01_Backend_Core","Backend Core: API, Application, Analytics, Domain, Infrastructure, Workers","C# Source",".cs","30","1070","1.04","7DD2AFDBE094045F2465B3A9773C1A923ACB09D4D60B67F10B50F2AE785DA4F8","False","2026-06-08 12:24:00"
"Backend\PlantProcess.Api\Endpoints\Analytics\KpiEvaluationEndpoints.cs","01_Backend_Core","Backend Core: API, Application, Analytics, Domain, Infrastructure, Workers","C# Source",".cs","141","7341","7.17","C241571A2F2E7CF301969F788A27077346B330CB4E9F2D677B101CD2CBD519C6","False","2026-06-03 06:54:00"
"Backend\PlantProcess.Api\Endpoints\Analytics\MlFoundationEndpoints.cs","01_Backend_Core","Backend Core: API, Application, Analytics, Domain, Infrastructure, Workers","C# Source",".cs","359","12560","12.27","6622CAF19DB07420F7C3C700EF856DDF635B7672056654BC57D7AEB3D52DC03B","False","2026-06-02 00:37:56"
"Backend\PlantProcess.Api\Endpoints\Analytics\MlLearningEndpoints.cs","01_Backend_Core","Backend Core: API, Application, Analytics, Domain, Infrastructure, Workers","C# Source",".cs","306","9467","9.25","183B8350FBFDD15869F5A07B9BE541DC852BD4D0EB175C71CF4EBDD938B1232E","False","2026-06-03 06:54:00"
"Backend\PlantProcess.Api\Endpoints\Analytics\MlProviderEndpoints.cs","01_Backend_Core","Backend Core: API, Application, Analytics, Domain, Infrastructure, Workers","C# Source",".cs","62","2318","2.26","B249DBBED7CFC040DC7E78F6CF95DB8341F659BA5813BFCCB593F39BAFF27C89","False","2026-05-31 11:39:01"
"Backend\PlantProcess.Api\Endpoints\Analytics\MlReadinessEndpoints.cs","01_Backend_Core","Backend Core: API, Application, Analytics, Domain, Infrastructure, Workers","C# Source",".cs","87","3514","3.43","79E439BD5483E1DB9293B749CA2FD60FF4C4DAE7D9B009752363F7B0029BF368","False","2026-06-08 12:24:00"
"Backend\PlantProcess.Api\Endpoints\Analytics\Phase2InvestigationEndpoints.cs","01_Backend_Core","Backend Core: API, Application, Analytics, Domain, Infrastructure, Workers","C# Source",".cs","603","21027","20.53","DF957657A927AFE40103EDACFCC4BE704909FDA9DD2234CFC4DB3556F303E45C","False","2026-06-12 23:49:47"
"Backend\PlantProcess.Api\Endpoints\Analytics\ProvenanceGuardedAdvancedResultsEndpoints.cs","01_Backend_Core","Backend Core: API, Application, Analytics, Domain, Infrastructure, Workers","C# Source",".cs","78","3413","3.33","FBBB53F118BB919DE0B10F0561E2C39489E061D21E4308FC7FFC9C3E59D8D4FC","False","2026-06-02 17:44:09"
"Backend\PlantProcess.Api\Endpoints\Analytics\ReadModelEndpoints.cs","01_Backend_Core","Backend Core: API, Application, Analytics, Domain, Infrastructure, Workers","C# Source",".cs","77","4310","4.21","E87DA217557CB90FE9B7FD355D7345DCBBB4CF69313320F0AFAFA2CD136549AF","False","2026-06-02 12:31:39"
"Backend\PlantProcess.Api\Endpoints\Analytics\RiskCalibrationEndpoints.cs","01_Backend_Core","Backend Core: API, Application, Analytics, Domain, Infrastructure, Workers","C# Source",".cs","22","884","0.86","4F9E0B2678D631483C667219DCD9F4C54BAA92359057D87E0225378C028C4765","False","2026-06-02 17:44:11"
"Backend\PlantProcess.Api\Endpoints\Analytics\RiskEvidenceEndpoints.cs","01_Backend_Core","Backend Core: API, Application, Analytics, Domain, Infrastructure, Workers","C# Source",".cs","59","2448","2.39","04D4C2FC7257AECE4CCEF0D3C685FA6FBB2C5F127721427A8B9180C8939F2FEE","False","2026-06-02 17:44:11"
"Backend\PlantProcess.Api\Endpoints\Analytics\RiskScoreEndpoints.cs","01_Backend_Core","Backend Core: API, Application, Analytics, Domain, Infrastructure, Workers","C# Source",".cs","250","9404","9.18","2E5FFC098B533C1CD8F1115B70AF8C994A03066AA11E7123C6951F227182AC18","False","2026-06-08 12:24:00"
"Backend\PlantProcess.Api\Endpoints\Analytics\SimpleAnalysisEndpoints.cs","01_Backend_Core","Backend Core: API, Application, Analytics, Domain, Infrastructure, Workers","C# Source",".cs","115","6076","5.93","8B03AEFBEE473E35CCFE8EE61DCA40152B72C71EDC480F0FA38802609206945E","False","2026-06-02 12:31:40"
"Backend\PlantProcess.Api\Endpoints\Analytics\SuggestionEndpoints.cs","01_Backend_Core","Backend Core: API, Application, Analytics, Domain, Infrastructure, Workers","C# Source",".cs","66","2998","2.93","E2F4B70063402D8D962EB5E8303F6C18C64CACC34580576A015BA6AF6908825E","False","2026-06-08 12:30:10"
"Backend\PlantProcess.Api\Endpoints\Analytics\ValueEndpoints.cs","01_Backend_Core","Backend Core: API, Application, Analytics, Domain, Infrastructure, Workers","C# Source",".cs","85","4488","4.38","7B6F945C0275D90EAE6A8AAC29C03E74C64ECDF21E1731A7E7AF900E3DD47F2C","False","2026-06-08 12:30:10"
"Backend\PlantProcess.Api\Endpoints\Analytics\ValueRealizationEndpoints.cs","01_Backend_Core","Backend Core: API, Application, Analytics, Domain, Infrastructure, Workers","C# Source",".cs","113","3964","3.87","66E8351166C623AE677E067F909B840171DB7D71D09B146DA21DBEB72653CEED","False","2026-06-08 12:30:10"
"Backend\PlantProcess.Api\Endpoints\Assistant\AssistantEndpoints.cs","01_Backend_Core","Backend Core: API, Application, Analytics, Domain, Infrastructure, Workers","C# Source",".cs","55","2463","2.41","7626CD6264C47F6DB4819436728AA20D49CBC47F3EDA23E225F1A6481DCBF8C0","False","2026-06-11 09:39:00"
"Backend\PlantProcess.Api\Endpoints\Assistant\Phase8AssistantRuntimeEndpoints.cs","01_Backend_Core","Backend Core: API, Application, Analytics, Domain, Infrastructure, Workers","C# Source",".cs","127","4801","4.69","0CA3007F117E9AF6F92CA97E329617DCEB1CD819ADF7D038CB451F5BC5FEBC9F","False","2026-06-09 13:59:49"
"Backend\PlantProcess.Api\Endpoints\Assistant\Phase8SuggestionOutcomeLoopEndpoints.cs","01_Backend_Core","Backend Core: API, Application, Analytics, Domain, Infrastructure, Workers","C# Source",".cs","58","1943","1.9","892D6A4753E4F88CBB09FA032DE83A0D232346B994EEC258E06F01E344C43A04","False","2026-06-09 14:28:14"
"Backend\PlantProcess.Api\Endpoints\Configuration\ConfigurationEndpoints.cs","01_Backend_Core","Backend Core: API, Application, Analytics, Domain, Infrastructure, Workers","C# Source",".cs","571","22906","22.37","52041CAB65319E5E7D6EAB69C45BA281F94E2CCB7D88428D46EDFC504D05DEF2","False","2026-06-03 06:54:00"
"Backend\PlantProcess.Api\Endpoints\Dashboarding\DashboardEndpoints.cs","01_Backend_Core","Backend Core: API, Application, Analytics, Domain, Infrastructure, Workers","C# Source",".cs","719","28704","28.03","151406E0B86166B19FB9FC5CF4B4C188BCEAC5368291EFA645A1E0862F62926E","False","2026-06-08 12:24:00"
"Backend\PlantProcess.Api\Endpoints\DataQuality\DataQualityEndpoints.cs","01_Backend_Core","Backend Core: API, Application, Analytics, Domain, Infrastructure, Workers","C# Source",".cs","163","5817","5.68","D90474E0D6C1E4F56B98DEBB396C82A762243D9E40586097030D1BD6909B1BEF","False","2026-06-03 06:54:00"
"Backend\PlantProcess.Api\Endpoints\DataQuality\DataQualityScanEndpoints.cs","01_Backend_Core","Backend Core: API, Application, Analytics, Domain, Infrastructure, Workers","C# Source",".cs","195","7441","7.27","816AFC1C5B2000804D95A2BBDA67B0042C76B00A1F3D44FE689E35A86B673455","False","2026-06-08 12:24:00"
"Backend\PlantProcess.Api\Endpoints\Demo\DemoLifecycleEndpoints.cs","01_Backend_Core","Backend Core: API, Application, Analytics, Domain, Infrastructure, Workers","C# Source",".cs","414","15337","14.98","7C5769C716C2A67C003EF4CC5DDEFC7A175A74DB9570214989D5F9AB5C412214","False","2026-06-08 12:24:00"
"Backend\PlantProcess.Api\Endpoints\Demo\DemoReadinessEndpoints.cs","01_Backend_Core","Backend Core: API, Application, Analytics, Domain, Infrastructure, Workers","C# Source",".cs","65","2610","2.55","476E153EBDF9960DA87BCDFEBEB4BBB0D21F7314212079262CAE2AA09F70450F","False","2026-06-15 10:44:12"
"Backend\PlantProcess.Api\Endpoints\Development\DevSeedEndpoints.cs","01_Backend_Core","Backend Core: API, Application, Analytics, Domain, Infrastructure, Workers","C# Source",".cs","109","4566","4.46","CA30A71545F89C12ECF0A6154D74F999DD7D1EB0BFDC9811BBBF715D399E4BB9","False","2026-06-07 13:44:19"
"Backend\PlantProcess.Api\Endpoints\Diagnostics\DiagnosticsEndpoints.cs","01_Backend_Core","Backend Core: API, Application, Analytics, Domain, Infrastructure, Workers","C# Source",".cs","91","3892","3.8","185510E962519877105DE4BFEEA290A400E51DC4A6AC8BB7ED1B33C8289881CF","False","2026-05-22 22:12:56"
"Backend\PlantProcess.Api\Endpoints\DynamicContent\DynamicContentEndpoints.cs","01_Backend_Core","Backend Core: API, Application, Analytics, Domain, Infrastructure, Workers","C# Source",".cs","147","5451","5.32","EA72B62D96BAAFE0848B7D719FF7BBC7319566C120DD7DD6B4EAD151D2347459","False","2026-05-30 10:44:13"
"Backend\PlantProcess.Api\Endpoints\Health\HealthEndpoints.cs","01_Backend_Core","Backend Core: API, Application, Analytics, Domain, Infrastructure, Workers","C# Source",".cs","242","8921","8.71","DC46B13EDC8F443D4030E6BD4C358C192C110643E6470C56AE2EF6D800118960","False","2026-06-26 09:06:52"
"Backend\PlantProcess.Api\Endpoints\Integration\ImportWorkflowEndpoints.cs","01_Backend_Core","Backend Core: API, Application, Analytics, Domain, Infrastructure, Workers","C# Source",".cs","96","3929","3.84","DC49B5B97B6DBD3D980780085D15F940B0F7DB785D90E4139E8F77D470E14882","False","2026-06-08 12:24:00"
"Backend\PlantProcess.Api\Endpoints\Integration\IntegrationEndpoints.cs","01_Backend_Core","Backend Core: API, Application, Analytics, Domain, Infrastructure, Workers","C# Source",".cs","694","27228","26.59","C6D7BBFD5F529A2BCB4BAF8F967C1F0E8755773FF90EF56203A9BBD6A8BB7FA2","False","2026-06-08 12:24:00"
"Backend\PlantProcess.Api\Endpoints\Licensing\Phase10LicenseEndpoints.cs","01_Backend_Core","Backend Core: API, Application, Analytics, Domain, Infrastructure, Workers","C# Source",".cs","86","3172","3.1","D0EF6148D6CCE44F6D7BFAB1E06E2AE5E147DAA59F803238C38BF5B1755DA022","False","2026-06-09 15:09:29"
"Backend\PlantProcess.Api\Endpoints\MappingHealth\Phase34MappingHealthEndpoints.cs","01_Backend_Core","Backend Core: API, Application, Analytics, Domain, Infrastructure, Workers","C# Source",".cs","57","3551","3.47","88DA54B9AF69259333F7EDA9752E11DD57684D55BA63658600398B2128FB5DA1","False","2026-06-06 09:31:44"
"Backend\PlantProcess.Api\Endpoints\Materials\MaterialEndpoints.cs","01_Backend_Core","Backend Core: API, Application, Analytics, Domain, Infrastructure, Workers","C# Source",".cs","295","10413","10.17","ECA8CB20BD26D7DCDCF6AA136C9EB3AEB572BBA6CA7220450EF19900E555F9D5","False","2026-06-03 06:54:00"
"Backend\PlantProcess.Api\Endpoints\Materials\MaterialInvestigationEndpoints.cs","01_Backend_Core","Backend Core: API, Application, Analytics, Domain, Infrastructure, Workers","C# Source",".cs","389","14085","13.75","C63B1E71260B2EFC12175830FFF0C69F6923A84894517F3FF125D97E91A9F041","False","2026-06-03 06:54:00"
"Backend\PlantProcess.Api\Endpoints\PageBuilder\PageDefinitionEndpoints.cs","01_Backend_Core","Backend Core: API, Application, Analytics, Domain, Infrastructure, Workers","C# Source",".cs","461","17204","16.8","149FD37D385210AB6C31F84AAEAB64DA82A7A689AD20DD3E8C1AFDC99B4C8F84","False","2026-06-15 10:44:12"
"Backend\PlantProcess.Api\Endpoints\Phase2\Phase2LifecycleProofEndpoints.cs","01_Backend_Core","Backend Core: API, Application, Analytics, Domain, Infrastructure, Workers","C# Source",".cs","482","23098","22.56","7790557A902DA74C4673AE6E6C7ED746873B929E5C8BAA687803ECD945BB2628","False","2026-05-31 15:44:23"
"Backend\PlantProcess.Api\Endpoints\Phase45\Phase45ClosureEndpoints.cs","01_Backend_Core","Backend Core: API, Application, Analytics, Domain, Infrastructure, Workers","C# Source",".cs","602","35097","34.27","63944A4AE2DB5DD42E06F95323F6FF9C4ED2C049CCED8CC6313AAC0CB52AD5DA","False","2026-05-31 15:48:53"
"Backend\PlantProcess.Api\Endpoints\PlantLayout\PlantLayoutEndpoints.cs","01_Backend_Core","Backend Core: API, Application, Analytics, Domain, Infrastructure, Workers","C# Source",".cs","255","9940","9.71","098C8DD59BEE74B2D212906E32289E3AC3E8877AB186C7A01331B94A408A254F","False","2026-06-08 12:24:01"
"Backend\PlantProcess.Api\Endpoints\Process\ProcessEndpoints.cs","01_Backend_Core","Backend Core: API, Application, Analytics, Domain, Infrastructure, Workers","C# Source",".cs","763","29455","28.76","F0C9AA4D8A8FCDDF5B7EDF893CD00765168CB8DB9C09F0401BAC9A93699315F6","False","2026-06-03 06:54:00"
"Backend\PlantProcess.Api\Endpoints\Quality\QualityEndpoints.cs","01_Backend_Core","Backend Core: API, Application, Analytics, Domain, Infrastructure, Workers","C# Source",".cs","258","8862","8.65","02BED43EA4D8F9F9B9BB68A6C3EB2A086BE07B4F69FC795DCAC69769E023B058","False","2026-06-08 12:24:01"
"Backend\PlantProcess.Api\Endpoints\Reporting\CustomerDemoReportEndpoints.cs","01_Backend_Core","Backend Core: API, Application, Analytics, Domain, Infrastructure, Workers","C# Source",".cs","262","11495","11.23","EB02C9CF00E85DBDB0AB246D78BF193B34DBFC6315A8D8D1EA742BA211754F1D","False","2026-06-15 10:44:12"
"Backend\PlantProcess.Api\Endpoints\Reporting\ReportingEndpoints.cs","01_Backend_Core","Backend Core: API, Application, Analytics, Domain, Infrastructure, Workers","C# Source",".cs","171","6517","6.36","B814E486C8958B432341FB69887E98028F96A23AC0E05D6F8B283019B9AC0C1C","False","2026-06-08 12:24:01"
"Backend\PlantProcess.Api\Endpoints\Security\Phase9RoleAccessEndpoints.cs","01_Backend_Core","Backend Core: API, Application, Analytics, Domain, Infrastructure, Workers","C# Source",".cs","131","5193","5.07","E001DFA2E3EE86D5A9EB6449BCE6FB380270A62B9E7415CAFA56B7BD105D19B5","False","2026-06-09 14:39:35"
"Backend\PlantProcess.Api\Endpoints\Validation\ValidationEndpoints.cs","01_Backend_Core","Backend Core: API, Application, Analytics, Domain, Infrastructure, Workers","Validation Script",".cs","274","9960","9.73","F835957038D0568D644948D14F3697DEDD5CAE255B6DA4FB86B12959B309FCE3","False","2026-05-18 23:19:14"
"Backend\PlantProcess.Api\Endpoints\Workflow\WorkflowEndpoints.Contracts.001.cs","01_Backend_Core","Backend Core: API, Application, Analytics, Domain, Infrastructure, Workers","C# Source",".cs","220","7473","7.3","9EA95158D0159EAE1F363FB8CD9A8F4B171799B4E28DCFE81C5CFFDA51179AC8","False","2026-06-07 14:43:24"
"Backend\PlantProcess.Api\Endpoints\Workflow\WorkflowEndpoints.cs","01_Backend_Core","Backend Core: API, Application, Analytics, Domain, Infrastructure, Workers","C# Source",".cs","64","2927","2.86","198354987AD9FC6DE7B52DDF7AB6140B24CA983AEEBAEBF155DD5301B76C7E88","False","2026-06-07 14:43:24"
"Backend\PlantProcess.Api\Endpoints\Workflow\WorkflowEndpoints.Handlers.002.GetWorkflowOverview.cs","01_Backend_Core","Backend Core: API, Application, Analytics, Domain, Infrastructure, Workers","C# Source",".cs","54","2599","2.54","DEB009D234C83FD4578B6AB04FBDD3161D814ABE83C0913E166F4B154C96C307","False","2026-06-07 14:43:24"
"Backend\PlantProcess.Api\Endpoints\Workflow\WorkflowEndpoints.Handlers.003.GetWorkflowStatusAsync.cs","01_Backend_Core","Backend Core: API, Application, Analytics, Domain, Infrastructure, Workers","C# Source",".cs","61","3101","3.03","EAC99B77E7C6F0186FF05966D8E9DE126D45C53D7D525541E17D036A41E53C3E","False","2026-06-07 14:43:24"
"Backend\PlantProcess.Api\Endpoints\Workflow\WorkflowEndpoints.Handlers.004.RegisterSourceSystemAsync.cs","01_Backend_Core","Backend Core: API, Application, Analytics, Domain, Infrastructure, Workers","C# Source",".cs","61","2651","2.59","32EA345B84DA2725EC597E3B37DD194E8CAB30BD6151DAD35F27A497C4647E42","False","2026-06-08 12:24:01"
"Backend\PlantProcess.Api\Endpoints\Workflow\WorkflowEndpoints.Handlers.005.CreateImportBatchAsync.cs","01_Backend_Core","Backend Core: API, Application, Analytics, Domain, Infrastructure, Workers","C# Source",".cs","61","2634","2.57","3668C8784C6E5C4137C2DB5779FF0F030DD49C64D349B04320EB11000359D672","False","2026-06-08 12:24:01"
"Backend\PlantProcess.Api\Endpoints\Workflow\WorkflowEndpoints.Handlers.006.CreateMappingDefinitionAsync.cs","01_Backend_Core","Backend Core: API, Application, Analytics, Domain, Infrastructure, Workers","C# Source",".cs","65","2881","2.81","EB86017E32B6BE4B5CA1A3054C5A678068327C8F6261081DA9E0E5E73011F881","False","2026-06-08 12:24:01"
"Backend\PlantProcess.Api\Endpoints\Workflow\WorkflowEndpoints.Handlers.007.CreateMaterialAsync.cs","01_Backend_Core","Backend Core: API, Application, Analytics, Domain, Infrastructure, Workers","C# Source",".cs","66","2868","2.8","00C686175DFAE2FDCB9CE44D5A8E821900E093F74928DB6D445C04EFA154FCE7","False","2026-06-08 12:24:01"
"Backend\PlantProcess.Api\Endpoints\Workflow\WorkflowEndpoints.Handlers.008.AddMaterialAliasAsync.cs","01_Backend_Core","Backend Core: API, Application, Analytics, Domain, Infrastructure, Workers","C# Source",".cs","61","2570","2.51","65074BC863B4240465EBC8E4DCED582DF30E789905FC662439F6C91615BF9F2C","False","2026-06-08 12:24:01"
"Backend\PlantProcess.Api\Endpoints\Workflow\WorkflowEndpoints.Handlers.009.CreateGenealogyEdgeAsync.cs","01_Backend_Core","Backend Core: API, Application, Analytics, Domain, Infrastructure, Workers","C# Source",".cs","64","2819","2.75","6EA026F729C719256B59976CD82AA0DE040BDB0342D3033A21683E1B8BF79EA2","False","2026-06-08 12:24:01"
"Backend\PlantProcess.Api\Endpoints\Workflow\WorkflowEndpoints.Handlers.010.AddProcessStepAsync.cs","01_Backend_Core","Backend Core: API, Application, Analytics, Domain, Infrastructure, Workers","C# Source",".cs","69","3036","2.96","8EAA344DC8C452A2B35FF78624038F653C406616B46113A2728D78253A4B0782","False","2026-06-08 12:24:01"
"Backend\PlantProcess.Api\Endpoints\Workflow\WorkflowEndpoints.Handlers.011.AddParameterDefinitionAsync.cs","01_Backend_Core","Backend Core: API, Application, Analytics, Domain, Infrastructure, Workers","C# Source",".cs","66","2912","2.84","906AAEDC53A84546194F627EEFF9DC4F3B66D05D423F3A8498F3CC58F9134D7E","False","2026-06-08 12:24:01"
"Backend\PlantProcess.Api\Endpoints\Workflow\WorkflowEndpoints.Handlers.012.AddParameterObservationAsync.cs","01_Backend_Core","Backend Core: API, Application, Analytics, Domain, Infrastructure, Workers","C# Source",".cs","73","3274","3.2","7F41FD110E6C5DF30B177AEC0745ACB5D36EF6194B6012D031601174A9119FA4","False","2026-06-08 12:24:01"
"Backend\PlantProcess.Api\Endpoints\Workflow\WorkflowEndpoints.Handlers.013.AddProcessEventAsync.cs","01_Backend_Core","Backend Core: API, Application, Analytics, Domain, Infrastructure, Workers","C# Source",".cs","66","2880","2.81","C468A071C95F699C52E25645433A70670AB935C7B80993042A25DD94B4A5CE96","False","2026-06-08 12:24:01"
"Backend\PlantProcess.Api\Endpoints\Workflow\WorkflowEndpoints.Handlers.014.AddDowntimeEventAsync.cs","01_Backend_Core","Backend Core: API, Application, Analytics, Domain, Infrastructure, Workers","C# Source",".cs","69","3022","2.95","305281B15FB30E1AC717C99D16E0B9F3D01B6A1C27841517A05A5A12B82B2863","False","2026-06-08 12:24:01"
"Backend\PlantProcess.Api\Endpoints\Workflow\WorkflowEndpoints.Handlers.015.AddDefectCatalogAsync.cs","01_Backend_Core","Backend Core: API, Application, Analytics, Domain, Infrastructure, Workers","C# Source",".cs","60","2553","2.49","2B4FFB4285334B6EB4EF306F6F9254EB1F6AA88FAC35FC0F3773C09FC7D3D367","False","2026-06-08 12:24:01"
"Backend\PlantProcess.Api\Endpoints\Workflow\WorkflowEndpoints.Handlers.016.AddQualityEventAsync.cs","01_Backend_Core","Backend Core: API, Application, Analytics, Domain, Infrastructure, Workers","C# Source",".cs","67","2878","2.81","3299D2EFDA0A98888AC509B10696984E30C9C835081AF96B1FEF8DC588E057C2","False","2026-06-08 12:24:01"
"Backend\PlantProcess.Api\Endpoints\Workflow\WorkflowEndpoints.Handlers.017.RaiseDataQualityIssueAsync.cs","01_Backend_Core","Backend Core: API, Application, Analytics, Domain, Infrastructure, Workers","C# Source",".cs","63","2749","2.68","FE22A10D9F17CB3582C4AFD1BC0C86871757CF010637CE4035722920958697CF","False","2026-06-08 12:24:01"
"Backend\PlantProcess.Api\Endpoints\Workflow\WorkflowEndpoints.Handlers.018.StoreRiskScoreAsync.cs","01_Backend_Core","Backend Core: API, Application, Analytics, Domain, Infrastructure, Workers","C# Source",".cs","64","2752","2.69","452025B3DA2EC903C0D5256920E7DA0C2603B162291FC3600763A2DAFB754951","False","2026-06-08 12:24:01"
"Backend\PlantProcess.Api\Endpoints\Workflow\WorkflowEndpoints.Handlers.019.InvestigateMaterialAsync.cs","01_Backend_Core","Backend Core: API, Application, Analytics, Domain, Infrastructure, Workers","C# Source",".cs","177","7852","7.67","AA69F435E432E01203F1EA3FA098BB1C18B881D2D2595D87ED7DAA0862CA6706","False","2026-06-07 14:43:24"
"Backend\PlantProcess.Api\Endpoints\Workflow\WorkflowEndpoints.Helpers.020.ToMetadata.cs","01_Backend_Core","Backend Core: API, Application, Analytics, Domain, Infrastructure, Workers","C# Source",".cs","48","2053","2","F1DAACCB06ABC0E6F6F8FC159D671956F0A16375D0CB5B86ACDAE88D30159AEB","False","2026-06-07 14:43:24"
"Backend\PlantProcess.Api\EnterpriseIdentity\V5EnterpriseIdentityEndpoints.cs","01_Backend_Core","Backend Core: API, Application, Analytics, Domain, Infrastructure, Workers","C# Source",".cs","952","36613","35.75","8EC53AF9A5F6ED8188861C2A88253F6CCC98E237A6BADE2C0433EB033D0F521C","False","2026-06-07 13:48:03"
"Backend\PlantProcess.Api\EnterpriseSsoScim\V5EnterpriseSsoScimEndpoints.cs","01_Backend_Core","Backend Core: API, Application, Analytics, Domain, Infrastructure, Workers","C# Source",".cs","852","32487","31.73","725689C3F24EB65A181D7C5539F96C170496DF859CA94CECFE3C376AD25C95E9","False","2026-06-07 13:51:39"
"Backend\PlantProcess.Api\EnterpriseSsoScim\V5IdentityRuntimeCertificationEndpoints.cs","01_Backend_Core","Backend Core: API, Application, Analytics, Domain, Infrastructure, Workers","C# Source",".cs","874","32288","31.53","9420560B901FB76C98F900258CE4C1C984A7EED2E92D2A73745F94302270009C","False","2026-06-07 13:48:03"
"Backend\PlantProcess.Api\ErrorHandling\ApplicationProblems.cs","01_Backend_Core","Backend Core: API, Application, Analytics, Domain, Infrastructure, Workers","C# Source",".cs","28","1686","1.65","7C1F6EB5E706A10942558C32A009DF4E49873492EA64825359BBB0686CACDAF7","False","2026-06-02 23:28:29"
"Backend\PlantProcess.Api\ErrorHandling\GlobalExceptionHandler.cs","01_Backend_Core","Backend Core: API, Application, Analytics, Domain, Infrastructure, Workers","C# Source",".cs","80","3254","3.18","9EBD6BEA4F0D8FD7BE89534D1D87BD5200879F8647B5409B913FAC6EDBF155DD","False","2026-06-02 23:28:29"
"Backend\PlantProcess.Api\Extensions\ApplicationResultHttpExtensions.cs","01_Backend_Core","Backend Core: API, Application, Analytics, Domain, Infrastructure, Workers","C# Source",".cs","61","2182","2.13","D1E051BF1970D81B3EB626521FA2C4D5D0E22DF8BB6B709C39889F4B4C140EC6","False","2026-05-18 23:19:14"
"Backend\PlantProcess.Api\Extensions\LicenseEndpointExtensions.cs","01_Backend_Core","Backend Core: API, Application, Analytics, Domain, Infrastructure, Workers","C# Source",".cs","22","673","0.66","C073F9A4E0810C1793B72DCF8335382009840BE574AAD723ED1F05AC87ACEA55","False","2026-05-21 14:25:03"
"Backend\PlantProcess.Api\Filter\LicenseFeatureEndpointFilter.cs","01_Backend_Core","Backend Core: API, Application, Analytics, Domain, Infrastructure, Workers","C# Source",".cs","28","875","0.85","3C656CB61EE26C0D60494E6D10AB2AC07E3FD13412E7984C493C0BD26F00F41C","False","2026-05-21 14:24:44"
"Backend\PlantProcess.Api\GlobalUsings.T08.cs","01_Backend_Core","Backend Core: API, Application, Analytics, Domain, Infrastructure, Workers","C# Source",".cs","3","269","0.26","5A98AA69CF632055D30F37598B1408922EBB12AB133AE01E56C187EB3E826EA6","False","2026-06-12 23:53:34"
"Backend\PlantProcess.Api\Hosting\ComputeRunReaperHostedService.cs","01_Backend_Core","Backend Core: API, Application, Analytics, Domain, Infrastructure, Workers","C# Source",".cs","94","3896","3.8","17398C649C2E4A0B7858737FBE685F991ECBAACB4B5C9E0A7858222B63309167","False","2026-07-05 15:46:32"
"Backend\PlantProcess.Api\Hosting\ReadModelRefreshHostedService.cs","01_Backend_Core","Backend Core: API, Application, Analytics, Domain, Infrastructure, Workers","C# Source",".cs","104","4341","4.24","E35CD4F2B40523D74268DAC042A0A0A753FDD0349D6AFB6A879F357B96BE051B","False","2026-06-04 00:19:36"
"Backend\PlantProcess.Api\Middleware\AuditLogMiddleware.cs","01_Backend_Core","Backend Core: API, Application, Analytics, Domain, Infrastructure, Workers","C# Source",".cs","230","8291","8.1","87A181FBCDF35A64FE998D76F893639F31B90FFC68EC6F363354F78E96CF1FE6","False","2026-05-22 22:12:56"
"Backend\PlantProcess.Api\Middleware\CorrelationIdMiddleware.cs","01_Backend_Core","Backend Core: API, Application, Analytics, Domain, Infrastructure, Workers","C# Source",".cs","67","3206","3.13","EEFD5A12CD4A99F15088F417F79E8581DA3552E83960A2D5D9054DA1E3142B01","False","2026-05-18 23:19:14"
"Backend\PlantProcess.Api\Middleware\RequestResponseLoggingMiddleware.cs","01_Backend_Core","Backend Core: API, Application, Analytics, Domain, Infrastructure, Workers","C# Source",".cs","125","4478","4.37","DA89DF5772A493C4BFD4BFB29E54068B275A6B5611F68FC1EB4A1C5113A02AA0","False","2026-05-18 23:19:14"
"Backend\PlantProcess.Api\Middleware\SecurityHeadersMiddleware.cs","01_Backend_Core","Backend Core: API, Application, Analytics, Domain, Infrastructure, Workers","C# Source",".cs","39","1436","1.4","5851B5868DBCB4F9C83A1A7127837CB4437AE72296CD3D1FC4A9902CE10FDB8F","False","2026-06-02 23:28:30"
"Backend\PlantProcess.Api\Observability\JobLogEndpointFilter.cs","01_Backend_Core","Backend Core: API, Application, Analytics, Domain, Infrastructure, Workers","C# Source",".cs","66","2369","2.31","4A8577EF42D8BC76B0729837C3812E266E36734E75898E9D6324105A4098D4F3","False","2026-07-05 15:47:15"
"Backend\PlantProcess.Api\Observability\JobLogService.cs","01_Backend_Core","Backend Core: API, Application, Analytics, Domain, Infrastructure, Workers","C# Source",".cs","64","2124","2.07","B1AE087BE2046978B9DA8FE2009C992183F3B2392B4B1C1C91BD48913AC56837","False","2026-07-05 15:47:15"
"Backend\PlantProcess.Api\Options\PlantProcessOptions.cs","01_Backend_Core","Backend Core: API, Application, Analytics, Domain, Infrastructure, Workers","C# Source",".cs","16","487","0.48","D9A872A36A144AF3E5B440F71560867C242DF977D82FC9922839D5B6D0835651","False","2026-05-18 23:19:14"
"Backend\PlantProcess.Api\OutboundLeadSystem\V5OutboundLeadSystemEndpoints.cs","01_Backend_Core","Backend Core: API, Application, Analytics, Domain, Infrastructure, Workers","C# Source",".cs","809","31493","30.75","9A1279EBADB3FC4E7C4AA789F676D99074EB10987E10B43863E150DD23FB5FD1","False","2026-06-24 09:44:02"
"Backend\PlantProcess.Api\PlantConnectors\P15AdvisoryRecommendationEndpoints.cs","01_Backend_Core","Backend Core: API, Application, Analytics, Domain, Infrastructure, Workers","C# Source",".cs","97","3731","3.64","04689548FEFECC2DC9F0EE4D57D524BADDE25CBBC161DF3342EB130B38CF9AFF","False","2026-06-06 16:50:24"
"Backend\PlantProcess.Api\PlantConnectors\P15AdvisoryScenarioEndpoints.cs","01_Backend_Core","Backend Core: API, Application, Analytics, Domain, Infrastructure, Workers","C# Source",".cs","77","2784","2.72","3B1F0AD508533CED3417B0A36AF2C5BC12DA43FF6E9472DC61687527524F8D90","False","2026-06-06 16:40:49"
"Backend\PlantProcess.Api\PlantConnectors\P15BenchmarkingEndpoints.cs","01_Backend_Core","Backend Core: API, Application, Analytics, Domain, Infrastructure, Workers","C# Source",".cs","74","2796","2.73","5BFB3E9749E3274A65BF618AA5BA53F327834DDAECED879CF2D8A4EE974F82BD","False","2026-06-06 17:09:34"
"Backend\PlantProcess.Api\PlantConnectors\P15HonestyCertificationEndpoints.cs","01_Backend_Core","Backend Core: API, Application, Analytics, Domain, Infrastructure, Workers","C# Source",".cs","54","1972","1.93","85BD15F994FC2507E22C6CB54D8815E8B9B4BF100A33907C7A11695A61CA599A","False","2026-06-06 17:16:54"
"Backend\PlantProcess.Api\PlantConnectors\P15RoiCfoDashboardEndpoints.cs","01_Backend_Core","Backend Core: API, Application, Analytics, Domain, Infrastructure, Workers","C# Source",".cs","60","2235","2.18","700AB5397322A14B453AA5F3078106FDAFED03FDFFFE5E0B18571088899ABECF","False","2026-06-06 17:03:47"
"Backend\PlantProcess.Api\PlantConnectors\P15ValueRealizationEndpoints.cs","01_Backend_Core","Backend Core: API, Application, Analytics, Domain, Infrastructure, Workers","C# Source",".cs","96","3799","3.71","FAC2EE54896E38D806CC03C2CCC26E1D6158CD0C60FB366815093C6DAA5E9308","False","2026-06-06 16:59:40"
"Backend\PlantProcess.Api\PlantConnectors\V5ConnectorRuntimeCertificationEndpoints.cs","01_Backend_Core","Backend Core: API, Application, Analytics, Domain, Infrastructure, Workers","C# Source",".cs","900","34185","33.38","8DC955EB5B322053E8BEFE2815D3EF4D8DE50E95249CD4F09E9EB2CF70D1DA3E","False","2026-06-07 13:48:03"
"Backend\PlantProcess.Api\PlantConnectors\V5GaHistorianConnectorEndpoints.cs","01_Backend_Core","Backend Core: API, Application, Analytics, Domain, Infrastructure, Workers","C# Source",".cs","299","11879","11.6","483388ACBA1DBE827E77ECC6FE10D55943EB5FE1BDD04273DA7C4378351A4676","False","2026-06-06 15:02:09"
"Backend\PlantProcess.Api\PlantConnectors\V5OtSafeEdgeCollectorEndpoints.cs","01_Backend_Core","Backend Core: API, Application, Analytics, Domain, Infrastructure, Workers","C# Source",".cs","391","16017","15.64","62D95DC5A4F16578DA2569115F91305746A99E89A4D4FC77CD1EA0AA1F08102D","False","2026-06-06 15:50:34"
"Backend\PlantProcess.Api\PlantConnectors\V5PlantConnectorEndpoints.cs","01_Backend_Core","Backend Core: API, Application, Analytics, Domain, Infrastructure, Workers","C# Source",".cs","636","23040","22.5","768BB7EF5FECCED4EB10E373EB6B102167C2958189012F7B358AC2269BA72B17","False","2026-06-07 13:48:03"
"Backend\PlantProcess.Api\PlantProcess.Api.csproj","01_Backend_Core","Backend Core: API, Application, Analytics, Domain, Infrastructure, Workers",".NET Project File",".csproj","35","1690","1.65","A7E28C9EA7C426B3B863CDF542C2CC0DEC6F137302A099743E63D1E36318555E","False","2026-06-03 14:56:42"
"Backend\PlantProcess.Api\PlantProcess.Api.http","01_Backend_Core","Backend Core: API, Application, Analytics, Domain, Infrastructure, Workers","Other Text File",".http","6","145","0.14","2EC354AC705FF879836BF7E1C07E848311624448807495C6F091745ACB36EB8F","False","2026-05-06 19:48:35"
"Backend\PlantProcess.Api\PlantProcess.PhaseH_I.http","01_Backend_Core","Backend Core: API, Application, Analytics, Domain, Infrastructure, Workers","Other Text File",".http","56","1303","1.27","610D6453C489B12D1A2BADDB54396B48F3D9C8506A41FD72434EE7F398492A0B","False","2026-05-11 14:36:51"
"Backend\PlantProcess.Api\Program.cs","01_Backend_Core","Backend Core: API, Application, Analytics, Domain, Infrastructure, Workers","C# Source",".cs","1237","28415","27.75","0F0DC429F092476A42DFC2C680AB2C95EFF290CE8D29A82E378D655BD5003BB0","False","2026-07-12 19:30:47"
"Backend\PlantProcess.Api\Properties\launchSettings.json","01_Backend_Core","Backend Core: API, Application, Analytics, Domain, Infrastructure, Workers","JSON Configuration",".json","38","1592","1.55","C6DAD7E9314FEB8F68915E7DA1095D41F0196B08F43A62B47E5090566F3A16F3","False","2026-06-16 21:47:42"
"Backend\PlantProcess.Api\Security\AdminMfaRequirementMiddleware.cs","01_Backend_Core","Backend Core: API, Application, Analytics, Domain, Infrastructure, Workers","C# Source",".cs","90","3450","3.37","C0F48E7DD4781B547DD03958626829A23A924D9D89B679A20F07DFFF4398E91C","False","2026-06-12 21:04:54"
"Backend\PlantProcess.Api\Security\AuthEndpoints.cs","01_Backend_Core","Backend Core: API, Application, Analytics, Domain, Infrastructure, Workers","C# Source",".cs","476","19367","18.91","5A85FFD35B1AB695BC36B753A66DE544ABB0C511444D15905FB258ABD722E211","False","2026-06-12 21:04:54"
"Backend\PlantProcess.Api\Security\AuthOptions.cs","01_Backend_Core","Backend Core: API, Application, Analytics, Domain, Infrastructure, Workers","C# Source",".cs","64","2558","2.5","1DDF9F595F059D691621E2293568AC75ABF36EADC89212174D367680AADCC810","False","2026-06-12 21:04:54"
"Backend\PlantProcess.Api\Security\AuthStore.cs","01_Backend_Core","Backend Core: API, Application, Analytics, Domain, Infrastructure, Workers","C# Source",".cs","452","14961","14.61","358B886AE2094088844B3824126E234EC85893EF4DE4E44C06F4F475785123FD","False","2026-06-03 12:28:54"
"Backend\PlantProcess.Api\Security\FirstRunProvisioningHostedService.cs","01_Backend_Core","Backend Core: API, Application, Analytics, Domain, Infrastructure, Workers","C# Source",".cs","124","4643","4.53","5FC9C219251F98E7593F584DB1B2B52A41CBF23DE9ADE9387C1CD2005D4ACE52","False","2026-06-28 16:27:33"
"Backend\PlantProcess.Api\Security\HttpTenantAccessor.cs","01_Backend_Core","Backend Core: API, Application, Analytics, Domain, Infrastructure, Workers","C# Source",".cs","15","602","0.59","A448F19DBFC511D1DAC2456530E1B71EFE5945033E857AC17F086D5C3CF1DD5B","False","2026-06-03 00:21:01"
"Backend\PlantProcess.Api\Security\P01P02SecuritySchema.cs","01_Backend_Core","Backend Core: API, Application, Analytics, Domain, Infrastructure, Workers","C# Source",".cs","198","7884","7.7","C57D33057677D6A4DE70F7022B6C344D8D576750885056BBE770A2A2C153726C","False","2026-06-01 13:55:46"
"Backend\PlantProcess.Api\Security\P01P02StartupGuard.cs","01_Backend_Core","Backend Core: API, Application, Analytics, Domain, Infrastructure, Workers","C# Source",".cs","152","5419","5.29","3A175AF1C534C5F8A917FE1E60DD98383052720DC179F9A2CD8DE05A4C79613F","False","2026-06-01 14:28:51"
"Backend\PlantProcess.Api\Security\PlantAccessControl.cs","01_Backend_Core","Backend Core: API, Application, Analytics, Domain, Infrastructure, Workers","C# Source",".cs","317","13398","13.08","C2F39EF07BE292D27E5E53EE26D3AD7D22B12AB4A2EB6C0254FBE7DE628D1202","False","2026-07-10 09:38:44"
"Backend\PlantProcess.Api\Security\TenantClaimReader.cs","01_Backend_Core","Backend Core: API, Application, Analytics, Domain, Infrastructure, Workers","C# Source",".cs","32","1220","1.19","5CF1CD6D0DFFEA16EFC6628DCE047D3278AADD39BDD0584552DC58E786777545","False","2026-06-07 13:44:18"
"Backend\PlantProcess.Api\Security\TenantContextAccessor.cs","01_Backend_Core","Backend Core: API, Application, Analytics, Domain, Infrastructure, Workers","C# Source",".cs","79","2417","2.36","F85F694B073E8F5176841DB98C48CDBF89B3CA1C21914361327A702F83CD7AC6","False","2026-06-07 14:15:57"
"Backend\PlantProcess.Api\SignedLicensing\V5Ed25519LicenseEndpoints.cs","01_Backend_Core","Backend Core: API, Application, Analytics, Domain, Infrastructure, Workers","C# Source",".cs","767","29519","28.83","54D411DE85827F035796BC1A6849E92AE512278640FED801A65C1912D1D90CB3","False","2026-06-07 13:48:04"
"Backend\PlantProcess.Api\SignedLicensing\V5LicenseResolverProofEndpoints.cs","01_Backend_Core","Backend Core: API, Application, Analytics, Domain, Infrastructure, Workers","C# Source",".cs","74","2645","2.58","40565F6AFBF3CE7F97E4DB7610A8C11127A029942AC67CF8F4A70DE587171DC3","False","2026-06-03 15:00:04"
"Backend\PlantProcess.Api\SignedLicensing\V5SignedLicensingEndpoints.cs","01_Backend_Core","Backend Core: API, Application, Analytics, Domain, Infrastructure, Workers","C# Source",".cs","696","25207","24.62","CF97868E44F9AEC475DF79226F90C46198E7FF21F12AC90BC16F9E0B93EAC106","False","2026-06-13 21:21:20"
"Backend\PlantProcess.Api\SignedLicensing\VerifiedEd25519LicenseService.cs","01_Backend_Core","Backend Core: API, Application, Analytics, Domain, Infrastructure, Workers","C# Source",".cs","467","18318","17.89","F161FA32314EB4BA58247BEFF03FF6F3F64722C589F50D06FA37E265388DC43F","False","2026-06-07 13:48:04"
"Backend\PlantProcess.Api\Swagger\SwaggerExamplesOperationFilter.cs","01_Backend_Core","Backend Core: API, Application, Analytics, Domain, Infrastructure, Workers","C# Source",".cs","237","8529","8.33","CB1BFB0753F81A12D1C960B34AC5AEBEF1A981A1123CFB15005ECF7F4137AF36","False","2026-05-19 09:32:04"
"Backend\PlantProcess.Api\TestMode\PpiqTestModeOptions.cs","01_Backend_Core","Backend Core: API, Application, Analytics, Domain, Infrastructure, Workers","C# Source",".cs","56","2691","2.63","2AEBB0CE33444CD09C5187B2D78C11F13E59DCB3A98424722759D2772DE58715","False","2026-06-12 23:53:34"
"Backend\PlantProcess.Api\TestMode\PpiqTestModeStartup.cs","01_Backend_Core","Backend Core: API, Application, Analytics, Domain, Infrastructure, Workers","C# Source",".cs","153","6574","6.42","193D954E88E030F484D61D700523FA2D9C25477ED383F40DE4B7ADDB97CB677B","False","2026-06-12 23:53:34"
"Backend\PlantProcess.Api\VisualMapper\V5VisualMapperEndpoints.cs","01_Backend_Core","Backend Core: API, Application, Analytics, Domain, Infrastructure, Workers","C# Source",".cs","709","28060","27.4","F9F5222F9EC103EAB35FB8AB2403D11E7DC02568105BCBBEB2B223833F66F4A0","False","2026-06-07 13:48:04"
"Backend\PlantProcess.Application\Acquisition\HistorianTagHistoryMapper.cs","01_Backend_Core","Backend Core: API, Application, Analytics, Domain, Infrastructure, Workers","C# Source",".cs","50","1818","1.78","F75B1956747E61D5A8B753E5F055A770C4B1DDD39233F3CF14693855BE398FC7","False","2026-06-04 08:28:55"
"Backend\PlantProcess.Application\Acquisition\OtSafeAcquisitionContracts.cs","01_Backend_Core","Backend Core: API, Application, Analytics, Domain, Infrastructure, Workers","C# Source",".cs","107","2807","2.74","468277CA098C2FC500CE66278B9BA1A45E14EE2A517D6A6DEFA2AF2A48B5C2BD","False","2026-06-04 08:28:54"
"Backend\PlantProcess.Application\Acquisition\OtSafeEdgeCollectorGateway.cs","01_Backend_Core","Backend Core: API, Application, Analytics, Domain, Infrastructure, Workers","C# Source",".cs","55","2181","2.13","5CA71268B9C304B43DDE25BCFE9E04B4506BB89DD41BEE8FE3D9AC081F22D754","False","2026-06-04 09:25:51"
"Backend\PlantProcess.Application\Acquisition\SchemaDriftDetector.cs","01_Backend_Core","Backend Core: API, Application, Analytics, Domain, Infrastructure, Workers","C# Source",".cs","79","3286","3.21","D9D6DAD398D8DB12C78A75B98D86A9E52ABC42CA8B62D5B5B1DBCF307A81AA0B","False","2026-06-04 08:28:56"
"Backend\PlantProcess.Application\Advisory\P15AdvisoryHonestyPolicy.cs","01_Backend_Core","Backend Core: API, Application, Analytics, Domain, Infrastructure, Workers","C# Source",".cs","177","7483","7.31","2448F9412E3CCF334EF2A1A0590CB2CE5D7FC19686BF830E83EC863DEDEEA1A3","False","2026-06-06 16:29:37"
"Backend\PlantProcess.Application\Advisory\P15AdvisoryValueContracts.cs","01_Backend_Core","Backend Core: API, Application, Analytics, Domain, Infrastructure, Workers","C# Source",".cs","258","9871","9.64","BF7EB6CA6A9EFA7F33D5F2C024D4B6785B80A6FCF5FD3110C38677EEF2B7C226","False","2026-06-06 16:29:37"
"Backend\PlantProcess.Application\Advisory\P15BenchmarkingService.cs","01_Backend_Core","Backend Core: API, Application, Analytics, Domain, Infrastructure, Workers","C# Source",".cs","211","8806","8.6","98C1A4BBDEF04EBB5FDB7F9C10D60A917B1DFD41E26C6BE989965F5ACFD4DB17","False","2026-06-06 17:09:34"
"Backend\PlantProcess.Application\Advisory\P15HonestyCertificationService.cs","01_Backend_Core","Backend Core: API, Application, Analytics, Domain, Infrastructure, Workers","C# Source",".cs","280","12585","12.29","5DE84A3F18FBCCAD481F97ACDE9825CC7E6A9E13039256DBE1AF2C168008D80E","False","2026-06-06 17:16:54"
"Backend\PlantProcess.Application\Advisory\P15RecommendationService.cs","01_Backend_Core","Backend Core: API, Application, Analytics, Domain, Infrastructure, Workers","C# Source",".cs","178","8695","8.49","068EA45DE0BCC78CF5B625FD3A9A336D01009F7B658C86089048220FCBCCB8BF","False","2026-06-06 16:50:24"
"Backend\PlantProcess.Application\Advisory\P15RoiCfoDashboardService.cs","01_Backend_Core","Backend Core: API, Application, Analytics, Domain, Infrastructure, Workers","C# Source",".cs","185","8285","8.09","75FCB5182E33BE71C37D8D7337DE09B94975ECC0B94B2225E7BD3485D047E0FF","False","2026-06-06 17:03:47"
"Backend\PlantProcess.Application\Advisory\P15ScenarioSimulationService.cs","01_Backend_Core","Backend Core: API, Application, Analytics, Domain, Infrastructure, Workers","C# Source",".cs","202","9136","8.92","9F5C9AD9F51C7A9297C12F888839206E20D239FA2666373902EF57582EE5E815","False","2026-06-06 16:40:49"
"Backend\PlantProcess.Application\Advisory\P15ValueRealizationService.cs","01_Backend_Core","Backend Core: API, Application, Analytics, Domain, Infrastructure, Workers","C# Source",".cs","173","7796","7.61","5FC66B8B09E0336E66A528D77177A0757E6BDFAAAF0A516462F7068B59E33E60","False","2026-06-06 16:59:40"
"Backend\PlantProcess.Application\Analytics\Advanced\AdvancedAnalysisContracts.cs","01_Backend_Core","Backend Core: API, Application, Analytics, Domain, Infrastructure, Workers","C# Source",".cs","86","2846","2.78","702BB0D5BEA5339C6636B399953FD1584671250267A77E8231AC8CE2300DE07C","False","2026-06-02 23:54:30"
"Backend\PlantProcess.Application\Analytics\Advanced\AdvancedCorrelationComputeService.cs","01_Backend_Core","Backend Core: API, Application, Analytics, Domain, Infrastructure, Workers","C# Source",".cs","390","19220","18.77","32CBB3F1D498416130C96300E949F9553EFBEC86A2211A63E5524A8BF65CC7FC","False","2026-06-08 07:22:39"
"Backend\PlantProcess.Application\Analytics\Advanced\AdvancedFindingTransparency.cs","01_Backend_Core","Backend Core: API, Application, Analytics, Domain, Infrastructure, Workers","C# Source",".cs","77","2943","2.87","D37742ECE5EDA1BE12C27F0343B1BB034FC43DFAF5DBCBA3B59AC9A47FF7493A","False","2026-06-08 07:22:39"
"Backend\PlantProcess.Application\Analytics\Advanced\AdvancedReadiness.cs","01_Backend_Core","Backend Core: API, Application, Analytics, Domain, Infrastructure, Workers","C# Source",".cs","45","1771","1.73","E601C4367581B2DD7390EDACCDF468CE5BDDFECEFC8368DCE75391FC3ACCA4AA","False","2026-06-03 00:10:39"
"Backend\PlantProcess.Application\Analytics\Advanced\AdvancedReadinessGateSurface.cs","01_Backend_Core","Backend Core: API, Application, Analytics, Domain, Infrastructure, Workers","C# Source",".cs","142","5292","5.17","443795DB038992F329B3DBB04157A8E4547AFA419B5CF5B4C1FB696978D81058","False","2026-06-08 07:27:15"
"Backend\PlantProcess.Application\Analytics\Advanced\AnalysisReadiness.cs","01_Backend_Core","Backend Core: API, Application, Analytics, Domain, Infrastructure, Workers","C# Source",".cs","48","1679","1.64","02644F03D636389C0133E89929BABAB18CD3C546FAA8D7CB444B5BBD7E1637CB","False","2026-06-03 00:10:39"
"Backend\PlantProcess.Application\Analytics\Advanced\NullAdvancedResultWriter.cs","01_Backend_Core","Backend Core: API, Application, Analytics, Domain, Infrastructure, Workers","C# Source",".cs","12","461","0.45","6F1C5EC7C6CDB944BD92D44E8BD03A70FD5BDE9348A31AD8AFB84BFEFB9F520A","False","2026-06-02 23:54:31"
"Backend\PlantProcess.Application\Analytics\Calibration\CalibrationContracts.cs","01_Backend_Core","Backend Core: API, Application, Analytics, Domain, Infrastructure, Workers","C# Source",".cs","27","858","0.84","4F9DCFF8937C5ECF20638AB2C766517D605DDA443C913DAD85183275BF145071","False","2026-06-02 17:44:09"
"Backend\PlantProcess.Application\Analytics\Calibration\IRiskCalibrationProvider.cs","01_Backend_Core","Backend Core: API, Application, Analytics, Domain, Infrastructure, Workers","C# Source",".cs","6","224","0.22","6D3AF0AFE3719DECA8F6448BD6556F4B496B06D780A029A7FA42B1EB3882020B","False","2026-06-02 17:44:10"
"Backend\PlantProcess.Application\Analytics\Calibration\RiskCalibrationService.cs","01_Backend_Core","Backend Core: API, Application, Analytics, Domain, Infrastructure, Workers","C# Source",".cs","77","3077","3","B910704D427249869F12F4A601E137DB1565B24893114C913ADD267A30D1B9CB","False","2026-06-02 17:44:10"
"Backend\PlantProcess.Application\Analytics\Contracts\CorrelationComputeDtos.cs","01_Backend_Core","Backend Core: API, Application, Analytics, Domain, Infrastructure, Workers","C# Source",".cs","23","603","0.59","CFD4F5D0ABEB842A312BD33343C1052C880D6D37C21BE137144488634765E553","False","2026-05-30 15:32:49"
"Backend\PlantProcess.Application\Analytics\Contracts\CorrelationDtos.cs","01_Backend_Core","Backend Core: API, Application, Analytics, Domain, Infrastructure, Workers","C# Source",".cs","111","3027","2.96","88BD390B8F01AE9843265E31B0845A110DA31260D0802B52C24B3A4AD79E6F4C","False","2026-05-18 23:19:14"
"Backend\PlantProcess.Application\Analytics\Contracts\MaterialFeatureVector.cs","01_Backend_Core","Backend Core: API, Application, Analytics, Domain, Infrastructure, Workers","C# Source",".cs","125","3897","3.81","A74D044BB8DAE579663A87E77B5652E47EE05194802AB8396FAD8631E3CAB138","False","2026-05-18 23:19:14"
"Backend\PlantProcess.Application\Analytics\Contracts\MlReadinessDtos.cs","01_Backend_Core","Backend Core: API, Application, Analytics, Domain, Infrastructure, Workers","C# Source",".cs","90","2534","2.47","280D26A73F19495A265D529F64E9656D60D3EBDED8CEE7FAEEC0CD0D9FAAB450","False","2026-05-21 15:19:35"
"Backend\PlantProcess.Application\Analytics\Contracts\NarrativeProviderDtos.cs","01_Backend_Core","Backend Core: API, Application, Analytics, Domain, Infrastructure, Workers","C# Source",".cs","29","780","0.76","AA29945CD9CF1085000B51A923FC0D19749D272D1678F662EC084917BDC1EE3B","False","2026-05-31 11:39:01"
"Backend\PlantProcess.Application\Analytics\Contracts\RiskPredictionDtos.cs","01_Backend_Core","Backend Core: API, Application, Analytics, Domain, Infrastructure, Workers","C# Source",".cs","70","1768","1.73","189695868143C69C47B52B5EED2C74085E0D217D55AD25E5C5E6F7CE729A4584","False","2026-05-18 23:19:14"
"Backend\PlantProcess.Application\Analytics\Contracts\StoreRiskScoreCommand.cs","01_Backend_Core","Backend Core: API, Application, Analytics, Domain, Infrastructure, Workers","C# Source",".cs","18","416","0.41","E00EE94CF5764DC41BD6CA869E4D1A455857FA1F819C53215407D603B4D1D805","False","2026-05-18 23:19:14"
"Backend\PlantProcess.Application\Analytics\Engines\CanonicalCorrelationEngine.cs","01_Backend_Core","Backend Core: API, Application, Analytics, Domain, Infrastructure, Workers","C# Source",".cs","18","911","0.89","156A50C98B6CF3B02947939F55A8AF9D042EE48BDDCF57D93D4BE796DA350E5C","False","2026-06-04 00:19:36"
"Backend\PlantProcess.Application\Analytics\Engines\CorrelationEngineRegistry.cs","01_Backend_Core","Backend Core: API, Application, Analytics, Domain, Infrastructure, Workers","C# Source",".cs","30","1364","1.33","C8A8F5DB03B5916E5B6F37A8713AB7B006452CB7FF32879767D64C08059ED2D2","False","2026-06-04 00:19:36"
"Backend\PlantProcess.Application\Analytics\Engines\ICorrelationEngine.cs","01_Backend_Core","Backend Core: API, Application, Analytics, Domain, Infrastructure, Workers","C# Source",".cs","14","589","0.58","614A6534207B3FB0440E7383A2BD8DBAA6BB4DDD5FE0FC865B4B15DFD64726C4","False","2026-06-04 00:19:36"
"Backend\PlantProcess.Application\Analytics\Interfaces\ICorrelationComputeEngine.cs","01_Backend_Core","Backend Core: API, Application, Analytics, Domain, Infrastructure, Workers","C# Source",".cs","12","337","0.33","30FB77472A671A48C7BD4E9905C230920F6615523EB65882E153668B10ED83FC","False","2026-05-30 15:32:49"
"Backend\PlantProcess.Application\Analytics\Interfaces\ICorrelationService.cs","01_Backend_Core","Backend Core: API, Application, Analytics, Domain, Infrastructure, Workers","C# Source",".cs","29","970","0.95","73604EEDF1090A7FDA53E5321CE989C88B8ABD22EF86F407DB3946F8765BE421","False","2026-05-18 23:19:14"
"Backend\PlantProcess.Application\Analytics\Interfaces\IEmbeddingProvider.cs","01_Backend_Core","Backend Core: API, Application, Analytics, Domain, Infrastructure, Workers","C# Source",".cs","12","312","0.3","F828BD9D701F1CECF042BFBA2A40B982D05AD198E4274F03E52E3AE988F73F34","False","2026-05-30 15:32:49"
"Backend\PlantProcess.Application\Analytics\Interfaces\IFeatureEngineeringService.cs","01_Backend_Core","Backend Core: API, Application, Analytics, Domain, Infrastructure, Workers","C# Source",".cs","16","392","0.38","7D1C8279401BE719BE517EEE897CE7CCB049486D3F11891AE5C303DFF6337026","False","2026-05-18 23:19:14"
"Backend\PlantProcess.Application\Analytics\Interfaces\IMlReadinessService.cs","01_Backend_Core","Backend Core: API, Application, Analytics, Domain, Infrastructure, Workers","C# Source",".cs","19","626","0.61","92CF72C0C8B3C9FB4C7B622CE9A17A544943D540ECA2B63862982EECE165CF94","False","2026-05-21 15:20:49"
"Backend\PlantProcess.Application\Analytics\Interfaces\INarrativeProvider.cs","01_Backend_Core","Backend Core: API, Application, Analytics, Domain, Infrastructure, Workers","C# Source",".cs","13","306","0.3","229256DEBE8C69E28EBF53EE68D7ECE7DBCC353898F21718C677DE57A7E69CC4","False","2026-05-31 11:39:01"
"Backend\PlantProcess.Application\Analytics\Interfaces\IQualityLabelBuilderService.cs","01_Backend_Core","Backend Core: API, Application, Analytics, Domain, Infrastructure, Workers","C# Source",".cs","13","405","0.4","1B0EBE7C94C03C5CA239A039022E4B72463F99262B47DBEF9D0F7457218A523A","False","2026-05-21 15:20:15"
"Backend\PlantProcess.Application\Analytics\Interfaces\IRiskScoreService.cs","01_Backend_Core","Backend Core: API, Application, Analytics, Domain, Infrastructure, Workers","C# Source",".cs","24","697","0.68","EED600B5D39A7C68C5F80D9EB05A96314B58B7171A54809B3FA80DC7DBB1C71E","False","2026-05-18 23:19:14"
"Backend\PlantProcess.Application\Analytics\Services\ApiNarrativeProvider.cs","01_Backend_Core","Backend Core: API, Application, Analytics, Domain, Infrastructure, Workers","C# Source",".cs","98","3256","3.18","1675A65A79D13612428AAA606DC498E7C97BB527B9EFD192B67F62BC51DA4FB6","False","2026-05-31 11:39:01"
"Backend\PlantProcess.Application\Analytics\Services\ConfiguredNarrativeProvider.cs","01_Backend_Core","Backend Core: API, Application, Analytics, Domain, Infrastructure, Workers","C# Source",".cs","53","1731","1.69","88DE625770E2884C286D40129BE533E058BC54EBCE2F7420972E102BFEE21B53","False","2026-05-31 11:39:01"
"Backend\PlantProcess.Application\Analytics\Services\CorrelationService.cs","01_Backend_Core","Backend Core: API, Application, Analytics, Domain, Infrastructure, Workers","C# Source",".cs","564","25356","24.76","F40A7A523522F08D26C9620DF5540B2538B902BDE8CCA28BC81CA01D5BB6860D","False","2026-06-04 07:55:17"
"Backend\PlantProcess.Application\Analytics\Services\DeterministicEmbeddingProvider.cs","01_Backend_Core","Backend Core: API, Application, Analytics, Domain, Infrastructure, Workers","C# Source",".cs","49","1860","1.82","902088AAC59384EA738AC907F2C3EFF728A11C5040A75FE400B0487860B6AF87","False","2026-05-30 15:32:49"
"Backend\PlantProcess.Application\Analytics\Services\FeatureEngineeringService.cs","01_Backend_Core","Backend Core: API, Application, Analytics, Domain, Infrastructure, Workers","C# Source",".cs","445","19276","18.82","3B106982E26AFF2C804422D8DFB969C580C5AE2091041F72D88FEDEE6DEB6B65","False","2026-05-19 09:15:44"
"Backend\PlantProcess.Application\Analytics\Services\LocalNarrativeProvider.cs","01_Backend_Core","Backend Core: API, Application, Analytics, Domain, Infrastructure, Workers","C# Source",".cs","64","2240","2.19","16D26F23629694401AD9133D08E761FA5E66B34A04EECF1F0A9AA6B5D3B0BB38","False","2026-05-31 11:39:01"
"Backend\PlantProcess.Application\Analytics\Services\MlReadinessService.cs","01_Backend_Core","Backend Core: API, Application, Analytics, Domain, Infrastructure, Workers","C# Source",".cs","482","18305","17.88","231A04DE8351A383FC668F4A724DF6B2CE23EE96FA7AC6FBD8A6F4854AEFE879","False","2026-05-21 15:36:00"
"Backend\PlantProcess.Application\Analytics\Services\QualityLabelBuilderService.cs","01_Backend_Core","Backend Core: API, Application, Analytics, Domain, Infrastructure, Workers","C# Source",".cs","245","9047","8.83","1CB38103235A9DAFE43E949EA52BE49F98B6B78A998BD3413CBF3E2729D465EA","False","2026-05-21 15:32:59"
"Backend\PlantProcess.Application\Analytics\Services\RiskScoreService.cs","01_Backend_Core","Backend Core: API, Application, Analytics, Domain, Infrastructure, Workers","C# Source",".cs","392","16753","16.36","E2B26C840316F769657B3C6AA5BBA80E6C429FA39F586900492500F05711246B","False","2026-05-31 13:21:24"
"Backend\PlantProcess.Application\Analytics\Suggestions\ISuggestionEngine.cs","01_Backend_Core","Backend Core: API, Application, Analytics, Domain, Infrastructure, Workers","C# Source",".cs","7","312","0.3","1C4B591F6BDB50A00BC824475A537C661C96C84D750629BD064B816875446DD7","False","2026-06-02 18:26:02"
"Backend\PlantProcess.Application\Analytics\Suggestions\ISuggestionStore.cs","01_Backend_Core","Backend Core: API, Application, Analytics, Domain, Infrastructure, Workers","C# Source",".cs","14","885","0.86","158C705DEE7D82CBEBA9552B59A07564F5D9963EF00CA8BE20960631E8EC12AC","False","2026-06-02 18:26:06"
"Backend\PlantProcess.Application\Analytics\Suggestions\SuggestionConfidence.cs","01_Backend_Core","Backend Core: API, Application, Analytics, Domain, Infrastructure, Workers","C# Source",".cs","19","744","0.73","49990A46F724BF53AAED093D875FEE220F46179E22B0045834FE85680BBC12B8","False","2026-06-02 18:26:02"
"Backend\PlantProcess.Application\Analytics\Suggestions\SuggestionContracts.cs","01_Backend_Core","Backend Core: API, Application, Analytics, Domain, Infrastructure, Workers","C# Source",".cs","37","1242","1.21","47D1723C254C467920C9295DA6F33A2AC94EFED873C201D625A328C4ADB0845D","False","2026-06-25 09:27:25"
"Backend\PlantProcess.Application\Analytics\Suggestions\SuggestionEngine.cs","01_Backend_Core","Backend Core: API, Application, Analytics, Domain, Infrastructure, Workers","C# Source",".cs","93","4249","4.15","2A8713A1D316B0C320CC3E5F1283F2CB69030CE299DC17647A79F02DBEB88BB1","False","2026-06-25 09:27:25"
"Backend\PlantProcess.Application\Analytics\Suggestions\SuggestionGenerationJob.cs","01_Backend_Core","Backend Core: API, Application, Analytics, Domain, Infrastructure, Workers","C# Source",".cs","24","1013","0.99","6809C6466795E1999BD6F09CCC5A1D7180E832AE01C4DAD572945048B3D4AAB2","False","2026-06-02 18:26:06"
"Backend\PlantProcess.Application\Analytics\Suggestions\SuggestionWorkflow.cs","01_Backend_Core","Backend Core: API, Application, Analytics, Domain, Infrastructure, Workers","C# Source",".cs","36","1954","1.91","863C81449518612F3080DFF425500FF5862162747D620A61E7111B12E207D5CD","False","2026-06-08 07:34:07"
"Backend\PlantProcess.Application\Analytics\Value\CostAssumptionValidator.cs","01_Backend_Core","Backend Core: API, Application, Analytics, Domain, Infrastructure, Workers","C# Source",".cs","43","1628","1.59","DD21C52594DFCD03BE5B1EE17E6205562271B52E676D5114916787D1E0B3C753","False","2026-06-04 08:13:12"
"Backend\PlantProcess.Application\Analytics\Value\Demo\Phase7WorkedCaseFixtures.cs","01_Backend_Core","Backend Core: API, Application, Analytics, Domain, Infrastructure, Workers","C# Source",".cs","66","2495","2.44","99BC7EA5404E9EC6EBC66CFC002D71B58E3E5C9605EF3FBEC7C94993602E4DD1","False","2026-06-07 15:46:26"
"Backend\PlantProcess.Application\Analytics\Value\DowntimeImpactCalculator.cs","01_Backend_Core","Backend Core: API, Application, Analytics, Domain, Infrastructure, Workers","C# Source",".cs","53","2092","2.04","635261811C1E2DB736DD9DF50BEE27DD6E1F64E73810A37BCA9C5D4961B207AF","False","2026-06-14 23:50:55"
"Backend\PlantProcess.Application\Analytics\Value\FindingEvidenceContracts.cs","01_Backend_Core","Backend Core: API, Application, Analytics, Domain, Infrastructure, Workers","C# Source",".cs","63","1985","1.94","C7D0FA6246F39B6C379E158064F5B3657A305EAF80A54814FB5F183CD07944D7","False","2026-06-04 08:13:12"
"Backend\PlantProcess.Application\Analytics\Value\ICostAssumptionStore.cs","01_Backend_Core","Backend Core: API, Application, Analytics, Domain, Infrastructure, Workers","C# Source",".cs","10","533","0.52","F528D5E6E30233EAC62A59592DA0A99746BC20CF78C7BA4F7E68FC3B092506E2","False","2026-06-02 17:48:31"
"Backend\PlantProcess.Application\Analytics\Value\IValueImpactEngine.cs","01_Backend_Core","Backend Core: API, Application, Analytics, Domain, Infrastructure, Workers","C# Source",".cs","6","180","0.18","B47462568CAADF41D87EECD8758EABD4F742049BDE3B8A7A447B5434DF31AA02","False","2026-06-02 17:48:30"
"Backend\PlantProcess.Application\Analytics\Value\IValueRealizationService.cs","01_Backend_Core","Backend Core: API, Application, Analytics, Domain, Infrastructure, Workers","C# Source",".cs","7","178","0.17","248CF3A0C7947D1846DC05F98647D4060355BD712A774B749F586023F4D094C7","False","2026-06-07 15:51:10"
"Backend\PlantProcess.Application\Analytics\Value\ValueContracts.cs","01_Backend_Core","Backend Core: API, Application, Analytics, Domain, Infrastructure, Workers","C# Source",".cs","97","3062","2.99","1FFDFCEA3121930D1A43BF5E869CCED58B27243A6F3B4257106EE3D7DC3C0C81","False","2026-06-07 15:03:43"
"Backend\PlantProcess.Application\Analytics\Value\ValueHonestyLint.cs","01_Backend_Core","Backend Core: API, Application, Analytics, Domain, Infrastructure, Workers","C# Source",".cs","26","973","0.95","7A4ABEC22827F381DEC731C700E481A7D1311583863BFEE2E53887A085C821AF","False","2026-06-02 17:48:31"
"Backend\PlantProcess.Application\Analytics\Value\ValueImpactEngine.cs","01_Backend_Core","Backend Core: API, Application, Analytics, Domain, Infrastructure, Workers","C# Source",".cs","185","6648","6.49","85BF2C763881C9695E5C11671DC1112681FEED1A501A2F0FC5F8D65F4B6AB1F9","False","2026-06-07 15:05:03"
"Backend\PlantProcess.Application\Analytics\Value\ValueRealizationContracts.cs","01_Backend_Core","Backend Core: API, Application, Analytics, Domain, Infrastructure, Workers","C# Source",".cs","115","3551","3.47","0182D66637D3399BD90B1A73F1F52AA173A78C88F13D840D144010BB08AB9730","False","2026-06-07 15:51:10"
"Backend\PlantProcess.Application\Analytics\Value\ValueRealizationService.cs","01_Backend_Core","Backend Core: API, Application, Analytics, Domain, Infrastructure, Workers","C# Source",".cs","189","7442","7.27","DCA333E7A9948252739216E6AEC064DC90998B073B00F2312ADCE6CCC70EB983","False","2026-06-07 15:53:15"
"Backend\PlantProcess.Application\ApplicationAssemblyMarker.cs","01_Backend_Core","Backend Core: API, Application, Analytics, Domain, Infrastructure, Workers","C# Source",".cs","12","211","0.21","62D45EBBB445ED5C665153C046E8FB437E3FFC87175055BD38EC557DD84DB5D0","False","2026-05-18 23:19:14"
"Backend\PlantProcess.Application\Assistant\AssistantContracts.cs","01_Backend_Core","Backend Core: API, Application, Analytics, Domain, Infrastructure, Workers","C# Source",".cs","36","1551","1.51","CF98094088A111AD05DD48400C3020337F722ACE2B022B3EE985D7F07163C9E5","False","2026-06-02 18:26:46"
"Backend\PlantProcess.Application\Assistant\AssistantEvalHarness.cs","01_Backend_Core","Backend Core: API, Application, Analytics, Domain, Infrastructure, Workers","C# Source",".cs","52","2019","1.97","A91F248FD64FED0438FF5357AB486106C2DDC19BFEF10AD30D3EC08843C498ED","False","2026-06-08 07:45:02"
"Backend\PlantProcess.Application\Assistant\AssistantGroundingEvalGate.cs","01_Backend_Core","Backend Core: API, Application, Analytics, Domain, Infrastructure, Workers","C# Source",".cs","147","6148","6","2BFF619D4BB5E3B4F6F8ECBE30C5C4F7B3088D23D55551C113C59165AC28361F","False","2026-06-08 07:45:02"
"Backend\PlantProcess.Application\Assistant\AssistantRetrievalIndexBuildService.cs","01_Backend_Core","Backend Core: API, Application, Analytics, Domain, Infrastructure, Workers","C# Source",".cs","59","1889","1.84","CBB4A05569D5ADD56681227B932D574411CCCC055DF3E306EA6A67BC61B400A1","False","2026-06-04 08:25:28"
"Backend\PlantProcess.Application\Assistant\AssistantService.cs","01_Backend_Core","Backend Core: API, Application, Analytics, Domain, Infrastructure, Workers","C# Source",".cs","38","1597","1.56","F92414114ECCA0183F24A15E8478B43BC01271DDA82C12A40731C7D9CF86B860","False","2026-06-02 18:26:50"
"Backend\PlantProcess.Application\Assistant\ExtractiveAssistantModel.cs","01_Backend_Core","Backend Core: API, Application, Analytics, Domain, Infrastructure, Workers","C# Source",".cs","50","2068","2.02","9FC36282CCB9D8F868D33D7AB50666B72078EE5327BEF1C4D37E04F5303017B2","False","2026-06-02 18:26:49"
"Backend\PlantProcess.Application\Assistant\GroundedAssistantGateway.cs","01_Backend_Core","Backend Core: API, Application, Analytics, Domain, Infrastructure, Workers","C# Source",".cs","62","2118","2.07","74756C77A7C1E5CB0E47BF7A0EBB470178A5604E1ED1F26128C9A4461CF5B41B","False","2026-06-04 08:22:59"
"Backend\PlantProcess.Application\Assistant\GroundingService.cs","01_Backend_Core","Backend Core: API, Application, Analytics, Domain, Infrastructure, Workers","C# Source",".cs","66","3169","3.09","CF231609BB40A7D95E57B9B3C19552D82D106F475E6864C85FEA182BACFFC58F","False","2026-06-08 07:45:02"
"Backend\PlantProcess.Application\Assistant\IAssistantModel.cs","01_Backend_Core","Backend Core: API, Application, Analytics, Domain, Infrastructure, Workers","C# Source",".cs","10","452","0.44","CF246217AD3EBCEFDFC0575357A4BA0EC1C0D5487FCE1AA42A7326F65CA321C7","False","2026-06-02 18:26:49"
"Backend\PlantProcess.Application\Assistant\IEmbedder.cs","01_Backend_Core","Backend Core: API, Application, Analytics, Domain, Infrastructure, Workers","C# Source",".cs","12","519","0.51","05F221411F422D8DF6E8D5C913B3177D48CAD6264FB5309DE3090208D3910B48","False","2026-06-04 08:22:56"
"Backend\PlantProcess.Application\Assistant\IRetrievalIndex.cs","01_Backend_Core","Backend Core: API, Application, Analytics, Domain, Infrastructure, Workers","C# Source",".cs","13","719","0.7","01B992515240F157BF81BAE061E8282FEF09B3D1BAC3D83C01BF9840CF2CF612","False","2026-06-02 18:26:47"
"Backend\PlantProcess.Application\Assistant\LocalSemanticEmbedder.cs","01_Backend_Core","Backend Core: API, Application, Analytics, Domain, Infrastructure, Workers","C# Source",".cs","109","3213","3.14","96ABFA96AB132DADD66C17F439FF9647DF67FE70BA17505E1880739DC76B8703","False","2026-06-04 08:22:57"
"Backend\PlantProcess.Application\Assistant\ModelGateway\NoopPrivateModelGatewayTransport.cs","01_Backend_Core","Backend Core: API, Application, Analytics, Domain, Infrastructure, Workers","C# Source",".cs","20","825","0.81","20F66C81B2826472A140B35DC9FF1470474909709FB34F4A3A7221875974F2D7","False","2026-06-08 12:12:27"
"Backend\PlantProcess.Application\Assistant\ModelGateway\PrivateModelGatewayContracts.cs","01_Backend_Core","Backend Core: API, Application, Analytics, Domain, Infrastructure, Workers","C# Source",".cs","92","2635","2.57","A26909749C03EA5385C0EFA448166C2979D043DCF4509B433F5D87FC7809AFB9","False","2026-06-08 08:24:47"
"Backend\PlantProcess.Application\Assistant\ModelGateway\PrivateModelGatewayService.cs","01_Backend_Core","Backend Core: API, Application, Analytics, Domain, Infrastructure, Workers","C# Source",".cs","158","6544","6.39","22A96900585214B948A6E1EE5CEC368874A5E2A79E3E6B89BFB1DC4D79B92687","False","2026-06-08 08:28:46"
"Backend\PlantProcess.Application\Assistant\Tools\ITool.cs","01_Backend_Core","Backend Core: API, Application, Analytics, Domain, Infrastructure, Workers","Tooling Script",".cs","11","468","0.46","A102D89CEB55B8CC5424921B1A07E2A5C8C8C2D14C7553D56AA05599D19124C8","False","2026-06-02 18:26:47"
"Backend\PlantProcess.Application\Assistant\Tools\ToolRegistry.cs","01_Backend_Core","Backend Core: API, Application, Analytics, Domain, Infrastructure, Workers","Tooling Script",".cs","45","1972","1.93","0722E4ED4DA5F618F516978373828824A939E7AA8CBB36CF0DD6186FFD0D2E06","False","2026-06-02 18:26:48"
"Backend\PlantProcess.Application\AssistantRuntime\Phase8AssistantRegressionEvalGate.cs","01_Backend_Core","Backend Core: API, Application, Analytics, Domain, Infrastructure, Workers","C# Source",".cs","197","7753","7.57","1051FF9C541C7377E1AE16A57C2696ED85C580CDD1DB67A7713FDA236D176D3A","False","2026-06-09 14:28:12"
"Backend\PlantProcess.Application\AssistantRuntime\Phase8AssistantRuntimeContracts.cs","01_Backend_Core","Backend Core: API, Application, Analytics, Domain, Infrastructure, Workers","C# Source",".cs","249","9511","9.29","532CE120582CE47BB191323D7C23F5F3A4ECA6A661064B9C3178CB2B48F79417","False","2026-06-09 13:59:49"
"Backend\PlantProcess.Application\AssistantRuntime\Phase8SuggestionOutcomeLoop.cs","01_Backend_Core","Backend Core: API, Application, Analytics, Domain, Infrastructure, Workers","C# Source",".cs","162","5805","5.67","527170E4E18EC61D7C3418FE0D69BB75D832DE1D46E711A7A1A48566AB853B00","False","2026-06-09 14:28:11"
"Backend\PlantProcess.Application\Audit\AuditLogContext.cs","01_Backend_Core","Backend Core: API, Application, Analytics, Domain, Infrastructure, Workers","C# Source",".cs","25","752","0.73","CE1B444ABCFE6D2E8AA258CC419F175AF47BFE3909F1DD7C4EE1BBC1F750D359","False","2026-05-22 22:12:56"
"Backend\PlantProcess.Application\Audit\IAuditLogService.cs","01_Backend_Core","Backend Core: API, Application, Analytics, Domain, Infrastructure, Workers","C# Source",".cs","16","603","0.59","243DFBD609A5C18E2CAEBCA332BF4B84246C2DEA3F43CEBA29DE2EC71ED6B357","False","2026-05-22 22:12:56"
"Backend\PlantProcess.Application\Common\Constants\ApplicationErrorCodes.cs","01_Backend_Core","Backend Core: API, Application, Analytics, Domain, Infrastructure, Workers","C# Source",".cs","13","643","0.63","4659AB627C7CE078122A5C456A68E7E18AE8F26A88D41B39ADD20CFAD293D384","False","2026-05-21 13:29:50"
"Backend\PlantProcess.Application\Common\Paging\PagedResult.cs","01_Backend_Core","Backend Core: API, Application, Analytics, Domain, Infrastructure, Workers","C# Source",".cs","29","632","0.62","A0CBBC2E1CA884CC2F311657A23B7EE915E914E31901A3DBB10655150E1C4846","False","2026-05-18 23:19:14"
"Backend\PlantProcess.Application\Common\Paging\PageRequest.cs","01_Backend_Core","Backend Core: API, Application, Analytics, Domain, Infrastructure, Workers","C# Source",".cs","22","442","0.43","B20DCB4DA896BEA61977DBC9B9FB4609011F6A8DBB1FE5E125DBB2BA65113051","False","2026-05-18 23:19:14"
"Backend\PlantProcess.Application\Common\Persistence\IPlantProcessDbContext.cs","01_Backend_Core","Backend Core: API, Application, Analytics, Domain, Infrastructure, Workers","C# Source",".cs","65","2564","2.5","145928F46BAB3153DB5FD4C25516EFF4E5EA7C311282D37A810B585F1DC3E6F0","False","2026-05-18 23:19:14"
"Backend\PlantProcess.Application\Common\Results\ApplicationError.cs","01_Backend_Core","Backend Core: API, Application, Analytics, Domain, Infrastructure, Workers","C# Source",".cs","80","2382","2.33","4B99A0229D618FFB8C3CDCD574A2A2F3936BBFC88BAA6C9BE7970D4B07E3E560","False","2026-05-21 13:30:34"
"Backend\PlantProcess.Application\Common\Results\ApplicationErrorType.cs","01_Backend_Core","Backend Core: API, Application, Analytics, Domain, Infrastructure, Workers","C# Source",".cs","14","290","0.28","47CBF99FE05F3F972297791AEB1944C7255F3976A479A7F0F6402498F26185D0","False","2026-05-21 15:05:01"
"Backend\PlantProcess.Application\Common\Results\ApplicationResult.cs","01_Backend_Core","Backend Core: API, Application, Analytics, Domain, Infrastructure, Workers","C# Source",".cs","30","682","0.67","356E38CD79BBEA83F2C699024FBC7FD7AFA2CB2CFD66A1B966CD1A47244525F9","False","2026-05-18 23:19:14"
"Backend\PlantProcess.Application\Common\Results\ApplicationResultT.cs","01_Backend_Core","Backend Core: API, Application, Analytics, Domain, Infrastructure, Workers","C# Source",".cs","33","786","0.77","28EAE9FEA86BA86F711E00399051D0D2813B609935488895FA5588946D5B8730","False","2026-05-18 23:19:14"
"Backend\PlantProcess.Application\Common\Text\TextNormalizer.cs","01_Backend_Core","Backend Core: API, Application, Analytics, Domain, Infrastructure, Workers","C# Source",".cs","43","1243","1.21","417F9F9B73BF51C7B823AB3B8842F35BEEB81B2A6F89EA47E6CD613FC2B5CA6D","False","2026-05-18 23:19:14"
"Backend\PlantProcess.Application\Common\Time\IClock.cs","01_Backend_Core","Backend Core: API, Application, Analytics, Domain, Infrastructure, Workers","C# Source",".cs","11","165","0.16","96B400742EE472FC940A3D3FF8F21A65A491D05117AEFF0955F57384E540A4AA","False","2026-05-18 23:19:14"
"Backend\PlantProcess.Application\Common\Time\IPlantTimeContextResolver.cs","01_Backend_Core","Backend Core: API, Application, Analytics, Domain, Infrastructure, Workers","C# Source",".cs","15","313","0.31","E8A9CD927E89D6C79D3EE647DC6B05E0A5B7BD23B841B62011500C39FF3C75E2","False","2026-05-18 23:19:14"
"Backend\PlantProcess.Application\Common\Time\PlantTimeContext.cs","01_Backend_Core","Backend Core: API, Application, Analytics, Domain, Infrastructure, Workers","C# Source",".cs","8","152","0.15","8771545BDAC3A02D3A48E0D6CFDF1C491EDD10DC0BD803ED5DC0BD2204A54CB8","False","2026-05-18 23:19:14"
"Backend\PlantProcess.Application\Common\Time\PlantTimeContextResolver.cs","01_Backend_Core","Backend Core: API, Application, Analytics, Domain, Infrastructure, Workers","C# Source",".cs","58","1571","1.53","252D3484B32DEB45D890401501D560B8D1CF3D17CC005DF272EFDDB2A72A2C21","False","2026-05-18 23:19:14"
"Backend\PlantProcess.Application\Common\Time\SystemClock.cs","01_Backend_Core","Backend Core: API, Application, Analytics, Domain, Infrastructure, Workers","C# Source",".cs","11","224","0.22","6BE8A2CED82FDC0E3A770F540E29057452559F65CB3D5A321CB3D9F12F49E9C7","False","2026-05-18 23:19:14"
"Backend\PlantProcess.Application\Common\Validation\Guard.cs","01_Backend_Core","Backend Core: API, Application, Analytics, Domain, Infrastructure, Workers","Validation Script",".cs","37","1187","1.16","33D4446210447216890EBFFAD1C03A98C51253DEAE03BF6D9BE6A3AF6D0B3DB1","False","2026-05-18 23:19:14"
"Backend\PlantProcess.Application\Common\Validation\ValidationFailure.cs","01_Backend_Core","Backend Core: API, Application, Analytics, Domain, Infrastructure, Workers","Validation Script",".cs","9","174","0.17","214FD1157737524B3149ECEC0BEF44F41D9441D4B115921D83004AE7FA7D4549","False","2026-05-18 23:19:14"
"Backend\PlantProcess.Application\Common\Validation\ValidationResult.cs","01_Backend_Core","Backend Core: API, Application, Analytics, Domain, Infrastructure, Workers","Validation Script",".cs","31","873","0.85","059C058E7282FEAAF2D36BCACC8D4160B5E966411BABCD9A5D4222AF014D7085","False","2026-05-18 23:19:14"
"Backend\PlantProcess.Application\Connectors\Certification\ConnectorBehaviourCertification.cs","01_Backend_Core","Backend Core: API, Application, Analytics, Domain, Infrastructure, Workers","C# Source",".cs","468","15338","14.98","6D52B78CB51FC8EE8F1ABFF6AE389A1DB2D39EF35613F9971974704F054DBD42","False","2026-06-08 12:33:50"
"Backend\PlantProcess.Application\Contracts\Common\CommandMetadata.cs","01_Backend_Core","Backend Core: API, Application, Analytics, Domain, Infrastructure, Workers","C# Source",".cs","11","252","0.25","38CAC1347D4F4BBA748F18834BBAA16FFC6FF472A419264B901784404D29801E","False","2026-05-18 23:19:14"
"Backend\PlantProcess.Application\Contracts\Common\QueryMetadata.cs","01_Backend_Core","Backend Core: API, Application, Analytics, Domain, Infrastructure, Workers","C# Source",".cs","8","171","0.17","F47BE81DE7E9CF4F6C04131810E84AAC3E283F86A6BFC7B078E8AD0DBD85B762","False","2026-05-18 23:19:14"
"Backend\PlantProcess.Application\Contracts\DataQuality\RaiseDataQualityIssueCommand.cs","01_Backend_Core","Backend Core: API, Application, Analytics, Domain, Infrastructure, Workers","C# Source",".cs","15","366","0.36","43A77117D3BB0615E4354760394AF2CF742951880C5A3000517203809FE8AB1E","False","2026-05-18 23:19:14"
"Backend\PlantProcess.Application\Contracts\Materials\AddMaterialAliasCommand.cs","01_Backend_Core","Backend Core: API, Application, Analytics, Domain, Infrastructure, Workers","C# Source",".cs","13","298","0.29","85DC0889C91C8EF296731B1023823E20263A8EC0E836CA400023D8C302139578","False","2026-05-18 23:19:14"
"Backend\PlantProcess.Application\Contracts\Materials\CreateGenealogyEdgeCommand.cs","01_Backend_Core","Backend Core: API, Application, Analytics, Domain, Infrastructure, Workers","C# Source",".cs","16","411","0.4","FF869C92E40560FBA10F104FBA9061FCAA07B224318AA1E89632A486327E9CB2","False","2026-05-18 23:19:14"
"Backend\PlantProcess.Application\Contracts\Materials\CreateMaterialCommand.cs","01_Backend_Core","Backend Core: API, Application, Analytics, Domain, Infrastructure, Workers","C# Source",".cs","18","458","0.45","D0B12B2737230783B21D925D6189401B94395705521E07B3015E1BB88CA788DA","False","2026-05-18 23:19:14"
"Backend\PlantProcess.Application\Contracts\PlantLayout\PlantLayoutDtos.cs","01_Backend_Core","Backend Core: API, Application, Analytics, Domain, Infrastructure, Workers","C# Source",".cs","72","1766","1.72","72A6457EB71263EDA9F6221B5714C78E8C8109B92317AC2B932E572122483958","False","2026-05-18 23:19:14"
"Backend\PlantProcess.Application\Contracts\Process\AddDowntimeEventCommand.cs","01_Backend_Core","Backend Core: API, Application, Analytics, Domain, Infrastructure, Workers","C# Source",".cs","19","478","0.47","085A516792ECCD5D7802344CA86D5449A9A4D43F326F23913D6E844EE808EB43","False","2026-05-18 23:19:14"
"Backend\PlantProcess.Application\Contracts\Process\AddParameterDefinitionCommand.cs","01_Backend_Core","Backend Core: API, Application, Analytics, Domain, Infrastructure, Workers","C# Source",".cs","17","435","0.42","11209E95B2D1395EB560598B6BDDF04744ADFE709971FC0129C3C8074042D8B4","False","2026-05-18 23:19:14"
"Backend\PlantProcess.Application\Contracts\Process\AddParameterObservationCommand.cs","01_Backend_Core","Backend Core: API, Application, Analytics, Domain, Infrastructure, Workers","C# Source",".cs","22","568","0.55","8F8647B40BA99D89665108BAC6D512EDE55800CAD0D3184C0F08743BA267047D","False","2026-05-18 23:19:14"
"Backend\PlantProcess.Application\Contracts\Process\AddProcessEventCommand.cs","01_Backend_Core","Backend Core: API, Application, Analytics, Domain, Infrastructure, Workers","C# Source",".cs","18","445","0.43","6FFB80EFDE9DF2CEEE9E8DFC11E8295034910B30C765FAFD24A31A99394FBD60","False","2026-05-18 23:19:14"
"Backend\PlantProcess.Application\Contracts\Process\AddProcessStepCommand.cs","01_Backend_Core","Backend Core: API, Application, Analytics, Domain, Infrastructure, Workers","C# Source",".cs","20","505","0.49","6BC3BC8F75EC3A46877D0A2CC097468D88ED76B191736085791275DBDDF1069C","False","2026-05-18 23:19:14"
"Backend\PlantProcess.Application\Contracts\Quality\AddDefectCatalogCommand.cs","01_Backend_Core","Backend Core: API, Application, Analytics, Domain, Infrastructure, Workers","C# Source",".cs","13","305","0.3","02F083D232CE87FF7981E211D5089179EE4AE35D1FD335521B827199C1E89F96","False","2026-05-18 23:19:14"
"Backend\PlantProcess.Application\Contracts\Quality\AddQualityEventCommand.cs","01_Backend_Core","Backend Core: API, Application, Analytics, Domain, Infrastructure, Workers","C# Source",".cs","18","434","0.42","466AC91C30731B1F97D4A1735EFE8F7BDA1EF865FD4595C81C99AE9E215EE9D7","False","2026-05-18 23:19:14"
"Backend\PlantProcess.Application\Contracts\Quality\QualityReadDtos.cs","01_Backend_Core","Backend Core: API, Application, Analytics, Domain, Infrastructure, Workers","C# Source",".cs","39","902","0.88","983F36F5B8056C122EFEF99B7DAC2619D7620F23D0C4B471FF7954DFBE41C31E","False","2026-05-18 23:19:14"
"Backend\PlantProcess.Application\Contracts\Readiness\ApplicationReadinessDto.cs","01_Backend_Core","Backend Core: API, Application, Analytics, Domain, Infrastructure, Workers","C# Source",".cs","90","2822","2.76","3BE2DE0AB9B5DBE41C783B9CF98E464EA11EE0ED39670201DA92C1FC5720EBF6","False","2026-05-19 11:04:58"
"Backend\PlantProcess.Application\Dashboarding\Contracts\DashboardDefinitionDtos.cs","01_Backend_Core","Backend Core: API, Application, Analytics, Domain, Infrastructure, Workers","C# Source",".cs","95","2391","2.33","8AB3A51B5FCA0D464D5C444072BFFAF4EC98090F8453DEF49D79AAE40C8DFC5E","False","2026-05-18 23:19:14"
"Backend\PlantProcess.Application\Dashboarding\Contracts\DashboardDtos.cs","01_Backend_Core","Backend Core: API, Application, Analytics, Domain, Infrastructure, Workers","C# Source",".cs","185","5405","5.28","3AC53FFD15729D108A112CDE5FC169F4C8A4D343674798A0E6A6D199648EE550","False","2026-05-18 23:19:14"
"Backend\PlantProcess.Application\Dashboarding\Contracts\DashboardMetadataDtos.cs","01_Backend_Core","Backend Core: API, Application, Analytics, Domain, Infrastructure, Workers","C# Source",".cs","201","6550","6.4","8CA2211BD30F2DCE3BC094C899D7F7AE4C06FF79C53D70906FB5A90A92832449","False","2026-05-18 23:19:14"
"Backend\PlantProcess.Application\Dashboarding\Contracts\WidgetQueryExpressionDtos.cs","01_Backend_Core","Backend Core: API, Application, Analytics, Domain, Infrastructure, Workers","C# Source",".cs","58","1623","1.58","1A397A55F270B196E547261A91215BCA2FE6F20BCA19D44F99652ED17A2DABCE","False","2026-05-30 10:44:13"
"Backend\PlantProcess.Application\Dashboarding\Interfaces\IDashboardDefinitionService.cs","01_Backend_Core","Backend Core: API, Application, Analytics, Domain, Infrastructure, Workers","C# Source",".cs","70","2532","2.47","52DADE3DFEC950791D41D3D3787C885188BD04ABA1DD5DF56ADFE46495908B69","False","2026-05-18 23:19:14"
"Backend\PlantProcess.Application\Dashboarding\Interfaces\IDashboardMetadataService.cs","01_Backend_Core","Backend Core: API, Application, Analytics, Domain, Infrastructure, Workers","C# Source",".cs","13","344","0.34","3E02A84DCC92BBCB5ABC68D80F8A423403CCF9D34B656CDF35277E9200999C7A","False","2026-05-18 23:19:14"
"Backend\PlantProcess.Application\Dashboarding\Interfaces\IDashboardQueryService.cs","01_Backend_Core","Backend Core: API, Application, Analytics, Domain, Infrastructure, Workers","C# Source",".cs","34","1192","1.16","23B7C559CB89CEE8054AEE769B8DC6BA64B36E72402A226904F9F6D50CBB556F","False","2026-05-18 23:19:14"
"Backend\PlantProcess.Application\Dashboarding\Interfaces\IDashboardWidgetQueryService.cs","01_Backend_Core","Backend Core: API, Application, Analytics, Domain, Infrastructure, Workers","C# Source",".cs","14","392","0.38","1CA4F2409AF721917EF5E28573D99770D6E14989683A4CB5E4690713BD2F8FDE","False","2026-05-18 23:19:14"
"Backend\PlantProcess.Application\Dashboarding\Interfaces\IDashboardWidgetValidationService.cs","01_Backend_Core","Backend Core: API, Application, Analytics, Domain, Infrastructure, Workers","C# Source",".cs","13","346","0.34","09809390F81EA305509048F60192D8D5F32D25E809B65CABAC56E0C0FAF47BBD","False","2026-05-18 23:19:14"
"Backend\PlantProcess.Application\Dashboarding\Interfaces\IWidgetQueryExpressionService.cs","01_Backend_Core","Backend Core: API, Application, Analytics, Domain, Infrastructure, Workers","C# Source",".cs","11","408","0.4","D2206A833AF9263F258111544818DC2AC217FCDF60E0518559A54A71C5B33497","False","2026-05-30 10:44:13"
"Backend\PlantProcess.Application\Dashboarding\Services\Dashboards\DashboardDefinitionService.cs","01_Backend_Core","Backend Core: API, Application, Analytics, Domain, Infrastructure, Workers","C# Source",".cs","902","34562","33.75","C37C0CC34203CC9D593AC3BEA2C0BFF275B7D1C17DAB6C7D04CA052D555134DB","False","2026-05-21 21:18:16"
"Backend\PlantProcess.Application\Dashboarding\Services\Metadata\DashboardMetadataService.cs","01_Backend_Core","Backend Core: API, Application, Analytics, Domain, Infrastructure, Workers","C# Source",".cs","559","21943","21.43","5EC956D1CC3150E9B089DF0B6E832334B376BAE33514ED3A32F3738E1556667F","False","2026-05-18 23:19:14"
"Backend\PlantProcess.Application\Dashboarding\Services\Queries\DashboardQueryService.cs","01_Backend_Core","Backend Core: API, Application, Analytics, Domain, Infrastructure, Workers","C# Source",".cs","799","33863","33.07","8CE7B33ECEC46E7D48EC03A9C50767B881856240F8ED3795E1CAA5C074AFCC2C","False","2026-05-18 23:19:14"
"Backend\PlantProcess.Application\Dashboarding\Services\Queries\DashboardWidgetQueryService.cs","01_Backend_Core","Backend Core: API, Application, Analytics, Domain, Infrastructure, Workers","C# Source",".cs","850","33754","32.96","08CD5750DF4004816177F0199783EEB1F31918E31ECFF0B76D78828C2F4F588A","False","2026-05-21 12:14:30"
"Backend\PlantProcess.Application\Dashboarding\Services\Widgets\DashboardWidgetQuerySafetyRegistry.cs","01_Backend_Core","Backend Core: API, Application, Analytics, Domain, Infrastructure, Workers","C# Source",".cs","155","5934","5.79","90C56DD756C7064914ACCF8B647F306172C2BEEBC1AE527DC7FA0FF5BBAF86D6","False","2026-05-18 23:19:14"
"Backend\PlantProcess.Application\Dashboarding\Services\Widgets\DashboardWidgetValidationService.cs","01_Backend_Core","Backend Core: API, Application, Analytics, Domain, Infrastructure, Workers","C# Source",".cs","139","5963","5.82","3C95D896BB8A569E95A317570917EFC6771A14E676DA07DC85D319ED2FFEDB3D","False","2026-05-18 23:19:14"
"Backend\PlantProcess.Application\Dashboarding\Services\Widgets\WidgetQueryExpressionService.cs","01_Backend_Core","Backend Core: API, Application, Analytics, Domain, Infrastructure, Workers","C# Source",".cs","418","14959","14.61","3A5376D484F51EEB42DB280A06308B7F1FBDBAD2FD06F580FDFED765DA0F48A0","False","2026-05-30 10:44:13"
"Backend\PlantProcess.Application\Dashboarding\Services\Widgets\WidgetScriptSqlCompiler.cs","01_Backend_Core","Backend Core: API, Application, Analytics, Domain, Infrastructure, Workers","C# Source",".cs","240","11945","11.67","A24FB36D44DD358974DC56CB4E0AEA6010CCCB59F0406A1C97F53128B79B5B14","False","2026-06-03 10:47:18"
"Backend\PlantProcess.Application\Demo\Contracts\DemoLifecycleDtos.cs","01_Backend_Core","Backend Core: API, Application, Analytics, Domain, Infrastructure, Workers","C# Source",".cs","102","2946","2.88","D6516C72F25D7140B06F15DE3531B2B5E8F84E3A6F326896EEC2272B52470BC2","False","2026-05-21 15:01:13"
"Backend\PlantProcess.Application\Demo\Interfaces\IDemoLifecycleService.cs","01_Backend_Core","Backend Core: API, Application, Analytics, Domain, Infrastructure, Workers","C# Source",".cs","9","304","0.3","6714B05C1E117DB5F2073777F50B3642F8887A7840C53455FBEEC506D6FAB077","False","2026-05-21 13:49:18"
"Backend\PlantProcess.Application\Demo\Readiness\DemoReadinessEvaluator.cs","01_Backend_Core","Backend Core: API, Application, Analytics, Domain, Infrastructure, Workers","C# Source",".cs","43","1639","1.6","F138B984FDB8092B0C04EF7E2D9A7571EAE2B3F4E33079CDC4C161764C27D898","False","2026-06-15 06:40:38"
"Backend\PlantProcess.Application\Demo\Services\DemoLifecycleService.cs","01_Backend_Core","Backend Core: API, Application, Analytics, Domain, Infrastructure, Workers","C# Source",".cs","584","24707","24.13","52B0B895B291595E9CE760C33C7DC8608DAF9ED8CCFCE39218628582F92717DA","False","2026-05-21 15:01:25"
"Backend\PlantProcess.Application\DependencyInjection.cs","01_Backend_Core","Backend Core: API, Application, Analytics, Domain, Infrastructure, Workers","C# Source",".cs","134","7803","7.62","92A1AA84F3FA1D81ABA39F871A0286A9D84777A3BF54BE5319183DABDABF7F98","False","2026-06-09 13:20:06"
"Backend\PlantProcess.Application\GlobalUsings.T08.cs","01_Backend_Core","Backend Core: API, Application, Analytics, Domain, Infrastructure, Workers","C# Source",".cs","3","269","0.26","5A98AA69CF632055D30F37598B1408922EBB12AB133AE01E56C187EB3E826EA6","False","2026-06-12 23:47:56"
"Backend\PlantProcess.Application\Integration\Connectors\ConnectorCertification.cs","01_Backend_Core","Backend Core: API, Application, Analytics, Domain, Infrastructure, Workers","C# Source",".cs","76","2081","2.03","F95ADF5D1D512C9109F1F441995344A4C124412A06B3B2CCE7F278A5C5218B44","False","2026-06-09 13:33:08"
"Backend\PlantProcess.Application\Integration\Connectors\ConnectorProviderCatalog.cs","01_Backend_Core","Backend Core: API, Application, Analytics, Domain, Infrastructure, Workers","C# Source",".cs","94","4884","4.77","E04D805690CAD63674B90613819F2203A544524A45FA801A0ACF1F809978AEA8","False","2026-06-12 23:50:53"
"Backend\PlantProcess.Application\Integration\Connectors\ProviderAvailability.cs","01_Backend_Core","Backend Core: API, Application, Analytics, Domain, Infrastructure, Workers","C# Source",".cs","28","1194","1.17","94E40232A35767D4C73D9AAA7E9B9FBE14377888674C3C048DF3A7518FBFF348","False","2026-06-12 23:50:53"
"Backend\PlantProcess.Application\Integration\Contracts\Commands\BulkCreateStagingRecordsCommand.cs","01_Backend_Core","Backend Core: API, Application, Analytics, Domain, Infrastructure, Workers","C# Source",".cs","18","456","0.45","6818D2FFDDE3D7A4A1C0B65F506A814987C28AF41A8507C4262E5363813E32BF","False","2026-05-18 23:19:14"
"Backend\PlantProcess.Application\Integration\Contracts\Commands\CreateImportBatchCommand.cs","01_Backend_Core","Backend Core: API, Application, Analytics, Domain, Infrastructure, Workers","C# Source",".cs","15","377","0.37","DBF8852649E1CFB31D821C0ED5946C1EE530EA2B0A40C781937C7D9097316462","False","2026-05-18 23:19:14"
"Backend\PlantProcess.Application\Integration\Contracts\Commands\RunImportWorkflowCommand.cs","01_Backend_Core","Backend Core: API, Application, Analytics, Domain, Infrastructure, Workers","C# Source",".cs","36","1197","1.17","DEACB458411452E808AE613203908EC83D2D37FF5FA85E3269DFE0BD4DC3DA3F","False","2026-05-18 23:19:14"
"Backend\PlantProcess.Application\Integration\Contracts\ConnectionProfiles\ConnectionProfileDtos.cs","01_Backend_Core","Backend Core: API, Application, Analytics, Domain, Infrastructure, Workers","C# Source",".cs","16","271","0.26","0A3929FA6585E1E1F704A06F953FA6F03CF4F2BB5A1A2509A8C8C74D42407407","False","2026-05-18 23:19:14"
"Backend\PlantProcess.Application\Integration\Contracts\ConnectionProfiles\CreateConnectionProfileCommand.cs","01_Backend_Core","Backend Core: API, Application, Analytics, Domain, Infrastructure, Workers","C# Source",".cs","16","280","0.27","B93BD1CAAC0B5A88757DC47F50DB6822E556DA16DE2FE0404918017CCCF33FCE","False","2026-05-18 23:19:14"
"Backend\PlantProcess.Application\Integration\Contracts\Dtos\ConnectorDtos.cs","01_Backend_Core","Backend Core: API, Application, Analytics, Domain, Infrastructure, Workers","C# Source",".cs","180","4891","4.78","7CE25E155BC9E2BC19EF5FDE7E13F41B3BF67A80CA7C5EF116B81C1887F54B79","False","2026-05-18 23:19:14"
"Backend\PlantProcess.Application\Integration\Contracts\Dtos\DataSourceConnectorDtos.cs","01_Backend_Core","Backend Core: API, Application, Analytics, Domain, Infrastructure, Workers","C# Source",".cs","80","2198","2.15","F319040914B385283F532F8B42D2255610AF01D9CFE92D21ACAAE33D91D15DC7","False","2026-05-18 23:19:14"
"Backend\PlantProcess.Application\Integration\Contracts\Dtos\ImportWorkflowResult.cs","01_Backend_Core","Backend Core: API, Application, Analytics, Domain, Infrastructure, Workers","C# Source",".cs","51","1416","1.38","A8ADFC0BE1BB55A01AB79F074567768472E92B1CC6780F2B639696DF8D80D119","False","2026-05-18 23:19:14"
"Backend\PlantProcess.Application\Integration\Contracts\Dtos\SchemaConfigurationDtos.cs","01_Backend_Core","Backend Core: API, Application, Analytics, Domain, Infrastructure, Workers","C# Source",".cs","107","2899","2.83","E8472EF0F1F26F932336370ECBBFF8B38C6B4D03F651ABE4DAAFAC3A8D3C1658","False","2026-05-18 23:19:14"
"Backend\PlantProcess.Application\Integration\Contracts\Dtos\SourceDiscoveryDtos.cs","01_Backend_Core","Backend Core: API, Application, Analytics, Domain, Infrastructure, Workers","C# Source",".cs","34","1162","1.13","58D3FF7A3897446F2CF6F1894BE48F065BC06ADA268F9CBB2AA7B11DA09F137A","False","2026-07-08 13:42:55"
"Backend\PlantProcess.Application\Integration\Contracts\Jobs\JobDefinitionDtos.cs","01_Backend_Core","Backend Core: API, Application, Analytics, Domain, Infrastructure, Workers","C# Source",".cs","55","1406","1.37","E9E5931D4D5A728F69837FF19CED1A74C835C9F0D82CA015A888265D8C8975B5","False","2026-05-18 23:19:14"
"Backend\PlantProcess.Application\Integration\Contracts\Jobs\JobOperationsDtos.cs","01_Backend_Core","Backend Core: API, Application, Analytics, Domain, Infrastructure, Workers","C# Source",".cs","58","1488","1.45","644CAF746D5932351F5041487963D1BCF891335D5275DEB8736FDB9B8B855CAF","False","2026-05-18 23:19:14"
"Backend\PlantProcess.Application\Integration\Contracts\Jobs\JobRunHistoryDtos.cs","01_Backend_Core","Backend Core: API, Application, Analytics, Domain, Infrastructure, Workers","C# Source",".cs","16","253","0.25","D16A21D7ED196990DA8FC54A7F87AF8A1BDC733E5F504F158343D5B7F88A9CF1","False","2026-05-18 23:19:14"
"Backend\PlantProcess.Application\Integration\Contracts\Mapping\CreateMappingDefinitionCommand.cs","01_Backend_Core","Backend Core: API, Application, Analytics, Domain, Infrastructure, Workers","C# Source",".cs","17","442","0.43","FE4E0D7C86B6057A1FE714DA22E68C34AC1E51D505BCF7233CA87BB2EDCE3013","False","2026-05-18 23:19:14"
"Backend\PlantProcess.Application\Integration\Contracts\Mapping\MappingDefinitionDtos.cs","01_Backend_Core","Backend Core: API, Application, Analytics, Domain, Infrastructure, Workers","C# Source",".cs","16","260","0.25","E098590D68BD7FBD4941D9FEB3E5F3642401774DCABFFBF0FF582A6BADC26CCC","False","2026-05-18 23:19:14"
"Backend\PlantProcess.Application\Integration\Contracts\Mapping\MappingExecutionResult.cs","01_Backend_Core","Backend Core: API, Application, Analytics, Domain, Infrastructure, Workers","C# Source",".cs","26","636","0.62","AAFCBF727F1E5567B03F4317504AA004910CCE906DFA73C1020F6DC3ED666708","False","2026-05-18 23:19:14"
"Backend\PlantProcess.Application\Integration\Contracts\SourceSystems\RegisterSourceSystemCommand.cs","01_Backend_Core","Backend Core: API, Application, Analytics, Domain, Infrastructure, Workers","C# Source",".cs","14","363","0.35","9C929A56CDB7C5A5D1C03D80139325BDF9F749E71AEB2E3B41E850C1ECB54D66","False","2026-05-18 23:19:14"
"Backend\PlantProcess.Application\Integration\Contracts\SourceSystems\SourceSystemDtos.cs","01_Backend_Core","Backend Core: API, Application, Analytics, Domain, Infrastructure, Workers","C# Source",".cs","16","261","0.25","8F49FFB45D48C482227AE548F8DBCB8C1084AADC3F71F22000683CC6A24C5612","False","2026-05-18 23:19:14"
"Backend\PlantProcess.Application\Integration\Contracts\Staging\StagingRecordBulkCreateResult.cs","01_Backend_Core","Backend Core: API, Application, Analytics, Domain, Infrastructure, Workers","C# Source",".cs","16","391","0.38","01E615283330E1C823B27AA39B71921AC64EC34A5E36FF0E2211364D2AA225A1","False","2026-05-18 23:19:14"
"Backend\PlantProcess.Application\Integration\Interfaces\Connectors\IConnectorConfigurationService.cs","01_Backend_Core","Backend Core: API, Application, Analytics, Domain, Infrastructure, Workers","C# Source",".cs","75","2915","2.85","F47EF30C17093F4080DA886B3099038377FDA3FE4E18B4B58BCAA5774C041823","False","2026-07-08 13:42:55"
"Backend\PlantProcess.Application\Integration\Interfaces\Import\IImportBatchQueueProcessorService.cs","01_Backend_Core","Backend Core: API, Application, Analytics, Domain, Infrastructure, Workers","C# Source",".cs","18","500","0.49","32AD81A4AEB5EF23D81A84E8FBC672F81BF8BABD59402A836B93ABE959996BAE","False","2026-05-18 23:19:14"
"Backend\PlantProcess.Application\Integration\Interfaces\Import\IImportBatchService.cs","01_Backend_Core","Backend Core: API, Application, Analytics, Domain, Infrastructure, Workers","C# Source",".cs","70","2160","2.11","228C24401A89154541411A5452175810F158E30FC37BEAE5CC3DF83E7AC4DEAA","False","2026-05-18 23:19:14"
"Backend\PlantProcess.Application\Integration\Interfaces\Import\IImportWorkflowService.cs","01_Backend_Core","Backend Core: API, Application, Analytics, Domain, Infrastructure, Workers","C# Source",".cs","16","452","0.44","417082968F8F519CAD121615AD9FCCC5E973BA3D337FAD0E30F50B638C3D24E7","False","2026-05-18 23:19:14"
"Backend\PlantProcess.Application\Integration\Interfaces\Jobs\IJobDefinitionService.cs","01_Backend_Core","Backend Core: API, Application, Analytics, Domain, Infrastructure, Workers","C# Source",".cs","46","1539","1.5","D93809A0F97B3D5DA67250B520A2278DB045E641B55FFBA9E97F3FB5B7D74539","False","2026-05-18 23:19:14"
"Backend\PlantProcess.Application\Integration\Interfaces\Jobs\IJobRegistrationService.cs","01_Backend_Core","Backend Core: API, Application, Analytics, Domain, Infrastructure, Workers","C# Source",".cs","18","551","0.54","15083DAF3D99BD063AD3E7AF846942D18BA38774C5083CA8599AC554F1DA4F3A","False","2026-05-18 23:19:14"
"Backend\PlantProcess.Application\Integration\Interfaces\Jobs\IJobRunOrchestratorService.cs","01_Backend_Core","Backend Core: API, Application, Analytics, Domain, Infrastructure, Workers","C# Source",".cs","17","500","0.49","27B9BEEFA664E3B17A0FE59DDF81E94A20D4A20EF702027A2740FF5851313346","False","2026-05-18 23:19:14"
"Backend\PlantProcess.Application\Integration\Interfaces\Jobs\IJobRuntimeService.cs","01_Backend_Core","Backend Core: API, Application, Analytics, Domain, Infrastructure, Workers","C# Source",".cs","32","1007","0.98","CC85938D9EC4EA71AEBCC2ED14AA9727BE821B82C64B5D5A256CF129530D710B","False","2026-05-18 23:19:14"
"Backend\PlantProcess.Application\Integration\Interfaces\Mapping\IMappingDefinitionService.cs","01_Backend_Core","Backend Core: API, Application, Analytics, Domain, Infrastructure, Workers","C# Source",".cs","36","1422","1.39","AA08ED8ACCC2FB003E6B2ECB9D9B9259E07661E34BCAF47D45A1938FC8FBA608","False","2026-05-18 23:19:14"
"Backend\PlantProcess.Application\Integration\Interfaces\Mapping\IMappingExecutionService.cs","01_Backend_Core","Backend Core: API, Application, Analytics, Domain, Infrastructure, Workers","C# Source",".cs","24","671","0.66","5FC0140AD53AD99DCB19C33E75ED149CD03B1F19387E2A1896D6CCCE37A7F5BF","False","2026-05-18 23:19:14"
"Backend\PlantProcess.Application\Integration\Interfaces\SchemaConfiguration\ISchemaConfigurationService.cs","01_Backend_Core","Backend Core: API, Application, Analytics, Domain, Infrastructure, Workers","C# Source",".cs","54","1929","1.88","14DD5AA05D56C7C5129D3107A24EA21BF8987EC4978A557127319B7C17BE83B6","False","2026-05-18 23:19:14"
"Backend\PlantProcess.Application\Integration\Interfaces\SchemaConfiguration\ISchemaReader.cs","01_Backend_Core","Backend Core: API, Application, Analytics, Domain, Infrastructure, Workers","C# Source",".cs","24","771","0.75","E38FFDFDB6C924A0F3F7D3FD3E68CECAEAA9D53E7E15C06D5BD541FF754F8F5D","False","2026-05-18 23:19:14"
"Backend\PlantProcess.Application\Integration\Interfaces\SourceSystems\IDataSourceConnector.cs","01_Backend_Core","Backend Core: API, Application, Analytics, Domain, Infrastructure, Workers","C# Source",".cs","32","814","0.79","658F405A03484552CBD358B3F5CA84081E72CED63D5616D5C68548570270196F","False","2026-05-24 13:20:18"
"Backend\PlantProcess.Application\Integration\Interfaces\SourceSystems\IDataSourceConnectorFactory.cs","01_Backend_Core","Backend Core: API, Application, Analytics, Domain, Infrastructure, Workers","C# Source",".cs","21","598","0.58","E732608E5189F3CEF13D613F4ED757B8518B67733478B3526DB6F125DDD64694","False","2026-05-18 23:19:14"
"Backend\PlantProcess.Application\Integration\Interfaces\SourceSystems\IDataSourceReader.cs","01_Backend_Core","Backend Core: API, Application, Analytics, Domain, Infrastructure, Workers","C# Source",".cs","34","1095","1.07","1B22CD47AABA61A85A6DA3BFE2E7AB0F3FABC4356B20EBAA12C27199061CA8FC","False","2026-05-18 23:19:14"
"Backend\PlantProcess.Application\Integration\Interfaces\SourceSystems\IDeltaImportExecutionService.cs","01_Backend_Core","Backend Core: API, Application, Analytics, Domain, Infrastructure, Workers","C# Source",".cs","21","624","0.61","2FA9B8619448F8A274EB71895C2D915C35CC8935CF8FE1DF7F151B588E67EE66","False","2026-05-22 19:06:10"
"Backend\PlantProcess.Application\Integration\Interfaces\SourceSystems\IIncrementalSyncStateService.cs","01_Backend_Core","Backend Core: API, Application, Analytics, Domain, Infrastructure, Workers","C# Source",".cs","23","703","0.69","F0ABFFAF3E01B1CD20D074303A4B9D5477A343F1A6E620EAB74C867166830840","False","2026-05-18 23:19:14"
"Backend\PlantProcess.Application\Integration\Interfaces\SourceSystems\ISourceSystemService.cs","01_Backend_Core","Backend Core: API, Application, Analytics, Domain, Infrastructure, Workers","C# Source",".cs","26","804","0.79","C6AFC9AEAA1EA439E273BEF33889098C2FC127E6AB43AA56AC4CFE7605CF371B","False","2026-05-18 23:19:14"
"Backend\PlantProcess.Application\Integration\Interfaces\Staging\IStagingRecordService.cs","01_Backend_Core","Backend Core: API, Application, Analytics, Domain, Infrastructure, Workers","C# Source",".cs","16","478","0.47","6C17C6EF3BE86DDD17242354DC49E8651D6973CF6DCBA1B6638A5FCB74EA781B","False","2026-05-18 23:19:14"
"Backend\PlantProcess.Application\Integration\Mapping\Faults\MappingFaultClassifier.cs","01_Backend_Core","Backend Core: API, Application, Analytics, Domain, Infrastructure, Workers","C# Source",".cs","30","1258","1.23","9FDB4B1CEED978C8CBC1A70A92DCB3A1410F47500D6AC1EB937E25857716C029","False","2026-06-15 09:18:31"
"Backend\PlantProcess.Application\Integration\Protection\ISourceLoadBudgetProvider.cs","01_Backend_Core","Backend Core: API, Application, Analytics, Domain, Infrastructure, Workers","C# Source",".cs","12","461","0.45","7E5155BFC1DF30C9BAF1B86F2457B3559B0B3C3BB95455FCE67A785D1DE40394","False","2026-06-25 08:07:00"
"Backend\PlantProcess.Application\Integration\Protection\SourceLoadBudgetOptions.cs","01_Backend_Core","Backend Core: API, Application, Analytics, Domain, Infrastructure, Workers","C# Source",".cs","35","1195","1.17","C54B1D1BEA899ECC65C7CC13B9B1CA4ABCDD76E4AC8FE5136578447D8D91D5C8","False","2026-06-25 08:07:00"
"Backend\PlantProcess.Application\Integration\Protection\SourceLoadProtectionPolicy.cs","01_Backend_Core","Backend Core: API, Application, Analytics, Domain, Infrastructure, Workers","C# Source",".cs","64","2660","2.6","407B19C809965053508C1E0EB7F33D2CB577A41A07456F2BC5BDBCD329D99C3F","False","2026-06-15 09:18:31"
"Backend\PlantProcess.Application\Integration\Protection\SourceLoadRejectedException.cs","01_Backend_Core","Backend Core: API, Application, Analytics, Domain, Infrastructure, Workers","C# Source",".cs","20","633","0.62","F3474C78CEF6293D386CF6689B31336883487B80411C805FAABAF6E7E0F4AAD8","False","2026-06-25 08:07:00"
"Backend\PlantProcess.Application\Integration\Protection\SourceQueryRateLimiter.cs","01_Backend_Core","Backend Core: API, Application, Analytics, Domain, Infrastructure, Workers","C# Source",".cs","41","1325","1.29","C6149E4B4071CD04CBE72233C715CA75D362149434DDCFC983AE61654BCE31E6","False","2026-06-25 08:07:00"
"Backend\PlantProcess.Application\Integration\Protection\ThrottlingDataSourceReader.cs","01_Backend_Core","Backend Core: API, Application, Analytics, Domain, Infrastructure, Workers","C# Source",".cs","71","2859","2.79","F394E1D04C447E69F847EA69BE84FC4CF2C926C832145673BFD8690F63EBA825","False","2026-06-25 08:07:00"
"Backend\PlantProcess.Application\Integration\Security\CanonicalTableAllowlist.cs","01_Backend_Core","Backend Core: API, Application, Analytics, Domain, Infrastructure, Workers","C# Source",".cs","26","1217","1.19","BBE07577402990842776F537D75B591840B6FAC7B4619D8C75769A0ED3367D44","False","2026-06-04 00:19:36"
"Backend\PlantProcess.Application\Integration\Security\ITableAllowlistProvider.cs","01_Backend_Core","Backend Core: API, Application, Analytics, Domain, Infrastructure, Workers","C# Source",".cs","17","681","0.67","FD7D1DE3C57389E112ADD488F1B2B988AB0F0DD918B4DC8C55D28A9404337D07","False","2026-06-04 00:19:36"
"Backend\PlantProcess.Application\Integration\Security\SafeSqlCommentStripper.cs","01_Backend_Core","Backend Core: API, Application, Analytics, Domain, Infrastructure, Workers","C# Source",".cs","121","3410","3.33","E9302756654B5A73444782FDAA0CCEF74AD9D355925AD9BFE8359EEF2822FE17","False","2026-06-07 13:44:19"
"Backend\PlantProcess.Application\Integration\Security\SafeSqlValidator.cs","01_Backend_Core","Backend Core: API, Application, Analytics, Domain, Infrastructure, Workers","C# Source",".cs","356","12546","12.25","2DD25242DCDA52C82649D39C73EDEB19071247CFB8CA4E42DF5E1A03687FAC0C","False","2026-06-07 13:44:19"
"Backend\PlantProcess.Application\Integration\Security\SqlAllowlistProvider.cs","01_Backend_Core","Backend Core: API, Application, Analytics, Domain, Infrastructure, Workers","C# Source",".cs","101","2784","2.72","E25B7A64691DE519BB153398E097912F4B1980AFD3B9A2B16993C2EC1D4C67FA","False","2026-06-04 07:47:03"
"Backend\PlantProcess.Application\Integration\Services\Connectors\ConnectorConfigurationService.cs","01_Backend_Core","Backend Core: API, Application, Analytics, Domain, Infrastructure, Workers","C# Source",".cs","32","1171","1.14","85B0A55515C02C94065A1DE2929494D27CB9491132446EA0CE3A5D329201E484","False","2026-06-07 14:57:27"
"Backend\PlantProcess.Application\Integration\Services\Connectors\ConnectorConfigurationService.Csv.014.DiscoverCsvSchemaAsync.cs","01_Backend_Core","Backend Core: API, Application, Analytics, Domain, Infrastructure, Workers","C# Source",".cs","81","3661","3.58","D2DF4D1B2AFF14008ECECB4FBEEEC8C2ABA842DDF9026B31260D0CA41E7C7150","False","2026-06-07 14:57:27"
"Backend\PlantProcess.Application\Integration\Services\Connectors\ConnectorConfigurationService.Csv.015.PreviewCsvAsync.cs","01_Backend_Core","Backend Core: API, Application, Analytics, Domain, Infrastructure, Workers","C# Source",".cs","41","1739","1.7","59ED22C455F8FE0D609414B0D1CF0E4198C34416E0387FD6B8F837AE2A835DB2","False","2026-06-07 14:57:27"
"Backend\PlantProcess.Application\Integration\Services\Connectors\ConnectorConfigurationService.Csv.016.ImportCsvSnapshotAsync.cs","01_Backend_Core","Backend Core: API, Application, Analytics, Domain, Infrastructure, Workers","C# Source",".cs","118","5356","5.23","1A973238D4E59843205B9C677AA7905BA46B1D5E07538AEA32E11DE8D0EC7AF1","False","2026-06-07 14:57:27"
"Backend\PlantProcess.Application\Integration\Services\Connectors\ConnectorConfigurationService.Csv.024.ResolveDelimiter.cs","01_Backend_Core","Backend Core: API, Application, Analytics, Domain, Infrastructure, Workers","C# Source",".cs","36","1171","1.14","363B02684E5524BCEF3D6C426B6B9A347C24FB6FE7A0FF9A5A1F2855F6A7B842","False","2026-06-07 14:57:27"
"Backend\PlantProcess.Application\Integration\Services\Connectors\ConnectorConfigurationService.CsvParser.999.CsvTextParser.cs","01_Backend_Core","Backend Core: API, Application, Analytics, Domain, Infrastructure, Workers","C# Source",".cs","19","804","0.79","CA153B7BD8487650AD043DB6E4738A7A92AAF7DA9EC8BFF4DAE618EF90857D84","False","2026-06-07 14:57:27"
"Backend\PlantProcess.Application\Integration\Services\Connectors\ConnectorConfigurationService.Datasets.009.ToDatasetDto.cs","01_Backend_Core","Backend Core: API, Application, Analytics, Domain, Infrastructure, Workers","C# Source",".cs","41","1887","1.84","D3A72FC3701EDD26E41C202305448BB7DA380961BEAAED41311F5C1DE35C571E","False","2026-06-07 14:57:27"
"Backend\PlantProcess.Application\Integration\Services\Connectors\ConnectorConfigurationService.Datasets.010.DiscoverSchemaAsync.cs","01_Backend_Core","Backend Core: API, Application, Analytics, Domain, Infrastructure, Workers","C# Source",".cs","140","7013","6.85","78C0F121ECC7E9F0B459F8F164A6B82B360EB33EFABBEC3B0AA8816B6A26C8DD","False","2026-06-07 14:57:27"
"Backend\PlantProcess.Application\Integration\Services\Connectors\ConnectorConfigurationService.Datasets.012.GetDatasetsAsync.cs","01_Backend_Core","Backend Core: API, Application, Analytics, Domain, Infrastructure, Workers","C# Source",".cs","61","2665","2.6","3E380FD89F7C8754D78413E1BA01DBB98B43C918AB345176737303E28D39B4D6","False","2026-06-07 14:57:27"
"Backend\PlantProcess.Application\Integration\Services\Connectors\ConnectorConfigurationService.Datasets.013.CreateDatasetAsync.cs","01_Backend_Core","Backend Core: API, Application, Analytics, Domain, Infrastructure, Workers","C# Source",".cs","75","3869","3.78","6A0B3A69B62EFCE3AB35C9E22C972C0EDF610007B30913083B841200E84722AF","False","2026-07-12 14:36:28"
"Backend\PlantProcess.Application\Integration\Services\Connectors\ConnectorConfigurationService.Datasets.018.GetDatasetDtoQuery.cs","01_Backend_Core","Backend Core: API, Application, Analytics, Domain, Infrastructure, Workers","C# Source",".cs","44","1969","1.92","4FF680D79C6D9A7EA75E10413E70F2A76F457C8290D23AB40392FA26D4330575","False","2026-07-12 14:36:28"
"Backend\PlantProcess.Application\Integration\Services\Connectors\ConnectorConfigurationService.Discovery.030.LiveDiscovery.cs","01_Backend_Core","Backend Core: API, Application, Analytics, Domain, Infrastructure, Workers","C# Source",".cs","128","5766","5.63","A82D0B29D71E820D7CBA9647F9CDDF1711B2036BA9DDCD4F755F06EF24685B1C","False","2026-07-08 13:42:55"
"Backend\PlantProcess.Application\Integration\Services\Connectors\ConnectorConfigurationService.Fields.020.BuildFieldDefinitions.cs","01_Backend_Core","Backend Core: API, Application, Analytics, Domain, Infrastructure, Workers","C# Source",".cs","54","2369","2.31","F5599C3C1646A8FED84EA6AE21C2CA02411F36F6A3C22A544A46B373F3FBDEE0","False","2026-06-07 14:57:27"
"Backend\PlantProcess.Application\Integration\Services\Connectors\ConnectorConfigurationService.Fields.021.BuildFieldDefinitionDtos.cs","01_Backend_Core","Backend Core: API, Application, Analytics, Domain, Infrastructure, Workers","C# Source",".cs","52","2087","2.04","3211FE7B2FA29A74838212EF9D122BF1EB62E2AA8A3BCB21ABBDD2B19DDDDAD5","False","2026-06-07 14:57:27"
"Backend\PlantProcess.Application\Integration\Services\Connectors\ConnectorConfigurationService.Helpers.011.NormalizeCode.cs","01_Backend_Core","Backend Core: API, Application, Analytics, Domain, Infrastructure, Workers","C# Source",".cs","28","1069","1.04","87568846B5A0C048B96FF884CB019E6C01CC510590E42DBFC7E7ACD5A3D39D63","False","2026-06-07 14:57:27"
"Backend\PlantProcess.Application\Integration\Services\Connectors\ConnectorConfigurationService.Helpers.023.NormalizeProviderType.cs","01_Backend_Core","Backend Core: API, Application, Analytics, Domain, Infrastructure, Workers","C# Source",".cs","36","1293","1.26","51E9D850BF892E8C11D4CCDB8CA68560370AB7E37580A63FB3D0524E6598816D","False","2026-06-07 14:57:27"
"Backend\PlantProcess.Application\Integration\Services\Connectors\ConnectorConfigurationService.Helpers.025.InferDataType.cs","01_Backend_Core","Backend Core: API, Application, Analytics, Domain, Infrastructure, Workers","C# Source",".cs","43","1429","1.4","6F4C2298847D58F0F43245AF53443EE542E08AA18038C12E7DE454B2036AC962","False","2026-06-07 14:57:27"
"Backend\PlantProcess.Application\Integration\Services\Connectors\ConnectorConfigurationService.Helpers.026.LooksLikeKey.cs","01_Backend_Core","Backend Core: API, Application, Analytics, Domain, Infrastructure, Workers","C# Source",".cs","25","961","0.94","182AAD79EC0809C840A81353992B8BD717113805167CFF803C5519244F1E4813","False","2026-06-07 14:57:27"
"Backend\PlantProcess.Application\Integration\Services\Connectors\ConnectorConfigurationService.Helpers.027.LooksLikeTimestamp.cs","01_Backend_Core","Backend Core: API, Application, Analytics, Domain, Infrastructure, Workers","C# Source",".cs","25","971","0.95","67D5D2F3FD2BD63E514F8869960DE995A3B424695203BE610CB458443D3C106F","False","2026-06-07 14:57:27"
"Backend\PlantProcess.Application\Integration\Services\Connectors\ConnectorConfigurationService.Helpers.028.Parse.cs","01_Backend_Core","Backend Core: API, Application, Analytics, Domain, Infrastructure, Workers","C# Source",".cs","165","5702","5.57","A45D1E162153B6BAC1DD58F2BC6A8125AA38CF6C49CACBE9C7B77874614C0242","False","2026-06-07 14:57:27"
"Backend\PlantProcess.Application\Integration\Services\Connectors\ConnectorConfigurationService.Profiles.002.GetConnectionProfilesAsync.cs","01_Backend_Core","Backend Core: API, Application, Analytics, Domain, Infrastructure, Workers","C# Source",".cs","71","3111","3.04","13665D37CC3C5F7A59A7B3525DE71CA0A9B366814F277C99E60080837E963B00","False","2026-06-07 14:57:27"
"Backend\PlantProcess.Application\Integration\Services\Connectors\ConnectorConfigurationService.Profiles.003.GetConnectionProfileByIdAsync.cs","01_Backend_Core","Backend Core: API, Application, Analytics, Domain, Infrastructure, Workers","C# Source",".cs","27","1173","1.15","320A366D6ACE0A91A088A8066896156C370C8CE881CEEE4EEE58420C65CB7C34","False","2026-07-13 10:05:31"
"Backend\PlantProcess.Application\Integration\Services\Connectors\ConnectorConfigurationService.Profiles.004.CreateConnectionProfileAsync.cs","01_Backend_Core","Backend Core: API, Application, Analytics, Domain, Infrastructure, Workers","C# Source",".cs","84","3594","3.51","C441B3A344BB48BBA671B4335C6554B6FE3208DC1A2D481768452CAD570CD4F2","False","2026-06-07 14:57:27"
"Backend\PlantProcess.Application\Integration\Services\Connectors\ConnectorConfigurationService.Profiles.005.UpdateConnectionProfileAsync.cs","01_Backend_Core","Backend Core: API, Application, Analytics, Domain, Infrastructure, Workers","C# Source",".cs","48","2048","2","0F7C9A0E47455D4A9EBAC878CF041B749303DAF95427CD852E9841D8C25747E0","False","2026-06-07 14:57:27"
"Backend\PlantProcess.Application\Integration\Services\Connectors\ConnectorConfigurationService.Profiles.006.ActivateConnectionProfileAsync.cs","01_Backend_Core","Backend Core: API, Application, Analytics, Domain, Infrastructure, Workers","C# Source",".cs","31","1315","1.28","34BC0D4B6B40482FCFE24C3B0D45A2B1BF8687ED98ADA52B65E62D2951E57D23","False","2026-06-07 14:57:27"
"Backend\PlantProcess.Application\Integration\Services\Connectors\ConnectorConfigurationService.Profiles.007.DeactivateConnectionProfileAsync.cs","01_Backend_Core","Backend Core: API, Application, Analytics, Domain, Infrastructure, Workers","C# Source",".cs","31","1319","1.29","387B00DBC38D7F319AFBC0D62493DC7A82881A9EEC632E448D86CF0BB31CFDA1","False","2026-06-07 14:57:27"
"Backend\PlantProcess.Application\Integration\Services\Connectors\ConnectorConfigurationService.Profiles.008.TestConnectionProfileAsync.cs","01_Backend_Core","Backend Core: API, Application, Analytics, Domain, Infrastructure, Workers","C# Source",".cs","47","2014","1.97","000ABFC76258F85DCD831A02C4E845EDC8231468262B01D95CC6D4F9E2129AE5","False","2026-06-07 14:57:27"
"Backend\PlantProcess.Application\Integration\Services\Connectors\ConnectorConfigurationService.Profiles.017.GetConnectionProfileDtoQuery.cs","01_Backend_Core","Backend Core: API, Application, Analytics, Domain, Infrastructure, Workers","C# Source",".cs","50","2189","2.14","21529E2B7BFA42939048B7940CDC8DD74FF276615C38E7DC8BFB79619F5C2B6E","False","2026-07-13 10:05:31"
"Backend\PlantProcess.Application\Integration\Services\Connectors\ConnectorConfigurationService.Profiles.022.ValidateConnectionProfileRequest.cs","01_Backend_Core","Backend Core: API, Application, Analytics, Domain, Infrastructure, Workers","C# Source",".cs","32","1421","1.39","88D9AFFD882B256021BEA433771BA3745F255382B96D30839165B9D69DBEC154","False","2026-06-07 14:57:27"
"Backend\PlantProcess.Application\Integration\Services\Connectors\ConnectorConfigurationService.ProviderTypes.001.GetProviderTypes.cs","01_Backend_Core","Backend Core: API, Application, Analytics, Domain, Infrastructure, Workers","C# Source",".cs","102","4786","4.67","4A10A7107F55716CC0B80A0E55C87FB91CA06520CEA655886BBABC9BBEAADDA1","False","2026-06-12 23:50:53"
"Backend\PlantProcess.Application\Integration\Services\Connectors\ConnectorConfigurationService.Queries.019.GetFieldDtosAsync.cs","01_Backend_Core","Backend Core: API, Application, Analytics, Domain, Infrastructure, Workers","C# Source",".cs","41","1646","1.61","5F079ABCE40C93C08A732F5BF0C526A9081689A132DB2C1F46B2363C9CED6275","False","2026-06-07 14:57:27"
"Backend\PlantProcess.Application\Integration\Services\Import\ImportBatchQueueProcessorService.cs","01_Backend_Core","Backend Core: API, Application, Analytics, Domain, Infrastructure, Workers","C# Source",".cs","172","7456","7.28","48CE2D060B1A7E084BD08788D353B8B0C52B584F91AD466EFB2A84F05819758F","False","2026-05-18 23:19:14"
"Backend\PlantProcess.Application\Integration\Services\Import\ImportBatchService.cs","01_Backend_Core","Backend Core: API, Application, Analytics, Domain, Infrastructure, Workers","C# Source",".cs","156","5997","5.86","CA1A2ED7B1DDC90262F6F2FF69413E96FB5A6A0F1AF3AC68EAB353BA1C1D20CA","False","2026-05-18 23:19:14"
"Backend\PlantProcess.Application\Integration\Services\Import\ImportWorkflowService.cs","01_Backend_Core","Backend Core: API, Application, Analytics, Domain, Infrastructure, Workers","C# Source",".cs","272","13507","13.19","FF7C276980495E7BCC8905D1281D055611AA5B81C1949923313C393F3D027FD3","False","2026-05-18 23:19:14"
"Backend\PlantProcess.Application\Integration\Services\Jobs\JobDefinitionService.cs","01_Backend_Core","Backend Core: API, Application, Analytics, Domain, Infrastructure, Workers","C# Source",".cs","337","12612","12.32","68C31E779469792A74EB43E366E2C04CB857A93B4C3485B67F5C9A414B2C731D","False","2026-05-18 23:19:14"
"Backend\PlantProcess.Application\Integration\Services\Jobs\JobRegistrationService.cs","01_Backend_Core","Backend Core: API, Application, Analytics, Domain, Infrastructure, Workers","C# Source",".cs","287","12346","12.06","B3CC2D7AE1C1338E777A78E007240B2575079CD2FA8A31D0FA1539347C4EBA0D","False","2026-05-19 09:56:55"
"Backend\PlantProcess.Application\Integration\Services\Jobs\JobRunOrchestratorService.cs","01_Backend_Core","Backend Core: API, Application, Analytics, Domain, Infrastructure, Workers","C# Source",".cs","205","8304","8.11","15CAE6461C7BE351E68DF3C6229A74494789DBB2AC24BBF20ED2A9DCCF554380","False","2026-05-18 23:19:14"
"Backend\PlantProcess.Application\Integration\Services\Jobs\JobRuntimeService.cs","01_Backend_Core","Backend Core: API, Application, Analytics, Domain, Infrastructure, Workers","C# Source",".cs","161","6280","6.13","09C576FE9A8B8AC94AEC412A09648E971B919A51AE5F135E8024B9FD5CA005BE","False","2026-05-18 23:19:14"
"Backend\PlantProcess.Application\Integration\Services\Mapping\MappingDefinitionService.cs","01_Backend_Core","Backend Core: API, Application, Analytics, Domain, Infrastructure, Workers","C# Source",".cs","234","11773","11.5","6198E6D6E92A930E5C72A6A0AB7EFCD29399B3EE4418F9168B34FE1631F9E20E","False","2026-05-18 23:19:14"
"Backend\PlantProcess.Application\Integration\Services\Mapping\MappingExecutionService.cs","01_Backend_Core","Backend Core: API, Application, Analytics, Domain, Infrastructure, Workers","C# Source",".cs","902","37445","36.57","FA44ED2DB54215FFAE350319034527B3E8957E23EF57CFA9BB7334D13F74D415","False","2026-07-12 17:04:39"
"Backend\PlantProcess.Application\Integration\Services\SchemaConfiguration\SchemaConfigurationService.cs","01_Backend_Core","Backend Core: API, Application, Analytics, Domain, Infrastructure, Workers","C# Source",".cs","380","15429","15.07","B747CD5B1F04428E5F1EB7E935D579CBBD91568A4D980BE044CB460E6E517213","False","2026-05-18 23:19:14"
"Backend\PlantProcess.Application\Integration\Services\SourceSystems\BackfillExecutionService.cs","01_Backend_Core","Backend Core: API, Application, Analytics, Domain, Infrastructure, Workers","C# Source",".cs","337","13308","13","A93B596C8BCC232A60E334B5179107FE0E42CF466F842CF59E30AE12C1610569","False","2026-06-09 08:57:50"
"Backend\PlantProcess.Application\Integration\Services\SourceSystems\ConnectorSchemaDriftService.cs","01_Backend_Core","Backend Core: API, Application, Analytics, Domain, Infrastructure, Workers","C# Source",".cs","245","8757","8.55","418CDF1911345F5192C7D4D8AEE01D0A1EABA0AD64E47B4B66D38C5D8DA3E259","False","2026-06-09 13:20:06"
"Backend\PlantProcess.Application\Integration\Services\SourceSystems\DeltaImportExecutionService.cs","01_Backend_Core","Backend Core: API, Application, Analytics, Domain, Infrastructure, Workers","C# Source",".cs","282","9920","9.69","F78DD6FE12FA8F98014A67D7F34256C3EB1C36F5BF9BBB620D1A10F4F9683774","False","2026-05-25 10:21:26"
"Backend\PlantProcess.Application\Integration\Services\SourceSystems\IncrementalSyncStateService.cs","01_Backend_Core","Backend Core: API, Application, Analytics, Domain, Infrastructure, Workers","C# Source",".cs","93","3960","3.87","2A563E416F5C5110B9DFD985B47BCB88FF630773BA832951E5318EA7B9957DC5","False","2026-07-12 14:36:28"
"Backend\PlantProcess.Application\Integration\Services\SourceSystems\SourceSystemService.cs","01_Backend_Core","Backend Core: API, Application, Analytics, Domain, Infrastructure, Workers","C# Source",".cs","76","3146","3.07","F3559BAE2084E28B719C57303FE702FA928A05307DCC6D2AC982C600E771DA25","False","2026-05-18 23:19:14"
"Backend\PlantProcess.Application\Integration\Services\Staging\StagingRecordService.cs","01_Backend_Core","Backend Core: API, Application, Analytics, Domain, Infrastructure, Workers","C# Source",".cs","133","5415","5.29","265AC37E0713AB1B6EFFE4C1CCA8A7D7E6DF29A479D81004D6E050811904CA65","False","2026-05-18 23:19:14"
"Backend\PlantProcess.Application\Licensing\Contracts\LicenseFeature.cs","01_Backend_Core","Backend Core: API, Application, Analytics, Domain, Infrastructure, Workers","C# Source",".cs","50","1236","1.21","034D15D9910832C79F318D9F3DEB28D271A9C79C14BACFCCB2ADFCAD11FC804F","False","2026-05-21 13:26:38"
"Backend\PlantProcess.Application\Licensing\Contracts\LicenseFeatureStatusDto.cs","01_Backend_Core","Backend Core: API, Application, Analytics, Domain, Infrastructure, Workers","C# Source",".cs","7","194","0.19","4B3CA5600E58A067FB5F6F10D29798713BD4FB69AB0263353CBC10B61B8FC3A5","False","2026-05-21 13:27:45"
"Backend\PlantProcess.Application\Licensing\Contracts\LicenseLimits.cs","01_Backend_Core","Backend Core: API, Application, Analytics, Domain, Infrastructure, Workers","C# Source",".cs","21","683","0.67","BF63F2017DC7781C005B84DD83037FF0D84C6142555CC1C044F3A114C9B3417A","False","2026-05-21 13:26:58"
"Backend\PlantProcess.Application\Licensing\Contracts\LicensePlan.cs","01_Backend_Core","Backend Core: API, Application, Analytics, Domain, Infrastructure, Workers","C# Source",".cs","8","251","0.25","CC0B9A59E2F413E9E376F23EA7FC7324F79841E01AA46398A303F47FF88E29FB","False","2026-05-21 13:27:28"
"Backend\PlantProcess.Application\Licensing\Contracts\LicenseStatusDto.cs","01_Backend_Core","Backend Core: API, Application, Analytics, Domain, Infrastructure, Workers","C# Source",".cs","13","452","0.44","4C1B86F484BC8A48C8DA268D023735D08A96D8B250E9038FCB989AB2CC043478","False","2026-05-21 13:28:00"
"Backend\PlantProcess.Application\Licensing\Contracts\LicenseTier.cs","01_Backend_Core","Backend Core: API, Application, Analytics, Domain, Infrastructure, Workers","C# Source",".cs","9","156","0.15","8684780764EAAE4BFB85AF8291C2BB8B2F97699FC95FFD1491B663058398835E","False","2026-05-21 13:26:08"
"Backend\PlantProcess.Application\Licensing\Interfaces\ILicenseService.cs","01_Backend_Core","Backend Core: API, Application, Analytics, Domain, Infrastructure, Workers","C# Source",".cs","35","1097","1.07","61FF97CBD7092A5AC30ADAC4D909A53B87A1DBD65FE653AABE3FAF5E5CCC5464","False","2026-05-21 13:28:51"
"Backend\PlantProcess.Application\Licensing\Options\LicenseOptions.cs","01_Backend_Core","Backend Core: API, Application, Analytics, Domain, Infrastructure, Workers","C# Source",".cs","20","555","0.54","24F6B023129E5CF101067B17573C8A59DAB3797F1AA8148BA73028AA3062F1BA","False","2026-05-21 14:10:00"
"Backend\PlantProcess.Application\Licensing\Phase10\Phase10LicenseRuntime.cs","01_Backend_Core","Backend Core: API, Application, Analytics, Domain, Infrastructure, Workers","C# Source",".cs","331","11159","10.9","DD30A82490E3533B27C23ADB63CE9BE170E5D5303740BB1A27790A0E325FE151","False","2026-06-12 23:47:56"
"Backend\PlantProcess.Application\Licensing\Services\LicenseService.cs","01_Backend_Core","Backend Core: API, Application, Analytics, Domain, Infrastructure, Workers","C# Source",".cs","379","14987","14.64","5C8F41EAC8313E07F11648C2B052D9B196BC37E70B6D9DEF0D3F82A1E5C9AF21","False","2026-05-21 14:10:26"
"Backend\PlantProcess.Application\PlantProcess.Application.csproj","01_Backend_Core","Backend Core: API, Application, Analytics, Domain, Infrastructure, Workers",".NET Project File",".csproj","45","1693","1.65","B0F7CE6957371C68C1539D73994333A97DB80EAB2653D2D6C5748B2DCD7E8D03","False","2026-06-02 23:54:31"
"Backend\PlantProcess.Application\Provenance\IProvenanceResolver.cs","01_Backend_Core","Backend Core: API, Application, Analytics, Domain, Infrastructure, Workers","C# Source",".cs","7","295","0.29","6890E4278766530E97B95ECEA276F22AE1E4E507F4AA138BBF34A315D6438F22","False","2026-06-02 17:44:07"
"Backend\PlantProcess.Application\Provenance\ProvenanceClaimGuard.cs","01_Backend_Core","Backend Core: API, Application, Analytics, Domain, Infrastructure, Workers","C# Source",".cs","46","1704","1.66","4AB6A12BAE70D4FBFC3B80374CAA29FE3010725FB26A273B5912BB970D37F011","False","2026-06-02 17:44:08"
"Backend\PlantProcess.Application\Provenance\ProvenanceHandle.cs","01_Backend_Core","Backend Core: API, Application, Analytics, Domain, Infrastructure, Workers","C# Source",".cs","46","2388","2.33","7B283968DA678E241A608B6FF171965D4DCD99FB295317A7448664D21CC81AB0","False","2026-06-02 17:44:07"
"Backend\PlantProcess.Application\Reporting\BrandedPdfWriter.cs","01_Backend_Core","Backend Core: API, Application, Analytics, Domain, Infrastructure, Workers","C# Source",".cs","120","5449","5.32","51182E93A7B8F58498EDDFD57B3F475F0A6DFEB7AEB9A5C664E325B9C15F2C8D","False","2026-06-15 10:44:12"
"Backend\PlantProcess.Application\Reporting\InvestigationReportDtos.cs","01_Backend_Core","Backend Core: API, Application, Analytics, Domain, Infrastructure, Workers","C# Source",".cs","33","860","0.84","D44913EB2D4C0384648B4C804F6F30B5D5A8E38CDD8BBCC80CDA3EB29C9440FD","False","2026-05-18 23:19:14"
"Backend\PlantProcess.Application\Security\DataBoundary\AssistantEgressGuard.cs","01_Backend_Core","Backend Core: API, Application, Analytics, Domain, Infrastructure, Workers","C# Source",".cs","47","1943","1.9","B966E2C7EE181275CF8CAFBFCDEF46C3EF4FDE62205F0DFD02E2831AF449FD86","False","2026-06-25 08:16:55"
"Backend\PlantProcess.Application\Security\DataBoundary\AssistantEgressPlan.cs","01_Backend_Core","Backend Core: API, Application, Analytics, Domain, Infrastructure, Workers","C# Source",".cs","15","529","0.52","B2A51781FEF9069043195AACA5E11B6FB71C6FA99D210ECF6269C38272812E7F","False","2026-06-25 08:16:55"
"Backend\PlantProcess.Application\Security\DataBoundary\DataBoundaryPolicy.cs","01_Backend_Core","Backend Core: API, Application, Analytics, Domain, Infrastructure, Workers","C# Source",".cs","42","1649","1.61","B62026341CDD59E482A5EFF606F5BF27C5484D1F73503CE1477FAB439D8BA7FE","False","2026-06-15 09:18:31"
"Backend\PlantProcess.Application\Security\Rbac\FormalRoleAccessMatrix.cs","01_Backend_Core","Backend Core: API, Application, Analytics, Domain, Infrastructure, Workers","C# Source",".cs","359","12511","12.22","073599C00CDE9E34BC065EF2A40CF74EC70B23E83E26BF75CF384BBF7168C2B1","False","2026-06-12 23:53:34"
"Backend\PlantProcess.Application\Security\Tenancy\TenantAbstractions.cs","01_Backend_Core","Backend Core: API, Application, Analytics, Domain, Infrastructure, Workers","C# Source",".cs","61","2120","2.07","01666910B8F7D027484DC1F3DD4777688FF630AC83E8CDF79CF409814CF48679","False","2026-06-03 00:21:01"
"Backend\PlantProcess.Application\Services\DataQuality\DataQualityService.cs","01_Backend_Core","Backend Core: API, Application, Analytics, Domain, Infrastructure, Workers","C# Source",".cs","523","26289","25.67","547666456757CBAEC645186288278BA205624305483A53AF9DD7176DF7C168EE","False","2026-05-18 23:19:14"
"Backend\PlantProcess.Application\Services\DataQuality\IDataQualityService.cs","01_Backend_Core","Backend Core: API, Application, Analytics, Domain, Infrastructure, Workers","C# Source",".cs","55","2365","2.31","2D708A0DA43D6C74361DD4B06F43F21A0E19096760A3A5A377D077ED036E4F87","False","2026-05-18 23:19:14"
"Backend\PlantProcess.Application\Services\Materials\GenealogyService.cs","01_Backend_Core","Backend Core: API, Application, Analytics, Domain, Infrastructure, Workers","C# Source",".cs","129","5121","5","19DA9E460A2D722F88729C13B7BBB49CE70DDF5D9F0577D70A44A2C096503D98","False","2026-05-18 23:19:14"
"Backend\PlantProcess.Application\Services\Materials\IGenealogyService.cs","01_Backend_Core","Backend Core: API, Application, Analytics, Domain, Infrastructure, Workers","C# Source",".cs","26","760","0.74","F226831DEFCFEB0903D783B93CAD7759349551EE7B5F1CEC81E7C476BB64483C","False","2026-05-18 23:19:14"
"Backend\PlantProcess.Application\Services\Materials\IMaterialService.cs","01_Backend_Core","Backend Core: API, Application, Analytics, Domain, Infrastructure, Workers","C# Source",".cs","39","1197","1.17","E3F92716859CD313AF77E9C89B54C1EA0C559EF8442FE2C56829871FC1B3C4BF","False","2026-05-18 23:19:14"
"Backend\PlantProcess.Application\Services\Materials\MaterialService.cs","01_Backend_Core","Backend Core: API, Application, Analytics, Domain, Infrastructure, Workers","C# Source",".cs","173","7098","6.93","07CE972BA5A367A0ED8D548F90B43CA09A3862A6E74CA2A8167B76D8C62A2B98","False","2026-05-18 23:19:14"
"Backend\PlantProcess.Application\Services\PlantLayout\IPlantLayoutQueryService.cs","01_Backend_Core","Backend Core: API, Application, Analytics, Domain, Infrastructure, Workers","C# Source",".cs","19","1147","1.12","FF18176C3240DBC5F1AF7BBC794546505B9E323F3CA09FBE87B69C87F3F3E3DB","False","2026-05-18 23:19:14"
"Backend\PlantProcess.Application\Services\PlantLayout\PlantLayoutQueryService.cs","01_Backend_Core","Backend Core: API, Application, Analytics, Domain, Infrastructure, Workers","C# Source",".cs","120","7226","7.06","BC7B0A90A5DD013695DF81F1763C827230EF4BAA91AB6BBC4AC43CB92125450A","False","2026-05-18 23:19:14"
"Backend\PlantProcess.Application\Services\Process\IProcessDataService.cs","01_Backend_Core","Backend Core: API, Application, Analytics, Domain, Infrastructure, Workers","C# Source",".cs","30","973","0.95","12460C17F60D82A164E291EDF291C88E42A585489AFE7637BC9E86C8035DB320","False","2026-05-18 23:19:14"
"Backend\PlantProcess.Application\Services\Process\ProcessDataService.cs","01_Backend_Core","Backend Core: API, Application, Analytics, Domain, Infrastructure, Workers","C# Source",".cs","413","18298","17.87","29D28A3F78267F713D7951E54F4C1ACF16EDFF71D193C4D5C78D4379DAB7D369","False","2026-05-18 23:19:14"
"Backend\PlantProcess.Application\Services\Quality\IQualityQueryService.cs","01_Backend_Core","Backend Core: API, Application, Analytics, Domain, Infrastructure, Workers","C# Source",".cs","15","530","0.52","983737A4031344EB102CE0AFF416239259ACA4965EEBC3E10DF58526724D28EB","False","2026-05-18 23:19:14"
"Backend\PlantProcess.Application\Services\Quality\IQualityService.cs","01_Backend_Core","Backend Core: API, Application, Analytics, Domain, Infrastructure, Workers","C# Source",".cs","18","500","0.49","2C6153529725C764166B9F82184D3150BE50B7587D865B1E151C5F74E031CD24","False","2026-05-18 23:19:14"
"Backend\PlantProcess.Application\Services\Quality\QualityQueryService.cs","01_Backend_Core","Backend Core: API, Application, Analytics, Domain, Infrastructure, Workers","C# Source",".cs","101","4694","4.58","67AA08FFE39D8174AC5F4E8DD1B35BC52B417C59C17B6C7C1CD792B4D438E93A","False","2026-05-18 23:19:14"
"Backend\PlantProcess.Application\Services\Quality\QualityService.cs","01_Backend_Core","Backend Core: API, Application, Analytics, Domain, Infrastructure, Workers","C# Source",".cs","137","5757","5.62","C84BACBC4E435A98FE9AA764370C0ADFEDDFA6D5CE66EA5E8AB58DDD8518EFBA","False","2026-05-18 23:19:14"
"Backend\PlantProcess.Application\Services\Readiness\ApplicationReadinessService.cs","01_Backend_Core","Backend Core: API, Application, Analytics, Domain, Infrastructure, Workers","C# Source",".cs","946","38149","37.25","0FD082043982B963F437828ACDD0B04230D6038F7163305CB6C9D63763D87DF6","False","2026-06-20 14:54:41"
"Backend\PlantProcess.Application\Services\Readiness\IApplicationReadinessService.cs","01_Backend_Core","Backend Core: API, Application, Analytics, Domain, Infrastructure, Workers","C# Source",".cs","23","839","0.82","5C624681C0E90767B5B527820B9607351367AA71695B20D313A052816A6929FD","False","2026-05-19 11:05:15"
"Backend\PlantProcess.Application\Services\Reporting\IInvestigationReportService.cs","01_Backend_Core","Backend Core: API, Application, Analytics, Domain, Infrastructure, Workers","C# Source",".cs","21","617","0.6","A16437AB7F259FC97809B720A534361F1FFCBE488800A1340AD9671B6D1B6B1A","False","2026-05-18 23:19:15"
"Backend\PlantProcess.Application\Services\Reporting\InvestigationReportService.cs","01_Backend_Core","Backend Core: API, Application, Analytics, Domain, Infrastructure, Workers","C# Source",".cs","257","12328","12.04","EA77AB4AAF48EB0AB04B510AF4FBBA81B79BC19FDCDFE13B57860E2F3EF2A641","False","2026-06-15 10:44:12"
"Backend\PlantProcess.Application\Top15\Phase34\Top15Phase34Runtime.cs","01_Backend_Core","Backend Core: API, Application, Analytics, Domain, Infrastructure, Workers","C# Source",".cs","639","22810","22.28","DEA7965434C7861CD660E593462F80B01EF4498E7CB3D288569BC115E472B130","False","2026-06-09 15:50:12"
"Backend\PlantProcess.Domain\Common\BaseEntity.cs","01_Backend_Core","Backend Core: API, Application, Analytics, Domain, Infrastructure, Workers","C# Source",".cs","24","881","0.86","CFE4A0D1D37225BD930465A2424290E3D44D3C8D59A0128E6597D0DBEC71CF06","False","2026-05-06 19:54:15"
"Backend\PlantProcess.Domain\Entities\Analytics\CorrelationResult.cs","01_Backend_Core","Backend Core: API, Application, Analytics, Domain, Infrastructure, Workers","C# Source",".cs","54","1933","1.89","12B3EB3381D74BFCAF1389DBFC9C908A17F46DA9B3780B5E1221D7BCE3580049","False","2026-05-11 13:21:22"
"Backend\PlantProcess.Domain\Entities\Analytics\ModelRegistry.cs","01_Backend_Core","Backend Core: API, Application, Analytics, Domain, Infrastructure, Workers","C# Source",".cs","67","2829","2.76","650B62043F5DA24F899490DE338366B5E4A73EA843054ADC482F80343C5B5B5C","False","2026-05-11 14:36:51"
"Backend\PlantProcess.Domain\Entities\Analytics\RiskScore.cs","01_Backend_Core","Backend Core: API, Application, Analytics, Domain, Infrastructure, Workers","C# Source",".cs","103","3336","3.26","9CBDCD1667F3A5CE401240953476BE9CB828175D3AADB4D615BCA7BDD6A856D5","False","2026-05-19 09:18:55"
"Backend\PlantProcess.Domain\Entities\Audit\AuditLogEntry.cs","01_Backend_Core","Backend Core: API, Application, Analytics, Domain, Infrastructure, Workers","C# Source",".cs","97","4125","4.03","4F84A664DF1DE62A84058676C102450B583A07079828ED283212246CD58041E0","False","2026-05-22 22:12:56"
"Backend\PlantProcess.Domain\Entities\Configuration\IndustryTemplate.cs","01_Backend_Core","Backend Core: API, Application, Analytics, Domain, Infrastructure, Workers","C# Source",".cs","65","2005","1.96","C43EC9C9375F6865D94578619B5AF666A5159A50C2EDDCCC641C86FFEDD74978","False","2026-05-10 08:51:19"
"Backend\PlantProcess.Domain\Entities\Configuration\MaterialUnitTypeDefinition.cs","01_Backend_Core","Backend Core: API, Application, Analytics, Domain, Infrastructure, Workers","C# Source",".cs","65","2078","2.03","6750A3A427C826EF0A8C71147023E8CDBF0DF93D83A31AEEF60EC606E54FB23F","False","2026-05-10 08:51:33"
"Backend\PlantProcess.Domain\Entities\Configuration\OperationDefinition.cs","01_Backend_Core","Backend Core: API, Application, Analytics, Domain, Infrastructure, Workers","C# Source",".cs","70","2217","2.17","41189BE9168C9D7ED7CF1659597C17C34B822A9845024EE17FF25C4E7926C2BE","False","2026-05-10 08:51:47"
"Backend\PlantProcess.Domain\Entities\Configuration\Route.cs","01_Backend_Core","Backend Core: API, Application, Analytics, Domain, Infrastructure, Workers","C# Source",".cs","64","1816","1.77","D4B5C0F95E760E497DCF5356780840F6221728D253F6EAE5684FF87459D4EBB2","False","2026-05-10 08:52:01"
"Backend\PlantProcess.Domain\Entities\Configuration\RouteStep.cs","01_Backend_Core","Backend Core: API, Application, Analytics, Domain, Infrastructure, Workers","C# Source",".cs","55","1770","1.73","A5DDC7BAEF4762C80685FFD81A725939247FCE61FDE9E20C6500BF3AE22E5843","False","2026-05-10 08:52:09"
"Backend\PlantProcess.Domain\Entities\Dashboarding\DashboardDefinition.cs","01_Backend_Core","Backend Core: API, Application, Analytics, Domain, Infrastructure, Workers","C# Source",".cs","115","3136","3.06","F11CCAD40572AE53CA911DA3DC435993D09AB20487274F4A24E3329E43732F19","False","2026-05-18 23:19:15"
"Backend\PlantProcess.Domain\Entities\Dashboarding\DashboardWidgetDefinition.cs","01_Backend_Core","Backend Core: API, Application, Analytics, Domain, Infrastructure, Workers","C# Source",".cs","218","8503","8.3","49BD543FE7B0D5F2A63838BEDAEA8FAAD349E93FD4818F8058DB622A0EA5397A","False","2026-05-30 10:44:13"
"Backend\PlantProcess.Domain\Entities\Dashboarding\WidgetExpressionStatus.cs","01_Backend_Core","Backend Core: API, Application, Analytics, Domain, Infrastructure, Workers","C# Source",".cs","8","149","0.15","533F81DBF6B3344A7CB85088FB8A63582D36112611141C4E4359E85FB67E7F9A","False","2026-05-30 10:44:13"
"Backend\PlantProcess.Domain\Entities\Integration\ConnectionProfile.cs","01_Backend_Core","Backend Core: API, Application, Analytics, Domain, Infrastructure, Workers","C# Source",".cs","239","8026","7.84","548ACC865AD419CA2E56090530949352E16892DE77E3385AA1198C451F0EF0A6","False","2026-05-16 13:06:23"
"Backend\PlantProcess.Domain\Entities\Integration\ImportBatch.cs","01_Backend_Core","Backend Core: API, Application, Analytics, Domain, Infrastructure, Workers","C# Source",".cs","99","3090","3.02","53DBC4B8E08516CFE8A45C58D396AB1C85CC4AC6E47994BE27C6811FE8A352D9","False","2026-05-11 11:13:25"
"Backend\PlantProcess.Domain\Entities\Integration\JobDefinition.cs","01_Backend_Core","Backend Core: API, Application, Analytics, Domain, Infrastructure, Workers","C# Source",".cs","233","7452","7.28","6D02550728AAC9D6793DE1156A82D5A6A71CED440186F45A2C3F4A605E036D93","False","2026-05-16 11:32:31"
"Backend\PlantProcess.Domain\Entities\Integration\JobRunHistory.cs","01_Backend_Core","Backend Core: API, Application, Analytics, Domain, Infrastructure, Workers","C# Source",".cs","136","4550","4.44","042FCF1477F2217073B7B90E4C877D6346041B2929FAD047961B2D213354A02E","False","2026-05-16 12:54:50"
"Backend\PlantProcess.Domain\Entities\Integration\KpiDefinition.cs","01_Backend_Core","Backend Core: API, Application, Analytics, Domain, Infrastructure, Workers","C# Source",".cs","176","5721","5.59","E11B16282B86890B1E6491DC13B4572C158BA73A97F0E3D2F4709B4898DDDD28","False","2026-05-16 10:42:48"
"Backend\PlantProcess.Domain\Entities\Integration\MappingDefinition.cs","01_Backend_Core","Backend Core: API, Application, Analytics, Domain, Infrastructure, Workers","C# Source",".cs","104","3688","3.6","ED3241245E45597CE922024E7A460FC89076A455EDB14773350B0FC062B95C1A","False","2026-05-10 08:15:41"
"Backend\PlantProcess.Domain\Entities\Integration\SchemaViewDefinition.cs","01_Backend_Core","Backend Core: API, Application, Analytics, Domain, Infrastructure, Workers","C# Source",".cs","216","7307","7.14","42843FB0CD13B91307B630581366B7B6CFA0A6047D087A8C408192B30BE887A1","False","2026-05-16 10:42:23"
"Backend\PlantProcess.Domain\Entities\Integration\SourceDatasetDefinition.cs","01_Backend_Core","Backend Core: API, Application, Analytics, Domain, Infrastructure, Workers","C# Source",".cs","211","7260","7.09","98A4E7EAFF1B424A4F5F883EAEF488D3490B91720BF6AD5D5E64CA880A32A88A","False","2026-05-22 22:30:58"
"Backend\PlantProcess.Domain\Entities\Integration\SourceFieldDefinition.cs","01_Backend_Core","Backend Core: API, Application, Analytics, Domain, Infrastructure, Workers","C# Source",".cs","142","4634","4.53","29256310EF4FFFF2DDB3C078BD35134A57A30380F038A85947E727D8C7B1C4FA","False","2026-05-16 09:55:57"
"Backend\PlantProcess.Domain\Entities\Integration\SourceSystemDefinition.cs","01_Backend_Core","Backend Core: API, Application, Analytics, Domain, Infrastructure, Workers","C# Source",".cs","102","4251","4.15","BEC306B65D475EE88C694C0883A254203946835E0F46953E57F4843698C8C5B9","False","2026-05-11 09:58:47"
"Backend\PlantProcess.Domain\Entities\Integration\StagingRecord.cs","01_Backend_Core","Backend Core: API, Application, Analytics, Domain, Infrastructure, Workers","C# Source",".cs","117","3807","3.72","7B32C80FF68DA928EDAC7CA619EA2B24700ECFF32FC94EC931619E4CDE8FBE23","False","2026-05-11 11:16:36"
"Backend\PlantProcess.Domain\Entities\Materials\GenealogyEdge.cs","01_Backend_Core","Backend Core: API, Application, Analytics, Domain, Infrastructure, Workers","C# Source",".cs","129","4766","4.65","300D6C38FA55A025BF4284D630B5A882B8D6E1EC2360DEDECC6B69107A899FF1","False","2026-06-03 13:27:16"
"Backend\PlantProcess.Domain\Entities\Materials\MaterialAlias.cs","01_Backend_Core","Backend Core: API, Application, Analytics, Domain, Infrastructure, Workers","C# Source",".cs","41","1277","1.25","93DF8E9AC053A4DF37BF3B854456736899427D91663A26B7C5E06897E2D5B063","False","2026-05-07 10:42:03"
"Backend\PlantProcess.Domain\Entities\Materials\MaterialUnit.cs","01_Backend_Core","Backend Core: API, Application, Analytics, Domain, Infrastructure, Workers","C# Source",".cs","145","4748","4.64","204BBF108C70C37D55FC3DC40905FFC470CE50F79D19D15D64081EC5FA6FB19E","False","2026-05-07 10:42:45"
"Backend\PlantProcess.Domain\Entities\PlantLayout\Area.cs","01_Backend_Core","Backend Core: API, Application, Analytics, Domain, Infrastructure, Workers","C# Source",".cs","65","1902","1.86","2CB657AE6775DD27D4667A45FD272BD0838EB768C46285FF253F70363E73942A","False","2026-05-07 11:17:06"
"Backend\PlantProcess.Domain\Entities\PlantLayout\Equipment.cs","01_Backend_Core","Backend Core: API, Application, Analytics, Domain, Infrastructure, Workers","C# Source",".cs","97","2886","2.82","E07455BC1D3845452072747C3F9D53A132473923B6BFB456F135584600239899","False","2026-05-07 11:17:17"
"Backend\PlantProcess.Domain\Entities\PlantLayout\Site.cs","01_Backend_Core","Backend Core: API, Application, Analytics, Domain, Infrastructure, Workers","C# Source",".cs","49","1480","1.45","624EF095A3B8DF4FE920E5A01ACF11A331819817E6FA644B82B6712744515BF0","False","2026-05-07 10:58:44"
"Backend\PlantProcess.Domain\Entities\Process\DowntimeEvent.cs","01_Backend_Core","Backend Core: API, Application, Analytics, Domain, Infrastructure, Workers","C# Source",".cs","90","3020","2.95","36A7CF1DFBA01F7D39EE5C77BAF6CBDADE820CA733A2C51F9C337624CEC2D373","False","2026-05-07 10:43:44"
"Backend\PlantProcess.Domain\Entities\Process\ParameterDefinition.cs","01_Backend_Core","Backend Core: API, Application, Analytics, Domain, Infrastructure, Workers","C# Source",".cs","65","2266","2.21","8457D0D7C965FCDD6595A832B45F3C365C8F1154B03564B74EF02B3B3B1DC669","False","2026-05-07 10:42:28"
"Backend\PlantProcess.Domain\Entities\Process\ParameterObservation.cs","01_Backend_Core","Backend Core: API, Application, Analytics, Domain, Infrastructure, Workers","C# Source",".cs","113","3741","3.65","1AAB8B208829882AE0026B6D2347CBF65CC4BEEC0C88217087C0802C8CFC7A62","False","2026-05-07 10:42:36"
"Backend\PlantProcess.Domain\Entities\Process\ProcessEvent.cs","01_Backend_Core","Backend Core: API, Application, Analytics, Domain, Infrastructure, Workers","C# Source",".cs","77","2463","2.41","CC0A9F331C0A290CE05D24C51EC051D79D70701330E7A1FD214AC25B3D47B372","False","2026-05-07 10:43:20"
"Backend\PlantProcess.Domain\Entities\Process\ProcessStepExecution.cs","01_Backend_Core","Backend Core: API, Application, Analytics, Domain, Infrastructure, Workers","C# Source",".cs","189","6640","6.48","5DF477D478F420A5BC037CD2A4AAD29728288C09D80D9FE10F421CF669236799","False","2026-05-11 11:17:36"
"Backend\PlantProcess.Domain\Entities\Quality\DataQualityIssue.cs","01_Backend_Core","Backend Core: API, Application, Analytics, Domain, Infrastructure, Workers","C# Source",".cs","76","2629","2.57","19BA46D664D05ECCB9306542CCF361DE113330D5ABA26BE89403B9AD1EFF5459","False","2026-05-11 11:17:58"
"Backend\PlantProcess.Domain\Entities\Quality\DefectCatalog.cs","01_Backend_Core","Backend Core: API, Application, Analytics, Domain, Infrastructure, Workers","C# Source",".cs","46","1417","1.38","C0BBFFCFD90E71257CED1824A9C207A79F85D3397986879757D42C5769E87F67","False","2026-05-11 13:21:22"
"Backend\PlantProcess.Domain\Entities\Quality\QualityEvent.cs","01_Backend_Core","Backend Core: API, Application, Analytics, Domain, Infrastructure, Workers","C# Source",".cs","79","2547","2.49","E7D79C7E76515E4068A8AD66B3B85D06DEA91A5A54DF9949C1E9639400C542EC","False","2026-05-07 10:43:44"
"Backend\PlantProcess.Domain\Enums\Integration\JobDefinitionType.cs","01_Backend_Core","Backend Core: API, Application, Analytics, Domain, Infrastructure, Workers","C# Source",".cs","24","660","0.64","E17016C752A615034342AC03DF55A9EFE1679AC85060E372773B67CE9E483703","False","2026-05-16 11:31:38"
"Backend\PlantProcess.Domain\Enums\Integration\JobRunStatus.cs","01_Backend_Core","Backend Core: API, Application, Analytics, Domain, Infrastructure, Workers","C# Source",".cs","13","265","0.26","B0223278B1A78EBF8F80C08017059EC188AB5E7873650B876D9C11EDFAFD00A8","False","2026-05-16 11:31:58"
"Backend\PlantProcess.Domain\PlantProcess.Domain.csproj","01_Backend_Core","Backend Core: API, Application, Analytics, Domain, Infrastructure, Workers",".NET Project File",".csproj","9","218","0.21","4D29C3A189C0733E1A32B231953BC515877A4A26F81B22BCA995551A432B2C61","False","2026-05-07 11:21:16"
"Backend\PlantProcess.Infrastructure\Analytics\AdvancedAnalysisExtensions.cs","01_Backend_Core","Backend Core: API, Application, Analytics, Domain, Infrastructure, Workers","C# Source",".cs","24","1023","1","ED53C5644D595F279843D0723856E66BC62FD7BDECA228ABF12D677A4310193D","False","2026-06-03 00:10:40"
"Backend\PlantProcess.Infrastructure\Analytics\DotNetAdvancedCorrelationEngine.cs","01_Backend_Core","Backend Core: API, Application, Analytics, Domain, Infrastructure, Workers","C# Source",".cs","44","2056","2.01","56537586756B1FD1407B66F520A3FC776EE4542C82FD10991097266E1B7929F2","False","2026-06-03 00:10:39"
"Backend\PlantProcess.Infrastructure\Analytics\NpgsqlAdvancedResultWriter.cs","01_Backend_Core","Backend Core: API, Application, Analytics, Domain, Infrastructure, Workers","C# Source",".cs","119","6339","6.19","BDC7F9943B9184C021359E8FB952EE749FC1771BFBD05F2D11B5029CCAE6A4B3","False","2026-06-28 16:04:08"
"Backend\PlantProcess.Infrastructure\Analytics\NpgsqlCostAssumptionStore.cs","01_Backend_Core","Backend Core: API, Application, Analytics, Domain, Infrastructure, Workers","C# Source",".cs","111","5636","5.5","9ACC3F63899DBBB494C3D9BCDEB74856F54FFDCA8D1B718C3237473AFCA78E0A","False","2026-06-02 17:48:32"
"Backend\PlantProcess.Infrastructure\Analytics\NpgsqlFeatureVectorLoader.cs","01_Backend_Core","Backend Core: API, Application, Analytics, Domain, Infrastructure, Workers","C# Source",".cs","144","7088","6.92","AA62560FF94E651CFF55B0593FEA30BBA2444541F32189408F1965599CD20E7F","False","2026-06-02 23:54:31"
"Backend\PlantProcess.Infrastructure\Analytics\NpgsqlRiskCalibrationProvider.cs","01_Backend_Core","Backend Core: API, Application, Analytics, Domain, Infrastructure, Workers","C# Source",".cs","58","2730","2.67","4F795F1C0B74F7064E177681354E0D0652D8E31A1ABCD66B4E498A4E0AE85E64","False","2026-06-02 17:44:11"
"Backend\PlantProcess.Infrastructure\Analytics\NpgsqlSuggestionStore.cs","01_Backend_Core","Backend Core: API, Application, Analytics, Domain, Infrastructure, Workers","C# Source",".cs","189","10250","10.01","F6171A372B9D9FA5912870320108CF29EB0492148231B3A1248EBDAFBE12F262","False","2026-06-02 18:26:11"
"Backend\PlantProcess.Infrastructure\Analytics\NpgsqlValueImpactRepository.cs","01_Backend_Core","Backend Core: API, Application, Analytics, Domain, Infrastructure, Workers","C# Source",".cs","79","3034","2.96","34C5A640BF5A658583BC376A160FAC412629BA1F06E0AD52AF6ED93F0E9D5B1B","False","2026-06-07 15:03:43"
"Backend\PlantProcess.Infrastructure\Analytics\NpgsqlValueRealizationRepository.cs","01_Backend_Core","Backend Core: API, Application, Analytics, Domain, Infrastructure, Workers","C# Source",".cs","200","8406","8.21","8BBF2DA681351E4881CF6A339781646ECC14647909854826FE1528E8BEBFE1C0","False","2026-06-07 15:51:10"
"Backend\PlantProcess.Infrastructure\Analytics\PostgresCorrelationComputeEngine.cs","01_Backend_Core","Backend Core: API, Application, Analytics, Domain, Infrastructure, Workers","C# Source",".cs","91","4238","4.14","73E54CD319114B5A6102B53CEB64137EEC537A48A0CC5FDCC06F68BF0F7021EC","False","2026-05-31 07:49:27"
"Backend\PlantProcess.Infrastructure\Analytics\SuggestionEngineExtensions.cs","01_Backend_Core","Backend Core: API, Application, Analytics, Domain, Infrastructure, Workers","C# Source",".cs","15","527","0.51","6916B28A97A57EBE8F701C35A846D8C505980BF21B688AEEF35E774EAAA0637C","False","2026-06-02 18:26:11"
"Backend\PlantProcess.Infrastructure\Analytics\ValueEngineExtensions.cs","01_Backend_Core","Backend Core: API, Application, Analytics, Domain, Infrastructure, Workers","C# Source",".cs","18","811","0.79","194B51919A2C020CE21ED57C54576C7F532FBB7544D69EF2A9B7B881805C90C7","False","2026-06-07 15:49:38"
"Backend\PlantProcess.Infrastructure\Assistant\AssistantInfrastructureExtensions.cs","01_Backend_Core","Backend Core: API, Application, Analytics, Domain, Infrastructure, Workers","C# Source",".cs","35","1499","1.46","4DAC4CA609B11B7F31F75DBAE13DF6078FF01084149E4783B3CBA2FA6C0B7AE2","False","2026-06-09 15:50:20"
"Backend\PlantProcess.Infrastructure\Assistant\AssistantTools.cs","01_Backend_Core","Backend Core: API, Application, Analytics, Domain, Infrastructure, Workers","C# Source",".cs","91","4247","4.15","A05F791868B3F61E29AF52F8A539C4B4EF4D36CC69469CBC2CA54D801C04DF61","False","2026-06-02 18:26:54"
"Backend\PlantProcess.Infrastructure\Assistant\NpgsqlRetrievalIndex.cs","01_Backend_Core","Backend Core: API, Application, Analytics, Domain, Infrastructure, Workers","C# Source",".cs","142","6681","6.52","0BC48031B9E62F12F2E9477814A5C5832F7E786DB103E5E19DC0DE4BC50E598D","False","2026-06-02 18:26:53"
"Backend\PlantProcess.Infrastructure\Audit\AuditLogService.cs","01_Backend_Core","Backend Core: API, Application, Analytics, Domain, Infrastructure, Workers","C# Source",".cs","70","2858","2.79","4A3FB686CD4AB97218DD72A406D8CEBC24A2C82E75BCEAFB6123B7C02D162761","False","2026-05-24 07:58:17"
"Backend\PlantProcess.Infrastructure\Bulk\ParameterObservationInsertRow.cs","01_Backend_Core","Backend Core: API, Application, Analytics, Domain, Infrastructure, Workers","C# Source",".cs","50","1310","1.28","C0447BBF6D8FE49FF960EE2D46D29ADDF38F7C3A8804E2BF84FD454F5972BCEF","False","2026-05-11 14:17:23"
"Backend\PlantProcess.Infrastructure\Bulk\TelemetryBulkRepository.cs","01_Backend_Core","Backend Core: API, Application, Analytics, Domain, Infrastructure, Workers","C# Source",".cs","228","8287","8.09","505566EAB696C24FEB56348B1C95F7C0EFA901BCC927231E7044FF2A69C490D8","False","2026-05-11 14:17:00"
"Backend\PlantProcess.Infrastructure\Bulk\TelemetryChannelBuffer.cs","01_Backend_Core","Backend Core: API, Application, Analytics, Domain, Infrastructure, Workers","C# Source",".cs","43","1779","1.74","91466A40A858323EAA782DE202757B4A42332F4E41DE09772B0E86D5F2B9F969","False","2026-05-10 19:47:57"
"Backend\PlantProcess.Infrastructure\Connectors\Common\ConnectorOptions.cs","01_Backend_Core","Backend Core: API, Application, Analytics, Domain, Infrastructure, Workers","C# Source",".cs","60","2267","2.21","9149B97E5CD67409587C09C3286FD25FC683932C11A44E88FC2D0E1E18AD72C4","False","2026-05-19 10:09:14"
"Backend\PlantProcess.Infrastructure\Connectors\Common\ConnectorReadOnlySession.cs","01_Backend_Core","Backend Core: API, Application, Analytics, Domain, Infrastructure, Workers","C# Source",".cs","47","1764","1.72","4AD5E1E4EB39752289ACF5D7760A4D404946BA1389DA6934B49950187E86DF11","False","2026-06-02 23:28:30"
"Backend\PlantProcess.Infrastructure\Connectors\Common\DataSourceConnectorFactory.cs","01_Backend_Core","Backend Core: API, Application, Analytics, Domain, Infrastructure, Workers","C# Source",".cs","127","5122","5","15BF4DA1BA5465EBE8057CBF08F7F4F0C9744473CF473D238A3015270F292B72","False","2026-06-25 08:10:37"
"Backend\PlantProcess.Infrastructure\Connectors\Common\SourceValueFormatter.cs","01_Backend_Core","Backend Core: API, Application, Analytics, Domain, Infrastructure, Workers","C# Source",".cs","23","932","0.91","7214060CDE6EFD86CD37F88B4F750CC4D7C7477A0368932E81BB2EA7AFCA6B11","False","2026-07-12 14:36:28"
"Backend\PlantProcess.Infrastructure\Connectors\ConnectorCredentialResolver.cs","01_Backend_Core","Backend Core: API, Application, Analytics, Domain, Infrastructure, Workers","C# Source",".cs","62","2711","2.65","93A40F4BB733FD739E33350C746822CCF49804393802C9A82DC1940045BA8477","False","2026-07-06 09:40:20"
"Backend\PlantProcess.Infrastructure\Connectors\Csv\CsvConnector.cs","01_Backend_Core","Backend Core: API, Application, Analytics, Domain, Infrastructure, Workers","C# Source",".cs","510","18970","18.53","B62FEA594356A5033AB98F5829E659E4429899EA79C9EE22F4070353F8064644","False","2026-06-06 08:32:07"
"Backend\PlantProcess.Infrastructure\Connectors\Excel\ExcelConnector.cs","01_Backend_Core","Backend Core: API, Application, Analytics, Domain, Infrastructure, Workers","C# Source",".cs","407","15902","15.53","3277A5624EF66599DA53BF918A3446B9DCF34ACAEAE5B59ED26DF76DF1F41D21","False","2026-05-24 13:20:29"
"Backend\PlantProcess.Infrastructure\Connectors\Historian\OpcUaHistorianConnector.cs","01_Backend_Core","Backend Core: API, Application, Analytics, Domain, Infrastructure, Workers","C# Source",".cs","156","5935","5.8","D9953F23C2E7C2E841D49E46901D3EAD698C03423ACAF6C2D2FEB2250523B314","False","2026-06-06 15:02:09"
"Backend\PlantProcess.Infrastructure\Connectors\MySql\MySqlConnector.cs","01_Backend_Core","Backend Core: API, Application, Analytics, Domain, Infrastructure, Workers","C# Source",".cs","391","17306","16.9","CA068B1CEB2DB430851F61353590B4D61F288E39140912805FABA5B46753467C","False","2026-07-12 14:36:28"
"Backend\PlantProcess.Infrastructure\Connectors\Oracle\OracleConnector.cs","01_Backend_Core","Backend Core: API, Application, Analytics, Domain, Infrastructure, Workers","C# Source",".cs","500","19104","18.66","EB006C905351D6055705576A12110BCA15EC6275CFA54558774F51AF0248419F","False","2026-07-12 14:36:28"
"Backend\PlantProcess.Infrastructure\Connectors\PostgreSql\PostgreSqlConnector.cs","01_Backend_Core","Backend Core: API, Application, Analytics, Domain, Infrastructure, Workers","C# Source",".cs","324","13583","13.26","49AD494C707A03B848E2731EDB26245FB56B73C46A2EA7484323622263DFD477","False","2026-07-12 14:36:28"
"Backend\PlantProcess.Infrastructure\Connectors\SqlServer\MsSqlConnector.cs","01_Backend_Core","Backend Core: API, Application, Analytics, Domain, Infrastructure, Workers","C# Source",".cs","404","17899","17.48","02DC29772968018583C4044EC18B60CBD3A9DD4FA72CAC6F44DCB0BBC78F432E","False","2026-07-12 14:36:28"
"Backend\PlantProcess.Infrastructure\DependencyInjection.cs","01_Backend_Core","Backend Core: API, Application, Analytics, Domain, Infrastructure, Workers","C# Source",".cs","136","7684","7.5","FC68CA7FCE31393A7EC11037656758B305446A31DA1C2911B8E7D94F5C53499E","False","2026-06-25 08:10:37"
"Backend\PlantProcess.Infrastructure\Integration\Protection\OptionsSourceLoadBudgetProvider.cs","01_Backend_Core","Backend Core: API, Application, Analytics, Domain, Infrastructure, Workers","C# Source",".cs","25","944","0.92","16C34774CBD8458200343D2ADF91A1DEDBDF05606357DB5CCE580C96F8334125","False","2026-06-25 08:10:37"
"Backend\PlantProcess.Infrastructure\Integration\Security\NpgsqlTableAllowlistProvider.cs","01_Backend_Core","Backend Core: API, Application, Analytics, Domain, Infrastructure, Workers","C# Source",".cs","55","2489","2.43","2EEED195379BE10771546E2B265C670BD7E1B6C1915BE250F77C1B518C4B09AF","False","2026-06-22 13:23:58"
"Backend\PlantProcess.Infrastructure\Persistence\Configurations\Analytics\CorrelationResultConfiguration.cs","01_Backend_Core","Backend Core: API, Application, Analytics, Domain, Infrastructure, Workers","C# Source",".cs","37","1851","1.81","3F4F9217D300A4C8C0CA2042B12837D729CD2B6C1BCD1A5523151A6157470B31","False","2026-05-18 23:19:15"
"Backend\PlantProcess.Infrastructure\Persistence\Configurations\Analytics\ModelRegistryConfiguration.cs","01_Backend_Core","Backend Core: API, Application, Analytics, Domain, Infrastructure, Workers","C# Source",".cs","40","2005","1.96","E541312CEF14451AA1395BD2C0679B3C4273BDC8330584A2A13F5DC0A70C13CD","False","2026-05-18 23:19:15"
"Backend\PlantProcess.Infrastructure\Persistence\Configurations\Analytics\RiskScoreConfiguration.cs","01_Backend_Core","Backend Core: API, Application, Analytics, Domain, Infrastructure, Workers","C# Source",".cs","71","2532","2.47","631FAF685A4E4AF53A4F4D31C7A5F8EC79B2A7F30B8F1E426775839DA9218EE8","False","2026-05-19 09:19:24"
"Backend\PlantProcess.Infrastructure\Persistence\Configurations\Common\PostgresConcurrencyExtensions.cs","01_Backend_Core","Backend Core: API, Application, Analytics, Domain, Infrastructure, Workers","C# Source",".cs","21","821","0.8","E3DA72928723DA74E91883D4C3B4D27D6B17FBBBF892F18BFA89573BA1D194A7","False","2026-05-18 23:19:15"
"Backend\PlantProcess.Infrastructure\Persistence\Configurations\Configuration\Audit\AuditLogEntryConfiguration.cs","01_Backend_Core","Backend Core: API, Application, Analytics, Domain, Infrastructure, Workers","C# Source",".cs","161","5295","5.17","809954F0CBFBAF2B9429CC5F992E9815816305B8AE4685693352B67298601E6F","False","2026-05-24 12:50:01"
"Backend\PlantProcess.Infrastructure\Persistence\Configurations\Configuration\IndustryTemplateConfiguration.cs","01_Backend_Core","Backend Core: API, Application, Analytics, Domain, Infrastructure, Workers","C# Source",".cs","32","1356","1.32","598AD5D676202E5103A38A58CAF4896CE11A673D2CE4AE27899878C99A6C2EED","False","2026-05-18 23:19:15"
"Backend\PlantProcess.Infrastructure\Persistence\Configurations\Configuration\MaterialUnitTypeDefinitionConfiguration.cs","01_Backend_Core","Backend Core: API, Application, Analytics, Domain, Infrastructure, Workers","C# Source",".cs","35","1481","1.45","1711D3DB75C153A4BC34665229AC1759030D27E3C30BF86FB5B91B05FAA39693","False","2026-05-18 23:19:15"
"Backend\PlantProcess.Infrastructure\Persistence\Configurations\Configuration\OperationDefinitionConfiguration.cs","01_Backend_Core","Backend Core: API, Application, Analytics, Domain, Infrastructure, Workers","C# Source",".cs","37","1554","1.52","D93602127DB220375EC196606D8E6B107BFD295DF46633A23E67E491B5691258","False","2026-05-18 23:19:15"
"Backend\PlantProcess.Infrastructure\Persistence\Configurations\Configuration\RouteConfiguration.cs","01_Backend_Core","Backend Core: API, Application, Analytics, Domain, Infrastructure, Workers","C# Source",".cs","38","1557","1.52","74FF8F7380C54F4A7DA1535C1E515051B347EFA26079B71BBD818B9B55FDEB83","False","2026-05-18 23:19:15"
"Backend\PlantProcess.Infrastructure\Persistence\Configurations\Configuration\RouteStepConfiguration.cs","01_Backend_Core","Backend Core: API, Application, Analytics, Domain, Infrastructure, Workers","C# Source",".cs","41","1589","1.55","8DC57D13119C5050FD108C148298ADA186B4AC1CE32CD867123A4683B388CB26","False","2026-05-18 23:19:15"
"Backend\PlantProcess.Infrastructure\Persistence\Configurations\Dashboarding\DashboardDefinitionConfiguration.cs","01_Backend_Core","Backend Core: API, Application, Analytics, Domain, Infrastructure, Workers","C# Source",".cs","76","2300","2.25","3B989ED039C547DDB3ADC34B1AD533FB624C15EB2F34B8035963AD335E35109A","False","2026-05-18 23:19:15"
"Backend\PlantProcess.Infrastructure\Persistence\Configurations\Dashboarding\DashboardWidgetDefinitionConfiguration.cs","01_Backend_Core","Backend Core: API, Application, Analytics, Domain, Infrastructure, Workers","C# Source",".cs","95","4111","4.01","4DB9E9EFBCD1D224A2DFB5691787745E03E817D16C572A39B5193D725A707CEA","False","2026-05-30 10:44:13"
"Backend\PlantProcess.Infrastructure\Persistence\Configurations\Integration\ConnectionProfileConfiguration.cs","01_Backend_Core","Backend Core: API, Application, Analytics, Domain, Infrastructure, Workers","C# Source",".cs","70","3126","3.05","AACF48F60AD49C6F0EB11D8D6D4AFBD77B8DB57BDB22C7DD88970DB7A929F8C0","False","2026-05-18 23:19:15"
"Backend\PlantProcess.Infrastructure\Persistence\Configurations\Integration\ImportBatchConfiguration.cs","01_Backend_Core","Backend Core: API, Application, Analytics, Domain, Infrastructure, Workers","C# Source",".cs","43","1881","1.84","AE7586797188564CC35A6C8C3D0D7B91AE1CC6D17A2C22D3240F125024231A78","False","2026-05-18 23:19:15"
"Backend\PlantProcess.Infrastructure\Persistence\Configurations\Integration\JobDefinitionConfiguration.cs","01_Backend_Core","Backend Core: API, Application, Analytics, Domain, Infrastructure, Workers","C# Source",".cs","85","2671","2.61","D1374B5592EC63808894DEE06608EB91326899EDFBA97F325111206FC32C3BD2","False","2026-05-18 23:19:15"
"Backend\PlantProcess.Infrastructure\Persistence\Configurations\Integration\JobRunHistoryConfiguration.cs","01_Backend_Core","Backend Core: API, Application, Analytics, Domain, Infrastructure, Workers","C# Source",".cs","90","2842","2.78","2B8483AEE3312873A40C55A4DDCBBBACC6470D44BAAB53C06281A0DA4C241621","False","2026-05-18 23:19:15"
"Backend\PlantProcess.Infrastructure\Persistence\Configurations\Integration\KpiDefinitionConfiguration.cs","01_Backend_Core","Backend Core: API, Application, Analytics, Domain, Infrastructure, Workers","C# Source",".cs","54","2345","2.29","7FDE1941C1E88DC7EE3179A2D1F427201548AA34629B2F4947C38463730AE068","False","2026-05-18 23:19:15"
"Backend\PlantProcess.Infrastructure\Persistence\Configurations\Integration\MappingDefinitionConfiguration.cs","01_Backend_Core","Backend Core: API, Application, Analytics, Domain, Infrastructure, Workers","C# Source",".cs","74","2185","2.13","7E3F65FB5F1A07401B6870F49FEC737D68740CAF42302305C097E8914DB6614E","False","2026-05-18 23:19:15"
"Backend\PlantProcess.Infrastructure\Persistence\Configurations\Integration\SchemaViewDefinitionConfiguration.cs","01_Backend_Core","Backend Core: API, Application, Analytics, Domain, Infrastructure, Workers","C# Source",".cs","64","2663","2.6","BAC77DDEFED82D378DFFDCB35C78033D748CAFE3D04C29F8A6BE6AA5495B2BDC","False","2026-05-18 23:19:15"
"Backend\PlantProcess.Infrastructure\Persistence\Configurations\Integration\SourceDatasetDefinitionConfiguration.cs","01_Backend_Core","Backend Core: API, Application, Analytics, Domain, Infrastructure, Workers","C# Source",".cs","63","2824","2.76","810B381815C5949CA4AB0626CD78CFC4B303665C07C65944294E2B0AD19ABCC9","False","2026-05-22 22:33:40"
"Backend\PlantProcess.Infrastructure\Persistence\Configurations\Integration\SourceFieldDefinitionConfiguration.cs","01_Backend_Core","Backend Core: API, Application, Analytics, Domain, Infrastructure, Workers","C# Source",".cs","44","1963","1.92","A47C99C07A118C7DEBA9B161FA22A78A2EB50F3DE5076A2C7C70880428E0904A","False","2026-05-18 23:19:15"
"Backend\PlantProcess.Infrastructure\Persistence\Configurations\Integration\SourceSystemDefinitionConfiguration.cs","01_Backend_Core","Backend Core: API, Application, Analytics, Domain, Infrastructure, Workers","C# Source",".cs","34","1452","1.42","737EBE925A5126D8892DBEA2947E7ECAD535F0859499A19A070F664711A8DF2B","False","2026-06-23 14:05:43"
"Backend\PlantProcess.Infrastructure\Persistence\Configurations\Integration\StagingRecordConfiguration.cs","01_Backend_Core","Backend Core: API, Application, Analytics, Domain, Infrastructure, Workers","C# Source",".cs","44","2143","2.09","D4A0266CD34314BB3355A545CC79B236A23A49F83C2B77B07EDB9FCFB626EF3E","False","2026-05-18 23:19:15"
"Backend\PlantProcess.Infrastructure\Persistence\Configurations\Materials\GenealogyEdgeConfiguration.cs","01_Backend_Core","Backend Core: API, Application, Analytics, Domain, Infrastructure, Workers","C# Source",".cs","60","2439","2.38","29E0A76F3006A6C74644A6492BEA38420FB6C48001C7596A42D4518382CB4818","False","2026-06-03 13:27:17"
"Backend\PlantProcess.Infrastructure\Persistence\Configurations\Materials\MaterialAliasConfiguration.cs","01_Backend_Core","Backend Core: API, Application, Analytics, Domain, Infrastructure, Workers","C# Source",".cs","40","1546","1.51","459B290721ED85AA7B6A3A065CEA9F1CDB1308B115F17DDA29237371FC877712","False","2026-05-18 23:19:15"
"Backend\PlantProcess.Infrastructure\Persistence\Configurations\Materials\MaterialUnitConfiguration.cs","01_Backend_Core","Backend Core: API, Application, Analytics, Domain, Infrastructure, Workers","C# Source",".cs","60","2833","2.77","BA5AB7A87CF5FA3E04B721836720896FC61E27ABF9C3E9352D06E6BE8293C6D1","False","2026-05-18 23:19:15"
"Backend\PlantProcess.Infrastructure\Persistence\Configurations\PlantLayout\AreaConfiguration.cs","01_Backend_Core","Backend Core: API, Application, Analytics, Domain, Infrastructure, Workers","C# Source",".cs","43","1519","1.48","3E62B3D4B9F33DA7A8F0C216E0BA676DEDBEADCAA72F1B18EE3753A1DE0845BE","False","2026-05-18 23:19:15"
"Backend\PlantProcess.Infrastructure\Persistence\Configurations\PlantLayout\EquipmentConfiguration.cs","01_Backend_Core","Backend Core: API, Application, Analytics, Domain, Infrastructure, Workers","C# Source",".cs","51","1893","1.85","CD55B3083D923F4E5C7CA34688C96B8F564A1845303B112DA5C44074B82860D3","False","2026-05-18 23:19:15"
"Backend\PlantProcess.Infrastructure\Persistence\Configurations\PlantLayout\SiteConfiguration.cs","01_Backend_Core","Backend Core: API, Application, Analytics, Domain, Infrastructure, Workers","C# Source",".cs","31","1234","1.21","E661DDD634461CB94C87FD5C02CC4CD0E44CB9DC3E32C14FCE9BD97D208976C8","False","2026-05-18 23:19:15"
"Backend\PlantProcess.Infrastructure\Persistence\Configurations\Process\DowntimeEventConfiguration.cs","01_Backend_Core","Backend Core: API, Application, Analytics, Domain, Infrastructure, Workers","C# Source",".cs","54","2432","2.38","F2D3EBB7104D270E3B7B1F823B92B3950303B13F77DC8468161F2F488042678C","False","2026-05-18 23:19:15"
"Backend\PlantProcess.Infrastructure\Persistence\Configurations\Process\ParameterDefinitionConfiguration.cs","01_Backend_Core","Backend Core: API, Application, Analytics, Domain, Infrastructure, Workers","C# Source",".cs","40","1882","1.84","F58CAFEF1E73837E652BFEB0FF2AB26127C35D460BA2A2165F9860626509B304","False","2026-05-18 23:19:15"
"Backend\PlantProcess.Infrastructure\Persistence\Configurations\Process\ParameterObservationConfiguration.cs","01_Backend_Core","Backend Core: API, Application, Analytics, Domain, Infrastructure, Workers","C# Source",".cs","60","2701","2.64","0E4958C173C333BE402F4915A9E4938F40E26777DBA6CD330C457E72B9F0A478","False","2026-05-18 23:19:15"
"Backend\PlantProcess.Infrastructure\Persistence\Configurations\Process\ProcessEventConfiguration.cs","01_Backend_Core","Backend Core: API, Application, Analytics, Domain, Infrastructure, Workers","C# Source",".cs","52","2252","2.2","27D92A74E354F9930ED0F6DEC5E311D60F567FCFDD1544A66C618B0713D26A36","False","2026-05-18 23:19:15"
"Backend\PlantProcess.Infrastructure\Persistence\Configurations\Process\ProcessStepExecutionConfiguration.cs","01_Backend_Core","Backend Core: API, Application, Analytics, Domain, Infrastructure, Workers","C# Source",".cs","59","2876","2.81","4A78B3B21E41319A52F7F16877FFB9DD4857A50D9EFC0DC443B8A2CD187CEE62","False","2026-05-18 23:19:15"
"Backend\PlantProcess.Infrastructure\Persistence\Configurations\Quality\DataQualityIssueConfiguration.cs","01_Backend_Core","Backend Core: API, Application, Analytics, Domain, Infrastructure, Workers","C# Source",".cs","42","1795","1.75","453462C2E52934C9D807204A077B9880EF7AF3175CD8DBB62463456CE40956F5","False","2026-05-18 23:19:15"
"Backend\PlantProcess.Infrastructure\Persistence\Configurations\Quality\DefectCatalogConfiguration.cs","01_Backend_Core","Backend Core: API, Application, Analytics, Domain, Infrastructure, Workers","C# Source",".cs","35","1528","1.49","C854C980AC0FF2F735C06C4CAF23F41A87E488383419EBDC63396A2DF637AD65","False","2026-05-18 23:19:15"
"Backend\PlantProcess.Infrastructure\Persistence\Configurations\Quality\QualityEventConfiguration.cs","01_Backend_Core","Backend Core: API, Application, Analytics, Domain, Infrastructure, Workers","C# Source",".cs","51","2325","2.27","341AAA3B29C7C40C2A50C943FBED3565C92FD36F2CD68BE0FA839414F9219672","False","2026-05-18 23:19:15"
"Backend\PlantProcess.Infrastructure\Persistence\PlantProcessDbContext.cs","01_Backend_Core","Backend Core: API, Application, Analytics, Domain, Infrastructure, Workers","C# Source",".cs","177","7779","7.6","87C5997F8E8065E30005F8D77388DD4A6309C022730CE3E59B4EFEAEFCB385C3","False","2026-05-18 23:19:15"
"Backend\PlantProcess.Infrastructure\PlantProcess.Infrastructure.csproj","01_Backend_Core","Backend Core: API, Application, Analytics, Domain, Infrastructure, Workers",".NET Project File",".csproj","36","1434","1.4","DF752013252B1EA069D03B3A77F227835F25B8198F8DA8F62F018AA9398380D8","False","2026-05-25 12:38:09"
"Backend\PlantProcess.Infrastructure\PlantProcessDesignTimeDbContextFactory.cs","01_Backend_Core","Backend Core: API, Application, Analytics, Domain, Infrastructure, Workers","C# Source",".cs","29","1352","1.32","ACB76A06871DF7D2BCCBC4466D2E55D64BAEA495861F48FC0A47BDB6ABB00424","False","2026-06-17 13:29:18"
"Backend\PlantProcess.Infrastructure\Provenance\NpgsqlProvenanceResolver.cs","01_Backend_Core","Backend Core: API, Application, Analytics, Domain, Infrastructure, Workers","C# Source",".cs","111","5552","5.42","DE5CB00CD6CD4DDE48C235BCFA57F4752624165975FD8B7720F89187B77719D2","False","2026-06-02 17:44:08"
"Backend\PlantProcess.Infrastructure\Provenance\ProvenanceInfrastructureExtensions.cs","01_Backend_Core","Backend Core: API, Application, Analytics, Domain, Infrastructure, Workers","C# Source",".cs","19","822","0.8","A5AA0047E18705B083B8F45ED86F285FF08DAE7466F2482E97533BDC70CFB38D","False","2026-06-02 17:44:12"
"Backend\PlantProcess.Infrastructure\Resilience\FailedBatchWriter.cs","01_Backend_Core","Backend Core: API, Application, Analytics, Domain, Infrastructure, Workers","C# Source",".cs","59","2473","2.42","59016CBCF0155133C5F1A570348662CBAA557A23172CB4A85954A149748A6338","False","2026-05-10 19:53:44"
"Backend\PlantProcess.Infrastructure\Security\TenantGucConnectionInterceptor.cs","01_Backend_Core","Backend Core: API, Application, Analytics, Domain, Infrastructure, Workers","C# Source",".cs","77","2743","2.68","47161456E3530224FF2F0D8FA5B6B9D39391567A5D088D64B6BE827158EC1607","False","2026-06-10 10:51:12"
"Backend\PlantProcess.Infrastructure\TimeSeries\TelemetryIngestionWorker.cs","01_Backend_Core","Backend Core: API, Application, Analytics, Domain, Infrastructure, Workers","C# Source",".cs","256","9094","8.88","75706DD2BB99E0FD70C67EF97BD6E1A03258E343F15569927665B9DAF92B2E58","False","2026-06-03 12:58:18"
"Backend\PlantProcess.Workers\appsettings.Development.json","01_Backend_Core","Backend Core: API, Application, Analytics, Domain, Infrastructure, Workers","JSON Configuration",".json","13","267","0.26","74EFEF6D049148C8320BD7EA2D318EDA3CDD0D4BC3B5ED22A846C9238C2076AA","False","2026-05-12 14:15:58"
"Backend\PlantProcess.Workers\appsettings.json","01_Backend_Core","Backend Core: API, Application, Analytics, Domain, Infrastructure, Workers","JSON Configuration",".json","30","785","0.77","35D523F5CE54630D6999407078DB2ED794A496B0E16A13A26065D4C0DF3D3E4D","False","2026-05-12 14:16:25"
"Backend\PlantProcess.Workers\Dockerfile","01_Backend_Core","Backend Core: API, Application, Analytics, Domain, Infrastructure, Workers","Dockerfile","","32","1180","1.15","1386FC643F702F4EA3AC444E486DC9BE4E61AEE9098DC2CDE4A83AE2447E22C6","True","2026-06-09 23:33:24"
"Backend\PlantProcess.Workers\Edge\OtSafeEdgeAgentContract.cs","01_Backend_Core","Backend Core: API, Application, Analytics, Domain, Infrastructure, Workers","C# Source",".cs","92","3041","2.97","632F4E4C3456E4E98C7CD58142B27DDAEB04CA3AAD22E58E92D9DFA625987819","False","2026-06-06 15:50:34"
"Backend\PlantProcess.Workers\PlantProcess.Workers.csproj","01_Backend_Core","Backend Core: API, Application, Analytics, Domain, Infrastructure, Workers",".NET Project File",".csproj","45","1890","1.85","4D671798D022F084882077312FD7B20E368174CAED173E778F353B0360572D31","False","2026-05-18 23:19:15"
"Backend\PlantProcess.Workers\Program.cs","01_Backend_Core","Backend Core: API, Application, Analytics, Domain, Infrastructure, Workers","C# Source",".cs","160","7789","7.61","9B2646CAE5A8944F352806F614D69421B0577F9C5C11BE7C421EDD367D366C16","False","2026-05-18 23:19:15"
"Backend\PlantProcess.Workers\Properties\launchSettings.json","01_Backend_Core","Backend Core: API, Application, Analytics, Domain, Infrastructure, Workers","JSON Configuration",".json","12","286","0.28","AFF68CD431B6DB5E154499CE8E75D411713F461ED897B94A089B74E3E5721028","False","2026-06-06 08:36:11"
"Backend\PlantProcess.Workers\TelemetryIngestionWorker.cs","01_Backend_Core","Backend Core: API, Application, Analytics, Domain, Infrastructure, Workers","C# Source",".cs","123","4154","4.06","1394EE3803134655BFC6883DF3748E0F4088F4577400A1829EB364D096165661","False","2026-05-11 14:20:08"
"Backend\PlantProcess.Workers\Worker.cs","01_Backend_Core","Backend Core: API, Application, Analytics, Domain, Infrastructure, Workers","C# Source",".cs","483","20743","20.26","D54B2A4C455961B4ED1AFFD0ABA16909B3D6865E2AF201D4E9A28A055EC88842","False","2026-05-22 19:21:16"
"Backend\PlantProcessIQ.sln","01_Backend_Core","Backend Core: API, Application, Analytics, Domain, Infrastructure, Workers",".NET Solution",".sln","214","16759","16.37","823EF4BB301A902699E543C792964C2F0693F1A5CB303C25A102296E01224C88","False","2026-06-07 13:44:18"
"Backend\database\_quarantine_corrupt\310_p03_p04_mapping_genealogy_foundation.ps1.broken","02_Backend_Database","Backend Database: Scripts, Seed, Views","Other Text File",".broken","903","30482","29.77","4093C0FC4ACFD5F17A7697E7E6950A658C7F2545EB25128B52CC566D42105E9D","True","2026-06-17 13:50:03"
"Backend\database\database.apply-order.manifest.csv","02_Backend_Database","Backend Database: Scripts, Seed, Views","Other Text File",".csv","84","19523","19.07","90F8163F82F80F14CF2AD8885308B24A08F9E43264B832E64DF4DC1CDE802E68","True","2026-06-04 11:22:23"
"Backend\database\database.apply-order.manifest.md","02_Backend_Database","Backend Database: Scripts, Seed, Views","Markdown Documentation",".md","116","17101","16.7","E1B6169AFC94E1CA2D002850B3EB82C7240A76A6B569B033DD6645FDBF79245F","True","2026-06-04 11:22:28"
"Backend\database\local-repair\README.md","02_Backend_Database","Backend Database: Scripts, Seed, Views","Markdown Documentation",".md","20","967","0.94","9CDE1BF462184907AE152B71FF64BF597E807D977D5756A393ACB26BEB7E7521","True","2026-06-09 00:08:10"
"Backend\database\README.md","02_Backend_Database","Backend Database: Scripts, Seed, Views","Markdown Documentation",".md","36","1327","1.3","6AA3FD75B30F47E334363763D029A0EFC3EB3A854789322327E0BF9688DDFE78","True","2026-06-04 11:22:33"
"Backend\database\scripts\000_schema_migrations_watermark.sql","02_Backend_Database","Backend Database: Scripts, Seed, Views","SQL Script",".sql","7","347","0.34","F85FA6FB06D66C9C0F46E09FCD94D007A25B87308E375A843979748BA75D103C","True","2026-06-15 06:40:39"
"Backend\database\scripts\000_schemas.sql","02_Backend_Database","Backend Database: Scripts, Seed, Views","SQL Script",".sql","6","468","0.46","5DEEE2605ABA3F6D04FAA0CBF6BA1476E71738751755D452561BBCFD2F6B9B53","True","2026-06-17 22:36:54"
"Backend\database\scripts\050_dashboard_phase8_9_10_indexes.sql","02_Backend_Database","Backend Database: Scripts, Seed, Views","SQL Script",".sql","127","4512","4.41","6B7A541F579A6E85BE55D82BEC1117E7A2AD9D26D2C54FB77F0ECE4B10EAF97D","True","2026-05-12 07:12:48"
"Backend\database\scripts\060_phase_8_9_dashboard_materialized_views.sql","02_Backend_Database","Backend Database: Scripts, Seed, Views","SQL Script",".sql","117","4316","4.21","382A9D482DF3AE7F4275BA9FCAF72C807D22C3D817B373858A63988533AF5C60","True","2026-05-12 08:05:38"
"Backend\database\scripts\070_fix_system_template_widget_codes.sql","02_Backend_Database","Backend Database: Scripts, Seed, Views","SQL Script",".sql","94","3714","3.63","C4F90F0CE1DD8493991CE662F3589BBCDF0BF363A211E3E2DA9FCF0C3B61E349","True","2026-05-16 08:39:14"
"Backend\database\scripts\071_validate_dashboard_performance.sql","02_Backend_Database","Backend Database: Scripts, Seed, Views","SQL Script",".sql","145","4472","4.37","72752B0F7156083500865E338720F4FE2F9C342C3AACE2319C973D0C02F893D5","True","2026-05-16 08:46:16"
"Backend\database\scripts\080_phase_3_4_connector_schema_foundation.sql","02_Backend_Database","Backend Database: Scripts, Seed, Views","SQL Script",".sql","16","660","0.64","E39691130B502DB57895674CE2101262150FBE6B65C0CB5877493F0AE587A37E","True","2026-05-31 13:21:24"
"Backend\database\scripts\095_create_runtime_app_role_admin_only.sql","02_Backend_Database","Backend Database: Scripts, Seed, Views","SQL Script",".sql","47","2022","1.97","B12184218C4EA21F9B25AA225177733C6A3A226A8A2C1C82FE663333FD8F9302","True","2026-06-24 09:32:36"
"Backend\database\scripts\096_harden_audit_log_immutability.sql","02_Backend_Database","Backend Database: Scripts, Seed, Views","SQL Script",".sql","126","4115","4.02","40FBCE0D185926B1A676D24641466BC539FAA8228C4B9D6A8B53D2B6FA0D3DB4","True","2026-05-24 12:44:18"
"Backend\database\scripts\110_phase1_demo_source_shapes.sql","02_Backend_Database","Backend Database: Scripts, Seed, Views","SQL Script",".sql","256","10043","9.81","C650BF38C1909AD63DBA1A8BF46B6DEC9E4D244279E83FCA230AC69FAE2BE456","True","2026-05-25 10:12:28"
"Backend\database\scripts\111_phase1_demo_mapping_views.sql","02_Backend_Database","Backend Database: Scripts, Seed, Views","SQL Script",".sql","89","2685","2.62","0742D8C9FC90B1219A5BD279D6CFFD2D00C39BA8970C6089606E2777C3E9513E","True","2026-05-25 10:12:35"
"Backend\database\scripts\113_phase1_widget_script_layer.sql","02_Backend_Database","Backend Database: Scripts, Seed, Views","SQL Script",".sql","78","3179","3.1","B20FE82065430BA52C910C188ACB88059B14673252EE1D2F585BCA3468258F8D","True","2026-05-25 10:38:36"
"Backend\database\scripts\115_phase2_integrity_audit.sql","02_Backend_Database","Backend Database: Scripts, Seed, Views","SQL Script",".sql","236","7130","6.96","7228C77AD5EA086D290995A2CDFFE3B94E563ADA074E0727D18CABE70D3F1340","True","2026-05-25 12:09:44"
"Backend\database\scripts\116_phase2_operation_analytics_pilot_foundation.sql","02_Backend_Database","Backend Database: Scripts, Seed, Views","SQL Script",".sql","272","9857","9.63","3D4B93051A7896E40228A69CD161F78D99D0F0F6D7F86A75EB2CDA91C4603812","True","2026-05-30 22:37:47"
"Backend\database\scripts\117_phase8_widget_script_layer_entity_mapping.sql","02_Backend_Database","Backend Database: Scripts, Seed, Views","SQL Script",".sql","65","2611","2.55","7A34817836B28ECAE6E311809545BA08209C7F649D9222A6756431CEBE1DC4B3","True","2026-05-30 15:18:46"
"Backend\database\scripts\120_phase02_canonical_schema_mapping_engine.sql","02_Backend_Database","Backend Database: Scripts, Seed, Views","SQL Script",".sql","332","10997","10.74","FD44C360B5FF1271D331ADFF2FDE0170750AF16A77B2550DD06B36B945416A95","True","2026-05-30 14:06:18"
"Backend\database\scripts\121_phase01_bootstrap_token_sweep.sql","02_Backend_Database","Backend Database: Scripts, Seed, Views","SQL Script",".sql","23","959","0.94","487B42648AAB0C2EA39A758DA2915B716794BD9646195E44B409EE7F7946786F","True","2026-05-30 14:11:59"
"Backend\database\scripts\130_phase03_two_stage_delta_import_architecture.sql","02_Backend_Database","Backend Database: Scripts, Seed, Views","SQL Script",".sql","1900","64014","62.51","AC038C8767ED686C23290546F4C056E8BC5F9D5F39B32CD4F4EF114A642D8F59","True","2026-06-29 16:52:17"
"Backend\database\scripts\140_phase02_demo_sources_genealogy_spine.sql","02_Backend_Database","Backend Database: Scripts, Seed, Views","SQL Script",".sql","127","6417","6.27","66F1F78D3329FBDE1AE25907E7BB54908DAF9FD03AC1F3EAA89F13BDF24C239A","True","2026-05-31 10:42:05"
"Backend\database\scripts\141_phase03_page_builder_foundation.sql","02_Backend_Database","Backend Database: Scripts, Seed, Views","SQL Script",".sql","70","3493","3.41","DAB83821D4A36191EC9C591D35970A932EB069B77FADC4D94A2C645B81041606","True","2026-05-31 10:42:05"
"Backend\database\scripts\142_phase02_phase03_page_definition_and_demo_source_completion.sql","02_Backend_Database","Backend Database: Scripts, Seed, Views","SQL Script",".sql","302","10757","10.5","C4DBDDA35896E48C38FA6095D0C17C66557F50907A1BA1F9BD5A3FFD475EB99F","True","2026-05-31 14:57:47"
"Backend\database\scripts\200_phase02_ml_foundation_feature_store_pgvector.sql","02_Backend_Database","Backend Database: Scripts, Seed, Views","SQL Script",".sql","709","27157","26.52","054C427EB9E53BAF553850F309EC800C56DC6E7A2F107A058A850FC0A61AC274","True","2026-05-31 08:13:06"
"Backend\database\scripts\201_phase02_ml_feature_store_v6_completion.sql","02_Backend_Database","Backend Database: Scripts, Seed, Views","SQL Script",".sql","186","11798","11.52","65687A04BC4111FBA10DD61DC4E34AB1F5F2463F26624051B2D6AB7ED10EF5F1","True","2026-05-31 07:49:27"
"Backend\database\scripts\202_phase02_ml_compute_basic_correlations_hotfix.sql","02_Backend_Database","Backend Database: Scripts, Seed, Views","SQL Script",".sql","96","3370","3.29","8EBF0A75A2C0741106B153DBE2E46E23EBEAE232AFB53AECC71D1C29A3EA272A","True","2026-05-31 10:09:20"
"Backend\database\scripts\203_phase02_ml_compute_v6_wrapper_hotfix.sql","02_Backend_Database","Backend Database: Scripts, Seed, Views","SQL Script",".sql","39","1290","1.26","0CEA67E9469DFE5798046B270E1127F95142A652F7796186D7BDB64E319E1F66","True","2026-05-31 10:09:20"
"Backend\database\scripts\204_phase04_phase05_ml_learning_core.sql","02_Backend_Database","Backend Database: Scripts, Seed, Views","SQL Script",".sql","828","31414","30.68","A6561AEC58CFFB193AA07A6D42DBEF3F17CC25AB88C64273A9E2257F97BE1568","True","2026-07-05 15:46:30"
"Backend\database\scripts\205_phase04_phase05_completion_governance_jobs_tests.sql","02_Backend_Database","Backend Database: Scripts, Seed, Views","SQL Script",".sql","1239","42317","41.33","6D074E742A30347426A5D2CEE94FB97964C33CBC47F67CF8B10F59CEC4B3DE03","True","2026-05-31 11:45:04"
"Backend\database\scripts\206_fix_dashboard_widget_definition_schema_drift.sql","02_Backend_Database","Backend Database: Scripts, Seed, Views","SQL Script",".sql","199","6358","6.21","1E49AE9FB80B26D58B6FA59DF4029EF08D47DFEAB000A639C03D2CCF9DC1F5F0","True","2026-05-31 13:40:26"
"Backend\database\scripts\207_fix_dashboard_widget_expression_smallint_schema_drift.sql","02_Backend_Database","Backend Database: Scripts, Seed, Views","SQL Script",".sql","173","6667","6.51","27E18C3E6718D31F1B4ABC151231F9BF1F5CE8BCEEA3133A2ECB35342D62C685","True","2026-05-31 13:42:12"
"Backend\database\scripts\250_p3_advanced_analysis_tenant_scope.sql","02_Backend_Database","Backend Database: Scripts, Seed, Views","SQL Script",".sql","15","885","0.86","EB53A6B460E7C4A245851E56CFB4AD6C8C3026052FA6D38BC645618C201F950F","True","2026-06-03 09:22:03"
"Backend\database\scripts\251_p1_correlation_method_honesty.sql","02_Backend_Database","Backend Database: Scripts, Seed, Views","SQL Script",".sql","30","1531","1.5","8C01B54905A37B906DFDC32E43366465C3E3C31CB7EE73E5B8DE7E7DE807BEB7","True","2026-06-03 09:22:03"
"Backend\database\scripts\252_job_event_log.sql","02_Backend_Database","Backend Database: Scripts, Seed, Views","SQL Script",".sql","22","899","0.88","BD388B79D9983DC5DF4010198087AFE72BDC249B3303F48D8DAC15EC20F02409","True","2026-07-05 15:47:15"
"Backend\database\scripts\300_p01_p02_security_access_control_spine.sql","02_Backend_Database","Backend Database: Scripts, Seed, Views","SQL Script",".sql","365","12653","12.36","8484EC4AA6247082859DC7EE38A0F40AAFF72D90C19697F7303F24523A81D64A","True","2026-06-01 14:40:07"
"Backend\database\scripts\301_p01_p02_authstore_compatibility_bridge.sql","02_Backend_Database","Backend Database: Scripts, Seed, Views","SQL Script",".sql","97","4013","3.92","BE16B92D5920C9EC9F762F8AC00C103777A1831AD6A9A826F7B18FDF1C68D568","True","2026-06-26 11:53:00"
"Backend\database\scripts\302_p01_p02_authstore_lineage_lock.sql","02_Backend_Database","Backend Database: Scripts, Seed, Views","SQL Script",".sql","104","4493","4.39","AE6944F62E4CDA898CDCD200863709E5061A757607979B2D698D4F2D48FACCD8","True","2026-06-09 00:08:05"
"Backend\database\scripts\302_p02_authstore_runtime_lineage_lock.sql","02_Backend_Database","Backend Database: Scripts, Seed, Views","SQL Script",".sql","118","3876","3.79","8DE4702420F9B67A4FB5A4B726451EB0E5B7C50FB5ACFF73899473F0EAB1F1CF","True","2026-06-09 13:24:59"
"Backend\database\scripts\310_mapping_genealogy_foundation.sql","02_Backend_Database","Backend Database: Scripts, Seed, Views","SQL Script",".sql","214","9904","9.67","E69902008B28A123A02FC8A46E06816FEF7881C52F4F66A87207A147A5B4F31D","True","2026-06-22 16:54:43"
"Backend\database\scripts\311_p03_p04_fix_genealogy_walk_and_safe_sql.sql","02_Backend_Database","Backend Database: Scripts, Seed, Views","SQL Script",".sql","246","7471","7.3","54620B0331F45DE4F3ADC7D61CC3F398D213AC4771747ACD7059FBE3FBB4818F","True","2026-06-01 14:55:22"
"Backend\database\scripts\312_p03_p04_completion_pack_a.sql","02_Backend_Database","Backend Database: Scripts, Seed, Views","SQL Script",".sql","720","24499","23.92","EC2A10D592D0CA1069410B70AE83640FD6CF8088D3AA0FAAF2022E6968EE9D46","True","2026-06-01 15:50:40"
"Backend\database\scripts\313_p03_p04_completion_pack_a_hotfix.sql","02_Backend_Database","Backend Database: Scripts, Seed, Views","SQL Script",".sql","404","13800","13.48","AE1FCDB0E4E2052EDC7B90C67AFB59B8BE41C11C3F6E719FCE98560811CF9DAE","True","2026-06-01 15:53:27"
"Backend\database\scripts\320_p3_business_key_reconciliation.sql","02_Backend_Database","Backend Database: Scripts, Seed, Views","SQL Script",".sql","145","5576","5.45","F9E682D4A1D0EAD4BD6934DEF1D9A4DDDE9CDD4A8C44AFE0E77B3D0FD44C8EB3","True","2026-07-09 13:01:38"
"Backend\database\scripts\320_phase2_canonical_completion.sql","02_Backend_Database","Backend Database: Scripts, Seed, Views","SQL Script",".sql","123","6482","6.33","AC6CCD9D94D709C61FEF272F996F926517FD6D792DE43C8A7B6A5FA088A557FB","True","2026-06-02 16:10:27"
"Backend\database\scripts\321_p3_golden_thread_and_missing_hop.sql","02_Backend_Database","Backend Database: Scripts, Seed, Views","SQL Script",".sql","87","3600","3.52","3825049C1B0488A2A477E96DA2EB28C5048195564131CAB3763FBD779D1084DC","True","2026-06-14 21:50:21"
"Backend\database\scripts\322_p3_transition_attribution_detailed.sql","02_Backend_Database","Backend Database: Scripts, Seed, Views","SQL Script",".sql","58","2627","2.57","6B6DD26A44B379A6F5398E32FD718685F381E2555B386857835AC0FFF6E0C512","True","2026-06-14 21:50:21"
"Backend\database\scripts\360_p05_read_model_refresh_infrastructure.sql","02_Backend_Database","Backend Database: Scripts, Seed, Views","SQL Script",".sql","102","4517","4.41","38C245F130D9AC84A288BFFBAF8FA352359988DAA638FDB177A4D52BCFCDB0BD","True","2026-06-02 00:56:09"
"Backend\database\scripts\361_p05_dashboard_read_models.sql","02_Backend_Database","Backend Database: Scripts, Seed, Views","SQL Script",".sql","59","2579","2.52","A69841D995AB30016F2A50DAA83214270E328F370B66D9DED08E8D76C5BB69F0","True","2026-06-02 01:35:26"
"Backend\database\scripts\362_p05_dashboard_read_models_extra.sql","02_Backend_Database","Backend Database: Scripts, Seed, Views","SQL Script",".sql","63","3046","2.97","B17B36C50CBF727B7C1855B1A5EECF7F0906F7350073F579DC161097B8260F9E","True","2026-06-02 12:31:38"
"Backend\database\scripts\363_p05_kpi_targets_alerts.sql","02_Backend_Database","Backend Database: Scripts, Seed, Views","SQL Script",".sql","37","1785","1.74","2CFD7EF8D7C6367200EC464A638A3296DA74A4B93DC5893B3D77CE9DED36457A","True","2026-06-02 12:31:39"
"Backend\database\scripts\400_phase4_value_engine.sql","02_Backend_Database","Backend Database: Scripts, Seed, Views","SQL Script",".sql","60","2883","2.82","C36C81D4BFBED9806C3F2D6A4540F98DB9FD8DB4DC0D4A1FE75A2304F2990A84","True","2026-06-02 17:48:30"
"Backend\database\scripts\410_phase5_suggestions.sql","02_Backend_Database","Backend Database: Scripts, Seed, Views","SQL Script",".sql","40","1836","1.79","368C992C3BBD85F6DAC9A92D5DD0094BFC6E35FDB29232CE5525D49F6B13A55C","True","2026-06-02 18:25:59"
"Backend\database\scripts\420_p3_value_evidence_hmi.sql","02_Backend_Database","Backend Database: Scripts, Seed, Views","SQL Script",".sql","224","9569","9.34","115521EFB5E67DE209F45207211110C072B9886802EADCCC769974AA06AD13A3","True","2026-06-17 14:34:00"
"Backend\database\scripts\420_phase6_assistant.sql","02_Backend_Database","Backend Database: Scripts, Seed, Views","SQL Script",".sql","32","1492","1.46","04E211CE488A367304CB3CC3482F0C4049047A058537FA4FE5C740C4057B1B18","True","2026-06-02 18:26:45"
"Backend\database\scripts\421_phase7_value_realization_ledger.sql","02_Backend_Database","Backend Database: Scripts, Seed, Views","SQL Script",".sql","44","2094","2.04","CF0F4F83FB5F87AB311EDD898810E8AF17280DA2EAA65C12D982A56582A2F1A3","True","2026-06-07 15:51:10"
"Backend\database\scripts\425_p3_t17_cost_assumption_i18n_contract.sql","02_Backend_Database","Backend Database: Scripts, Seed, Views","SQL Script",".sql","107","4274","4.17","C2EC9B9D2987AE8C4D503EE337E432C1ACC64A3FD383CA76157119C7A336B166","True","2026-06-10 13:21:37"
"Backend\database\scripts\426_p3_t18_readonly_query_preview_role.sql","02_Backend_Database","Backend Database: Scripts, Seed, Views","SQL Script",".sql","190","5861","5.72","E32B382898030614CA027F0627D4C38A439B7B847DBA22819D72E4E47057ED83","True","2026-06-10 13:33:59"
"Backend\database\scripts\427_demo_cost_assumptions_DEMO_ONLY.sql","02_Backend_Database","Backend Database: Scripts, Seed, Views","SQL Script",".sql","20","979","0.96","892F4321294431C46108E53EC0463B0B1CAF81CA3F73EDEE1ED43AF559087AA3","True","2026-06-02 17:48:30"
"Backend\database\scripts\430_p4_production_assistant.sql","02_Backend_Database","Backend Database: Scripts, Seed, Views","SQL Script",".sql","116","4672","4.56","DC6A0E45CB13D280AD0ECFE0C27154F57F96766627A5AE7DCB78552A8E97C22C","True","2026-06-04 08:22:58"
"Backend\database\scripts\430_phase3_phase4_certification_mapping_health.sql","02_Backend_Database","Backend Database: Scripts, Seed, Views","SQL Script",".sql","251","12279","11.99","B2CDABF19ED66008EC78732BBBA09EC028EACA48823DFAC8A5D0554D4E2441FA","True","2026-06-06 09:31:44"
"Backend\database\scripts\440_p5_ot_safe_acquisition.sql","02_Backend_Database","Backend Database: Scripts, Seed, Views","SQL Script",".sql","117","4925","4.81","A7AF081F25504EAFFB2CC6555EBB26698862A78F5701F2699FAF2C35E22A63D0","True","2026-06-04 08:28:57"
"Backend\database\scripts\500_v5_p01_auth_argon2id_and_secret_hygiene.sql","02_Backend_Database","Backend Database: Scripts, Seed, Views","SQL Script",".sql","41","1497","1.46","9F64E6B8EE815AC915187EC6BB74827E634D474E204CDD93FD985CFFA719657D","True","2026-06-03 12:28:58"
"Backend\database\scripts\510_v5_p02_rls_tenant_isolation_and_secret_vault.sql","02_Backend_Database","Backend Database: Scripts, Seed, Views","SQL Script",".sql","320","13234","12.92","FAEB4B35777E5EE802B17336855BEDEC0913D5D1FB0899D5C8F2FBC3D53DCAE4","True","2026-06-03 12:45:31"
"Backend\database\scripts\511_v5_p02_hotpath_explain_review.sql.quarantine","02_Backend_Database","Backend Database: Scripts, Seed, Views","Other Text File",".quarantine","42","1211","1.18","89BD1C5DD7FC82F7072434637697944B743F315CB1E5F08526F2E8F4C245BAE4","True","2026-06-03 12:29:00"
"Backend\database\scripts\520_v5_p03_timeseries_foundation.sql","02_Backend_Database","Backend Database: Scripts, Seed, Views","SQL Script",".sql","427","16181","15.8","F20F1FD7A498744C84D5997F92F4010F688A0FD169DE7AEF91C6A38AB458BD86","True","2026-06-03 12:56:58"
"Backend\database\scripts\530_v5_p04_assistant_model_gateway_boundary.sql","02_Backend_Database","Backend Database: Scripts, Seed, Views","SQL Script",".sql","301","10151","9.91","54B42C3BA8D34F9C5A9EAD7FC79CDEBDC9D8E70B0D72121CEE2199BA857805A2","True","2026-06-04 00:19:36"
"Backend\database\scripts\540_v5_p05_visual_mapper_foundation.sql","02_Backend_Database","Backend Database: Scripts, Seed, Views","SQL Script",".sql","334","13230","12.92","FA24DDD7D8AE583191AD3D37ADD00D88540E2E06A2263050258A65C6AF646384","True","2026-06-17 15:29:07"
"Backend\database\scripts\550_v5_p06_blended_provenance.sql","02_Backend_Database","Backend Database: Scripts, Seed, Views","SQL Script",".sql","240","8534","8.33","2A3AFBEEDB01D5F638AEA0E7F2411307AC4088F6E207230928905A1D6D1010BE","True","2026-06-18 20:07:32"
"Backend\database\scripts\560_v5_p07_plant_connector_breadth.sql","02_Backend_Database","Backend Database: Scripts, Seed, Views","SQL Script",".sql","227","8601","8.4","CD877FA7226C6B5DF7C63D066B6E58F71999ED2451EEACA44FBA83BD1380E710","True","2026-06-03 13:34:24"
"Backend\database\scripts\570_v5_p08_enterprise_identity_mfa_sessions.sql","02_Backend_Database","Backend Database: Scripts, Seed, Views","SQL Script",".sql","240","8383","8.19","84B1829CB2D2CF17DD76801B1F27842FDD99E7340F0F8C3A9F56C10FDDBE1372","True","2026-06-03 13:34:25"
"Backend\database\scripts\580_v5_p09_enterprise_identity_sso_scim.sql","02_Backend_Database","Backend Database: Scripts, Seed, Views","SQL Script",".sql","329","10218","9.98","65848934F45EA3ECC323896F72ED60D04ECB5756D48E141D03FA8D3037EE2C52","True","2026-06-03 13:39:26"
"Backend\database\scripts\590_v5_p10_signed_license_anti_tamper.sql","02_Backend_Database","Backend Database: Scripts, Seed, Views","SQL Script",".sql","183","6256","6.11","DD6C6322A0DB30C60437A101CF1CF9E95F96E6B27674255BDC2642D1B603E4DA","True","2026-06-03 13:39:26"
"Backend\database\scripts\600_v5_p11_outbound_notifications_leads.sql","02_Backend_Database","Backend Database: Scripts, Seed, Views","SQL Script",".sql","271","9475","9.25","21F0EED347E04D71C58156884BE9118EF045BCB4D85D636AA32BFF519C2544B6","True","2026-06-04 00:19:36"
"Backend\database\scripts\610_v5_p12_i18n_rtl_mobile.sql","02_Backend_Database","Backend Database: Scripts, Seed, Views","SQL Script",".sql","166","7297","7.13","F20AF3528F78966516F70ECEA88800E66E46682236A6A1C417F8128790D73277","True","2026-06-04 00:19:36"
"Backend\database\scripts\620_v5_p13_deployment_dr_portability.sql","02_Backend_Database","Backend Database: Scripts, Seed, Views","SQL Script",".sql","279","9337","9.12","AEBF7D0CBC82FCC2D9C3883586BE8BFC31E76E58278FB70DC4791CBA1E5F9FB1","True","2026-06-03 14:22:38"
"Backend\database\scripts\630_v5_p14_compliance_refactor_controls.sql","02_Backend_Database","Backend Database: Scripts, Seed, Views","SQL Script",".sql","214","8224","8.03","1395C587871CD7155E6470D1A866A107232870C68FA5B1E866E9A9DDACFDAF52","True","2026-06-03 14:22:39"
"Backend\database\scripts\640_remaining_sensitive_data_catalog.sql","02_Backend_Database","Backend Database: Scripts, Seed, Views","SQL Script",".sql","86","4295","4.19","DA51A3A09269768212F37D09A0D132A39AB795DD2FBD661FFF9EC81A434CF5F5","True","2026-06-03 14:51:16"
"Backend\database\scripts\650_remaining_p10_ed25519_verified_license.sql","02_Backend_Database","Backend Database: Scripts, Seed, Views","SQL Script",".sql","165","5569","5.44","6603B02EA49707A6B7424C205BAC606DC320BCF568316CCA0217429889271789","True","2026-06-03 14:56:43"
"Backend\database\scripts\660_remaining_p09_sso_scim_runtime_certification.sql","02_Backend_Database","Backend Database: Scripts, Seed, Views","SQL Script",".sql","259","7740","7.56","9B5015F1702EA9EB23A5B3865385C1D1D6807B2DEB1C14ACDC1A8F1402249AFE","True","2026-06-03 15:04:03"
"Backend\database\scripts\665_pack_b35_mostly_green_task_closure.sql","02_Backend_Database","Backend Database: Scripts, Seed, Views","SQL Script",".sql","171","10776","10.52","F26170648FC2110753803F218983F70F18405DE4A0AFC415ADAF438895C3713D","True","2026-06-03 15:16:35"
"Backend\database\scripts\670_pack_b4_connector_runtime_certification.sql","02_Backend_Database","Backend Database: Scripts, Seed, Views","SQL Script",".sql","345","10812","10.56","C6BCA1CD503495739B0A9B857AB2ABAF217CE990B95799B035F1B285BF07374E","True","2026-06-03 15:21:18"
"Backend\database\scripts\680_pack_b5_private_model_gateway_ciso_controls.sql","02_Backend_Database","Backend Database: Scripts, Seed, Views","SQL Script",".sql","327","11248","10.98","3179A279A505B7CD8AEC76A58F14D527733DD77506D2BD2F1F3B9F71D8DC876D","True","2026-06-03 15:23:57"
"Backend\database\scripts\690_mapping_and_genealogy_function_completion.sql","02_Backend_Database","Backend Database: Scripts, Seed, Views","SQL Script",".sql","139","6156","6.01","B647163EF193E9464B329E959C6D383D750D1E88F01C72A146B84FF78FC5F3DD","True","2026-06-24 10:27:49"
"Backend\database\scripts\690_phase01_genealogy_recursive_cycle_guard.sql","02_Backend_Database","Backend Database: Scripts, Seed, Views","SQL Script",".sql","40","1248","1.22","9173ED634CF9B2E9B078ACF19763D4A46E7230ECBCB1C63D29BF8FC0F8D1811F","True","2026-06-07 13:44:19"
"Backend\database\scripts\700_canonical_default_tenant_repair.sql","02_Backend_Database","Backend Database: Scripts, Seed, Views","SQL Script",".sql","51","2050","2","C21B0E153EF94D7FE53ADCEC2F6CC0E57C41E95F5C856BD56A100F86A605866A","True","2026-06-24 11:12:53"
"Backend\database\scripts\700_phase03_readonly_preview_role.sql","02_Backend_Database","Backend Database: Scripts, Seed, Views","SQL Script",".sql","36","1328","1.3","8A37900921E74D63348B1DE3408CDF43A68421AECFFCBE28C77C5F4977F7C59B","True","2026-06-17 15:42:22"
"Backend\database\scripts\705_dashboard_widget_active_code_unique.sql","02_Backend_Database","Backend Database: Scripts, Seed, Views","SQL Script",".sql","28","1060","1.04","EE5ADC98C0309BECEF5037EE84FB43594A13EC270585BBD85EF5FD06A8D2636F","True","2026-06-24 11:12:53"
"Backend\database\scripts\710_phase04_second_tenant_seed.sql.quarantine","02_Backend_Database","Backend Database: Scripts, Seed, Views","Other Text File",".quarantine","38","1037","1.01","B1D06CD44998A4EF3FC7902A2934713B0C9D983562465C945A26A06374860C0D","True","2026-06-07 14:15:57"
"Backend\database\scripts\715_suggestion_population_method.sql","02_Backend_Database","Backend Database: Scripts, Seed, Views","SQL Script",".sql","4","364","0.36","16BBBE0EBAD674BF3A9F97E7ACAD4BE820150C3C4A2FD808492CEB42D7E306CE","True","2026-06-25 09:33:37"
"Backend\database\scripts\725_v1_correlation_run_timeout_and_result_proof.sql","02_Backend_Database","Backend Database: Scripts, Seed, Views","SQL Script",".sql","167","6685","6.53","B2A70C9A3DA54CC6C07996488CA02ED3D765A2621F4AC5F8C8162456F97C9AC3","True","2026-07-05 14:41:37"
"Backend\database\scripts\999_grant_runtime_app_role_privileges.sql","02_Backend_Database","Backend Database: Scripts, Seed, Views","SQL Script",".sql","46","2662","2.6","D6AC9B9221270CA85AC2BB7EF68441094A239B8A0616ADFC963809C3AA26E24A","True","2026-06-22 19:12:32"
"Backend\database\seed\000_plantprocessiq_unified_advanced_realistic_demo_seed.sql","02_Backend_Database","Backend Database: Scripts, Seed, Views","SQL Script",".sql","1628","100750","98.39","7B7B9B9FFA687663E97C45E20D7B9E169AE50167EC911FDA02FAD8A2491E76AC","True","2026-06-24 10:27:49"
"Backend\database\seed\001_basic_genealogy_seed.sql","02_Backend_Database","Backend Database: Scripts, Seed, Views","SQL Script",".sql","402","8436","8.24","149AFB4E10FD93EB86567C896D00BEFA0C7C54AE5432772F9F870EF651BC8E7A","True","2026-05-10 09:18:23"
"Backend\database\seed\002_full_feature_demo_seed.sql","02_Backend_Database","Backend Database: Scripts, Seed, Views","SQL Script",".sql","971","76933","75.13","5D7D9B2729CFA608FF129B8610E8827FD371689CCC0B63D73F3CE78AA7E889A7","True","2026-05-11 06:53:31"
"Backend\database\seed\002_full_feature_demo_seed.txt","02_Backend_Database","Backend Database: Scripts, Seed, Views","Other Text File",".txt","971","76933","75.13","5D7D9B2729CFA608FF129B8610E8827FD371689CCC0B63D73F3CE78AA7E889A7","True","2026-05-10 11:06:56"
"Backend\database\seed\003_additional_demo_seed.sql","02_Backend_Database","Backend Database: Scripts, Seed, Views","SQL Script",".sql","156","11310","11.04","57E277E2C0C0AF84CB6CBFB83A31587963F78D8B1C53DBD5EBDFD2D41C5206DE","True","2026-05-11 13:21:23"
"Backend\database\seed\005_phase0_job_definitions.sql","02_Backend_Database","Backend Database: Scripts, Seed, Views","SQL Script",".sql","146","3321","3.24","A5946DF9CB88BD8185F1B7B578C25B91D7242066D2456E8828C9D8B3FAFA1FCF","True","2026-05-16 11:38:32"
"Backend\database\seed\010_p3_golden_thread_seed.sql","02_Backend_Database","Backend Database: Scripts, Seed, Views","SQL Script",".sql","106","6254","6.11","F69DA059110CF559DF0BD433D71014EB00EDE52E178F01E4D1BA2ECD85BCD876","True","2026-07-09 13:29:53"
"Backend\database\seed\011_p4_demo_correctness_signal.sql","02_Backend_Database","Backend Database: Scripts, Seed, Views","SQL Script",".sql","55","3988","3.89","2CD06B4C1C056E0F6B833795943BA1376FEA59A8D5D0D703C109003E600C9F0C","True","2026-06-14 23:28:50"
"Backend\database\seed\040_demo_readiness_fixtures_DEMO_ONLY.sql","02_Backend_Database","Backend Database: Scripts, Seed, Views","SQL Script",".sql","76","5657","5.52","6CAD0AE88E9BEB60D1DEFCC3C9C9970BAA25FBB882D8D246E52CF96C239BF873","True","2026-06-23 15:23:46"
"Backend\database\seed\090_phase1_dashboard_builder_indexes.sql","02_Backend_Database","Backend Database: Scripts, Seed, Views","SQL Script",".sql","128","4906","4.79","6FCFDFC4D571F224D7D9FE20229BDF2823DC0F9A95D2862B15AE30EC2AAFB0FF","True","2026-05-16 12:26:24"
"Backend\database\seed\090_phase1_system_dashboard_templates.sql","02_Backend_Database","Backend Database: Scripts, Seed, Views","SQL Script",".sql","412","9178","8.96","1AAC12FEE9E6E25BFB859F4DCC5DDDF8310D88EDC259717D605754552DB6B826","True","2026-05-16 12:26:03"
"Backend\database\seed\091_phase1_dashboard_builder_explain_validate.sql","02_Backend_Database","Backend Database: Scripts, Seed, Views","SQL Script",".sql","54","1612","1.57","303D82AFD2604AB26ED051516460AA5D1BA2DB61311871D7FD1BF7D841F94087","True","2026-05-16 12:26:43"
"Backend\database\seed\20260511_phase_c_staging_records.sql","02_Backend_Database","Backend Database: Scripts, Seed, Views","SQL Script",".sql","51","1924","1.88","BCE8B0D05A2CD5D792280237E53CBFD23E819FBB2A27E89661728089318C03FE","True","2026-05-11 11:16:37"
"Backend\database\seed\dev_ed25519_public_key.sql","02_Backend_Database","Backend Database: Scripts, Seed, Views","SQL Script",".sql","8","718","0.7","4ED2F8A7F6A1E708AEF7F20742E663A20C4E67B7696503C6BCFD2996388E623C","True","2026-06-28 15:23:14"
"Backend\database\seed\source-systems\synthetic_hsm_source_insert.sql","02_Backend_Database","Backend Database: Scripts, Seed, Views","SQL Script",".sql","2821","966435","943.78","D7E95D191BCE9C77E9C556AF656E8C57D17DED7EE5F49FF7862544B7DBE748A8","True","2026-05-24 13:58:18"
"Backend\database\seed\source-systems\synthetic_inspection_source_insert.sql","02_Backend_Database","Backend Database: Scripts, Seed, Views","SQL Script",".sql","6601","2239347","2186.86","74D7DB72E6FE8E25DC9419A29E9E74894F11FDFAC4D4F9E96EDDB4AB2A571643","True","2026-05-24 13:58:18"
"Backend\database\seed\source-systems\synthetic_qms_source_insert.sql","02_Backend_Database","Backend Database: Scripts, Seed, Views","SQL Script",".sql","419","120540","117.71","0EF98CFD5E066C4CD87987FCA23AFEFBC0AEEB40B520345439CE7B454DE56952","True","2026-05-24 13:58:18"
"Backend\database\test-seeds\900_clean_test_auth_seed.sql","02_Backend_Database","Backend Database: Scripts, Seed, Views","SQL Script",".sql","183","5155","5.03","CFA378A8CD879F2CB6B5811891ED8E272CC9811B2C6ADC999836D1FF7EB9734A","True","2026-06-09 13:25:00"
"Backend\database\validation\720_phase04_two_tenant_isolation_probe.sql","02_Backend_Database","Backend Database: Scripts, Seed, Views","Validation Script",".sql","4","174","0.17","42C9C020F7D732FCA84C784E4C50FE90B1D46AC2ED24BBE0656F52C0A39F45A9","True","2026-06-07 14:15:57"
"Backend\database\views\006_dashboard_dataset_views.sql","02_Backend_Database","Backend Database: Scripts, Seed, Views","SQL Script",".sql","56","2026","1.98","CE3C664F6749755A3F319FDC86B120289EA7E1E9D7A748A074F9FA2D12099C12","True","2026-05-11 14:36:51"
"Backend\tests\_fixtures\seed_test_auth.sql","03_Backend_Tests","Backend Tests","SQL Script",".sql","109","4584","4.48","9ADCF47720E6878E406EC79CFF7256DB3A69BBB148DA7707EB09AFA432B87A73","True","2026-06-09 00:08:10"
"Backend\tests\PlantProcess.Analytics.Core.Tests\Assistant\GroundingContractTests.cs","03_Backend_Tests","Backend Tests","C# Source",".cs","87","3768","3.68","78894A0E629F05D3FD5ADDE935ED7FA1E20F0BEDA00FB1B3A5258845A2D05784","False","2026-06-02 18:26:59"
"Backend\tests\PlantProcess.Analytics.Core.Tests\Calibration\RiskCalibrationServiceTests.cs","03_Backend_Tests","Backend Tests","C# Source",".cs","80","3169","3.09","5DEBF3BBEB48F949FA62B467500A8B0F7F0A23AEAECCFF1D0D819D780F107B35","False","2026-06-02 17:44:12"
"Backend\tests\PlantProcess.Analytics.Core.Tests\GoldenData.cs","03_Backend_Tests","Backend Tests","C# Source",".cs","59","2303","2.25","B3BCB58EC83D1598C0F6BE8DB69EC8549C20AADE3971F0F8667450585DBFE827","False","2026-06-01 23:35:41"
"Backend\tests\PlantProcess.Analytics.Core.Tests\P05_KpiEngineTests.cs","03_Backend_Tests","Backend Tests","C# Source",".cs","96","4773","4.66","45797FA8087BFBC1DBCF300E48D55456BD8FB26ED80280A10F1A15B259503341","False","2026-06-01 23:35:41"
"Backend\tests\PlantProcess.Analytics.Core.Tests\P05_PrimitivesTests.cs","03_Backend_Tests","Backend Tests","C# Source",".cs","103","3887","3.8","F1ECDC47A6C8CC7EF83AFCC0B596B90D627C0CC546373C3CF47AB5DF9718DE43","False","2026-06-01 23:35:41"
"Backend\tests\PlantProcess.Analytics.Core.Tests\P06_DisciplineTests.cs","03_Backend_Tests","Backend Tests","C# Source",".cs","67","2474","2.42","9AB5390B9267606678581324BF824DF30D929B7A8B1C483BC9E8F4437A7B102E","False","2026-06-01 23:35:42"
"Backend\tests\PlantProcess.Analytics.Core.Tests\P06_GoldenGateTests.cs","03_Backend_Tests","Backend Tests","C# Source",".cs","78","3767","3.68","59E24D057B29E6CB85FAD01CDDC5E3A6AF58B8624E3F5A072FAAA6CB323C102E","False","2026-06-01 23:35:42"
"Backend\tests\PlantProcess.Analytics.Core.Tests\P06_MethodSelectionTests.cs","03_Backend_Tests","Backend Tests","C# Source",".cs","46","2221","2.17","DC42C2E08B972B18641E48051598F0F3E1C258F1DD86465550D25242295D55EC","False","2026-06-01 23:35:41"
"Backend\tests\PlantProcess.Analytics.Core.Tests\P06_ReadinessGateTests.cs","03_Backend_Tests","Backend Tests","C# Source",".cs","46","1970","1.92","CF4A886892431D36C10B419314120C6E8FFB70B37B72088201803EF830FC7137","False","2026-06-01 23:35:42"
"Backend\tests\PlantProcess.Analytics.Core.Tests\P06_StatisticalMethodsTests.cs","03_Backend_Tests","Backend Tests","C# Source",".cs","59","2454","2.4","FDF5A1D57E478198F73E67EAC10DFD330163BC03BAEF5BF9BFBA1919D2B5772C","False","2026-06-01 23:35:41"
"Backend\tests\PlantProcess.Analytics.Core.Tests\PlantProcess.Analytics.Core.Tests.csproj","03_Backend_Tests","Backend Tests",".NET Project File",".csproj","17","660","0.64","45849E3DF946B06834DE49C0BFF2B80212C35D07808AF5BC572D59F975F15EC7","False","2026-06-07 13:48:02"
"Backend\tests\PlantProcess.Analytics.Core.Tests\Provenance\CorrelationConsolidationArchitectureTests.cs","03_Backend_Tests","Backend Tests","C# Source",".cs","31","1186","1.16","EDC3FBA5F19638CB5CFCCB6EE52EACEE23EFD847501621C607449130E8DC8631","False","2026-06-11 11:49:12"
"Backend\tests\PlantProcess.Analytics.Core.Tests\Suggestions\SuggestionEngineTests.cs","03_Backend_Tests","Backend Tests","C# Source",".cs","74","3191","3.12","099CFA5F27D51EED243C9A84BC0E88604F40D1FF92D71AB501FCB349603A999F","False","2026-06-25 09:27:25"
"Backend\tests\PlantProcess.Analytics.Core.Tests\TestContext.cs","03_Backend_Tests","Backend Tests","C# Source",".cs","14","543","0.53","715F90B6211113A27D80D32965016DC48D6E898E7ED2670A0A9A024B70CE3E8F","False","2026-06-01 23:35:40"
"Backend\tests\PlantProcess.Analytics.Core.Tests\Value\ValueHonestyLintTests.cs","03_Backend_Tests","Backend Tests","C# Source",".cs","29","945","0.92","33889C376D04D9E99856D732E458D7F2FEF41A1BC014D9CB3A6FCFF20856BA35","False","2026-06-02 17:48:34"
"Backend\tests\PlantProcess.Analytics.Core.Tests\Value\ValueImpactEngineTests.cs","03_Backend_Tests","Backend Tests","C# Source",".cs","89","3312","3.23","2EFA201D01BC001BEAC97DB89BEA2B72C11FDA94D741B1ED778FE6EAD388DE37","False","2026-06-02 17:48:34"
"Backend\tests\PlantProcess.Analytics.Engine.Tests\Fakes.cs","03_Backend_Tests","Backend Tests","C# Source",".cs","63","2698","2.63","48DD11004C7659B7D55D31D823CDD7D60E566431417F0559CF95FA9416762A70","False","2026-06-01 23:49:32"
"Backend\tests\PlantProcess.Analytics.Engine.Tests\ManagedStatisticalComputeEngineTests.cs","03_Backend_Tests","Backend Tests","C# Source",".cs","65","3001","2.93","EE28E15916B2CECC06D34F1EB92EB04E16916829195744E101F86FA99B826F50","False","2026-06-01 23:49:32"
"Backend\tests\PlantProcess.Analytics.Engine.Tests\PlantProcess.Analytics.Engine.Tests.csproj","03_Backend_Tests","Backend Tests",".NET Project File",".csproj","17","718","0.7","DA396EECDB8808B3F3E9104E0C5EA59AB3902A5E717382DE3DABE7EF5EEA467E","False","2026-06-01 23:49:31"
"Backend\tests\PlantProcess.Analytics.Engine.Tests\PostgresAdapterIntegrationTests.cs","03_Backend_Tests","Backend Tests","C# Source",".cs","36","1488","1.45","7129FDA4DEF48CF939C70D1EA189DA533244225A48587BE4E0A3D32AFBF46B04","False","2026-06-02 00:05:18"
"Backend\tests\PlantProcess.Api.IntegrationTests\Analytics\MlLearningCoreIntegrationTests.cs","03_Backend_Tests","Backend Tests","C# Source",".cs","134","5006","4.89","A1470CDB5D29793BF04526424EF86D9961EC4BA9A54B1E4FB61D73A667C76196","False","2026-06-15 09:47:57"
"Backend\tests\PlantProcess.Api.IntegrationTests\appsettings.Test.json","03_Backend_Tests","Backend Tests","JSON Configuration",".json","18","568","0.55","A1DE76193CE7AD055D08FC0DCB9242FC62677A2DA399A83E6C45415B18966E0F","False","2026-06-27 15:19:46"
"Backend\tests\PlantProcess.Api.IntegrationTests\AssemblyInfo.cs","03_Backend_Tests","Backend Tests","C# Source",".cs","3","79","0.08","DC487307A71887C7C1CFD04DEC25A884571326C6229CA6289335234CBC555975","False","2026-06-08 11:57:22"
"Backend\tests\PlantProcess.Api.IntegrationTests\Auth\AuthLifecycleTests.cs","03_Backend_Tests","Backend Tests","C# Source",".cs","85","3719","3.63","101AF53D0C9098ED6CA44C69157F85B930E6CDDEC93AF7425C6DC1F4C7324B0F","False","2026-06-15 10:25:21"
"Backend\tests\PlantProcess.Api.IntegrationTests\BlendedProvenance\TransitionCoilWeightedAttributionTests.cs","03_Backend_Tests","Backend Tests","C# Source",".cs","108","5231","5.11","EE18D526B9AE059D46E3897BD53C13BD3EB735A5D0C9CD12AEE61B0125B49F72","False","2026-06-29 10:30:12"
"Backend\tests\PlantProcess.Api.IntegrationTests\Connectors\ConnectorTruthContractTests.cs","03_Backend_Tests","Backend Tests","C# Source",".cs","122","4391","4.29","7C0D4FF8528467132D0F1103F199987DD738C306F65E43B1BC67E3EC4A4BD166","False","2026-06-15 09:47:57"
"Backend\tests\PlantProcess.Api.IntegrationTests\Demo\Phase2DemoLifecycleContractTests.cs","03_Backend_Tests","Backend Tests","C# Source",".cs","69","2067","2.02","9C9E267ED7AE8DE819981A5B15DF69A35821BAE53EACB37E8872523E74FC97AD","False","2026-06-15 09:47:57"
"Backend\tests\PlantProcess.Api.IntegrationTests\Demo\Phase2NoFacadeMetricSourceTests.cs","03_Backend_Tests","Backend Tests","C# Source",".cs","62","2018","1.97","328DA799658CA9268B82A5847E258DB784FD0A1E92CF54A91BF2C73B12EDC318","False","2026-06-15 09:47:57"
"Backend\tests\PlantProcess.Api.IntegrationTests\ErrorHandling\GlobalExceptionHandlerTests.cs","03_Backend_Tests","Backend Tests","C# Source",".cs","80","3458","3.38","4102660CCA2577708732703FD3785D6993DD7C08E547FDD16B0117CEDF086B6A","False","2026-06-15 09:47:57"
"Backend\tests\PlantProcess.Api.IntegrationTests\Genealogy\GenealogyGoldenThreadTests.cs","03_Backend_Tests","Backend Tests","C# Source",".cs","155","6870","6.71","17F95CC98B88AEC5AFBD06EB10B53B9F1185E2B2AD81ACD379F442F74DA15ECC","False","2026-07-10 09:03:27"
"Backend\tests\PlantProcess.Api.IntegrationTests\Genealogy\NamedDemoCoilGenealogyTests.cs","03_Backend_Tests","Backend Tests","C# Source",".cs","117","5730","5.6","B632B2BCF32F537FE85A215CA293EF217EF47752D56AC93E21DE97250101EC73","False","2026-06-23 13:16:24"
"Backend\tests\PlantProcess.Api.IntegrationTests\GoldenThreadSerialCollection.cs","03_Backend_Tests","Backend Tests","C# Source",".cs","14","713","0.7","CAC25E6F2495DA8655D692C1BD0ACB12F04B00486933ABB7498A893AEEEA9653","False","2026-06-29 10:30:12"
"Backend\tests\PlantProcess.Api.IntegrationTests\Hardening\PageVersionConflictContractTests.cs","03_Backend_Tests","Backend Tests","C# Source",".cs","36","1251","1.22","7148DEDF740FE45418DC74A16BF09D59D4346C50339CF5A100B92BD46780C551","False","2026-06-15 09:47:57"
"Backend\tests\PlantProcess.Api.IntegrationTests\Hardening\RefreshTokenInvalidationContractTests.cs","03_Backend_Tests","Backend Tests","C# Source",".cs","47","1674","1.63","98CA80BCD8836196DE07C7F1375F00C9A79979217734E7EC7BD5B08BB33020A4","False","2026-06-15 09:47:57"
"Backend\tests\PlantProcess.Api.IntegrationTests\Hardening\StartupConfigurationValidatorTests.cs","03_Backend_Tests","Backend Tests","C# Source",".cs","67","2346","2.29","4EDF9D9628F5B03D69F57BC85C29B6F2A35C683AF7B1CC249053C9FADE6EDDCD","False","2026-06-15 09:47:57"
"Backend\tests\PlantProcess.Api.IntegrationTests\Hardening\TestWebHostEnvironment.cs","03_Backend_Tests","Backend Tests","C# Source",".cs","16","807","0.79","FA8F780FDA9C1BE22FFB61DCFADD7165CCB4DDD41D2FC080EF08876E37DB3B8D","False","2026-06-13 22:06:26"
"Backend\tests\PlantProcess.Api.IntegrationTests\Health\HealthEndpointTests.cs","03_Backend_Tests","Backend Tests","C# Source",".cs","25","663","0.65","25F3395184D3133ACFBEB811994D1E86C32C24DB72BAD2240DDBDA839BD46D0E","False","2026-06-15 09:47:57"
"Backend\tests\PlantProcess.Api.IntegrationTests\Import\DeltaImportResumabilityTests.cs","03_Backend_Tests","Backend Tests","C# Source",".cs","124","6174","6.03","1AAD7C1413F4FC64C0050229103B2BA8DF14DAD371D190B11BEC9E1826BEA405","False","2026-06-15 09:47:57"
"Backend\tests\PlantProcess.Api.IntegrationTests\Infrastructure\AuthenticatedApiTestBase.cs","03_Backend_Tests","Backend Tests","C# Source",".cs","476","16870","16.47","1142203C856DB865850A49256C06B8B04A495C943DB9AC99C7B8E7506C02F80A","False","2026-06-18 11:29:57"
"Backend\tests\PlantProcess.Api.IntegrationTests\Licensing\T08TierFeatureSnapshotTests.cs","03_Backend_Tests","Backend Tests","C# Source",".cs","47","2266","2.21","B264FD761AB169D82F1FD14DF1A8DFBB2996F32914D11E3391E83489E2C60FD7","False","2026-06-15 09:47:57"
"Backend\tests\PlantProcess.Api.IntegrationTests\Mapping\MappingLifecycleProofTests.cs","03_Backend_Tests","Backend Tests","C# Source",".cs","118","5277","5.15","4DB23199C82510ED0CECAFFBBB4227B077B422CEE6E4279FFB7DF48AAA330CB5","False","2026-07-10 09:03:27"
"Backend\tests\PlantProcess.Api.IntegrationTests\Middleware\SecurityHeadersMiddlewareTests.cs","03_Backend_Tests","Backend Tests","C# Source",".cs","28","1013","0.99","4193712D35568309A261AAE1FBCFD58715AB7095C0C78425D80E0B8DF0E0CF86","False","2026-06-15 09:47:57"
"Backend\tests\PlantProcess.Api.IntegrationTests\OpenApi\OpenApiContractTests.cs","03_Backend_Tests","Backend Tests","C# Source",".cs","55","1662","1.62","E7A0FFDFD8C36384C58F5BBD8A10286DEB5FBA457F9A9DCD61E3625A9B1679A1","False","2026-06-15 09:47:57"
"Backend\tests\PlantProcess.Api.IntegrationTests\OpenApi\OpenApiMlAndDynamicEndpointContractTests.cs","03_Backend_Tests","Backend Tests","C# Source",".cs","41","1468","1.43","159CB50F83E1E047E4C4FA229F1264A6BC3F58F04F9BCA5CB37D0886A569D556","False","2026-06-15 09:47:57"
"Backend\tests\PlantProcess.Api.IntegrationTests\Phase3\Phase3GoldenThreadAndAttributionTests.cs","03_Backend_Tests","Backend Tests","C# Source",".cs","178","8813","8.61","753F9F8A6275B01D467139CB017A1FEB1BB4CB7D6E46EEC4335A68882F624C10","False","2026-06-29 10:30:12"
"Backend\tests\PlantProcess.Api.IntegrationTests\Phase4\Phase4DemoCorrectnessAndJobsTests.cs","03_Backend_Tests","Backend Tests","C# Source",".cs","229","10667","10.42","09E979C0F62D1930651EB5166F176B39C972412B2B6B1E086230CE6FB453283E","False","2026-06-22 16:54:28"
"Backend\tests\PlantProcess.Api.IntegrationTests\PlantProcess.Api.IntegrationTests.csproj","03_Backend_Tests","Backend Tests",".NET Project File",".csproj","39","1587","1.55","B7325F5419F4196373B11164741AF4A7A2A1DF341A0DE00048FF1706971A076B","False","2026-06-22 16:54:43"
"Backend\tests\PlantProcess.Api.IntegrationTests\Routing\T10DuplicateRouteContractTests.cs","03_Backend_Tests","Backend Tests","C# Source",".cs","45","1934","1.89","83C2824588D2BCD2B4ECF7FD34383163143C1C6CCD3A695859425D17A3978303","False","2026-06-15 09:47:57"
"Backend\tests\PlantProcess.Api.IntegrationTests\Security\AdminMfaFlagTests.cs","03_Backend_Tests","Backend Tests","C# Source",".cs","62","2439","2.38","F47791F3297B8EAFDE324934D0D2CEF98A51AE854175A7C4ABD0FCF67DB9E6D9","False","2026-06-15 09:47:57"
"Backend\tests\PlantProcess.Api.IntegrationTests\Security\AuthEndpointTests.cs","03_Backend_Tests","Backend Tests","C# Source",".cs","73","2118","2.07","24FC4082F78CAA288E3CD12A86944B0F341A43B07BA22A8223C052E93B17156F","False","2026-06-15 09:47:57"
"Backend\tests\PlantProcess.Api.IntegrationTests\Security\AuthGateMatrixTests.cs","03_Backend_Tests","Backend Tests","C# Source",".cs","112","3275","3.2","E255838288C9DB35167790B56948F0CEA233374236594C790582388DF1A7D58F","False","2026-06-15 09:47:57"
"Backend\tests\PlantProcess.Api.IntegrationTests\Security\Phase04TenantIsolationProofTests.cs","03_Backend_Tests","Backend Tests","C# Source",".cs","13","293","0.29","604B41235A853271FA645793E407EF7C32B478EA33739A523384873DC87FAE19","False","2026-06-15 09:47:57"
"Backend\tests\PlantProcess.Api.IntegrationTests\Security\ProductionDevEndpointGuardTests.cs","03_Backend_Tests","Backend Tests","C# Source",".cs","37","1290","1.26","60CD90FD92CFC4A34051129A626076BED5583FAC218AEE1AD3599686D2182E2C","False","2026-06-15 09:47:57"
"Backend\tests\PlantProcess.Api.IntegrationTests\Security\SchemaConfigurationSafetyEndpointTests.cs","03_Backend_Tests","Backend Tests","C# Source",".cs","79","2844","2.78","0AD301BC49DCACCA4DBFBFCD13DF93C37F0390AAAC1807958A6732EAB4F2D2F4","False","2026-06-15 09:47:57"
"Backend\tests\PlantProcess.Api.IntegrationTests\Security\T05ProductionProofAbsentTests.cs","03_Backend_Tests","Backend Tests","C# Source",".cs","93","4176","4.08","EAB199FE6CB836E2645DDF5A396B072B41F3557BCE4E7BABB056FB5D291366E0","False","2026-06-22 16:54:28"
"Backend\tests\PlantProcess.Api.IntegrationTests\Security\T06CrossTenantIsolationTests.cs","03_Backend_Tests","Backend Tests","C# Source",".cs","41","2073","2.02","EFE25DD4917CACE18365CF5D92B911A174B4471094EE90F378C493E0E4840BAE","False","2026-06-15 09:47:57"
"Backend\tests\PlantProcess.Api.IntegrationTests\Security\T06RoleAuthorizationMatrixTests.cs","03_Backend_Tests","Backend Tests","C# Source",".cs","55","2799","2.73","F4F5EADD8EA19F8CE2F2A5B02256B2835721ABEA754A939B50FC315E6BF792AD","False","2026-06-15 09:47:57"
"Backend\tests\PlantProcess.Api.IntegrationTests\Security\T06RouteAuthorizationCoverageTests.cs","03_Backend_Tests","Backend Tests","C# Source",".cs","51","2301","2.25","039E842540566222117751721FEB7EB1B8CEB1044D792756469AF3A95DEA3892","False","2026-06-15 09:47:57"
"Backend\tests\PlantProcess.Api.IntegrationTests\Security\T07SensitiveActionAuditCoverageTests.cs","03_Backend_Tests","Backend Tests","C# Source",".cs","80","3311","3.23","AA2A985B2CF99963BBDEF554D33A4BAC367D6A4E109C0A0FA3C4CC053C0D0BA4","False","2026-06-15 09:47:57"
"Backend\tests\PlantProcess.Api.IntegrationTests\Security\T08ConnectorSecretMaskingIntegrationTests.cs","03_Backend_Tests","Backend Tests","C# Source",".cs","57","2397","2.34","5C1F9DE8F3E6D7528092AB2EAA6CE796531C75087597AAF68B4ED6DC964D0865","False","2026-06-15 09:47:57"
"Backend\tests\PlantProcess.Api.IntegrationTests\Security\TenantAccessorTests.cs","03_Backend_Tests","Backend Tests","C# Source",".cs","54","1717","1.68","6DBD43755B0EBCDA2AC3D088123D8B2269CAEDCD6AF6A8B8A3C8D4BE1B6EE6B8","False","2026-06-15 09:47:57"
"Backend\tests\PlantProcess.Api.IntegrationTests\Security\TenantIsolationMatrixTests.cs","03_Backend_Tests","Backend Tests","C# Source",".cs","72","3638","3.55","EA8AB3962051380CAB0F59780AA8B70CD375B1CC67A3E60A9F3C9A97E3E235DC","False","2026-06-15 09:47:57"
"Backend\tests\PlantProcess.Api.IntegrationTests\Smoke\ApiEndpointCatalogSmokeTests.cs","03_Backend_Tests","Backend Tests","C# Source",".cs","136","5483","5.35","53EDFE30920837DDC78E175352FE5EFDC63453E2280609AF9BFB983983329695","False","2026-06-15 09:47:57"
"Backend\tests\PlantProcess.Api.IntegrationTests\Smoke\ApiSmokeEndpointTests.cs","03_Backend_Tests","Backend Tests","C# Source",".cs","34","1078","1.05","578526936A1D21CFA4E653F5731153CFB4D9959E24B5137A78628E8B36B0A60C","False","2026-06-15 09:47:57"
"Backend\tests\PlantProcess.Api.IntegrationTests\TestMode\PpiqTestModeGuardTests.cs","03_Backend_Tests","Backend Tests","C# Source",".cs","48","1754","1.71","38DAA105583A1AA681F25F0C3674B847C2344DCA70FEDE496A4D3CA9B1ACAAC0","False","2026-06-15 09:47:57"
"Backend\tests\PlantProcess.Application.UnitTests\Acquisition\P5_OtSafeAcquisitionTests.cs","03_Backend_Tests","Backend Tests","C# Source",".cs","150","5656","5.52","FD5A1BA1AC4D7463000094304819077DBEAF76AB4C8635D997E18F6858495094","False","2026-06-04 08:28:59"
"Backend\tests\PlantProcess.Application.UnitTests\Analytics\Advanced\AdvancedCorrelationComputeServiceTests.cs","03_Backend_Tests","Backend Tests","C# Source",".cs","142","7313","7.14","C5C05371F2C3D95B22FEA8294C159CEDBFA9A3BBA8AB3C73066FCF330D8BB212","False","2026-06-02 23:54:36"
"Backend\tests\PlantProcess.Application.UnitTests\Analytics\Advanced\AnalysisReadinessServiceTests.cs","03_Backend_Tests","Backend Tests","C# Source",".cs","57","2267","2.21","939D7BBFB6CAB66D2B7D427B50F52BDF5812AB31B59DB4AD45101E7C72D9FBD4","False","2026-06-03 00:10:42"
"Backend\tests\PlantProcess.Application.UnitTests\Analytics\Advanced\Phase8_T042VifMulticollinearityTests.cs","03_Backend_Tests","Backend Tests","C# Source",".cs","161","5864","5.73","61DFD6A677DD58CC27737F519C58CF8342512E0108D8B995039AA2FD7BACAD5C","False","2026-06-08 06:59:27"
"Backend\tests\PlantProcess.Application.UnitTests\Analytics\Advanced\Phase8_T043GoldenSignalRecoveryTests.cs","03_Backend_Tests","Backend Tests","C# Source",".cs","255","10024","9.79","B59815DF5BAC2B7E28CF599F7AF40D9C89A23D027588193A08ECFE557B46FCA2","False","2026-06-08 07:18:13"
"Backend\tests\PlantProcess.Application.UnitTests\Analytics\Advanced\Phase8_T044FindingTransparencyTests.cs","03_Backend_Tests","Backend Tests","C# Source",".cs","169","6714","6.56","D2F349868315BBC90CF56F4A34EEEF15E4D84D764EE6EBDE72FE6C1DFE29FAF7","False","2026-06-08 07:22:39"
"Backend\tests\PlantProcess.Application.UnitTests\Analytics\Advanced\Phase8_T045ReadinessGateSurfaceTests.cs","03_Backend_Tests","Backend Tests","C# Source",".cs","111","4354","4.25","993390B8786709ADF320C836B7FB0C5780C6AA34F9FE1AF18FB580A3865F2600","False","2026-06-08 07:27:15"
"Backend\tests\PlantProcess.Application.UnitTests\Analytics\CostAssumptionStoreContractTests.cs","03_Backend_Tests","Backend Tests","C# Source",".cs","94","3928","3.84","DA10C1C973A5246A7313F5D185D75BD457087A5559990F4D515EA6F4EBF2DEA0","False","2026-06-02 17:48:35"
"Backend\tests\PlantProcess.Application.UnitTests\Analytics\FeatureEngineeringServiceTests.cs","03_Backend_Tests","Backend Tests","C# Source",".cs","66","2218","2.17","5C484A7778D85E7CF60DEABBED434577B9B20566F1360B9F3695B4EA8F2C87B0","False","2026-05-31 13:21:24"
"Backend\tests\PlantProcess.Application.UnitTests\Analytics\MlReadinessServiceTests.cs","03_Backend_Tests","Backend Tests","C# Source",".cs","75","2397","2.34","347F0FE2A4894440D93A4B0E7E0C1EBC138D2614999F3DDDC077588F9231CFC8","False","2026-05-31 13:21:24"
"Backend\tests\PlantProcess.Application.UnitTests\Analytics\P2_CanonicalAnalyticsArchitectureTests.cs","03_Backend_Tests","Backend Tests","C# Source",".cs","114","4855","4.74","FEBFCB6BAFA059BBD19B9A860BAB2ECB0B61C069AC7BDB65D922867349E321F3","False","2026-06-04 08:09:25"
"Backend\tests\PlantProcess.Application.UnitTests\Analytics\P3_ValueEvidenceKpiCoverageTests.cs","03_Backend_Tests","Backend Tests","C# Source",".cs","135","4952","4.84","FBE9AF319DF72939B47D6FAC29849A7A609A3969CDB02C9A3081CA6ACD67DFEC","False","2026-06-04 08:13:18"
"Backend\tests\PlantProcess.Application.UnitTests\Analytics\Phase5_CostAssumptionAbstainTests.cs","03_Backend_Tests","Backend Tests","C# Source",".cs","50","1810","1.77","8B588951A1257817CD09CE77F92E9A19DC9BEF26F5A7DFD51863C7977F70AA2D","False","2026-06-14 23:50:56"
"Backend\tests\PlantProcess.Application.UnitTests\Analytics\Phase5_DowntimeImpactTests.cs","03_Backend_Tests","Backend Tests","C# Source",".cs","48","1898","1.85","02F076DF95F268E33DDA749967E141AEAEC4456ECAE212437932F617199F72E6","False","2026-06-14 23:50:56"
"Backend\tests\PlantProcess.Application.UnitTests\Analytics\Phase9_T047SuggestionWorkflowCertificationTests.cs","03_Backend_Tests","Backend Tests","C# Source",".cs","412","16310","15.93","94849BEA6745323B9141FC6E25FC420E9CB5E5AAA87110A03AF7D9B454C749FE","False","2026-06-08 07:34:07"
"Backend\tests\PlantProcess.Application.UnitTests\Analytics\ProvenanceClaimGuardTests.cs","03_Backend_Tests","Backend Tests","C# Source",".cs","107","4617","4.51","68AA6422CD2CB8F5131AAA2852D73A7CCD693672CAC6A9BB5990678F638312CB","False","2026-06-02 17:44:13"
"Backend\tests\PlantProcess.Application.UnitTests\Analytics\QualityLabelBuilderServiceTests.cs","03_Backend_Tests","Backend Tests","C# Source",".cs","41","1447","1.41","2F2E1F6DEE4638CA56970A19A77E30CB7F041DD5104FF7BDD9B13E665CBA7F51","False","2026-05-31 13:21:24"
"Backend\tests\PlantProcess.Application.UnitTests\Analytics\RiskScoreServiceTests.cs","03_Backend_Tests","Backend Tests","C# Source",".cs","70","2252","2.2","DC4FEA30627CBF752282CCB4A75FBDBF5AB91CD513BBC1EF83E3AF551DD163E3","False","2026-05-31 13:21:24"
"Backend\tests\PlantProcess.Application.UnitTests\Analytics\SuggestionWorkflowTests.cs","03_Backend_Tests","Backend Tests","C# Source",".cs","95","4616","4.51","FBF3645D995A17ADC098265847850E5B7216978225B160E3527DC5E2597998E7","False","2026-06-02 18:26:16"
"Backend\tests\PlantProcess.Application.UnitTests\Assistant\P4_ProductionAssistantTests.cs","03_Backend_Tests","Backend Tests","C# Source",".cs","144","5872","5.73","87BEC83D1B35455C81E8B8E2B14E5261E9C7850D0E50A11CC4A1D1C34403E22E","False","2026-06-04 08:23:02"
"Backend\tests\PlantProcess.Application.UnitTests\Assistant\Phase4_BareNumberElicitationTests.cs","03_Backend_Tests","Backend Tests","C# Source",".cs","54","2398","2.34","F1C516A6C6C67F748CBB7CB4D9F6DAEF2309E9BB64C14F2ADA345E794B3F8223","False","2026-06-14 23:23:52"
"Backend\tests\PlantProcess.Application.UnitTests\Assistant\Phase8AssistantRegressionEvalGateTests.cs","03_Backend_Tests","Backend Tests","C# Source",".cs","99","3915","3.82","EB11208FC3870EAB838599F0E5E4317CE074F398924114EC5FF1757164953CBB","False","2026-06-09 14:28:13"
"Backend\tests\PlantProcess.Application.UnitTests\Assistant\Phase8AssistantRuntimeTests.cs","03_Backend_Tests","Backend Tests","C# Source",".cs","73","3095","3.02","B43AF554B24EC4E28533740D128B31349FB23A7696B2413BD7A12EBCF0FD43F6","False","2026-06-09 13:59:49"
"Backend\tests\PlantProcess.Application.UnitTests\Assistant\Phase8SuggestionOutcomeLoopTests.cs","03_Backend_Tests","Backend Tests","C# Source",".cs","72","2870","2.8","746AAB47532F0B84C05ABE0101931B20FC3D013FDC7DD61848FE054106F85A69","False","2026-06-09 14:28:12"
"Backend\tests\PlantProcess.Application.UnitTests\Assistant\Phase9_T048AssistantGroundingEvalGateTests.cs","03_Backend_Tests","Backend Tests","C# Source",".cs","212","8715","8.51","14987EBA0C6D48DE636CE7BC0C8442B0F8D4B643E68032DF23DF44EEC5466093","False","2026-06-08 07:45:02"
"Backend\tests\PlantProcess.Application.UnitTests\Assistant\Phase9_T049ModelGatewayServingModesTests.cs","03_Backend_Tests","Backend Tests","C# Source",".cs","270","11712","11.44","E6B82CDB7C1DA53837BC16EF7E3B763385C29951676B4159158476E36F8AD5C5","False","2026-06-08 08:24:47"
"Backend\tests\PlantProcess.Application.UnitTests\Assistant\Phase9_T050AssistantRegressionSweepTests.cs","03_Backend_Tests","Backend Tests","C# Source",".cs","187","8622","8.42","4F121C8693012CE90865A893629676FDCB0A41230476DF6FD3ABDD3BBA4A244B","False","2026-06-08 11:33:39"
"Backend\tests\PlantProcess.Application.UnitTests\Assistant\RetrievalAndToolTests.cs","03_Backend_Tests","Backend Tests","C# Source",".cs","134","6644","6.49","9A303997EB61F48378079DE1203CB651CB4C167BBA0F0A26AA280B7B03530620","False","2026-06-02 18:27:01"
"Backend\tests\PlantProcess.Application.UnitTests\Common\ApplicationResultTests.cs","03_Backend_Tests","Backend Tests","C# Source",".cs","91","3168","3.09","944D0E71E6436EC18C01DD05CAB1BDD62F15E0F468F7E5E74109B273AD0E0A3D","False","2026-05-20 10:46:31"
"Backend\tests\PlantProcess.Application.UnitTests\Common\PageRequestTests.cs","03_Backend_Tests","Backend Tests","C# Source",".cs","39","1000","0.98","6516968AE35F5A755B42C7351CEBCD87D9B3724C36AF679AE976D1775A803D92","False","2026-05-18 23:19:15"
"Backend\tests\PlantProcess.Application.UnitTests\Common\TextNormalizerTests.cs","03_Backend_Tests","Backend Tests","C# Source",".cs","40","1026","1","C5A9E4B96C9FD3C58372C6C1F56AEA1FB6CDF33FC34BF48CA6170095FDBEBFF8","False","2026-05-18 23:19:15"
"Backend\tests\PlantProcess.Application.UnitTests\Connectors\Phase10_T051ConnectorBehaviouralFailureTests.cs","03_Backend_Tests","Backend Tests","C# Source",".cs","115","4950","4.83","6512B1EE7E9E40552C3B80B89F5A0A37A5147C2F3D305ED0AA7D1AD8DDD7F10A","False","2026-06-08 12:33:52"
"Backend\tests\PlantProcess.Application.UnitTests\Dashboarding\WidgetQueryExpressionServiceTests.cs","03_Backend_Tests","Backend Tests","C# Source",".cs","56","2212","2.16","1234E45F57B9511DA5B59DBD52BB38639EB1B52CF6643B771E71EFE244906342","False","2026-05-30 10:44:13"
"Backend\tests\PlantProcess.Application.UnitTests\Demo\Phase1_DemoReadinessTests.cs","03_Backend_Tests","Backend Tests","C# Source",".cs","52","1774","1.73","526D9B445CA2288445C62EA5FAE553915838BBBF15314F98799DEC7040FF1100","False","2026-06-15 06:40:39"
"Backend\tests\PlantProcess.Application.UnitTests\GlobalUsings.T08.cs","03_Backend_Tests","Backend Tests","C# Source",".cs","3","269","0.26","5A98AA69CF632055D30F37598B1408922EBB12AB133AE01E56C187EB3E826EA6","False","2026-06-12 23:53:34"
"Backend\tests\PlantProcess.Application.UnitTests\Hardening\Phase1DependencyRegistrationTests.cs","03_Backend_Tests","Backend Tests","C# Source",".cs","43","1775","1.73","C06276B2FECC0D4122857B7B14AB8BFE9C72E99E518091AE8CC6CA178F152484","False","2026-06-06 08:32:21"
"Backend\tests\PlantProcess.Application.UnitTests\Integration\ConnectorCertificationGateTests.cs","03_Backend_Tests","Backend Tests","C# Source",".cs","62","1833","1.79","3B2622898866A4D9DC29C905EDB1BDAC2A877D4B90FAEB6BB38F3738CB7EE133","False","2026-06-09 13:20:06"
"Backend\tests\PlantProcess.Application.UnitTests\Integration\SchemaDriftWiringTests.cs","03_Backend_Tests","Backend Tests","C# Source",".cs","57","1948","1.9","17F3F215DC69092507C485386B8E03FE87F4CCD489CB88FD5F77A1E49CD2604E","False","2026-06-09 13:20:06"
"Backend\tests\PlantProcess.Application.UnitTests\Integration\SourceLoadThrottlingDataSourceReaderTests.cs","03_Backend_Tests","Backend Tests","C# Source",".cs","108","4492","4.39","2DE05FD9AF5FA55F16F7B1D0A188044AB1E63A0A14E2570063F063C6EE269CC3","False","2026-06-25 08:07:00"
"Backend\tests\PlantProcess.Application.UnitTests\Integration\V2Policy_MappingFaultTests.cs","03_Backend_Tests","Backend Tests","C# Source",".cs","35","1280","1.25","26A59BC964474B88A72E7340FDBDED4435784871B13E3B2D9FBBCCE94827205D","False","2026-06-15 09:18:32"
"Backend\tests\PlantProcess.Application.UnitTests\Integration\V2Policy_SourceLoadProtectionTests.cs","03_Backend_Tests","Backend Tests","C# Source",".cs","54","2130","2.08","FFA4041C636FB27A9E730B26CD9A4BA9A132ECD5F8CAAD1119D98390B9AA6EF5","False","2026-06-15 09:18:32"
"Backend\tests\PlantProcess.Application.UnitTests\Licensing\LicenseServiceTests.cs","03_Backend_Tests","Backend Tests","C# Source",".cs","177","4793","4.68","5606758DBAAF85A06D428316BC00E50CAA4036DF03B7410F54063E7902CC9CBC","False","2026-05-21 14:18:45"
"Backend\tests\PlantProcess.Application.UnitTests\Licensing\Phase10LicenseRuntimeTests.cs","03_Backend_Tests","Backend Tests","C# Source",".cs","129","4657","4.55","ED1C4E2C161425DC6BEE292E6A769B5FDE5E616748A5F79432DCA3A336D2A9B2","False","2026-06-12 23:47:58"
"Backend\tests\PlantProcess.Application.UnitTests\Licensing\Phase5_LicenseTierTamperTests.cs","03_Backend_Tests","Backend Tests","C# Source",".cs","38","1489","1.45","590775599A147A4EBB29C5F51C0E526C1C18F5E9FDFB8B88C2D6CBA3B9505683","False","2026-06-14 23:50:56"
"Backend\tests\PlantProcess.Application.UnitTests\Phase1_KpiSqlGuardTests.cs","03_Backend_Tests","Backend Tests","C# Source",".cs","29","1176","1.15","449B2AA364D95B58FEA2CA74B9FE54751C85C022B3EAE7DD5509416162ECCBA3","False","2026-06-04 07:47:08"
"Backend\tests\PlantProcess.Application.UnitTests\Phase1_SafeSqlValidatorCorpusTests.cs","03_Backend_Tests","Backend Tests","C# Source",".cs","49","2938","2.87","B1FF20BF1E275A5E0FBF6B347D6078452CECFB8A451B4613A0ED37B3AA3EF3DC","False","2026-06-04 00:19:36"
"Backend\tests\PlantProcess.Application.UnitTests\Phase2_AnalyticsGoldenTests.cs","03_Backend_Tests","Backend Tests","C# Source",".cs","49","2464","2.41","ADB89D1637D43F46E0EAC0AB93906C9A4638C7AD955EFCEC244EECA9276ACDFC","False","2026-06-04 00:19:36"
"Backend\tests\PlantProcess.Application.UnitTests\Phase2_CorrelationEngineRegistryTests.cs","03_Backend_Tests","Backend Tests","C# Source",".cs","32","1338","1.31","6727CAB1EA18211B5EEADED6D155B1523CA4BAC17412AC765087160554B57AC1","False","2026-06-04 00:19:36"
"Backend\tests\PlantProcess.Application.UnitTests\Phase3_CostAssumptionValidatorTests.cs","03_Backend_Tests","Backend Tests","C# Source",".cs","37","1251","1.22","4538720626858477B3EE58E3E5C3EF6FBB91934212B4E70030B0B5CC876B9267","False","2026-06-04 00:19:36"
"Backend\tests\PlantProcess.Application.UnitTests\Phase3_ValueImpactEngineTests.cs","03_Backend_Tests","Backend Tests","C# Source",".cs","72","2784","2.72","696CE029F437B9A5E32789F0CBCA7A853CABE3B75CC67EEC982ED03D9A2EEBB5","False","2026-06-04 00:19:36"
"Backend\tests\PlantProcess.Application.UnitTests\Phase3Phase4\Phase3Phase4CertificationTests.cs","03_Backend_Tests","Backend Tests","C# Source",".cs","226","11173","10.91","913B964CDA6D793DD60B7F4115EE20A7A657DEDF45BCC76F667B036CE91E651B","False","2026-06-08 12:35:11"
"Backend\tests\PlantProcess.Application.UnitTests\Phase7_ValueImpactEngineDepthTests.cs","03_Backend_Tests","Backend Tests","C# Source",".cs","116","4110","4.01","17393288E2C44D285BF9F3A9FCE3793383DC7B8A2038C4160EAD41A97C9E0F99","False","2026-06-07 15:03:43"
"Backend\tests\PlantProcess.Application.UnitTests\Phase7_ValueImpactWorkedCaseTests.cs","03_Backend_Tests","Backend Tests","C# Source",".cs","88","3416","3.34","4089185C670EA8E69A134982C3685613BCD4A356BBD6C94BFC0ACECB654D3E60","False","2026-06-07 15:46:26"
"Backend\tests\PlantProcess.Application.UnitTests\Phase7_ValueRealizationTrackingTests.cs","03_Backend_Tests","Backend Tests","C# Source",".cs","103","3932","3.84","4F5902D91078ECB9279DC0D029AA876BE81FA4F0B23EB2286235A5F34A7D39A2","False","2026-06-07 15:51:10"
"Backend\tests\PlantProcess.Application.UnitTests\PlantProcess.Application.UnitTests.csproj","03_Backend_Tests","Backend Tests",".NET Project File",".csproj","30","1095","1.07","2704E9D510ECBDC56A5EE2DC099AFEB98BC763CFFDCA6B81CBC9D134FC7FDF2D","False","2026-05-24 07:05:13"
"Backend\tests\PlantProcess.Application.UnitTests\Reporting\BrandedPdfWriterTests.cs","03_Backend_Tests","Backend Tests","C# Source",".cs","20","781","0.76","502028CFEC7B9F362E092E905AB0CB95666A4478A24DDA125F55D8FA4EF9EEF7","False","2026-06-15 10:44:12"
"Backend\tests\PlantProcess.Application.UnitTests\Security\AssistantEgressGuardTests.cs","03_Backend_Tests","Backend Tests","C# Source",".cs","48","1990","1.94","87AECCAF1F4B5273903DEA1B0437EC38D126DE9BC7E58B6363161D871AF36F6E","False","2026-06-25 08:16:55"
"Backend\tests\PlantProcess.Application.UnitTests\Security\Phase5_RoleScopeMatrixTests.cs","03_Backend_Tests","Backend Tests","C# Source",".cs","50","2261","2.21","EE82A01B408F82BDABFDDA7FDE5D671A3CC20322B148ADF128FEB827C939D91E","False","2026-06-14 23:50:56"
"Backend\tests\PlantProcess.Application.UnitTests\Security\Phase9RoleAccessMatrixTests.cs","03_Backend_Tests","Backend Tests","C# Source",".cs","69","2278","2.22","21B8A065B59DD9307694982EC2273CB059DD65744414C89334E65D62A4E9CE33","False","2026-06-09 14:39:34"
"Backend\tests\PlantProcess.Application.UnitTests\Security\SafeSqlDynamicAllowlistTests.cs","03_Backend_Tests","Backend Tests","C# Source",".cs","39","1281","1.25","7C1E878B406D01B8B4F4C21A9BE41472F72934CCEEF871AFFBB0FE613882C16B","False","2026-07-03 14:42:53"
"Backend\tests\PlantProcess.Application.UnitTests\Security\SafeSqlPolicyTests.cs","03_Backend_Tests","Backend Tests","C# Source",".cs","197","10414","10.17","19B30CD3CD45F766270DBA9719D83E9FD33D753FD34D64F0F4B3F2DA938C129E","False","2026-05-24 07:02:06"
"Backend\tests\PlantProcess.Application.UnitTests\Security\SafeSqlValidatorPhase1Tests.cs","03_Backend_Tests","Backend Tests","C# Source",".cs","51","1860","1.82","D0BEC0BD763FEC207A00CA32DE51663582CE084CDAA0561A19CE6374BEE376A0","False","2026-06-04 07:47:08"
"Backend\tests\PlantProcess.Application.UnitTests\Security\V2Policy_DataBoundaryTests.cs","03_Backend_Tests","Backend Tests","C# Source",".cs","42","1594","1.56","02F990D38575C7BD5ED217E3957DAA282624C70362F7B579C4CA37EE425C3B1F","False","2026-06-15 09:18:32"
"Backend\tests\PlantProcess.Application.UnitTests\Top15\Top15Phase34RuntimeTests.cs","03_Backend_Tests","Backend Tests","C# Source",".cs","181","7769","7.59","44021E8A2C2AE86AF0A0B287D82F4DE78A75B8C44817575CE1EED2E6BA168FFF","False","2026-06-09 15:57:17"
"Backend\tests\PlantProcess.Application.UnitTests\Widgets\WidgetScriptSqlCompilerTests.cs","03_Backend_Tests","Backend Tests","C# Source",".cs","73","3294","3.22","AB4188831665AD20463534C0D73714D3157E5C1A0E70E8943DF4203004FEE180","False","2026-06-03 10:07:10"
"Backend\tests\PlantProcess.Architecture.Tests\ArchitectureDependencyDirectionTests.cs","03_Backend_Tests","Backend Tests","C# Source",".cs","75","2336","2.28","D87BD0A9214F43063CCEFCED5F59FFDF04964A906D23D5EB07005EC3EE6CE21C","False","2026-06-06 08:32:33"
"Backend\tests\PlantProcess.Architecture.Tests\CiPipelineTruthGateTests.cs","03_Backend_Tests","Backend Tests","C# Source",".cs","118","5239","5.12","5E1F4BBB93BF5FB62AD4A0116AC1EAABA1E2A5771EE7DD9FB033E39C16B1A6E5","False","2026-07-10 11:41:49"
"Backend\tests\PlantProcess.Architecture.Tests\ConnectorCredentialResolverTests.cs","03_Backend_Tests","Backend Tests","C# Source",".cs","63","2376","2.32","99C2458C04721570552FAADF3ADA3CD0BA51454A04B440BB69BC8B575F8E38BD","False","2026-07-06 09:40:21"
"Backend\tests\PlantProcess.Architecture.Tests\CorrelationReaperSourceGuardTests.cs","03_Backend_Tests","Backend Tests","C# Source",".cs","73","3627","3.54","B6DAA5DE0637922C6679B8C299174102D3C9CA2C085433E440EB30E2F2C60073","False","2026-07-05 15:49:20"
"Backend\tests\PlantProcess.Architecture.Tests\DeployRedPathProofTests.cs","03_Backend_Tests","Backend Tests","C# Source",".cs","87","4036","3.94","6E4E24243849127E372882614CBA7BE04B21FD3A490A4305F073EE5A026A225F","False","2026-07-10 11:41:49"
"Backend\tests\PlantProcess.Architecture.Tests\JobLogObservabilitySourceGuardTests.cs","03_Backend_Tests","Backend Tests","C# Source",".cs","72","3030","2.96","0A5CE91DDE8A4820A06870991609EA80A6B737CD8E7E3FB1DEAE1AC7917D438D","False","2026-07-05 15:47:58"
"Backend\tests\PlantProcess.Architecture.Tests\PipelineSourceText.cs","03_Backend_Tests","Backend Tests","C# Source",".cs","87","3492","3.41","048337B75D0D81F74C7962F8EFD154ADAF3017D14B3EF5EF4B490123CEBBB610","False","2026-07-10 11:41:49"
"Backend\tests\PlantProcess.Architecture.Tests\PlantProcess.Architecture.Tests.csproj","03_Backend_Tests","Backend Tests",".NET Project File",".csproj","31","1178","1.15","24A06D2B3E1879324F2DE76E23AC9259DE00E6E01F2C9577B17FA16376055AC4","False","2026-06-06 08:32:32"
"Backend\tests\PlantProcess.Architecture.Tests\T05ProofEndpointGatingTests.cs","03_Backend_Tests","Backend Tests","C# Source",".cs","94","4050","3.96","64F4A9324B4F22CFDA53BF499C2C52753B8BB48F2A3F3293D179D15DF5660A47","False","2026-06-13 09:56:42"
"Backend\tests\PlantProcess.Architecture.Tests\T08ConnectorSecretMaskingGuardTests.cs","03_Backend_Tests","Backend Tests","C# Source",".cs","70","3032","2.96","BEEA745872E92F1A264E85E62CD29D98023FFA4A8A9DAFFD39B0CE14E8DB2D3B","False","2026-06-13 09:58:19"
"Backend\tests\PlantProcess.Architecture.Tests\T08LicenseModelGuardTests.cs","03_Backend_Tests","Backend Tests","C# Source",".cs","52","2135","2.08","E31E8EDB420A6A649EB0B360C02CF4AADDFC8015BE51E21896F60DB32A4313C0","False","2026-06-12 23:53:34"
"Backend\tests\PlantProcess.Architecture.Tests\T10ProviderAvailabilityGuardTests.cs","03_Backend_Tests","Backend Tests","C# Source",".cs","37","1671","1.63","D2719BEDE92347722B5A05F30B685550E937343B0A6D59EE68481058A9DB22E0","False","2026-06-12 23:50:53"
"Backend\tests\PlantProcess.Architecture.Tests\T14LicenseEnforcementGuardTests.cs","03_Backend_Tests","Backend Tests","C# Source",".cs","51","2430","2.37","957E2D6D48F7AEC576BF3D9C430E96605CC72DF2D591641E2DAD14BBCE77C5C1","False","2026-06-12 23:49:47"
"Backend\tests\PlantProcess.Domain.Tests\Architecture\DomainArchitectureTests.cs","03_Backend_Tests","Backend Tests","C# Source",".cs","51","1915","1.87","B2873A7C4F4C1951B09207758A0B52203B5196ED837367C61D104F566EDABBE9","False","2026-05-20 11:03:29"
"Backend\tests\PlantProcess.Domain.Tests\Dashboarding\DashboardWidgetDefinitionExpressionTests.cs","03_Backend_Tests","Backend Tests","C# Source",".cs","54","1501","1.47","A264D3E018E17284805AD9EC5192D0FD96DFD9095AB899AFF4E754E50B803E04","False","2026-05-30 10:44:13"
"Backend\tests\PlantProcess.Domain.Tests\PlantProcess.Domain.Tests.csproj","03_Backend_Tests","Backend Tests",".NET Project File",".csproj","29","996","0.97","CF3590DAC6519A68A58EB88D5EC72E4F1CEF05F65EE1C46AFED33A23514EC5D0","False","2026-05-24 07:05:13"
"Backend\tests\PlantProcess.Infrastructure.IntegrationTests\Analytics\AdvancedEngineContractTests.cs","03_Backend_Tests","Backend Tests","C# Source",".cs","52","2582","2.52","E7CCE93C8E3B960F7EE14659EE28D35C2C4F4B4EFC130371EEE64E77CE20505A","False","2026-06-03 00:10:42"
"Backend\tests\PlantProcess.Infrastructure.IntegrationTests\Analytics\AdvancedResultPersistenceTests.cs","03_Backend_Tests","Backend Tests","C# Source",".cs","71","3486","3.4","F7B52FF71325D6873F3A151C1413A47A07B1C9DF65EB19C40691A700154E0873","False","2026-06-28 21:11:31"
"Backend\tests\PlantProcess.Infrastructure.IntegrationTests\appsettings.Test.json","03_Backend_Tests","Backend Tests","JSON Configuration",".json","24","1250","1.22","36FD3DA490897D79B598561208169C3465E6D9A59E727334D59C41EC2988EE7F","False","2026-06-22 16:54:43"
"Backend\tests\PlantProcess.Infrastructure.IntegrationTests\Audit\AuditLogImmutabilityTests.cs","03_Backend_Tests","Backend Tests","C# Source",".cs","289","10325","10.08","1943572D7F470681401F9C1FFFD22419490513BB356D5EBCD4E173B12ECEEC9B","False","2026-06-22 19:12:32"
"Backend\tests\PlantProcess.Infrastructure.IntegrationTests\Connectors\CsvConnectorSmokeTests.cs","03_Backend_Tests","Backend Tests","C# Source",".cs","61","2165","2.11","2EA4BB96A90168E9096DC6098C83947AA3948EC5F0C89FAED5E788EC794E3FDC","False","2026-05-24 13:20:41"
"Backend\tests\PlantProcess.Infrastructure.IntegrationTests\Connectors\CsvConnectorTrimRegressionTests.cs","03_Backend_Tests","Backend Tests","C# Source",".cs","29","1003","0.98","135A213FD8496D3F0616D8E3A3416AA80EA8D6A4898477F0896704E1D5370E86","False","2026-06-06 08:32:49"
"Backend\tests\PlantProcess.Infrastructure.IntegrationTests\Connectors\ExcelConnectorSmokeTests.cs","03_Backend_Tests","Backend Tests","C# Source",".cs","77","2850","2.78","679ED412AA6A1EA984F0D9F0C02D8C007C21239F067C0E9AAF0EF64419A5286E","False","2026-05-24 13:20:44"
"Backend\tests\PlantProcess.Infrastructure.IntegrationTests\Connectors\ReadOnlyEnforcementTests.cs","03_Backend_Tests","Backend Tests","C# Source",".cs","50","2278","2.22","3FBD5F50F6A83F1F140CB2B6BC77543B27FBEE6DB28B0F0FBD66B796C2E370EA","False","2026-06-23 11:50:29"
"Backend\tests\PlantProcess.Infrastructure.IntegrationTests\Database\SqlScriptHygieneApplyTests.cs","03_Backend_Tests","Backend Tests","C# Source",".cs","105","3749","3.66","8B573F46E006FE58C9B4FB16CF8E3A10456A1E7EE310B1CAE9E2F1966DF2F6AF","False","2026-05-31 13:21:24"
"Backend\tests\PlantProcess.Infrastructure.IntegrationTests\Database\Utf8NoBomRepositoryHygieneTests.cs","03_Backend_Tests","Backend Tests","C# Source",".cs","95","3719","3.63","230A9F21208780B897997301F3AA52945812143BA3161DFAE2334AAA1DB269E0","False","2026-07-03 11:25:02"
"Backend\tests\PlantProcess.Infrastructure.IntegrationTests\Demo\Phase2RealismSourceSeedTests.cs","03_Backend_Tests","Backend Tests","C# Source",".cs","92","4347","4.25","7D4D0C68417DB45C9BDF314CB57F1B44F9399BD3E0A9A4EBE451F2AECB531720","False","2026-06-25 15:09:44"
"Backend\tests\PlantProcess.Infrastructure.IntegrationTests\PlantProcess.Infrastructure.IntegrationTests.csproj","03_Backend_Tests","Backend Tests",".NET Project File",".csproj","40","1622","1.58","0AA87316FC9218A4A9CB05569C89D66AA4D5936F435DDFB4C21044F467EBBCFB","False","2026-06-22 16:54:43"
"Backend\tests\PlantProcess.Infrastructure.IntegrationTests\Security\RlsTenantIsolationTests.cs","03_Backend_Tests","Backend Tests","C# Source",".cs","111","5143","5.02","CF4C1F4446253E7E4CA3FF4E770035413F5DED198D09578E28040916A47C9B7C","False","2026-06-22 19:12:32"
"Backend\tests\PlantProcess.PerformanceTests\PlantProcess.PerformanceTests.csproj","03_Backend_Tests","Backend Tests",".NET Project File",".csproj","25","874","0.85","C1A765CDB8C975CAFDFCA38E926487A571BCA811EC0044C93D96E1456DC1F23E","False","2026-05-24 07:05:12"
"Backend\tests\TESTS.md","03_Backend_Tests","Backend Tests","Markdown Documentation",".md","23","1879","1.83","AC990F6202EC6665A2211314F86835C52157E5BFFE18D09ECE2D2002C8908B8E","False","2026-06-13 18:18:19"
"Frontend\PlantProcess.Web\.dockerignore","04_Frontend_App","Frontend App: PlantProcess.Web Core Source (HMI)","Other Text File",".dockerignore","18","354","0.35","1BCAEE9F51C5BD5A88D7C0CE8DFDF009589126603CB4E02B3824A430C90C4E8B","False","2026-05-19 14:43:40"
"Frontend\PlantProcess.Web\.env.development","04_Frontend_App","Frontend App: PlantProcess.Web Core Source (HMI)","Environment Config",".development","4","98","0.1","D8B9CE6DCB7C041B700DBFAB03840EC47B2D5585D82F2E7B642F0D7648C4D623","True","2026-05-12 14:36:02"
"Frontend\PlantProcess.Web\.env.example","04_Frontend_App","Frontend App: PlantProcess.Web Core Source (HMI)","Environment Config",".example","14","566","0.55","F75823A8F1DE183E4217C250593F0AF9D947DBCF3C7C8AEC02A7F3AB8D7EDFA7","True","2026-06-06 08:50:51"
"Frontend\PlantProcess.Web\.env.local","04_Frontend_App","Frontend App: PlantProcess.Web Core Source (HMI)","Environment Config",".local","6","179","0.17","1293B736FFF9E15C5A5C77DB6EE00EE84934E44ABA82FA6310245270DA4B461D","True","2026-07-09 11:56:25"
"Frontend\PlantProcess.Web\.env.test","04_Frontend_App","Frontend App: PlantProcess.Web Core Source (HMI)","Environment Config",".test","3","102","0.1","24BD149B4404E1C90C7C7097CE1324404381E27B6FA5EBADECD0D0447231C4A2","True","2026-05-31 13:24:05"
"Frontend\PlantProcess.Web\.gitignore","04_Frontend_App","Frontend App: PlantProcess.Web Core Source (HMI)","Other Text File",".gitignore","25","272","0.27","D0E42129DE8532A1C60E737CDD8EC2E96B5D89E2BA65EEAD2BA0466651CC74EA","False","2026-06-09 06:41:58"
"Frontend\PlantProcess.Web\_phase9_standardbutton_dedupe_backup\src\App.tsx","04_Frontend_App","Frontend App: PlantProcess.Web Core Source (HMI)","TypeScript Source",".tsx","2437","73218","71.5","071235425FFED2937366DEF55CE1E51F097EF953982AE9D4DA620FDAE9BF1971","False","2026-06-13 18:18:15"
"Frontend\PlantProcess.Web\_phase9_standardbutton_dedupe_backup\src\components\analytics\BidirectionalThread.tsx","04_Frontend_App","Frontend App: PlantProcess.Web Core Source (HMI)","TypeScript Source",".tsx","92","4051","3.96","77D3B78AE791A3BA5A15012E9223CA6A9BE5024C0D61A1F73853D81B98A5EA29","False","2026-06-13 17:51:44"
"Frontend\PlantProcess.Web\_phase9_standardbutton_dedupe_backup\src\components\analytics\EvidencePanel.tsx","04_Frontend_App","Frontend App: PlantProcess.Web Core Source (HMI)","TypeScript Source",".tsx","71","3382","3.3","BB3210DF3583E9D1DCF42E185C61E731163587C83E48E98A04C8E43A2983793D","False","2026-06-13 17:51:43"
"Frontend\PlantProcess.Web\_phase9_standardbutton_dedupe_backup\src\components\conflict\ConflictDialog.tsx","04_Frontend_App","Frontend App: PlantProcess.Web Core Source (HMI)","TypeScript Source",".tsx","65","2459","2.4","E206EB53EDE54B010CE906F355178ADDB6100FD2567B42FA9F4D28A9D889369B","False","2026-06-13 22:35:10"
"Frontend\PlantProcess.Web\_phase9_standardbutton_dedupe_backup\src\components\exec\ValueRangePanel.tsx","04_Frontend_App","Frontend App: PlantProcess.Web Core Source (HMI)","TypeScript Source",".tsx","84","4259","4.16","1F602AA9F788150E93F431C0B8503773599C25A80C493AFA539D9C3EC4722FB9","False","2026-06-13 17:51:44"
"Frontend\PlantProcess.Web\_phase9_standardbutton_dedupe_backup\src\components\ops\JobsMonitorTable.tsx","04_Frontend_App","Frontend App: PlantProcess.Web Core Source (HMI)","TypeScript Source",".tsx","80","3147","3.07","F4E62576B480E7F82015C7E605503F2FA451835886896FD3B08913AAA93BED0B","False","2026-06-13 17:51:45"
"Frontend\PlantProcess.Web\_phase9_standardbutton_dedupe_backup\src\pages\PageBuilder\PageBuilderPage.implementation.tsx","04_Frontend_App","Frontend App: PlantProcess.Web Core Source (HMI)","TypeScript Source",".tsx","435","13256","12.95","4C46B7ACB36CBBF6A22405D1902EFFF22A12AFEE745FB71D78CB882AF05E54C2","False","2026-06-15 10:44:12"
"Frontend\PlantProcess.Web\_phase9_standardbutton_dedupe_backup\src\ui\standard-components.implementation.tsx","04_Frontend_App","Frontend App: PlantProcess.Web Core Source (HMI)","TypeScript Source",".tsx","525","16003","15.63","6D0EEA67AB5D0300A40C4724AA731C8BB8382D004B5F82E5CB65471B70FF0A68","False","2026-06-19 17:39:15"
"Frontend\PlantProcess.Web\DEAD_BUTTON_INVENTORY.md","04_Frontend_App","Frontend App: PlantProcess.Web Core Source (HMI)","Markdown Documentation",".md","8","296","0.29","CD748FABDD44ECA98EF24C95B02942C0BD8FE349A64A0443B0F5814C72209FC7","False","2026-06-15 10:46:33"
"Frontend\PlantProcess.Web\Dockerfile","04_Frontend_App","Frontend App: PlantProcess.Web Core Source (HMI)","Dockerfile","","28","658","0.64","13E794DBAE8645158856742AE133A7945FC6B155089A20562F36693FCF06969C","True","2026-06-26 13:11:01"
"Frontend\PlantProcess.Web\docs\a11y\audit-30May2026.md","04_Frontend_App","Frontend App: PlantProcess.Web Core Source (HMI)","Markdown Documentation",".md","33","575","0.56","A3AC3485E227D6C4266F3D8234B0DBA71B6A7BC335B71D8D6E5A484ADDC3529C","False","2026-05-30 10:14:59"
"Frontend\PlantProcess.Web\docs\refactor\codemods.md","04_Frontend_App","Frontend App: PlantProcess.Web Core Source (HMI)","Markdown Documentation",".md","25","572","0.56","47FD5689DFC72587DF4B904F68E29E9FCF53AC5C96B34A673E4238FE8266B4E4","False","2026-05-30 09:53:07"
"Frontend\PlantProcess.Web\docs\refactor\dead-code-removal-30May2026.md","04_Frontend_App","Frontend App: PlantProcess.Web Core Source (HMI)","Markdown Documentation",".md","23","1322","1.29","EC693A851202DF2F1C8386B56FCD97321446FB6514392F775C77FC6C52AAEBF7","False","2026-05-30 09:53:07"
"Frontend\PlantProcess.Web\docs\refactor\implementation-wrapper-pattern.md","04_Frontend_App","Frontend App: PlantProcess.Web Core Source (HMI)","Markdown Documentation",".md","23","944","0.92","B2B3AE1B0D2BC7B9769877D5776F414A406F845B197D39CAE4DF189FEFEF49C1","False","2026-06-06 13:10:00"
"Frontend\PlantProcess.Web\docs\ui-standards\button-inventory.csv","04_Frontend_App","Frontend App: PlantProcess.Web Core Source (HMI)","Other Text File",".csv","257","43161","42.15","626C388930E7D7442CD408910F46F21ED8CAB080A553544273E3D199AD510D45","False","2026-06-24 16:16:41"
"Frontend\PlantProcess.Web\docs\ui-standards\component-specification.md","04_Frontend_App","Frontend App: PlantProcess.Web Core Source (HMI)","Markdown Documentation",".md","62","1743","1.7","8A573EE275D035CE4D3980FDA2CE8859A2CAFAFC2D3C6651EAFA4DE346725728","False","2026-05-30 09:16:06"
"Frontend\PlantProcess.Web\docs\ui-standards\inert-standard-buttons.json","04_Frontend_App","Frontend App: PlantProcess.Web Core Source (HMI)","JSON Configuration",".json","7","88","0.09","8101A34797DF411231AD17B5FD114C927A2F71C34A426524123FE84692D1B4EA","False","2026-06-24 16:32:21"
"Frontend\PlantProcess.Web\docs\ui-standards\input-inventory.csv","04_Frontend_App","Frontend App: PlantProcess.Web Core Source (HMI)","Other Text File",".csv","42","9132","8.92","99D5E95BE8FDA30A102ED0C49A2B29C47780BF6108A4A9FF1D3DCBDEAC66233C","False","2026-06-24 16:16:41"
"Frontend\PlantProcess.Web\docs\ui-standards\inventory-summary.md","04_Frontend_App","Frontend App: PlantProcess.Web Core Source (HMI)","Markdown Documentation",".md","29","686","0.67","C0923CD0B9E88C75FB1C27BF24369F96E878DF8C2073BDD757777A384B9C0DF4","False","2026-06-24 16:16:41"
"Frontend\PlantProcess.Web\docs\ui-standards\table-inventory.csv","04_Frontend_App","Frontend App: PlantProcess.Web Core Source (HMI)","Other Text File",".csv","37","7440","7.27","DE5A9EC09F52DB0E6FA5FBDE6D1D5E9259799C152DAC0C263BD9A42D26978269","False","2026-06-24 16:16:41"
"Frontend\PlantProcess.Web\docs\ui-standards\tabs-inventory.csv","04_Frontend_App","Frontend App: PlantProcess.Web Core Source (HMI)","Other Text File",".csv","7","1183","1.16","74083D2510654AB1C67A96EEAD0DB2D78357EE016C0479E37CFB7E153CDF8509","False","2026-06-24 16:16:41"
"Frontend\PlantProcess.Web\docs\visual-regression\phase56-baseline.md","04_Frontend_App","Frontend App: PlantProcess.Web Core Source (HMI)","Markdown Documentation",".md","25","597","0.58","E22D03783B901241A8B32CD1F08C8B2CAA7B4AED7E5429841A0CC1EF36A49C04","False","2026-05-30 10:14:59"
"Frontend\PlantProcess.Web\eslint.config.js","04_Frontend_App","Frontend App: PlantProcess.Web Core Source (HMI)","JavaScript Source",".js","135","4375","4.27","EF43966A27C8105557BCCD302DEC41AFF451CA5F274988B633B06B5354A02A8F","False","2026-05-30 09:54:44"
"Frontend\PlantProcess.Web\index.html","04_Frontend_App","Frontend App: PlantProcess.Web Core Source (HMI)","Markup / View",".html","21","704","0.69","55357F3B077AEE228B258AD461ADC42B8CE8A6BF73AD4F1D9DDCB64DAD4BA322","False","2026-06-10 10:51:12"
"Frontend\PlantProcess.Web\nginx.conf","04_Frontend_App","Frontend App: PlantProcess.Web Core Source (HMI)","Other Text File",".conf","20","455","0.44","95EE1F23964B62243BFCC7E449B3684F5710A8A2E3168C9D15C4E6DFD76EF0E7","False","2026-05-19 13:09:48"
"Frontend\PlantProcess.Web\openapi\README.md","04_Frontend_App","Frontend App: PlantProcess.Web Core Source (HMI)","Markdown Documentation",".md","24","968","0.95","6C0070F523ECB7CA2A1E6B0AB9D523428DC17507D769AD98546CDB18B8771C4D","False","2026-06-09 06:41:57"
"Frontend\PlantProcess.Web\package.json","04_Frontend_App","Frontend App: PlantProcess.Web Core Source (HMI)","JSON Configuration",".json","147","12794","12.49","6FB472761C92D11AE6FC6BAB360BDDF4D105AB2C54A5E9848F609A889F8D9B4F","False","2026-06-24 16:24:43"
"Frontend\PlantProcess.Web\playwright.config.ts","04_Frontend_App","Frontend App: PlantProcess.Web Core Source (HMI)","TypeScript Source",".ts","209","7439","7.26","ED25AB41A1A4F2FCB584E93CBFCE3F0302CE0A88B7666B854FEFECB4642D5498","False","2026-06-23 17:23:18"
"Frontend\PlantProcess.Web\playwright.phase2.config.ts","04_Frontend_App","Frontend App: PlantProcess.Web Core Source (HMI)","TypeScript Source",".ts","66","1491","1.46","216AD88D21A62C89E093EC1E2C0F4330B458E6CEE329B0C05D6B778A674867E6","False","2026-05-25 12:07:52"
"Frontend\PlantProcess.Web\playwright.phase9.config.ts","04_Frontend_App","Frontend App: PlantProcess.Web Core Source (HMI)","TypeScript Source",".ts","35","956","0.93","841DF34B9933DBDD87366848C43CB2031DC423661C5C61D937C600830CB03885","False","2026-06-03 19:05:21"
"Frontend\PlantProcess.Web\playwright.ppiq-v1-matrix.config.ts","04_Frontend_App","Frontend App: PlantProcess.Web Core Source (HMI)","TypeScript Source",".ts","63","1990","1.94","CB03162C7B2DF122D682459DB74ECCC13A65EAE2719E38D4E639AB6697E49111","False","2026-06-15 10:44:12"
"Frontend\PlantProcess.Web\playwright.ppiq-v1-readiness.config.ts","04_Frontend_App","Frontend App: PlantProcess.Web Core Source (HMI)","TypeScript Source",".ts","18","619","0.6","C08B22F8ECA7BC83B937A4C23BD67340C1A5437D0FCB4007D8D1A451501B658C","False","2026-06-15 10:44:12"
"Frontend\PlantProcess.Web\playwright-report-readiness\index.html","04_Frontend_App","Frontend App: PlantProcess.Web Core Source (HMI)","Markup / View",".html","90","524824","512.52","C1AF4A43FBA7327C9CA23878A88B9E8D7D14F4B397486CCA43595260CE36B17C","False","2026-06-15 10:48:28"
"Frontend\PlantProcess.Web\public\brand\plantprocess-iq-architecture.svg","04_Frontend_App","Frontend App: PlantProcess.Web Core Source (HMI)","Other Text File",".svg","87","5621","5.49","30FD78F1601492C7A58D0C02A49827F0AC05D6D0EA5DFB3B4DCC7C872640FE74","False","2026-05-21 15:44:08"
"Frontend\PlantProcess.Web\public\brand\plantprocess-iq-engineer-brief.html","04_Frontend_App","Frontend App: PlantProcess.Web Core Source (HMI)","Markup / View",".html","171","4852","4.74","24C9BA9EBA4F6397A7027226BB2E88C40E9F30AE1BC8A45FAC670FEA3B5070C1","False","2026-05-21 15:44:43"
"Frontend\PlantProcess.Web\public\brand\plantprocess-iq-logo.svg","04_Frontend_App","Frontend App: PlantProcess.Web Core Source (HMI)","Other Text File",".svg","51","2168","2.12","9BE5A1BF2F72BE934535C277F5F27CBBC9F9D5B2BE8E1115131A77D340BC0E26","False","2026-05-20 08:31:14"
"Frontend\PlantProcess.Web\public\brand\sou-icon.svg","04_Frontend_App","Frontend App: PlantProcess.Web Core Source (HMI)","Other Text File",".svg","50","1743","1.7","3A5683AA1179079537936DD39AB7FCB845369A199DF47807F9D6C4414EAF0DC7","False","2026-05-20 08:19:52"
"Frontend\PlantProcess.Web\public\brand\sou-logo-horizontal.svg","04_Frontend_App","Frontend App: PlantProcess.Web Core Source (HMI)","Other Text File",".svg","40","1813","1.77","7615AB27A735CF534DB633D0086D1B2F609C3923615D370686D72FEA92F3EFBC","False","2026-05-20 08:19:52"
"Frontend\PlantProcess.Web\public\build-info.json","04_Frontend_App","Frontend App: PlantProcess.Web Core Source (HMI)","JSON Configuration",".json","9","297","0.29","BC7627FB8D80BDEDD3C6757E597A8745F3B58FABD5390F7D8DAE9863B705E865","False","2026-06-10 11:30:22"
"Frontend\PlantProcess.Web\public\favicon.svg","04_Frontend_App","Frontend App: PlantProcess.Web Core Source (HMI)","Other Text File",".svg","50","1743","1.7","3A5683AA1179079537936DD39AB7FCB845369A199DF47807F9D6C4414EAF0DC7","False","2026-05-20 08:19:52"
"Frontend\PlantProcess.Web\public\icons.svg","04_Frontend_App","Frontend App: PlantProcess.Web Core Source (HMI)","Other Text File",".svg","24","5031","4.91","B45FA506195CFCDEF406BA9F0C77B36DDC1A7C224040926EC70ABC2FDEA7B93A","False","2026-05-11 15:00:07"
"Frontend\PlantProcess.Web\README.frontend-implementation.md","04_Frontend_App","Frontend App: PlantProcess.Web Core Source (HMI)","Markdown Documentation",".md","11","684","0.67","1AEF7EC8B26016D60DB6CE37EC27E6DA376ED00F3D80DC84FFA9C9311057E9E2","False","2026-06-06 10:18:29"
"Frontend\PlantProcess.Web\README.md","04_Frontend_App","Frontend App: PlantProcess.Web Core Source (HMI)","Markdown Documentation",".md","73","2425","2.37","8DC9E0EE2281ACB3324624FBE6EB7E1377CC626F616EA4DC90E3A90AE094374D","False","2026-05-11 15:00:06"
"Frontend\PlantProcess.Web\reports\ui-audit\phase2-ui-audit.json","04_Frontend_App","Frontend App: PlantProcess.Web Core Source (HMI)","JSON Configuration",".json","8831","246343","240.57","E2472041A6185568E0C9B6AC7D4CF615E4AC4E20AD7ED98933625FB4401BBE34","False","2026-05-30 08:22:53"
"Frontend\PlantProcess.Web\reports\ui-audit\phase2-ui-audit.md","04_Frontend_App","Frontend App: PlantProcess.Web Core Source (HMI)","Markdown Documentation",".md","1017","104164","101.72","4684CA96B7222076F683D5593F50FDEEE8CF291EC2B53A10A14F04BBF40596BD","False","2026-05-30 08:22:53"
"Frontend\PlantProcess.Web\src\accessibility\phase56ThemeRuntime.ts","04_Frontend_App","Frontend App: PlantProcess.Web Core Source (HMI)","TypeScript Source",".ts","95","3946","3.85","736093DABB2E86A5B7B4C5F3EF28A2A904D52142054A6315DCDD4B5DD75E3D44","False","2026-07-04 17:23:43"
"Frontend\PlantProcess.Web\src\api\__tests__\apiClient.retry-backoff.test.ts","04_Frontend_App","Frontend App: PlantProcess.Web Core Source (HMI)","TypeScript Source",".ts","52","1750","1.71","8C05FB1C2E85966ADB634A4A9BE62EA62EF39C76A2EE7388792EF8CE8AD766B4","False","2026-07-04 17:23:44"
"Frontend\PlantProcess.Web\src\api\admin\admin.api.ts","04_Frontend_App","Frontend App: PlantProcess.Web Core Source (HMI)","TypeScript Source",".ts","25","918","0.9","CF0FCD8E5F68114D7DAA58F19011659FC19BDFF569627980BAFFFD997A1692FC","False","2026-07-04 17:23:43"
"Frontend\PlantProcess.Web\src\api\admin\index.ts","04_Frontend_App","Frontend App: PlantProcess.Web Core Source (HMI)","TypeScript Source",".ts","2","84","0.08","CFEC07990CFA0643CA463147EF8A45B08B52115FC6219839B0E3F97476306A08","False","2026-07-04 17:23:43"
"Frontend\PlantProcess.Web\src\api\advancedAnalysis.ts","04_Frontend_App","Frontend App: PlantProcess.Web Core Source (HMI)","TypeScript Source",".ts","60","2780","2.71","09720B4450DAE45B20AAB403F4ADECA53F94E1DD1DF6A4802B36C3F74BA41899","False","2026-07-04 17:23:44"
"Frontend\PlantProcess.Web\src\api\advisoryApi.ts","04_Frontend_App","Frontend App: PlantProcess.Web Core Source (HMI)","TypeScript Source",".ts","89","12658","12.36","1DC7A04B51358E0EC2F346B24E9F5EFBB3B652BB38021B153805E6100F3ABC6A","False","2026-07-09 11:05:51"
"Frontend\PlantProcess.Web\src\api\analytics\analytics.api.ts","04_Frontend_App","Frontend App: PlantProcess.Web Core Source (HMI)","TypeScript Source",".ts","24","986","0.96","DEEAF2F5CEB89D55671CA79D6AB8D1ED6ADF49EEF1B93C1D4E573B6E5C199FE2","False","2026-07-04 17:23:43"
"Frontend\PlantProcess.Web\src\api\analytics\index.ts","04_Frontend_App","Frontend App: PlantProcess.Web Core Source (HMI)","TypeScript Source",".ts","2","92","0.09","B1ABB324B2C17C736760C316F627C2629E2D66811952EFECC2CD8E4C722DBA54","False","2026-07-04 17:23:43"
"Frontend\PlantProcess.Web\src\api\apiConfig.ts","04_Frontend_App","Frontend App: PlantProcess.Web Core Source (HMI)","TypeScript Source",".ts","44","1530","1.49","2859973878571F1C85108D2833EE18DD29BDB073A009BB40BF7A0119765C556A","False","2026-07-04 17:23:44"
"Frontend\PlantProcess.Web\src\api\apiConfig.ts.t04bak","04_Frontend_App","Frontend App: PlantProcess.Web Core Source (HMI)","Other Text File",".t04bak","44","1521","1.49","600288AC0EE66EE93731481E867A10AA57FDF1F335B765B2960B359BCB9E44AB","False","2026-05-12 14:19:41"
"Frontend\PlantProcess.Web\src\api\assistantApi.ts","04_Frontend_App","Frontend App: PlantProcess.Web Core Source (HMI)","TypeScript Source",".ts","158","4703","4.59","755D6E75FA4AE91472114A4673AE0E35CA33F2869917C5EE0B88366BAAC022CA","False","2026-07-09 10:15:50"
"Frontend\PlantProcess.Web\src\api\dashboarding\dashboarding.api.ts","04_Frontend_App","Frontend App: PlantProcess.Web Core Source (HMI)","TypeScript Source",".ts","40","2012","1.96","D2F0C9F5EBA2AEEA68D7E5EDB5BC156345F93B2B2EF263BBF65E7BD6B0A6EE63","False","2026-07-04 17:23:43"
"Frontend\PlantProcess.Web\src\api\dashboarding\index.ts","04_Frontend_App","Frontend App: PlantProcess.Web Core Source (HMI)","TypeScript Source",".ts","2","98","0.1","FBA736E46FF09DD82EB2CEE74506A92BB2F4A89C177B6CDC0A4F405FADDFE5C6","False","2026-07-04 17:23:43"
"Frontend\PlantProcess.Web\src\api\demo-analytics\demoAnalytics.api.ts","04_Frontend_App","Frontend App: PlantProcess.Web Core Source (HMI)","TypeScript Source",".ts","76","1590","1.55","FCCBEA08D9D61E73F949F55E65790D35ADDB90DB93AA10BE0121B574176B55A2","False","2026-07-05 13:16:18"
"Frontend\PlantProcess.Web\src\api\edgeCollector.ts","04_Frontend_App","Frontend App: PlantProcess.Web Core Source (HMI)","TypeScript Source",".ts","161","4246","4.15","97C11846CB0E8E96BDC451A36F3C2A4A31F44EDFC3D978CEEAD3EE8D4D436A38","False","2026-07-04 17:23:44"
"Frontend\PlantProcess.Web\src\api\historianConnector.ts","04_Frontend_App","Frontend App: PlantProcess.Web Core Source (HMI)","TypeScript Source",".ts","154","3912","3.82","A4610B568B4561F5709C165E711396FEF8614CDB30D3029CEAC2A159C194B69A","False","2026-07-04 17:23:44"
"Frontend\PlantProcess.Web\src\api\http\apiClient.ts","04_Frontend_App","Frontend App: PlantProcess.Web Core Source (HMI)","TypeScript Source",".ts","362","10148","9.91","3C2A09123E74B301554C266C5B66694BFB18A6C2757F3105ADB169A5422F4E56","False","2026-07-04 17:23:43"
"Frontend\PlantProcess.Web\src\api\http\index.ts","04_Frontend_App","Frontend App: PlantProcess.Web Core Source (HMI)","TypeScript Source",".ts","1","30","0.03","FA318AA5F40059E282E4C59BDAB0D6AD97602ACA1BD07AE427C4487F76381367","False","2026-07-04 17:23:43"
"Frontend\PlantProcess.Web\src\api\inspectionWorkflowApi.ts","04_Frontend_App","Frontend App: PlantProcess.Web Core Source (HMI)","TypeScript Source",".ts","213","6103","5.96","74A4D7304B965A3A6FA4A32C29ED48B2CBE072357CDA8F5692833032722B1EC4","False","2026-07-04 17:23:44"
"Frontend\PlantProcess.Web\src\api\integration\index.ts","04_Frontend_App","Frontend App: PlantProcess.Web Core Source (HMI)","TypeScript Source",".ts","2","96","0.09","A705B8AB4EB9A52362FC429C1D87E6FB2DC9B37D7489157F559AD49D436DC5C3","False","2026-07-04 17:23:43"
"Frontend\PlantProcess.Web\src\api\integration\integration.api.ts","04_Frontend_App","Frontend App: PlantProcess.Web Core Source (HMI)","TypeScript Source",".ts","30","1562","1.53","911A99CD662584FA39CBA236EBBB284A58080B96B42C5DFCD001501FB34F5507","False","2026-07-04 17:23:44"
"Frontend\PlantProcess.Web\src\api\legacy\__tests__\plantProcessApi.contract.test.ts","04_Frontend_App","Frontend App: PlantProcess.Web Core Source (HMI)","TypeScript Source",".ts","62","1653","1.61","3AD07DC834DF341E95E598F8A41DEB951FEF195FE2D4A14943FAABCEB5B0AB06","False","2026-07-04 17:23:44"
"Frontend\PlantProcess.Web\src\api\license\index.ts","04_Frontend_App","Frontend App: PlantProcess.Web Core Source (HMI)","TypeScript Source",".ts","3","108","0.11","42F28A9F9E73C68796E649C243DCA4D02D329B964057319E9C21406C90BB9DCF","False","2026-07-04 17:23:44"
"Frontend\PlantProcess.Web\src\api\license\license.api.ts","04_Frontend_App","Frontend App: PlantProcess.Web Core Source (HMI)","TypeScript Source",".ts","51","1443","1.41","B28E2F116EFD4557FC8E299F69BC3CAF2CC02D1EF149D03302D449CFF4850B35","False","2026-07-04 17:23:44"
"Frontend\PlantProcess.Web\src\api\license\licenseUsage.api.ts","04_Frontend_App","Frontend App: PlantProcess.Web Core Source (HMI)","TypeScript Source",".ts","85","2245","2.19","CC4C2551D3C9A9B75B63EF7D0DA4A05271D82E9E662F5ED4CC2D135E513319DE","False","2026-07-04 17:23:44"
"Frontend\PlantProcess.Web\src\api\license\phase10License.api.ts","04_Frontend_App","Frontend App: PlantProcess.Web Core Source (HMI)","TypeScript Source",".ts","40","1256","1.23","7AF2E4F7790713C79C9387285B83128B14B024EF9E998F3F27BD4FAB09DADA56","False","2026-07-04 17:23:44"
"Frontend\PlantProcess.Web\src\api\ml\index.ts","04_Frontend_App","Frontend App: PlantProcess.Web Core Source (HMI)","TypeScript Source",".ts","1","34","0.03","FF320AD706B42939557F7CC8B3FA422A7926633BC545E440D5EB0A315FB59FEE","False","2026-07-04 17:23:44"
"Frontend\PlantProcess.Web\src\api\ml\mlReadiness.api.ts","04_Frontend_App","Frontend App: PlantProcess.Web Core Source (HMI)","TypeScript Source",".ts","120","3086","3.01","D04C09C11269D17CE9EECEC280F04F82AB62CE22375242CCC12671C538B6A62B","False","2026-07-04 17:23:44"
"Frontend\PlantProcess.Web\src\api\p3T14ValueExecutive.ts","04_Frontend_App","Frontend App: PlantProcess.Web Core Source (HMI)","TypeScript Source",".ts","299","11243","10.98","C11E103D518FCA57093726F238E944890D94EBF232637AC6663A9FE9D537251A","False","2026-07-04 17:23:44"
"Frontend\PlantProcess.Web\src\api\p3T15WidgetSchemaContract.ts","04_Frontend_App","Frontend App: PlantProcess.Web Core Source (HMI)","TypeScript Source",".ts","343","10705","10.45","B45375DB6C66D355C40C762988232C84B38B680FAD0953B3BFB07C8F135DF61C","False","2026-07-04 17:23:44"
"Frontend\PlantProcess.Web\src\api\pageBuilder\index.ts","04_Frontend_App","Frontend App: PlantProcess.Web Core Source (HMI)","TypeScript Source",".ts","1","36","0.04","61F10A7D082AD12383268D25AD2EA908CCB708A90F4DEBC441759A5C2AC8686D","False","2026-07-04 17:23:44"
"Frontend\PlantProcess.Web\src\api\pageBuilder\pageBuilder.api.ts","04_Frontend_App","Frontend App: PlantProcess.Web Core Source (HMI)","TypeScript Source",".ts","33","1106","1.08","7E32BC8481399E1E6AE334F7EA1B11F7ADD6AC2EBCC622181565421A9ED1D936","False","2026-07-04 17:23:44"
"Frontend\PlantProcess.Web\src\api\productApiClient.ts","04_Frontend_App","Frontend App: PlantProcess.Web Core Source (HMI)","TypeScript Source",".ts","146","4297","4.2","974900F51859CC858A03970B26AC6429408D4A61EC3F27E173D1447F4896CCC5","False","2026-07-04 17:23:44"
"Frontend\PlantProcess.Web\src\api\productApiHardening.implementation.ts","04_Frontend_App","Frontend App: PlantProcess.Web Core Source (HMI)","TypeScript Source",".ts","391","8823","8.62","960287C5889C30BEE2844D7007DFCEA561EF1826140C47BF40A8EECD34F67FBC","False","2026-07-04 17:23:44"
"Frontend\PlantProcess.Web\src\api\productApiHardening.ts","04_Frontend_App","Frontend App: PlantProcess.Web Core Source (HMI)","TypeScript Source",".ts","1","55","0.05","4BE892154F063F3AABE9B6BEDEDAB54262AFA8876FB10F95B76F53A38372E5C0","False","2026-07-04 17:23:44"
"Frontend\PlantProcess.Web\src\api\product-core\admin-mapping-types.ts","04_Frontend_App","Frontend App: PlantProcess.Web Core Source (HMI)","TypeScript Source",".ts","336","8864","8.66","92A7D6D9F425A72B2B06454BD1EC5F924BC18CBB7136D39EFA420B40AA3C4257","False","2026-07-04 17:23:44"
"Frontend\PlantProcess.Web\src\api\product-core\analytics-quality-types.ts","04_Frontend_App","Frontend App: PlantProcess.Web Core Source (HMI)","TypeScript Source",".ts","51","1483","1.45","E04CC549CA79C939684FC24D1092B12FE356E84D770AAC15CE47B5C2678D5451","False","2026-07-04 17:23:44"
"Frontend\PlantProcess.Web\src\api\product-core\dashboard-widget-types.ts","04_Frontend_App","Frontend App: PlantProcess.Web Core Source (HMI)","TypeScript Source",".ts","270","7083","6.92","8AE43D108CBF2435E386F90BA8475A6A7A35CC09411737D448E0CD1786E62223","False","2026-07-04 17:23:44"
"Frontend\PlantProcess.Web\src\api\product-core\license-commercial-types.ts","04_Frontend_App","Frontend App: PlantProcess.Web Core Source (HMI)","TypeScript Source",".ts","11","385","0.38","AC618239E94E771D31C093454942D58FA1F0947F48462B43A9BB3040B7EF3B1A","False","2026-07-04 17:23:44"
"Frontend\PlantProcess.Web\src\api\product-core\material-process-types.ts","04_Frontend_App","Frontend App: PlantProcess.Web Core Source (HMI)","TypeScript Source",".ts","39","1136","1.11","624246A620268B78AB76C298F00C03CF84FF48B8483832E1C2B0A2BA25D839D4","False","2026-07-04 17:23:44"
"Frontend\PlantProcess.Web\src\api\product-core\product-core-types.manifest.json","04_Frontend_App","Frontend App: PlantProcess.Web Core Source (HMI)","JSON Configuration",".json","344","9458","9.24","D9E84DB231C13CDBCBC61902982BFBD347E9341460D6EAD730EE1F25BD65FB41","False","2026-06-06 10:36:27"
"Frontend\PlantProcess.Web\src\api\product-core\shared-types.ts","04_Frontend_App","Frontend App: PlantProcess.Web Core Source (HMI)","TypeScript Source",".ts","301","8381","8.18","52D7750A054EF7614699E9AA0EB8C848103E25FCC3CA24B3FD46FFA3EFCD3EB2","False","2026-07-08 16:05:38"
"Frontend\PlantProcess.Web\src\api\product-core\types.ts","04_Frontend_App","Frontend App: PlantProcess.Web Core Source (HMI)","TypeScript Source",".ts","89","2437","2.38","20EDFADD7C893432BC3FFB4D22B7C6E9D518D63CC7922EDBA124D8026F9BEB82","False","2026-07-04 17:23:44"
"Frontend\PlantProcess.Web\src\api\productCoreApiClient.implementation.ts","04_Frontend_App","Frontend App: PlantProcess.Web Core Source (HMI)","TypeScript Source",".ts","7","263","0.26","3D6E1981580157106F85F3E6D9A0DB5D3F55FB74B4FB1795913E379EE2F5CA36","False","2026-07-04 17:23:44"
"Frontend\PlantProcess.Web\src\api\productCoreApiClient.runtime.ts","04_Frontend_App","Frontend App: PlantProcess.Web Core Source (HMI)","TypeScript Source",".ts","642","21319","20.82","69A373652030EE3A00276CBD20D5B87D68C07E3E5915CC3B94D6843861D02502","False","2026-07-08 16:05:38"
"Frontend\PlantProcess.Web\src\api\productCoreApiClient.ts","04_Frontend_App","Frontend App: PlantProcess.Web Core Source (HMI)","TypeScript Source",".ts","1","56","0.05","06E83F009E16D2C0602E30256BF9B6AE10F1051420B7418BDC4F1F649B312810","False","2026-07-04 17:23:44"
"Frontend\PlantProcess.Web\src\api\schemaMapping\schemaMapping.api.ts","04_Frontend_App","Frontend App: PlantProcess.Web Core Source (HMI)","TypeScript Source",".ts","158","4497","4.39","80AFFCD5104951743C88FF5C71EE5E8495AC75CDD432B489F6F4E96E1C84BC92","False","2026-07-04 17:23:44"
"Frontend\PlantProcess.Web\src\api\twoStageImport\twoStageImport.api.ts","04_Frontend_App","Frontend App: PlantProcess.Web Core Source (HMI)","TypeScript Source",".ts","112","3257","3.18","65A9E3A154098B2F6C925AC7965AD35F5FF9092B79BD601CD311D1562F545A99","False","2026-07-04 17:23:44"
"Frontend\PlantProcess.Web\src\api\value\index.ts","04_Frontend_App","Frontend App: PlantProcess.Web Core Source (HMI)","TypeScript Source",".ts","2","32","0.03","5D93918F9E2210F748E5BACE0B1CA6C30F6D98A9435005C84CECB43AB612E511","False","2026-07-04 17:23:44"
"Frontend\PlantProcess.Web\src\api\value\value.api.ts","04_Frontend_App","Frontend App: PlantProcess.Web Core Source (HMI)","TypeScript Source",".ts","76","2130","2.08","B4D178F25B2AFBC9240C17FC0A4919ED5CA0EC887D23FA169CF7D6DD6EFC6B2D","False","2026-07-04 17:23:44"
"Frontend\PlantProcess.Web\src\api\widgetScript\index.ts","04_Frontend_App","Frontend App: PlantProcess.Web Core Source (HMI)","TypeScript Source",".ts","1","35","0.03","0579278AB66FCDB44A68942F12ED1456140E9E9FD3D78976CBF3F8B4F795F51B","False","2026-07-04 17:23:44"
"Frontend\PlantProcess.Web\src\api\widgetScript\widgetScript.api.ts","04_Frontend_App","Frontend App: PlantProcess.Web Core Source (HMI)","TypeScript Source",".ts","59","1993","1.95","DC9E14D0E16775E031DE932D8F8B2F99E534A30E80FC6C4DC92CB8DA4E0E63E9","False","2026-07-04 17:23:44"
"Frontend\PlantProcess.Web\src\api\workflow-foundation\workflowFoundation.api.ts","04_Frontend_App","Frontend App: PlantProcess.Web Core Source (HMI)","TypeScript Source",".ts","370","10479","10.23","6FA150D9D68A25DFE17E90B2BE8CC42FFA6A89EDD279CE9AEA50C0F88BCD5BE6","False","2026-07-04 17:23:44"
"Frontend\PlantProcess.Web\src\App.tsx","04_Frontend_App","Frontend App: PlantProcess.Web Core Source (HMI)","TypeScript Source",".tsx","862","27908","27.25","82E7AEC3BA1DF53CE3648E95D85EB34541AAE698A157C946A5F49768478932DA","False","2026-07-10 09:11:26"
"Frontend\PlantProcess.Web\src\brand\plantProcessBrand.ts","04_Frontend_App","Frontend App: PlantProcess.Web Core Source (HMI)","TypeScript Source",".ts","103","3218","3.14","95E0D0596C9B356BB76A137D0CB478BB548CD4EC9E6D99B3EF44D265657F2CFD","False","2026-07-04 17:23:44"
"Frontend\PlantProcess.Web\src\components\__tests__\ActiveFilterChips.test.tsx","04_Frontend_App","Frontend App: PlantProcess.Web Core Source (HMI)","TypeScript Source",".tsx","61","2002","1.96","EA712682EC23230E3A8D4908539AF8BCEBD34343D5EEBE57B6A78C3DE788A27D","False","2026-07-04 17:23:44"
"Frontend\PlantProcess.Web\src\components\__tests__\AsyncState.test.tsx","04_Frontend_App","Frontend App: PlantProcess.Web Core Source (HMI)","TypeScript Source",".tsx","24","862","0.84","2A2CD4BF09BC30AE993747FDC0870C3E7129CB0C1DEC154E063E3E354762F3A2","False","2026-07-04 17:23:44"
"Frontend\PlantProcess.Web\src\components\__tests__\LockedFeatureOverlay.test.tsx","04_Frontend_App","Frontend App: PlantProcess.Web Core Source (HMI)","TypeScript Source",".tsx","19","565","0.55","43B9AB7A1902206716A977EC4BE958D005349396031956699C3EDEC18DB1B53B","False","2026-07-05 13:16:18"
"Frontend\PlantProcess.Web\src\components\__tests__\LogPanel.test.tsx","04_Frontend_App","Frontend App: PlantProcess.Web Core Source (HMI)","TypeScript Source",".tsx","41","1787","1.75","EA121D952B7E8398FA992803EBA7E80B1A652844154EF79A3BE49CE14D72663A","False","2026-07-05 20:48:05"
"Frontend\PlantProcess.Web\src\components\__tests__\MetricCard.test.tsx","04_Frontend_App","Frontend App: PlantProcess.Web Core Source (HMI)","TypeScript Source",".tsx","45","1235","1.21","C08167E492A10ED40B817BD6BE21F8498EBC03D4E50B9A9CA204CC2E814A81AE","False","2026-07-04 17:23:44"
"Frontend\PlantProcess.Web\src\components\__tests__\SortableDataTable.virtualization.test.tsx","04_Frontend_App","Frontend App: PlantProcess.Web Core Source (HMI)","TypeScript Source",".tsx","59","1472","1.44","C5657BE9CD7D77E6A685460FA64E14108FE786EA6254B342007B82401CF3E5F8","False","2026-07-04 17:23:44"
"Frontend\PlantProcess.Web\src\components\__tests__\StatusBadge.test.tsx","04_Frontend_App","Frontend App: PlantProcess.Web Core Source (HMI)","TypeScript Source",".tsx","30","1014","0.99","6744A1FA026D41C117C23DD8E842BC5E87410D393FA793E3AD6F05C32A09DEED","False","2026-07-04 17:23:44"
"Frontend\PlantProcess.Web\src\components\ActiveFilterChips.tsx","04_Frontend_App","Frontend App: PlantProcess.Web Core Source (HMI)","TypeScript Source",".tsx","73","2026","1.98","BB179EEC8BDF5E69AD97C03A5EC8F0B96BD4C75F5631A035A8289E7B4D3684C4","False","2026-07-04 17:23:44"
"Frontend\PlantProcess.Web\src\components\analytics\__tests__\AdvancedResultPanel.test.tsx","04_Frontend_App","Frontend App: PlantProcess.Web Core Source (HMI)","TypeScript Source",".tsx","42","1750","1.71","AEDDFCC30C634401554E95349952EA01180879CF65959B2581686D4CD465DE85","False","2026-07-04 17:23:44"
"Frontend\PlantProcess.Web\src\components\analytics\AdvancedResultPanel.tsx","04_Frontend_App","Frontend App: PlantProcess.Web Core Source (HMI)","TypeScript Source",".tsx","107","4269","4.17","EECD7CE525E15957F98A31137B5455665FF30B914EC4FF6DCBFACFC23952BAAD","False","2026-07-04 17:23:44"
"Frontend\PlantProcess.Web\src\components\analytics\AdvancedResultsList.tsx","04_Frontend_App","Frontend App: PlantProcess.Web Core Source (HMI)","TypeScript Source",".tsx","26","1184","1.16","C57550D6FD197B99A229DAFA51A9B06A923FEA1DA0687C09A278502484017CA7","False","2026-07-04 17:23:44"
"Frontend\PlantProcess.Web\src\components\analytics\BidirectionalThread.tsx","04_Frontend_App","Frontend App: PlantProcess.Web Core Source (HMI)","TypeScript Source",".tsx","92","4142","4.04","DAE4989CD1BD979221EF032FF52809E99229AB645AD5D1C50DCF38E9F42D77FF","False","2026-07-04 17:23:44"
"Frontend\PlantProcess.Web\src\components\analytics\EvidencePanel.tsx","04_Frontend_App","Frontend App: PlantProcess.Web Core Source (HMI)","TypeScript Source",".tsx","71","3452","3.37","1C08969C1030A137F5009F67872EF1DD55FE1280BEDF758846DBB7872DE7DD9B","False","2026-07-04 17:23:44"
"Frontend\PlantProcess.Web\src\components\analytics\FindingEvidencePanel.tsx","04_Frontend_App","Frontend App: PlantProcess.Web Core Source (HMI)","TypeScript Source",".tsx","56","1696","1.66","7AA846DB471AE2EBE4A1E9D1D1B06F118930282C985A8BA7FDF9AD7D3721D27A","False","2026-07-04 17:23:44"
"Frontend\PlantProcess.Web\src\components\analytics\ReadModelWidgets.tsx","04_Frontend_App","Frontend App: PlantProcess.Web Core Source (HMI)","TypeScript Source",".tsx","150","9290","9.07","AAF52148AA10044994952E787C8EE281D48C81D17AAB63D9553E7BEEAB9012B3","False","2026-07-04 17:23:44"
"Frontend\PlantProcess.Web\src\components\AppLayout.css","04_Frontend_App","Frontend App: PlantProcess.Web Core Source (HMI)","Stylesheet",".css","506","10894","10.64","4A1E90E26699B7B61B7A555AD17E55E5BDE413CDA2987A36458C5B502D567EB8","False","2026-07-04 17:23:44"
"Frontend\PlantProcess.Web\src\components\AppLayout.tsx","04_Frontend_App","Frontend App: PlantProcess.Web Core Source (HMI)","TypeScript Source",".tsx","287","12336","12.05","BA55BAF795A8A47D6487EB4A521E9CA56858C0B3F30F161DF3E94BE123FD21CD","False","2026-07-09 13:53:14"
"Frontend\PlantProcess.Web\src\components\assistant\AssistantChat.tsx","04_Frontend_App","Frontend App: PlantProcess.Web Core Source (HMI)","TypeScript Source",".tsx","179","6060","5.92","9B1FE5535A43E33369E998F96254D5A4AC76A703C19CF3B9AD43C1CA1B6BBFDC","False","2026-07-09 14:10:25"
"Frontend\PlantProcess.Web\src\components\AsyncState.tsx","04_Frontend_App","Frontend App: PlantProcess.Web Core Source (HMI)","TypeScript Source",".tsx","27","713","0.7","49F718B40E830E12A182B615EE8DF3D591E0CDC174979049ACE73F1DF4EC4992","False","2026-07-04 17:23:44"
"Frontend\PlantProcess.Web\src\components\brand\app-command-header.css","04_Frontend_App","Frontend App: PlantProcess.Web Core Source (HMI)","Stylesheet",".css","322","7322","7.15","89E229867B481CD34F43F2EAA67582362E071C1E0396A642017FB8E13C6170B7","False","2026-07-04 17:23:44"
"Frontend\PlantProcess.Web\src\components\brand\AppCommandHeader.tsx","04_Frontend_App","Frontend App: PlantProcess.Web Core Source (HMI)","TypeScript Source",".tsx","86","3090","3.02","36F66265003AED6F576D958AFB1FAD9807F17E63136E33D931648BE705FEE635","False","2026-07-04 17:23:45"
"Frontend\PlantProcess.Web\src\components\brand\app-dual-brand-header.css","04_Frontend_App","Frontend App: PlantProcess.Web Core Source (HMI)","Stylesheet",".css","98","2112","2.06","561F5CA9700EE7028FAE236417997673C4D49855F327F7B164068B7610AD2565","False","2026-07-04 17:23:44"
"Frontend\PlantProcess.Web\src\components\brand\AppDualBrandHeader.tsx","04_Frontend_App","Frontend App: PlantProcess.Web Core Source (HMI)","TypeScript Source",".tsx","30","900","0.88","BE8A6BD5EA60F41B0C7FEEEEA70BE9A4CBE509017A52226367EF794BF40DAFF8","False","2026-07-04 17:23:44"
"Frontend\PlantProcess.Web\src\components\brand\brand-proof-panel.css","04_Frontend_App","Frontend App: PlantProcess.Web Core Source (HMI)","Stylesheet",".css","124","2320","2.27","C7B6CFDAA3B63B9F28A601FC6AEAA5AB06451732AC1E1839D7D22F2F6C96CC71","False","2026-07-04 17:23:44"
"Frontend\PlantProcess.Web\src\components\brand\BrandProofPanel.tsx","04_Frontend_App","Frontend App: PlantProcess.Web Core Source (HMI)","TypeScript Source",".tsx","66","2286","2.23","5AD3FE180D755B1407D61AEB8495234F19429358588EAF95F915FFD56BE7CB19","False","2026-07-04 17:23:44"
"Frontend\PlantProcess.Web\src\components\brand\product-brand.css","04_Frontend_App","Frontend App: PlantProcess.Web Core Source (HMI)","Stylesheet",".css","154","2998","2.93","4C02DF0601CE57F86DAAC6E3A7411138E9C5932914C4BEDB19DAF91AD960CC0E","False","2026-07-04 17:23:44"
"Frontend\PlantProcess.Web\src\components\brand\ProductBrand.tsx","04_Frontend_App","Frontend App: PlantProcess.Web Core Source (HMI)","TypeScript Source",".tsx","47","1545","1.51","188C0583F82CFD83B8A05035B0E2C88D0624D4A6AAA8EB4E453D4EDFA2450E51","False","2026-07-04 17:23:44"
"Frontend\PlantProcess.Web\src\components\brand\sou-brand.css","04_Frontend_App","Frontend App: PlantProcess.Web Core Source (HMI)","Stylesheet",".css","165","3559","3.48","F6D5D079280348AE3504AE2EB0072CE96693D3B492204BCF9447753BF44BB35C","False","2026-07-04 17:23:44"
"Frontend\PlantProcess.Web\src\components\brand\SOUBrand.tsx","04_Frontend_App","Frontend App: PlantProcess.Web Core Source (HMI)","TypeScript Source",".tsx","40","1029","1","0B839238C9E647233E66A4C20135177AFC63494D1EC794BADEC71EA44187E28E","False","2026-07-04 17:23:44"
"Frontend\PlantProcess.Web\src\components\BrandProofSection.tsx","04_Frontend_App","Frontend App: PlantProcess.Web Core Source (HMI)","TypeScript Source",".tsx","60","1814","1.77","9190DC811282D2C81D93DB7F8E48493999BA1BC3290C4DF1701FACBD54D8611F","False","2026-07-04 17:23:44"
"Frontend\PlantProcess.Web\src\components\charts\InteractiveCharts.tsx","04_Frontend_App","Frontend App: PlantProcess.Web Core Source (HMI)","TypeScript Source",".tsx","424","10717","10.47","3B8C7CAC54BB9428E0AB016102DFF118F5988F58FA4D6DD28CA88D34662511EA","False","2026-07-04 17:23:44"
"Frontend\PlantProcess.Web\src\components\conflict\__tests__\ConflictDialog.contract.test.tsx","04_Frontend_App","Frontend App: PlantProcess.Web Core Source (HMI)","TypeScript Source",".tsx","35","1368","1.34","CD0AE70D21A99F52E4EB6B63D784C3A1347DD459A85922944B9F309AF63F904C","False","2026-07-04 17:23:44"
"Frontend\PlantProcess.Web\src\components\conflict\ConflictDialog.tsx","04_Frontend_App","Frontend App: PlantProcess.Web Core Source (HMI)","TypeScript Source",".tsx","66","2638","2.58","A299E23E20920D3047E4894D235ECEF5BA26D789BB123CC4AA9D68CF8C2FD457","False","2026-07-04 17:23:44"
"Frontend\PlantProcess.Web\src\components\dashboard\DashboardGridLayout.tsx","04_Frontend_App","Frontend App: PlantProcess.Web Core Source (HMI)","TypeScript Source",".tsx","103","3387","3.31","6D21F12C583B5454CEAC10579C61CF12823731D3775B5F24FD3F1249DAAE3B68","False","2026-07-04 17:23:44"
"Frontend\PlantProcess.Web\src\components\dashboard\DashboardWidgetCard.tsx","04_Frontend_App","Frontend App: PlantProcess.Web Core Source (HMI)","TypeScript Source",".tsx","359","11961","11.68","61B7B000795B499FFD4CD0592C30BC6EAA2BC2F63EF85DF1D92B508798C1A729","False","2026-07-04 17:23:44"
"Frontend\PlantProcess.Web\src\components\dashboard\DragGhost.css","04_Frontend_App","Frontend App: PlantProcess.Web Core Source (HMI)","Stylesheet",".css","39","833","0.81","0993F79A9B2B2386B96F3E24D6C8AD4CB9BC5E10AD60424EF72F394DCBF692BD","False","2026-07-04 17:23:44"
"Frontend\PlantProcess.Web\src\components\dashboard\DragGhost.tsx","04_Frontend_App","Frontend App: PlantProcess.Web Core Source (HMI)","TypeScript Source",".tsx","33","741","0.72","CFE225317ED7C1811417895001AD36318EDDCB55E4A539C5372B4974CBF00934","False","2026-07-04 17:23:44"
"Frontend\PlantProcess.Web\src\components\dashboard\DrilldownDrawer.tsx","04_Frontend_App","Frontend App: PlantProcess.Web Core Source (HMI)","TypeScript Source",".tsx","64","1798","1.76","DB9FF8551D55038E205E4412449FD194165F16C6FD98F4950DF18359DB66572B","False","2026-07-04 17:23:44"
"Frontend\PlantProcess.Web\src\components\dashboard\EmptyInsightState.tsx","04_Frontend_App","Frontend App: PlantProcess.Web Core Source (HMI)","TypeScript Source",".tsx","17","437","0.43","496C7E39A8872BDAF33C3D9C3D1AA2DBC2E4629C12CBBF52BBA35D2C9A95D1CD","False","2026-07-04 17:23:44"
"Frontend\PlantProcess.Web\src\components\dashboard\SavedDashboardWidget.tsx","04_Frontend_App","Frontend App: PlantProcess.Web Core Source (HMI)","TypeScript Source",".tsx","210","6199","6.05","2E233BD9B19DAC2E305014A659E083B43BC089A1CE2C1CE573DD363CEC73CF63","False","2026-07-04 17:23:44"
"Frontend\PlantProcess.Web\src\components\dashboard\SelectionBreadcrumb.tsx","04_Frontend_App","Frontend App: PlantProcess.Web Core Source (HMI)","TypeScript Source",".tsx","68","2303","2.25","AECBAB2A8D2A3CBDCA0EA68E8408C7B092639DC8D4064BBE09AF357FE51689DA","False","2026-07-04 17:23:44"
"Frontend\PlantProcess.Web\src\components\dashboard\widget-builder\content\WidgetBuilderWizardContent.data-steps.tsx","04_Frontend_App","Frontend App: PlantProcess.Web Core Source (HMI)","TypeScript Source",".tsx","234","7073","6.91","8779C38E732E8D54F3EAA0481DB0ED22068B035ED6250DACBFEB4C29C6A5E0BC","False","2026-07-04 17:23:44"
"Frontend\PlantProcess.Web\src\components\dashboard\widget-builder\content\WidgetBuilderWizardContent.filter-step.tsx","04_Frontend_App","Frontend App: PlantProcess.Web Core Source (HMI)","TypeScript Source",".tsx","262","8111","7.92","D48CFD415658A617D8F1B46D7E8673D2E71A4A884301A1CCAD3FE6DC69582163","False","2026-07-04 17:23:44"
"Frontend\PlantProcess.Web\src\components\dashboard\widget-builder\content\WidgetBuilderWizardContent.helpers.ts","04_Frontend_App","Frontend App: PlantProcess.Web Core Source (HMI)","TypeScript Source",".ts","277","6484","6.33","CE8E61CEEE875BCC1A1C0F0AE059804A8C5C552C9277B989BBCC6DA0535618D1","False","2026-07-08 14:07:29"
"Frontend\PlantProcess.Web\src\components\dashboard\widget-builder\content\WidgetBuilderWizardContent.model.ts","04_Frontend_App","Frontend App: PlantProcess.Web Core Source (HMI)","TypeScript Source",".ts","601","17074","16.67","C9CA78E7E13458DC7DD8778198FC2AB012CD61393D703A93331B5D1E3A7DF79A","False","2026-07-04 17:23:44"
"Frontend\PlantProcess.Web\src\components\dashboard\widget-builder\content\WidgetBuilderWizardContent.orchestrator.tsx","04_Frontend_App","Frontend App: PlantProcess.Web Core Source (HMI)","TypeScript Source",".tsx","11","562","0.55","F8D6152678A136D43A0BDC37F5C9B4AF3329422D3A02E11C6021C9F65DA7A0C7","False","2026-07-04 17:23:44"
"Frontend\PlantProcess.Web\src\components\dashboard\widget-builder\content\WidgetBuilderWizardContent.preview-steps.tsx","04_Frontend_App","Frontend App: PlantProcess.Web Core Source (HMI)","TypeScript Source",".tsx","268","7898","7.71","CEA996B8089FF629E7FDA96D4DE9EF0A8C4C43531D5FE5AF9D21318C8565114C","False","2026-07-04 17:23:44"
"Frontend\PlantProcess.Web\src\components\dashboard\widget-builder\content\WidgetBuilderWizardContent.types.ts","04_Frontend_App","Frontend App: PlantProcess.Web Core Source (HMI)","TypeScript Source",".ts","45","1117","1.09","2C9D920B9B61EE34AFA859170B2A51AD536257748E2D0E8819C6B2BBFCC572D7","False","2026-07-04 17:23:44"
"Frontend\PlantProcess.Web\src\components\dashboard\widget-builder\content\WidgetBuilderWizardContent.view.tsx","04_Frontend_App","Frontend App: PlantProcess.Web Core Source (HMI)","TypeScript Source",".tsx","309","10241","10","0F0CEC949DB85AD3DA79F3173F2DAA3903CFDBAD39E3758A153E905C69664ABA","False","2026-07-04 17:23:44"
"Frontend\PlantProcess.Web\src\components\dashboard\widget-builder\content\WidgetBuilderWizardContent.view.tsx.20260609_110549","04_Frontend_App","Frontend App: PlantProcess.Web Core Source (HMI)","Other Text File",".20260609_110549","309","9913","9.68","190D146950E1E6DF7A1F3DA38C29AD19053250B7C0633438AD7B585B122CCF30","False","2026-06-09 08:24:21"
"Frontend\PlantProcess.Web\src\components\dashboard\widget-builder\WidgetBuilderWizard.implementation.tsx","04_Frontend_App","Frontend App: PlantProcess.Web Core Source (HMI)","TypeScript Source",".tsx","12","374","0.37","AD42DA24E614652AD83E5D0E8064BFF450843D113E6D64DEACBA59E676A48420","False","2026-07-04 17:23:44"
"Frontend\PlantProcess.Web\src\components\dashboard\widget-builder\WidgetBuilderWizard.tsx","04_Frontend_App","Frontend App: PlantProcess.Web Core Source (HMI)","TypeScript Source",".tsx","2","120","0.12","6B8766585317CB5C08AE17603BC3D7B699516AC168E71CB12D5822D37D87F14C","False","2026-07-04 17:23:44"
"Frontend\PlantProcess.Web\src\components\dashboard\widget-builder\WidgetBuilderWizardContent.implementation.tsx","04_Frontend_App","Frontend App: PlantProcess.Web Core Source (HMI)","TypeScript Source",".tsx","2","196","0.19","41ED527D299FD5D6AA3A3FE9B4D327C786BD9E03823792AA43305F807A900BF9","False","2026-07-04 17:23:44"
"Frontend\PlantProcess.Web\src\components\dashboard\widget-builder\WidgetBuilderWizardContent.tsx","04_Frontend_App","Frontend App: PlantProcess.Web Core Source (HMI)","TypeScript Source",".tsx","2","134","0.13","CB70D70166F4509DD44885AF3E601FED51A039A3C1A9864C168765828AC7BD92","False","2026-07-04 17:23:44"
"Frontend\PlantProcess.Web\src\components\dashboard\widget-builder\WidgetScriptBuilderPanel.tsx","04_Frontend_App","Frontend App: PlantProcess.Web Core Source (HMI)","TypeScript Source",".tsx","153","6985","6.82","2E90EDFB1C99566DD01CB9E8526671B01848605386416D7824BAA7A383D95329","False","2026-07-09 10:48:48"
"Frontend\PlantProcess.Web\src\components\dashboard\widget-builder\WidgetScriptStep.tsx","04_Frontend_App","Frontend App: PlantProcess.Web Core Source (HMI)","TypeScript Source",".tsx","177","5161","5.04","B5BB122E5947DF2D2E1D8FDE0FCCCEDD40B4BABAD2ED6C0634A354C41A008352","False","2026-07-04 17:23:44"
"Frontend\PlantProcess.Web\src\components\DashboardFilterBar.css","04_Frontend_App","Frontend App: PlantProcess.Web Core Source (HMI)","Stylesheet",".css","234","5835","5.7","83FD791D1DE31F9055F8BA982D66D2078C01BB765496D6E9AB762F21CC9049ED","False","2026-07-04 17:23:44"
"Frontend\PlantProcess.Web\src\components\DashboardFilterBar.tsx","04_Frontend_App","Frontend App: PlantProcess.Web Core Source (HMI)","TypeScript Source",".tsx","341","11634","11.36","BEDDF8099B79964005286CFBDA885863FCF1818AAF82B883CE422B1B4CAE8F06","False","2026-07-04 17:23:44"
"Frontend\PlantProcess.Web\src\components\ErrorBoundary.css","04_Frontend_App","Frontend App: PlantProcess.Web Core Source (HMI)","Stylesheet",".css","91","1943","1.9","39A9B6E464DFF74EB27DF436533CE3612EBAF030C76CD28C7E4AEC0AAC5C56F2","False","2026-07-04 17:23:44"
"Frontend\PlantProcess.Web\src\components\exec\EntitlementGate.tsx","04_Frontend_App","Frontend App: PlantProcess.Web Core Source (HMI)","TypeScript Source",".tsx","55","1938","1.89","EFC33EFFBA21CBE0E103B40E0D2BFA20CA9314634C5F05A968C7AA75E66D06C2","False","2026-07-04 17:23:44"
"Frontend\PlantProcess.Web\src\components\exec\ValueRangePanel.tsx","04_Frontend_App","Frontend App: PlantProcess.Web Core Source (HMI)","TypeScript Source",".tsx","84","4342","4.24","49CD0B9985CB539B6BF0873B9AF6C1E841BA89283E63DB8A7A69485E36FC7C47","False","2026-07-04 17:23:44"
"Frontend\PlantProcess.Web\src\components\forms\InlineFieldError.css","04_Frontend_App","Frontend App: PlantProcess.Web Core Source (HMI)","Stylesheet",".css","18","375","0.37","9FBF2776DAADCDD2D44F521D22AC1312404EB172734A4A6A44F0FCE700FCBDC2","False","2026-07-04 17:23:44"
"Frontend\PlantProcess.Web\src\components\forms\InlineFieldError.tsx","04_Frontend_App","Frontend App: PlantProcess.Web Core Source (HMI)","TypeScript Source",".tsx","14","289","0.28","A33D04DD40450A9A500E9DC3DB3AB5BDE63806E21C9C4E6BC16126BBEBCB16AC","False","2026-07-04 17:23:44"
"Frontend\PlantProcess.Web\src\components\inspection\index.ts","04_Frontend_App","Frontend App: PlantProcess.Web Core Source (HMI)","TypeScript Source",".ts","1","11","0.01","8E609BB71C20B858C77F0E9F90BB1319DB8477B13F9F965F1A1E18524BF50881","False","2026-07-05 13:16:18"
"Frontend\PlantProcess.Web\src\components\inspection\SaveInspectionJobModal.tsx","04_Frontend_App","Frontend App: PlantProcess.Web Core Source (HMI)","TypeScript Source",".tsx","98","3506","3.42","97FAA3D7E534AEDFF85ED7DBDA79DD98419605832F1B4B9A5D4FE39ED1F5BDAD","False","2026-07-04 17:23:44"
"Frontend\PlantProcess.Web\src\components\layout\index.ts","04_Frontend_App","Frontend App: PlantProcess.Web Core Source (HMI)","TypeScript Source",".ts","1","27","0.03","216C5796695B14DE28F8829227523382E9E2FC6523B91C2D6B385F20E404F453","False","2026-07-04 17:23:44"
"Frontend\PlantProcess.Web\src\components\layout\page-grid.css","04_Frontend_App","Frontend App: PlantProcess.Web Core Source (HMI)","Stylesheet",".css","116","2296","2.24","9184C94A50EEC9F4F4FB00EE234EF1C8102D128322A4E16B0305C27183384462","False","2026-07-04 17:23:44"
"Frontend\PlantProcess.Web\src\components\layout\PageGrid.tsx","04_Frontend_App","Frontend App: PlantProcess.Web Core Source (HMI)","TypeScript Source",".tsx","55","1176","1.15","917292A392B97B0E956129DB383FE1A38C39F7928EF0DAA3A09BF1EFC8007E4F","False","2026-07-04 17:23:44"
"Frontend\PlantProcess.Web\src\components\license\ConnectorTruthPanel.tsx","04_Frontend_App","Frontend App: PlantProcess.Web Core Source (HMI)","TypeScript Source",".tsx","127","3901","3.81","17DCF14475F7E2C03D5E0A170738599E7661C76FDB762CD85189E4ECE0595FD5","False","2026-07-05 13:16:16"
"Frontend\PlantProcess.Web\src\components\license\dimension-completion-panel.css","04_Frontend_App","Frontend App: PlantProcess.Web Core Source (HMI)","Stylesheet",".css","186","3573","3.49","D5AA4EBE25189FBE0CA714EC44B1F284FEB54DEBCDC6421841C0ECB907B85913","False","2026-07-05 13:16:18"
"Frontend\PlantProcess.Web\src\components\license\DimensionCompletionPanel.tsx","04_Frontend_App","Frontend App: PlantProcess.Web Core Source (HMI)","TypeScript Source",".tsx","114","3782","3.69","2666306F3E98794D69ED8D1FDC38FCDBACC983BFB2CD024C40AF707493FAE33A","False","2026-07-05 13:16:18"
"Frontend\PlantProcess.Web\src\components\license\FeatureGateHint.tsx","04_Frontend_App","Frontend App: PlantProcess.Web Core Source (HMI)","TypeScript Source",".tsx","33","850","0.83","A5B8D5E5BB8703F1CCE69A8AF1512B423E4D2A2B43EDFAC4E77B235511939581","False","2026-07-04 17:23:44"
"Frontend\PlantProcess.Web\src\components\license\LicenseBadge.tsx","04_Frontend_App","Frontend App: PlantProcess.Web Core Source (HMI)","TypeScript Source",".tsx","30","737","0.72","062EADAC046FCA929CC731F4FDAB13E94E65479228A81B12C0E39960BC8E50A7","False","2026-07-04 17:23:44"
"Frontend\PlantProcess.Web\src\components\license\license-components.css","04_Frontend_App","Frontend App: PlantProcess.Web Core Source (HMI)","Stylesheet",".css","249","4938","4.82","944409DD554FB40DB0946D469D4C8454349154AD6E0F62AA6328CA4BB084F3FF","False","2026-07-04 17:23:44"
"Frontend\PlantProcess.Web\src\components\license\LicenseGate.tsx","04_Frontend_App","Frontend App: PlantProcess.Web Core Source (HMI)","TypeScript Source",".tsx","88","2266","2.21","D4D46F8ED175BFA3448D15A59F2FD6CBD98F657EEAEC137B6EB138616525B327","False","2026-07-04 17:23:44"
"Frontend\PlantProcess.Web\src\components\license\LicenseUsagePanel.tsx","04_Frontend_App","Frontend App: PlantProcess.Web Core Source (HMI)","TypeScript Source",".tsx","163","4579","4.47","1DAE19C9FE552A4627ABA584A5ED0E8992070013CD1923805A44D9A08F8AABC7","False","2026-07-04 17:23:44"
"Frontend\PlantProcess.Web\src\components\license\LockedFeatureOverlay.tsx","04_Frontend_App","Frontend App: PlantProcess.Web Core Source (HMI)","TypeScript Source",".tsx","34","862","0.84","AD920037F502CE1BF334E963267039F47B3070A10D8512D1CF1DCC45439D0D32","False","2026-07-05 13:16:18"
"Frontend\PlantProcess.Web\src\components\logging\log-panel.css","04_Frontend_App","Frontend App: PlantProcess.Web Core Source (HMI)","Stylesheet",".css","27","2267","2.21","EB969E7E8BFB33112971311700D2C097EFB07EB7E70A1619FF92826128B85E69","False","2026-07-09 14:19:52"
"Frontend\PlantProcess.Web\src\components\logging\LogPanel.tsx","04_Frontend_App","Frontend App: PlantProcess.Web Core Source (HMI)","TypeScript Source",".tsx","208","7656","7.48","F3DF3B7072F82CC926321512318D0AC25DBF19383DB09718DA8A3580D95636BA","False","2026-07-09 14:19:52"
"Frontend\PlantProcess.Web\src\components\materials\GenealogyThreadPanel.tsx","04_Frontend_App","Frontend App: PlantProcess.Web Core Source (HMI)","TypeScript Source",".tsx","232","9683","9.46","27D0103DF6C6830C49C395A3F2AEF5D16565A9B7BEE2861DE3872DAC8701B757","False","2026-07-09 10:48:48"
"Frontend\PlantProcess.Web\src\components\MetricCard.tsx","04_Frontend_App","Frontend App: PlantProcess.Web Core Source (HMI)","TypeScript Source",".tsx","21","525","0.51","4BDAF216471C75A6064D56E8128E341D44C3CCECE7AEC203E27F51D4F2A05538","False","2026-07-04 17:23:44"
"Frontend\PlantProcess.Web\src\components\ops\JobsMonitorTable.tsx","04_Frontend_App","Frontend App: PlantProcess.Web Core Source (HMI)","TypeScript Source",".tsx","80","3226","3.15","8E8D563E6F87FC558897860359ADCB9BB16946D3A647E90EE7005CE6FEB046E8","False","2026-07-04 17:23:44"
"Frontend\PlantProcess.Web\src\components\provenance\BlendedProvenanceBreakdown.tsx","04_Frontend_App","Frontend App: PlantProcess.Web Core Source (HMI)","TypeScript Source",".tsx","45","1373","1.34","B74BB0CB4D9384F8F8A70565EFF64875D5C6DE9A8ED97ABE4887304E8EF067E9","False","2026-07-04 17:23:44"
"Frontend\PlantProcess.Web\src\components\skeletons\LoadingSkeletonSet.tsx","04_Frontend_App","Frontend App: PlantProcess.Web Core Source (HMI)","TypeScript Source",".tsx","81","2123","2.07","C4F3238DFA7CC09451CADC9FEA5C686887B5EC96F3CF0CEE64D5FD525D958F77","False","2026-07-04 17:23:44"
"Frontend\PlantProcess.Web\src\components\skeletons\Skeleton.css","04_Frontend_App","Frontend App: PlantProcess.Web Core Source (HMI)","Stylesheet",".css","269","5768","5.63","4B88C4BFBF8D5A25D6CD2F580825D7573CCAE3D910D70BFBE0976E6F8C28A441","False","2026-07-04 17:23:44"
"Frontend\PlantProcess.Web\src\components\skeletons\Skeleton.tsx","04_Frontend_App","Frontend App: PlantProcess.Web Core Source (HMI)","TypeScript Source",".tsx","158","5170","5.05","8A2E65E6F17D98D2B60BAE4C53A0B611F71506FE1310B6D85498529F5CB30051","False","2026-07-04 17:23:44"
"Frontend\PlantProcess.Web\src\components\SortableDataTable.tsx","04_Frontend_App","Frontend App: PlantProcess.Web Core Source (HMI)","TypeScript Source",".tsx","114","3512","3.43","E09A318171662DFBA9BC2761C9248AC43B57DF4313DD3315B9B83913DFB2CD59","False","2026-07-04 17:23:44"
"Frontend\PlantProcess.Web\src\components\standard\__tests__\__snapshots__\StandardButton.test.tsx.snap","04_Frontend_App","Frontend App: PlantProcess.Web Core Source (HMI)","Other Text File",".snap","91","14330","13.99","43E3D106D7D22388D86FAF9035437218B68EB1E0F2F1BD71341D724E37609519","False","2026-06-12 23:26:46"
"Frontend\PlantProcess.Web\src\components\standard\__tests__\abstainPopulation.test.tsx","04_Frontend_App","Frontend App: PlantProcess.Web Core Source (HMI)","TypeScript Source",".tsx","29","1577","1.54","781D04362E5A5BB9D11FEF199B1FE8FEB3E7DA3F9B7A1C943230A138634BEE54","False","2026-07-04 17:23:44"
"Frontend\PlantProcess.Web\src\components\standard\__tests__\AnalysisHonestyBar.test.tsx","04_Frontend_App","Frontend App: PlantProcess.Web Core Source (HMI)","TypeScript Source",".tsx","22","1048","1.02","817D4CD6289167FB2A0CF0923F6B86F2D23D3AABA731481ABD4E8C421FBF23DA","False","2026-07-04 17:23:44"
"Frontend\PlantProcess.Web\src\components\standard\__tests__\DataFetchBoundary.t07-contract.test.tsx","04_Frontend_App","Frontend App: PlantProcess.Web Core Source (HMI)","TypeScript Source",".tsx","26","1022","1","6BDDA3BD5749593ECE0F0706A3BB693A9DC13F6185D40B56C312CFB12D0702C4","False","2026-07-04 17:23:44"
"Frontend\PlantProcess.Web\src\components\standard\__tests__\DataFetchBoundary.test.tsx","04_Frontend_App","Frontend App: PlantProcess.Web Core Source (HMI)","TypeScript Source",".tsx","80","2695","2.63","8CF223D4B8C5613AA554E110C660E9E2DAE4396BBBD7704FA6C2C8BB6522B65D","False","2026-07-04 17:23:44"
"Frontend\PlantProcess.Web\src\components\standard\__tests__\P2Close.dataFetchBoundaryFaults.test.tsx","04_Frontend_App","Frontend App: PlantProcess.Web Core Source (HMI)","TypeScript Source",".tsx","52","1945","1.9","E42BCC0BAD9B10D02A5818F58D2049C043F72CC2BBDE268ADFFD99A04D837323","False","2026-07-04 17:23:44"
"Frontend\PlantProcess.Web\src\components\standard\__tests__\P2Close.errorBoundaryContainment.test.tsx","04_Frontend_App","Frontend App: PlantProcess.Web Core Source (HMI)","TypeScript Source",".tsx","48","1442","1.41","EB5C6107A30F27638E6211B8667777033F76C54B5182F0C854593806CDC0E461","False","2026-07-04 17:23:44"
"Frontend\PlantProcess.Web\src\components\standard\__tests__\P2Close.errorBoundaryContainment.test.tsx.backup_20260615_100021","04_Frontend_App","Frontend App: PlantProcess.Web Core Source (HMI)","Other Text File",".backup_20260615_100021","39","1304","1.27","5269A33DB97FBF6666DB12B7B6F7268EC134AA7462DFFC0AEB0571C3CFCABD05","False","2026-06-15 08:45:38"
"Frontend\PlantProcess.Web\src\components\standard\__tests__\StandardButton.test.tsx","04_Frontend_App","Frontend App: PlantProcess.Web Core Source (HMI)","TypeScript Source",".tsx","64","1802","1.76","B92C200D18CD0A5D29F7EDEAC63DB4329B071EE1D268371C5E30E2CAF6147816","False","2026-07-04 17:23:44"
"Frontend\PlantProcess.Web\src\components\standard\__tests__\StandardTable.test.tsx","04_Frontend_App","Frontend App: PlantProcess.Web Core Source (HMI)","TypeScript Source",".tsx","52","1574","1.54","20C9401395B2EDC70C80C9EC41E9CB19EAD27917E5F72D76E94E36BEEAC1D672","False","2026-07-04 17:23:44"
"Frontend\PlantProcess.Web\src\components\standard\__tests__\StandardTabs.test.tsx","04_Frontend_App","Frontend App: PlantProcess.Web Core Source (HMI)","TypeScript Source",".tsx","41","1164","1.14","512AC8189464962FF2A7BE79CCAD89878136A95F882EC703AA1651A618F4070A","False","2026-07-04 17:23:44"
"Frontend\PlantProcess.Web\src\components\standard\AbstainPanel.tsx","04_Frontend_App","Frontend App: PlantProcess.Web Core Source (HMI)","TypeScript Source",".tsx","30","1300","1.27","319FD4F0F0EC4CF6542A454151872FFFFA0C752AE03A9DF085D00238D2126A40","False","2026-07-04 17:23:44"
"Frontend\PlantProcess.Web\src\components\standard\abstain-population.css","04_Frontend_App","Frontend App: PlantProcess.Web Core Source (HMI)","Stylesheet",".css","24","783","0.76","45BBFAABBE0A35F43847B4640D33BCCF63C61A14E0D457281D81A3C917E391CC","False","2026-07-04 17:23:44"
"Frontend\PlantProcess.Web\src\components\standard\AnalysisHonestyBar.tsx","04_Frontend_App","Frontend App: PlantProcess.Web Core Source (HMI)","TypeScript Source",".tsx","39","1494","1.46","08BCAB0596370F0F37A1642DA913FDD423613FAEE9D1652FEF966595B630372D","False","2026-07-04 17:23:44"
"Frontend\PlantProcess.Web\src\components\standard\DataFetchBoundary.tsx","04_Frontend_App","Frontend App: PlantProcess.Web Core Source (HMI)","TypeScript Source",".tsx","115","3351","3.27","5E4870843D551499AA40B10E7CFF46720421F063BBFB94B1F9243692DB051CA7","False","2026-07-04 17:23:44"
"Frontend\PlantProcess.Web\src\components\standard\DesignTokens.stories.tsx","04_Frontend_App","Frontend App: PlantProcess.Web Core Source (HMI)","TypeScript Source",".tsx","50","1529","1.49","53B2959F417C55C67669F8F3C406086FFD3EE580D17F8CE3531976941A36FF36","False","2026-07-04 17:23:44"
"Frontend\PlantProcess.Web\src\components\standard\DoDont.stories.tsx","04_Frontend_App","Frontend App: PlantProcess.Web Core Source (HMI)","TypeScript Source",".tsx","41","1595","1.56","16466219DDAF94C6B831DFD5DC86D28F22F0F8E3CA6C92988DB48F77FD208622","False","2026-07-04 17:23:44"
"Frontend\PlantProcess.Web\src\components\standard\ErrorBoundary.tsx","04_Frontend_App","Frontend App: PlantProcess.Web Core Source (HMI)","TypeScript Source",".tsx","147","4879","4.76","99687E2D3E5B20E934C559737002DFD83EE9C445C03094FC1B1040A688539F64","False","2026-07-09 10:48:48"
"Frontend\PlantProcess.Web\src\components\standard\index.ts","04_Frontend_App","Frontend App: PlantProcess.Web Core Source (HMI)","TypeScript Source",".ts","14","643","0.63","51043E3F7DDEAB1F5A2E86539CF6F0884AD272119729EF036F5F7DCE021EF733","False","2026-07-09 11:23:13"
"Frontend\PlantProcess.Web\src\components\standard\Onboarding.stories.tsx","04_Frontend_App","Frontend App: PlantProcess.Web Core Source (HMI)","TypeScript Source",".tsx","41","1521","1.49","741ABC4B6E00FDA06A20F24C9E0E259B83732C77E742B8562D2CA0C4BB413DD6","False","2026-07-04 17:23:44"
"Frontend\PlantProcess.Web\src\components\standard\PopulationBadge.tsx","04_Frontend_App","Frontend App: PlantProcess.Web Core Source (HMI)","TypeScript Source",".tsx","23","764","0.75","7A536589BDF285BC640C068F76791433B270412CF19EA1E6D699E6EE7B76E434","False","2026-07-04 17:23:44"
"Frontend\PlantProcess.Web\src\components\standard\StandardButton.stories.tsx","04_Frontend_App","Frontend App: PlantProcess.Web Core Source (HMI)","TypeScript Source",".tsx","66","2238","2.19","F463EB86B8F22817B69653AEFD35456724354E68904FDCE5873438CACB2BC114","False","2026-07-04 17:23:44"
"Frontend\PlantProcess.Web\src\components\standard\StandardButton.tsx","04_Frontend_App","Frontend App: PlantProcess.Web Core Source (HMI)","TypeScript Source",".tsx","188","5158","5.04","DF58AE7C11E24F32001A89A8A3887AE1C000C7A0DEDAC9294F194E641FC3AC8E","False","2026-07-04 17:23:44"
"Frontend\PlantProcess.Web\src\components\standard\standard-components.css","04_Frontend_App","Frontend App: PlantProcess.Web Core Source (HMI)","Stylesheet",".css","1284","28347","27.68","3F8384D02C05E689BE092ECC87D823B1F094BB638D8A2064D797880DCD51BCF5","False","2026-07-09 11:33:39"
"Frontend\PlantProcess.Web\src\components\standard\StandardDataTable.tsx","04_Frontend_App","Frontend App: PlantProcess.Web Core Source (HMI)","TypeScript Source",".tsx","259","7921","7.74","88C4FB936BA463EAC98F633BC1A46A0F32766499ED36404800229CAB426FAD2D","False","2026-07-04 17:23:44"
"Frontend\PlantProcess.Web\src\components\standard\StandardFields.stories.tsx","04_Frontend_App","Frontend App: PlantProcess.Web Core Source (HMI)","TypeScript Source",".tsx","79","2711","2.65","77659DBAF9702F73B6C4B78EB868DD5870D4F9BA9FAE3B1D04F6E2A1E3E96688","False","2026-07-04 17:23:44"
"Frontend\PlantProcess.Web\src\components\standard\StandardFields.tsx","04_Frontend_App","Frontend App: PlantProcess.Web Core Source (HMI)","TypeScript Source",".tsx","372","10761","10.51","CEE495E88BA00A0212B60594FF26333A29E747DF0CBABC11E55F9F3251E1C886","False","2026-07-04 17:23:44"
"Frontend\PlantProcess.Web\src\components\standard\standard-p2-controls.css","04_Frontend_App","Frontend App: PlantProcess.Web Core Source (HMI)","Stylesheet",".css","112","2491","2.43","9017A40D7B86B20599DA0699426309411886B84CE26984002EA2C60C17A6C8AB","False","2026-07-04 17:23:44"
"Frontend\PlantProcess.Web\src\components\standard\StandardP2Controls.tsx","04_Frontend_App","Frontend App: PlantProcess.Web Core Source (HMI)","TypeScript Source",".tsx","82","1953","1.91","87C7490607AFA5A191835D59F55EAEAA1729629B5FD0CD9282CF52465A8BB3DA","False","2026-07-04 17:23:44"
"Frontend\PlantProcess.Web\src\components\standard\StandardPageCompat.tsx","04_Frontend_App","Frontend App: PlantProcess.Web Core Source (HMI)","TypeScript Source",".tsx","89","2516","2.46","87B257CD159DF98ED787F3FC206A81551B0A8A1ED150420835494E282EA17702","False","2026-07-04 17:23:44"
"Frontend\PlantProcess.Web\src\components\standard\StandardPageHeader.tsx","04_Frontend_App","Frontend App: PlantProcess.Web Core Source (HMI)","TypeScript Source",".tsx","59","1938","1.89","2AA06033C52A35DE1DB26365EC162073A2CA48C0D09B94EFB9AA22243DA792D2","False","2026-07-09 11:23:13"
"Frontend\PlantProcess.Web\src\components\standard\StandardStatGrid.tsx","04_Frontend_App","Frontend App: PlantProcess.Web Core Source (HMI)","TypeScript Source",".tsx","65","2435","2.38","167A86C8D0680FAA6C6AE0CC335C85B37D1C0B927F21144D13333AED4BD701BC","False","2026-07-09 11:23:13"
"Frontend\PlantProcess.Web\src\components\standard\StandardSurface.stories.tsx","04_Frontend_App","Frontend App: PlantProcess.Web Core Source (HMI)","TypeScript Source",".tsx","75","3307","3.23","B76A6DEB4F480A25F2114BEFB6EA0B1C2DAFF3AE0E71E2BB75C77BCF19E1CAB5","False","2026-07-04 17:23:44"
"Frontend\PlantProcess.Web\src\components\standard\StandardSurface.tsx","04_Frontend_App","Frontend App: PlantProcess.Web Core Source (HMI)","TypeScript Source",".tsx","283","8619","8.42","7814B48FF714251CD173055EE2449B3C2168768C8ED704E961D7203A8A4C3291","False","2026-07-04 17:23:44"
"Frontend\PlantProcess.Web\src\components\standard\StandardTable.implementation.tsx","04_Frontend_App","Frontend App: PlantProcess.Web Core Source (HMI)","TypeScript Source",".tsx","486","17213","16.81","A0AE31B5DEA96D6D179D3B7C402F1BC254B7ECF5B39332ED7B3E598E82F77DEE","False","2026-07-04 17:23:44"
"Frontend\PlantProcess.Web\src\components\standard\StandardTable.stories.tsx","04_Frontend_App","Frontend App: PlantProcess.Web Core Source (HMI)","TypeScript Source",".tsx","94","2786","2.72","7E75D6A09113A20F077385DF3AFC6E9AB33749A555A8D9A67E8D8EDEAE753440","False","2026-07-04 17:23:44"
"Frontend\PlantProcess.Web\src\components\standard\StandardTable.tsx","04_Frontend_App","Frontend App: PlantProcess.Web Core Source (HMI)","TypeScript Source",".tsx","1","49","0.05","864287FB63712001957A4D4064A1A7955F267A9E09270767B11BD98E9328CA8A","False","2026-07-04 17:23:44"
"Frontend\PlantProcess.Web\src\components\standard\StandardTabs.stories.tsx","04_Frontend_App","Frontend App: PlantProcess.Web Core Source (HMI)","TypeScript Source",".tsx","45","1912","1.87","433EA4E80460D744AAE71F0A47C7C00A99070A32A84D79800DCA3C68F14935DC","False","2026-07-04 17:23:44"
"Frontend\PlantProcess.Web\src\components\standard\StandardTabs.tsx","04_Frontend_App","Frontend App: PlantProcess.Web Core Source (HMI)","TypeScript Source",".tsx","292","8669","8.47","D20C1CE2CF1289EBBBB812579B13CDE201B6BF2B77AED25E2C5C0F8E017F3BDF","False","2026-07-04 17:23:44"
"Frontend\PlantProcess.Web\src\components\standard\tokens.ts","04_Frontend_App","Frontend App: PlantProcess.Web Core Source (HMI)","TypeScript Source",".ts","49","1146","1.12","068AFF6FFC727F231EB88F3E4517EECF4C0C67A7E78B8ADC329A958D8128B72E","False","2026-07-04 17:23:44"
"Frontend\PlantProcess.Web\src\components\StateRenderer.tsx","04_Frontend_App","Frontend App: PlantProcess.Web Core Source (HMI)","TypeScript Source",".tsx","125","4723","4.61","C34F5B0E728531B1F2C70D0B76BBEED6D2B44E88B5DF44A595427EA70FB048AE","False","2026-07-09 10:48:48"
"Frontend\PlantProcess.Web\src\components\StatusBadge.tsx","04_Frontend_App","Frontend App: PlantProcess.Web Core Source (HMI)","TypeScript Source",".tsx","20","617","0.6","7F5A10832AE6490397C9D9471C65B2FFBB22E14E3027907917E97074EB2C9B01","False","2026-07-04 17:23:44"
"Frontend\PlantProcess.Web\src\components\suggestions\__tests__\SuggestionCardsPanel.population-method.test.tsx","04_Frontend_App","Frontend App: PlantProcess.Web Core Source (HMI)","TypeScript Source",".tsx","34","1443","1.41","DE74D1DBE7E99809AB92BC6BD15FC269569A9AA6EC97B92F30D124F8EE0A6D2A","False","2026-07-04 17:23:44"
"Frontend\PlantProcess.Web\src\components\suggestions\SuggestionCardsPanel.tsx","04_Frontend_App","Frontend App: PlantProcess.Web Core Source (HMI)","TypeScript Source",".tsx","114","4346","4.24","4058E946086B20E9F7360460A368408879D078F8242D3A27A093A1AFDFF076E0","False","2026-07-04 17:23:44"
"Frontend\PlantProcess.Web\src\components\table\index.ts","04_Frontend_App","Frontend App: PlantProcess.Web Core Source (HMI)","TypeScript Source",".ts","1","54","0.05","BC7E5D95ADF472E88154CA926967AC56CD7AFD366EC7DCA3F11D6AC9410AE7B7","False","2026-07-04 17:23:44"
"Frontend\PlantProcess.Web\src\components\table\standard-table.css","04_Frontend_App","Frontend App: PlantProcess.Web Core Source (HMI)","Stylesheet",".css","78","1543","1.51","85F5D00511A9DE3C34622E94991870D659D66DE4C2A216119D2768E8AFD1CA90","False","2026-07-04 17:23:44"
"Frontend\PlantProcess.Web\src\components\value\ValueImpactCard.tsx","04_Frontend_App","Frontend App: PlantProcess.Web Core Source (HMI)","TypeScript Source",".tsx","105","3320","3.24","67141122B809E7F2E14C03AD822F0248081C742AD006344094ED88983A729308","False","2026-07-04 17:23:44"
"Frontend\PlantProcess.Web\src\design-system\phase56\phase56Tokens.ts","04_Frontend_App","Frontend App: PlantProcess.Web Core Source (HMI)","TypeScript Source",".ts","33","856","0.84","D5F89D5EF826D22DDC36179B650AB29011ED1E375DD9447BF4CEEBDE550ABB36","False","2026-07-04 17:23:44"
"Frontend\PlantProcess.Web\src\hardening\actionMatrix.ts","04_Frontend_App","Frontend App: PlantProcess.Web Core Source (HMI)","TypeScript Source",".ts","59","1807","1.76","B6B5FBB62221086EBA3F3A4B0B805F23084AF1431A05587FA9809A72E0C70B3A","False","2026-07-05 13:23:09"
"Frontend\PlantProcess.Web\src\hardening\routeContracts.ts","04_Frontend_App","Frontend App: PlantProcess.Web Core Source (HMI)","TypeScript Source",".ts","81","2191","2.14","946452EAF584F1508D6837724804B4F11CE6DC8CB0DB0452F90FE70BCCE34C5E","False","2026-07-05 13:23:09"
"Frontend\PlantProcess.Web\src\hooks\__tests__\useInlineFormValidation.test.tsx","04_Frontend_App","Frontend App: PlantProcess.Web Core Source (HMI)","TypeScript Source",".tsx","47","1215","1.19","FFDDC14901D263682560386E84B95B81954BBF05735525A6CA493F44223911E1","False","2026-07-04 17:23:44"
"Frontend\PlantProcess.Web\src\hooks\useApiResource.ts","04_Frontend_App","Frontend App: PlantProcess.Web Core Source (HMI)","TypeScript Source",".ts","32","1113","1.09","60B91900C432C7F8E00FC160B5037B2E34F80BCCD8F64DC6980CC3C01725614D","False","2026-07-04 17:23:44"
"Frontend\PlantProcess.Web\src\hooks\useCustomerSafeAction.ts","04_Frontend_App","Frontend App: PlantProcess.Web Core Source (HMI)","TypeScript Source",".ts","66","1686","1.65","CBB4EE9B0ABBB9200796B23F1A32786380064E6B0C2E4737958C12AA1CAE8595","False","2026-07-04 17:23:44"
"Frontend\PlantProcess.Web\src\hooks\useDashboardLayoutPersistence.ts","04_Frontend_App","Frontend App: PlantProcess.Web Core Source (HMI)","TypeScript Source",".ts","91","2659","2.6","04EDB09D23D48AE5EA7A6AD2A629C2F02D83C14D04B1B188976948335BE07186","False","2026-07-04 17:23:44"
"Frontend\PlantProcess.Web\src\hooks\useInlineFormValidation.ts","04_Frontend_App","Frontend App: PlantProcess.Web Core Source (HMI)","TypeScript Source",".ts","94","2639","2.58","C7E17CDF5F3524E509CD5B3C6E6A62F9A7DEB8AA02AC6E3F71F1BCF7655853F2","False","2026-07-04 17:23:44"
"Frontend\PlantProcess.Web\src\hooks\useLatestOnlyPolling.ts","04_Frontend_App","Frontend App: PlantProcess.Web Core Source (HMI)","TypeScript Source",".ts","104","2680","2.62","96325E7701C8601CB1CFC5BE7C92C966BF670ABA51E73923088F08DD768EF559","False","2026-07-04 17:23:44"
"Frontend\PlantProcess.Web\src\hooks\useOptimisticSave.ts","04_Frontend_App","Frontend App: PlantProcess.Web Core Source (HMI)","TypeScript Source",".ts","104","3494","3.41","179D66F966D0D567444510B50AFB010565523866441B179BC105ED2E990A2C49","False","2026-07-04 17:23:44"
"Frontend\PlantProcess.Web\src\i18n\p3T17CostAssumptionI18n.test.ts","04_Frontend_App","Frontend App: PlantProcess.Web Core Source (HMI)","TypeScript Source",".ts","55","2312","2.26","BEA3D09FFD4EA4793D154E9D932CB061AF5CCF5D2C6F3ABF788EAD21374EA48D","False","2026-07-04 17:23:44"
"Frontend\PlantProcess.Web\src\i18n\p3T17CostAssumptionI18n.ts","04_Frontend_App","Frontend App: PlantProcess.Web Core Source (HMI)","TypeScript Source",".ts","163","4661","4.55","7314E5A03807BEEE017F019DA5EAA2BCF150D73D66BFBC1A4F148D228F542758","False","2026-07-04 17:23:44"
"Frontend\PlantProcess.Web\src\i18n\phase78\phase78I18n.ts","04_Frontend_App","Frontend App: PlantProcess.Web Core Source (HMI)","TypeScript Source",".ts","82","3424","3.34","84A08BBF591CBC252DC57FED380C2C8B85CF432A8827203B83059D59E2FAE057","False","2026-07-04 17:23:44"
"Frontend\PlantProcess.Web\src\i18n\phase78\phase78I18nRuntime.ts","04_Frontend_App","Frontend App: PlantProcess.Web Core Source (HMI)","TypeScript Source",".ts","74","3161","3.09","549672454956C421A77CF7F99A65E37A45BB8790881F245936FDAB562A6E426A","False","2026-07-04 17:23:44"
"Frontend\PlantProcess.Web\src\i18n\v5I18n.tsx","04_Frontend_App","Frontend App: PlantProcess.Web Core Source (HMI)","TypeScript Source",".tsx","104","4134","4.04","B98CB260BCE9C62452A861FF0383041B53D1C7CD52F9112257715FDCA9D46576","False","2026-07-04 17:23:44"
"Frontend\PlantProcess.Web\src\index.css","04_Frontend_App","Frontend App: PlantProcess.Web Core Source (HMI)","Stylesheet",".css","8","357","0.35","A90C9384935D1E62DBA567E99C81C898A9396F6507C55111DC5BA2BA362D4D37","False","2026-07-05 13:16:16"
"Frontend\PlantProcess.Web\src\license\phase10License.test.ts","04_Frontend_App","Frontend App: PlantProcess.Web Core Source (HMI)","TypeScript Source",".ts","50","2012","1.96","796CBC322F8630DA6EF026EB91F0289E2CEC8E9AC2B18994FA01AAE4B512108A","False","2026-07-04 17:23:44"
"Frontend\PlantProcess.Web\src\license\phase10License.ts","04_Frontend_App","Frontend App: PlantProcess.Web Core Source (HMI)","TypeScript Source",".ts","117","4002","3.91","E6AFC65C150BF54149916CEBB14F5EF22CCE234954CD17AF1778971F931460FD","False","2026-07-04 17:23:44"
"Frontend\PlantProcess.Web\src\main.tsx","04_Frontend_App","Frontend App: PlantProcess.Web Core Source (HMI)","TypeScript Source",".tsx","20","706","0.69","2072F5BC10FF95B43ACDF01A07C4BD60EDEEE7F6B4DA9AD571D1D6D3684F32D3","False","2026-07-04 17:23:45"
"Frontend\PlantProcess.Web\src\notifications\AppToastHost.tsx","04_Frontend_App","Frontend App: PlantProcess.Web Core Source (HMI)","TypeScript Source",".tsx","27","670","0.65","FCFDBBC1B39ABC11863DF0E05F29B8C07301254F546AAF2B8D446BA759702D2C","False","2026-07-04 17:23:44"
"Frontend\PlantProcess.Web\src\notifications\toast.ts","04_Frontend_App","Frontend App: PlantProcess.Web Core Source (HMI)","TypeScript Source",".ts","101","3146","3.07","F10F97AD84D71CAA4F96E1C2432E6DF77D9374860DF9BE1B9A891BC1AD769AA0","False","2026-07-04 17:23:44"
"Frontend\PlantProcess.Web\src\notifications\Toaster.tsx","04_Frontend_App","Frontend App: PlantProcess.Web Core Source (HMI)","TypeScript Source",".tsx","50","1396","1.36","0E14D2F2A83950228870CA6830B3DCF57BA46D55E57C6A1411F0328ECDB15D40","False","2026-07-04 17:23:44"
"Frontend\PlantProcess.Web\src\notifications\ToastRoot.tsx","04_Frontend_App","Frontend App: PlantProcess.Web Core Source (HMI)","TypeScript Source",".tsx","19","396","0.39","6C5503195176F2E3DD54602A39F2B41BC1197248247810196D73B3EFB1A509C1","False","2026-07-04 17:23:44"
"Frontend\PlantProcess.Web\src\pages\Acquisition\__tests__\EdgeCollectorManagementPage.test.tsx","04_Frontend_App","Frontend App: PlantProcess.Web Core Source (HMI)","TypeScript Source",".tsx","14","730","0.71","83B057F0FDF5FB5C3F761F7F8C1F84F866EDD72159BEF73912A628C50917B3BD","False","2026-07-04 17:23:44"
"Frontend\PlantProcess.Web\src\pages\Acquisition\EdgeCollectorManagementPage.tsx","04_Frontend_App","Frontend App: PlantProcess.Web Core Source (HMI)","TypeScript Source",".tsx","99","3256","3.18","C47EDB51715AFBDECBA97FEB70FC7119BF8C512B1E0F667C44F76392BFF6B865","False","2026-07-04 17:23:44"
"Frontend\PlantProcess.Web\src\pages\Admin\AdminDbConfigurationTab.tsx","04_Frontend_App","Frontend App: PlantProcess.Web Core Source (HMI)","TypeScript Source",".tsx","1150","45030","43.97","FCB470C1788888E9C9F2F7E9AC8243ECE3CF23906608D45340608042FF785A0A","False","2026-07-09 10:48:48"
"Frontend\PlantProcess.Web\src\pages\Admin\AdminImportingDataTab.tsx","04_Frontend_App","Frontend App: PlantProcess.Web Core Source (HMI)","TypeScript Source",".tsx","229","8027","7.84","581A6DCCFF88ACC5320A30C268BCD6B5CF917A3EB1DF9DE0EF8B700BABB9200B","False","2026-07-04 17:23:44"
"Frontend\PlantProcess.Web\src\pages\Admin\AdminJobsMonitorTab.tsx","04_Frontend_App","Frontend App: PlantProcess.Web Core Source (HMI)","TypeScript Source",".tsx","350","13594","13.28","EAA90248BB5098D54D672B2C8A672948639C7010858E09C8B68D57FD8C02289D","False","2026-07-04 17:23:44"
"Frontend\PlantProcess.Web\src\pages\Admin\AdminPage.tsx","04_Frontend_App","Frontend App: PlantProcess.Web Core Source (HMI)","TypeScript Source",".tsx","5","124","0.12","912C9E65E8E30C7487633A0A9DAF23A362AEA7917ED7658674881CE463896690","False","2026-07-04 17:23:44"
"Frontend\PlantProcess.Web\src\pages\Admin\AdminPageContent.tsx","04_Frontend_App","Frontend App: PlantProcess.Web Core Source (HMI)","TypeScript Source",".tsx","66","2523","2.46","0C78E6DEFB30A41FADEE58208552B06A1C315164DDD579A1C9EDCD3ED529E46B","False","2026-07-09 13:53:13"
"Frontend\PlantProcess.Web\src\pages\Admin\AdminSchemaConfigurationTab.implementation.generated.tsx","04_Frontend_App","Frontend App: PlantProcess.Web Core Source (HMI)","TypeScript Source",".tsx","955","35764","34.93","5C9F5CDB545885A05D91534B939A16401FD6B3A8FB9CC60A8598B57CCE64F9AE","False","2026-07-09 10:48:48"
"Frontend\PlantProcess.Web\src\pages\Admin\AdminSchemaConfigurationTab.implementation.tsx","04_Frontend_App","Frontend App: PlantProcess.Web Core Source (HMI)","TypeScript Source",".tsx","5","241","0.24","0EA6E34192CD9E686C43C0812D225E0B7729DB163485B80B631CF19BAF7DFA72","False","2026-07-04 17:23:44"
"Frontend\PlantProcess.Web\src\pages\Admin\AdminSchemaConfigurationTab.tsx","04_Frontend_App","Frontend App: PlantProcess.Web Core Source (HMI)","TypeScript Source",".tsx","2","141","0.14","FE1D47F5792CF5A2E17C5F7318A33D902F22140D407060491DEFDCCB30D143BA","False","2026-07-04 17:23:44"
"Frontend\PlantProcess.Web\src\pages\Admin\AdminSharedComponents.tsx","04_Frontend_App","Frontend App: PlantProcess.Web Core Source (HMI)","TypeScript Source",".tsx","162","5596","5.46","9629396CB41CA0D964B3CB14583B3A8849ADE8D1DABFA2FCAD2D2BAABDDD4E64","False","2026-07-04 17:23:44"
"Frontend\PlantProcess.Web\src\pages\Admin\CanonicalSchemaMappingPanel.implementation.tsx","04_Frontend_App","Frontend App: PlantProcess.Web Core Source (HMI)","TypeScript Source",".tsx","514","18042","17.62","37AA9BF12ABD795FDDEF0CEF2734038063333102BAF5C444A8D6D7483234B1C3","False","2026-07-04 17:23:44"
"Frontend\PlantProcess.Web\src\pages\Admin\CanonicalSchemaMappingPanel.tsx","04_Frontend_App","Frontend App: PlantProcess.Web Core Source (HMI)","TypeScript Source",".tsx","1","63","0.06","E0BA7C93A3983AADEDBD14CE4718DBEF5DDB6F13229417E5C40E2EA774D45DB0","False","2026-07-04 17:23:44"
"Frontend\PlantProcess.Web\src\pages\Admin\TwoStageImportMonitorPanel.implementation.tsx","04_Frontend_App","Frontend App: PlantProcess.Web Core Source (HMI)","TypeScript Source",".tsx","376","12808","12.51","C4EDF70BC9A6B0F10D4B0FB5E76D29BADFC25CECFB39D711CBC399D21E5D4F9C","False","2026-07-04 17:23:44"
"Frontend\PlantProcess.Web\src\pages\Admin\TwoStageImportMonitorPanel.tsx","04_Frontend_App","Frontend App: PlantProcess.Web Core Source (HMI)","TypeScript Source",".tsx","1","62","0.06","CC2825D1AC05D9F90C4DC2081C6C0284484C5D95BC2A0E8E8812F5FA8837DE87","False","2026-07-04 17:23:44"
"Frontend\PlantProcess.Web\src\pages\AdminPreview\AdminPreviewWorkspacePage.tsx","04_Frontend_App","Frontend App: PlantProcess.Web Core Source (HMI)","TypeScript Source",".tsx","5","199","0.19","CBF628E2202A20B9A89909AC3D68BF378D074EFAA5C8D33A258D1BFD32715D08","False","2026-07-04 17:23:44"
"Frontend\PlantProcess.Web\src\pages\Advisory\BenchmarkingPage.tsx","04_Frontend_App","Frontend App: PlantProcess.Web Core Source (HMI)","TypeScript Source",".tsx","132","6163","6.02","085EE0979B32188183AF013D8256AF1D98C874F0679D5AE7937E90EC37BC7141","False","2026-07-09 11:23:13"
"Frontend\PlantProcess.Web\src\pages\Advisory\HonestyCertificationPage.tsx","04_Frontend_App","Frontend App: PlantProcess.Web Core Source (HMI)","TypeScript Source",".tsx","104","4886","4.77","B941348656F23D807FE2E3B7B3B5E2BC575FC28568E7BADC012851CB56178332","False","2026-07-09 11:23:13"
"Frontend\PlantProcess.Web\src\pages\Advisory\RecommendationsPage.tsx","04_Frontend_App","Frontend App: PlantProcess.Web Core Source (HMI)","TypeScript Source",".tsx","206","9159","8.94","CC4512F3D9E5E8C7C7437DD60EC873EB565399F4FD3E3D76DB66A7B6474DBE86","False","2026-07-09 11:33:39"
"Frontend\PlantProcess.Web\src\pages\Advisory\RoiCfoDashboardPage.tsx","04_Frontend_App","Frontend App: PlantProcess.Web Core Source (HMI)","TypeScript Source",".tsx","132","6243","6.1","7B1931C8943BB4938997B3D2E0B62861A68C14E9A6F641AF89793D1459522905","False","2026-07-09 11:23:13"
"Frontend\PlantProcess.Web\src\pages\Advisory\ScenarioSimulationPage.tsx","04_Frontend_App","Frontend App: PlantProcess.Web Core Source (HMI)","TypeScript Source",".tsx","215","9000","8.79","2CB75BAB730FF17DEBC69A98E4B481E1036534F96B653537918DC697522C8360","False","2026-07-09 11:23:13"
"Frontend\PlantProcess.Web\src\pages\Advisory\ValueRealizationPage.tsx","04_Frontend_App","Frontend App: PlantProcess.Web Core Source (HMI)","TypeScript Source",".tsx","139","7042","6.88","8B6C3CBFDEA2F7A61E1CB18439537408FA77596BBD99A333095CFC4A997ED8B1","False","2026-07-09 11:33:39"
"Frontend\PlantProcess.Web\src\pages\AnalysisJobConfigPage.tsx","04_Frontend_App","Frontend App: PlantProcess.Web Core Source (HMI)","TypeScript Source",".tsx","524","20983","20.49","E6C2DD6EA8CFAE8DC6617522DE8CF07BC2B64A1CCA61E1F0D27C093E94FFDEE3","False","2026-07-08 16:31:27"
"Frontend\PlantProcess.Web\src\pages\Analytics\__tests__\AdvancedAnalysisPage.test.tsx","04_Frontend_App","Frontend App: PlantProcess.Web Core Source (HMI)","TypeScript Source",".tsx","134","4489","4.38","07BB69C86A027BC936C5210099118CE8DFF3E22DAF75AC8F3EA8E0EE8FEBBBF7","False","2026-07-04 17:23:44"
"Frontend\PlantProcess.Web\src\pages\Analytics\AdvancedAnalysisPage.tsx","04_Frontend_App","Frontend App: PlantProcess.Web Core Source (HMI)","TypeScript Source",".tsx","214","8207","8.01","833FA3519708F5CDD5A9E52EF4ACC85619F88BABF37EAA731607122D82F94D6A","False","2026-07-04 17:23:44"
"Frontend\PlantProcess.Web\src\pages\Analytics\advancedReadinessGateView.test.ts","04_Frontend_App","Frontend App: PlantProcess.Web Core Source (HMI)","TypeScript Source",".ts","29","1247","1.22","48E82476196D4EA8DB77F45CC7D6076FD3393D4542D990581B1DA886A118DD18","False","2026-07-04 17:23:44"
"Frontend\PlantProcess.Web\src\pages\Analytics\advancedReadinessGateView.ts","04_Frontend_App","Frontend App: PlantProcess.Web Core Source (HMI)","TypeScript Source",".ts","51","1616","1.58","ED6EF92C0D84CCBD359B8688D4BC1D8DE7D89E8BC7B24D82B0B6F22D9DDC532A","False","2026-07-04 17:23:44"
"Frontend\PlantProcess.Web\src\pages\Analytics\AnalyticsWidgetsPage.tsx","04_Frontend_App","Frontend App: PlantProcess.Web Core Source (HMI)","TypeScript Source",".tsx","36","1307","1.28","34C0716CC716D91EA1CC1D52739F4A4887C70536FAAA96E21B1D206EB2C86150","False","2026-07-04 17:23:44"
"Frontend\PlantProcess.Web\src\pages\Analytics\InspectionJobsPage.tsx","04_Frontend_App","Frontend App: PlantProcess.Web Core Source (HMI)","TypeScript Source",".tsx","88","5351","5.23","97C25E3A4E83E2305589A514C01DD9604E3B391C6BD19D4E2EF16B4F3ED27716","False","2026-07-04 17:23:44"
"Frontend\PlantProcess.Web\src\pages\BrandIdentity\brand-identity.css","04_Frontend_App","Frontend App: PlantProcess.Web Core Source (HMI)","Stylesheet",".css","185","3701","3.61","F9CD2EE99E89E4BE26B68A8C1F06229DA1FF82E7F8B3DBAE7687D284D03F9A92","False","2026-07-04 17:23:45"
"Frontend\PlantProcess.Web\src\pages\BrandIdentity\BrandIdentityPage.tsx","04_Frontend_App","Frontend App: PlantProcess.Web Core Source (HMI)","TypeScript Source",".tsx","5","193","0.19","A14CF03448DC76B0FC70AF3674FB153FFEDD5ECB97ECB0FF662FB6F97C1D15C7","False","2026-07-04 17:23:45"
"Frontend\PlantProcess.Web\src\pages\CommercialLicense\CommercialLicensePage.tsx","04_Frontend_App","Frontend App: PlantProcess.Web Core Source (HMI)","TypeScript Source",".tsx","119","3930","3.84","E78159326FB340C4EF8A8724011A0187A4D2A92E7622A1E6C581F7E699BBA9F4","False","2026-07-05 13:16:18"
"Frontend\PlantProcess.Web\src\pages\Correlation\CorrelationPage.tsx","04_Frontend_App","Frontend App: PlantProcess.Web Core Source (HMI)","TypeScript Source",".tsx","5","187","0.18","F92D72E8C68213E0811C2F6DD8A56D6CDD9779490B90D62F278264F23C637F4C","False","2026-07-04 17:23:45"
"Frontend\PlantProcess.Web\src\pages\Dashboard\DashboardPage.tsx","04_Frontend_App","Frontend App: PlantProcess.Web Core Source (HMI)","TypeScript Source",".tsx","5","140","0.14","DD9DFB94E2BEA82D6F9B135F09CDA523EED1463D832A85E5B9DD7A8174A39735","False","2026-07-04 17:23:45"
"Frontend\PlantProcess.Web\src\pages\Dashboard\DashboardPageContent.tsx","04_Frontend_App","Frontend App: PlantProcess.Web Core Source (HMI)","TypeScript Source",".tsx","5","202","0.2","777D75B4674D4F37543C4D9B1288430B9D3CA90F4F16C1DD18D2B35E26B8EA13","False","2026-07-04 17:23:45"
"Frontend\PlantProcess.Web\src\pages\Dashboard\p3t15-widget-schema-drift.css","04_Frontend_App","Frontend App: PlantProcess.Web Core Source (HMI)","Stylesheet",".css","171","3290","3.21","51B8114BB652148AF3B9DFDAC998B88B14FCA1824AB5FDCCC708D2A41D536B71","False","2026-07-04 17:23:45"
"Frontend\PlantProcess.Web\src\pages\Dashboard\p3t15WidgetSchemaDrift.test.ts","04_Frontend_App","Frontend App: PlantProcess.Web Core Source (HMI)","TypeScript Source",".ts","87","2962","2.89","7D6BDAFC0D5380DA36C4579FE04CBCA0A09D4E965756EBBE802F8D031656AD61","False","2026-07-04 17:23:45"
"Frontend\PlantProcess.Web\src\pages\Dashboard\P3T15WidgetSchemaDriftPage.tsx","04_Frontend_App","Frontend App: PlantProcess.Web Core Source (HMI)","TypeScript Source",".tsx","193","7225","7.06","FDF99CA8B47EDD661897F6341E544EFD75EA4B5E07F06FEEC2D3749A332AEBF4","False","2026-07-04 17:23:45"
"Frontend\PlantProcess.Web\src\pages\DataIntegration\AdminTabRedirect.tsx","04_Frontend_App","Frontend App: PlantProcess.Web Core Source (HMI)","TypeScript Source",".tsx","25","1122","1.1","E4373BCC96B29E778115DBCA161A167F9801BD6D337534D68A55CE1AFDC0BEA7","False","2026-07-09 13:53:13"
"Frontend\PlantProcess.Web\src\pages\DataIntegration\ConnectorTruthPage.tsx","04_Frontend_App","Frontend App: PlantProcess.Web Core Source (HMI)","TypeScript Source",".tsx","89","3844","3.75","3AAB4D5BBF7AD7E81DD1BCD6A0973B975B62E2E1EE58A999C7ECCDBF75B76230","False","2026-07-09 13:53:13"
"Frontend\PlantProcess.Web\src\pages\DataIntegration\DataIntegrationLayout.tsx","04_Frontend_App","Frontend App: PlantProcess.Web Core Source (HMI)","TypeScript Source",".tsx","91","3361","3.28","FD5559B71E4D57CD7C45BA0D8F842EBA191FE99E6D701C472D64B5A5750F4A43","False","2026-07-09 13:53:13"
"Frontend\PlantProcess.Web\src\pages\DataIntegration\DataIntegrationRoutes.tsx","04_Frontend_App","Frontend App: PlantProcess.Web Core Source (HMI)","TypeScript Source",".tsx","38","1469","1.43","2AD3728242B215ABDB8A55ECB3613BC893798342ED9BA35846A315A0A145AF2E","False","2026-07-09 13:53:13"
"Frontend\PlantProcess.Web\src\pages\DataQuality\DataQualityPage.tsx","04_Frontend_App","Frontend App: PlantProcess.Web Core Source (HMI)","TypeScript Source",".tsx","5","187","0.18","2616FEE6D982476F996DC861135DDB8FA74B7AF339AD4A03061681468EB729D1","False","2026-07-04 17:23:45"
"Frontend\PlantProcess.Web\src\pages\DynamicPage\dynamic-page.css","04_Frontend_App","Frontend App: PlantProcess.Web Core Source (HMI)","Stylesheet",".css","120","2421","2.36","518F0A9F961F13D4FD9DBB33D6F894AD5021FACD36A96CFD41065CD317DE5F5C","False","2026-07-04 17:23:45"
"Frontend\PlantProcess.Web\src\pages\DynamicPage\DynamicPage.tsx","04_Frontend_App","Frontend App: PlantProcess.Web Core Source (HMI)","TypeScript Source",".tsx","189","5571","5.44","DC406B13C0D2235F77A5C04D0ABDCA8E74B4051A2D48F06FE119A323E5E4B56C","False","2026-07-04 17:23:45"
"Frontend\PlantProcess.Web\src\pages\EdgeCollector\EdgeCollectorPage.tsx","04_Frontend_App","Frontend App: PlantProcess.Web Core Source (HMI)","TypeScript Source",".tsx","265","10951","10.69","0E818C76C1E146B40E9559FA6946A1045C0B0BE9FB07F477E8613B33FAC6F76A","False","2026-07-09 11:23:13"
"Frontend\PlantProcess.Web\src\pages\HistorianConnector\HistorianConnectorPage.tsx","04_Frontend_App","Frontend App: PlantProcess.Web Core Source (HMI)","TypeScript Source",".tsx","278","10495","10.25","31B53DFE057845AE65719BB6D1CA489DE063D26DC402562CBF06AA997B023905","False","2026-07-09 11:23:13"
"Frontend\PlantProcess.Web\src\pages\I18nRtlReadinessPage.tsx","04_Frontend_App","Frontend App: PlantProcess.Web Core Source (HMI)","TypeScript Source",".tsx","41","2631","2.57","E5B50FBC098BB960243BA1AA358553E8AAAE1C71561369779C5692E46517151B","False","2026-07-09 12:47:34"
"Frontend\PlantProcess.Web\src\pages\MappingHealth\MappingHealthPage.tsx","04_Frontend_App","Frontend App: PlantProcess.Web Core Source (HMI)","TypeScript Source",".tsx","58","4987","4.87","66F2FEB1AE2B28D45A0708E6C980CF2DD949E804606012D8997E627E0B778826","False","2026-07-09 10:48:48"
"Frontend\PlantProcess.Web\src\pages\MaterialAnalytics\MaterialAnalyticsPages.tsx","04_Frontend_App","Frontend App: PlantProcess.Web Core Source (HMI)","TypeScript Source",".tsx","996","44499","43.46","E947D5579BC1E79B56D4F369491C595E39BC21FD8796573A4ACE044435F0746C","False","2026-07-05 13:16:16"
"Frontend\PlantProcess.Web\src\pages\MaterialAnalytics\productModule56-standard.css","04_Frontend_App","Frontend App: PlantProcess.Web Core Source (HMI)","Stylesheet",".css","226","5358","5.23","E6877B7E79361B8FA8921CD9AC9C7D5FC63660D81AA23FD81E492169EAEB574B","False","2026-07-04 17:23:45"
"Frontend\PlantProcess.Web\src\pages\MaterialInvestigation\MaterialInvestigationPage.tsx","04_Frontend_App","Frontend App: PlantProcess.Web Core Source (HMI)","TypeScript Source",".tsx","445","14932","14.58","B4827B3BBE9CEA299522B172C5A2161B367B1502697D529AA2FE08A43B19178F","False","2026-07-04 17:23:45"
"Frontend\PlantProcess.Web\src\pages\MaterialInvestigation\p03p04-workbench.css","04_Frontend_App","Frontend App: PlantProcess.Web Core Source (HMI)","Stylesheet",".css","265","4966","4.85","96F80CFC8852EA0A398C9B90F5A58EB26364DBF4BAC27C3574ABE2E7CC7BF8A9","False","2026-07-04 17:23:45"
"Frontend\PlantProcess.Web\src\pages\MaterialInvestigationPage.tsx","04_Frontend_App","Frontend App: PlantProcess.Web Core Source (HMI)","TypeScript Source",".tsx","14","603","0.59","C57AB3C92DEB72324C36B4D7CD785C6DB5EECBE510FA5D911D04618065DF9868","False","2026-07-04 17:23:45"
"Frontend\PlantProcess.Web\src\pages\MlReadiness\ml-readiness.css","04_Frontend_App","Frontend App: PlantProcess.Web Core Source (HMI)","Stylesheet",".css","145","2912","2.84","711D27383263485F1CFFFDD48206E5E0561482F6FE4EC3662FD3BE7C7EC08EA5","False","2026-07-04 17:23:45"
"Frontend\PlantProcess.Web\src\pages\MlReadiness\MlReadinessPage.tsx","04_Frontend_App","Frontend App: PlantProcess.Web Core Source (HMI)","TypeScript Source",".tsx","5","187","0.18","42537EAA66F321F334DA174C60E5348A35EA3871B267D773CEB2B7E934311A06","False","2026-07-04 17:23:45"
"Frontend\PlantProcess.Web\src\pages\PageBuilder\__tests__\pageBuilderReducer.test.ts","04_Frontend_App","Frontend App: PlantProcess.Web Core Source (HMI)","TypeScript Source",".ts","139","3968","3.88","179BE3DF317D46EFCE0AB58F9A71AB6F82F4D1372D06BF5891B7205E584A1598","False","2026-07-04 17:23:45"
"Frontend\PlantProcess.Web\src\pages\PageBuilder\page-builder.css","04_Frontend_App","Frontend App: PlantProcess.Web Core Source (HMI)","Stylesheet",".css","106","2038","1.99","5C174BCD53DAE9FBFDDC97CA3BAD83C2E9C1B384D8C0586056381848B80243F0","False","2026-07-04 17:23:45"
"Frontend\PlantProcess.Web\src\pages\PageBuilder\PageBuilderPage.implementation.tsx","04_Frontend_App","Frontend App: PlantProcess.Web Core Source (HMI)","TypeScript Source",".tsx","435","13689","13.37","4F1B9BF87E0D085C6125A5EED36FF043611BE3483DBF63A4D24FEFDB284297BC","False","2026-07-09 10:48:48"
"Frontend\PlantProcess.Web\src\pages\PageBuilder\PageBuilderPage.tsx","04_Frontend_App","Frontend App: PlantProcess.Web Core Source (HMI)","TypeScript Source",".tsx","2","112","0.11","587649A966C5F1F676636974E7FEC6E97D54852103DD2F3A7E8A151F4ACC7FC8","False","2026-07-04 17:23:45"
"Frontend\PlantProcess.Web\src\pages\PageBuilder\pageBuilderReducer.ts","04_Frontend_App","Frontend App: PlantProcess.Web Core Source (HMI)","TypeScript Source",".ts","298","7020","6.86","9111E4600DD39B891927CC103DB3270140F397EB23B7F6D06883E179EFABA61E","False","2026-07-04 17:23:45"
"Frontend\PlantProcess.Web\src\pages\Phase10\phase10-license.css","04_Frontend_App","Frontend App: PlantProcess.Web Core Source (HMI)","Stylesheet",".css","97","1841","1.8","37ECA89A0F56F96959E91DA6D007BECCE68B29E73D4A9690F17DA3893EF99514","False","2026-07-04 17:23:45"
"Frontend\PlantProcess.Web\src\pages\Phase7ValueScenario\phase7-value-scenario.css","04_Frontend_App","Frontend App: PlantProcess.Web Core Source (HMI)","Stylesheet",".css","78","1628","1.59","405A7606A3EA55CC372E51C3A70A973748329760A3E639B23CCFE2078B553786","False","2026-07-04 17:23:45"
"Frontend\PlantProcess.Web\src\pages\Phase7ValueScenario\phase7ValueScenarioMath.test.ts","04_Frontend_App","Frontend App: PlantProcess.Web Core Source (HMI)","TypeScript Source",".ts","71","1829","1.79","AF628B9B160AFE6A1066E5D0752C65384B3AE91532563B3D8B201EBFEDB76EA6","False","2026-07-04 17:23:45"
"Frontend\PlantProcess.Web\src\pages\Phase7ValueScenario\phase7ValueScenarioMath.ts","04_Frontend_App","Frontend App: PlantProcess.Web Core Source (HMI)","TypeScript Source",".ts","131","4101","4","A6CCFE1D06BC8BE0A32C6283E19E34C6FD71A2EABC9F83E68C5CA254D77C686C","False","2026-07-04 17:23:45"
"Frontend\PlantProcess.Web\src\pages\Phase7ValueScenario\Phase7ValueScenarioPage.tsx","04_Frontend_App","Frontend App: PlantProcess.Web Core Source (HMI)","TypeScript Source",".tsx","217","8252","8.06","1B6635D70DE93EBD5BB12CB36F5C3E37706C7AB185EB90713CE509A18EECC002","False","2026-07-09 10:48:48"
"Frontend\PlantProcess.Web\src\pages\Phase8\AssistantConfigurationPage.tsx","04_Frontend_App","Frontend App: PlantProcess.Web Core Source (HMI)","TypeScript Source",".tsx","192","7848","7.66","7C1E6F1E8B5A3D7F965B1384F6F7E4393CBA40D01134320EDDD3958B246F2FC1","False","2026-07-09 11:33:39"
"Frontend\PlantProcess.Web\src\pages\Phase8\AssistantRuntimePage.tsx","04_Frontend_App","Frontend App: PlantProcess.Web Core Source (HMI)","TypeScript Source",".tsx","131","5030","4.91","D5D1C8B7A8158A23DD6E39FC986F13929F3AAFD87C25A9C62D13A47DB4A5D03E","False","2026-07-09 14:10:25"
"Frontend\PlantProcess.Web\src\pages\Phase8\phase8-ai.css","04_Frontend_App","Frontend App: PlantProcess.Web Core Source (HMI)","Stylesheet",".css","120","2179","2.13","153669FD2228FD27B6935FB1D36951E67C9EF7A763E31E3753F5978EE676DC45","False","2026-07-04 17:23:45"
"Frontend\PlantProcess.Web\src\pages\Phase8\phase8AssistantView.test.ts","04_Frontend_App","Frontend App: PlantProcess.Web Core Source (HMI)","TypeScript Source",".ts","35","1154","1.13","99DBCC042828ADC3BE8FA42E726EA23BE63035316B5E8D424489963A2E6CA517","False","2026-07-09 10:15:50"
"Frontend\PlantProcess.Web\src\pages\Phase8\SuggestionRecommendationPage.tsx","04_Frontend_App","Frontend App: PlantProcess.Web Core Source (HMI)","TypeScript Source",".tsx","179","7835","7.65","BC8348BC39CC2217CC09BC362DB815BABE2E86B4804FA9131CAB74C4F11B570F","False","2026-07-09 11:33:39"
"Frontend\PlantProcess.Web\src\pages\Phase9\ExecutivePersonaDashboardPage.tsx","04_Frontend_App","Frontend App: PlantProcess.Web Core Source (HMI)","TypeScript Source",".tsx","32","1252","1.22","68DC85B0E3B4EB58D4052E6413D824CB864FB82217AF3F8F16CE3F0E50C0053A","False","2026-07-09 14:19:52"
"Frontend\PlantProcess.Web\src\pages\Phase9\PersonaAccessMatrixPage.tsx","04_Frontend_App","Frontend App: PlantProcess.Web Core Source (HMI)","TypeScript Source",".tsx","49","2087","2.04","6E60F8AA5E954259BCD25BFD2865F919B929FA317DC6BF03B29025ECB8376CA7","False","2026-07-09 14:43:35"
"Frontend\PlantProcess.Web\src\pages\Phase9\phase9-personas.css","04_Frontend_App","Frontend App: PlantProcess.Web Core Source (HMI)","Stylesheet",".css","50","980","0.96","122B6FAF7307F0BC80CA1416038D14EC5EF3FC1EFAF71072E340C7356BDC3C0F","False","2026-07-04 17:23:45"
"Frontend\PlantProcess.Web\src\pages\PlatformOps\demo-analytics.css","04_Frontend_App","Frontend App: PlantProcess.Web Core Source (HMI)","Stylesheet",".css","97","1907","1.86","086A07B9AB8A64E3BCB0DA248F993349F7966D21012F0908543CC4D5326B7049","False","2026-07-04 17:23:45"
"Frontend\PlantProcess.Web\src\pages\PlatformOps\DemoAnalyticsPages.implementation.tsx","04_Frontend_App","Frontend App: PlantProcess.Web Core Source (HMI)","TypeScript Source",".tsx","274","11457","11.19","D2F676CB41B5E9393C7762FA735F8DC0E870676AE706C5E501932274D2C15D7A","False","2026-07-09 12:47:34"
"Frontend\PlantProcess.Web\src\pages\PlatformOps\DemoAnalyticsPages.tsx","04_Frontend_App","Frontend App: PlantProcess.Web Core Source (HMI)","TypeScript Source",".tsx","1","54","0.05","9EA5418EE5C62A5E92278697BA381C431626718C352F6F9C3A10DDD8C99B81B5","False","2026-07-04 17:23:45"
"Frontend\PlantProcess.Web\src\pages\RiskDashboard\RiskDashboardPage.tsx","04_Frontend_App","Frontend App: PlantProcess.Web Core Source (HMI)","TypeScript Source",".tsx","5","199","0.19","9B03D645B570F9E48CC08C7A8EDFE7E9251F1331994BCBD5C52013FAE472B80B","False","2026-07-04 17:23:45"
"Frontend\PlantProcess.Web\src\pages\SourceImportPrepPage.tsx","04_Frontend_App","Frontend App: PlantProcess.Web Core Source (HMI)","TypeScript Source",".tsx","343","12784","12.48","BECE361C14F91DF4F0521C1493844ADA4F4CFA9B4EE1F65BD43B26DFB2B01A47","False","2026-07-08 16:43:53"
"Frontend\PlantProcess.Web\src\pages\V5ConnectorsIdentityPage.tsx","04_Frontend_App","Frontend App: PlantProcess.Web Core Source (HMI)","TypeScript Source",".tsx","147","4618","4.51","8C1CCCB2FC1A0027F035C7BB5F48338F786FBE4D256B85F1F39638CC6631CE99","False","2026-07-04 17:23:45"
"Frontend\PlantProcess.Web\src\pages\V5NoCodeMapperPage.tsx","04_Frontend_App","Frontend App: PlantProcess.Web Core Source (HMI)","TypeScript Source",".tsx","131","4169","4.07","826649CC9D803BA67AB62AAD3B31A7017076A27EA53AC21B26C64AC01CC40E16","False","2026-07-04 17:23:45"
"Frontend\PlantProcess.Web\src\pages\V5OutboundI18nMobilePage.tsx","04_Frontend_App","Frontend App: PlantProcess.Web Core Source (HMI)","TypeScript Source",".tsx","200","6340","6.19","E1C8086C360583BCF0AB8D938BFA863E2B029592812875652D04577E287DB1DA","False","2026-07-04 17:23:45"
"Frontend\PlantProcess.Web\src\pages\V5SsoLicensingPage.tsx","04_Frontend_App","Frontend App: PlantProcess.Web Core Source (HMI)","TypeScript Source",".tsx","157","4789","4.68","B06BE3F2A7958A23EBE439EA1FC3F149B78E8EB8298B97308F0324D7A728DCAE","False","2026-07-04 17:23:45"
"Frontend\PlantProcess.Web\src\pages\ValueEvidence\CostAssumptionManagementPage.tsx","04_Frontend_App","Frontend App: PlantProcess.Web Core Source (HMI)","TypeScript Source",".tsx","232","7222","7.05","3BCAF2418CCC907815C17DD12BB293DF8C3B196B2582E43D84986EE2322F335D","False","2026-07-04 17:23:45"
"Frontend\PlantProcess.Web\src\pages\ValueExecutive\p3t14ValueExecutive.test.ts","04_Frontend_App","Frontend App: PlantProcess.Web Core Source (HMI)","TypeScript Source",".ts","88","2615","2.55","CD91D0B4E92564B645A039A5BDF26E1D71E5269FFF639FA5B8BA4C36136B340F","False","2026-07-04 17:23:45"
"Frontend\PlantProcess.Web\src\pages\ValueExecutive\value-executive.css","04_Frontend_App","Frontend App: PlantProcess.Web Core Source (HMI)","Stylesheet",".css","186","3641","3.56","346DEB626EB516B6F22A54DC4B4D6EEAAC5B1CCFF455C76C875F614CCB7C560B","False","2026-07-04 17:23:45"
"Frontend\PlantProcess.Web\src\pages\ValueExecutive\ValueExecutiveDashboardPage.tsx","04_Frontend_App","Frontend App: PlantProcess.Web Core Source (HMI)","TypeScript Source",".tsx","219","9699","9.47","80DE9257534FA73886E7A6456F02FEB4C32EC3F75C0B8701762DBAD31263C9D1","False","2026-07-04 17:23:45"
"Frontend\PlantProcess.Web\src\phase11\phase11HeatmapInteractions.test.ts","04_Frontend_App","Frontend App: PlantProcess.Web Core Source (HMI)","TypeScript Source",".ts","41","1480","1.45","C935821ABB7FB7E35D5A6D222B939EBB059030F1FE88B7A86F2CD2845904354E","False","2026-07-04 17:23:45"
"Frontend\PlantProcess.Web\src\phase11\phase11HeatmapInteractions.ts","04_Frontend_App","Frontend App: PlantProcess.Web Core Source (HMI)","TypeScript Source",".ts","90","2514","2.46","CC828ECF29962F1767EA53555C4622AD86741F29475ECF81FCED074CA08F4030","False","2026-07-04 17:23:45"
"Frontend\PlantProcess.Web\src\phase11\phase11StandardControlContract.test.ts","04_Frontend_App","Frontend App: PlantProcess.Web Core Source (HMI)","TypeScript Source",".ts","28","1352","1.32","DF0C4FB59BA2A2C9768F661325B58C498D9BEDC5DF18462C5D20B03A2BC9D5D4","False","2026-07-04 17:23:45"
"Frontend\PlantProcess.Web\src\phase11\phase11StandardControlContract.ts","04_Frontend_App","Frontend App: PlantProcess.Web Core Source (HMI)","TypeScript Source",".ts","68","2091","2.04","DCF29EE1A7AAE120914108E08D8F37557386EFBE7763AC8C1530CC366A8D786E","False","2026-07-04 17:23:45"
"Frontend\PlantProcess.Web\src\phase11\phase11UiState.test.ts","04_Frontend_App","Frontend App: PlantProcess.Web Core Source (HMI)","TypeScript Source",".ts","44","1691","1.65","21B2C02DD4C10244C929C11ADD63EE51AED1C5F310C1DCCCEE5D27423ACE4180","False","2026-07-04 17:23:45"
"Frontend\PlantProcess.Web\src\phase11\phase11UiState.ts","04_Frontend_App","Frontend App: PlantProcess.Web Core Source (HMI)","TypeScript Source",".ts","93","2463","2.41","028662709034197B44B27E6E12FE17BEFD0E79F788E98D2C758EE86610DDBA44","False","2026-07-04 17:23:45"
"Frontend\PlantProcess.Web\src\phase11\phase11WidgetLayout.test.ts","04_Frontend_App","Frontend App: PlantProcess.Web Core Source (HMI)","TypeScript Source",".ts","66","1951","1.91","58957C6FCCBC7926A218AB4CF18B56744D022F9B4D67225ED0E45D5E67002CFB","False","2026-07-04 17:23:45"
"Frontend\PlantProcess.Web\src\phase11\phase11WidgetLayout.ts","04_Frontend_App","Frontend App: PlantProcess.Web Core Source (HMI)","TypeScript Source",".ts","106","2406","2.35","10233C596F12DEEA4D0012BCEB4269A8A01AEF76AAC37458CE34A793D235161E","False","2026-07-04 17:23:45"
"Frontend\PlantProcess.Web\src\phase11\phase5HeatmapRegression.test.ts","04_Frontend_App","Frontend App: PlantProcess.Web Core Source (HMI)","TypeScript Source",".ts","62","2965","2.9","6EDD62CB5F0AFDC848C151AA383ACC07B8AE495C00C0891B61B24E61ED94C024","False","2026-07-04 17:23:45"
"Frontend\PlantProcess.Web\src\refactor\phase56\phase56RefactorRegistry.ts","04_Frontend_App","Frontend App: PlantProcess.Web Core Source (HMI)","TypeScript Source",".ts","38","1478","1.44","BB4B24A7B580FFCE1CC8FA21155DFEA5983A5C5708448DB9898A82ED9097BB28","False","2026-07-04 17:23:45"
"Frontend\PlantProcess.Web\src\security\roleAccess.test.ts","04_Frontend_App","Frontend App: PlantProcess.Web Core Source (HMI)","TypeScript Source",".ts","37","1577","1.54","3A7C9638F6589E6BB9C33BC3BCED495737F4AAE99843532E429CCD943574F2A0","False","2026-07-09 14:43:35"
"Frontend\PlantProcess.Web\src\security\roleAccess.ts","04_Frontend_App","Frontend App: PlantProcess.Web Core Source (HMI)","TypeScript Source",".ts","174","7504","7.33","F14FEF36EBDBECAD8A43F10F601BA8808CE16778C57C52676ED81B6DD48B09C4","False","2026-07-09 14:43:35"
"Frontend\PlantProcess.Web\src\state\__tests__\AuthContext.bootstrap.test.tsx","04_Frontend_App","Frontend App: PlantProcess.Web Core Source (HMI)","TypeScript Source",".tsx","54","1987","1.94","2C980F3202D6FFB64E82337864E996403CBEDC755D6403B56A1CC54F172914DA","False","2026-07-04 17:23:45"
"Frontend\PlantProcess.Web\src\state\__tests__\AuthContext.inMemory.contract.test.tsx","04_Frontend_App","Frontend App: PlantProcess.Web Core Source (HMI)","TypeScript Source",".tsx","26","917","0.9","22453C4DAB5E747987E21504DDD262E2BCB5D4E282B317C355E3D9BCB503C3FC","False","2026-07-04 17:23:45"
"Frontend\PlantProcess.Web\src\state\__tests__\LicenseContext.gating.test.tsx","04_Frontend_App","Frontend App: PlantProcess.Web Core Source (HMI)","TypeScript Source",".tsx","51","1745","1.7","84CE07EBB3D3339A762B24DDB0D6EEA04C069F67838F83ECF5C21ACE001A4D8C","False","2026-07-04 17:23:45"
"Frontend\PlantProcess.Web\src\state\AuthContext.tsx","04_Frontend_App","Frontend App: PlantProcess.Web Core Source (HMI)","TypeScript Source",".tsx","324","9848","9.62","A1627740A9FFA1B1B0FE6BFFBB6013FC9A8F3F23203F16A9E928E035C01090EC","False","2026-07-04 17:23:45"
"Frontend\PlantProcess.Web\src\state\DashboardFilterContext.tsx","04_Frontend_App","Frontend App: PlantProcess.Web Core Source (HMI)","TypeScript Source",".tsx","199","6371","6.22","449B4B12224E4B275041681D5306A7C3E50CB6098EDB4843B4724B28A4C96453","False","2026-07-09 10:48:48"
"Frontend\PlantProcess.Web\src\state\DashboardGridLayoutContext.implementation.tsx","04_Frontend_App","Frontend App: PlantProcess.Web Core Source (HMI)","TypeScript Source",".tsx","552","18202","17.78","4DEA19BABA3DEA695D7B69882D42F485ED284352304BC249563B522183884E04","False","2026-07-04 17:23:45"
"Frontend\PlantProcess.Web\src\state\DashboardGridLayoutContext.tsx","04_Frontend_App","Frontend App: PlantProcess.Web Core Source (HMI)","TypeScript Source",".tsx","1","62","0.06","49BECBA651EF40CCDAA9121AAB86BB041107575B9ECF3A5CE5C81139904CD66B","False","2026-07-04 17:23:45"
"Frontend\PlantProcess.Web\src\state\DashboardSelectionContext.tsx","04_Frontend_App","Frontend App: PlantProcess.Web Core Source (HMI)","TypeScript Source",".tsx","339","10202","9.96","8B8EAA2D3D16DFE1A76BFCA4CAE38B7B356869EE6317045E60488C8FAB60E49F","False","2026-07-04 17:23:45"
"Frontend\PlantProcess.Web\src\state\LicenseContext.tsx","04_Frontend_App","Frontend App: PlantProcess.Web Core Source (HMI)","TypeScript Source",".tsx","158","3703","3.62","1EC79CFB2168D33E0EFD3EFE7E863409FB714860D877C80041EDC5296BA03E11","False","2026-07-04 17:23:45"
"Frontend\PlantProcess.Web\src\state\ThemeContext.tsx","04_Frontend_App","Frontend App: PlantProcess.Web Core Source (HMI)","TypeScript Source",".tsx","114","3454","3.37","66BE046096CF16F60C35F28379E7FFB6C4CC801E334BA9453F3FDD822777DA98","False","2026-07-04 17:23:45"
"Frontend\PlantProcess.Web\src\styles\base\layout.css","04_Frontend_App","Frontend App: PlantProcess.Web Core Source (HMI)","Stylesheet",".css","13","268","0.26","758D1E5FEC5B0419B855F71DFAC846EE5F7ACBF3CEFEBA13D54CD3BB88666B37","False","2026-07-04 17:23:45"
"Frontend\PlantProcess.Web\src\styles\base\reset.css","04_Frontend_App","Frontend App: PlantProcess.Web Core Source (HMI)","Stylesheet",".css","16","278","0.27","9E482B2AA753ED043A400207FC46C13F88AE8D9CCDFEF214810208DCDFFE337D","False","2026-07-04 17:23:45"
"Frontend\PlantProcess.Web\src\styles\base\tokens.css","04_Frontend_App","Frontend App: PlantProcess.Web Core Source (HMI)","Stylesheet",".css","28","896","0.88","C11705C39358B93E2124DF8DBF8D6D4D4364886A39E3E1791EC8014EF6DDBF8A","False","2026-07-04 17:23:45"
"Frontend\PlantProcess.Web\src\styles\components\components.css","04_Frontend_App","Frontend App: PlantProcess.Web Core Source (HMI)","Stylesheet",".css","25","486","0.47","D3966C5F6AFC50C4D608642D77D4A0F61CD7E32738D2DEB8009733F6303CDCBA","False","2026-07-04 17:23:45"
"Frontend\PlantProcess.Web\src\styles\components\dashboard-components.css","04_Frontend_App","Frontend App: PlantProcess.Web Core Source (HMI)","Stylesheet",".css","854","21814","21.3","C56F1A755471B39FB9BBC74F46E4BCD775DCB55D80F8F0321E6A53D87E79BB6C","False","2026-07-04 17:23:45"
"Frontend\PlantProcess.Web\src\styles\components\hardening.css","04_Frontend_App","Frontend App: PlantProcess.Web Core Source (HMI)","Stylesheet",".css","113","2456","2.4","FF35E6E73B063B6DBE74BED3A865C83E272949CAB5D2B694AC7F406D8A7011BC","False","2026-07-04 17:23:45"
"Frontend\PlantProcess.Web\src\styles\components\widget-script-step.css","04_Frontend_App","Frontend App: PlantProcess.Web Core Source (HMI)","Stylesheet",".css","64","1490","1.46","A509DEE68B568EEF123920C17AA7DE5181B977B4368714BB7CD2C96EB4848635","False","2026-07-04 17:23:45"
"Frontend\PlantProcess.Web\src\styles\global.css","04_Frontend_App","Frontend App: PlantProcess.Web Core Source (HMI)","Stylesheet",".css","12","432","0.42","055877B0CA7670D7C6ABA5D5FB64A39349E55D88C50B07BDB9B2784AB3DC551C","False","2026-07-04 17:23:45"
"Frontend\PlantProcess.Web\src\styles\hardening.css","04_Frontend_App","Frontend App: PlantProcess.Web Core Source (HMI)","Stylesheet",".css","159","3372","3.29","A38489408707B8F022FB908DA197B623E52918865316E36CF29E716CEF9E63CB","False","2026-07-04 17:23:45"
"Frontend\PlantProcess.Web\src\styles\pages\admin.css","04_Frontend_App","Frontend App: PlantProcess.Web Core Source (HMI)","Stylesheet",".css","120","2677","2.61","D0CFB99AAC7D25993BEA9999F4488FCF59A499F9C511E6BE45168753F9E46688","False","2026-07-04 17:23:45"
"Frontend\PlantProcess.Web\src\styles\pages\admin-preview.css","04_Frontend_App","Frontend App: PlantProcess.Web Core Source (HMI)","Stylesheet",".css","500","9357","9.14","675413429D5714B125A37387B11FB1E74EA8D322297C981E261FE20F95A648B2","False","2026-07-04 17:23:45"
"Frontend\PlantProcess.Web\src\styles\pages\commercial-license.css","04_Frontend_App","Frontend App: PlantProcess.Web Core Source (HMI)","Stylesheet",".css","87","1853","1.81","EFC7D2F65A1EC5A75EC5F68881E35E19DD0AE0BF965D07B05515A71825B27C7E","False","2026-07-05 13:16:18"
"Frontend\PlantProcess.Web\src\styles\pages\dashboard.css","04_Frontend_App","Frontend App: PlantProcess.Web Core Source (HMI)","Stylesheet",".css","152","3758","3.67","2972DCC23C55DE44B034C4D653E51B366F73DCFF55CC942B5D042C92EF07C1A7","False","2026-07-04 17:23:45"
"Frontend\PlantProcess.Web\src\styles\phase56\legacy-chunks\legacy-001.css","04_Frontend_App","Frontend App: PlantProcess.Web Core Source (HMI)","Stylesheet",".css","334","8225","8.03","19042597D8A613357688D098F19A83F1242F01FCC167965A5B6E99A801B39257","False","2026-07-04 17:23:45"
"Frontend\PlantProcess.Web\src\styles\phase56\legacy-chunks\legacy-002.css","04_Frontend_App","Frontend App: PlantProcess.Web Core Source (HMI)","Stylesheet",".css","325","6879","6.72","05405BEB4A403AA088B0845B3AE1EAFE4703609892A659793AF374D565CE08DD","False","2026-07-04 17:23:45"
"Frontend\PlantProcess.Web\src\styles\phase56\legacy-chunks\legacy-003.css","04_Frontend_App","Frontend App: PlantProcess.Web Core Source (HMI)","Stylesheet",".css","326","6906","6.74","F447E99933700D7D33CFB835B1CB8FE3A37E071DFBABB9A3FBA29C2F7E4A6565","False","2026-07-04 17:23:45"
"Frontend\PlantProcess.Web\src\styles\phase56\legacy-chunks\legacy-004.css","04_Frontend_App","Frontend App: PlantProcess.Web Core Source (HMI)","Stylesheet",".css","328","6752","6.59","B0375D4890A5A6C496A60FB5E9FFC8C1B37F57E4E331FF8FB728A6D67020BB91","False","2026-07-04 17:23:45"
"Frontend\PlantProcess.Web\src\styles\phase56\legacy-chunks\legacy-005.css","04_Frontend_App","Frontend App: PlantProcess.Web Core Source (HMI)","Stylesheet",".css","326","9550","9.33","ACC69AEE08505753B114F571875B71998E10C9B09B1F8E539A13F839F7967192","False","2026-07-04 17:23:45"
"Frontend\PlantProcess.Web\src\styles\phase56\legacy-chunks\legacy-006.css","04_Frontend_App","Frontend App: PlantProcess.Web Core Source (HMI)","Stylesheet",".css","326","7486","7.31","A4AE919886A2E25E4B06EADCC059FB3D680FB95A38630018B2D3BC1304B483A0","False","2026-07-04 17:23:45"
"Frontend\PlantProcess.Web\src\styles\phase56\legacy-chunks\legacy-007.css","04_Frontend_App","Frontend App: PlantProcess.Web Core Source (HMI)","Stylesheet",".css","327","6565","6.41","AABBA87C57F441161CC9F44DABEE1DE3F79277026F74FB7966F1E31DFE70B3F4","False","2026-07-04 17:23:45"
"Frontend\PlantProcess.Web\src\styles\phase56\legacy-chunks\legacy-008.css","04_Frontend_App","Frontend App: PlantProcess.Web Core Source (HMI)","Stylesheet",".css","325","6602","6.45","2FA83A3EF2063CCE12D2E70E9BC300098CCCAB00088DB2BCEA6FB7537E0DB495","False","2026-07-04 17:23:45"
"Frontend\PlantProcess.Web\src\styles\phase56\legacy-chunks\legacy-009.css","04_Frontend_App","Frontend App: PlantProcess.Web Core Source (HMI)","Stylesheet",".css","326","6916","6.75","99DD40E5B75A6C6435EEBDBC5EA7EAEC80599BB253785DAE3C2C7E2E97F9814A","False","2026-07-04 17:23:45"
"Frontend\PlantProcess.Web\src\styles\phase56\legacy-chunks\legacy-010.css","04_Frontend_App","Frontend App: PlantProcess.Web Core Source (HMI)","Stylesheet",".css","94","1916","1.87","D99DFFECF2A73920412AD0EE0755A25DEB162174DE54211B71630A59BAC2F4D5","False","2026-07-04 17:23:45"
"Frontend\PlantProcess.Web\src\styles\phase56\phase56-accessibility.css","04_Frontend_App","Frontend App: PlantProcess.Web Core Source (HMI)","Stylesheet",".css","71","2073","2.02","76B7EB4B289F07189224E451B21E55B993F591CF2E5AE3B3EB5BCDFAD64FA3AB","False","2026-07-04 17:23:45"
"Frontend\PlantProcess.Web\src\styles\phase56\phase56-components.css","04_Frontend_App","Frontend App: PlantProcess.Web Core Source (HMI)","Stylesheet",".css","21","913","0.89","349AD666780D83E6720950348134A526883E3B89F5405E1FA0F95EEB390E025A","False","2026-07-04 17:23:45"
"Frontend\PlantProcess.Web\src\styles\phase56\phase56-migrated-legacy.css","04_Frontend_App","Frontend App: PlantProcess.Web Core Source (HMI)","Stylesheet",".css","16","633","0.62","99CD8DFB4FA12A3B74DE92B93451610807E3340FAD8BA6C450A1043F04A47D79","False","2026-07-04 17:23:45"
"Frontend\PlantProcess.Web\src\styles\phase56\phase56-tokens.css","04_Frontend_App","Frontend App: PlantProcess.Web Core Source (HMI)","Stylesheet",".css","76","2458","2.4","78BCDDE520D552017AA2D2A3E8D0A9C72B009ADA866C9F4C9ED325169EB154A9","False","2026-07-04 17:23:45"
"Frontend\PlantProcess.Web\src\styles\phase78\phase78-i18n-rtl.css","04_Frontend_App","Frontend App: PlantProcess.Web Core Source (HMI)","Stylesheet",".css","45","2843","2.78","DC182EFF5D41C6D9EC770AFAD119366427842276A86BC45CDD4AAB353415DACB","False","2026-07-04 17:23:45"
"Frontend\PlantProcess.Web\src\test\architecture\assistantChain.test.ts","04_Frontend_App","Frontend App: PlantProcess.Web Core Source (HMI)","TypeScript Source",".ts","62","2798","2.73","48A5CD2533B228EF3E02E714A5E5BF1F5827AC99A6C10C9DC38810AFE6596D4D","False","2026-07-09 14:19:52"
"Frontend\PlantProcess.Web\src\test\architecture\dataIntegrationIA.test.ts","04_Frontend_App","Frontend App: PlantProcess.Web Core Source (HMI)","TypeScript Source",".ts","73","3224","3.15","53975AEB4E9EB7B4591C921CB971C8237C1A33CA0053A80C8DA4D647DACD2BE2","False","2026-07-09 13:53:14"
"Frontend\PlantProcess.Web\src\test\architecture\frontendArchitecture.test.ts","04_Frontend_App","Frontend App: PlantProcess.Web Core Source (HMI)","TypeScript Source",".ts","50","1716","1.68","932BB199945FD831FA58942E35EB06B78D0BDBC5942B49053D38DC44E22853C4","False","2026-07-04 17:23:45"
"Frontend\PlantProcess.Web\src\test\architecture\largeFileBoundaries.test.ts","04_Frontend_App","Frontend App: PlantProcess.Web Core Source (HMI)","TypeScript Source",".ts","130","4156","4.06","43686325ED0C7E83F72350E6E801EF330B1975E6224EC9979347C27C92EDEC85","False","2026-07-04 17:23:45"
"Frontend\PlantProcess.Web\src\test\architecture\noDebris.test.ts","04_Frontend_App","Frontend App: PlantProcess.Web Core Source (HMI)","TypeScript Source",".ts","32","1374","1.34","B0289A1A8CC20C46987B3992FC80DD47D5709B66B48DF68F98FA9ECD681B5417","False","2026-07-04 17:23:45"
"Frontend\PlantProcess.Web\src\test\architecture\noHardcodedDemoPages.test.ts","04_Frontend_App","Frontend App: PlantProcess.Web Core Source (HMI)","TypeScript Source",".ts","54","2086","2.04","ECA65DCEE2D413407DC206D351FEAB065DC7B22E44633797C9FA82AC4FC4603E","False","2026-07-04 17:23:45"
"Frontend\PlantProcess.Web\src\test\architecture\noLegacyApiGrowth.test.ts","04_Frontend_App","Frontend App: PlantProcess.Web Core Source (HMI)","TypeScript Source",".ts","70","2096","2.05","6484DF8FFACD7DB85E707EAB50BDCB16511A6BCF938736277525ABF4013EA59F","False","2026-07-04 17:23:45"
"Frontend\PlantProcess.Web\src\test\architecture\noMojibake.test.ts","04_Frontend_App","Frontend App: PlantProcess.Web Core Source (HMI)","TypeScript Source",".ts","78","3573","3.49","B23743D9FCDF1FF6453614D5A38B3F4D8DD8CED47F1B37F3B6AB41312CC0FE3B","False","2026-07-10 09:03:27"
"Frontend\PlantProcess.Web\src\test\architecture\noPhaseTokensOnDemoPath.test.ts","04_Frontend_App","Frontend App: PlantProcess.Web Core Source (HMI)","TypeScript Source",".ts","297","13930","13.6","E654C020B9491441ED26E431B1FA39C3FB818FC548492B04E60AC5E83004A9C2","False","2026-07-09 14:43:35"
"Frontend\PlantProcess.Web\src\test\architecture\noRawErrorStrings.test.ts","04_Frontend_App","Frontend App: PlantProcess.Web Core Source (HMI)","TypeScript Source",".ts","73","2209","2.16","9F7B6807D136053318CCA1A4B58BECA8B7680AC80249740B6C8DBA102CEF1FDF","False","2026-07-04 17:23:45"
"Frontend\PlantProcess.Web\src\test\architecture\noRawStandardElements.test.ts","04_Frontend_App","Frontend App: PlantProcess.Web Core Source (HMI)","TypeScript Source",".ts","68","2432","2.38","668D26F8C7BBED454E7C5D226806BEA75A6912B8F9CC8E760149DCD400122A37","False","2026-07-04 17:23:45"
"Frontend\PlantProcess.Web\src\test\architecture\noThinReExports.test.ts","04_Frontend_App","Frontend App: PlantProcess.Web Core Source (HMI)","TypeScript Source",".ts","43","2151","2.1","A3DA337AF029C2A66EF4E4B746E921B2AD0F7955AE7E5B23A931D9688CFADCBA","False","2026-07-04 17:23:45"
"Frontend\PlantProcess.Web\src\test\architecture\P2Close.errorBoundaryDiscipline.test.ts","04_Frontend_App","Frontend App: PlantProcess.Web Core Source (HMI)","TypeScript Source",".ts","65","2626","2.56","0A2249087044EC9FCD4D4AF2CD7FD33462DE819259A9332ECEB7CDFC01E4D638","False","2026-07-04 17:23:45"
"Frontend\PlantProcess.Web\src\test\integration\mockedApi.integration.test.ts","04_Frontend_App","Frontend App: PlantProcess.Web Core Source (HMI)","TypeScript Source",".ts","12","420","0.41","023D4E30C21D7BB72C73CB91A859DFB074B0A548D9274F6B66DC9BE160548E7F","False","2026-07-04 17:23:45"
"Frontend\PlantProcess.Web\src\test\mocks\handlers.ts","04_Frontend_App","Frontend App: PlantProcess.Web Core Source (HMI)","TypeScript Source",".ts","23","491","0.48","A897535DC04A221780187B470CE30F2171F3A3B836905B158058BC42EBCD0896","False","2026-07-04 17:23:45"
"Frontend\PlantProcess.Web\src\test\mocks\server.ts","04_Frontend_App","Frontend App: PlantProcess.Web Core Source (HMI)","TypeScript Source",".ts","4","132","0.13","53BBA17F29A5842D04698AC6F22EEB75789DBEBB31DBAB44C4A8CE5A38A58052","False","2026-07-04 17:23:45"
"Frontend\PlantProcess.Web\src\test\setupTests.ts","04_Frontend_App","Frontend App: PlantProcess.Web Core Source (HMI)","TypeScript Source",".ts","17","326","0.32","936719CF831BFA921BB4BA5D282A0AE50800236579DA7ECBAAFD2A4E24BDFB35","False","2026-07-04 17:23:45"
"Frontend\PlantProcess.Web\src\types\analyticsContracts.ts","04_Frontend_App","Frontend App: PlantProcess.Web Core Source (HMI)","TypeScript Source",".ts","51","2069","2.02","E844FC7D34D43E9F75CFBAEB703E4E78C7032466FDD32FA63308AE29D25F4C3D","False","2026-07-04 17:23:45"
"Frontend\PlantProcess.Web\src\types\execOpsContracts.ts","04_Frontend_App","Frontend App: PlantProcess.Web Core Source (HMI)","TypeScript Source",".ts","48","1566","1.53","B140D7457F5E73021E8B98F0772B5CC7F488D341A427BE659103FD422DDD3A2A","False","2026-07-04 17:23:45"
"Frontend\PlantProcess.Web\src\ui\design-tokens.css","04_Frontend_App","Frontend App: PlantProcess.Web Core Source (HMI)","Stylesheet",".css","44","1267","1.24","A038E09DB1D64092C7D80F589C107DBA71DEB404BEF5EF1C249369C710DD5B93","False","2026-07-04 17:23:45"
"Frontend\PlantProcess.Web\src\ui\index.ts","04_Frontend_App","Frontend App: PlantProcess.Web Core Source (HMI)","TypeScript Source",".ts","1","38","0.04","FDD4F4A31D9A4B21B4A3C4A035734F8D2067A9A42B143B1AED379805A87E8387","False","2026-07-04 17:23:45"
"Frontend\PlantProcess.Web\src\ui\standard-components.css","04_Frontend_App","Frontend App: PlantProcess.Web Core Source (HMI)","Stylesheet",".css","394","9164","8.95","5B3FF426C0E2D7C879FAAF9A3A4DDF5503C124FB9EFB43CFE63637C3FAEE8EFF","False","2026-07-04 17:23:45"
"Frontend\PlantProcess.Web\src\ui\standard-components.implementation.tsx","04_Frontend_App","Frontend App: PlantProcess.Web Core Source (HMI)","TypeScript Source",".tsx","525","15963","15.59","91756694150E2B484A6E04C1617158191947CB53E3E93857BA39D3F772604EC9","False","2026-07-04 17:23:45"
"Frontend\PlantProcess.Web\src\ui\standard-components.stories.tsx","04_Frontend_App","Frontend App: PlantProcess.Web Core Source (HMI)","TypeScript Source",".tsx","192","7191","7.02","18BD4BEB363F0CAE96E7719473066462B31DB00D0294B221AEEF163DC3D69C5A","False","2026-07-04 17:23:45"
"Frontend\PlantProcess.Web\src\ui\standard-components.tsx","04_Frontend_App","Frontend App: PlantProcess.Web Core Source (HMI)","TypeScript Source",".tsx","1","55","0.05","7A2DA4D3814B53932729104989866C27B376BE82DCEC60A5306C19858787F760","False","2026-07-04 17:23:45"
"Frontend\PlantProcess.Web\src\ui\standards\ui-component-specs.md","04_Frontend_App","Frontend App: PlantProcess.Web Core Source (HMI)","Markdown Documentation",".md","82","2508","2.45","3E2360D6C08C90DC156016A196DA01D1057A2B041E3F2EAAE96A2042742DEC69","False","2026-05-30 08:18:01"
"Frontend\PlantProcess.Web\src\utils\dragPerformance.ts","04_Frontend_App","Frontend App: PlantProcess.Web Core Source (HMI)","TypeScript Source",".ts","80","2081","2.03","1A3F9A9171024F598FDCA4FF36FC6189C8B2990BCA9CD606144A2921743EAC17","False","2026-07-04 17:23:45"
"Frontend\PlantProcess.Web\src\utils\errorMapping.ts","04_Frontend_App","Frontend App: PlantProcess.Web Core Source (HMI)","TypeScript Source",".ts","147","4221","4.12","1288624EFED81B0B435F2A5B9268BBC040636B843D157499249C2A29AB5972EB","False","2026-07-04 17:23:45"
"Frontend\PlantProcess.Web\src\utils\frontendDiagnostics.ts","04_Frontend_App","Frontend App: PlantProcess.Web Core Source (HMI)","TypeScript Source",".ts","68","1699","1.66","F4EC4B109BF9B7E2E4CC3D3322BDEC33FC8FA3DA07064826DC3150E44B0C259F","False","2026-07-04 17:23:45"
"Frontend\PlantProcess.Web\tests\e2e\p3t14-value-executive.spec.ts","04_Frontend_App","Frontend App: PlantProcess.Web Core Source (HMI)","TypeScript Source",".ts","47","1956","1.91","764FBA90848FE20C1E187759CA7E956F77B7A1E2B846263EEA928B5FEE26BA67","False","2026-06-10 11:38:34"
"Frontend\PlantProcess.Web\tests\e2e\p3t15-widget-schema-drift.spec.ts","04_Frontend_App","Frontend App: PlantProcess.Web Core Source (HMI)","TypeScript Source",".ts","31","1325","1.29","7BEF75274BFDBACE7C7683CA2BE5B8887BA379A260E00CAB5038E818AC75D377","False","2026-06-10 11:59:37"
"Frontend\PlantProcess.Web\tests\e2e\phase5-analytics.spec.ts","04_Frontend_App","Frontend App: PlantProcess.Web Core Source (HMI)","TypeScript Source",".ts","96","4604","4.5","8C3604EA19C994FE4A5A0BE4F708F3295F70AD8F9ACDDD573A0FC5019B8F7BFF","False","2026-06-13 17:51:45"
"Frontend\PlantProcess.Web\tests\e2e\phase6-exec-ops.spec.ts","04_Frontend_App","Frontend App: PlantProcess.Web Core Source (HMI)","TypeScript Source",".ts","99","4450","4.35","83518D2EBF0D46D88B1450EB66410B9221552B5675CDB191F46FAB872F21FA23","False","2026-06-13 17:51:45"
"Frontend\PlantProcess.Web\tools\check-duplicate-pages.mjs","04_Frontend_App","Frontend App: PlantProcess.Web Core Source (HMI)","Tooling Script",".mjs","28","939","0.92","0F2561CC67D8681B37E79E9E40AFB4E92143B35BECCDBBA3A0AC32440AA7574B","False","2026-06-02 23:28:32"
"Frontend\PlantProcess.Web\tools\dup-pages-guard.mjs","04_Frontend_App","Frontend App: PlantProcess.Web Core Source (HMI)","Tooling Script",".mjs","11","572","0.56","7EB5ACD8DCBF66297B623579E3B794B974C2F16F3002A317827977D5ABFA4614","False","2026-06-03 06:54:02"
"Frontend\PlantProcess.Web\tools\phase3\apply-phase3-phase4-material-search-hardening.cjs","04_Frontend_App","Frontend App: PlantProcess.Web Core Source (HMI)","Tooling Script",".cjs","1042","34170","33.37","3D671E277782F5DD9CE1E0F3DA48D074FBB47018BA7862E2C08E02FAB4D97C45","False","2026-05-30 09:42:38"
"Frontend\PlantProcess.Web\tools\phase3\finalize-phase3-phase4-acceptance.cjs","04_Frontend_App","Frontend App: PlantProcess.Web Core Source (HMI)","Tooling Script",".cjs","681","22334","21.81","FE6E158199A6CF8A2ABB0D78DFBEA59D9CBC90D1B1C6E0542719D60BF6A7A89E","False","2026-05-30 09:54:44"
"Frontend\PlantProcess.Web\tools\phase3\fix-final-phase34-blockers.cjs","04_Frontend_App","Frontend App: PlantProcess.Web Core Source (HMI)","Tooling Script",".cjs","112","4239","4.14","E72355F9A43A2C5447BE864237EBF016CA1E2616E765BA8ECE14F005D9768883","False","2026-05-30 09:57:23"
"Frontend\PlantProcess.Web\tools\phase3\fix-final-t024-validation-runner.cjs","04_Frontend_App","Frontend App: PlantProcess.Web Core Source (HMI)","Tooling Script",".cjs","71","2547","2.49","A6DD2AA72ADAE296B1F7B73CA8E3CAE8D63374705CE4BDBE119EB14D306C9F1F","False","2026-05-30 10:00:13"
"Frontend\PlantProcess.Web\tools\phase3\fix-package-json-and-acceptance-guard.cjs","04_Frontend_App","Frontend App: PlantProcess.Web Core Source (HMI)","Tooling Script",".cjs","65","2069","2.02","07DCC9C11EF3DD045EA5290773B902E72BFA24C8D92AB20FC75CA4299A02E54D","False","2026-05-30 09:54:43"
"Frontend\PlantProcess.Web\tools\phase3\fix-phase3-phase4-lint-validation.cjs","04_Frontend_App","Frontend App: PlantProcess.Web Core Source (HMI)","Tooling Script",".cjs","281","8974","8.76","4A6753E46A6F907C910163A96E8D3E42DE1281A56782E61B0A7A19C32EE7A6AD","False","2026-05-30 09:45:11"
"Frontend\PlantProcess.Web\tools\phase3\fix-t024-targeted-eslint-gate.cjs","04_Frontend_App","Frontend App: PlantProcess.Web Core Source (HMI)","Tooling Script",".cjs","115","3460","3.38","21BBC25E2CCD51AD96AA9BA10C7E31D9525F2EBD73D7A81B312F3D1576321A44","False","2026-05-30 09:59:00"
"Frontend\PlantProcess.Web\tools\phase3\validate-phase3-phase4-acceptance.cjs","04_Frontend_App","Frontend App: PlantProcess.Web Core Source (HMI)","Tooling Script",".cjs","304","9700","9.47","6A56B843DC9D2F225106BBD42486FD342D2E1F43C8BFBC9412363CCF1D79FA7E","False","2026-05-31 13:07:14"
"Frontend\PlantProcess.Web\tools\phase3\validate-population-on-analysis.mjs","04_Frontend_App","Frontend App: PlantProcess.Web Core Source (HMI)","Tooling Script",".mjs","46","1875","1.83","181A6DB233C958642791BE6AF3D2A964BED9431CC12D1B0A83D08F578A5D909D","False","2026-06-14 21:50:23"
"Frontend\PlantProcess.Web\tools\phase56\apply-phase5-phase6-full-ui-migration.cjs","04_Frontend_App","Frontend App: PlantProcess.Web Core Source (HMI)","Tooling Script",".cjs","1894","73047","71.33","FFACDA041A3FE961A76A8BA1DF1EFA6C14F510D499D211ADAF6A1B2AEA074744","False","2026-05-30 10:14:59"
"Frontend\PlantProcess.Web\tools\phase56\fix-phase56-demo-job-status-fields.cjs","04_Frontend_App","Frontend App: PlantProcess.Web Core Source (HMI)","Tooling Script",".cjs","15","496","0.48","B5B07F8891D638D0650BCECC5138A62108C99695D00B7F79DB75F1CC1D72D118","False","2026-05-30 10:20:12"
"Frontend\PlantProcess.Web\tools\phase56\fix-phase56-operation-progress-contract.cjs","04_Frontend_App","Frontend App: PlantProcess.Web Core Source (HMI)","Tooling Script",".cjs","44","2094","2.04","DE5C358E1953327C81141AE3884886BB865236A4244B094DB6AC25C8DDA18DD3","False","2026-05-30 10:19:02"
"Frontend\PlantProcess.Web\tools\phase56\validate-phase5-phase6-acceptance.cjs","04_Frontend_App","Frontend App: PlantProcess.Web Core Source (HMI)","Tooling Script",".cjs","157","8887","8.68","2BF3494DE9EA4A1F8B93EE7B8C8C0B12F5E11E79B4895A24352B16B21A35E934","False","2026-05-31 13:07:14"
"Frontend\PlantProcess.Web\tools\phase78\fix-phase78-connector-truth-api-name.cjs","04_Frontend_App","Frontend App: PlantProcess.Web Core Source (HMI)","Tooling Script",".cjs","64","2236","2.18","9FEFB914F233816D4B6FDB191ECF089AF296426189EEBF98B18B9CD778F79E95","False","2026-05-30 10:48:33"
"Frontend\PlantProcess.Web\tools\phase78\fix-phase78-t053-license-tier-override-acceptance.cjs","04_Frontend_App","Frontend App: PlantProcess.Web Core Source (HMI)","Tooling Script",".cjs","112","4139","4.04","A41B7F57A72EED93DA1974BCEEAB681E3FA3451AB01BE067502563C2394C8CAD","False","2026-05-30 10:50:21"
"Frontend\PlantProcess.Web\tools\phase9\fix-standardbutton-dedupe-and-props.cjs","04_Frontend_App","Frontend App: PlantProcess.Web Core Source (HMI)","Tooling Script",".cjs","232","5983","5.84","717BD1BA590A4D20A4A3AC4522C98DD00154D608D503A618E3307746CF8A11EE","False","2026-06-03 10:27:01"
"Frontend\PlantProcess.Web\tools\phase9\fix-standardbutton-import-placement.cjs","04_Frontend_App","Frontend App: PlantProcess.Web Core Source (HMI)","Tooling Script",".cjs","186","5036","4.92","BAF8AECC5ECB52A1D4A0EAF34265ABCE7AB6EA62D4D62F421E36563D13F7ABC3","False","2026-06-03 10:24:56"
"Frontend\PlantProcess.Web\tools\phase9\repair-standardbutton-imports.cjs","04_Frontend_App","Frontend App: PlantProcess.Web Core Source (HMI)","Tooling Script",".cjs","2","103","0.1","4ABA7D0A4E2C99223B58BD51EADA0B8178FB14E31D74908BB6DA7C5F6FCEDC2D","False","2026-06-03 10:27:03"
"Frontend\PlantProcess.Web\tools\phase9\standardize-phase9-buttons.cjs","04_Frontend_App","Frontend App: PlantProcess.Web Core Source (HMI)","Tooling Script",".cjs","97","2662","2.6","8C3BB85A3621CCF8A201ACB1D48867F57C50D77B8A289ED1B6E57C869936C545","False","2026-06-04 00:19:42"
"Frontend\PlantProcess.Web\tools\phase9\validate-phase9-ui-quality.mjs","04_Frontend_App","Frontend App: PlantProcess.Web Core Source (HMI)","Tooling Script",".mjs","114","3511","3.43","33429643359CC99E82DCA0CAFC44FC879C740FD112106C3FCCBC8ADCE46B7953","False","2026-06-03 19:05:22"
"Frontend\PlantProcess.Web\tools\ui\audit-ui-instances.mjs","04_Frontend_App","Frontend App: PlantProcess.Web Core Source (HMI)","Tooling Script",".mjs","181","5750","5.62","C92D267B674BE18D655C1E2F6E938714A96FAD66285678F63571E5505CDFA7E5","False","2026-05-30 08:18:01"
"Frontend\PlantProcess.Web\tools\ui\generate-ui-standards-inventory.mjs","04_Frontend_App","Frontend App: PlantProcess.Web Core Source (HMI)","Tooling Script",".mjs","456","15894","15.52","88CA764118237CA6497DBED7A551E26C11D2CE6F17A667248845247C13C32ACB","False","2026-06-24 16:16:41"
"Frontend\PlantProcess.Web\tools\ui\validate-phase2-full-ui-standards.mjs","04_Frontend_App","Frontend App: PlantProcess.Web Core Source (HMI)","Tooling Script",".mjs","43","1619","1.58","FE436D9F0F0A3B04F95FF2CC5998BB24BA4D2BC3C8B543995CE5919B0B503693","False","2026-05-31 13:14:10"
"Frontend\PlantProcess.Web\tools\ui\validate-ui-standards.mjs","04_Frontend_App","Frontend App: PlantProcess.Web Core Source (HMI)","Tooling Script",".mjs","32","1119","1.09","5601EF9351DBBBA49DBD2687253F7F1C4586C547F7142B99CBD4BDC9D21855AA","False","2026-05-31 13:14:10"
"Frontend\PlantProcess.Web\tsconfig.app.json","04_Frontend_App","Frontend App: PlantProcess.Web Core Source (HMI)","JSON Configuration",".json","50","1004","0.98","2E70B418D450134C16DA0F8FAC8C5E9F26FB61DAEE077262EA594D26972C3F63","False","2026-06-09 21:14:30"
"Frontend\PlantProcess.Web\tsconfig.json","04_Frontend_App","Frontend App: PlantProcess.Web Core Source (HMI)","JSON Configuration",".json","7","124","0.12","411611752936F8E5923662284352E016C23F7B1E2A4304DB63277AF8F01D9DB5","False","2026-05-30 07:37:22"
"Frontend\PlantProcess.Web\tsconfig.node.json","04_Frontend_App","Frontend App: PlantProcess.Web Core Source (HMI)","JSON Configuration",".json","22","551","0.54","ABD98EBFC8296F1DF77232E2EA307B01659E5F742ED46865E62C8CCF5A436A15","False","2026-05-30 07:37:22"
"Frontend\PlantProcess.Web\vite.config.ts","04_Frontend_App","Frontend App: PlantProcess.Web Core Source (HMI)","TypeScript Source",".ts","25","456","0.45","EE1AAD177D241591BFB836BB5E1AF19FDD4A7A22D25E82FD87DE9A0BEAF0B6A3","False","2026-05-30 22:37:47"
"Frontend\PlantProcess.Web\vitest.config.ts","04_Frontend_App","Frontend App: PlantProcess.Web Core Source (HMI)","TypeScript Source",".ts","59","1438","1.4","F8796CC340B1827A3A542C1F0D23C311CCFA85FB48DBACF798B15A5041EEA637","False","2026-06-01 14:05:39"
"Frontend\PlantProcess.Web\e2e\a11y\phase56-accessibility.spec.ts","05_Frontend_Misc","Frontend Misc: E2E, Scripts, Test Results, Reports","TypeScript Source",".ts","34","1175","1.15","2837CACFDB738E3ED2861C087C0598C63A9B572FD8D38A634D7D56811BF119B0","False","2026-06-06 10:18:29"
"Frontend\PlantProcess.Web\e2e\admin-db-focused.spec.ts","05_Frontend_Misc","Frontend Misc: E2E, Scripts, Test Results, Reports","TypeScript Source",".ts","109","3404","3.32","0979881B0B9B7DFA8179F78F719B0CC42062B882F9B2FAC929A0003CAA6F1E41","False","2026-05-31 14:20:01"
"Frontend\PlantProcess.Web\e2e\admin-schema-focused.spec.ts","05_Frontend_Misc","Frontend Misc: E2E, Scripts, Test Results, Reports","TypeScript Source",".ts","126","3782","3.69","00AF3610C442F6859BDF582ED937AF63112B82A0382DF2E625823ED01DDDE1EF","False","2026-05-24 12:34:46"
"Frontend\PlantProcess.Web\e2e\api\phase02-data-lifecycle-contract.spec.ts","05_Frontend_Misc","Frontend Misc: E2E, Scripts, Test Results, Reports","TypeScript Source",".ts","8","320","0.31","C90EECDAD7E90C30354B180C8C12BD94877D01B5C17C8A8EA09BFECA6A890374","False","2026-05-31 10:42:05"
"Frontend\PlantProcess.Web\e2e\api\phase03-two-stage-import.spec.ts","05_Frontend_Misc","Frontend Misc: E2E, Scripts, Test Results, Reports","TypeScript Source",".ts","57","2052","2","4C990B18D5DE9F0A65D0BA908681866B75700E79EA93FB930096767B94AF0CD9","False","2026-05-31 14:22:37"
"Frontend\PlantProcess.Web\e2e\api-smoke.spec.ts","05_Frontend_Misc","Frontend Misc: E2E, Scripts, Test Results, Reports","TypeScript Source",".ts","99","3211","3.14","5B581C7FB5D1F75E94DEA0169B5E09A1D395845DA08539887D00DAE1C98B0F57","False","2026-05-20 11:14:47"
"Frontend\PlantProcess.Web\e2e\critical-shell-regression.spec.ts","05_Frontend_Misc","Frontend Misc: E2E, Scripts, Test Results, Reports","TypeScript Source",".ts","22","844","0.82","365E78906E7F0F61B2E0F7A9D797FAB3E811C3712E3C2EC8F934C7F68E9748B3","False","2026-05-18 23:19:15"
"Frontend\PlantProcess.Web\e2e\cross-browser-matrix.spec.ts","05_Frontend_Misc","Frontend Misc: E2E, Scripts, Test Results, Reports","TypeScript Source",".ts","31","1385","1.35","CA81BE2ADA78DF9A74C9E46DD2CCF5AF911A68FC359F3268F03A94815673CC32","False","2026-06-15 09:08:53"
"Frontend\PlantProcess.Web\e2e\dashboard-refresh-filter.spec.ts","05_Frontend_Misc","Frontend Misc: E2E, Scripts, Test Results, Reports","TypeScript Source",".ts","196","5666","5.53","7A6B079E1CB23EFA29E9424F58291FF71ABEC244FC955671D5E36C405769BBDC","False","2026-05-25 14:20:53"
"Frontend\PlantProcess.Web\e2e\demo-path-action-matrix.spec.ts","05_Frontend_Misc","Frontend Misc: E2E, Scripts, Test Results, Reports","TypeScript Source",".ts","83","3487","3.41","09292D17A6FE73180B4D4379A4AF88448C4A934D9A9277CE65D47181C906F7D1","False","2026-06-25 08:26:10"
"Frontend\PlantProcess.Web\e2e\demo-path-controls.spec.ts","05_Frontend_Misc","Frontend Misc: E2E, Scripts, Test Results, Reports","TypeScript Source",".ts","74","4140","4.04","E4D035606AABF133F296ACE39BDCD88795F9EAB00E154D148F7CB2EBF6EFCA37","False","2026-06-15 10:44:12"
"Frontend\PlantProcess.Web\e2e\dimension2-dimension6-readiness.spec.ts","05_Frontend_Misc","Frontend Misc: E2E, Scripts, Test Results, Reports","TypeScript Source",".ts","67","2912","2.84","5C1B6777C2C71A070D16D33909BA4AE6BE9F14D88F4CB7580138C730807D77D9","False","2026-06-06 11:09:32"
"Frontend\PlantProcess.Web\e2e\dimension7-brand-identity.spec.ts","05_Frontend_Misc","Frontend Misc: E2E, Scripts, Test Results, Reports","TypeScript Source",".ts","24","1133","1.11","A62FBCD428D3D10D7233F5EC9A618DDA091DBE5ABFAE963E5021E967A09B8157","False","2026-06-06 11:09:32"
"Frontend\PlantProcess.Web\e2e\fixtures\testCredentials.ts","05_Frontend_Misc","Frontend Misc: E2E, Scripts, Test Results, Reports","TypeScript Source",".ts","14","713","0.7","CD6AC7B8F50480A61ED5C939CC6CA02EBD91CC5118A26E7C502B74D037CE9DCD","False","2026-06-12 21:15:04"
"Frontend\PlantProcess.Web\e2e\full-stack-smoke.spec.ts","05_Frontend_Misc","Frontend Misc: E2E, Scripts, Test Results, Reports","TypeScript Source",".ts","27","880","0.86","03C1B14DC689B71021D84688FC6E6E2AD384C16C1E0AA11D9E7B010AA129C50E","False","2026-05-25 15:17:25"
"Frontend\PlantProcess.Web\e2e\golden-path.spec.ts","05_Frontend_Misc","Frontend Misc: E2E, Scripts, Test Results, Reports","TypeScript Source",".ts","222","5959","5.82","C98C6AE2628A09AF5708FCF797782B85563E80063479C9240B7E907BB61E5FD5","False","2026-06-03 12:47:46"
"Frontend\PlantProcess.Web\e2e\hardening-matrix.spec.ts","05_Frontend_Misc","Frontend Misc: E2E, Scripts, Test Results, Reports","TypeScript Source",".ts","154","4417","4.31","5E1365B4D174E7294B4AE1AB847B8F7C64BEC6302A5D5ECC383D6B69B2EE3F78","False","2026-05-24 12:33:58"
"Frontend\PlantProcess.Web\e2e\helpers\auth.ts","05_Frontend_Misc","Frontend Misc: E2E, Scripts, Test Results, Reports","TypeScript Source",".ts","181","4521","4.42","85B08403F59ADD077CFB4FFD54D800AFD8A3FE1EA798D8173206AE6052A0D846","False","2026-05-30 07:56:45"
"Frontend\PlantProcess.Web\e2e\helpers\e2eFailureFilters.ts","05_Frontend_Misc","Frontend Misc: E2E, Scripts, Test Results, Reports","TypeScript Source",".ts","72","2227","2.17","65041F42685AFEE476AD018A38247BF3A6B1C012798D4C5147E1D474B205019A","False","2026-05-25 13:40:12"
"Frontend\PlantProcess.Web\e2e\helpers\hardening.ts","05_Frontend_Misc","Frontend Misc: E2E, Scripts, Test Results, Reports","TypeScript Source",".ts","176","4773","4.66","649986F140925A2CD7AE8D45615AA6535EAD2C19308C66F16C42B73C594A98A6","False","2026-06-03 12:47:46"
"Frontend\PlantProcess.Web\e2e\helpers\networkGuard.ts","05_Frontend_Misc","Frontend Misc: E2E, Scripts, Test Results, Reports","TypeScript Source",".ts","39","1034","1.01","1AA143FB9E3C818EEF3BFCF2335CEB006AD88D827C1492A75A4C78BCA74EF51C","False","2026-05-19 09:14:19"
"Frontend\PlantProcess.Web\e2e\helpers\phase1Hardening.ts","05_Frontend_Misc","Frontend Misc: E2E, Scripts, Test Results, Reports","TypeScript Source",".ts","174","5015","4.9","8B385C83B8EFA0BB59C29A50801009FB71EAAD7FC4701F77B70FCAEC4D396569","False","2026-06-03 12:47:46"
"Frontend\PlantProcess.Web\e2e\helpers\phase2Guard.ts","05_Frontend_Misc","Frontend Misc: E2E, Scripts, Test Results, Reports","TypeScript Source",".ts","217","5748","5.61","283AF4969A3AE03FB9DEC265DDEF0F1491E3D11EBBC6AB788F88E5AD36EC3834","False","2026-05-25 15:32:28"
"Frontend\PlantProcess.Web\e2e\helpers\phase9ActionMatrix.ts","05_Frontend_Misc","Frontend Misc: E2E, Scripts, Test Results, Reports","TypeScript Source",".ts","181","7718","7.54","D440580816D742A5C9C953CDB1BA31B0D67A97F4EB92369E7EB571A19D0F562B","False","2026-07-03 14:30:03"
"Frontend\PlantProcess.Web\e2e\i18n\phase78-i18n-rtl.spec.ts","05_Frontend_Misc","Frontend Misc: E2E, Scripts, Test Results, Reports","TypeScript Source",".ts","25","1276","1.25","9154F1D67AD66073BC2513C0CC82602CDF94C65ADF61939C4E263954DCADC317","False","2026-06-06 10:48:56"
"Frontend\PlantProcess.Web\e2e\induced-fault-battery.spec.ts","05_Frontend_Misc","Frontend Misc: E2E, Scripts, Test Results, Reports","TypeScript Source",".ts","40","2062","2.01","43E568184E9B76672E5F70CDE9C503781057475F79BB74AB633718FF1294A640","False","2026-06-15 06:40:40"
"Frontend\PlantProcess.Web\e2e\journeys\p00-e2e-consolidation.contract.spec.ts","05_Frontend_Misc","Frontend Misc: E2E, Scripts, Test Results, Reports","TypeScript Source",".ts","68","2283","2.23","C69A5E7CD3E5968519A08947CB93C3BC0DEE9203D5BFACFA1202A2F7585A5ADE","False","2026-05-31 13:48:04"
"Frontend\PlantProcess.Web\e2e\license.setup.ts","05_Frontend_Misc","Frontend Misc: E2E, Scripts, Test Results, Reports","TypeScript Source",".ts","36","1831","1.79","182904BE7E70FC50FEDC36FF9B939C2F3436F342795507C706402711BD0263CF","False","2026-06-23 17:49:35"
"Frontend\PlantProcess.Web\e2e\license-and-demo-lifecycle.spec.ts","05_Frontend_Misc","Frontend Misc: E2E, Scripts, Test Results, Reports","TypeScript Source",".ts","90","3548","3.46","7BEF17472A2A562CC860A4348BBEEF3693126658684D3AA732EE2D2009262E64","False","2026-05-21 13:53:50"
"Frontend\PlantProcess.Web\e2e\license-gate-ux.spec.ts","05_Frontend_Misc","Frontend Misc: E2E, Scripts, Test Results, Reports","TypeScript Source",".ts","27","1069","1.04","03764C57812D5799290984C2EA5A2CE42E034BA1257553525A5EFAA4A88614BC","False","2026-05-24 14:01:51"
"Frontend\PlantProcess.Web\e2e\nav-graph-refresh-survival.spec.ts","05_Frontend_Misc","Frontend Misc: E2E, Scripts, Test Results, Reports","TypeScript Source",".ts","63","1951","1.91","BB32FB931879982565C22579956C5809AC5E81AD0CC2A6D560648B425294E41C","False","2026-05-24 13:48:32"
"Frontend\PlantProcess.Web\e2e\p0-auth-pages-contract.spec.ts","05_Frontend_Misc","Frontend Misc: E2E, Scripts, Test Results, Reports","TypeScript Source",".ts","43","1333","1.3","655C81C294D861B4F43B0EBE392C64B50CC5CE3D151AB4D749AA7549B9BCD2C3","False","2026-06-03 12:29:02"
"Frontend\PlantProcess.Web\e2e\p1-risk-dataquality-contract.spec.ts","05_Frontend_Misc","Frontend Misc: E2E, Scripts, Test Results, Reports","TypeScript Source",".ts","71","1914","1.87","1C6A254CA4284F487AD748E5E1FB89D5CC728694A9C4D6149F9CEA6DD53A68CB","False","2026-05-20 12:04:40"
"Frontend\PlantProcess.Web\e2e\p1-safety-net.spec.ts","05_Frontend_Misc","Frontend Misc: E2E, Scripts, Test Results, Reports","TypeScript Source",".ts","27","1397","1.36","571DD5F0E062007B02D271C08BFDB7D8E4CE4E14419918C64D5B8276053B9C68","False","2026-06-02 23:28:37"
"Frontend\PlantProcess.Web\e2e\p2-t09-action-button-visual.spec.ts","05_Frontend_Misc","Frontend Misc: E2E, Scripts, Test Results, Reports","TypeScript Source",".ts","33","1177","1.15","A751580640BA73E9265089379F87322AEA979432C8353F89CF12313A47DFA8BB","False","2026-06-10 15:22:59"
"Frontend\PlantProcess.Web\e2e\p4-advanced-analysis.spec.ts","05_Frontend_Misc","Frontend Misc: E2E, Scripts, Test Results, Reports","TypeScript Source",".ts","19","1118","1.09","2B1362488677E7277E03EBD1E0A2D9D060CD9A0FEB35841A73A9A4577E1BB801","False","2026-06-06 11:09:32"
"Frontend\PlantProcess.Web\e2e\p6-genealogy-widget-workflow.spec.ts","05_Frontend_Misc","Frontend Misc: E2E, Scripts, Test Results, Reports","TypeScript Source",".ts","42","1925","1.88","B3BA9FC50713B531E2F7D6BA60A75D1C4649C87577FB4061E149572D7EC3A869","False","2026-06-03 10:47:19"
"Frontend\PlantProcess.Web\e2e\page-builder-v7.spec.ts","05_Frontend_Misc","Frontend Misc: E2E, Scripts, Test Results, Reports","TypeScript Source",".ts","42","1455","1.42","954CF1F0D77CFFD0BF7C64081DD603D5FE305D521122BCBCD03DAEFC19920D9F","False","2026-06-03 12:29:02"
"Frontend\PlantProcess.Web\e2e\phase10-license-runtime.spec.ts","05_Frontend_Misc","Frontend Misc: E2E, Scripts, Test Results, Reports","TypeScript Source",".ts","17","838","0.82","38FB117EF65520D53A5081153285A57BFD255EBD0872B5304A283648ACB95ED9","False","2026-06-09 15:09:53"
"Frontend\PlantProcess.Web\e2e\phase11-ui-interaction-regression.spec.ts","05_Frontend_Misc","Frontend Misc: E2E, Scripts, Test Results, Reports","TypeScript Source",".ts","14","636","0.62","CD3467347D1F6FDFFFA5E64B67C2EE995D828C8B323D9F4A58FEDAE564717278","False","2026-06-09 15:29:55"
"Frontend\PlantProcess.Web\e2e\phase1-button-action-matrix.spec.ts","05_Frontend_Misc","Frontend Misc: E2E, Scripts, Test Results, Reports","TypeScript Source",".ts","67","2016","1.97","FED1E1FF6113206FFF821EC72A78F3C28789C18778C30F3F29BB7E35FD581E62","False","2026-05-25 10:57:40"
"Frontend\PlantProcess.Web\e2e\phase1-golden-demo.spec.ts","05_Frontend_Misc","Frontend Misc: E2E, Scripts, Test Results, Reports","TypeScript Source",".ts","84","2497","2.44","524EF2A83B46B276E10D39354D54576318BFF223E925DA1B4C8168EE8E0F64E8","False","2026-06-23 16:32:24"
"Frontend\PlantProcess.Web\e2e\phase1-security-hardening.spec.ts","05_Frontend_Misc","Frontend Misc: E2E, Scripts, Test Results, Reports","TypeScript Source",".ts","82","2499","2.44","64B4E315DC1A01183D6CF5A54910D3529549FCF5685BD2EB682A82E802846BB7","False","2026-05-30 07:31:27"
"Frontend\PlantProcess.Web\e2e\phase1-toast-mapping.spec.ts","05_Frontend_Misc","Frontend Misc: E2E, Scripts, Test Results, Reports","TypeScript Source",".ts","46","1308","1.28","6076FDD86355268205D03A91E5FE6BC5AD145130C6BEFD9E0B784301CA9FDAF3","False","2026-05-25 13:42:21"
"Frontend\PlantProcess.Web\e2e\phase23-pagebuilder-persistence.spec.ts","05_Frontend_Misc","Frontend Misc: E2E, Scripts, Test Results, Reports","TypeScript Source",".ts","159","5454","5.33","51356486E644120D6ABDB50023EC2AA7DFC060A5505490F81EACE81D1285FB1C","False","2026-06-03 12:29:02"
"Frontend\PlantProcess.Web\e2e\phase2-backend-outage.spec.ts","05_Frontend_Misc","Frontend Misc: E2E, Scripts, Test Results, Reports","TypeScript Source",".ts","73","1899","1.85","17CB099951C8B91922FC35D47F858BCEA3E333759935BFCB22937FBD25ACA3E7","False","2026-05-25 12:08:33"
"Frontend\PlantProcess.Web\e2e\phase2-chart-interaction.spec.ts","05_Frontend_Misc","Frontend Misc: E2E, Scripts, Test Results, Reports","TypeScript Source",".ts","82","2280","2.23","F3A6F5A6DA5D7B214F52BD2E92A4954C23FF22154515AF505655281A7CCB4780","False","2026-05-25 12:09:09"
"Frontend\PlantProcess.Web\e2e\phase2-lifecycle-proof.spec.ts","05_Frontend_Misc","Frontend Misc: E2E, Scripts, Test Results, Reports","TypeScript Source",".ts","156","4978","4.86","7F3E179DB1BD00CE1787BA517351B043BFA0FA0A0BBC229ACCF9055A07E20C1C","False","2026-05-31 15:42:17"
"Frontend\PlantProcess.Web\e2e\phase2-realism-demo-lifecycle.spec.ts","05_Frontend_Misc","Frontend Misc: E2E, Scripts, Test Results, Reports","TypeScript Source",".ts","22","868","0.85","813CDD07C91EBB9E344FECD0ADB1D3E7B44D9F8230F776BED336A7B4D43915E4","False","2026-06-06 11:09:32"
"Frontend\PlantProcess.Web\e2e\phase2-responsive-multibrowser.spec.ts","05_Frontend_Misc","Frontend Misc: E2E, Scripts, Test Results, Reports","TypeScript Source",".ts","65","1820","1.78","0B46CF5D438DC2D5637D9D3D9447ECE60C41A47483FAFF1D43B89B8EA6C9A025","False","2026-05-25 13:42:00"
"Frontend\PlantProcess.Web\e2e\phase3-dynamic-page-rendering.spec.ts","05_Frontend_Misc","Frontend Misc: E2E, Scripts, Test Results, Reports","TypeScript Source",".ts","65","2563","2.5","739340356620885B6AE7B7BAB294351ECE0320BB49D320C99747D2148914BDD6","False","2026-06-03 12:29:02"
"Frontend\PlantProcess.Web\e2e\phase3-golden-thread-honesty.spec.ts","05_Frontend_Misc","Frontend Misc: E2E, Scripts, Test Results, Reports","TypeScript Source",".ts","37","2183","2.13","1D699CBA696F6A6ED70C235D55B551CCB0CC41A6295A95D343E0E5845C8F82D7","False","2026-06-14 21:50:23"
"Frontend\PlantProcess.Web\e2e\phase4-demo-journey.spec.ts","05_Frontend_Misc","Frontend Misc: E2E, Scripts, Test Results, Reports","TypeScript Source",".ts","89","4356","4.25","B1C9DCFCD9B776DB98AE889C4FB1369B5227BA8606A70C2CBB841899B04C2E59","False","2026-06-13 18:18:40"
"Frontend\PlantProcess.Web\e2e\phase4-inspection-job-loop.spec.ts","05_Frontend_Misc","Frontend Misc: E2E, Scripts, Test Results, Reports","TypeScript Source",".ts","33","1607","1.57","01AD7272AB1C5E07C202983FE909C66104F586AC928DD9FBD41301F425ED7306","False","2026-06-14 23:23:52"
"Frontend\PlantProcess.Web\e2e\phase4-ml-foundation-proof.spec.ts","05_Frontend_Misc","Frontend Misc: E2E, Scripts, Test Results, Reports","TypeScript Source",".ts","77","2763","2.7","F8E9B98A5A2F1D0B1D6CCE5C7103188CDF62CF3E0516D60EB6E4ED80F9C55CA4","False","2026-05-31 15:48:53"
"Frontend\PlantProcess.Web\e2e\phase56-primary-flows.spec.ts","05_Frontend_Misc","Frontend Misc: E2E, Scripts, Test Results, Reports","TypeScript Source",".ts","26","1255","1.23","4DCB2403E9E7418F0F7A3C999835B20F04EA2A2769A86BFBC6557290194B3538","False","2026-05-30 10:14:59"
"Frontend\PlantProcess.Web\e2e\phase5-role-scope-nav.spec.ts","05_Frontend_Misc","Frontend Misc: E2E, Scripts, Test Results, Reports","TypeScript Source",".ts","46","2099","2.05","FF59F6E62B916C7180D51AADEA262B9BB2F9A4313ECFC871C61759DD6B993AF3","False","2026-06-14 23:50:57"
"Frontend\PlantProcess.Web\e2e\phase5-scheduled-learning-proof.spec.ts","05_Frontend_Misc","Frontend Misc: E2E, Scripts, Test Results, Reports","TypeScript Source",".ts","88","3369","3.29","21365511F3B35FA3178449F2E332B433904F0B9B1EEBE49C75054611119B0DC6","False","2026-06-06 11:09:32"
"Frontend\PlantProcess.Web\e2e\phase6-perf-budget.spec.ts","05_Frontend_Misc","Frontend Misc: E2E, Scripts, Test Results, Reports","TypeScript Source",".ts","53","2252","2.2","38ECC64D97EA07F7B5BB055C27B77A352497C9C9C8A27088D1B74EDE4F1EABE6","False","2026-06-13 11:52:21"
"Frontend\PlantProcess.Web\e2e\phase78-workflow-widget.spec.ts","05_Frontend_Misc","Frontend Misc: E2E, Scripts, Test Results, Reports","TypeScript Source",".ts","25","944","0.92","47FAF973262986064DB89253FDB50FB105CCA9FC23D39F62FF620571F576C009","False","2026-05-30 10:44:13"
"Frontend\PlantProcess.Web\e2e\phase8-role-scoped-nav.spec.ts","05_Frontend_Misc","Frontend Misc: E2E, Scripts, Test Results, Reports","TypeScript Source",".ts","53","3089","3.02","54FAD18ACC63AE233E75F224F1439982D42E77FDE1EA13B7E4E62391D6CF0FB0","False","2026-06-13 13:27:01"
"Frontend\PlantProcess.Web\e2e\phase9-action-matrix.spec.ts","05_Frontend_Misc","Frontend Misc: E2E, Scripts, Test Results, Reports","TypeScript Source",".ts","30","934","0.91","7E5C9475BF06C2DFF0881A1F5F6711F59DBD38D3C02C3423FE502780FBB16EF5","False","2026-06-03 19:05:23"
"Frontend\PlantProcess.Web\e2e\phase9-responsive-states.spec.ts","05_Frontend_Misc","Frontend Misc: E2E, Scripts, Test Results, Reports","TypeScript Source",".ts","54","1994","1.95","4EBCEBF451C23FE15D7CAFB21CE8F181EAC94939159AD33D201716132AA3C784","False","2026-06-03 19:05:24"
"Frontend\PlantProcess.Web\e2e\PPIQ703-crossbrowser.config.note.txt","05_Frontend_Misc","Frontend Misc: E2E, Scripts, Test Results, Reports","Other Text File",".txt","9","728","0.71","63300A1945FED601EB2AD3A5963493CF3843237A9A4123F63B0AE5544A90468B","False","2026-06-15 09:08:52"
"Frontend\PlantProcess.Web\e2e\ppiq-v1-cross-browser-matrix.spec.ts","05_Frontend_Misc","Frontend Misc: E2E, Scripts, Test Results, Reports","TypeScript Source",".ts","36","1927","1.88","7A5A466685CB12CC132CE7BF53BDE7378AC2441BE51FCF06750795D4D0EA1819","False","2026-06-15 10:44:12"
"Frontend\PlantProcess.Web\e2e\ppiq-v1-page-concurrency.spec.ts","05_Frontend_Misc","Frontend Misc: E2E, Scripts, Test Results, Reports","TypeScript Source",".ts","50","2203","2.15","6B95C3EA48ACCD4DF6A1DD4DB318536AB1EC5A8A3A9FC12DDD65070BB83BD418","False","2026-06-15 10:44:12"
"Frontend\PlantProcess.Web\e2e\ppiq-v1-readiness-dry-run.spec.ts","05_Frontend_Misc","Frontend Misc: E2E, Scripts, Test Results, Reports","TypeScript Source",".ts","34","1701","1.66","3AE4C4050D94FEE9C8331AC816E8818B0BBFF17D260FADA0850F6CD59DDB4A80","False","2026-06-15 10:44:12"
"Frontend\PlantProcess.Web\e2e\route-smoke.spec.ts","05_Frontend_Misc","Frontend Misc: E2E, Scripts, Test Results, Reports","TypeScript Source",".ts","28","1120","1.09","3B78E600B2A712264667D20C7DE0F1150581472576A9A7A4D5234FB0292D9E1A","False","2026-05-20 22:29:32"
"Frontend\PlantProcess.Web\e2e\security\auth-matrix-admin.spec.ts","05_Frontend_Misc","Frontend Misc: E2E, Scripts, Test Results, Reports","TypeScript Source",".ts","146","7848","7.66","791AFB0CA3375F1FD9E43371B5C4980BF062689ED81F5E84DBA45BF22EF3EE11","False","2026-06-23 16:32:24"
"Frontend\PlantProcess.Web\e2e\security\phase02-admin-mfa-matrix.spec.ts","05_Frontend_Misc","Frontend Misc: E2E, Scripts, Test Results, Reports","TypeScript Source",".ts","20","743","0.73","3505EAC0DC510A67BCF347334F638FA1FC4CB5EC03E61C8F54B75253C999C251","False","2026-06-07 13:44:19"
"Frontend\PlantProcess.Web\e2e\t07-widget-failure-isolation.spec.ts","05_Frontend_Misc","Frontend Misc: E2E, Scripts, Test Results, Reports","TypeScript Source",".ts","48","2143","2.09","07564EC09E5CCA78F38958903CC61400EE46E77530BC8074CF817EA12D5254D8","False","2026-06-12 23:49:21"
"Frontend\PlantProcess.Web\e2e\t10-dashboard-loads.spec.ts","05_Frontend_Misc","Frontend Misc: E2E, Scripts, Test Results, Reports","TypeScript Source",".ts","30","1461","1.43","E7F1B267250803DBFABB3B62D04ED5A0506C6381AAD1CC277C430B0081209ECB","False","2026-06-12 23:50:53"
"Frontend\PlantProcess.Web\e2e\t14-tier-toggle.spec.ts","05_Frontend_Misc","Frontend Misc: E2E, Scripts, Test Results, Reports","TypeScript Source",".ts","40","1938","1.89","94A6AF7675D3757446529AAC6AA26D2066090C02A6081979CFBAEC70210AEE07","False","2026-06-12 23:49:48"
"Frontend\PlantProcess.Web\e2e\tsconfig.json","05_Frontend_Misc","Frontend Misc: E2E, Scripts, Test Results, Reports","JSON Configuration",".json","18","411","0.4","12C85B33A9274F23D2AAF4BCD4BEEE1F6562E27843B6CAEE99AB933796C61348","False","2026-05-20 11:30:01"
"Frontend\PlantProcess.Web\e2e\visual.spec.ts","05_Frontend_Misc","Frontend Misc: E2E, Scripts, Test Results, Reports","TypeScript Source",".ts","17","768","0.75","2F6457DBA697A3448A5EECAB0231BF42242EE1C51712F2E240B3CB314459CCB0","False","2026-06-13 11:38:59"
"Frontend\PlantProcess.Web\e2e\visual\phase56-analytics-system.visual.spec.ts","05_Frontend_Misc","Frontend Misc: E2E, Scripts, Test Results, Reports","TypeScript Source",".ts","16","796","0.78","930732EA2486E36A8AA9ADF87382D750B7D1880AB59B613D4E0A6AF58F543F97","False","2026-06-06 10:18:29"
"Frontend\PlantProcess.Web\e2e\visual\phase56-baseline-manifest.json","05_Frontend_Misc","Frontend Misc: E2E, Scripts, Test Results, Reports","JSON Configuration",".json","31","591","0.58","C6A55965DCAFD29A7B41C1FB3F631E7044BA6693F09A38339CDAC93FAF43ED6C","False","2026-05-30 10:14:59"
"Frontend\PlantProcess.Web\e2e\visual\phase9-core.visual.spec.ts","05_Frontend_Misc","Frontend Misc: E2E, Scripts, Test Results, Reports","TypeScript Source",".ts","36","1016","0.99","F4E068401985D6D0D49278D5CD316171A2BF7C9993AC538DAA3CF824F3564613","False","2026-06-03 19:05:24"
"Frontend\PlantProcess.Web\e2e\widget-builder-focused.spec.ts","05_Frontend_Misc","Frontend Misc: E2E, Scripts, Test Results, Reports","TypeScript Source",".ts","114","3242","3.17","48068F8D521A9FE7730DA0A8D7D2ADC15F03CC7BB1FE5D9815189E6EBC0DC87C","False","2026-05-25 13:33:54"
"Frontend\PlantProcess.Web\scripts\analytics\correlation-determinism.mjs","05_Frontend_Misc","Frontend Misc: E2E, Scripts, Test Results, Reports","JavaScript Source",".mjs","61","2766","2.7","AB98DBED334DF412661E3C70B2A60F41FDE588D2FD3B1CF9ECF23945BD76B0FB","False","2026-06-13 17:27:20"
"Frontend\PlantProcess.Web\scripts\audit-language.mjs","05_Frontend_Misc","Frontend Misc: E2E, Scripts, Test Results, Reports","JavaScript Source",".mjs","168","4178","4.08","46E5D92F36550B2668BB6FC9B2D7BC6E689DBCD6BFFB0A331B992EC229000F7F","False","2026-06-24 14:29:36"
"Frontend\PlantProcess.Web\scripts\check-api-client-drift.mjs","05_Frontend_Misc","Frontend Misc: E2E, Scripts, Test Results, Reports","JavaScript Source",".mjs","35","1469","1.43","97DB16A47D2C6BBE0C21B1AB98ADBAEFAE49FBACB61E5791CA7ACCFCC6B4D3BA","False","2026-06-09 06:41:57"
"Frontend\PlantProcess.Web\scripts\check-bundle-size.mjs","05_Frontend_Misc","Frontend Misc: E2E, Scripts, Test Results, Reports","JavaScript Source",".mjs","74","2296","2.24","F5477AFBF6D2520E0BBA8747B90426020F4C335333B3DF6CB2053FEE464E7648","False","2026-05-24 14:07:58"
"Frontend\PlantProcess.Web\scripts\codemods\standardize-imports.cjs","05_Frontend_Misc","Frontend Misc: E2E, Scripts, Test Results, Reports","JavaScript Source",".cjs","48","1676","1.64","3309DBE2143C65CCECEA5BCE8B0B1BDE0CC0562EA40274321B005FE7FB0C8D7C","False","2026-05-30 09:53:07"
"Frontend\PlantProcess.Web\scripts\dead-button-scan.mjs","05_Frontend_Misc","Frontend Misc: E2E, Scripts, Test Results, Reports","JavaScript Source",".mjs","62","3267","3.19","E1B395F5FA001A46996610193E231D8D40DD0F6A8EECFE9E60CFCB50852A774B","False","2026-06-13 18:18:39"
"Frontend\PlantProcess.Web\scripts\export-openapi.mjs","05_Frontend_Misc","Frontend Misc: E2E, Scripts, Test Results, Reports","JavaScript Source",".mjs","18","866","0.85","125F810D946C04371AAD37998646DAD1C3868167664F39454C1D4E64B32D559B","False","2026-06-09 06:41:57"
"Frontend\PlantProcess.Web\scripts\generate-api-client.mjs","05_Frontend_Misc","Frontend Misc: E2E, Scripts, Test Results, Reports","JavaScript Source",".mjs","18","729","0.71","435F5FF73B9B4E2BAAB06D40DFDFD57586152E862EA8BA5E5E1570FB0E9B4994","False","2026-06-09 06:41:57"
"Frontend\PlantProcess.Web\scripts\lint-ratchet.mjs","05_Frontend_Misc","Frontend Misc: E2E, Scripts, Test Results, Reports","JavaScript Source",".mjs","71","3390","3.31","8C0A8EE4182794602A712834FF3DEE9EF1A1BBF26D059AC9A83415E644612ABB","False","2026-06-09 06:41:57"
"Frontend\PlantProcess.Web\scripts\probes\material-search\01-search-materials.ps1","05_Frontend_Misc","Frontend Misc: E2E, Scripts, Test Results, Reports","PowerShell Script",".ps1","10","316","0.31","BC9A853CB73B4B0D0C5E35073549CA8E6FBC3DB4D9189BBA5CCEC0367B1AF551","False","2026-05-30 09:53:07"
"Frontend\PlantProcess.Web\scripts\probes\material-search\02-load-investigation.ps1","05_Frontend_Misc","Frontend Misc: E2E, Scripts, Test Results, Reports","PowerShell Script",".ps1","10","386","0.38","E4645CAA1648C27CF7944CC27C5B9D16FDFAC3A1F8023B8C54D5A8578DA901C3","False","2026-05-30 09:53:07"
"Frontend\PlantProcess.Web\scripts\probes\material-search\03-calculate-risk.ps1","05_Frontend_Misc","Frontend Misc: E2E, Scripts, Test Results, Reports","PowerShell Script",".ps1","12","446","0.44","31EFDC4FD5CF3B49B8AD4C156A3F3FECCF6484ABA5F780A464329B8601254EDD","False","2026-05-30 09:53:07"
"Frontend\PlantProcess.Web\scripts\probes\material-search\04-pdf-report.ps1","05_Frontend_Misc","Frontend Misc: E2E, Scripts, Test Results, Reports","PowerShell Script",".ps1","12","450","0.44","DED59B13E7465B2B6B451043D6DA5A851A42D0A9636C687ABB4E1877FFDDD032","False","2026-05-30 09:53:07"
"Frontend\PlantProcess.Web\scripts\probes\material-search\README.md","05_Frontend_Misc","Frontend Misc: E2E, Scripts, Test Results, Reports","Markdown Documentation",".md","20","769","0.75","983CF9638E6B660765B4F1CC4C8B5857D76B5354D6BAEDDDF966D6AD3AD3CBA9","False","2026-05-30 09:53:07"
"Frontend\PlantProcess.Web\scripts\validate-api-client-policy.mjs","05_Frontend_Misc","Frontend Misc: E2E, Scripts, Test Results, Reports","JavaScript Source",".mjs","82","2216","2.16","9FD8221F486D19939AAE6099D46D79F760DC415D6849C611C51EBFABCD62218A","False","2026-05-31 13:07:14"
"Frontend\PlantProcess.Web\scripts\validate-forbidden-copy.mjs","05_Frontend_Misc","Frontend Misc: E2E, Scripts, Test Results, Reports","JavaScript Source",".mjs","79","1856","1.81","4F2FBECD103C8BFC0CE064889F1C022A76CD2F56CD6CEC2B5158EC6C1238139F","False","2026-05-31 13:07:14"
"Frontend\PlantProcess.Web\scripts\validate-no-console-in-src.mjs","05_Frontend_Misc","Frontend Misc: E2E, Scripts, Test Results, Reports","JavaScript Source",".mjs","82","2090","2.04","EE540F7755BF038C109EAE14077C2C3149E360385DE5B7D9550470EC3EE79407","False","2026-05-31 13:07:14"
"Frontend\PlantProcess.Web\scripts\validate-standard-imports.mjs","05_Frontend_Misc","Frontend Misc: E2E, Scripts, Test Results, Reports","JavaScript Source",".mjs","51","1875","1.83","3B35F24233A37334E5A367D3983ED131A33B6E6DD65438F746C420B1E935027A","False","2026-05-31 13:07:14"
"Frontend\PlantProcess.Web\scripts\validate-ui-system-rollout.mjs","05_Frontend_Misc","Frontend Misc: E2E, Scripts, Test Results, Reports","JavaScript Source",".mjs","42","1173","1.15","57629BE7AC1C17C5CAD7EA93878481C9CA71DBB43E079A3C44BF1EAABF2F9410","False","2026-05-31 13:14:10"
".github\workflows\ppiq-security-and-hygiene.yml","06_Infrastructure","Infrastructure: Deployment, Docker, Caddy, CI/CD (.github, Jenkins)","GitHub Actions Workflow",".yml","18","404","0.39","5D3A7C9ACC5C78F479D7E9766E36C2B91809F01EDF7CD2FBD1743846DFAB10E4","True","2026-06-06 08:32:44"
"deploy\.ppiq-backups\ci-truth-gate-comment-stripping-20260710-114147\Jenkinsfile","06_Infrastructure","Infrastructure: Deployment, Docker, Caddy, CI/CD (.github, Jenkins)","Jenkins Pipeline","","184","9763","9.53","F92353D920C5C7DA6E63456E0F96ACC0CD83CE09F1C0C022AE61F2CB98E2C7CA","True","2026-06-26 09:55:20"
"deploy\.ppiq-backups\ci-truth-gate-falsification-20260710-114632\Jenkinsfile","06_Infrastructure","Infrastructure: Deployment, Docker, Caddy, CI/CD (.github, Jenkins)","Jenkins Pipeline","","183","9543","9.32","9C7F5B1CC0920081D661EC4CC1EACD81A29CFA08F423E5BA49DC2AED641813C3","True","2026-07-10 11:41:49"
"deploy\.ppiq-backups\ci-truth-gate-falsification-20260710-114834\Jenkinsfile","06_Infrastructure","Infrastructure: Deployment, Docker, Caddy, CI/CD (.github, Jenkins)","Jenkins Pipeline","","183","9543","9.32","9C7F5B1CC0920081D661EC4CC1EACD81A29CFA08F423E5BA49DC2AED641813C3","True","2026-07-10 11:46:41"
"deploy\caddy\Caddyfile","06_Infrastructure","Infrastructure: Deployment, Docker, Caddy, CI/CD (.github, Jenkins)","Caddyfile","","70","2364","2.31","EDEA0CC1CBBC8BE41018631FD2A4E5DF8AE164BDB59BD235496F5546FFA7074B","True","2026-07-05 22:12:52"
"deploy\edge-agent\Dockerfile","06_Infrastructure","Infrastructure: Deployment, Docker, Caddy, CI/CD (.github, Jenkins)","Dockerfile","","12","404","0.39","5E7439BAEE25DC17554CC0E9EFB1D513B4D694BAFF01C531E0F6B2DD51172E98","True","2026-06-06 16:00:49"
"Jenkinsfile","06_Infrastructure","Infrastructure: Deployment, Docker, Caddy, CI/CD (.github, Jenkins)","Jenkins Pipeline","","183","9543","9.32","9C7F5B1CC0920081D661EC4CC1EACD81A29CFA08F423E5BA49DC2AED641813C3","True","2026-07-10 11:48:49"
"Website\PlantProcess.Website\Dockerfile","06_Infrastructure","Infrastructure: Deployment, Docker, Caddy, CI/CD (.github, Jenkins)","Dockerfile","","23","683","0.67","25677CE630BCBF94CABE4DB028D4189BD7A13209DB8537C744B2B88D50BF75B1","True","2026-05-19 14:03:14"
".gitattributes","07_Tools_Validation_Misc","Tools, Validation Scripts, Root Config, Docs, Misc","Other Text File",".gitattributes","6","114","0.11","B9A18E539856F00812ED4C92801B5AD18A2BE4900CB89167E3AB3E63B4CE2E7D","False","2026-06-08 23:41:37"
".gitignore","07_Tools_Validation_Misc","Tools, Validation Scripts, Root Config, Docs, Misc","Other Text File",".gitignore","111","1994","1.95","9C6D21023F049CD95E2A143A121A960507D6E2F6608B0D96EE97ADA0141443BF","False","2026-07-08 13:51:55"
"Apply-AssistantServiceGraphRegistration.ps1","07_Tools_Validation_Misc","Tools, Validation Scripts, Root Config, Docs, Misc","PowerShell Script",".ps1","103","4884","4.77","43620394C67350C941F3352B299369299C58F7D157CB9F8D5E15B6D74B689015","False","2026-07-12 14:31:38"
"Apply-CiTruthGateCommentStripping.ps1","07_Tools_Validation_Misc","Tools, Validation Scripts, Root Config, Docs, Misc","PowerShell Script",".ps1","690","31191","30.46","781622911D4067B8A1D94E653D31095F43CA70401EBBFC00BBCC168162A8D901","False","2026-07-10 11:41:43"
"Apply-ConnectorCredentialFix.ps1","07_Tools_Validation_Misc","Tools, Validation Scripts, Root Config, Docs, Misc","PowerShell Script",".ps1","224","13588","13.27","978ED66CFC1395FE8368F76BF086B8BDC648B8E4EAC4D95639494C287395EFA5","False","2026-07-06 09:40:14"
"Apply-ConnectorCursorFamilyFix.ps1","07_Tools_Validation_Misc","Tools, Validation Scripts, Root Config, Docs, Misc","PowerShell Script",".ps1","256","14851","14.5","95DAFF97948AF9D886E575D815E0AA9048C0C1A0A3F35F590F817ABC2D146652","False","2026-07-12 14:36:20"
"Apply-ConnectorCursorFamilyFix-v2.ps1","07_Tools_Validation_Misc","Tools, Validation Scripts, Root Config, Docs, Misc","PowerShell Script",".ps1","56","3114","3.04","43C163934D38F3395515B5D8563F1F994978531A72F5A94A71255741F96C2EFF","False","2026-07-10 14:42:57"
"Apply-CorrelationFixPackB.ps1","07_Tools_Validation_Misc","Tools, Validation Scripts, Root Config, Docs, Misc","PowerShell Script",".ps1","738","33456","32.67","BDB916DEDEE29E3759D16CD043E1F994D22E5A632E5C4FC19A2842BC4879338B","False","2026-07-05 15:02:29"
"Apply-FixConnectionProfileByIdTranslation.ps1","07_Tools_Validation_Misc","Tools, Validation Scripts, Root Config, Docs, Misc","PowerShell Script",".ps1","77","5190","5.07","72BBC71DE80F8A090995538DD2DE6613A54F941D266CA368E444364D63B75527","False","2026-07-13 10:05:00"
"Apply-GateHole-UserVisiblePhaseTokens.ps1","07_Tools_Validation_Misc","Tools, Validation Scripts, Root Config, Docs, Misc","PowerShell Script",".ps1","274","13807","13.48","663A258CFC46B54F3B1E94A56317EFA25BDB85BF71FF1D4769D6E46F5D43B2D0","False","2026-07-09 12:47:31"
"Apply-LogPanelPack.ps1","07_Tools_Validation_Misc","Tools, Validation Scripts, Root Config, Docs, Misc","PowerShell Script",".ps1","281","12736","12.44","94143FB135CA3586B5A3DC2544442D8F09D5C891EF7290A21CAE2414DC77B83D","False","2026-07-05 18:23:06"
"Apply-M1-03-Surface1-ImportPrep.ps1","07_Tools_Validation_Misc","Tools, Validation Scripts, Root Config, Docs, Misc","PowerShell Script",".ps1","510","21042","20.55","178160E1D757AF15E427AF806A9C21C375AB0EBBF82DAB8609BECD904416D3A0","False","2026-07-12 14:31:38"
"Apply-M1-03-T11-Fix.ps1","07_Tools_Validation_Misc","Tools, Validation Scripts, Root Config, Docs, Misc","PowerShell Script",".ps1","432","16913","16.52","B598D85C2D71641240D19A66ED7EE13112E6877C1694F41344756F7D68425ADC","False","2026-07-08 16:43:51"
"Apply-M1-03-TaxonomyMappers.ps1","07_Tools_Validation_Misc","Tools, Validation Scripts, Root Config, Docs, Misc","PowerShell Script",".ps1","166","10249","10.01","18130B4DCDF77BCBFC7EE5A2E895F9143E692532A66EC022E53878A52776CFA9","False","2026-07-13 14:18:59"
"Apply-M1-04-LiveDiscovery.ps1","07_Tools_Validation_Misc","Tools, Validation Scripts, Root Config, Docs, Misc","PowerShell Script",".ps1","375","17737","17.32","4FD5517703979741C8469EA0875AA0A53F8EB7A717DF4F7EED32680A09FBF6B0","False","2026-07-08 13:40:32"
"Apply-M1-05-AuthFix.ps1","07_Tools_Validation_Misc","Tools, Validation Scripts, Root Config, Docs, Misc","PowerShell Script",".ps1","188","10018","9.78","BDD224DAAABA87F66BB4660542A2D5A40D6F5488101192A1E51B1DCF85918A75","False","2026-07-08 16:11:24"
"Apply-M1-05-MatrixAndT11-Fix.ps1","07_Tools_Validation_Misc","Tools, Validation Scripts, Root Config, Docs, Misc","PowerShell Script",".ps1","717","31057","30.33","2E462CCA45B7C300A46A3C80A11916F42C25D70F138195A19E41D823004F2DD1","False","2026-07-08 16:27:53"
"Apply-M1-05-RegisterViaDataset.ps1","07_Tools_Validation_Misc","Tools, Validation Scripts, Root Config, Docs, Misc","PowerShell Script",".ps1","166","9605","9.38","E3435FCF745FB787E929E98E7A4A6745E4572B2AD06657C6A996109B466BDC94","False","2026-07-12 20:44:31"
"Apply-M1-05-Surface3-AnalysisJobs.ps1","07_Tools_Validation_Misc","Tools, Validation Scripts, Root Config, Docs, Misc","PowerShell Script",".ps1","2110","90730","88.6","789C548B2E8F6F34B73D14B202585A44F8C67FBDC8CD1C6AC1E9FEAD0F3C86E5","False","2026-07-12 14:31:38"
"Apply-M1-05-T11-Fix.ps1","07_Tools_Validation_Misc","Tools, Validation Scripts, Root Config, Docs, Misc","PowerShell Script",".ps1","636","26291","25.67","C3867158AEB77F2D184267FC0798FAB500DB370A89D12F334936F1A01CF03966","False","2026-07-08 16:20:03"
"Apply-M1-06-DataIntegrationIA.ps1","07_Tools_Validation_Misc","Tools, Validation Scripts, Root Config, Docs, Misc","PowerShell Script",".ps1","761","35750","34.91","A52181EDAE74E05830778E58DE9739A0BB7D4F1195AA8A15C4B21A5F42A5A58C","False","2026-07-09 13:53:10"
"Apply-M1-07-AssistantMatrix.ps1","07_Tools_Validation_Misc","Tools, Validation Scripts, Root Config, Docs, Misc","PowerShell Script",".ps1","203","11177","10.92","8837165D4927088707A4F5EA39E749F9A36F403A675B24BDDE923E3A0BA66C53","False","2026-07-10 09:38:40"
"Apply-M1-08-GlobalPhaseEradication.ps1","07_Tools_Validation_Misc","Tools, Validation Scripts, Root Config, Docs, Misc","PowerShell Script",".ps1","494","27516","26.87","81C94ECA36CFF01A0E7A52D310BD095D4B2CA648EB2C5957D3D748ADAC637B86","False","2026-07-09 10:15:47"
"Apply-M1-08-PhaseRouteRename.ps1","07_Tools_Validation_Misc","Tools, Validation Scripts, Root Config, Docs, Misc","PowerShell Script",".ps1","515","27344","26.7","8840FB7772C68DEA5CEFD1F7D7852825C38B0258AF1BD9D4E215D576ECCE4161","False","2026-07-09 10:05:14"
"Apply-M1-09-BackendMojibake.ps1","07_Tools_Validation_Misc","Tools, Validation Scripts, Root Config, Docs, Misc","PowerShell Script",".ps1","359","17340","16.93","C26E7FABA01591732C3CC2D04B12FC249B20FFA767025E9B8C0D59E7A3E88B96","False","2026-07-10 09:00:14"
"Apply-M1-10-LogPanelSearchAndSystemLog.ps1","07_Tools_Validation_Misc","Tools, Validation Scripts, Root Config, Docs, Misc","PowerShell Script",".ps1","660","29713","29.02","7C7E658CCE3662C46755153997070CCA8044669BA577D6A15CDD7F8D16C1300B","False","2026-07-09 14:19:47"
"Apply-M1-11-AssistantChain.ps1","07_Tools_Validation_Misc","Tools, Validation Scripts, Root Config, Docs, Misc","PowerShell Script",".ps1","657","29458","28.77","069752A95155F79CF2918C148353981EFCE977449E0DC10616833617F6B7BEDE","False","2026-07-09 14:10:22"
"Apply-M1CompletionPack.ps1","07_Tools_Validation_Misc","Tools, Validation Scripts, Root Config, Docs, Misc","PowerShell Script",".ps1","503","30843","30.12","EB5C06D59EDE4BE6689A6E84164DF95C51F05C85025F89C9E7C2530F09BD87AE","False","2026-07-05 15:44:33"
"Apply-MappingConstantValues.ps1","07_Tools_Validation_Misc","Tools, Validation Scripts, Root Config, Docs, Misc","PowerShell Script",".ps1","73","4030","3.94","06ADAA6B4BFC892F4346DDA715CBABEDD09A4C4A2FCF4BDC8070D21CFF31E293","False","2026-07-12 15:31:18"
"Apply-NightLoggingPack.ps1","07_Tools_Validation_Misc","Tools, Validation Scripts, Root Config, Docs, Misc","PowerShell Script",".ps1","434","25480","24.88","0743BEF46FFA3AE33567CDE643028C7FD86D0B134CE032C784A8FDB6E1AF4F4C","False","2026-07-05 15:21:30"
"Apply-Phase2-MatrixFix.ps1","07_Tools_Validation_Misc","Tools, Validation Scripts, Root Config, Docs, Misc","PowerShell Script",".ps1","91","4614","4.51","FEA2FD4BB8D4D90425BF729D9637244457CA3DEEE90F938245723A7E0F28C284","False","2026-07-08 16:43:25"
"Apply-Phase3-BusinessKeyTableCollision.ps1","07_Tools_Validation_Misc","Tools, Validation Scripts, Root Config, Docs, Misc","PowerShell Script",".ps1","206","10923","10.67","909CDCC20C602DF174133603AB71340E88D341F4ADC06021C47711EB91A621EF","False","2026-07-09 13:01:25"
"Apply-Phase3-SeedGenealogyWeights.ps1","07_Tools_Validation_Misc","Tools, Validation Scripts, Root Config, Docs, Misc","PowerShell Script",".ps1","250","12930","12.63","FCF7139526A0B2E4CEF959B352630E78A1881ED57FA99F3B9ABD387E324D485C","False","2026-07-09 13:29:50"
"Apply-Phase3-SeedSchemaDrift.ps1","07_Tools_Validation_Misc","Tools, Validation Scripts, Root Config, Docs, Misc","PowerShell Script",".ps1","230","11781","11.5","1EA3F8C348870B7445C4BD30ABCD845C4C83D2667BE4BEEF337B707B2A18AFD8","False","2026-07-09 13:21:02"
"Apply-PPIQ-Public-Collateral.ps1","07_Tools_Validation_Misc","Tools, Validation Scripts, Root Config, Docs, Misc","PowerShell Script",".ps1","3135","120357","117.54","88A581F1D90C47C7804270197C46E67A235D07390A0F5BE9E2A62660D7950588","False","2026-06-18 11:43:37"
"Apply-RetireArchBLadderEndpoints.ps1","07_Tools_Validation_Misc","Tools, Validation Scripts, Root Config, Docs, Misc","PowerShell Script",".ps1","71","4347","4.25","0A9610E62FCC58E248946A82EC05B49F792B64BE222A39CF1B96FB2559CC351B","False","2026-07-12 19:21:26"
"Apply-RoleAccessMap-Truth.ps1","07_Tools_Validation_Misc","Tools, Validation Scripts, Root Config, Docs, Misc","PowerShell Script",".ps1","362","19317","18.86","465DCDC24F7520C547F8281D362470F3C93BD8DD91D5917997A05AC0D711A1DE","False","2026-07-09 14:42:08"
"Apply-ScheduleBoardOrderingFix.ps1","07_Tools_Validation_Misc","Tools, Validation Scripts, Root Config, Docs, Misc","PowerShell Script",".ps1","91","4611","4.5","024DD2B9725C815F280FB0CBC0B8D769BB88E6DE1A3194B545E124BDFAEFC0A7","False","2026-07-12 14:31:38"
"Apply-SessionA-PlantThroughPipeline.ps1","07_Tools_Validation_Misc","Tools, Validation Scripts, Root Config, Docs, Misc","PowerShell Script",".ps1","46","3619","3.53","518848ED8729812CDA9B9BC2ED1CC924C88FC37229B2CC0200A58A053237F571","False","2026-07-08 11:13:18"
"Apply-SixConnectorsRealize.ps1","07_Tools_Validation_Misc","Tools, Validation Scripts, Root Config, Docs, Misc","PowerShell Script",".ps1","140","10563","10.32","A9D62AB026185E64A2B7587109D4B032E99F263DFCC92AAE4920EA7C2137CCB9","False","2026-07-06 11:52:53"
"Apply-Step1-MojibakeRepair.ps1","07_Tools_Validation_Misc","Tools, Validation Scripts, Root Config, Docs, Misc","PowerShell Script",".ps1","342","15391","15.03","82A39DE2E70C61B2C07AE3F968E57D1C2620E7558BE81C98BCF3623F6C16EA27","False","2026-07-09 10:48:11"
"Apply-Step2-DeepDephase.ps1","07_Tools_Validation_Misc","Tools, Validation Scripts, Root Config, Docs, Misc","PowerShell Script",".ps1","452","25204","24.61","D842FCEFED649C3FAC5B04A926A1EBDD23E89A857DAA69D409BB0E364E91D43C","False","2026-07-09 11:05:49"
"Apply-Step3a-PageHeaderAndStatGrid.ps1","07_Tools_Validation_Misc","Tools, Validation Scripts, Root Config, Docs, Misc","PowerShell Script",".ps1","600","26818","26.19","121D6F6E2B322B4FEE2E96A20BE8C6C272FB677A1702A6CE07ABC3AA002008F9","False","2026-07-09 11:23:11"
"Apply-Step3b-HonestyAndCleanup.ps1","07_Tools_Validation_Misc","Tools, Validation Scripts, Root Config, Docs, Misc","PowerShell Script",".ps1","454","23578","23.03","12889E5CC536D035630E893D20BAEBDE066D3016C90133477ACF119C8CEA8625","False","2026-07-09 11:33:36"
"Backend\.dockerignore","07_Tools_Validation_Misc","Tools, Validation Scripts, Root Config, Docs, Misc","Other Text File",".dockerignore","22","369","0.36","039511EA47CAB460811FD437E832358B1D4A0DC660D6F1904B55A9D34F82FBDD","False","2026-05-19 14:40:34"
"Backend\.env.example","07_Tools_Validation_Misc","Tools, Validation Scripts, Root Config, Docs, Misc","Environment Config",".example","36","1047","1.02","B0A963ECC5A587B50BC30BB12B3E87189242B957B2EE6B9C130F792FD799653B","True","2026-06-04 12:08:49"
"Backend\.gitignore","07_Tools_Validation_Misc","Tools, Validation Scripts, Root Config, Docs, Misc","Other Text File",".gitignore","16","212","0.21","F51AEB3F1DB5C5964761D5F1845F6ABA59BEBD8A9C1E2550D423173A4580E6A1","False","2026-06-06 08:32:43"
"Backend\coverlet.runsettings","07_Tools_Validation_Misc","Tools, Validation Scripts, Root Config, Docs, Misc","Other Text File",".runsettings","22","662","0.65","A52C5AA9FA5DF861EA7F39F11B1312C3FF18F1825EDE63F00236C546403B47AB","False","2026-05-20 10:32:46"
"Backend\tools\Apply-T039-DemoGenerator.ps1","07_Tools_Validation_Misc","Tools, Validation Scripts, Root Config, Docs, Misc","Tooling Script",".ps1","421","18481","18.05","658A652BED43B14D059768A92DF1530FF2538E5EF94EC56DDC8B80B5FABDBDE4","False","2026-06-16 10:40:32"
"Backend\tools\generate_demo_dataset.py","07_Tools_Validation_Misc","Tools, Validation Scripts, Root Config, Docs, Misc","Tooling Script",".py","373","16230","15.85","9023D791C95CE153E6484737152320102E2015106F6C6C883684AC68768D1B16","False","2026-06-12 19:41:46"
"Backend\tools\generate_synthetic_insert_writers.py","07_Tools_Validation_Misc","Tools, Validation Scripts, Root Config, Docs, Misc","Tooling Script",".py","233","8022","7.83","004050F1212C820B9A442046212DAB772D2B964619D847948FBA343C6CCAA42F","False","2026-05-24 13:57:55"
"Backend\tools\generate_synthetic_plantprocessiq.py","07_Tools_Validation_Misc","Tools, Validation Scripts, Root Config, Docs, Misc","Tooling Script",".py","146","7076","6.91","527DBE74CE58B028ADCB3E1F595A3DBCE7B0DFE636C718C8BA205F1AAFAA0C4A","False","2026-05-11 13:21:23"
"Backend\tools\GenerateDeepAudit.ps1","07_Tools_Validation_Misc","Tools, Validation Scripts, Root Config, Docs, Misc","Tooling Script",".ps1","236","10339","10.1","8EEF61904DBF0DC8C74C2BD7AFB987275AD3EE8772287D2F4F17B72116802EA5","False","2026-05-12 18:15:54"
"Backend\tools\GenerateProjectDocumentation.ps1","07_Tools_Validation_Misc","Tools, Validation Scripts, Root Config, Docs, Misc","Tooling Script",".ps1","236","6663","6.51","AA1C08D12CDAA3FE5D3CF48DE77099C49EE030865A68A0277F2F0DD2B126DB4F","False","2026-05-10 08:41:01"
"Backend\tools\GenerateProjectDocumentation_Advanced - BackendOnly.ps1","07_Tools_Validation_Misc","Tools, Validation Scripts, Root Config, Docs, Misc","Tooling Script",".ps1","675","21907","21.39","717C86A022208487F530E33FC15AC5B906A9A9F601AC50B69225AD30F52CA2BF","False","2026-05-10 18:31:11"
"Backend\tools\GenerateProjectDocumentation_Advanced.ps1","07_Tools_Validation_Misc","Tools, Validation Scripts, Root Config, Docs, Misc","Tooling Script",".ps1","964","32936","32.16","3E42C6F9965ACE4DC3F669C336EBF9D3B16400544DB34BD6632B3EE7E67FE9B2","False","2026-05-11 15:14:57"
"Backend\tools\phase0\Invoke-Phase0Phase1SmokeTests.ps1","07_Tools_Validation_Misc","Tools, Validation Scripts, Root Config, Docs, Misc","Tooling Script",".ps1","397","13961","13.63","3897B610F501B8CCDED3C80F68768372303D93CD5928F34B11A0D5189737234D","False","2026-05-16 08:43:39"
"Backend\tools\phase0\README.md","07_Tools_Validation_Misc","Tools, Validation Scripts, Root Config, Docs, Misc","Tooling Script",".md","268","8597","8.4","F8F6670B55C5BF098C05386ECD93CD301CDE408EDC2C2ED445FAA9057B936480","False","2026-05-30 07:54:45"
"Backend\tools\phase0\Test-ApiBaseline.ps1","07_Tools_Validation_Misc","Tools, Validation Scripts, Root Config, Docs, Misc","Tooling Script",".ps1","142","3826","3.74","2132DC95FCFB6E14FF7E3C9834E16F95524A6C8008FDCAFB12EC82E380BF994D","False","2026-05-10 18:31:11"
"Backend\tools\phase0\Validate-Phase0.ps1","07_Tools_Validation_Misc","Tools, Validation Scripts, Root Config, Docs, Misc","Tooling Script",".ps1","86","2784","2.72","0BB6D7348050152F1E7BC7C72E07CE46F246FC90D2D9A3FF3DD3CE20B55E8273","False","2026-05-18 23:19:15"
"Backend\tools\validate-sprint6-tasks-4-8.ps1","07_Tools_Validation_Misc","Tools, Validation Scripts, Root Config, Docs, Misc","Tooling Script",".ps1","198","6924","6.76","A6E5380D66BA0DC64E5DCDA98F48042952B163DAFF444C7E81977489327C510F","False","2026-05-31 13:07:14"
"Backend\tools\validation\Validate-Dimension5-Dimension8.ps1","07_Tools_Validation_Misc","Tools, Validation Scripts, Root Config, Docs, Misc","Tooling Script",".ps1","179","6582","6.43","51DA601465EBC056EADE4EA5E96DE407BFBCED86E6161EC5E34B93014E5CCCD6","False","2026-05-21 14:49:55"
"Backend\tools\verify_demo_dataset.py","07_Tools_Validation_Misc","Tools, Validation Scripts, Root Config, Docs, Misc","Tooling Script",".py","45","2222","2.17","077104E822B737D47FD8559683E188FC482F5789F85343A639F7C605BF224793","False","2026-06-15 06:40:39"
"Collect-M1-06-Sources.ps1","07_Tools_Validation_Misc","Tools, Validation Scripts, Root Config, Docs, Misc","PowerShell Script",".ps1","164","7528","7.35","7098E7BEA2891804F27DB3E5DD7C3386DFE0E6B937916F42BF918CBF7123E087","False","2026-07-09 12:50:39"
"Collect-M1-11-and-M1-10.ps1","07_Tools_Validation_Misc","Tools, Validation Scripts, Root Config, Docs, Misc","PowerShell Script",".ps1","180","8055","7.87","C5AA0381B2CA732A58CD37181150CFAAA53B33D4C11FE451614B9B77D5EF6C0F","False","2026-07-09 14:05:40"
"Collect-PhaseDirs-Recon.ps1","07_Tools_Validation_Misc","Tools, Validation Scripts, Root Config, Docs, Misc","PowerShell Script",".ps1","148","6522","6.37","D72EC04FBB1461DB24EB6F33F0981ABC9E22B2D8988CA2559647BB93D12B70DB","False","2026-07-09 11:40:35"
"Collect-Step3b-Sources.ps1","07_Tools_Validation_Misc","Tools, Validation Scripts, Root Config, Docs, Misc","PowerShell Script",".ps1","77","3495","3.41","3589C215B765269A1EB526BD45D1ACCF6C236940B9BEACB8FF7CA801BFA24BA8","False","2026-07-09 11:25:25"
"Collect-Step3-Sources.ps1","07_Tools_Validation_Misc","Tools, Validation Scripts, Root Config, Docs, Misc","PowerShell Script",".ps1","76","3230","3.15","BD2DC5C5482811833276621F4E7910E708DA22CD7EF761570BCD1857EE0ECA31","False","2026-07-09 11:13:03"
"deploy\.env.example","07_Tools_Validation_Misc","Tools, Validation Scripts, Root Config, Docs, Misc","Environment Config",".example","6","263","0.26","CF1FA9BBE937575AFD99FB39758BF391D522E1E7925D7B486F414EEAFC4C0498","True","2026-06-06 08:50:51"
"deploy\airgap\egress-deny-test.ps1","07_Tools_Validation_Misc","Tools, Validation Scripts, Root Config, Docs, Misc","PowerShell Script",".ps1","11","422","0.41","30EC972C5E91808F77016A71FA77A82E4FD89D32882A32B64B7C8509C6AE526D","False","2026-06-03 14:22:44"
"deploy\airgap\IMAGE_MANIFEST.lock","07_Tools_Validation_Misc","Tools, Validation Scripts, Root Config, Docs, Misc","Other Text File",".lock","7","270","0.26","1C508B598B4C7BB0F0E011466E454BF9A0A242430A8F3414708CDA6A31954332","False","2026-06-03 14:22:44"
"deploy\airgap\install-airgap.ps1","07_Tools_Validation_Misc","Tools, Validation Scripts, Root Config, Docs, Misc","PowerShell Script",".ps1","26","671","0.66","63108776248B1F6A568B0EF1241BE214B85659F1D4E551BAB69E3AEFA0350E20","False","2026-06-06 08:50:51"
"deploy\airgap\preflight-airgap.ps1","07_Tools_Validation_Misc","Tools, Validation Scripts, Root Config, Docs, Misc","PowerShell Script",".ps1","28","718","0.7","7089295109BE2D57AC1C2868B145CB26208919AE260834C8FDD91C48BAB93A33","False","2026-06-03 14:22:44"
"deploy\airgap\SIZING_TIERS.md","07_Tools_Validation_Misc","Tools, Validation Scripts, Root Config, Docs, Misc","Markdown Documentation",".md","22","497","0.49","5870590399782D3FB8FB49BE48896B005F585BF5D4857F40B7C278BACE602449","False","2026-06-03 14:22:44"
"deploy\build-info.json","07_Tools_Validation_Misc","Tools, Validation Scripts, Root Config, Docs, Misc","JSON Configuration",".json","9","297","0.29","BC7627FB8D80BDEDD3C6757E597A8745F3B58FABD5390F7D8DAE9863B705E865","False","2026-06-10 11:30:22"
"deploy\caddy\README.md","07_Tools_Validation_Misc","Tools, Validation Scripts, Root Config, Docs, Misc","Markdown Documentation",".md","30","753","0.74","969E15F7042313496B6A19E38D590E1BB51C6831638184C1C9727A2B78E2C8FE","False","2026-06-10 12:12:30"
"deploy\ci\phase01-acceptance.md","07_Tools_Validation_Misc","Tools, Validation Scripts, Root Config, Docs, Misc","Markdown Documentation",".md","29","1550","1.51","625E21F2707B1B835D95DB4FA2D5F9FC081FF08721CC42397CE5AA68FF61B62B","False","2026-06-16 09:51:21"
"deploy\ci\post-deploy-smoke.sh","07_Tools_Validation_Misc","Tools, Validation Scripts, Root Config, Docs, Misc","Shell Script",".sh","32","1195","1.17","141A58E18143B5756A48388B52B02FF3CD25FFC0343BF4D83973A74FAB2017D7","False","2026-06-08 23:41:35"
"deploy\ci\README.md","07_Tools_Validation_Misc","Tools, Validation Scripts, Root Config, Docs, Misc","Markdown Documentation",".md","5","177","0.17","88C728C2332D92E2010DDB0779242963C9F29F7A6A40191DD1E29A5C3E144FEA","False","2026-06-04 12:23:43"
"deploy\compose\.env.dev","07_Tools_Validation_Misc","Tools, Validation Scripts, Root Config, Docs, Misc","Environment Config",".dev","69","3910","3.82","C5491E077F532721F41B3B29A03F4BE9A3F9D99AA0C8F97FDEDCA9BBC33F9A52","True","2026-06-22 19:12:32"
"deploy\compose\.env.example","07_Tools_Validation_Misc","Tools, Validation Scripts, Root Config, Docs, Misc","Environment Config",".example","45","2302","2.25","15F9733C8DE8A4CFECD28C4F3872C117CA366852B83B71E75BAE73B97B3658F1","True","2026-06-13 08:51:58"
"deploy\compose\docker-compose.ci.yml","07_Tools_Validation_Misc","Tools, Validation Scripts, Root Config, Docs, Misc","Docker Compose",".yml","16","555","0.54","CFCAD15AE1C5F7DA784DD210CD3D0BEC3CB4A91699CF08D5383AF2BE5AE2F93A","True","2026-06-16 08:39:04"
"deploy\compose\docker-compose.edge-agent.yml","07_Tools_Validation_Misc","Tools, Validation Scripts, Root Config, Docs, Misc","Docker Compose",".yml","20","444","0.43","B846D853FD1BFD9BCEF579409949A1358E4DD0A48FEF04CF2036ADD214E19702","True","2026-06-06 16:00:49"
"deploy\compose\docker-compose.local.yml","07_Tools_Validation_Misc","Tools, Validation Scripts, Root Config, Docs, Misc","Docker Compose",".yml","21","872","0.85","74DDA373D73A8D759AC71C576188146E2FB806E0BBA3CC3E3DA7B6A1DB0ED683","True","2026-06-16 08:39:04"
"deploy\compose\docker-compose.server.yml","07_Tools_Validation_Misc","Tools, Validation Scripts, Root Config, Docs, Misc","Docker Compose",".yml","34","1198","1.17","3FC7D5D87484EE52BEA1EBB7D8BAFEC39FA2274E0E861B9143D49D6EA216D92B","True","2026-07-05 22:12:52"
"deploy\compose\docker-compose.sources.yml","07_Tools_Validation_Misc","Tools, Validation Scripts, Root Config, Docs, Misc","Docker Compose",".yml","173","6401","6.25","732E64F5F6431FA63F6677025AB3DE864756A6D82222351FE7C91F8848944C3C","True","2026-06-16 10:40:31"
"deploy\compose\docker-compose.yml","07_Tools_Validation_Misc","Tools, Validation Scripts, Root Config, Docs, Misc","Docker Compose",".yml","99","4117","4.02","5ACFF5F43D5C860BFD99BC13879CE12540908C9B913AF50C39E857068F0D0269","True","2026-07-05 22:12:52"
"deploy\compose\env\.env.customer-template.example","07_Tools_Validation_Misc","Tools, Validation Scripts, Root Config, Docs, Misc","Environment Config",".example","18","780","0.76","178DEB9313115B05FF196C5CDAEDF93800B05150A189286BE076B057B6FCFEEA","True","2026-06-10 12:12:30"
"deploy\compose\env\.env.local-native-main-db.example","07_Tools_Validation_Misc","Tools, Validation Scripts, Root Config, Docs, Misc","Environment Config",".example","22","836","0.82","B9B8679C8D75DF8B614692DA5A096A2CB8D58D274BDD66B54ECA8A6B1B8F08C3","True","2026-06-10 13:15:11"
"deploy\compose\env\.env.query-preview-readonly.example","07_Tools_Validation_Misc","Tools, Validation Scripts, Root Config, Docs, Misc","Environment Config",".example","7","502","0.49","9D50424D2979DD6DB501B1A80A44659B70D1DA8D07027B710400A8B3AA18381F","True","2026-06-10 13:33:59"
"deploy\compose\env\.env.server-docker-main-db.example","07_Tools_Validation_Misc","Tools, Validation Scripts, Root Config, Docs, Misc","Environment Config",".example","22","692","0.68","2C17E7A41759873255BE53C57CB56653322C7A6523A28B73CEC20564A35ACBDC","True","2026-06-10 12:12:30"
"deploy\compose\README.md","07_Tools_Validation_Misc","Tools, Validation Scripts, Root Config, Docs, Misc","Markdown Documentation",".md","49","1450","1.42","3A5595C71C7D84D016B60ADA4E77538A829C8B46CA79500A0DBCA35F221FC482","False","2026-06-16 09:51:21"
"deploy\demo-sources\README.md","07_Tools_Validation_Misc","Tools, Validation Scripts, Root Config, Docs, Misc","Demo Source / Seed",".md","7","284","0.28","030AF8A2972E407A809B0E281EF1DF15A1404152FBA0A8E53C8F2E22F87A0A09","False","2026-06-04 12:23:42"
"deploy\dr\backup.ps1","07_Tools_Validation_Misc","Tools, Validation Scripts, Root Config, Docs, Misc","PowerShell Script",".ps1","28","795","0.78","1BDF29E10067AFBD6CB8A273FA92DB720B2696179DDB2FE6B6B2AC7303E4CBB2","False","2026-06-03 14:22:45"
"deploy\dr\ha-reference-compose.yml","07_Tools_Validation_Misc","Tools, Validation Scripts, Root Config, Docs, Misc","YAML Configuration",".yml","27","933","0.91","0DFF9668C8C90A00F4801307D1B4A2C8080570698E942F26E6F69C389DB3EB13","False","2026-06-06 08:50:51"
"deploy\dr\restore.ps1","07_Tools_Validation_Misc","Tools, Validation Scripts, Root Config, Docs, Misc","PowerShell Script",".ps1","14","423","0.41","50D4B6902455D843344AFB91290D96EB51375B854C8042DC57F422E72F5F4A64","False","2026-06-03 14:22:45"
"deploy\dr\RPO_RTO_RUNBOOK.md","07_Tools_Validation_Misc","Tools, Validation Scripts, Root Config, Docs, Misc","Markdown Documentation",".md","43","742","0.72","6718A61D62DF6438A660ED0C993A5EB7D8D21F98D7CB293E293D1D9C72691950","False","2026-06-03 14:25:42"
"deploy\edge-agent\.env.edge-agent.template","07_Tools_Validation_Misc","Tools, Validation Scripts, Root Config, Docs, Misc","Environment Config",".template","8","327","0.32","EA4FE82E0AAF92C132AC2D0343121EFAF8B16ECB98BA711663D3ECFA2358F2DF","True","2026-06-06 16:00:49"
"deploy\edge-agent\README_EDGE_AGENT_DEPLOYMENT.md","07_Tools_Validation_Misc","Tools, Validation Scripts, Root Config, Docs, Misc","Markdown Documentation",".md","37","1271","1.24","F7F2EFA591D7ACBA980239B3BCB163C144CD30805CB231CEDDE879887501AACA","False","2026-06-06 16:00:49"
"deploy\export\export-open-format.ps1","07_Tools_Validation_Misc","Tools, Validation Scripts, Root Config, Docs, Misc","PowerShell Script",".ps1","43","1179","1.15","F6AE1A02E4D8B1AA4CE35C90BEE76180F0CB2D50AAAF5AFD4CDAEBA5AF611E1E","False","2026-06-03 14:25:42"
"deploy\export\open-format-manifest.schema.json","07_Tools_Validation_Misc","Tools, Validation Scripts, Root Config, Docs, Misc","JSON Configuration",".json","39","994","0.97","C90F7BD9A6590FEF376F3BF41BE8553233A3C703F195D24A4FEB206C3A77BC9E","False","2026-06-03 14:25:42"
"deploy\fixtures\license\dev_private.pem","07_Tools_Validation_Misc","Tools, Validation Scripts, Root Config, Docs, Misc","Other Text File",".pem","3","119","0.12","0E827DDD729A686513702DA2E870567C169CA7C1F6B4BEAC4DAD0C7A3BEFE2C8","False","2026-06-16 19:06:04"
"deploy\fixtures\license\dev_public.b64","07_Tools_Validation_Misc","Tools, Validation Scripts, Root Config, Docs, Misc","Other Text File",".b64","1","45","0.04","01A2B5F2949492F85836F531C0417E00BE3F8F969D8EBE4D768C0CE1CFDDE243","False","2026-06-16 19:14:26"
"deploy\fixtures\license\dev_public.pem","07_Tools_Validation_Misc","Tools, Validation Scripts, Root Config, Docs, Misc","Other Text File",".pem","3","113","0.11","D9DC291CEA1BD0848DD8FC742317E139DD748857BEA47FE1432AC62F189523A5","False","2026-06-16 19:14:26"
"deploy\fixtures\license\enterprise.token","07_Tools_Validation_Misc","Tools, Validation Scripts, Root Config, Docs, Misc","Other Text File",".token","1","456","0.45","985F113F4B4B00732603CE138FD871CD367C6A3F83B0BCEA7457383DE3DFB872","False","2026-06-16 19:14:26"
"deploy\fixtures\license\light.token","07_Tools_Validation_Misc","Tools, Validation Scripts, Root Config, Docs, Misc","Other Text File",".token","1","443","0.43","A1F32FA9B96CA5ADCA9D4B29A4FA792C44BC88155425AD40EA270A0F94972ED9","False","2026-06-16 19:14:26"
"deploy\fixtures\license\manifest.json","07_Tools_Validation_Misc","Tools, Validation Scripts, Root Config, Docs, Misc","JSON Configuration",".json","35","851","0.83","C9C098CCEC344AE2CCDB508098F6D7474922F7AEDC4C6BB2D46ECC1D1B7050E0","False","2026-06-16 19:14:26"
"deploy\fixtures\license\pro.token","07_Tools_Validation_Misc","Tools, Validation Scripts, Root Config, Docs, Misc","Other Text File",".token","1","437","0.43","83482AB39CAF1DF1952944B44839EAE979312C0AA53455AD67BFE30AE1E727C7","False","2026-06-16 19:14:26"
"deploy\fixtures\license\proplus.token","07_Tools_Validation_Misc","Tools, Validation Scripts, Root Config, Docs, Misc","Other Text File",".token","1","448","0.44","779B8A16614D38FF2AB0239E37495BCACBB3EF157A9D80F3A78464EE4953DA32","False","2026-06-16 19:14:26"
"deploy\identity\keycloak-reference-compose.yml","07_Tools_Validation_Misc","Tools, Validation Scripts, Root Config, Docs, Misc","YAML Configuration",".yml","16","334","0.33","A22A61E439CE153E449E9A78CF0CC78A8E9F7E2D8A795CB0B5AFCAB2A506524C","False","2026-06-03 15:04:09"
"deploy\local\README.md","07_Tools_Validation_Misc","Tools, Validation Scripts, Root Config, Docs, Misc","Markdown Documentation",".md","10","356","0.35","6B6DFAD4B2A02114C03E3952B503E90E7B73F5A277F76044159F44EC5509CEE7","False","2026-06-04 12:23:42"
"deploy\README.md","07_Tools_Validation_Misc","Tools, Validation Scripts, Root Config, Docs, Misc","Markdown Documentation",".md","41","1558","1.52","E02AD42A3DF2CE2393A6ACB8E5733AD76F89C7CA7D66027024846BFA51811140","False","2026-06-16 09:51:21"
"deploy\scripts\ci-e2e-stack.sh","07_Tools_Validation_Misc","Tools, Validation Scripts, Root Config, Docs, Misc","Shell Script",".sh","40","1673","1.63","170B52C841BED088659F75554F08F1C83EC91C9C2C4F5A2DA9DABED35B723CDF","False","2026-06-25 14:06:45"
"deploy\scripts\ci-test-db.sh","07_Tools_Validation_Misc","Tools, Validation Scripts, Root Config, Docs, Misc","Shell Script",".sh","79","4316","4.21","6D2A268C86D123D321739030E210C9203E1C1B7106943A17D2C557E3EA123656","False","2026-06-25 15:03:03"
"deploy\scripts\deploy-canonical.sh","07_Tools_Validation_Misc","Tools, Validation Scripts, Root Config, Docs, Misc","Shell Script",".sh","48","1949","1.9","CD0EE96C49814ECB9695BED20110F8990B149AE294D8362C152563E988D648E7","False","2026-07-10 11:48:49"
"deploy\scripts\Ensure-RuntimeEnv.ps1","07_Tools_Validation_Misc","Tools, Validation Scripts, Root Config, Docs, Misc","PowerShell Script",".ps1","33","3109","3.04","09A43AE689E1C9147F9A1AB83FCB4CB02A271A9DDEA5825599D5E3DFB5948F65","False","2026-06-25 14:19:18"
"deploy\scripts\ensure-runtime-env.sh","07_Tools_Validation_Misc","Tools, Validation Scripts, Root Config, Docs, Misc","Shell Script",".sh","51","4688","4.58","6E3E09D615878992ACB48F082964DDD68B8360D28C46E50DD3F3668572F965A6","False","2026-06-28 16:33:10"
"deploy\scripts\gen-dev-license.ps1","07_Tools_Validation_Misc","Tools, Validation Scripts, Root Config, Docs, Misc","PowerShell Script",".ps1","43","2478","2.42","78BE472334DBB13B807D317F6931044FAF1BFE0E8F59944D36D2BBE63199088E","False","2026-06-16 19:14:25"
"deploy\scripts\gen-ed25519-license.mjs","07_Tools_Validation_Misc","Tools, Validation Scripts, Root Config, Docs, Misc","JavaScript Source",".mjs","79","4044","3.95","2414A23FB5EC4F706F4778AFAD1640C3074E62F8D5A88E871E3FEB789586F96A","False","2026-06-16 19:14:25"
"deploy\scripts\migrate-and-seed.sh","07_Tools_Validation_Misc","Tools, Validation Scripts, Root Config, Docs, Misc","Shell Script",".sh","116","5932","5.79","962DE0B75DDED0B4BBE2059662BB94B324471CFBFE4F7C1916EFE04E00EF72E3","False","2026-06-26 12:25:21"
"deploy\scripts\phase1-proof.sh","07_Tools_Validation_Misc","Tools, Validation Scripts, Root Config, Docs, Misc","Shell Script",".sh","24","827","0.81","0AA86B8F58760C5A8BF2F2D0E7F653CDCA4BA08AD950FDC081B9DE983D4C352D","False","2026-06-12 21:21:08"
"deploy\scripts\ppiq.ps1","07_Tools_Validation_Misc","Tools, Validation Scripts, Root Config, Docs, Misc","PowerShell Script",".ps1","396","21264","20.77","9B2F9E6C29FD283F0B57D35A93FA540CE1A8F84186331CD84DDD79DBC4AE9DCD","False","2026-06-29 15:02:05"
"deploy\scripts\ppiq-matrix.ps1","07_Tools_Validation_Misc","Tools, Validation Scripts, Root Config, Docs, Misc","PowerShell Script",".ps1","158","8456","8.26","36FC8F634CB051A55B66B8077966484719B3B3197A587F45E58F5C304456FA57","False","2026-06-17 12:00:36"
"deploy\scripts\presentation-smoke.sh","07_Tools_Validation_Misc","Tools, Validation Scripts, Root Config, Docs, Misc","Shell Script",".sh","38","1968","1.92","57115FEE6350CAD20378617CB0C42C1253B8E38D61E6521B33689C444A578CC5","False","2026-06-26 12:17:48"
"deploy\scripts\sweep-stale.sh","07_Tools_Validation_Misc","Tools, Validation Scripts, Root Config, Docs, Misc","Shell Script",".sh","21","889","0.87","AA9B07E8FBE6A549C4A02013B6CF88637AD606D921DFDF9DB2E4032EB9DE5D32","False","2026-06-13 00:03:39"
"deploy\server\.env.example","07_Tools_Validation_Misc","Tools, Validation Scripts, Root Config, Docs, Misc","Environment Config",".example","96","3691","3.6","FB4947FC90FD0D5032ABEE807504F786408F2A996FCDAA68BE51A58D44736D00","True","2026-06-06 08:50:51"
"deploy\server\.env.production","07_Tools_Validation_Misc","Tools, Validation Scripts, Root Config, Docs, Misc","Environment Config",".production","93","4079","3.98","A0504930F8E51982239C1266785C127FF6E0A17D3425DB3F19B411B0F46EA35A","True","2026-06-01 13:56:05"
"deploy\server\apply-server-db-scripts.sh","07_Tools_Validation_Misc","Tools, Validation Scripts, Root Config, Docs, Misc","Shell Script",".sh","33","1256","1.23","A70D1C777063D984033F5FEDD2D4C9A27CB127478B073B812370E3FDCF9ED67F","False","2026-05-31 10:07:49"
"deploy\server\clean-machine-to-login.ps1","07_Tools_Validation_Misc","Tools, Validation Scripts, Root Config, Docs, Misc","PowerShell Script",".ps1","317","9192","8.98","982B85767E32D0A9A1DE36724426B8E5653E40E3CE0973888D9CB73C39E0851C","False","2026-06-16 09:51:21"
"deploy\server\converge-canonical-stack.sh","07_Tools_Validation_Misc","Tools, Validation Scripts, Root Config, Docs, Misc","Shell Script",".sh","54","2468","2.41","6ECA2B8F3F467F9B7A3F25C049672F7B20FFB08E5D06724B878F52A1B5799D03","False","2026-06-12 21:13:55"
"deploy\server\harden-postgres-private-network.sh","07_Tools_Validation_Misc","Tools, Validation Scripts, Root Config, Docs, Misc","Shell Script",".sh","22","638","0.62","4A23E3A35B3A75787D84D81157C10FCBB430DD00A5BD0059B32B3BE0CB7CDE49","False","2026-06-07 14:15:57"
"deploy\server\probe-canonical.sh","07_Tools_Validation_Misc","Tools, Validation Scripts, Root Config, Docs, Misc","Shell Script",".sh","38","1864","1.82","9E4EB1FF9C2554A0C7546F84C84A2301CBD10E304C517A1EC6E9F3C86E16EAF1","False","2026-06-12 21:13:55"
"deploy\server\README.md","07_Tools_Validation_Misc","Tools, Validation Scripts, Root Config, Docs, Misc","Markdown Documentation",".md","79","2770","2.71","E89B24A819370DCD4E2145DD1E9226A1AC296F8897BC565F74D98255D5E8712C","False","2026-06-16 09:51:21"
"deploy\server\rotate-postgres-password.sh","07_Tools_Validation_Misc","Tools, Validation Scripts, Root Config, Docs, Misc","Shell Script",".sh","20","758","0.74","0BEA1D77EC32DF869E61E53A4B6CD265AC5D3527CC1F22DE58CBC2711C77BA4A","False","2026-05-31 10:30:39"
"deploy\server\SERVER_DEPLOYMENT_CHECKLIST.md","07_Tools_Validation_Misc","Tools, Validation Scripts, Root Config, Docs, Misc","Markdown Documentation",".md","31","1214","1.19","62263DAFCEC362697E904B38F05108F0E5B1F79DE2382073FF09BF2831327AAA","False","2026-06-04 12:31:15"
"deploy\server\SERVER_DRY_RUN.md","07_Tools_Validation_Misc","Tools, Validation Scripts, Root Config, Docs, Misc","Markdown Documentation",".md","26","1101","1.08","429880985DBB1D74F4D5F8760286625D42A7E6B7F252D79807A3A3423E1D00C2","False","2026-06-04 12:37:07"
"deploy\server\SERVER_RUNBOOK.md","07_Tools_Validation_Misc","Tools, Validation Scripts, Root Config, Docs, Misc","Markdown Documentation",".md","45","1716","1.68","3CF57D1BBD9AEF6E3B9E4134AB14DD31D7F0AD7CD27407C7F0D244BFCABA613D","False","2026-06-04 12:31:14"
"deploy\server\verify-server-exposure.sh","07_Tools_Validation_Misc","Tools, Validation Scripts, Root Config, Docs, Misc","Shell Script",".sh","48","1718","1.68","D3108A6FF1EA04B6BB5A0DD04C37F07E047E83F62CFA9E62800B0B3FB45487E5","False","2026-06-08 23:41:35"
"Diag-CanonicalReadPath.ps1","07_Tools_Validation_Misc","Tools, Validation Scripts, Root Config, Docs, Misc","PowerShell Script",".ps1","81","3503","3.42","F6E024B01DDC5AAB48F27472CBCE0B2649D6B0499A940C1B92819A2B32C3C21C","False","2026-07-12 17:31:01"
"Diag-M1-06-StagingState.ps1","07_Tools_Validation_Misc","Tools, Validation Scripts, Root Config, Docs, Misc","PowerShell Script",".ps1","90","4517","4.41","FC3BE44681AB5BCCB831D6A18FF602168D930120676422477A7C5E088F86278D","False","2026-07-12 17:16:27"
"Diag-M1-07-PlantState.ps1","07_Tools_Validation_Misc","Tools, Validation Scripts, Root Config, Docs, Misc","PowerShell Script",".ps1","94","4476","4.37","1B20ADAD2681F09B7E1342A8B758A93E73153E89180E8D1A3026560B0D9AF27A","False","2026-07-12 21:13:12"
"docs\acquisition\P05_OT_SAFE_ACQUISITION.md","07_Tools_Validation_Misc","Tools, Validation Scripts, Root Config, Docs, Misc","Markdown Documentation",".md","17","685","0.67","F2829DD69A6D03F2989FF4F57E3DD4337F639D3C423D89CF32B20D93498C9411","False","2026-06-04 08:29:01"
"docs\ai\P04_PRIVATE_MODEL_GATEWAY_CISO_CONTROLS.md","07_Tools_Validation_Misc","Tools, Validation Scripts, Root Config, Docs, Misc","Markdown Documentation",".md","19","1038","1.01","008F8C5A6C23FAC88876B0EFF7CD28E800B91CD22FEE3DC3B5A7F28F7870F751","False","2026-06-03 15:24:01"
"docs\analytics\P02_CANONICAL_ANALYTICS_ENGINE.md","07_Tools_Validation_Misc","Tools, Validation Scripts, Root Config, Docs, Misc","Markdown Documentation",".md","16","954","0.93","E927D08D397E216E7A6A0B4C1306AA64EDA9283DC2C01AF6995E9D0C4F225A3B","False","2026-06-04 07:55:19"
"docs\analytics\P03_VALUE_EVIDENCE_HMI.md","07_Tools_Validation_Misc","Tools, Validation Scripts, Root Config, Docs, Misc","Markdown Documentation",".md","16","674","0.66","48C190874C4D4C4014152CE2A14430198C5B4AC2A3EF63766A92DF771BF8D6F3","False","2026-06-04 08:13:20"
"docs\assistant\P04_PRODUCTION_ASSISTANT.md","07_Tools_Validation_Misc","Tools, Validation Scripts, Root Config, Docs, Misc","Markdown Documentation",".md","20","968","0.95","4DC2AB68D0B2A2FDE8BC1ACF8C0521FD63B1EDAD3BA1B42B5A5C4A1D409DA7A1","False","2026-06-04 08:23:04"
"docs\ci\gate-report.json","07_Tools_Validation_Misc","Tools, Validation Scripts, Root Config, Docs, Misc","JSON Configuration",".json","33","938","0.92","C47E4669EEB33DEBE3BB572C89386488E25C35513D45DC8041B6F66FAFA85C99","False","2026-06-06 13:29:19"
"docs\closure\P13_CUSTOMER_ACCEPTANCE_REPORT_TEMPLATE.md","07_Tools_Validation_Misc","Tools, Validation Scripts, Root Config, Docs, Misc","Markdown Documentation",".md","31","544","0.53","7A7E89D1878AF1FAAF563957DF28068B977202F9893A029C3DA4F7D83C978C17","False","2026-06-03 15:16:36"
"docs\closure\PACK_B35_MOSTLY_GREEN_TASK_CLOSURE.md","07_Tools_Validation_Misc","Tools, Validation Scripts, Root Config, Docs, Misc","Markdown Documentation",".md","36","1402","1.37","68556C531B4C72735F98E7F75712B0C0E473241904DA06C685A16A74A6043DDB","False","2026-06-03 15:16:35"
"docs\compliance\CONTROL_EVIDENCE_MATRIX.md","07_Tools_Validation_Misc","Tools, Validation Scripts, Root Config, Docs, Misc","Markdown Documentation",".md","9","481","0.47","39A5D0F008299EE18CB1C88B0C528BEDAAB06C20BB20F14E4DF50A210A9CCE8B","False","2026-06-03 14:25:43"
"docs\connectors\P07_CONNECTOR_RUNTIME_CERTIFICATION.md","07_Tools_Validation_Misc","Tools, Validation Scripts, Root Config, Docs, Misc","Markdown Documentation",".md","24","1298","1.27","EAD888714D5F85310DFEC3FD84D1898293D973FE06455AE7D4274C8A0CC0B4ED","False","2026-06-03 15:21:23"
"docs\demo\canonical-layout.md","07_Tools_Validation_Misc","Tools, Validation Scripts, Root Config, Docs, Misc","Markdown Documentation",".md","28","1298","1.27","E38DE64D7178CC0EBDB4A4F28DF6E80EA86886B3F4E475F99F9833C38C103D82","False","2026-05-31 10:42:05"
"docs\demo\demo-source-systems.md","07_Tools_Validation_Misc","Tools, Validation Scripts, Root Config, Docs, Misc","Markdown Documentation",".md","23","810","0.79","14D477491AC016417E60C58323C42F2AC1BCBD6D7A040BFCD781F86F62C83A5A","False","2026-05-31 10:42:05"
"docs\demo\GroundedAssistant_Framing_V1-43.md","07_Tools_Validation_Misc","Tools, Validation Scripts, Root Config, Docs, Misc","Markdown Documentation",".md","24","1531","1.5","7EC41F98ED28D3395E2B86C533F38BE31908D12904401F5D8342B8079D26C472","False","2026-07-05 15:47:58"
"docs\demo\Rehearsal_Protocol_V1-48.md","07_Tools_Validation_Misc","Tools, Validation Scripts, Root Config, Docs, Misc","Markdown Documentation",".md","32","2343","2.29","2BAE5C0C378D78A2459502F75FF722C427CF11D9716E73229FAE874F2792C7C0","False","2026-07-05 15:47:58"
"docs\deployment\PHASE03_CANONICAL_DEPLOYMENT.md","07_Tools_Validation_Misc","Tools, Validation Scripts, Root Config, Docs, Misc","Markdown Documentation",".md","18","549","0.54","B1245684B42C1CE3330DF2AE2711177EE6A11657C30FC1AAADC76B42767ED3D4","False","2026-06-07 14:15:57"
"docs\deployment\PHASE03_CLEAN_MACHINE_TO_LOGIN_RUNBOOK.md","07_Tools_Validation_Misc","Tools, Validation Scripts, Root Config, Docs, Misc","Markdown Documentation",".md","108","3879","3.79","19FD906D039904D867A8E8772FE46A50C2D8351FEC32B332422D816EFD455D31","False","2026-06-10 14:21:44"
"docs\deployment\PHASE03_T015_POSTGRES_PORT_PROOF.template.md","07_Tools_Validation_Misc","Tools, Validation Scripts, Root Config, Docs, Misc","Markdown Documentation",".md","21","595","0.58","AEE30EF3B46669E69BDA560C95A38B490661F7796FEF5A7BEECD9EDADABFC7F4","False","2026-06-07 14:15:57"
"docs\deployment\T007_CLEAN_MACHINE_DEPLOY_ACCEPTANCE.latest.md","07_Tools_Validation_Misc","Tools, Validation Scripts, Root Config, Docs, Misc","Markdown Documentation",".md","21","498","0.49","1A2AB51DA7362B38296D7235F8828538034A8D2A5BCBC0A4146FE8D1A0B634C6","False","2026-06-09 13:33:32"
"docs\deployment\T007_CLEAN_MACHINE_DEPLOY_ACCEPTANCE.md","07_Tools_Validation_Misc","Tools, Validation Scripts, Root Config, Docs, Misc","Markdown Documentation",".md","26","839","0.82","89355AEE1CCD400A6E7862DED40E5161CE5E4047C1BC2B4D3DA778FBBFA9A648","False","2026-06-09 13:31:05"
"docs\developer\HISTORIAN_CONNECTOR_REGRESSION_GUIDE.md","07_Tools_Validation_Misc","Tools, Validation Scripts, Root Config, Docs, Misc","Markdown Documentation",".md","34","1721","1.68","9659DA6D9F772C5788EC5A08FC1DECFA7B04FCB334976493B76036EC228BBADD","False","2026-06-06 15:32:00"
"docs\developer\HISTORIAN_CONNECTOR_RUNBOOK.md","07_Tools_Validation_Misc","Tools, Validation Scripts, Root Config, Docs, Misc","Markdown Documentation",".md","50","1823","1.78","B37A2120D9A0B16A47DBE5A54332C08200F6F1BA94AD885DEE87FBBF36430256","False","2026-06-06 15:32:00"
"docs\developer\MAPPING_AND_DRIFT_DEVELOPER_GUIDE.md","07_Tools_Validation_Misc","Tools, Validation Scripts, Root Config, Docs, Misc","Markdown Documentation",".md","151","6632","6.48","B363E9F7961E990473AC4CE07839062DE2C150EF0BF01360664F89919F919162","False","2026-06-06 14:11:51"
"docs\developer\MAPPING_DRIFT_GATE_COMMANDS.md","07_Tools_Validation_Misc","Tools, Validation Scripts, Root Config, Docs, Misc","Markdown Documentation",".md","41","1017","0.99","0A8D2202BF4DB6B754BB279E002C4AEBF4BF607637463D8ED98BB0DD522262CB","False","2026-06-06 14:11:51"
"docs\developer\MAPPING_DRIFT_TROUBLESHOOTING_RUNBOOK.md","07_Tools_Validation_Misc","Tools, Validation Scripts, Root Config, Docs, Misc","Markdown Documentation",".md","77","2368","2.31","0FD24BD1A22D80B0F3D7118F6AE32EFED8BD2C2863D40B56D72DCCB88CD6DF99","False","2026-06-06 14:11:51"
"docs\developer\OT_SAFE_EDGE_AGENT_BACKEND_RUNBOOK.md","07_Tools_Validation_Misc","Tools, Validation Scripts, Root Config, Docs, Misc","Markdown Documentation",".md","30","965","0.94","B8AB459150CD3E0336F7A8E7E1D1570461E102C9C8F23683465B2D1CB1E327EE","False","2026-06-06 15:50:34"
"docs\developer\OT_SAFE_EDGE_AGENT_CONTRACT.md","07_Tools_Validation_Misc","Tools, Validation Scripts, Root Config, Docs, Misc","Markdown Documentation",".md","29","1070","1.04","D9307D89D54DF1D749FD4776FF4AADB81DD678F44CBBA0D2974F5F0BC099C4B1","False","2026-06-06 15:50:34"
"docs\developer\OT_SAFE_EDGE_AGENT_DEPLOYMENT_GUIDE.md","07_Tools_Validation_Misc","Tools, Validation Scripts, Root Config, Docs, Misc","Markdown Documentation",".md","30","1023","1","7721BDFD8D3B406122A076E1766221D9D0001230274FC3332DF870F43E4E6ECB","False","2026-06-06 16:00:49"
"docs\developer\OT_SAFE_EDGE_AGENT_FINAL_RUNBOOK.md","07_Tools_Validation_Misc","Tools, Validation Scripts, Root Config, Docs, Misc","Markdown Documentation",".md","25","716","0.7","5CA047423A66C9EA08CEC39916BDD8BEDA6B27B3488BEF21F376E9ED06338A25","False","2026-06-06 16:06:39"
"docs\developer\OT_SAFE_EDGE_AGENT_REGRESSION_GUIDE.md","07_Tools_Validation_Misc","Tools, Validation Scripts, Root Config, Docs, Misc","Markdown Documentation",".md","33","1166","1.14","540D696EBE4743A4A03F7AD7C662AF856EB57B4D11AAC1B369D9DD514773A473","False","2026-06-06 16:06:39"
"docs\developer\PHASE15_ADVISORY_VALUE_CONTRACT.md","07_Tools_Validation_Misc","Tools, Validation Scripts, Root Config, Docs, Misc","Markdown Documentation",".md","32","1258","1.23","0783E4988F203899D53A864DD36F803AA9E29C4300949278A64E271845DD5E50","False","2026-06-06 16:29:37"
"docs\developer\PHASE15_ADVISORY_VALUE_RUNBOOK.md","07_Tools_Validation_Misc","Tools, Validation Scripts, Root Config, Docs, Misc","Markdown Documentation",".md","20","872","0.85","2812BC6D9BD3211752AE1DC6C553276C715D812F1ADAA3FFD3FB9E88E885C63D","False","2026-06-06 16:29:37"
"docs\developer\PHASE15_CROSS_PLANT_INDUSTRY_BENCHMARKING.md","07_Tools_Validation_Misc","Tools, Validation Scripts, Root Config, Docs, Misc","Markdown Documentation",".md","30","914","0.89","09FD82244ECD258584026F930D5A84A0A3D901A71125B6630FAD50A9865F3795","False","2026-06-06 17:09:34"
"docs\developer\PHASE15_RECOMMENDATION_GENERATOR.md","07_Tools_Validation_Misc","Tools, Validation Scripts, Root Config, Docs, Misc","Markdown Documentation",".md","31","1057","1.03","8D58B9A019904FE0C7CAA2087004E97B741B991B19392720BA6B4B32DD82D5BC","False","2026-06-06 16:50:24"
"docs\developer\PHASE15_RECOMMENDATION_HONESTY_CERTIFICATION.md","07_Tools_Validation_Misc","Tools, Validation Scripts, Root Config, Docs, Misc","Markdown Documentation",".md","27","741","0.72","8C6CBC95E5BE81EE68B08A1268A7479B199AE994D43E9C7E331FE4D5A66BF1B3","False","2026-06-06 17:16:54"
"docs\developer\PHASE15_ROI_CFO_VALUE_DASHBOARD.md","07_Tools_Validation_Misc","Tools, Validation Scripts, Root Config, Docs, Misc","Markdown Documentation",".md","27","852","0.83","324CF9A945BE543FD85FF032B2C86E438C14D712B99C7D623529FCD4078FE4C2","False","2026-06-06 17:03:47"
"docs\developer\PHASE15_VALUE_REALIZATION_TRACKING.md","07_Tools_Validation_Misc","Tools, Validation Scripts, Root Config, Docs, Misc","Markdown Documentation",".md","29","881","0.86","8F4FB345C41B64C0992B5C3DE9A76964565ADC60DD0D9F6078A2BDE30347A382","False","2026-06-06 16:59:40"
"docs\developer\PHASE15_WHATIF_SCENARIO_ENGINE.md","07_Tools_Validation_Misc","Tools, Validation Scripts, Root Config, Docs, Misc","Markdown Documentation",".md","28","855","0.83","ECD259F48A6BF3CEA29ACB97175E630E841D46EB0495FB5DB5EFAA60D821676C","False","2026-06-06 16:40:49"
"docs\escrow\SOURCE_CODE_ESCROW_PROCESS.md","07_Tools_Validation_Misc","Tools, Validation Scripts, Root Config, Docs, Misc","Markdown Documentation",".md","24","611","0.6","11967D3D85EC4CAA7F415D7A1D97B7C9E5F4CEC2C357D41476BDEE209B523955","False","2026-06-03 14:25:42"
"docs\GO_LIVE_SIGNOFF.md","07_Tools_Validation_Misc","Tools, Validation Scripts, Root Config, Docs, Misc","Markdown Documentation",".md","15","318","0.31","A120904F731B1642DE060D4AA6F36209E5C4189920CEA7A9E712ACA2F80F2A99","False","2026-06-13 21:20:35"
"docs\ground-truth\GROUND_TRUTH_HOTFIX_EVIDENCE.md","07_Tools_Validation_Misc","Tools, Validation Scripts, Root Config, Docs, Misc","Markdown Documentation",".md","39","2275","2.22","3BC14948EB4B655A0DBB39122609231236397160871657CE226D4BDF8DD45AFA","False","2026-06-06 11:21:50"
"docs\ground-truth\ROADMAP_GROUND_TRUTH_SCORECARD.json","07_Tools_Validation_Misc","Tools, Validation Scripts, Root Config, Docs, Misc","JSON Configuration",".json","1819","127844","124.85","084DD5CFB82D6064E62C25672B99AFA91994241FA3A873448D62FE96C8727DF3","False","2026-06-13 09:15:12"
"docs\ground-truth\ROADMAP_GROUND_TRUTH_SCORECARD.md","07_Tools_Validation_Misc","Tools, Validation Scripts, Root Config, Docs, Misc","Markdown Documentation",".md","77","4436","4.33","43E327B8DA638F5B6AD332CFAF86A090EDAAC25F4DE40BBDD2147501DB8C97C1","False","2026-06-13 09:15:12"
"docs\identity\P09_SSO_SCIM_RUNTIME_CERTIFICATION.md","07_Tools_Validation_Misc","Tools, Validation Scripts, Root Config, Docs, Misc","Markdown Documentation",".md","33","1268","1.24","FE2C8D8BE5E298F17D002F173913343CAC59139DE4F76FE14C8CA1244D68E827","False","2026-06-04 00:19:42"
"docs\modules\PRODUCT_MODULE_BOUNDARIES.md","07_Tools_Validation_Misc","Tools, Validation Scripts, Root Config, Docs, Misc","Markdown Documentation",".md","34","880","0.86","7AA838516096CE972581481A49AED487A15F2A234348CA7B77346C4A8F775048","False","2026-06-03 14:25:43"
"docs\page-builder\widget-script-grammar.md","07_Tools_Validation_Misc","Tools, Validation Scripts, Root Config, Docs, Misc","Markdown Documentation",".md","22","585","0.57","5A227D1F6D4E87348EE59474FF8A65CC3EF85A521BB9CA06C74FF32321CD053E","False","2026-05-31 10:42:05"
"docs\README.md","07_Tools_Validation_Misc","Tools, Validation Scripts, Root Config, Docs, Misc","Markdown Documentation",".md","27","1202","1.17","44192DD58746F360D349133E9FEC5002659F8C0454D8169191AF8211C83495FA","False","2026-06-04 11:58:13"
"docs\realization\PHASE01_PHASE02_CLOSURE_REPORT.json","07_Tools_Validation_Misc","Tools, Validation Scripts, Root Config, Docs, Misc","JSON Configuration",".json","156","5816","5.68","1C6F30DECD24F5487612541A7F2E2C806632743AF7A0AF3D76AA9E1D8EAA40D4","False","2026-06-07 13:44:19"
"docs\realization\PHASE01_PHASE02_CLOSURE_REPORT.md","07_Tools_Validation_Misc","Tools, Validation Scripts, Root Config, Docs, Misc","Markdown Documentation",".md","39","3364","3.29","038BD85C6A1514E27BA62AA642C62B0F57B65403BA09446619BB73287CB101BD","False","2026-06-07 13:44:19"
"docs\realization\PHASE03_PHASE04_CLOSURE_REPORT.md","07_Tools_Validation_Misc","Tools, Validation Scripts, Root Config, Docs, Misc","Markdown Documentation",".md","28","909","0.89","2946D4852F9CD322297164DFAD5C5FB96C4B2DA725036BBB6B416C99D9B13C05","False","2026-06-07 14:15:57"
"docs\refactor\P14_C3_C4_FRONTEND_BOUNDARY_REFACTOR.md","07_Tools_Validation_Misc","Tools, Validation Scripts, Root Config, Docs, Misc","Markdown Documentation",".md","28","1125","1.1","546F510C4793A01EC3D0F4B8D3E17A79E4148F29AB14C0A445C8EEE2493A6D8A","False","2026-06-04 07:30:34"
"docs\refactor\P14_FRONTEND_PHASE_ARTIFACT_CLEANUP.md","07_Tools_Validation_Misc","Tools, Validation Scripts, Root Config, Docs, Misc","Markdown Documentation",".md","25","920","0.9","1A1C8DF5B672A508E8158C982DD059706DF472D4235B66A2966EF033770584B4","False","2026-06-03 15:44:35"
"docs\security\BOOTSTRAP_ADMIN_DISABLE_PROOF.md","07_Tools_Validation_Misc","Tools, Validation Scripts, Root Config, Docs, Misc","Markdown Documentation",".md","19","628","0.61","9727F1F8C3D12003227D6E77E78E2272E709EE34B22051E7849761CFCD688C01","False","2026-06-07 13:56:31"
"docs\security\DB_ENCRYPTION_AT_REST_PROOF.template.md","07_Tools_Validation_Misc","Tools, Validation Scripts, Root Config, Docs, Misc","Markdown Documentation",".md","29","517","0.5","8285B54D6751036A42308ABEC58F4D899BFAE2C7C8D7C3C0CBA663E2F172C928","False","2026-06-07 13:44:19"
"docs\task-closure\T001_T014_REALIZATION_SCORECARD.json","07_Tools_Validation_Misc","Tools, Validation Scripts, Root Config, Docs, Misc","JSON Configuration",".json","108","2552","2.49","329F7CE158781197BDA59FC9103FD067F44AAAFF9EAF6FBE1915ABC94FEFAB11","False","2026-06-07 14:01:31"
"docs\task-closure\T001_T014_REALIZATION_SCORECARD.md","07_Tools_Validation_Misc","Tools, Validation Scripts, Root Config, Docs, Misc","Markdown Documentation",".md","24","1204","1.18","CD50FA737AA7CDD20694F5E5A34EE61C46A4EE87EC004A3421744C29433A5AE2","False","2026-06-07 14:01:31"
"docs\task-closure\T001_T071_TASK_CLOSURE_SCORECARD.json","07_Tools_Validation_Misc","Tools, Validation Scripts, Root Config, Docs, Misc","JSON Configuration",".json","1185","29091","28.41","40817A7D2F7DC75DBAD1CD9A2287301574E1CF9856F738500CF00F099B41A9FE","False","2026-06-06 16:10:53"
"docs\task-closure\T001_T071_TASK_CLOSURE_SCORECARD.md","07_Tools_Validation_Misc","Tools, Validation Scripts, Root Config, Docs, Misc","Markdown Documentation",".md","105","4146","4.05","E6BEC7C5879879A403ABC41F5CCD07C60851435567D7A5D2321988D802616227","False","2026-06-06 15:57:10"
"docs\task-closure\T001_T071_TASK_CLOSURE_SCORECARD.PACK_A_BRIDGED.json","07_Tools_Validation_Misc","Tools, Validation Scripts, Root Config, Docs, Misc","JSON Configuration",".json","1050","24652","24.07","8F92EB9679DAA7F5B321859A2EAB04DC4E3577CB1EE4A8C7F5C700B54E73E4D7","False","2026-06-06 15:57:10"
"docs\task-closure\T001_T071_TASK_CLOSURE_SCORECARD.PACK_A_BRIDGED.md","07_Tools_Validation_Misc","Tools, Validation Scripts, Root Config, Docs, Misc","Markdown Documentation",".md","27","1082","1.06","8DBBAF61B75D4E74F8E12502AC4929149256AF393831A511930187F19D197424","False","2026-06-06 15:57:10"
"docs\task-closure\T001_T071_TASK_CLOSURE_SCORECARD.PACK_A4_BRIDGED.json","07_Tools_Validation_Misc","Tools, Validation Scripts, Root Config, Docs, Misc","JSON Configuration",".json","1065","25144","24.55","1B75CD1ABD0D4EC9D216DBF4BA36FDDE46271BF79121880C0B06545250E3DD28","False","2026-06-06 15:57:11"
"docs\task-closure\T001_T071_TASK_CLOSURE_SCORECARD.PACK_A4_BRIDGED.md","07_Tools_Validation_Misc","Tools, Validation Scripts, Root Config, Docs, Misc","Markdown Documentation",".md","17","706","0.69","0B677D432F501D6BEAB172EF577CD4C02E5186C6690CA74395060A380FEF7E55","False","2026-06-06 15:57:11"
"docs\task-closure\T001_T071_TASK_CLOSURE_SCORECARD.PACK_A5_BRIDGED.json","07_Tools_Validation_Misc","Tools, Validation Scripts, Root Config, Docs, Misc","JSON Configuration",".json","1080","25625","25.02","C6D6E393516D4A970A21EB03F7A00309A98CBA71046E3094A105F8E89E9A23AF","False","2026-06-06 15:57:11"
"docs\task-closure\T001_T071_TASK_CLOSURE_SCORECARD.PACK_A5_BRIDGED.md","07_Tools_Validation_Misc","Tools, Validation Scripts, Root Config, Docs, Misc","Markdown Documentation",".md","16","640","0.62","E1A6C1B58F9EAA7390FE4DDD4E0FA9DB9A314FDAD68FBF04876EABEAD6B72874","False","2026-06-06 15:57:11"
"docs\task-closure\T001_T071_TASK_CLOSURE_SCORECARD.PACK_E2_BRIDGED.json","07_Tools_Validation_Misc","Tools, Validation Scripts, Root Config, Docs, Misc","JSON Configuration",".json","1095","26126","25.51","86D8C3EF12F8E6E18632D6C9C1EE5B83FC289FE066DB8A9E44B06950E64990F0","False","2026-06-06 15:57:12"
"docs\task-closure\T001_T071_TASK_CLOSURE_SCORECARD.PACK_E2_BRIDGED.md","07_Tools_Validation_Misc","Tools, Validation Scripts, Root Config, Docs, Misc","Markdown Documentation",".md","15","574","0.56","A75B5351CDCFE3B5222BEB6D05037AB5F206ED39620552813A3DD40209B194DA","False","2026-06-06 15:57:12"
"docs\task-closure\T001_T071_TASK_CLOSURE_SCORECARD.PACK_E3_BRIDGED.json","07_Tools_Validation_Misc","Tools, Validation Scripts, Root Config, Docs, Misc","JSON Configuration",".json","1110","26621","26","350044C68BE3E07EC4DD6630C2611BCAC6E9CF52A7CA14A61B324004DFB1C682","False","2026-06-06 15:57:12"
"docs\task-closure\T001_T071_TASK_CLOSURE_SCORECARD.PACK_E3_BRIDGED.md","07_Tools_Validation_Misc","Tools, Validation Scripts, Root Config, Docs, Misc","Markdown Documentation",".md","14","501","0.49","B2911AD00025FDDE3FA46E554E7BAE2540759445748BCBE7A0352A62A74C3280","False","2026-06-06 15:57:12"
"docs\task-closure\T001_T071_TASK_CLOSURE_SCORECARD.PACK_E4_BRIDGED.json","07_Tools_Validation_Misc","Tools, Validation Scripts, Root Config, Docs, Misc","JSON Configuration",".json","1125","27102","26.47","5FCC681D94ADAC8185A9081577B6410FC28CF4B452CCF797ACF05A3CC80D66A9","False","2026-06-06 15:57:13"
"docs\task-closure\T001_T071_TASK_CLOSURE_SCORECARD.PACK_E4_BRIDGED.md","07_Tools_Validation_Misc","Tools, Validation Scripts, Root Config, Docs, Misc","Markdown Documentation",".md","13","437","0.43","1C16BEC1337325D7D471EB440E9DCB8DE572DF14294E0B3E93C6C4F513F8E029","False","2026-06-06 15:57:13"
"docs\task-closure\T001_T071_TASK_CLOSURE_SCORECARD.PACK_F2_BRIDGED.json","07_Tools_Validation_Misc","Tools, Validation Scripts, Root Config, Docs, Misc","JSON Configuration",".json","1175","28738","28.06","45697C3027E0533786A3DECEB738FF24B18804B53A7D248A663D06A7D9E1B70C","False","2026-06-06 16:10:46"
"docs\task-closure\T001_T071_TASK_CLOSURE_SCORECARD.PACK_F2_BRIDGED.md","07_Tools_Validation_Misc","Tools, Validation Scripts, Root Config, Docs, Misc","Markdown Documentation",".md","10","237","0.23","06A68965DD403699CC6FEC72A4618B6C4FBFE1313235C1A8B38F789C06598606","False","2026-06-06 16:10:46"
"docs\task-closure\T001_T071_TASK_CLOSURE_SCORECARD.PACK_F3_BRIDGED.json","07_Tools_Validation_Misc","Tools, Validation Scripts, Root Config, Docs, Misc","JSON Configuration",".json","1175","28738","28.06","714C874FFF7732875251B7772A112FC43C8B13577BB8CBCD368242C61625DE74","False","2026-06-06 16:10:48"
"docs\task-closure\T001_T071_TASK_CLOSURE_SCORECARD.PACK_F3_BRIDGED.md","07_Tools_Validation_Misc","Tools, Validation Scripts, Root Config, Docs, Misc","Markdown Documentation",".md","10","237","0.23","E4D8FA7CDFF4DB0F061A3C06D801F82EF4C439EC6577A24DD6B5543C1EC97817","False","2026-06-06 16:10:48"
"docs\task-closure\T001_T071_TASK_CLOSURE_SCORECARD.PACK_F4_BRIDGED.json","07_Tools_Validation_Misc","Tools, Validation Scripts, Root Config, Docs, Misc","JSON Configuration",".json","1175","28738","28.06","90E877C0AD4ADEFB870D33F82E9CC3E595988A994DEBD824EF0F30F8B4B8D0B9","False","2026-06-06 16:10:49"
"docs\task-closure\T001_T071_TASK_CLOSURE_SCORECARD.PACK_F4_BRIDGED.md","07_Tools_Validation_Misc","Tools, Validation Scripts, Root Config, Docs, Misc","Markdown Documentation",".md","10","237","0.23","4FEDC0561963E8340575767A04BF99E59A319480097259B4485EAACF3697293D","False","2026-06-06 16:10:49"
"docs\task-closure\T001_T071_TASK_CLOSURE_SCORECARD.PACK_F5_BRIDGED.json","07_Tools_Validation_Misc","Tools, Validation Scripts, Root Config, Docs, Misc","JSON Configuration",".json","1185","29091","28.41","40817A7D2F7DC75DBAD1CD9A2287301574E1CF9856F738500CF00F099B41A9FE","False","2026-06-06 16:10:53"
"docs\task-closure\T001_T071_TASK_CLOSURE_SCORECARD.PACK_F5_BRIDGED.md","07_Tools_Validation_Misc","Tools, Validation Scripts, Root Config, Docs, Misc","Markdown Documentation",".md","9","178","0.17","68434BB076CBF798893035BD734838925F837AF8ADF29BB85F2411F0B74A32B1","False","2026-06-06 16:10:53"
"docs\task-closure\T015_T025_REALIZATION_SCORECARD.json","07_Tools_Validation_Misc","Tools, Validation Scripts, Root Config, Docs, Misc","JSON Configuration",".json","87","2234","2.18","A921038CCA83659686863C83C0476A74C72FB69A74B62DD2CF970C2F03FBE69D","False","2026-06-07 14:18:09"
"docs\task-closure\T015_T025_REALIZATION_SCORECARD.md","07_Tools_Validation_Misc","Tools, Validation Scripts, Root Config, Docs, Misc","Markdown Documentation",".md","21","1157","1.13","57C306C2477477F925A69AD25DB914F36415DFCFC246DA3D5D42CA6787EC23ED","False","2026-06-07 14:18:09"
"docs\task-closure\T096_T102_PHASE15_FINAL_CLOSURE.md","07_Tools_Validation_Misc","Tools, Validation Scripts, Root Config, Docs, Misc","Markdown Documentation",".md","18","644","0.63","FC5360680336D6DEA9EC92CA8F0DB77706FB2A3AF80AFEA3B75BBF0A13A6E2FA","False","2026-06-06 17:20:16"
"docs\task-closure\T096_T102_PHASE15_SCORECARD.json","07_Tools_Validation_Misc","Tools, Validation Scripts, Root Config, Docs, Misc","JSON Configuration",".json","261","9945","9.71","FF2C8DBF3AF52AB26AAE2D72C9AF25A8CCBBE7767B54DB0B3A19431014DA3160","False","2026-06-06 17:20:16"
"docs\task-closure\T096_T102_PHASE15_SCORECARD.md","07_Tools_Validation_Misc","Tools, Validation Scripts, Root Config, Docs, Misc","Markdown Documentation",".md","15","945","0.92","8F7F163BB7A7E2BF2B0859E41FEADAE48E93D98B563FEB63B467CBE1D1B23151","False","2026-06-06 16:25:35"
"docs\task-closure\T096_T102_PHASE15_SCORECARD.PACK_G3_BRIDGED.json","07_Tools_Validation_Misc","Tools, Validation Scripts, Root Config, Docs, Misc","JSON Configuration",".json","249","9507","9.28","7601DAC2371050E72A969FADC16912D1D25617A801512F58D8BE21C9A208CEC2","False","2026-06-06 17:20:11"
"docs\task-closure\T096_T102_PHASE15_SCORECARD.PACK_G3_BRIDGED.md","07_Tools_Validation_Misc","Tools, Validation Scripts, Root Config, Docs, Misc","Markdown Documentation",".md","10","222","0.22","DB7B9334C6884BB83326CF9A4A90477D415784FFA1138D7D7B06A4C8E23253CC","False","2026-06-06 17:20:11"
"docs\task-closure\T096_T102_PHASE15_SCORECARD.PACK_G4_BRIDGED.json","07_Tools_Validation_Misc","Tools, Validation Scripts, Root Config, Docs, Misc","JSON Configuration",".json","249","9507","9.28","E6CAEAD7F0B0A387FECCEFA8A62B22CF809AE75ECEB79BB652325856CC1A692B","False","2026-06-06 17:20:12"
"docs\task-closure\T096_T102_PHASE15_SCORECARD.PACK_G4_BRIDGED.md","07_Tools_Validation_Misc","Tools, Validation Scripts, Root Config, Docs, Misc","Markdown Documentation",".md","10","222","0.22","2D879C1728F68A5CB203690BA7E0EE5EA63A8F9A110BE778698662991D6FBC06","False","2026-06-06 17:20:12"
"docs\task-closure\T096_T102_PHASE15_SCORECARD.PACK_G5_BRIDGED.json","07_Tools_Validation_Misc","Tools, Validation Scripts, Root Config, Docs, Misc","JSON Configuration",".json","249","9507","9.28","8493ED507DEE228F2FDD8F12EA89DEACEEA2E278B4B49CFF7DBF23097FE71DE1","False","2026-06-06 17:20:12"
"docs\task-closure\T096_T102_PHASE15_SCORECARD.PACK_G5_BRIDGED.md","07_Tools_Validation_Misc","Tools, Validation Scripts, Root Config, Docs, Misc","Markdown Documentation",".md","10","222","0.22","AEFACE8E70EF956C3DD279D723D6943C25FD2FE9681629DCE048AFC1B56F0BB0","False","2026-06-06 17:20:12"
"docs\task-closure\T096_T102_PHASE15_SCORECARD.PACK_G6_BRIDGED.json","07_Tools_Validation_Misc","Tools, Validation Scripts, Root Config, Docs, Misc","JSON Configuration",".json","249","9507","9.28","207BA670BAE6E054F7F26F317E3EE33E2F6CD0C295F02D530AC1B464D7F08CD0","False","2026-06-06 17:20:12"
"docs\task-closure\T096_T102_PHASE15_SCORECARD.PACK_G6_BRIDGED.md","07_Tools_Validation_Misc","Tools, Validation Scripts, Root Config, Docs, Misc","Markdown Documentation",".md","10","222","0.22","36E83B0984206B2F952294CF8FA51096BC89CD1131A96EF270492CE3FDE6387C","False","2026-06-06 17:20:12"
"docs\task-closure\T096_T102_PHASE15_SCORECARD.PACK_G7_BRIDGED.json","07_Tools_Validation_Misc","Tools, Validation Scripts, Root Config, Docs, Misc","JSON Configuration",".json","249","9507","9.28","F67777D6992216472EA08176055104819E973250696C82FECFAFFCA1847D4DB4","False","2026-06-06 17:20:13"
"docs\task-closure\T096_T102_PHASE15_SCORECARD.PACK_G7_BRIDGED.md","07_Tools_Validation_Misc","Tools, Validation Scripts, Root Config, Docs, Misc","Markdown Documentation",".md","10","222","0.22","7F882AD65BCE912E1FC35C3D8535C77809C2DD276FAEDA2DFAD009EE4AAE4B3C","False","2026-06-06 17:20:13"
"docs\task-closure\T096_T102_PHASE15_SCORECARD.PACK_G8_BRIDGED.json","07_Tools_Validation_Misc","Tools, Validation Scripts, Root Config, Docs, Misc","JSON Configuration",".json","249","9507","9.28","B7F82747535925729AFA8DE449473FF8FDB5A7E9A8F30FB37F61D4909905A70A","False","2026-06-06 17:20:13"
"docs\task-closure\T096_T102_PHASE15_SCORECARD.PACK_G8_BRIDGED.md","07_Tools_Validation_Misc","Tools, Validation Scripts, Root Config, Docs, Misc","Markdown Documentation",".md","10","222","0.22","F05FC2CD2CC812CB9830B8930CBC70116E407D999714210009036C4F2E171280","False","2026-06-06 17:20:13"
"docs\task-closure\T096_T102_PHASE15_SCORECARD.PACK_G9_BRIDGED.json","07_Tools_Validation_Misc","Tools, Validation Scripts, Root Config, Docs, Misc","JSON Configuration",".json","261","9945","9.71","FF2C8DBF3AF52AB26AAE2D72C9AF25A8CCBBE7767B54DB0B3A19431014DA3160","False","2026-06-06 17:20:16"
"docs\task-closure\T096_T102_PHASE15_SCORECARD.PACK_G9_BRIDGED.md","07_Tools_Validation_Misc","Tools, Validation Scripts, Root Config, Docs, Misc","Markdown Documentation",".md","9","174","0.17","A853B60338B644F935EF59A4E3501B307DB6B0E1280A3ABB633CB0C25EADB49B","False","2026-06-06 17:20:16"
"docs\testing\P00A_77_Implementation_Backlog.md","07_Tools_Validation_Misc","Tools, Validation Scripts, Root Config, Docs, Misc","Markdown Documentation",".md","105","5477","5.35","6C7F6F90D41C018ECE5D5E788A2E955EB240CDAAB68AD0A1B03CEC4298B9B396","False","2026-05-31 13:07:14"
"docs\testing\P00D_E2E_Consolidation_Map.json","07_Tools_Validation_Misc","Tools, Validation Scripts, Root Config, Docs, Misc","JSON Configuration",".json","121","3785","3.7","2FFDA7A7355D18A66A5FBF3EFFEF99231FFF555B44D2E6C70785F3074245BC27","False","2026-05-31 13:48:04"
"docs\testing\P00D_Future_E2E_Deferrals.md","07_Tools_Validation_Misc","Tools, Validation Scripts, Root Config, Docs, Misc","Markdown Documentation",".md","13","604","0.59","E8EB291212E2241071FA8C20F6C3DAA8147E7BA285570228C8D1D7D79AE58D03","False","2026-05-31 13:48:04"
"docs\testing\PlantProcessIQ_Test_Register_v1.md","07_Tools_Validation_Misc","Tools, Validation Scripts, Root Config, Docs, Misc","Markdown Documentation",".md","80","5318","5.19","84257CB708488CDFD67448FD582AC624F4F1425155FAB54CE161253C45CD3575","False","2026-05-31 13:07:14"
"docs\TESTMODE.md","07_Tools_Validation_Misc","Tools, Validation Scripts, Root Config, Docs, Misc","Markdown Documentation",".md","47","2123","2.07","8F0FF70E35F98D3125396D7875DF9018C2772EBF7CB6E0A0C3D3732490B63806","False","2026-06-12 21:22:54"
"docs\ux\ACCESSIBILITY.md","07_Tools_Validation_Misc","Tools, Validation Scripts, Root Config, Docs, Misc","Markdown Documentation",".md","27","1225","1.2","87B8E21101E21BB5C04C37087D5DEBD854136555383CF1B326CBF2FCF6BD6AD5","False","2026-06-06 10:18:29"
"docs\ux\I18N_RTL.md","07_Tools_Validation_Misc","Tools, Validation Scripts, Root Config, Docs, Misc","Markdown Documentation",".md","11","567","0.55","76E63F1F0696AD33984F1E3DD26D1A0A504CF767EEF4EF40F9D416D3AD59AE4B","False","2026-06-06 10:48:56"
"env\profiles\customer-template.env.example","07_Tools_Validation_Misc","Tools, Validation Scripts, Root Config, Docs, Misc","Other Text File",".example","58","2001","1.95","5A1413E25A1F85B7DB99DC6B99EF74F35A3040853A7529C0570D17E4335A55D2","False","2026-06-04 12:16:32"
"env\profiles\local.env","07_Tools_Validation_Misc","Tools, Validation Scripts, Root Config, Docs, Misc","Other Text File",".env","58","2080","2.03","4BD2A84AA3FA32417A24A794473AB4B12A6F80B5FA95CD17DFACA64693A0F076","True","2026-07-06 09:40:22"
"env\profiles\server.env.example","07_Tools_Validation_Misc","Tools, Validation Scripts, Root Config, Docs, Misc","Other Text File",".example","39","1367","1.33","AC5054E04730315095807941A3F769541D56326F324965B44E59121E3DB63B93","False","2026-06-25 15:28:19"
"env\profiles\server-docker.env.example","07_Tools_Validation_Misc","Tools, Validation Scripts, Root Config, Docs, Misc","Other Text File",".example","53","1720","1.68","F5085D6462F5BC6F31F7D3450E9E21F2D25610AF48360B6EA4CD5E68BE0DA7F0","False","2026-06-04 12:16:32"
"env\profiles\test.env.example","07_Tools_Validation_Misc","Tools, Validation Scripts, Root Config, Docs, Misc","Other Text File",".example","39","1328","1.3","79532E83EDDBDE3D3CE97F77A2FE7A86EAB286CF56D081A3C43C1BAE33AE47AF","False","2026-06-04 12:16:32"
"Generate-M1-07-RiggedSource.ps1","07_Tools_Validation_Misc","Tools, Validation Scripts, Root Config, Docs, Misc","PowerShell Script",".ps1","160","8557","8.36","A3BDC24257C9CBEDCD50C896B9F81D53CFAC8664D9A417A42FD254F89B77CDCB","False","2026-07-12 21:24:03"
"load-realistic-fleet.ps1","07_Tools_Validation_Misc","Tools, Validation Scripts, Root Config, Docs, Misc","PowerShell Script",".ps1","45","3465","3.38","45526E1BCF9EE3BFD693DAC5C8A667456D6EA6746ED3BD9E4E8471CF180DC2D8","False","2026-07-06 17:02:09"
"ppiq-fleet-3months\caster.sql","07_Tools_Validation_Misc","Tools, Validation Scripts, Root Config, Docs, Misc","SQL Script",".sql","21446","3139369","3065.79","4E5A297AC43B74E77D2B40049E9CEFA1F85639926A14973E543AB180F4AAC411","True","2026-07-06 14:15:33"
"ppiq-fleet-3months\downtime.sql","07_Tools_Validation_Misc","Tools, Validation Scripts, Root Config, Docs, Misc","SQL Script",".sql","58","10874","10.62","AF956E945F20910A4C9182F8AB2221F8C759A57D9CA2233184075F24AF84EC16","True","2026-07-06 14:15:33"
"ppiq-fleet-3months\FLEET_RELATIONS.md","07_Tools_Validation_Misc","Tools, Validation Scripts, Root Config, Docs, Misc","Markdown Documentation",".md","30","2126","2.08","2714EA0B77005A15843AD480B18AECFB31D17C28C6A62F4184B0C875F67B4F67","False","2026-07-06 14:15:33"
"ppiq-fleet-3months\meltshop.sql","07_Tools_Validation_Misc","Tools, Validation Scripts, Root Config, Docs, Misc","SQL Script",".sql","29766","4650043","4541.06","98E3FE0277CAC828A3EF74258BC0AEBBAAC0BB1292914266BCD67DC466E58D20","True","2026-07-06 14:15:33"
"ppiq-fleet-3months\parsytec.sql","07_Tools_Validation_Misc","Tools, Validation Scripts, Root Config, Docs, Misc","SQL Script",".sql","138","3120562","3047.42","FBE8E76FF364169EEC53B8F986675F0BBDE1D8B382E225EF2CCF48F371C5EA21","True","2026-07-06 14:15:33"
"ppiq-fleet-3months\pkl.sql","07_Tools_Validation_Misc","Tools, Validation Scripts, Root Config, Docs, Misc","SQL Script",".sql","15785","1542110","1505.97","138DB146B3C990FCE1D79716261DA681502BAF495C48D8AFFDB1BD413F450B2A","True","2026-07-06 14:15:33"
"README.md","07_Tools_Validation_Misc","Tools, Validation Scripts, Root Config, Docs, Misc","Markdown Documentation",".md","4","59","0.06","3388169E158FD5324E58268841E5F8D04893AE02E59BFDEF990C1E7E3FFF6A39","False","2026-05-29 16:06:36"
"Run-JourneyStep3Closeout.ps1","07_Tools_Validation_Misc","Tools, Validation Scripts, Root Config, Docs, Misc","PowerShell Script",".ps1","105","5869","5.73","EDC5F0AE85576CF473B38304563AFCFAEB84BBC838DD3B192381626A59ACC159","False","2026-07-12 15:09:10"
"Run-M1-06-StageA-Bridge.ps1","07_Tools_Validation_Misc","Tools, Validation Scripts, Root Config, Docs, Misc","PowerShell Script",".ps1","162","8241","8.05","5AA120B94C0A34CB6CF27D5B85146DFEA34AEEB9132D6753CFBC72BCFD5DDC33","False","2026-07-12 17:08:44"
"Run-M1-07-Phase2-Pipeline.ps1","07_Tools_Validation_Misc","Tools, Validation Scripts, Root Config, Docs, Misc","PowerShell Script",".ps1","178","12623","12.33","8DDAF977BBE65DF9FA206937BB1BF7F512E5C7CCCDB2C140F320B855AFD63582","False","2026-07-13 10:13:53"
"Run-M1-08-EngineDiscovery.ps1","07_Tools_Validation_Misc","Tools, Validation Scripts, Root Config, Docs, Misc","PowerShell Script",".ps1","80","3976","3.88","A4AAED7F50061FA5C5FE5270707DFFA649139037BFEC99CD280F3B0D82743B7D","False","2026-07-13 10:16:56"
"scripts\ci\run-phase8-assistant-eval-gate.ps1","07_Tools_Validation_Misc","Tools, Validation Scripts, Root Config, Docs, Misc","PowerShell Script",".ps1","9","392","0.38","E0711D0CEC882CB23ADE415587A9B5D920FE3220F0773AE38DBA95ECF90AFFC0","False","2026-06-09 14:28:15"
"scripts\dead-button-scan.mjs","07_Tools_Validation_Misc","Tools, Validation Scripts, Root Config, Docs, Misc","JavaScript Source",".mjs","61","2886","2.82","2EC00525F1F9AE73400E4C09599D1374C413E4F17C7EAC5DF33FDE8A98B42758","False","2026-06-13 22:06:27"
"scripts\deploy\Invoke-CleanMachineDeployAcceptance.ps1","07_Tools_Validation_Misc","Tools, Validation Scripts, Root Config, Docs, Misc","PowerShell Script",".ps1","87","2949","2.88","22A9C66B79489C238F54CE72B042B843EEE3E1B34E8F393B5283A1171DBF4971","False","2026-06-09 13:25:02"
"scripts\deploy\server-command-common.ps1","07_Tools_Validation_Misc","Tools, Validation Scripts, Root Config, Docs, Misc","PowerShell Script",".ps1","125","3194","3.12","024AC6E53FC8406A7179DF07DBE40EEF3FF4289DB6134905228A7FF314F2B56B","False","2026-06-04 12:42:58"
"scripts\deploy\server-down.ps1","07_Tools_Validation_Misc","Tools, Validation Scripts, Root Config, Docs, Misc","PowerShell Script",".ps1","34","949","0.93","BE3E129B3650E386C314F30A2CE60DFC36423EAB7A6632BC32D112DE0D160577","False","2026-06-04 12:42:59"
"scripts\deploy\server-dry-run.ps1","07_Tools_Validation_Misc","Tools, Validation Scripts, Root Config, Docs, Misc","PowerShell Script",".ps1","40","1223","1.19","86FBF4913C5ABFC25DF0AAE3F835A07A50B5E8C30294A42D7E75773725AE65F4","False","2026-06-04 12:42:58"
"scripts\deploy\server-status.ps1","07_Tools_Validation_Misc","Tools, Validation Scripts, Root Config, Docs, Misc","PowerShell Script",".ps1","33","758","0.74","F09EB7D35490B5A77686749FCD1DE8619DD6D31F1F572BCFEC4F7BEA76BE33F1","False","2026-06-04 12:42:59"
"scripts\deploy\server-up.ps1","07_Tools_Validation_Misc","Tools, Validation Scripts, Root Config, Docs, Misc","PowerShell Script",".ps1","34","953","0.93","D2E65679260E704F592CD73D44DCBC295E5C0ED627CECAE0CD187B8E48A97752","False","2026-06-04 12:42:59"
"scripts\deploy\validate-pack3a-deployment-baseline.ps1","07_Tools_Validation_Misc","Tools, Validation Scripts, Root Config, Docs, Misc","PowerShell Script",".ps1","15","1019","1","0AADC588C6A98B2EB414248ED0B6FA1E5361875ADCF6B4089F083F214495F866","False","2026-06-04 12:23:52"
"scripts\deploy\validate-pack3b-server-deployment-manifest.ps1","07_Tools_Validation_Misc","Tools, Validation Scripts, Root Config, Docs, Misc","PowerShell Script",".ps1","15","1047","1.02","F500EAA6AB6C567020799A1EE9541539F548071CC55F1AD3FBA1BF89515DC995","False","2026-06-04 12:31:23"
"scripts\deploy\validate-pack3c-deployment-dry-run.ps1","07_Tools_Validation_Misc","Tools, Validation Scripts, Root Config, Docs, Misc","PowerShell Script",".ps1","15","1032","1.01","A8DED7DE1B0DC03ADB943D77E7A2E859F14B7B9C69C45984CBB0AD66A3003087","False","2026-06-04 12:37:16"
"scripts\deploy\validate-pack3d-server-command-standardization.ps1","07_Tools_Validation_Misc","Tools, Validation Scripts, Root Config, Docs, Misc","PowerShell Script",".ps1","15","1043","1.02","EADC1FEC02ADD56C86FA904CC90109051BBC288C7F28906C7902ACFA45A2A635","False","2026-06-04 12:43:08"
"scripts\deploy\validate-pack3e-server-app-compose.ps1","07_Tools_Validation_Misc","Tools, Validation Scripts, Root Config, Docs, Misc","PowerShell Script",".ps1","15","1041","1.02","B580EA38A9FB06B22074A1DAA2578EB9626397A507D4C95A85A63522A619271D","False","2026-06-04 12:46:45"
"scripts\deploy\validate-pack3f-deployment-standardization-rollup.ps1","07_Tools_Validation_Misc","Tools, Validation Scripts, Root Config, Docs, Misc","PowerShell Script",".ps1","15","1072","1.05","B0B58026FD36B10CF605B65F090FAF3BFA847E669D8D0058319BC552E5FED8AD","False","2026-06-04 12:49:50"
"scripts\dev\run-api-local.ps1","07_Tools_Validation_Misc","Tools, Validation Scripts, Root Config, Docs, Misc","PowerShell Script",".ps1","15","943","0.92","1AFBA0516CDDFAB9E2B5CD42DD5742CB301A1097A4C63B4557BC8FCAFC49CC3E","False","2026-06-07 15:45:50"
"scripts\dev\test-backend-clean-apply-full.ps1","07_Tools_Validation_Misc","Tools, Validation Scripts, Root Config, Docs, Misc","PowerShell Script",".ps1","81","3033","2.96","511CFB212D59E6D983888F9470DADF261C3CFE5E45CE43929DF05AFF700E72F7","False","2026-06-22 16:54:28"
"scripts\dev\test-backend-full-local.ps1","07_Tools_Validation_Misc","Tools, Validation Scripts, Root Config, Docs, Misc","PowerShell Script",".ps1","47","1903","1.86","55C832EB229DB3B10FCE207D7A94F334B33E97E33F74AA352AA6950CE25A86C5","False","2026-06-22 16:54:28"
"scripts\dev\test-backend-local.ps1","07_Tools_Validation_Misc","Tools, Validation Scripts, Root Config, Docs, Misc","PowerShell Script",".ps1","66","2883","2.82","4C94219DAE1D6FC4461D8FF522E8ABECDFDF206E1C655B2ADCA2B438616D5741","False","2026-06-22 16:54:28"
"scripts\docker\get-docker-command.ps1","07_Tools_Validation_Misc","Tools, Validation Scripts, Root Config, Docs, Misc","PowerShell Script",".ps1","20","447","0.44","3FE65012B04F3891821B99AC98018C40028E793A6FD9A300154D29F957663579","False","2026-06-04 09:49:26"
"scripts\docker\start-demo-sources.ps1","07_Tools_Validation_Misc","Tools, Validation Scripts, Root Config, Docs, Misc","PowerShell Script",".ps1","51","1506","1.47","280CCE63BB7BC38CB08BA77ADBD115EAB2642008E5780998F0DF0CAD40D6DB0E","False","2026-06-16 09:51:21"
"scripts\docker\start-local-db.ps1","07_Tools_Validation_Misc","Tools, Validation Scripts, Root Config, Docs, Misc","PowerShell Script",".ps1","7","233","0.23","9D7C4A4ADFA6BA191DEE2F4B85479312F8105CCA1BE2A685EDC62F65B34DEF3B","False","2026-06-04 09:49:33"
"scripts\docker\start-main-db.ps1","07_Tools_Validation_Misc","Tools, Validation Scripts, Root Config, Docs, Misc","PowerShell Script",".ps1","40","1475","1.44","F6023AF35963173CECF141A3072F0DA65648EFF250FACBEE23BBFDD97A7BF242","False","2026-06-04 09:49:32"
"scripts\docker\stop-demo-sources.ps1","07_Tools_Validation_Misc","Tools, Validation Scripts, Root Config, Docs, Misc","PowerShell Script",".ps1","34","1086","1.06","5C98B1B4A0D284405D00960CE8476FD3EE3FAD166B594909056228DDF252B187","False","2026-06-16 09:51:21"
"scripts\docker\stop-local-db.ps1","07_Tools_Validation_Misc","Tools, Validation Scripts, Root Config, Docs, Misc","PowerShell Script",".ps1","7","232","0.23","EB25151149DEB582A6A80F89B402BA46B8475247B2286227DBCF15C97B8A97D1","False","2026-06-04 09:49:33"
"scripts\docker\stop-main-db.ps1","07_Tools_Validation_Misc","Tools, Validation Scripts, Root Config, Docs, Misc","PowerShell Script",".ps1","29","1035","1.01","F64790C3F6E959D5C66E15E7F7EE79444D573AA36AC2F0E4CECD972235A32274","False","2026-06-04 09:49:32"
"scripts\edge-agent\Install-PPIQ-EdgeAgent-Service.ps1","07_Tools_Validation_Misc","Tools, Validation Scripts, Root Config, Docs, Misc","PowerShell Script",".ps1","22","950","0.93","E73A2EE06790723112B11E93C0C17430C2AF306EA50392AB4A75688F03A17A6B","False","2026-06-06 16:00:49"
"scripts\edge-agent\Run-PPIQ-EdgeAgent-Local.ps1","07_Tools_Validation_Misc","Tools, Validation Scripts, Root Config, Docs, Misc","PowerShell Script",".ps1","20","668","0.65","A5E03F8758F32C1C07D54FDAB534F38A8EB55FEE67CA7F92CDA834DD0E65EC8A","False","2026-06-06 16:00:49"
"scripts\edge-agent\Uninstall-PPIQ-EdgeAgent-Service.ps1","07_Tools_Validation_Misc","Tools, Validation Scripts, Root Config, Docs, Misc","PowerShell Script",".ps1","10","405","0.4","EF920BACA403CD0BD20D6A6B95CFAD40562BBF87C27AE0CB9A8AD4EC4B06437B","False","2026-06-06 16:00:49"
"scripts\env\print-effective-config.ps1","07_Tools_Validation_Misc","Tools, Validation Scripts, Root Config, Docs, Misc","PowerShell Script",".ps1","19","991","0.97","60DB7C203F7678A1CD940458BA9D6E2F0FCADF9084BE283CDD22090C3D6F44D6","False","2026-06-04 09:38:19"
"scripts\env\use-profile.ps1","07_Tools_Validation_Misc","Tools, Validation Scripts, Root Config, Docs, Misc","PowerShell Script",".ps1","61","2090","2.04","A8402E367D93AE9805986B80C71E219FFA6F1BD0311311305D804FE950AE7BD4","False","2026-06-06 08:50:51"
"scripts\env\validate-pack2a-config-env-baseline.ps1","07_Tools_Validation_Misc","Tools, Validation Scripts, Root Config, Docs, Misc","PowerShell Script",".ps1","22","1173","1.15","C4E14FA74E7DC8B3DD7364602F97B9C918DB975BCCC9E350732CD8B18631FABE","False","2026-06-04 12:02:39"
"scripts\env\validate-pack2b-env-secret-separation.ps1","07_Tools_Validation_Misc","Tools, Validation Scripts, Root Config, Docs, Misc","PowerShell Script",".ps1","25","1809","1.77","9D6B21B1332939A192448D6EF7F7D7A3B31922DB76D6E3F602A52926FFDF9523","False","2026-06-04 12:04:43"
"scripts\env\validate-pack2c-config-placeholder-cleanup.ps1","07_Tools_Validation_Misc","Tools, Validation Scripts, Root Config, Docs, Misc","PowerShell Script",".ps1","22","1316","1.29","D3AC9AFC3748A94F8F3278E80EEA99A2FA6DD85E50DF34373FC3A697C7A429AD","False","2026-06-04 12:07:01"
"scripts\env\validate-pack2d-final-env-standardization.ps1","07_Tools_Validation_Misc","Tools, Validation Scripts, Root Config, Docs, Misc","PowerShell Script",".ps1","15","1025","1","43C4321CAF50D4C609E2024E3956D9461D751ADF4479A9705486B2B359DF4CD5","False","2026-06-04 12:10:36"
"scripts\env\validate-s1-standardization.ps1","07_Tools_Validation_Misc","Tools, Validation Scripts, Root Config, Docs, Misc","PowerShell Script",".ps1","53","1670","1.63","DD1A2316ED825755E886042A00CBE0EA3F8A74F61331377C5B1081CDF05274ED","False","2026-06-04 09:38:21"
"scripts\go-live\Test-PPIQ104-MigrateSeed.ps1","07_Tools_Validation_Misc","Tools, Validation Scripts, Root Config, Docs, Misc","PowerShell Script",".ps1","65","3849","3.76","74CEBFC7698CED9F598ACFF11F4A80474CCE28DD83DB68DF3364ED32E01B17D9","False","2026-06-15 10:44:12"
"scripts\hygiene\generate-s2a-cleanup-plan.ps1","07_Tools_Validation_Misc","Tools, Validation Scripts, Root Config, Docs, Misc","PowerShell Script",".ps1","360","15790","15.42","A6A5E6AE3BBA892CFAAB61969F82DA2B808D002971AE43D95F6A52D5E81ABA33","False","2026-06-16 09:51:22"
"scripts\hygiene\validate-s2b-senior-quickcheck.ps1","07_Tools_Validation_Misc","Tools, Validation Scripts, Root Config, Docs, Misc","PowerShell Script",".ps1","45","1621","1.58","892C5015015378B76CD31BEC023D78D325910C3C600F984BBD5D58599D5AB43E","False","2026-06-04 10:04:33"
"scripts\hygiene-check.mjs","07_Tools_Validation_Misc","Tools, Validation Scripts, Root Config, Docs, Misc","JavaScript Source",".mjs","42","1819","1.78","EBA4FE895FF487C0CEC7798E0922FCE5B4BF58D5117FC4FF3B155C861658E781","False","2026-06-13 18:33:53"
"scripts\refactor\validate-pack4a-genericness-refactor-baseline.ps1","07_Tools_Validation_Misc","Tools, Validation Scripts, Root Config, Docs, Misc","PowerShell Script",".ps1","15","1040","1.02","F876120961C5522247442477ABAE5F474485FC6A1FD5F6CD38E0861DF6FFA2A7","False","2026-06-04 12:52:05"
"scripts\refactor\validate-pack4b-api-raw-sql-quarantine.ps1","07_Tools_Validation_Misc","Tools, Validation Scripts, Root Config, Docs, Misc","PowerShell Script",".ps1","15","1041","1.02","500786E3BBE990D5BA510BD3252FFA1C4C7104B9CE10EA54317CE3709BD14D15","False","2026-06-04 12:56:31"
"scripts\refactor\validate-pack4c-analytics-kpi-burndown.ps1","07_Tools_Validation_Misc","Tools, Validation Scripts, Root Config, Docs, Misc","PowerShell Script",".ps1","15","1054","1.03","4F581EA8D7B805DE084DB05DB70885284FC64D92C7F67F473595089895982708","False","2026-06-05 17:03:25"
"scripts\refactor\validate-pack4d-canonical-integration-burndown.ps1","07_Tools_Validation_Misc","Tools, Validation Scripts, Root Config, Docs, Misc","PowerShell Script",".ps1","15","1086","1.06","B7C00D702F0B62F16F4FE56912C2876569DB601BC3DBD5A9BAF87159CDE5A8DD","False","2026-06-05 17:04:45"
"scripts\run\free-ports.ps1","07_Tools_Validation_Misc","Tools, Validation Scripts, Root Config, Docs, Misc","PowerShell Script",".ps1","34","998","0.97","EA0B6C791B5E9F5D24C01FEFAAEF4D8AE26EE026F1D9F9AB59A834ED5B15D792","False","2026-06-04 09:40:20"
"scripts\run\Invoke-PpiqJourneyProof.ps1","07_Tools_Validation_Misc","Tools, Validation Scripts, Root Config, Docs, Misc","PowerShell Script",".ps1","292","22197","21.68","255FF4E657549D2CE629A60102AE5C17B63AA0CDDC932229442F40200B02BAA2","False","2026-07-03 14:42:53"
"scripts\run\Invoke-PpiqJourneyWalk.ps1","07_Tools_Validation_Misc","Tools, Validation Scripts, Root Config, Docs, Misc","PowerShell Script",".ps1","178","15037","14.68","2E93CE7B8D53A9131A09425A2304259AB9BEE84EF8E89CE14925350BC53EC749","False","2026-07-05 21:32:50"
"scripts\run\show-ports.ps1","07_Tools_Validation_Misc","Tools, Validation Scripts, Root Config, Docs, Misc","PowerShell Script",".ps1","26","790","0.77","9AD35226706868651102FB6D1D27F4AF076FE063FBF7EAF58F0FC4FE446C77FA","False","2026-06-04 09:40:20"
"scripts\run\start-api.ps1","07_Tools_Validation_Misc","Tools, Validation Scripts, Root Config, Docs, Misc","PowerShell Script",".ps1","25","572","0.56","69A4C142BBD2CB531D19BBD62DA3AD34B95EF252DB65CB8AE73F5D6ACD07BD46","False","2026-06-04 09:40:38"
"scripts\run\start-local.ps1","07_Tools_Validation_Misc","Tools, Validation Scripts, Root Config, Docs, Misc","PowerShell Script",".ps1","43","1937","1.89","31536A97ABD8D58222EA0473BA8AC3BE2D78B9D16FF24BFA133CFECFC90A0CA9","False","2026-06-04 09:49:53"
"scripts\run\start-web.ps1","07_Tools_Validation_Misc","Tools, Validation Scripts, Root Config, Docs, Misc","PowerShell Script",".ps1","37","1282","1.25","70794CA2D94BEC148812245B0FA6FE3B012E6DD9DA2E02077D3C84C8B8B0F14A","False","2026-07-05 15:47:58"
"scripts\run\start-website.ps1","07_Tools_Validation_Misc","Tools, Validation Scripts, Root Config, Docs, Misc","PowerShell Script",".ps1","25","628","0.61","8897BB835E92E334B13FD3E3683846D3E2CADBCD9BB834438327B440E4D12D11","False","2026-06-04 09:40:39"
"scripts\run\stop-local.ps1","07_Tools_Validation_Misc","Tools, Validation Scripts, Root Config, Docs, Misc","PowerShell Script",".ps1","20","608","0.59","2217296DB144B2D5C1DF0EB51A4ECC486898E25930E72CA82C1E8B17D3A6B4B2","False","2026-06-04 09:40:56"
"scripts\run\validate-s1b-runtime.ps1","07_Tools_Validation_Misc","Tools, Validation Scripts, Root Config, Docs, Misc","PowerShell Script",".ps1","54","1738","1.7","FC332695D51F35A88B2198DB1BD15BAD1F85453BA4148547990CC7BC5E7C2161","False","2026-06-04 09:41:07"
"scripts\run\validate-s1c-topology.ps1","07_Tools_Validation_Misc","Tools, Validation Scripts, Root Config, Docs, Misc","PowerShell Script",".ps1","58","2045","2","5A50E5BCF67EFC27BF88ECC2ECA563D3D5700704FD27A1FC9962F93D408D3D2F","False","2026-06-04 09:50:01"
"scripts\test\repo-sanity-s0.ps1","07_Tools_Validation_Misc","Tools, Validation Scripts, Root Config, Docs, Misc","PowerShell Script",".ps1","55","1884","1.84","B404FC220C2D9F96F8DEB030166CF9059DA044ACF9D1A4F61CEF4D4B8A4810E1","False","2026-06-04 09:25:52"
"scripts\test\run-e2e-stable.ps1","07_Tools_Validation_Misc","Tools, Validation Scripts, Root Config, Docs, Misc","PowerShell Script",".ps1","29","1340","1.31","89954CC02A0A4547670F21BE886BB933E0A4BC91785697FABB3805D4ED868BC9","False","2026-06-04 11:42:48"
"scripts\test\validate-current-green.ps1","07_Tools_Validation_Misc","Tools, Validation Scripts, Root Config, Docs, Misc","PowerShell Script",".ps1","61","2262","2.21","E5765C6BC27C156CD3D8056D211FD7DB897D0F870707F464E41CBBB08A24D8EC","False","2026-06-04 09:30:16"
"scripts\test\validate-current-green-final.ps1","07_Tools_Validation_Misc","Tools, Validation Scripts, Root Config, Docs, Misc","PowerShell Script",".ps1","8","385","0.38","5511C0F209DB135F0652A08EFCFBE828EA3968ABF527319CCA842E3164A4F871","False","2026-06-04 12:10:33"
"scripts\test\validate-s3c-stable-e2e-core.ps1","07_Tools_Validation_Misc","Tools, Validation Scripts, Root Config, Docs, Misc","PowerShell Script",".ps1","22","1259","1.23","8591F3AB039C4DF0E118576821346291A91E8A5330CC66551FEB428C7CA1726A","False","2026-06-04 11:42:48"
"scripts\verify\Verify-M1-05-Surface3.ps1","07_Tools_Validation_Misc","Tools, Validation Scripts, Root Config, Docs, Misc","PowerShell Script",".ps1","141","9734","9.51","A54469D33E62B5909B9C772F83E9BE9581C0621555B1CF6E9BE7B7F800FE0EA6","False","2026-07-08 16:11:27"
"scripts\verify-no-hardcoded-demo-pages.mjs","07_Tools_Validation_Misc","Tools, Validation Scripts, Root Config, Docs, Misc","JavaScript Source",".mjs","109","3919","3.83","09F05C5A0039F6E09D265E24EAEF518B939D1EC3E6372621130A6B206A376B13","False","2026-06-13 14:19:38"
"scripts\verify-solution-hygiene.ps1","07_Tools_Validation_Misc","Tools, Validation Scripts, Root Config, Docs, Misc","PowerShell Script",".ps1","20","1617","1.58","D783E0279259C303F1C99DA02357E659F620CF16CE0EB0F844CDA6D606EE9600","False","2026-06-13 18:18:18"
"seed-realistic-fleet.ps1","07_Tools_Validation_Misc","Tools, Validation Scripts, Root Config, Docs, Misc","PowerShell Script",".ps1","296","18298","17.87","3941050403FEEA6AE733312621EE3F3BE794B98C4CDDC675E6110D4DA402A15A","False","2026-07-06 13:47:02"
"Test-CiTruthGateFalsification.ps1","07_Tools_Validation_Misc","Tools, Validation Scripts, Root Config, Docs, Misc","PowerShell Script",".ps1","348","15256","14.9","E5A98B857E55FCC1B4F30B6B0A1E64235E3C82AB99C3B4AF01427E2A8CC15FCA","False","2026-07-10 11:48:32"
"tools\_GeneratePlantProcessIQ_UltimateAudit.ps1","07_Tools_Validation_Misc","Tools, Validation Scripts, Root Config, Docs, Misc","Tooling Script",".ps1","1361","54405","53.13","B0DE694F8EF45C6FE5326A308826F16890D7425BE35953F1BC488BD65D452112","False","2026-06-16 20:58:59"
"tools\ci\check-crlf.mjs","07_Tools_Validation_Misc","Tools, Validation Scripts, Root Config, Docs, Misc","Tooling Script",".mjs","29","1108","1.08","46D977BF141475CF37C30B1FE3583FA53F8616CBBDDF0190D1E558DDDEA6C692","False","2026-06-08 23:41:37"
"tools\ci\Invoke-PPIQ-Certification.ps1","07_Tools_Validation_Misc","Tools, Validation Scripts, Root Config, Docs, Misc","Tooling Script",".ps1","69","1858","1.81","C87B2993138B81BC44636DFDC6A5E365127F34C1A9CC9CE05653C6C3CD2EDF3D","False","2026-06-06 13:34:46"
"tools\ci\ppiq-certification-stage.sh","07_Tools_Validation_Misc","Tools, Validation Scripts, Root Config, Docs, Misc","Tooling Script",".sh","20","649","0.63","8036C6AD1389547BF4ED305ECFBCB70AB33C8A5A84CCFE230BD70F810F0D34C7","False","2026-06-06 13:34:46"
"tools\ci\Rebuild-LocalTestDb.ps1","07_Tools_Validation_Misc","Tools, Validation Scripts, Root Config, Docs, Misc","Tooling Script",".ps1","66","3875","3.78","35E3F97AA7997951EF12EF5043AA7992BD7BB07C9A7404C5AFFAA79FBA61FA01","False","2026-06-22 16:54:28"
"tools\ci\run-backend-ci.sh","07_Tools_Validation_Misc","Tools, Validation Scripts, Root Config, Docs, Misc","Tooling Script",".sh","27","800","0.78","9563F6C3C755BA534581C556C20EE84432B397013BD6D655633A47AD09D7ACA5","False","2026-05-20 10:33:48"
"tools\ci\run-ef-migrations.sh","07_Tools_Validation_Misc","Tools, Validation Scripts, Root Config, Docs, Misc","Tooling Script",".sh","33","1078","1.05","8899A5344849FF7823CC53D9791ED2D7E6638499A3265EE136CCBE031D846C7A","False","2026-05-20 10:23:18"
"tools\ci\run-frontend-ci.sh","07_Tools_Validation_Misc","Tools, Validation Scripts, Root Config, Docs, Misc","Tooling Script",".sh","27","670","0.65","97A67DA540C0B70001F63A8B225820C71F6DB3DF3F7B54DD4F0CA0F38BE29E65","False","2026-05-20 10:23:57"
"tools\ci\run-local-full-validation.ps1","07_Tools_Validation_Misc","Tools, Validation Scripts, Root Config, Docs, Misc","Tooling Script",".ps1","60","1730","1.69","A72AF9809E69475C9A1B77ECD04C242EC1FBC2650FCC4380D52D2F1E67C60801","False","2026-06-16 09:51:22"
"tools\ci\run-website-ci.sh","07_Tools_Validation_Misc","Tools, Validation Scripts, Root Config, Docs, Misc","Tooling Script",".sh","18","491","0.48","58642AE0C812AE59915F43903D4365684853091E441E0E0255468DF41B12982A","False","2026-05-20 10:24:11"
"tools\ci\validate-real-ui-gates.cjs","07_Tools_Validation_Misc","Tools, Validation Scripts, Root Config, Docs, Misc","Tooling Script",".cjs","39","1066","1.04","073F360D9998C97ED20D166D8107F91325D9F75232E00CA8429D2E1DCD164199","False","2026-06-09 13:25:01"
"tools\ci\validate-test-project-registration.cjs","07_Tools_Validation_Misc","Tools, Validation Scripts, Root Config, Docs, Misc","Tooling Script",".cjs","93","2430","2.37","2A6C1035714B34ABE8CDDB5514A28837B32DDCDDE5BF7B5B37D401C38972B801","False","2026-06-07 13:45:22"
"tools\ci\Verify-Phase01-Local.ps1","07_Tools_Validation_Misc","Tools, Validation Scripts, Root Config, Docs, Misc","Tooling Script",".ps1","28","1461","1.43","973C230B4E1F92354F8CC7FD728332395C3D7B4FAAC8510CD37046A88070842D","False","2026-06-16 09:51:22"
"tools\ci\wait-for-http.sh","07_Tools_Validation_Misc","Tools, Validation Scripts, Root Config, Docs, Misc","Tooling Script",".sh","46","1126","1.1","50FBA0D2F3BE731434C12DB5881F5B2FA3B197C3BECC73E3C2414D63F466CB08","False","2026-05-20 10:22:29"
"tools\ci\write-certification-gate-report.cjs","07_Tools_Validation_Misc","Tools, Validation Scripts, Root Config, Docs, Misc","Tooling Script",".cjs","44","1308","1.28","EF79B9EBE88C35741D38BC63C12B0EBA91A1ED56379531A5C5441DE52F153DB3","False","2026-06-06 13:29:19"
"tools\deploy\Invoke-Phase03PostDeploySmoke.ps1","07_Tools_Validation_Misc","Tools, Validation Scripts, Root Config, Docs, Misc","Tooling Script",".ps1","33","1094","1.07","FA5A3985F070B6AF1454C78FD2912DBFD41AF516B4439E12E0A09AA932307443","False","2026-06-07 14:15:57"
"tools\deploy\Invoke-Phase04TenantIsolationProof.ps1","07_Tools_Validation_Misc","Tools, Validation Scripts, Root Config, Docs, Misc","Tooling Script",".ps1","32","1074","1.05","4B69B5E5016A3BA7C1BDCE25AF09ABE3A7BC1103E33FDB19906D680C1C84A307","False","2026-06-07 14:15:57"
"tools\deploy\Test-ExternalPostgresPortClosed.ps1","07_Tools_Validation_Misc","Tools, Validation Scripts, Root Config, Docs, Misc","Tooling Script",".ps1","27","803","0.78","7F3B29B0AC4D41747B4F1D9B8382276F52B2F2B94939633BCBB0F02140CDF657","False","2026-06-07 14:15:57"
"tools\deploy\Test-ReadOnlyPreviewRole.ps1","07_Tools_Validation_Misc","Tools, Validation Scripts, Root Config, Docs, Misc","Tooling Script",".ps1","24","739","0.72","04F6554E6633B5C716DD906D4C35672593AF997FAF2E1F35969FD4F197F21316","False","2026-06-07 14:15:57"
"tools\dev\Install-GitHooks.ps1","07_Tools_Validation_Misc","Tools, Validation Scripts, Root Config, Docs, Misc","Tooling Script",".ps1","15","469","0.46","1BB82CF5DEFC21641460EA9685F218E2558C1C5CF1675352D0011FB80AB73598","False","2026-05-31 10:30:39"
"tools\dev\Restart-PPIQ-Local.ps1","07_Tools_Validation_Misc","Tools, Validation Scripts, Root Config, Docs, Misc","Tooling Script",".ps1","18","503","0.49","A836ED4357858D253A310EC23551A73303F3A8FFE0595DE5AE59A64BE5E28A40","False","2026-05-31 10:07:49"
"tools\dev\Show-PPIQ-PortOwner.ps1","07_Tools_Validation_Misc","Tools, Validation Scripts, Root Config, Docs, Misc","Tooling Script",".ps1","30","893","0.87","970A8691DC22137F8B8D10C82CA755AE9EB32B9245D327175822BAEFEF78BAF8","False","2026-05-31 10:30:39"
"tools\dev\Stop-PPIQ-Port.ps1","07_Tools_Validation_Misc","Tools, Validation Scripts, Root Config, Docs, Misc","Tooling Script",".ps1","42","1151","1.12","C264E5C111F73C8CEF64F850E11D0A177FFC0AE8C4BEF8A28E7E36968E84EB1C","False","2026-05-31 10:30:39"
"tools\dev-bootstrap.ps1","07_Tools_Validation_Misc","Tools, Validation Scripts, Root Config, Docs, Misc","Tooling Script",".ps1","270","13280","12.97","3D2C705797271C8B4AB2B37571EC1A52BFF8C0B8F0084092AEE300DCC0E37F31","False","2026-06-22 16:54:28"
"tools\edge-agent\edge-agent.sample.json","07_Tools_Validation_Misc","Tools, Validation Scripts, Root Config, Docs, Misc","Tooling Script",".json","48","1318","1.29","5EC92C6CF99569B84DAB4FBC2F4918701898C478052422E4478167E24CB44783","False","2026-06-06 16:00:49"
"tools\edge-agent\package-manifest.json","07_Tools_Validation_Misc","Tools, Validation Scripts, Root Config, Docs, Misc","Tooling Script",".json","24","922","0.9","A661F9A8A3CE42B7836DC4397C98F98373627596CD0733E69C2A58588289C5C4","False","2026-06-06 16:00:49"
"tools\edge-agent\ppiq-edge-agent.cjs","07_Tools_Validation_Misc","Tools, Validation Scripts, Root Config, Docs, Misc","Tooling Script",".cjs","129","4394","4.29","AEF9DFEDD16C0EBC5CE777DB9BFF2C0053CE7C136E76BDFC1DBFC68A30F07C4C","False","2026-06-06 16:00:49"
"tools\edge-agent\spool\batch-1780754450587.json","07_Tools_Validation_Misc","Tools, Validation Scripts, Root Config, Docs, Misc","Tooling Script",".json","67","1955","1.91","41A52757810F2E94867FA1597D30DACA11414891A4F3247FB37837BC46708C65","False","2026-06-06 16:00:50"
"tools\edge-agent\spool\batch-1780754451423.json","07_Tools_Validation_Misc","Tools, Validation Scripts, Root Config, Docs, Misc","Tooling Script",".json","67","1955","1.91","29EE689A4F8E68634FB406F39776B430B5FF2E03197B0E92E3305927E59821F1","False","2026-06-06 16:00:51"
"tools\edge-agent\spool\batch-1780754661137.json","07_Tools_Validation_Misc","Tools, Validation Scripts, Root Config, Docs, Misc","Tooling Script",".json","67","1955","1.91","2507EF77327DFD05B4D68AE3FFE41E6A503979D7201D27EDD7B388553006258E","False","2026-06-06 16:04:21"
"tools\edge-agent\spool\batch-1780754800348.json","07_Tools_Validation_Misc","Tools, Validation Scripts, Root Config, Docs, Misc","Tooling Script",".json","67","1955","1.91","03625D63927BA71A1901EAB106440EBEE1C1E2F30EEE9A578547E66D948C15C8","False","2026-06-06 16:06:40"
"tools\edge-agent\spool\batch-1780754800636.json","07_Tools_Validation_Misc","Tools, Validation Scripts, Root Config, Docs, Misc","Tooling Script",".json","67","1955","1.91","D7D51050635E350676C9AED7A9D7809ECFB9C2942075363371895E4EC46D9DC3","False","2026-06-06 16:06:40"
"tools\edge-agent\spool\batch-1780754883793.json","07_Tools_Validation_Misc","Tools, Validation Scripts, Root Config, Docs, Misc","Tooling Script",".json","67","1955","1.91","D55E3F2B42D4F96B08B26A39AC6002FDAB49500DDA9C74D33935A7811FA5E320","False","2026-06-06 16:08:03"
"tools\edge-agent\spool\batch-1780754884376.json","07_Tools_Validation_Misc","Tools, Validation Scripts, Root Config, Docs, Misc","Tooling Script",".json","67","1955","1.91","502A602E2895E83654431F04C4CFAEF5D35E2A97EE75BF6FE7AD0392AC339B09","False","2026-06-06 16:08:04"
"tools\edge-agent\spool\batch-1780754922515.json","07_Tools_Validation_Misc","Tools, Validation Scripts, Root Config, Docs, Misc","Tooling Script",".json","67","1955","1.91","D6C84C3C10A9A3033EBD652A3119171A8E9DCC366C2D6DDB3912F6761C3D533B","False","2026-06-06 16:08:42"
"tools\edge-agent\spool\batch-1780754927960.json","07_Tools_Validation_Misc","Tools, Validation Scripts, Root Config, Docs, Misc","Tooling Script",".json","67","1955","1.91","08045B9021795B9334F383A2141BB27A6C67BD99E924BED96A86554F803D616E","False","2026-06-06 16:08:47"
"tools\edge-agent\spool\batch-1780754928559.json","07_Tools_Validation_Misc","Tools, Validation Scripts, Root Config, Docs, Misc","Tooling Script",".json","67","1955","1.91","E459D40D55801F31A9D06C9961879AEBE2D15F1DB91CACC99182F3DD13480104","False","2026-06-06 16:08:48"
"tools\edge-agent\spool\batch-1780755045183.json","07_Tools_Validation_Misc","Tools, Validation Scripts, Root Config, Docs, Misc","Tooling Script",".json","67","1955","1.91","E6680C03F45CC164AFDEC737ACD2BD923E1CD6BA3892069A956CF6B932E61BAF","False","2026-06-06 16:10:45"
"tools\edge-agent\spool\batch-1780755045722.json","07_Tools_Validation_Misc","Tools, Validation Scripts, Root Config, Docs, Misc","Tooling Script",".json","67","1955","1.91","2C3DA8D5C2039F2A4906BF2AAE9ED6FD5BD0BB826F4F8B8D36CD8FCD1E4BA238","False","2026-06-06 16:10:45"
"tools\edge-agent\spool\batch-1780755048221.json","07_Tools_Validation_Misc","Tools, Validation Scripts, Root Config, Docs, Misc","Tooling Script",".json","67","1955","1.91","AD6BF9BCFFA6DC438041D1E2316EB76EA16D0C41D3F7283D11E00DB71A940D2E","False","2026-06-06 16:10:48"
"tools\edge-agent\spool\batch-1780755052967.json","07_Tools_Validation_Misc","Tools, Validation Scripts, Root Config, Docs, Misc","Tooling Script",".json","67","1955","1.91","E6CB9A6A8D5A77C2AE48AB64F35C86DA7501758C0969A71685EC17609E51B127","False","2026-06-06 16:10:52"
"tools\edge-agent\spool\batch-1780755053564.json","07_Tools_Validation_Misc","Tools, Validation Scripts, Root Config, Docs, Misc","Tooling Script",".json","67","1955","1.91","7571B2B0CEE920777F57B49409DBEBC904BC99010FE2DC93898C1B1BCE03B000","False","2026-06-06 16:10:53"
"tools\GeneratePlantProcessIQ_UltimateAudit.ps1","07_Tools_Validation_Misc","Tools, Validation Scripts, Root Config, Docs, Misc","Tooling Script",".ps1","1405","55173","53.88","2005C281E6B16378B026A6135BC8F6505D1418C4B537E30A835FBA0B4539455B","False","2026-06-20 10:50:43"
"tools\golive\t03\Invoke-T03-DotnetTestGreenMeaningful.ps1","07_Tools_Validation_Misc","Tools, Validation Scripts, Root Config, Docs, Misc","Tooling Script",".ps1","503","16872","16.48","C04F7AD32F869BBEA621FD74B3C2DFE1C05A5708CD1A13520C5FBAE18751B084","False","2026-06-11 11:41:43"
"tools\golive\t03\Validate-T03-DotnetTestGreenMeaningful.ps1","07_Tools_Validation_Misc","Tools, Validation Scripts, Root Config, Docs, Misc","Tooling Script",".ps1","52","1383","1.35","AB15DBB311E25C8B2A5AA519114C3A0FB78839434BDDC3ABBCF8E3B64A5AD969","False","2026-06-11 11:40:03"
"tools\ground-truth\Invoke-GroundTruthValidation.ps1","07_Tools_Validation_Misc","Tools, Validation Scripts, Root Config, Docs, Misc","Tooling Script",".ps1","130","4252","4.15","C0406280A3D20984754250DE2E42370A1220D68959D415F3DB7849BF02EBAE5B","False","2026-06-06 11:16:32"
"tools\ground-truth\validate-ground-truth.cjs","07_Tools_Validation_Misc","Tools, Validation Scripts, Root Config, Docs, Misc","Tooling Script",".cjs","52","2108","2.06","49F8A1B80D6B9CF14C275CF5E8586EEAE764B9C05E3AB90748B04E58F8EF5749","False","2026-06-06 11:16:32"
"tools\load-realistic-fleet.ps1","07_Tools_Validation_Misc","Tools, Validation Scripts, Root Config, Docs, Misc","Tooling Script",".ps1","45","3465","3.38","45526E1BCF9EE3BFD693DAC5C8A667456D6EA6746ED3BD9E4E8471CF180DC2D8","False","2026-07-06 17:02:09"
"tools\ml\Run-PPIQ-v5-DbAndFrontendProof-PS51.ps1","07_Tools_Validation_Misc","Tools, Validation Scripts, Root Config, Docs, Misc","Tooling Script",".ps1","299","12336","12.05","87C104AD315579D9DFD673B56E7C5454C8981279E10F4255D97B82609B599DC1","False","2026-06-22 13:24:36"
"tools\phase1-phase2\Invoke-DeduplicateBuildFiles.ps1","07_Tools_Validation_Misc","Tools, Validation Scripts, Root Config, Docs, Misc","Tooling Script",".ps1","48","2287","2.23","861629CC17FDA0168C6A5DAA10DFBC428E8EDA0493428C9AC00CEFCFC16AD8B5","False","2026-06-06 08:32:29"
"tools\phase1-phase2\Invoke-FrontendDuplicatePageCleanup.ps1","07_Tools_Validation_Misc","Tools, Validation Scripts, Root Config, Docs, Misc","Tooling Script",".ps1","54","2687","2.62","CFD6E6825321639FB334869EA9C81EBEC6C0993F491713A20B95D534EAE6B19A","False","2026-06-06 08:32:22"
"tools\phase1-phase2\Invoke-Phase1Phase2Validation.ps1","07_Tools_Validation_Misc","Tools, Validation Scripts, Root Config, Docs, Misc","Tooling Script",".ps1","76","2200","2.15","8F8A262CC5909E56E1146FC00AC85B846693E9E01553D41355EBD41DCA0FA93D","False","2026-06-06 08:32:53"
"tools\phase1-phase2\Invoke-RunOnceToolArchive.ps1","07_Tools_Validation_Misc","Tools, Validation Scripts, Root Config, Docs, Misc","Tooling Script",".ps1","58","1976","1.93","231386948593B4FB93F3FD56AA73F47BDE2F78104DD52AA711BE30FE7D3C0F87","False","2026-06-06 08:32:39"
"tools\phase1-phase2\Invoke-SecretScan.ps1","07_Tools_Validation_Misc","Tools, Validation Scripts, Root Config, Docs, Misc","Tooling Script",".ps1","278","11442","11.17","439A58F690FB671E3473385E97DF8279FCC098AF231F2E315C2F5B2153F38E8B","False","2026-06-16 09:51:23"
"tools\phase1-phase2\PHASE1_PHASE2_IMPLEMENTATION_EVIDENCE.md","07_Tools_Validation_Misc","Tools, Validation Scripts, Root Config, Docs, Misc","Tooling Script",".md","47","1908","1.86","CB0FD34927C420B2CAD37BB214B9D4D86ED91D43FC057F947DEEA15DE3D66D52","False","2026-06-06 08:33:49"
"tools\phase1-phase2\PHASE1_PHASE2_SECRET_SCAN_FALLBACK_20260606_094149.md","07_Tools_Validation_Misc","Tools, Validation Scripts, Root Config, Docs, Misc","Tooling Script",".md","29","1699","1.66","1F72AF5D8216C3193EA4CBDD922B9D32EFC0494DCC828F52BF954DA232F5B987","False","2026-06-06 08:41:49"
"tools\phase1-phase2\PHASE1_PHASE2_SECRET_SCAN_FALLBACK_20260606_094329.md","07_Tools_Validation_Misc","Tools, Validation Scripts, Root Config, Docs, Misc","Tooling Script",".md","22","1023","1","6B1B3061BF825B971145416546B0337F1F74950886935B25AE855BFF4CD4B622","False","2026-06-06 08:43:29"
"tools\phase1-phase2\PHASE1_PHASE2_SECRET_SCAN_FALLBACK_20260606_094728.md","07_Tools_Validation_Misc","Tools, Validation Scripts, Root Config, Docs, Misc","Tooling Script",".md","32","2253","2.2","49A1C28DBEE9AA4079345D607EE5DA5A2E5BF1AC5F8ECE8AD116980F96A10DF7","False","2026-06-06 08:47:28"
"tools\phase1-phase2\PHASE1_PHASE2_SECRET_SCAN_FALLBACK_20260606_095100.md","07_Tools_Validation_Misc","Tools, Validation Scripts, Root Config, Docs, Misc","Tooling Script",".md","15","601","0.59","98A645B16B19F77F5D57A95DA9E17881C41DDA5F3DDFAC21A89ED2FE4C661A98","False","2026-06-06 08:51:00"
"tools\phase1-phase2\PHASE1_PHASE2_SECRET_SCAN_FALLBACK_20260606_095125.md","07_Tools_Validation_Misc","Tools, Validation Scripts, Root Config, Docs, Misc","Tooling Script",".md","15","601","0.59","1F4A421A78A0858574107A6164B01E4AF3812DD5286118CB32D5EA4B3BFE9EA3","False","2026-06-06 08:51:25"
"tools\phase1-phase2\PHASE1_PHASE2_SECRET_SCAN_FALLBACK_20260606_101539.md","07_Tools_Validation_Misc","Tools, Validation Scripts, Root Config, Docs, Misc","Tooling Script",".md","15","601","0.59","A63E032EB69BE8C79CFE02FDB6A6440AF46E24366BD34BE988F53C64A56CB2B2","False","2026-06-06 09:15:39"
"tools\phase1-phase2\PHASE1_PHASE2_SECRET_SCAN_FALLBACK_20260606_104324.md","07_Tools_Validation_Misc","Tools, Validation Scripts, Root Config, Docs, Misc","Tooling Script",".md","15","601","0.59","C75E6FB07D0FCF381E01CF6AD484A8F3AD1FBBB0712C815C024DA700967455F6","False","2026-06-06 09:43:24"
"tools\phase1-phase2\PHASE1_PHASE2_SECRET_SCAN_FALLBACK_20260606_104359.md","07_Tools_Validation_Misc","Tools, Validation Scripts, Root Config, Docs, Misc","Tooling Script",".md","15","601","0.59","D83E919D1310FBA3A7FAA24D60EDA680054FEF3E55ED279A229D09133B5995DE","False","2026-06-06 09:43:59"
"tools\phase1-phase2\PHASE1_PHASE2_SECRET_SCAN_FALLBACK_20260606_112104.md","07_Tools_Validation_Misc","Tools, Validation Scripts, Root Config, Docs, Misc","Tooling Script",".md","15","601","0.59","5B3CC4EB1C5ABB1B4C72620E80660493B5A0E29F89CE153FB340057F5AB4CD6A","False","2026-06-06 10:21:04"
"tools\phase1-phase2\PHASE1_PHASE2_SECRET_SCAN_FALLBACK_20260606_112240.md","07_Tools_Validation_Misc","Tools, Validation Scripts, Root Config, Docs, Misc","Tooling Script",".md","15","601","0.59","DCA85AA6F61AC0BBC0EDFD57188BC904375C0821681D67BED4BB5A5BFBFE38B2","False","2026-06-06 10:22:40"
"tools\phase1-phase2\PHASE1_PHASE2_SECRET_SCAN_FALLBACK_20260606_112316.md","07_Tools_Validation_Misc","Tools, Validation Scripts, Root Config, Docs, Misc","Tooling Script",".md","15","601","0.59","150EFA75EE0D2E99536CAEF4EFFCD9AD30C11310A4929A96C6962B87C9C5661E","False","2026-06-06 10:23:16"
"tools\phase1-phase2\PHASE1_PHASE2_SECRET_SCAN_FALLBACK_20260606_113130.md","07_Tools_Validation_Misc","Tools, Validation Scripts, Root Config, Docs, Misc","Tooling Script",".md","15","601","0.59","44B7E096059DF252E816B5290091C0D629DE2B4CC8D1A9F48E435E6F7857A40A","False","2026-06-06 10:31:30"
"tools\phase1-phase2\PHASE1_PHASE2_SECRET_SCAN_FALLBACK_20260606_113413.md","07_Tools_Validation_Misc","Tools, Validation Scripts, Root Config, Docs, Misc","Tooling Script",".md","15","601","0.59","83FE94106C79DAA627B4805E801CC63564A9D09E4D34A861A9F10AF394D46755","False","2026-06-06 10:34:13"
"tools\phase1-phase2\PHASE1_PHASE2_SECRET_SCAN_FALLBACK_20260606_113642.md","07_Tools_Validation_Misc","Tools, Validation Scripts, Root Config, Docs, Misc","Tooling Script",".md","15","601","0.59","7DCB81FEBE7F2418E8C53EB94477A21870E0D09D863151BCC12F33234E3DCB54","False","2026-06-06 10:36:42"
"tools\phase1-phase2\PHASE1_PHASE2_SECRET_SCAN_FALLBACK_20260606_114918.md","07_Tools_Validation_Misc","Tools, Validation Scripts, Root Config, Docs, Misc","Tooling Script",".md","15","601","0.59","D083E1615DCB6990BA92D6E82CDB5966B6AAE4E618C30F4AA61F0F85E57AC06A","False","2026-06-06 10:49:18"
"tools\phase1-phase2\PHASE1_PHASE2_SECRET_SCAN_FALLBACK_20260606_115448.md","07_Tools_Validation_Misc","Tools, Validation Scripts, Root Config, Docs, Misc","Tooling Script",".md","15","601","0.59","438386AB490D942C0F1AACC4E70A5246FE0E153E7CD0E846B9B155140E161C6B","False","2026-06-06 10:54:48"
"tools\phase1-phase2\PHASE1_PHASE2_SECRET_SCAN_FALLBACK_20260606_115806.md","07_Tools_Validation_Misc","Tools, Validation Scripts, Root Config, Docs, Misc","Tooling Script",".md","15","601","0.59","19E15F48AB1DB37CBAFAF990796631139441E8458A70A3CEC1E31732EE5C03A8","False","2026-06-06 10:58:06"
"tools\phase1-phase2\PHASE1_PHASE2_SECRET_SCAN_FALLBACK_20260606_120947.md","07_Tools_Validation_Misc","Tools, Validation Scripts, Root Config, Docs, Misc","Tooling Script",".md","15","601","0.59","CCFA7C1AA5C63A6AD03298A5443656179B7D928A1054E46723C6A33FDEB6B40E","False","2026-06-06 11:09:47"
"tools\phase1-phase2\PHASE1_PHASE2_SECRET_SCAN_FALLBACK_20260606_121500.md","07_Tools_Validation_Misc","Tools, Validation Scripts, Root Config, Docs, Misc","Tooling Script",".md","15","601","0.59","882B18DD31B219794217EC44F4CE0D9B27829F4C08F279001650E5C7AF1964D4","False","2026-06-06 11:15:00"
"tools\phase1-phase2\PHASE1_PHASE2_SECRET_SCAN_FALLBACK_20260606_122205.md","07_Tools_Validation_Misc","Tools, Validation Scripts, Root Config, Docs, Misc","Tooling Script",".md","15","601","0.59","2FC89C84DFCF505BE718683E6058D0F38BC056E941E7BFDDDD06A4A732355D67","False","2026-06-06 11:22:05"
"tools\phase1-phase2\RUN_ONCE_TOOLING_ARCHIVE_REPORT.md","07_Tools_Validation_Misc","Tools, Validation Scripts, Root Config, Docs, Misc","Tooling Script",".md","9","531","0.52","B9736FFD3159397488E6832A6FF5892E19B497D36957BE3D4587D5C8AB29EEEC","False","2026-06-06 08:32:42"
"tools\phase1-phase2\Test-Phase2RealismSources.ps1","07_Tools_Validation_Misc","Tools, Validation Scripts, Root Config, Docs, Misc","Tooling Script",".ps1","67","2417","2.36","D055995A068E293F3ACF2C30EAB183174AE191C0A6558732D4CD3AD5EA23F789","False","2026-06-16 10:41:30"
"tools\phase1-phase2\Test-PostgresPrivateBind.ps1","07_Tools_Validation_Misc","Tools, Validation Scripts, Root Config, Docs, Misc","Tooling Script",".ps1","24","651","0.64","D644E891FC30EC6898F5D4D4B9CFC83C019F3227F56CF7E47FD1FE48100FA167","False","2026-06-06 08:32:21"
"tools\phase1-phase2\Test-Utf8NoBom.ps1","07_Tools_Validation_Misc","Tools, Validation Scripts, Root Config, Docs, Misc","Tooling Script",".ps1","55","1941","1.9","C2AEAD9A2FA7A56E14A437325FB373FD44FEA3DB56BF869037AF0CA2CC966340","False","2026-06-06 08:37:33"
"tools\post-deploy-smoke.sh","07_Tools_Validation_Misc","Tools, Validation Scripts, Root Config, Docs, Misc","Tooling Script",".sh","91","3085","3.01","C7700C7D2042E2B789E3826429486FC23E6843BFEABDA4B9593B21681938960E","False","2026-05-30 07:56:45"
"tools\PPIQ_AUTH_STARTUP_DIAGNOSTIC.txt","07_Tools_Validation_Misc","Tools, Validation Scripts, Root Config, Docs, Misc","Tooling Script",".txt","924","65441","63.91","36BEAD3D6D6C808081BF2C5ABF310ABC66ADBC944CCE090971618D095F39BD98","False","2026-06-04 00:19:42"
"tools\ppiq_phase2_files.txt","07_Tools_Validation_Misc","Tools, Validation Scripts, Root Config, Docs, Misc","Tooling Script",".txt","2879","127905","124.91","34DD1381D0E9EBA3ADA03A4E7F585DD356895B123AC4193FF92DAEF95E55AD4C","False","2026-06-04 00:19:42"
"tools\ppiq_phase3_backend.txt","07_Tools_Validation_Misc","Tools, Validation Scripts, Root Config, Docs, Misc","Tooling Script",".txt","573","24820","24.24","41CE6FDAD48D198C853E1FFEB96F160E2D3FE6146EE71D45ADE4D0AAFCDCEDC6","False","2026-06-04 00:19:42"
"tools\realization\continue-phase03-phase04-from-t016.cjs","07_Tools_Validation_Misc","Tools, Validation Scripts, Root Config, Docs, Misc","Tooling Script",".cjs","1096","36603","35.75","F16C883F6218614F5E7C43CAA62B1ACA236FF811F9456FFEB67DCE25B517955E","False","2026-06-22 13:23:58"
"tools\realization\Invoke-AuditImmutabilityCiGate.ps1","07_Tools_Validation_Misc","Tools, Validation Scripts, Root Config, Docs, Misc","Tooling Script",".ps1","27","805","0.79","B2E4D86AB480680AB009AB103B9A6989A2EFDB13BEEA0258C0469404507D18AA","False","2026-06-11 11:49:12"
"tools\realization\Invoke-Phase01Phase02Regression.ps1","07_Tools_Validation_Misc","Tools, Validation Scripts, Root Config, Docs, Misc","Tooling Script",".ps1","116","3107","3.03","B633533DD5ABEA0B21F1B27637A793A7997728E8C3C5989087F193F0B2377F75","False","2026-06-07 13:44:19"
"tools\realization\Invoke-Phase03Phase04Regression.ps1","07_Tools_Validation_Misc","Tools, Validation Scripts, Root Config, Docs, Misc","Tooling Script",".ps1","72","2033","1.99","4852366791D4222A165866FB09CA684873FA3EA21F1EDA572753047F289AF181","False","2026-06-07 14:15:57"
"tools\realization\pack-r12-phase01-phase02-closure.cjs","07_Tools_Validation_Misc","Tools, Validation Scripts, Root Config, Docs, Misc","Tooling Script",".cjs","1751","57130","55.79","6AA53DEAE21D40C0EA89FA30023463270EA85DE9A7AABBA4D3E11E86EC64B342","False","2026-06-07 13:44:07"
"tools\realization\validate-genealogy-recursive-cycle-guard.cjs","07_Tools_Validation_Misc","Tools, Validation Scripts, Root Config, Docs, Misc","Tooling Script",".cjs","28","935","0.91","884719DEABA14862C64687722F55D3C59DA9BD30C489A8F56A2EFE6BA00EBDC8","False","2026-06-07 13:44:19"
"tools\realization\validate-phase01-phase02.cjs","07_Tools_Validation_Misc","Tools, Validation Scripts, Root Config, Docs, Misc","Tooling Script",".cjs","184","5474","5.35","D28BB03486A5B7BD510499C9936E90BC8426553D343C1461087BD378DD82A299","False","2026-06-07 14:00:06"
"tools\realization\validate-phase03-phase04.cjs","07_Tools_Validation_Misc","Tools, Validation Scripts, Root Config, Docs, Misc","Tooling Script",".cjs","201","7559","7.38","FD2BF1525358DF5B22328EB8ED7E41097DDB670B727D8116AFC7B83B49DD5002","False","2026-06-07 14:15:57"
"tools\reset-app-database.ps1","07_Tools_Validation_Misc","Tools, Validation Scripts, Root Config, Docs, Misc","Tooling Script",".ps1","52","2992","2.92","0D193758D25A174B32ED5FF9F1D56607B89DE3F37313BC41C3A4CA5CFC278B0F","False","2026-07-05 15:47:16"
"tools\reset-emulation-sources.ps1","07_Tools_Validation_Misc","Tools, Validation Scripts, Root Config, Docs, Misc","Tooling Script",".ps1","26","1434","1.4","EC509356E07F01BC522C9CD5702318F0A8EFB962A5CC27B18005B3D3073CF013","False","2026-07-05 13:16:18"
"tools\scaffold-website-frontend.ps1","07_Tools_Validation_Misc","Tools, Validation Scripts, Root Config, Docs, Misc","Tooling Script",".ps1","1644","45672","44.6","AC40761C6F635BD03194E6BAADD13C1085D8E81F96CCA64C9BFA9A69127D86A6","False","2026-05-19 13:14:54"
"tools\scaffold-website-frontend-v2.ps1","07_Tools_Validation_Misc","Tools, Validation Scripts, Root Config, Docs, Misc","Tooling Script",".ps1","1220","34964","34.14","E97F622CA2C56BB865924B96FE4F1FC884B13CA357A7F9A88283F4A76C14CC68","False","2026-05-19 13:25:54"
"tools\security\Invoke-SecretScan.ps1","07_Tools_Validation_Misc","Tools, Validation Scripts, Root Config, Docs, Misc","Tooling Script",".ps1","104","3499","3.42","682C4EEC0BE410073C82C036162278223A2F555451D53DFBF4A90610A6E1EA47","False","2026-06-07 13:44:19"
"tools\security\Scan-PPIQ-Phase1-Defaults.ps1","07_Tools_Validation_Misc","Tools, Validation Scripts, Root Config, Docs, Misc","Tooling Script",".ps1","34","1284","1.25","0B38B42975D0A9A2200BFCD57CBE3A53EB02771A665088D881B1D40F9CA8C382","False","2026-05-30 07:56:49"
"tools\security\Test-DatabaseEncryptionAtRest.ps1","07_Tools_Validation_Misc","Tools, Validation Scripts, Root Config, Docs, Misc","Tooling Script",".ps1","27","757","0.74","2D5D49E29055D6EBA7080764D8F960183A97345E5FBAC8995194CE339CA52129","False","2026-06-07 13:44:19"
"tools\security\validate-bootstrap-admin-disabled.cjs","07_Tools_Validation_Misc","Tools, Validation Scripts, Root Config, Docs, Misc","Tooling Script",".cjs","111","2926","2.86","93369387CA90272CE3F5FCA12C01D560A6E9036BEBE3A5F86D174269E7D36F8B","False","2026-06-07 13:58:20"
"tools\security\validate-devseed-production-artifact.cjs","07_Tools_Validation_Misc","Tools, Validation Scripts, Root Config, Docs, Misc","Tooling Script",".cjs","55","1885","1.84","28F9FE3D2FA2CA2B695415AC736DDBF6D4BC0867E351C72A94AC56E824DB5202","False","2026-06-07 13:44:19"
"tools\security\validate-no-demo-tenant-fallback.cjs","07_Tools_Validation_Misc","Tools, Validation Scripts, Root Config, Docs, Misc","Tooling Script",".cjs","77","2594","2.53","24820BE25E8890A200BAAC2EC03969989C2FB850A00A0C1DA6E9C4BC963EF81C","False","2026-06-07 13:56:29"
"tools\security\validate-safesql-comment-stripper.cjs","07_Tools_Validation_Misc","Tools, Validation Scripts, Root Config, Docs, Misc","Tooling Script",".cjs","132","3334","3.26","87ED7400D1513B6925FBB93CE39B08663B1586F0337723E8E752675D897F882F","False","2026-06-07 14:01:28"
"tools\security\validate-tenant-context-hardening.cjs","07_Tools_Validation_Misc","Tools, Validation Scripts, Root Config, Docs, Misc","Tooling Script",".cjs","68","2305","2.25","742597F701A1E01BC559DBC1CFD4A5FBF0128A54E12538D2053AD2F5076F4EED","False","2026-06-07 14:15:57"
"tools\task-closure\Invoke-Backend-Regression.ps1","07_Tools_Validation_Misc","Tools, Validation Scripts, Root Config, Docs, Misc","Tooling Script",".ps1","1","106","0.1","6F222DC5065B2151A68B64BA93AE0E5B00CC7B107F3D34DC1E6983DC20FBA0F6","False","2026-06-06 12:34:45"
"tools\task-closure\Invoke-Edge-Regression.ps1","07_Tools_Validation_Misc","Tools, Validation Scripts, Root Config, Docs, Misc","Tooling Script",".ps1","1","103","0.1","AC5CAE6ABD8427CDB2F46E1D8C9149DA4809D22C9F6CC001F1E474FEBB5E7A36","False","2026-06-06 12:34:45"
"tools\task-closure\Invoke-Frontend-Regression.ps1","07_Tools_Validation_Misc","Tools, Validation Scripts, Root Config, Docs, Misc","Tooling Script",".ps1","66","1904","1.86","505DF64CBD6299E36D5A5EF85AE64AC6609088B4D20B6730DA197F539CB46366","False","2026-06-06 12:44:12"
"tools\task-closure\Invoke-Historian-Regression.ps1","07_Tools_Validation_Misc","Tools, Validation Scripts, Root Config, Docs, Misc","Tooling Script",".ps1","1","102","0.1","1593AD692AB30FBEEE3B5E3AB2E30D8B696A556603F55F1B2F90E3D13D828A83","False","2026-06-06 12:34:45"
"tools\task-closure\Invoke-T001-T071-Regression.ps1","07_Tools_Validation_Misc","Tools, Validation Scripts, Root Config, Docs, Misc","Tooling Script",".ps1","1","124","0.12","204132D6A20FE2AD196AAFB7F9B91E38916DAA96C971741F0CC364873742DFDB","False","2026-06-06 12:34:45"
"tools\task-closure\Invoke-T001-T071-TaskClosureGate.ps1","07_Tools_Validation_Misc","Tools, Validation Scripts, Root Config, Docs, Misc","Tooling Script",".ps1","1184","4600","4.49","3BCB9D11A363863C92370BF46BEBAD3B8B0650D11F9BBE1BB1BB698473A95FA1","False","2026-06-06 15:54:41"
"tools\task-closure\ppiq-pack-a4-scorecard-bridge.cjs","07_Tools_Validation_Misc","Tools, Validation Scripts, Root Config, Docs, Misc","Tooling Script",".cjs","85","3915","3.82","CF60086F75EF5C0AAB5A110A7C3A56593C87C3587A66B8D1522103DDE9D13EC9","False","2026-06-06 13:39:00"
"tools\task-closure\ppiq-pack-a5-scorecard-bridge.cjs","07_Tools_Validation_Misc","Tools, Validation Scripts, Root Config, Docs, Misc","Tooling Script",".cjs","85","3921","3.83","C56046387D19A0688FD2D155AD414E74FF69DC92BD630C3DF4C1A74187CEAE6E","False","2026-06-06 14:11:51"
"tools\task-closure\ppiq-pack-a-scorecard-bridge.cjs","07_Tools_Validation_Misc","Tools, Validation Scripts, Root Config, Docs, Misc","Tooling Script",".cjs","167","6970","6.81","3AEE6175EC74559D12B2C494230E2422628F9573707E770FB9BA9A4BB7D2D085","False","2026-06-06 13:34:46"
"tools\task-closure\ppiq-pack-e2-scorecard-bridge.cjs","07_Tools_Validation_Misc","Tools, Validation Scripts, Root Config, Docs, Misc","Tooling Script",".cjs","85","3939","3.85","2419BF00CD385CB84E0452AF99FEAAA135353EFBA43BBC44EDD6952BCDBB5216","False","2026-06-06 15:02:09"
"tools\task-closure\ppiq-pack-e3-scorecard-bridge.cjs","07_Tools_Validation_Misc","Tools, Validation Scripts, Root Config, Docs, Misc","Tooling Script",".cjs","85","3928","3.84","AF9D3AC0FEF7189D62675A0D705D74A599896EFF734C6A554A9CB13ADCF6EC96","False","2026-06-06 15:15:31"
"tools\task-closure\ppiq-pack-e4-scorecard-bridge.cjs","07_Tools_Validation_Misc","Tools, Validation Scripts, Root Config, Docs, Misc","Tooling Script",".cjs","74","3891","3.8","022F89B51B51CCC26216426498A836F58C7A960116F8CAAB12E1C7AD00D0281C","False","2026-06-06 15:32:00"
"tools\task-closure\ppiq-pack-f2-scorecard-bridge.cjs","07_Tools_Validation_Misc","Tools, Validation Scripts, Root Config, Docs, Misc","Tooling Script",".cjs","57","3821","3.73","F90C57D414D340C44B381D79D40BAB467C0767F89FB24B1C5C501AECD9C4AC99","False","2026-06-06 15:50:34"
"tools\task-closure\ppiq-pack-f3-scorecard-bridge.cjs","07_Tools_Validation_Misc","Tools, Validation Scripts, Root Config, Docs, Misc","Tooling Script",".cjs","57","3800","3.71","C891045AE803AFE5242BD41A10F9F8E2443918DBA2CF6D15CDED63AB05A1FC5D","False","2026-06-06 16:00:49"
"tools\task-closure\ppiq-pack-f4-scorecard-bridge.cjs","07_Tools_Validation_Misc","Tools, Validation Scripts, Root Config, Docs, Misc","Tooling Script",".cjs","57","3829","3.74","F188D915FC3EFDB84824C27C0BE18283D7F6F4B05BDD7640EFC160FC89D9CC6F","False","2026-06-06 16:03:16"
"tools\task-closure\ppiq-pack-f5-scorecard-bridge.cjs","07_Tools_Validation_Misc","Tools, Validation Scripts, Root Config, Docs, Misc","Tooling Script",".cjs","57","3842","3.75","3ED5E10EF841DB7C7E5B0E53736FD4E38160E51C5D49AC9AD970ACB820DF1EBE","False","2026-06-06 16:06:39"
"tools\task-closure\ppiq-pack-g3-scorecard-bridge.cjs","07_Tools_Validation_Misc","Tools, Validation Scripts, Root Config, Docs, Misc","Tooling Script",".cjs","56","3466","3.38","F84F39C261297D706532A7103CE41808393FF13B97E85731F783B298A767B5FC","False","2026-06-06 16:40:49"
"tools\task-closure\ppiq-pack-g4-scorecard-bridge.cjs","07_Tools_Validation_Misc","Tools, Validation Scripts, Root Config, Docs, Misc","Tooling Script",".cjs","56","3485","3.4","E1719C6A4AC669D6D89F0A7D7A8300124BDC987EDAFB386DC1C38F45A6A00228","False","2026-06-06 16:50:24"
"tools\task-closure\ppiq-pack-g5-scorecard-bridge.cjs","07_Tools_Validation_Misc","Tools, Validation Scripts, Root Config, Docs, Misc","Tooling Script",".cjs","56","3467","3.39","82834FB606295F417BB87E7765CE4B9676A2F341F61E705C0CC682D9639925EA","False","2026-06-06 16:59:40"
"tools\task-closure\ppiq-pack-g6-scorecard-bridge.cjs","07_Tools_Validation_Misc","Tools, Validation Scripts, Root Config, Docs, Misc","Tooling Script",".cjs","56","3454","3.37","2EFC8D255C6C7230D071A39733BA15CDA4F4E47CCF187770E172ABAA54AD8835","False","2026-06-06 17:03:47"
"tools\task-closure\ppiq-pack-g7-scorecard-bridge.cjs","07_Tools_Validation_Misc","Tools, Validation Scripts, Root Config, Docs, Misc","Tooling Script",".cjs","56","3463","3.38","47C01ACA35D180C9B18900FB8C30D7C9CD28AD312348729119B0B632720E72B6","False","2026-06-06 17:09:34"
"tools\task-closure\ppiq-pack-g8-scorecard-bridge.cjs","07_Tools_Validation_Misc","Tools, Validation Scripts, Root Config, Docs, Misc","Tooling Script",".cjs","56","3484","3.4","DB6720416EDAA3C2BE4F00BEF5C15F34200C1211550B57C85C2960BB009413DB","False","2026-06-06 17:16:54"
"tools\task-closure\ppiq-pack-g9-scorecard-bridge.cjs","07_Tools_Validation_Misc","Tools, Validation Scripts, Root Config, Docs, Misc","Tooling Script",".cjs","72","4239","4.14","08EB526F8FE412E493DA792FEB47BD818A99B93C8F86BC2B72BC9ACFB2E80BD6","False","2026-06-06 17:19:49"
"tools\task-closure\validate-action-matrix-coverage.cjs","07_Tools_Validation_Misc","Tools, Validation Scripts, Root Config, Docs, Misc","Tooling Script",".cjs","1","115","0.11","1D8C8F27CAD71C2BE7A5F1F5E56B8CF2A09645ED1D7F52104799C2CE0F0B54AA","False","2026-06-06 12:34:45"
"tools\task-closure\validate-arabic-locale-completeness.cjs","07_Tools_Validation_Misc","Tools, Validation Scripts, Root Config, Docs, Misc","Tooling Script",".cjs","1","102","0.1","BA78ACD8FFA2BF44792F469EB37774D74D49B7160965F53FD587B10D384511BB","False","2026-06-06 12:34:45"
"tools\task-closure\validate-backend-analyzers.cjs","07_Tools_Validation_Misc","Tools, Validation Scripts, Root Config, Docs, Misc","Tooling Script",".cjs","1","111","0.11","FC84745731E1B8F110EFEB766FE16B5D77554312C59B42E35EBCDB408DE478BD","False","2026-06-06 12:34:45"
"tools\task-closure\validate-backend-endpoint-thinness.cjs","07_Tools_Validation_Misc","Tools, Validation Scripts, Root Config, Docs, Misc","Tooling Script",".cjs","1","101","0.1","61F2E5BA71FE09F575AC3278252B2DE3C655A2AE1F6CE7F24104ED9514536A30","False","2026-06-06 12:34:45"
"tools\task-closure\validate-edge-no-egress.cjs","07_Tools_Validation_Misc","Tools, Validation Scripts, Root Config, Docs, Misc","Tooling Script",".cjs","1","99","0.1","4B918FF837D36925392710DB620F0FCB4CF2960DC372E2BB4B7028DD3946DE81","False","2026-06-06 12:34:45"
"tools\task-closure\validate-edge-staging-canonical-flow.cjs","07_Tools_Validation_Misc","Tools, Validation Scripts, Root Config, Docs, Misc","Tooling Script",".cjs","1","98","0.1","8F0E371031F001B22F29F80E3F8B1ECFCE178D6BF402ACD7FC03B21B2067C7B1","False","2026-06-06 12:34:45"
"tools\task-closure\validate-historian-canonical-flow.cjs","07_Tools_Validation_Misc","Tools, Validation Scripts, Root Config, Docs, Misc","Tooling Script",".cjs","1","95","0.09","612ED673119BF1E7083C3BD011297F7CE4ECBEB8A365280BAA4EA202521DB42F","False","2026-06-06 12:34:45"
"tools\task-closure\validate-historian-connector.cjs","07_Tools_Validation_Misc","Tools, Validation Scripts, Root Config, Docs, Misc","Tooling Script",".cjs","1","90","0.09","FC772E0BDE3BB43B2A0367D5DB12628CAF220042E3B9A42A355BAD94000AB87A","False","2026-06-06 12:34:45"
"tools\task-closure\validate-i18n-string-extraction.cjs","07_Tools_Validation_Misc","Tools, Validation Scripts, Root Config, Docs, Misc","Tooling Script",".cjs","1","87","0.08","3CCD758D81AA65D7BCDA48FB4E41062D6DD64E90051FDA6F44D901F9C2286CF1","False","2026-06-06 12:34:45"
"tools\task-closure\validate-mobile-parity.cjs","07_Tools_Validation_Misc","Tools, Validation Scripts, Root Config, Docs, Misc","Tooling Script",".cjs","1","89","0.09","51C05282753EEDD704E161D349FCD653EF02EE0EC4E783B715C654935B656A97","False","2026-06-06 12:34:45"
"tools\task-closure\validate-p05-no-tracked-warnings.cjs","07_Tools_Validation_Misc","Tools, Validation Scripts, Root Config, Docs, Misc","Tooling Script",".cjs","6","180","0.18","F4B730195188D7CF11E67C78C8AAB8BA01C9BE880FA812E58BCD5E2C6F6415E6","False","2026-06-06 12:44:12"
"tools\task-closure\validate-raw-brand-tokens.cjs","07_Tools_Validation_Misc","Tools, Validation Scripts, Root Config, Docs, Misc","Tooling Script",".cjs","1","90","0.09","D07A8EADDA68ED3D615075FD55F456DB370B2DE2D53A7BBC861891A2F7E465CC","False","2026-06-06 12:34:45"
"tools\task-closure\validate-realism-scale.cjs","07_Tools_Validation_Misc","Tools, Validation Scripts, Root Config, Docs, Misc","Tooling Script",".cjs","1","106","0.1","CD7BDF1AEE62157053EF1689D14F4528E79874D4469F2412DAF4E046BA2EC0D6","False","2026-06-06 12:34:45"
"tools\task-closure\validate-rtl-theme-matrix.cjs","07_Tools_Validation_Misc","Tools, Validation Scripts, Root Config, Docs, Misc","Tooling Script",".cjs","1","96","0.09","9C5E2803EF3537808BF26B148346D671CC0FCE41D5664640C8A1D9FE626C7C17","False","2026-06-06 12:34:45"
"tools\task-closure\validate-t001-t071-task-closure.cjs","07_Tools_Validation_Misc","Tools, Validation Scripts, Root Config, Docs, Misc","Tooling Script",".cjs","815","46883","45.78","832CB22B482C676DA83C65354D6308CD13BC75B16534E791AECD724502FC0B9A","False","2026-06-16 10:41:34"
"tools\task-closure\write-gate-report.cjs","07_Tools_Validation_Misc","Tools, Validation Scripts, Root Config, Docs, Misc","Tooling Script",".cjs","1","125","0.12","92388C9FF421156BC8B60E3AF1E80B072223382ECF6AFA00643CB1AE1702C91C","False","2026-06-06 12:34:45"
"tools\ui\audit-action-buttons.cjs","07_Tools_Validation_Misc","Tools, Validation Scripts, Root Config, Docs, Misc","Tooling Script",".cjs","321","8944","8.73","A448AA061F80967F37C486971FDBEBAA7B16EB5FB493FB1B02F6DDBD7746E7CC","False","2026-06-10 15:22:58"
"tools\ui\audit-fields.cjs","07_Tools_Validation_Misc","Tools, Validation Scripts, Root Config, Docs, Misc","Tooling Script",".cjs","379","11364","11.1","3B4AF191A03FE403D7D7CA95C39E4DEB7A419C02A8062C452D264829983DDD2C","False","2026-06-10 15:50:00"
"tools\ui\audit-inert-standard-buttons.cjs","07_Tools_Validation_Misc","Tools, Validation Scripts, Root Config, Docs, Misc","Tooling Script",".cjs","120","4157","4.06","001599AF2E22100AE849F76B676FD9F3E4260A8220BAD545EB095A976437BF67","False","2026-06-24 16:24:43"
"tools\ui\audit-tables.cjs","07_Tools_Validation_Misc","Tools, Validation Scripts, Root Config, Docs, Misc","Tooling Script",".cjs","233","6561","6.41","AB75A73EDEC13ABDCF8B979E844F82437011E5899D1669040BD5B73C1245C7F3","False","2026-06-10 15:35:53"
"tools\ui\audit-tabs-navigation.cjs","07_Tools_Validation_Misc","Tools, Validation Scripts, Root Config, Docs, Misc","Tooling Script",".cjs","363","10948","10.69","D4E31DB4CFA781FF3D9455A2A476FF023EF94A38604CA075003F6098EC2D1D97","False","2026-06-10 15:43:42"
"tools\ui\audit-ui-instances.cjs","07_Tools_Validation_Misc","Tools, Validation Scripts, Root Config, Docs, Misc","Tooling Script",".cjs","137","4538","4.43","0B2D6CAF92F64FA08515AC8CFA0CB12E0BD634F4D66DC079FAF2140F3B67EB65","False","2026-06-10 14:44:35"
"tools\validation\prove-standard-import-gate.cjs","07_Tools_Validation_Misc","Tools, Validation Scripts, Root Config, Docs, Misc","Tooling Script",".cjs","67","2278","2.22","3BDDB27088D37BDC11E20D87176ECCA589A5D78A9D6CF40A1475EB62CC472FCF","False","2026-05-31 13:07:14"
"tools\validation\Run-FullValidation.ps1","07_Tools_Validation_Misc","Tools, Validation Scripts, Root Config, Docs, Misc","Tooling Script",".ps1","55","1268","1.24","35072A2FE92BB9EDED0622215781A358C1FFFB23E83CE943C3B20BE974C75B03","False","2026-05-18 23:19:15"
"tools\validation\Run-P00A-StructuralGates.ps1","07_Tools_Validation_Misc","Tools, Validation Scripts, Root Config, Docs, Misc","Tooling Script",".ps1","59","2704","2.64","149039849300CDD2DFE6E4EB7030411A748CCFD643AAF835E32C4D2690DF810B","False","2026-05-31 13:11:35"
"tools\validation\Validate-BeforeRefactor.ps1","07_Tools_Validation_Misc","Tools, Validation Scripts, Root Config, Docs, Misc","Tooling Script",".ps1","38","1090","1.06","80020F365BB54942C51137A37286F2FE7C6A0CA381A444E24A6C292906444A0B","False","2026-05-18 23:19:15"
"tools\validation\Validate-Dimension2-Dimension6.ps1","07_Tools_Validation_Misc","Tools, Validation Scripts, Root Config, Docs, Misc","Tooling Script",".ps1","185","6569","6.42","3C0381CC0C993971DBD436E327CF773BA370A4A4C459FFAEB1419027718F4D8A","False","2026-05-21 15:37:50"
"tools\validation\Validate-Dimension7-Brand.ps1","07_Tools_Validation_Misc","Tools, Validation Scripts, Root Config, Docs, Misc","Tooling Script",".ps1","156","4760","4.65","A3B3C81937EA809DC1C1D84AA1452B17F57D04B236E70DD0736EB6EE18DBF869","False","2026-05-21 15:51:34"
"tools\validation\validate-phase01-phase02-gates.mjs","07_Tools_Validation_Misc","Tools, Validation Scripts, Root Config, Docs, Misc","Tooling Script",".mjs","176","6627","6.47","CA2AF7AB9BCB98EE715447931694ED7EBBC8FAB4C950BB064AF60021DF268115","False","2026-06-16 09:51:24"
"tools\validation\Validate-Phase01-Phase02-Gates.ps1","07_Tools_Validation_Misc","Tools, Validation Scripts, Root Config, Docs, Misc","Tooling Script",".ps1","11","223","0.22","23458F2D7DEB2051FD29B886C264732A19A91F3BBCC2A2FEBBF8AD64CFD1AFE6","False","2026-05-30 14:06:41"
"tools\validation\validate-phase01-phase02-v5-gates.mjs","07_Tools_Validation_Misc","Tools, Validation Scripts, Root Config, Docs, Misc","Tooling Script",".mjs","76","4371","4.27","D311F99D0C9929A30310F77570A09702806EFFF218E477A167D2AB3DC2DDE8AC","False","2026-06-08 23:44:33"
"tools\validation\Validate-Phase01-Phase02-v5-Gates.ps1","07_Tools_Validation_Misc","Tools, Validation Scripts, Root Config, Docs, Misc","Tooling Script",".ps1","12","238","0.23","4A39CFFE59939060BF0BC8FD9C75E101C2466198DFE8FE55725DF5ED4E2476E5","False","2026-05-30 15:32:49"
"tools\validation\validate-phase03-gates.mjs","07_Tools_Validation_Misc","Tools, Validation Scripts, Root Config, Docs, Misc","Tooling Script",".mjs","100","4313","4.21","859C76028388F002EF6CA1AA5AFDEFED09CAE308DC3B2259F990940C4899FAD9","False","2026-05-31 13:07:14"
"tools\validation\Validate-Phase03-Gates.ps1","07_Tools_Validation_Misc","Tools, Validation Scripts, Root Config, Docs, Misc","Tooling Script",".ps1","10","206","0.2","DA3A66B8A1E751275B5A2D9273AAAB11654E4EB605554CCBE1BC17C9D2066392","False","2026-05-30 14:43:16"
"tools\validation\Validate-Phase1-Hardening-Website.ps1","07_Tools_Validation_Misc","Tools, Validation Scripts, Root Config, Docs, Misc","Tooling Script",".ps1","155","5400","5.27","DA4C5F22639D87519086702B2C167FF3B3B41E7FC9D8094300A0EF8EFAC86E81","False","2026-05-25 11:37:24"
"tools\validation\Validate-Phase2-Step1-Step2.ps1","07_Tools_Validation_Misc","Tools, Validation Scripts, Root Config, Docs, Misc","Tooling Script",".ps1","112","4222","4.12","5E51EBBA0DFE4D254CBA2096FD1BC31C4515F9113FB9BC090D4EC332CF88D970","False","2026-05-25 12:14:21"
"tools\validation\Validate-Phase2-Step3-Step5.ps1","07_Tools_Validation_Misc","Tools, Validation Scripts, Root Config, Docs, Misc","Tooling Script",".ps1","77","3178","3.1","BEB13BB969D1D5B7D60CF02535619BFBF0A9369ACB91E0F65D6C79A0511DABBD","False","2026-05-25 12:54:07"
"tools\validation\validate-sql-script-hygiene.cjs","07_Tools_Validation_Misc","Tools, Validation Scripts, Root Config, Docs, Misc","Tooling Script",".cjs","62","2179","2.13","42E7513DD0895235C42ED352D75D06206E024D39E5332078C3A174EE1FA6F718","False","2026-05-31 13:07:14"
"tools\validation\validate-t208-exposure.cjs","07_Tools_Validation_Misc","Tools, Validation Scripts, Root Config, Docs, Misc","Tooling Script",".cjs","43","1604","1.57","EC054F8564C43A593920B1318E0982596DCC4B5D49D1E281E8D0CD7818C3CB32","False","2026-06-16 09:51:24"
"tools\validation\validate-v6-phase01-phase02-completion.cjs","07_Tools_Validation_Misc","Tools, Validation Scripts, Root Config, Docs, Misc","Tooling Script",".cjs","49","3422","3.34","CB73148E1A32969B0CF4A2483FA8263777AB09859BDE066F0332FC10DC8FDCDF","False","2026-06-16 09:51:24"
"tools\validation\validate-v7-phase01.cjs","07_Tools_Validation_Misc","Tools, Validation Scripts, Root Config, Docs, Misc","Tooling Script",".cjs","73","3934","3.84","5D8CEA292628B4CA474BCF88AF46AB38DE4B42E1E8AB4417DE616EC92243CEA7","False","2026-06-16 09:51:24"
"tools\validation\validate-v7-phase01-acceptance.cjs","07_Tools_Validation_Misc","Tools, Validation Scripts, Root Config, Docs, Misc","Tooling Script",".cjs","95","5262","5.14","CFFB2ADDC3188491D2E58A5A77FD514DE59C6B4D4A3095615FF8E62B978906A3","False","2026-06-08 23:41:35"
"tools\validation\validate-v7-phase02-phase03-acceptance.cjs","07_Tools_Validation_Misc","Tools, Validation Scripts, Root Config, Docs, Misc","Tooling Script",".cjs","74","3777","3.69","12B66874B49AD990F89AA655FDB8A40EEF462593DD2B33BE90DBBB9E3B737155","False","2026-05-31 13:07:14"
"tools\validation\validate-v7-phase04-phase05-acceptance.cjs","07_Tools_Validation_Misc","Tools, Validation Scripts, Root Config, Docs, Misc","Tooling Script",".cjs","49","2590","2.53","2ABAFABC7C8B5DA419A1816E52DB7E2F2DBDE893BE39178A97FC1C4D7E17E4D3","False","2026-05-31 13:07:14"
"tools\validation\validate-v7-phase04-phase05-completion.cjs","07_Tools_Validation_Misc","Tools, Validation Scripts, Root Config, Docs, Misc","Tooling Script",".cjs","59","3666","3.58","A23321DF8866C1951C763CFB92B155897DF402CB6A704982AC2980D16592DDEF","False","2026-05-31 13:07:14"
"Verify-M1-01-ImportEvidence.ps1","07_Tools_Validation_Misc","Tools, Validation Scripts, Root Config, Docs, Misc","PowerShell Script",".ps1","71","2922","2.85","66071069AFB36271000A160A2257F3525E690DFF1A469D044414F74FACD68E4A","False","2026-07-12 20:22:12"
"Verify-M1-03-GuardFalsification.ps1","07_Tools_Validation_Misc","Tools, Validation Scripts, Root Config, Docs, Misc","PowerShell Script",".ps1","99","5032","4.91","DE4E8D008EF0D3F5DF3D488341B4C51E7D2B3F228DD4E980E7DDCEC67B31FA2F","False","2026-07-12 20:22:12"
"Verify-M1-06-ProjectorClose.ps1","07_Tools_Validation_Misc","Tools, Validation Scripts, Root Config, Docs, Misc","PowerShell Script",".ps1","88","5402","5.28","59FDDF9D6C40C6A6108507B45E3BD36F7A4B4EC721BDCBEB433432426C2E2C72","False","2026-07-12 20:32:30"
"walk-evidence.md","07_Tools_Validation_Misc","Tools, Validation Scripts, Root Config, Docs, Misc","Markdown Documentation",".md","30","3060","2.99","16129FC1D40483C1BB3D6F29730A1D0B7C4C8A505C4D55F11571529577D3D9A9","False","2026-07-05 21:33:05"
"deploy\fixtures\demo\caster-oracle\init\001_schema_seed.sql","07A_DEMO_SQL_Data_Seed","DEMO SQL Data Seed: Schema, SQL Data, Excel/CSV Fixtures","Demo SQL Seed Script",".sql","77","2795","2.73","B32E370671845C6BCB60DF3852B3EF75E1F3391A43E825A60969C059F522048D","True","2026-06-06 08:32:46"
"deploy\fixtures\demo\caster-oracle\init\002_data.sql","07A_DEMO_SQL_Data_Seed","DEMO SQL Data Seed: Schema, SQL Data, Excel/CSV Fixtures","Demo SQL Seed Script",".sql","6255","1378113","1345.81","8C26AF74B17A2EBF3C9FC80F1BB634520F236128017F717B56F93167DF8B2245","True","2026-06-09 13:45:59"
"deploy\fixtures\demo\downtime-mysql\init\001_schema_seed.sql","07A_DEMO_SQL_Data_Seed","DEMO SQL Data Seed: Schema, SQL Data, Excel/CSV Fixtures","Demo SQL Seed Script",".sql","29","1055","1.03","EE24869F7CCA2C2C50C0E726D88689884F70BFBD579FA392E88AC4F7D22DDB1E","True","2026-06-06 08:32:47"
"deploy\fixtures\demo\downtime-mysql\init\002_data.sql","07A_DEMO_SQL_Data_Seed","DEMO SQL Data Seed: Schema, SQL Data, Excel/CSV Fixtures","Demo SQL Seed Script",".sql","112","12807","12.51","1C457CFAAB74DB0C2943282DF5ABBFB3D8ABA8CAEA61334C611E40AF1EDE3281","True","2026-06-09 13:45:59"
"deploy\fixtures\demo\excel-qa\qa_samples.csv","07A_DEMO_SQL_Data_Seed","DEMO SQL Data Seed: Schema, SQL Data, Excel/CSV Fixtures","Demo CSV Seed Data",".csv","1869","156573","152.9","77127ACEAE108F8307471050DBB7BB03546D55BEBF6250436689A65C0233BAE9","True","2026-06-09 13:45:59"
"deploy\fixtures\demo\excel-yard\yard_inventory.csv","07A_DEMO_SQL_Data_Seed","DEMO SQL Data Seed: Schema, SQL Data, Excel/CSV Fixtures","Demo CSV Seed Data",".csv","5601","491637","480.11","16180D05F1B0B6807C9C6C3876D7F91B25B7533BB4C76594F4249783B80C664C","True","2026-06-12 19:41:46"
"deploy\fixtures\demo\hsm-oracle\init\001_schema_seed.sql","07A_DEMO_SQL_Data_Seed","DEMO SQL Data Seed: Schema, SQL Data, Excel/CSV Fixtures","Demo SQL Seed Script",".sql","75","2903","2.83","2CC79679E5393912C436E97CC39BC1AF9BB24BB6AB57D1EE2653157D4E14C21A","True","2026-06-06 08:32:46"
"deploy\fixtures\demo\hsm-oracle\init\002_data.sql","07A_DEMO_SQL_Data_Seed","DEMO SQL Data Seed: Schema, SQL Data, Excel/CSV Fixtures","Demo SQL Seed Script",".sql","33480","7674531","7494.66","09CBA6225BD954BA6646326F201DC5EFCBEB804368CF4F5760F6385477A0D79A","True","2026-06-09 13:45:59"
"deploy\fixtures\demo\meltshop-postgres\init\001_schema_seed.sql","07A_DEMO_SQL_Data_Seed","DEMO SQL Data Seed: Schema, SQL Data, Excel/CSV Fixtures","Demo SQL Seed Script",".sql","81","2023","1.98","66688E0A905B44ACB48E2824C917905B5B8BCB5029EE5E49071A02D14A532FA6","True","2026-06-06 08:32:45"
"deploy\fixtures\demo\meltshop-postgres\init\002_data.sql","07A_DEMO_SQL_Data_Seed","DEMO SQL Data Seed: Schema, SQL Data, Excel/CSV Fixtures","Demo SQL Seed Script",".sql","639","72785","71.08","31EDB3D6E458FB27D21D9C1D075A392F3961CA13F65752D6FF20484F97A2E6EC","True","2026-06-09 13:45:59"
"deploy\fixtures\demo\parsytec-mysql\init\001_schema_seed.sql","07A_DEMO_SQL_Data_Seed","DEMO SQL Data Seed: Schema, SQL Data, Excel/CSV Fixtures","Demo SQL Seed Script",".sql","87","1991","1.94","7229B0666B7B2EAC070D744C4A930B29D1DFE09CB49D121D0650AE41866AE539","True","2026-06-17 23:04:42"
"deploy\fixtures\demo\parsytec-mysql\init\002_data.sql","07A_DEMO_SQL_Data_Seed","DEMO SQL Data Seed: Schema, SQL Data, Excel/CSV Fixtures","Demo SQL Seed Script",".sql","2149","230711","225.3","953A44A86D7BBA609A744BD48B5554FD60F03C848D01B3C47E58231C9A84F1E6","True","2026-06-17 23:04:42"
"deploy\fixtures\demo\pkl-mssql\init\001_schema_seed.sql","07A_DEMO_SQL_Data_Seed","DEMO SQL Data Seed: Schema, SQL Data, Excel/CSV Fixtures","Demo SQL Seed Script",".sql","59","1678","1.64","55507DC4286A6E75D408A2FFBDD481D96CDDA22C158B9F778673E88E5639E6D4","True","2026-06-06 08:32:06"
"deploy\fixtures\demo\pkl-mssql\init\002_data.sql","07A_DEMO_SQL_Data_Seed","DEMO SQL Data Seed: Schema, SQL Data, Excel/CSV Fixtures","Demo SQL Seed Script",".sql","5633","445474","435.03","57B6F6885FAC23FFCEF750BA64FFA3BD1936EEBC9FD3778F4FFBF4C78687F319","True","2026-06-09 13:45:59"
"Website\.env.local","08_Website","Website: PlantProcess.Website","Environment Config",".local","0","0","0","E3B0C44298FC1C149AFBF4C8996FB92427AE41E4649B934CA495991B7852B855","True","2026-06-04 12:12:42"
"Website\PlantProcess.Website\.dockerignore","08_Website","Website: PlantProcess.Website","Other Text File",".dockerignore","16","321","0.31","57B314EEEFBEC6A9ECE7C62D7CD5C607992728CD692D6A644F98C16115B569D1","False","2026-05-19 14:44:31"
"Website\PlantProcess.Website\.env.example","08_Website","Website: PlantProcess.Website","Environment Config",".example","1","52","0.05","08B29A66C66E1FD434B7EB7D8CC5B5062038D59FCE7B4F97CA7BDAD6FC4070B6","True","2026-05-19 13:26:36"
"Website\PlantProcess.Website\.env.local","08_Website","Website: PlantProcess.Website","Environment Config",".local","1","52","0.05","85E0B7EB2B4052847FB4E8AA83FA7738B5B41F41204830576126DEB1661E38ED","True","2026-07-09 11:56:25"
"Website\PlantProcess.Website\docs\phase10-acceptance.md","08_Website","Website: PlantProcess.Website","Markdown Documentation",".md","156","1648","1.61","7C1B827136D053853524E76824E12671E0C524CACF2349EE7C36FF697A8BAC7B","False","2026-06-03 10:45:31"
"Website\PlantProcess.Website\index.html","08_Website","Website: PlantProcess.Website","Markup / View",".html","19","703","0.69","E2B877B8109BD61CBDC134DD86113F87A3F83E5411E7CB78FD71C9D3CC2054AD","False","2026-06-10 10:51:12"
"Website\PlantProcess.Website\nginx.conf","08_Website","Website: PlantProcess.Website","Other Text File",".conf","20","449","0.44","844FFEA5E09E5822FEA994F95EDB6398325BF68FACEB5F7683170976BE018E8B","False","2026-05-19 13:26:36"
"Website\PlantProcess.Website\package.json","08_Website","Website: PlantProcess.Website","JSON Configuration",".json","39","1403","1.37","6328C1399988863F5121FB9A478016FA451F1E6D40652E2904E6BF449FFFC257","False","2026-06-13 20:05:46"
"Website\PlantProcess.Website\playwright.golive.config.ts","08_Website","Website: PlantProcess.Website","TypeScript Source",".ts","11","405","0.4","2D19B621FB5AF5479894F0E8FD5051F7B278F12383489124DB2251A5A3CF3F1C","False","2026-06-13 21:18:54"
"Website\PlantProcess.Website\playwright.phase7.config.ts","08_Website","Website: PlantProcess.Website","TypeScript Source",".ts","23","1282","1.25","D03727C773492F8CBFE248BC97C3088DEC0CA62E0BDFB13E3CA2DB9D3799864B","False","2026-06-13 14:21:49"
"Website\PlantProcess.Website\postcss.config.cjs","08_Website","Website: PlantProcess.Website","JavaScript Source",".cjs","3","37","0.04","602989928FFB685487FDD33E4C1477FBEF8EE1B7375734616BE5ABB2F922647A","False","2026-05-19 13:58:18"
"Website\PlantProcess.Website\public\brand\plantprocess-iq-engineer-brief.html","08_Website","Website: PlantProcess.Website","Markup / View",".html","171","4852","4.74","24C9BA9EBA4F6397A7027226BB2E88C40E9F30AE1BC8A45FAC670FEA3B5070C1","False","2026-05-21 15:44:43"
"Website\PlantProcess.Website\public\brand\plantprocess-iq-logo.svg","08_Website","Website: PlantProcess.Website","Other Text File",".svg","51","2168","2.12","9BE5A1BF2F72BE934535C277F5F27CBBC9F9D5B2BE8E1115131A77D340BC0E26","False","2026-05-20 08:31:14"
"Website\PlantProcess.Website\public\brand\sou-icon.svg","08_Website","Website: PlantProcess.Website","Other Text File",".svg","50","1743","1.7","3A5683AA1179079537936DD39AB7FCB845369A199DF47807F9D6C4414EAF0DC7","False","2026-05-20 08:19:52"
"Website\PlantProcess.Website\public\brand\sou-logo-horizontal.svg","08_Website","Website: PlantProcess.Website","Other Text File",".svg","40","1813","1.77","7615AB27A735CF534DB633D0086D1B2F609C3923615D370686D72FEA92F3EFBC","False","2026-05-20 08:19:52"
"Website\PlantProcess.Website\public\build-info.json","08_Website","Website: PlantProcess.Website","JSON Configuration",".json","9","297","0.29","BC7627FB8D80BDEDD3C6757E597A8745F3B58FABD5390F7D8DAE9863B705E865","False","2026-06-10 11:30:22"
"Website\PlantProcess.Website\public\favicon.svg","08_Website","Website: PlantProcess.Website","Other Text File",".svg","50","1743","1.7","3A5683AA1179079537936DD39AB7FCB845369A199DF47807F9D6C4414EAF0DC7","False","2026-05-20 08:19:52"
"Website\PlantProcess.Website\scripts\check-http-https.mjs","08_Website","Website: PlantProcess.Website","JavaScript Source",".mjs","27","1391","1.36","EF82AE91A8F952EF27A10A81152CCBBB2A19A8CA0DBF8F8D06E58F49901F9AA6","False","2026-06-13 21:18:54"
"Website\PlantProcess.Website\scripts\check-tagline.mjs","08_Website","Website: PlantProcess.Website","JavaScript Source",".mjs","36","1437","1.4","A3F9FEB214C343B0AA251DFD1FC4B52512E9FEDE6CE387B8D4FD884B626701BA","False","2026-06-13 14:21:47"
"Website\PlantProcess.Website\scripts\phase10-website-e2e.mjs","08_Website","Website: PlantProcess.Website","JavaScript Source",".mjs","123","3312","3.23","E0C731AF11E7B23B74BB1459DF8FEDD3465BADD4251EA79B534FE3847C2B9A56","False","2026-06-03 14:17:09"
"Website\PlantProcess.Website\scripts\PPIQ704-jenkins-stage.note.groovy","08_Website","Website: PlantProcess.Website","Other Text File",".groovy","9","272","0.27","805768B2995A16C1E195A8D1F8A0E81CA1A5BA026782CEB4EF4CF7A0E8BD980D","False","2026-06-15 09:08:53"
"Website\PlantProcess.Website\scripts\static-serve.mjs","08_Website","Website: PlantProcess.Website","JavaScript Source",".mjs","25","1645","1.61","0D2D170288242C744A32A5E9AE06956E8920055D4F37A24236117A794910B223","False","2026-06-13 21:18:54"
"Website\PlantProcess.Website\scripts\validate-phase7-content.mjs","08_Website","Website: PlantProcess.Website","JavaScript Source",".mjs","102","4065","3.97","67047C6E10657CDEF7BA47A0F84606340E0C26B21C059EB4EF8C53A2CBEDC83D","False","2026-06-15 09:08:02"
"Website\PlantProcess.Website\scripts\validate-premium-header.mjs","08_Website","Website: PlantProcess.Website","JavaScript Source",".mjs","41","1810","1.77","E484E63EE794FE0D5CAE0DEC1B865FC82B07980D03B847D5CD98D73CB63803D3","False","2026-07-05 22:12:52"
"Website\PlantProcess.Website\scripts\validate-website-content.mjs","08_Website","Website: PlantProcess.Website","JavaScript Source",".mjs","158","4454","4.35","19D95AC0758CF449740B2D7C418DDD4E11FE50AAC8455025349FD9A837058F33","False","2026-07-03 11:12:04"
"Website\PlantProcess.Website\scripts\website-soak.mjs","08_Website","Website: PlantProcess.Website","JavaScript Source",".mjs","15","837","0.82","A233F97DF0EC31869767BF41367D2ACA038DCB5B8AEC3030544230A97193C085","False","2026-06-13 21:18:54"
"Website\PlantProcess.Website\src\App.tsx","08_Website","Website: PlantProcess.Website","TypeScript Source",".tsx","757","30004","29.3","D2C741A54A0E9C568119C89E436296BF6919A9095B38D3C4BA645334390F839D","False","2026-07-05 22:12:52"
"Website\PlantProcess.Website\src\brand\plantProcessBrand.ts","08_Website","Website: PlantProcess.Website","TypeScript Source",".ts","68","2443","2.39","5505C87C1F0373FB86CC1CA3EEF19FDAD1E94B016C1A79C9BF235A674FB71E4F","False","2026-06-15 09:08:02"
"Website\PlantProcess.Website\src\brand\plantprocess-iq-architecture.svg","08_Website","Website: PlantProcess.Website","Other Text File",".svg","87","5621","5.49","30FD78F1601492C7A58D0C02A49827F0AC05D6D0EA5DFB3B4DCC7C872640FE74","False","2026-05-21 15:44:08"
"Website\PlantProcess.Website\src\brand\tagline.ts","08_Website","Website: PlantProcess.Website","TypeScript Source",".ts","5","330","0.32","1D08140CDBD022AB222E05015FD7C12928AC488FC6C77229A9A2E9D7EE698F37","False","2026-06-13 14:21:47"
"Website\PlantProcess.Website\src\components\brand\sou-brand.css","08_Website","Website: PlantProcess.Website","Stylesheet",".css","165","3398","3.32","F618E83F55ECC98BE077F3E22392E4615CA25E215DE3CFDEE0BF1B7709B8BBDF","False","2026-05-20 08:22:15"
"Website\PlantProcess.Website\src\components\brand\SOUBrand.tsx","08_Website","Website: PlantProcess.Website","TypeScript Source",".tsx","40","993","0.97","3A6793F94F9DC901483ABAC567339A67246D3C820FB05EAF1FC4DC1173F34B22","False","2026-05-20 08:20:58"
"Website\PlantProcess.Website\src\components\BrandProofSection.tsx","08_Website","Website: PlantProcess.Website","TypeScript Source",".tsx","60","1814","1.77","9190DC811282D2C81D93DB7F8E48493999BA1BC3290C4DF1701FACBD54D8611F","False","2026-05-21 15:56:19"
"Website\PlantProcess.Website\src\components\proof\ConnectorHonestyBlock.tsx","08_Website","Website: PlantProcess.Website","TypeScript Source",".tsx","39","1273","1.24","31E7235BF4E12D9BAFD8A0C0C9591C138541B5630434C0C6544372825E094219","False","2026-05-25 11:32:05"
"Website\PlantProcess.Website\src\components\proof\PositioningTruthBlock.tsx","08_Website","Website: PlantProcess.Website","TypeScript Source",".tsx","30","1002","0.98","EE7F4CE0BB1451E83D477B6870C17CF85C05A47307BF0F8864BE0D7E411FA2BF","False","2026-05-25 11:31:45"
"Website\PlantProcess.Website\src\components\proof\PricingLicenseMatrix.tsx","08_Website","Website: PlantProcess.Website","TypeScript Source",".tsx","70","2072","2.02","D0B4AFBD9EA1938C8D2708C1AF8DF48BA8791525BC6CD5F338396492ACE04439","False","2026-07-03 11:12:04"
"Website\PlantProcess.Website\src\components\proof\ProductScreenshotShowcase.tsx","08_Website","Website: PlantProcess.Website","TypeScript Source",".tsx","54","2038","1.99","BCB5DBF1F4F78A20A7D94726D5C354DEE59256DAC4F2273C0A785F9E8A865A04","False","2026-07-03 11:12:04"
"Website\PlantProcess.Website\src\components\proof\RequestDemoForm.tsx","08_Website","Website: PlantProcess.Website","TypeScript Source",".tsx","333","12174","11.89","9D635E54B530537D91575D1A3F6ED8AACA9BC5AE34AA40DF2DADA24A7F759161","False","2026-06-06 10:56:49"
"Website\PlantProcess.Website\src\content\phase1WebsiteProof.ts","08_Website","Website: PlantProcess.Website","TypeScript Source",".ts","173","5883","5.75","366042E5EE0DDE7B883999C92DFB140CD58955BF88167DA5A00B3490A98A08EB","False","2026-07-03 11:12:04"
"Website\PlantProcess.Website\src\content\products\index.generated.ts","08_Website","Website: PlantProcess.Website","TypeScript Source",".ts","10","477","0.47","0BD70478890EE0821BF3B0F82864A51216395089E181E97E8382B8D962A2276A","False","2026-06-13 14:21:43"
"Website\PlantProcess.Website\src\content\products\mes.ts","08_Website","Website: PlantProcess.Website","TypeScript Source",".ts","82","3994","3.9","6BCA2A99D312EDFC8294CF4CBF4153FC3745447A83311EF5BBDDB3E8CFF30A9C","False","2026-06-13 14:21:43"
"Website\PlantProcess.Website\src\content\products\model.ts","08_Website","Website: PlantProcess.Website","TypeScript Source",".ts","22","862","0.84","CE13CE1ADF107BCFE56AE8599DCEBA850204F343E47A64CCAD87F92B957835FE","False","2026-06-13 14:21:43"
"Website\PlantProcess.Website\src\content\products\yardWarehouse.ts","08_Website","Website: PlantProcess.Website","TypeScript Source",".ts","81","4121","4.02","783A8907A702619DE645C4BEE35F0967B811136EA14BB9F6E3F5998F2B7B35B8","False","2026-06-13 14:21:43"
"Website\PlantProcess.Website\src\main.tsx","08_Website","Website: PlantProcess.Website","TypeScript Source",".tsx","14","380","0.37","91F561980AB32C24CB9D737D6B9734B2A587829F19E14EACC0A7E408C579F3D6","False","2026-05-25 11:33:21"
"Website\PlantProcess.Website\src\pages\products\ProductPage.tsx","08_Website","Website: PlantProcess.Website","TypeScript Source",".tsx","182","8292","8.1","797C380D83A90B5D5A4B79835B17362352884FA41807A52A5FDD7A7E74367E06","False","2026-06-13 14:21:43"
"Website\PlantProcess.Website\src\routes\phase7Products.routes.tsx","08_Website","Website: PlantProcess.Website","TypeScript Source",".tsx","23","825","0.81","B7D6E2349DB37FA50DF85DE6F9083FAF1E982A59FF342156DDA0B5F41BC253EE","False","2026-06-13 14:21:43"
"Website\PlantProcess.Website\src\styles\global.css","08_Website","Website: PlantProcess.Website","Stylesheet",".css","838","14549","14.21","643E6523742EFAD3B2DDCC191304F67DA78CF92920159C79268A2D3792EA0954","False","2026-06-03 10:52:14"
"Website\PlantProcess.Website\src\styles\phase10.css","08_Website","Website: PlantProcess.Website","Stylesheet",".css","1061","28719","28.05","E9EFEAA1B27D49FB869622B1CF1C9D31FF6CC0CA5BF952233FF893038CA01514","False","2026-07-05 22:12:52"
"Website\PlantProcess.Website\src\styles\phase1-proof.css","08_Website","Website: PlantProcess.Website","Stylesheet",".css","332","6664","6.51","EBA040524B13D522796BDE8660997935AA3596DC8B926A35C586B04847D253C9","False","2026-05-25 11:32:38"
"Website\PlantProcess.Website\src\vite-env.d.ts","08_Website","Website: PlantProcess.Website","TypeScript Source",".ts","10","239","0.23","5D08CCAD269DC83D8E3746EB7D29108D9267E9DD6ACDD2978CCC878E72777395","False","2026-05-19 13:54:50"
"Website\PlantProcess.Website\tests\e2e\phase7-golive.spec.ts","08_Website","Website: PlantProcess.Website","TypeScript Source",".ts","78","3656","3.57","3A7F205DA15460E5C7E1100883D12EB50148D628BD38FB91B7E62181376A1A3B","False","2026-06-13 21:18:54"
"Website\PlantProcess.Website\tests\e2e\phase7-leadcapture.spec.ts","08_Website","Website: PlantProcess.Website","TypeScript Source",".ts","30","1436","1.4","1C57E70872E196E3D29A7A4666A170B115606D3DC389EECA838BF739BDCB1FE5","False","2026-06-13 19:57:50"
"Website\PlantProcess.Website\tests\e2e\phase7-responsive.spec.ts","08_Website","Website: PlantProcess.Website","TypeScript Source",".ts","58","2368","2.31","BAA489CB10C17261E9D1AE07DD4E1A17A9E5A3E6AC614C8CF72FEB5884E5434D","False","2026-06-13 14:21:49"
"Website\PlantProcess.Website\tsconfig.app.json","08_Website","Website: PlantProcess.Website","JSON Configuration",".json","18","425","0.42","3FAE1FED5D9037880D0AF5EB69F862D0607D75B819FB9C9AB223F185B85A286A","False","2026-06-06 08:36:14"
"Website\PlantProcess.Website\tsconfig.json","08_Website","Website: PlantProcess.Website","JSON Configuration",".json","7","120","0.12","FC3F1CD11CDE0B935F2ED27A2F02E32673318B05D1D11FC97E27DF9DE50C716A","False","2026-06-06 08:36:14"
"Website\PlantProcess.Website\tsconfig.node.json","08_Website","Website: PlantProcess.Website","JSON Configuration",".json","13","259","0.25","66D35EC9378BCBCECBA1C431F4452077DA8FDEC77FA9490FF4742087FC201E98","False","2026-06-06 08:36:14"
"Website\PlantProcess.Website\vite.config.ts","08_Website","Website: PlantProcess.Website","TypeScript Source",".ts","14","246","0.24","37305BCE7EDA48B4893B08CE7D949FB1BE0B15F5AD88D01C3EC4B3D705DBC4E2","False","2026-05-19 13:26:36"
